match_id,pass_id,period,minute,second,team,passer,receiver,start_x,start_y,end_x,end_y,pass_length,progression,p_start_tau3,p_end_tau3,pt_tau3,p_start_tau5,p_end_tau5,pt_tau5,p_start_tau8,p_end_tau8,pt_tau8,nearest_start,nearest_end,n3_start,n3_end,n5_start,n5_end,n8_start,n8_end,passer_under_pressure,receiver_under_pressure,retained5,shot5,shot10,good5
3998854,5c22f79f-0d46-47ed-8baa-265fe7c26927,1,0,3,Portugal Women's,Fátima Alexandra Figueira Pinto,Joana Filipa Gaspar Silva Marchão,47.4,36.3,49.1,6.1,30.24781,-5.89343546009998,0.05848253209349423,0.1280977853377412,0.06961525324424696,0.2594905635348967,0.34493190386871664,0.08544134033381995,0.7038009388207072,0.7267827353352811,0.022981796514573993,9.117262367644187,6.281254881211661,0,0,0,0,0,1,0,0,1,0,0,1
3998854,c23b77d5-7ccc-48f7-9eeb-b9cc2b02a1bf,1,0,6,Portugal Women's,Joana Filipa Gaspar Silva Marchão,Carole da Silva Costa,49.1,6.1,36,21.9,20.524376,-7.340276858135226,0.1280977853377412,0.005629990215114997,-0.12246779512262619,0.34493190386871664,0.06606292238029277,-0.2788689814884239,0.7267827353352811,0.306643504476333,-0.42013923085894817,6.281254881211661,16.407092819965506,0,0,0,0,1,0,0,0,1,0,0,1
3998854,2c834ac0-c8e1-4472-be07-64a598282793,1,0,9,Portugal Women's,Carole da Silva Costa,Diana Catarina Ribeiro Gomes,37,24.8,36.2,52.4,27.611591,-0.3321253490613998,0.009451017986641129,0.0023730042655197223,-0.007078013721121407,0.0842838462119933,0.035594593190449816,-0.04868925302154348,0.323466867173545,0.1714307285294737,-0.1520361386440713,14.53766100932808,19.328751731222862,0,0,0,0,0,0,0,0,1,0,0,1
3998854,43c51673-a0ac-4f44-b1b7-98ae5555f018,1,0,12,Portugal Women's,Diana Catarina Ribeiro Gomes,Catarina Amado,36.2,55,50.2,76,25.23886,6.595027342579968,0.002630675775614443,0.018151022465549768,0.015520346689935325,0.036139958126689437,0.11960983561603392,0.08346987748934448,0.1677608199329641,0.3681971562042252,0.20043633627126112,18.503521827039517,13.037765404070566,0,0,0,0,0,0,0,0,1,0,0,1
3998854,de6afb2b-adf9-4b98-ac04-f2048ad12280,1,0,14,Portugal Women's,Catarina Amado,Diana Catarina Ribeiro Gomes,50.2,75.5,39.4,67.9,13.206059,-6.983322787474563,0.08174504799187039,0.007630140080493638,-0.07411490791137676,0.26955750909682363,0.08328675766509877,-0.18627075143172486,0.5942635394477874,0.32902352185609995,-0.26524001759168747,7.814731294556248,16.846244435561967,0,0,0,0,1,0,0,0,1,0,0,1
3998854,9819425d-d533-46fd-9798-3ba0200f84a2,1,0,17,Portugal Women's,Diana Catarina Ribeiro Gomes,Carole da Silva Costa,39.8,65.7,34.9,32.6,33.460724,-1.203973444923946,0.00921660249007025,0.0036412754181511142,-0.005575327071919137,0.09393680782562941,0.04594221589666822,-0.04799459192896119,0.3581130090084173,0.22561551472103789,-0.13249749428737942,16.709155781700026,17.1868828567673,0,0,0,0,0,0,0,0,1,0,0,1
3998854,9243789a-6f5a-4e99-914d-0157cf81954f,1,0,20,Portugal Women's,Carole da Silva Costa,Joana Filipa Gaspar Silva Marchão,34.7,31.4,50.8,3.6,32.125534,7.542919239470976,0.005880704472502735,0.08887591095406094,0.08299520648155821,0.06151667534476066,0.2849289435043098,0.22341226815954915,0.27660575977632074,0.6495192343667534,0.37291347459043267,15.748118224660447,7.521522513731399,0,0,0,0,0,1,0,0,1,0,0,1
3998854,8260fc95-c05e-4ce4-b83e-93755a4b894a,1,0,25,Portugal Women's,Joana Filipa Gaspar Silva Marchão,Fátima Alexandra Figueira Pinto,56.3,4.6,61.4,11.2,8.340863,7.580862421489485,0.5997447535373414,0.9223963425220179,0.3226515889846765,0.9317857775523126,1.2327459746711993,0.30096019711888666,1.4026980517617693,1.7686855241096218,0.36598747234785245,1.8748008859741288,0.517226235901659,1,1,1,1,1,1,0,1,1,0,0,1
3998854,b5bfaf78-1a4b-469a-9bda-e0b5fef67f82,1,0,27,Portugal Women's,Fátima Alexandra Figueira Pinto,Joana Filipa Gaspar Silva Marchão,56.9,7.8,50.4,5.5,6.8949256,-6.840445779876589,0.8878941478789979,0.19522668836982177,-0.6926674595091762,1.2819075564334166,0.5462692273231019,-0.7356383291103147,1.811215399876138,1.0745233213412226,-0.7366920785349154,1.150618858542592,6.059156862146604,1,0,2,0,2,1,1,0,1,0,0,1
3998854,acd03af1-025b-4a0f-99ee-22bc9d349e10,1,0,29,Portugal Women's,Joana Filipa Gaspar Silva Marchão,Tatiana Vanessa Ferreira Pinto,51,4.8,57.6,3.8,6.675328,5.31978373100803,0.7820209841862761,0.6631756512454806,-0.11884533294079547,1.1617238940329488,1.075276060057543,-0.08644783397540579,1.683233272564671,1.6239997386642502,-0.059233533900420854,1.277116554768384,1.7892654184980255,1,1,1,1,2,2,1,1,1,0,0,1
3998854,43723c55-7ecb-48f7-acc4-60d4f2464261,1,0,43,Belgium Women's,Justine Vanhaevermaet,Jassina Blom,85.8,42.8,98.8,59.2,20.927494,5.712330627023594,0.781544423628437,0.15196978954551868,-0.6295746340829184,1.7821106044378836,0.5442920541235362,-1.2378185503143473,3.1577936997597162,1.3451757376193358,-1.8126179621403804,2.8244608735694468,6.718456146920342,1,0,1,0,3,1,0,0,0,1,1,1
3998854,fc3badda-27b0-403c-bf6c-3a97e5811542,1,0,47,Belgium Women's,Jassina Blom,Justine Vanhaevermaet,96.5,56.8,109.1,43.3,18.466455,17.498949784819338,0.7809633732112758,0.6912795905343169,-0.08968378267695898,1.5559260138039568,1.648443371810993,0.0925173580070362,2.6364889792670088,2.9716074887600787,0.33511850949307,2.1813995254887817,3.740696434961163,1,0,1,1,2,3,0,0,0,1,1,1
3998854,394002f9-a2e8-4294-98ed-d51721363704,1,0,57,Portugal Women's,Catarina Amado,Diana Catarina Ribeiro Gomes,23,74.7,14.9,60,16.78392,-3.9661746693127924,0.13291441518108343,0.002971161875263145,-0.1299432533058203,0.3035936132225145,0.03877920863230401,-0.2648144045902105,0.5168078161833497,0.16785198014051028,-0.3489558360428394,6.05775436693764,18.28092080078562,0,0,0,0,1,0,0,0,1,0,0,1
3998854,5a09b27d-82e7-4d0b-83d5-7c368fba3e51,1,0,59,Portugal Women's,Diana Catarina Ribeiro Gomes,Francisca Ramos Ribeiro Nazareth Sousa,16.4,58.8,41.9,59.6,25.512547,24.770114616985808,0.0038928688993325406,0.9106023498991755,0.906709480999843,0.052072918894220915,1.5745386798193586,1.5224657609251377,0.2317935916157133,2.2974412903079195,2.065647698692206,18.08837957209687,2.135426146461076,0,1,0,2,0,3,0,0,1,0,0,1
3998854,b057b40d-d340-4d09-a437-11aac175fd0f,1,1,2,Portugal Women's,Francisca Ramos Ribeiro Nazareth Sousa,Catarina Amado,44.7,66.7,42.1,77.1,10.720075,-6.389816173003794,1.187151451604498,0.05860687470675784,-1.1285445768977402,1.804264648331914,0.310396543624733,-1.4938681047071811,2.457096106108746,0.8285360820952528,-1.6285600240134934,1.5616810638290377,10.76770592845121,2,0,2,0,4,0,1,0,0,0,0,0
3998854,ddd1c68f-89c5-4aa1-98a5-105b1de6f0b0,1,1,5,Portugal Women's,Catarina Amado,Diana Catarina Ribeiro Gomes,41.9,77.1,27,71.1,16.062689,-11.59829519099597,0.1054933061751917,0.004223591165045706,-0.10126971501014599,0.41493002841862786,0.065194381654193,-0.34973564676443486,0.9764788933174654,0.3313347674365369,-0.6451441258809285,8.201385771780144,18.237125112845085,0,0,0,0,0,0,0,0,1,0,0,1
3998854,dde727ed-2779-4624-8391-7c2dcea03602,1,1,31,Portugal Women's,Catarina Amado,Francisca Ramos Ribeiro Nazareth Sousa,86.1,77.1,84.8,70.4,6.824954,3.745333025529362,0.22945615607816094,0.5378862507981094,0.3084300947199484,0.655653199416771,1.2796128312426382,0.6239596318258672,1.3724876979118652,2.2828551302329427,0.9103674323210775,5.587825089169037,4.136360831205492,0,0,0,1,1,2,0,0,1,0,0,1
3998854,00381802-3df2-4a04-ab8e-1695c4c535b2,1,1,33,Portugal Women's,Francisca Ramos Ribeiro Nazareth Sousa,Joana Filipa Gaspar Silva Marchão,85.2,70.2,68.4,41.6,33.169262,-5.547907985429937,0.9616506248662978,0.012388553773146035,-0.9492620710931517,1.7545103347550601,0.12122221635223025,-1.6332881184028298,2.7195540597552466,0.5112766981148662,-2.2082773616403806,2.7187127020001474,14.431050284079578,1,0,2,0,3,0,0,0,1,0,0,1
3998854,00869ace-9e9d-4ff8-9f39-b767e6b1d9e5,1,1,37,Portugal Women's,Joana Filipa Gaspar Silva Marchão,Tatiana Vanessa Ferreira Pinto,70.8,35.2,79,30.8,9.305912,7.414072543925229,0.03597871026369896,0.20318389097814046,0.16720518071444151,0.24563861187646105,0.5908159833447231,0.345177371468262,0.8376056635280089,1.379380689564613,0.5417750260366041,12.239267240692971,5.214155466303992,0,0,0,0,0,1,0,0,1,0,0,1
3998854,9726d997-e713-4d54-ac01-1117654a3957,1,1,39,Portugal Women's,Tatiana Vanessa Ferreira Pinto,Joana Filipa Gaspar Silva Marchão,78.6,30.8,74.8,29.6,3.9849718,-3.971126101647336,0.2031839714365023,0.10181452797210604,-0.10136944346439626,0.5908161108775393,0.41423254244619795,-0.17658356843134132,1.3793808569436563,1.108309981546603,-0.2710708753970532,5.214154249309856,7.769509645335976,0,0,0,0,1,1,0,0,1,0,0,1
3998854,00114e3e-5931-40d4-926a-20a9b0585679,1,1,41,Portugal Women's,Joana Filipa Gaspar Silva Marchão,Carole da Silva Costa,76.5,29.2,63.1,33.5,14.073024,-12.44941942137018,0.25578009743746327,0.05774469274809897,-0.1980354046893643,0.7275018105250651,0.2850337627203861,-0.442468047804679,1.5429982157046047,0.8131939915714863,-0.7298042241331184,6.337581992984002,9.655465974715884,0,0,0,0,2,0,0,0,1,0,0,1
3998854,9d143167-2147-4114-9c04-b808b15504e2,1,1,43,Portugal Women's,Carole da Silva Costa,Catarina Amado,63.1,34.5,78.8,73.6,42.134308,4.001301679169373,0.14834347336616832,0.022239302337640866,-0.12610417102852745,0.4584149205048485,0.12353784102841103,-0.33487707947643747,1.0203485756904236,0.418389325281298,-0.6019592504091256,6.386852502002801,11.526641561550193,0,0,0,0,1,0,0,0,1,0,0,1
3998854,184d55a2-e19c-47ef-9421-47518739c61c,1,2,30,Belgium Women's,Justine Vanhaevermaet,Jassina Blom,55.9,46.6,65.7,50.3,10.475209,9.170630872801517,1.0127848831452682,0.5199627067470302,-0.492822176398238,1.5886064221920215,1.3175635916575767,-0.2710428305344448,2.331929572179886,2.406365322746024,0.07443575056613838,0.9560406153177423,4.141337304034972,1,0,1,1,3,2,1,0,1,0,1,1
3998854,9d73ff3d-639b-4c9c-a5cf-2bb3000b9064,1,2,32,Belgium Women's,Jassina Blom,Jill Janssens,65.3,52.3,106.9,70.6,45.447224,22.779670816196862,0.9452482652224382,0.30606788467189255,-0.6391803805505456,1.7542466398657182,0.5400219375677542,-1.214224702297964,2.778321016354174,0.9040666268268509,-1.8742543895273232,2.115594005512024,3.5841530287456984,1,0,2,1,3,1,0,0,0,1,1,1
3998854,495be6db-1da2-4744-9da2-4729525b7610,1,2,36,Belgium Women's,Jill Janssens,Tessa Wullaert,109.7,70.4,111.1,47,23.441843,20.774522219369338,0.30606808001705654,1.3511917025795914,1.0451236225625349,0.5400221376803382,1.9601942434523136,1.4201721057719754,0.9040668248729452,2.726930167085666,1.8228633422127207,3.584151103387209,1.2399070759866042,0,2,1,2,1,3,0,1,0,1,1,1
3998854,6c7ac89b-2619-4898-8c6d-5f73ca6dc289,1,4,35,Portugal Women's,Joana Filipa Gaspar Silva Marchão,Ana Ines Palma Capeta,69.5,21,82.4,5.3,20.31994,2.7910711980302523,0.24399685559045728,0.3767889357284114,0.1327920801379541,0.4851689397081777,0.6438423294732482,0.15867338976507045,0.8936045522937074,1.0941916675838792,0.2005871152901718,4.2809454307944375,3.0082049821640067,0,0,1,1,1,1,0,0,1,0,0,1
3998854,0341a19f-82ca-4e35-95ae-1784ebb38731,1,6,18,Portugal Women's,Francisca Ramos Ribeiro Nazareth Sousa,Joana Filipa Gaspar Silva Marchão,117.7,73.6,106.4,70,11.859595,0.739897236433535,0.2559555344938465,0.5481747227009318,0.2922191882070853,0.46850769244509305,0.9379483803426176,0.4694406878975246,0.7786442073348447,1.4577457186441831,0.6791015113093384,4.108120660408285,3.0858127110983915,0,0,1,2,1,2,0,0,0,1,1,1
3998854,efde362b-3555-4f65-95c2-d3ceaf87acb6,1,6,20,Portugal Women's,Joana Filipa Gaspar Silva Marchão,Diana Micaela Abreu de Sousa e Silva,106.4,70,109,39.2,30.909546,21.90967845849449,0.5481747227009318,2.4986249422780213,1.9504502195770894,0.9379483803426176,3.8481522342276486,2.9102038538850312,1.4577457186441831,5.205030407519838,3.747284688875655,3.0858127110983915,0.8331414023316409,0,2,2,5,2,7,0,0,0,1,1,1
3998854,39ccc050-b77b-4ea9-ad82-5c8c7d775ee4,1,6,44,Belgium Women's,Sari Kees,Laura Deloose,8.8,33,35.3,4.8,38.697414,19.696989953227103,0.4864988523350269,0.0005764056553719801,-0.4859224466796549,0.6634041410263772,0.011839899871444995,-0.6515642411549323,0.8355584155505417,0.06938915889281846,-0.7661692566577232,2.167280992811542,22.391885555282546,1,0,1,0,1,0,0,0,1,0,0,1
3998854,fe02b9e5-0ae9-4532-a9df-9af1f59701e8,1,6,53,Belgium Women's,Jarne Teulings,Jill Janssens,51.9,42.8,70.3,76.5,38.39596,6.494421086124007,0.06900795625402587,0.005173260069326077,-0.0638346961846998,0.36159291030668583,0.06213580113360315,-0.29945710917308266,1.0283727813023718,0.29933820311175635,-0.7290345781906153,10.603426766998703,17.00593510600823,0,0,0,0,0,0,0,0,1,0,0,1
3998854,7b14c379-01ba-41ae-89e1-5a1b76c35291,1,7,0,Belgium Women's,Jarne Teulings,Jill Janssens,77.6,66.1,91,76.5,16.96231,3.171126348506938,0.3487833193035847,0.13560776000612623,-0.21317555929745846,0.892754622093282,0.43995046247797637,-0.4528041596153057,1.731992881045518,1.0100324816300366,-0.7219603994154815,4.762077773684992,6.892586188717509,0,0,1,0,2,1,0,0,1,0,0,1
3998854,148fb7d4-1692-47f3-af0a-c2f29dcca7dd,1,7,11,Portugal Women's,Tatiana Vanessa Ferreira Pinto,Patricia Isabel Sousa Barros Morais,18.3,25.5,3.3,37.5,19.209373,-13.99829792731731,0.9444909317002396,0.07965829065346047,-0.864832641046779,1.565615998986781,0.2767107128722531,-1.288905286114528,2.3562958430029313,0.6667260901363465,-1.6895697528665847,1.3139119617481072,7.799837791843753,1,0,1,0,3,1,1,1,1,0,0,1
3998854,13c1384d-3c7d-4ff9-89a7-bc10fa9e953b,1,7,18,Belgium Women's,Tessa Wullaert,Sari Kees,73.8,39.2,51.3,39.2,22.5,-22.49773188735346,1.0242077490405452,0.2957486259464661,-0.7284591230940791,1.5953865340573234,0.6430973707345095,-0.952289163322814,2.511544535765622,1.1674817690473844,-1.3440627667182374,0.7015511926186704,3.9945811731568375,1,0,1,1,2,1,1,0,1,0,0,1
3998854,72e41940-6a29-4ffa-8bf7-061266756cc9,1,7,21,Belgium Women's,Sari Kees,Amber Tysiak,51.3,39.2,44.4,57.6,19.651209,-8.916988690256417,0.2957486259464661,0.05856014190860139,-0.23718848403786472,0.6430973707345095,0.2412531519818663,-0.40184421875264315,1.1674817690473844,0.5990996990912366,-0.5683820699561478,3.9945811731568375,9.241672953626015,0,0,1,0,1,0,0,0,1,0,0,1
3998854,18091941-7d23-4d28-953c-7b91679188c4,1,7,25,Belgium Women's,Amber Tysiak,Jill Janssens,42.7,70.8,63.4,77.9,21.883783,15.092830374420004,0.5648862932580785,0.27070567325721506,-0.2941806200008634,0.7844438656284184,0.5482921603254727,-0.2361517053029457,1.1183086249845204,1.0041214996708827,-0.11418712531363773,1.762017432095508,4.030508990937721,1,0,1,1,1,1,0,0,1,0,0,1
3998854,fc8fabcc-2a10-4d77-8d07-806e61a9d60a,1,7,33,Belgium Women's,Justine Vanhaevermaet,Jarne Teulings,64.6,77.3,68.5,78.7,4.14367,2.366572510859001,0.6599794628336314,0.5987413383684073,-0.06123812446522414,1.2615033070137305,1.236307345059893,-0.025195961953837553,2.0684955634830535,2.044789542258793,-0.023706021224260354,2.918270711652504,3.6318428902942252,1,0,2,2,2,3,1,0,0,0,0,0
3998854,802fc679-3472-4334-a7cd-b8490e65c7a9,1,7,50,Belgium Women's,Jill Janssens,Jarne Teulings,71.2,75.3,68.7,77.9,3.6069376,-3.552679069975163,0.9318519838098959,0.323942861736762,-0.6079091220731339,1.4624135226538337,0.8267259015816362,-0.6356876210721976,2.224041558950571,1.6225766233407197,-0.6014649356098511,0.8925904277010288,5.107812044177029,1,0,1,0,2,2,0,0,0,0,0,0
3998854,53763c6e-4eaf-40c3-bf70-6b3ad3d4159b,1,8,3,Belgium Women's,Jarne Teulings,Sari Kees,77,75.7,55.7,67.6,22.788155,-14.085017203924913,0.6596070181550849,0.19847502027238526,-0.46113199788269965,1.046216134912639,0.4778564886643833,-0.5683596462482559,1.6581855288527216,0.9243345176163501,-0.7338510112363715,1.5447266312636663,5.1042829589370795,1,0,1,0,1,1,1,0,1,0,0,1
3998854,04d983e5-3c88-41cd-8b58-939cc4731d2e,1,8,6,Belgium Women's,Sari Kees,Justine Vanhaevermaet,63.6,77.4,86,71.8,23.089392,21.120003548580563,0.8042058552332283,0.714152437225129,-0.0900534180080993,1.2688826300415832,1.2125619151665488,-0.05632071487503443,1.874520630698607,1.9426832882119331,0.06816265751332606,1.6624883734546254,1.8135067278987012,1,1,2,1,2,2,0,1,0,0,0,0
3998854,6eb79906-3913-453d-a770-6c36ce1b3e9f,1,8,7,Belgium Women's,Justine Vanhaevermaet,Jill Janssens,85.8,71.8,84.6,77.9,6.2169123,-5.161171459745958,0.7141520048275939,0.2403843797519189,-0.473767625075675,1.2125617252462924,0.6850443732690696,-0.5275173519772227,1.942683315838173,1.4857854932150625,-0.4568978226231106,1.8135097555299962,5.140166012788026,1,0,1,0,2,1,1,0,0,0,0,0
3998854,7394b15f-9c4e-4331-9538-e3992802a2b3,1,8,21,Belgium Women's,Jarne Teulings,Sari Kees,70.1,75.5,48.4,57.2,28.386265,-12.397580824073472,0.3437520648499024,0.021043428059798464,-0.3227086367901039,0.667633770309452,0.1374235594703304,-0.5302102108391217,1.2121101254926716,0.45304198054759226,-0.7590681449450793,3.3898496773160023,12.130669332624587,0,0,1,0,1,0,0,0,1,0,0,1
3998854,6cdd272f-d474-4941-b4ce-64ffec767afa,1,8,25,Belgium Women's,Sari Kees,Janice Cayman,48,51.9,50,24.7,27.27343,1.3242126240691476,0.16521163221786755,0.18290745828087165,0.0176958260630041,0.41425729697974956,0.4022869161038108,-0.011970380875938769,0.8228505526988416,0.6971784763112724,-0.12567207638756916,5.601509398128524,5.194924414731028,0,0,0,0,1,1,0,0,1,0,0,1
3998854,538277ca-870c-4412-8260-47615d31ad72,1,10,15,Portugal Women's,Fátima Alexandra Figueira Pinto,Joana Filipa Gaspar Silva Marchão,49.1,53.3,60.5,21.4,33.8758,9.797201980525394,0.06444601479846229,0.009510160472418705,-0.05493585432604359,0.3024125592024183,0.08909308167296977,-0.21331947752944852,0.8223523148234556,0.3620580124125609,-0.4602943024108947,9.037872999969006,15.79273842824737,0,0,0,0,0,0,0,0,1,0,0,1
3998854,6ebafeb8-bf94-4538-a82d-bf55d6a5cb0e,1,10,18,Portugal Women's,Joana Filipa Gaspar Silva Marchão,Andreia Alexandra Norton,66.2,19.3,78,35.2,19.800253,15.371465113380808,0.08324378652653622,0.8559424694858391,0.7726986829593029,0.2954578712338535,1.4263668452648783,1.130908974031025,0.7422708818572558,2.3701851920839063,1.6279143102266507,7.796692855054963,1.093297562701625,0,1,0,1,1,2,0,1,1,0,0,1
3998854,1c2cbae8-9af7-4deb-9ef7-33b2fc6e7f17,1,10,23,Portugal Women's,Andreia Alexandra Norton,Catarina Amado,77.6,43.4,85,70.6,28.18865,-3.9543268093508743,0.5804046629046178,0.024444641351583415,-0.5559600215530344,1.2214458177858132,0.15998055201130318,-1.06146526577451,2.180685312917384,0.5410452784247961,-1.6396400344925879,2.9662318249337227,11.828076922400415,1,0,1,0,3,0,0,0,0,0,0,0
3998854,37974ed6-a5f5-4e19-9be6-c52f6a0ca4b6,1,10,30,Belgium Women's,Mariam Abdulai Toloba,Laura Deloose,21.5,28.2,20.2,20.5,7.808969,-2.482932320688235,1.055236002594219,0.47174993932492715,-0.5834860632692918,1.550006940156782,1.046412274988489,-0.503594665168293,2.334846605350468,1.8249216089601155,-0.5099249963903527,0.41994117247090085,3.8971280291527903,1,0,1,1,2,3,1,0,1,0,0,1
3998854,11188524-9626-42fe-b0f4-8bd518e3f087,1,11,25,Belgium Women's,Tessa Wullaert,Jassina Blom,78.4,67.2,71,50.5,18.266088,-0.40925510703822,1.0900874979019801,0.2299530099065995,-0.8601344879953806,1.8779421959974154,0.7357192424404091,-1.1422229535570063,2.7744677382555034,1.5664975940239294,-1.207970144231574,1.7366868151485046,5.949035159205497,1,0,3,0,4,1,1,0,1,0,0,1
3998854,e47ba16e-35ad-4654-9659-ce38b26668b7,1,11,28,Belgium Women's,Jassina Blom,Laura Deloose,71,50.5,85.4,4.8,47.915028,0.7544969437937468,0.5189489871512198,0.018975092874833812,-0.49997389427638605,1.1527425161851594,0.1279331155767101,-1.0248094006084494,2.1525591480462056,0.4202923761712403,-1.7322667718749654,2.831058519470195,12.99466350107122,1,0,1,0,1,0,0,0,1,0,0,1
3998854,1cf778be-f841-40af-bbed-9d3a044fdd9c,1,11,36,Belgium Women's,Laura Deloose,Janice Cayman,94.7,5.8,83.5,7.1,11.275194,-6.598268586834948,0.7649693181431106,0.013530851152570664,-0.75143846699054,1.0779340591074849,0.11934379288619242,-0.9585902662212924,1.5577997515760909,0.49109209380940533,-1.0667076577666856,1.137526122008923,13.677734758905851,1,0,1,0,2,0,1,0,1,0,0,1
3998854,df17a8a7-83f7-4918-8355-bcccebae36e9,1,11,39,Belgium Women's,Janice Cayman,Sari Kees,82.7,7.9,64.2,27.9,27.244265,-7.8860763700285545,0.3020440489370458,0.012554003731573078,-0.2894900452054727,0.6115302429009342,0.10484408181916217,-0.506686161081772,1.1904861162298492,0.38199931066216375,-0.8084868055676855,3.722740752203276,14.916095672584557,0,0,1,0,1,0,0,0,1,0,0,1
3998854,ecea0cd7-3f24-475a-9331-b091f4bafe8b,1,11,43,Belgium Women's,Sari Kees,Jarne Teulings,63.8,34.1,78.9,69.8,38.762096,5.742225971187253,0.027510575273812878,0.051646274895282465,0.024135699621469588,0.1637183250687479,0.24728910995405243,0.08357078488530453,0.4816562367324954,0.7090278301995626,0.2273715934670672,12.231426803375596,9.611666696081858,0,0,0,0,0,0,0,0,1,0,0,1
3998854,083dba0d-b5a4-49c8-916a-e53f46b64516,1,11,46,Belgium Women's,Jarne Teulings,Jill Janssens,79.1,69.8,92.2,78.3,15.616017,3.2790558823674445,0.2657293111660611,0.11399079854902915,-0.15173851261703192,0.5928654843009382,0.33424234366330224,-0.258623140637636,1.1531574570450576,0.7468564275004355,-0.4063010295446221,4.3099715306357345,6.759727659823698,0,0,1,0,1,1,0,0,1,0,0,1
3998854,ed8e0c87-54ba-4627-bb6f-2bdf5dbcb13f,1,11,49,Belgium Women's,Jill Janssens,Jarne Teulings,91.2,77.3,89.6,70.8,6.6940274,3.8487626930639536,0.4982901260039766,0.38395469449205344,-0.11433543151192316,0.8189020577861424,0.8363226297098799,0.01742057192373747,1.3017410919884198,1.5240470361552134,0.2223059441667936,2.3816923506630436,4.081228777636322,1,0,1,1,1,2,0,0,0,0,0,0
3998854,bdb7a45c-be13-4158-b55a-a5604d19600b,1,11,50,Belgium Women's,Jarne Teulings,Jill Janssens,89.6,70.8,106.7,72.5,17.184296,8.15976614455947,0.38395469449205344,0.5181223221507514,0.13416762765869794,0.8363226297098799,0.8247338338710166,-0.011588795838863297,1.5240470361552134,1.2691236500662417,-0.2549233860889717,4.081228777636322,2.2400279176597753,0,1,1,1,2,1,0,0,0,0,0,0
3998854,e69822f9-a61a-4364-ac52-85f103b42483,1,12,11,Portugal Women's,Diana Catarina Ribeiro Gomes,Joana Filipa Gaspar Silva Marchão,21.7,52.6,28.7,10.5,42.67798,3.1566481923703407,0.009403084580125926,0.005013591062943739,-0.004389493517182186,0.09410445643562784,0.05063913133855441,-0.04346532509707343,0.3443558652986104,0.21218468290654624,-0.13217118239206416,16.734511126991592,16.15866508029503,0,0,0,0,0,0,0,0,1,0,0,1
3998854,55a81e19-6172-4e8a-8b56-78f2be573508,1,12,15,Portugal Women's,Joana Filipa Gaspar Silva Marchão,Carole da Silva Costa,31.3,11.4,28.5,21.4,10.384604,-0.17452064035887815,0.015841127039651764,0.007233196317567272,-0.008607930722084493,0.10011941157253754,0.07476875657493619,-0.02535065499760135,0.318264919233709,0.30148717619074933,-0.016777743042959647,12.696750899848082,15.910901221582197,0,0,0,0,0,0,0,0,1,0,0,1
3998854,2624eca8-83ad-438d-93bd-bd9f2a993261,1,12,18,Portugal Women's,Carole da Silva Costa,Fátima Alexandra Figueira Pinto,32.5,26.3,34.3,36.3,10.160708,2.7861861121388074,0.03159914648206459,0.04859466590994419,0.0169955194278796,0.18953870205603368,0.2546798772938588,0.06514117523782514,0.5846625491212903,0.7074734360573425,0.12281088693605213,11.10533922798629,10.832887991256218,0,0,0,0,0,0,0,0,1,0,0,1
3998854,36cd8131-cd6d-4ee8-8c89-434eeacbb43f,1,12,38,Belgium Women's,Mariam Abdulai Toloba,Laura Deloose,43.6,14.8,47.8,4.1,11.4947815,-0.18406825480305145,0.5062034409187063,0.3027724970234351,-0.20343094389527117,0.8732065160136578,0.5584925028441763,-0.31471401316948155,1.40181663975955,0.9066075747092136,-0.49520906505033635,2.3789611391930205,3.685927621332693,1,0,1,1,1,1,1,0,0,0,0,0
3998854,363c458b-a0d6-4c61-91ef-687f84a310b7,1,13,10,Belgium Women's,Laura Deloose,Tessa Wullaert,65.3,4.1,77.8,3.3,12.525574,9.502475055051491,0.3368649722488981,0.8057655606239315,0.46890058837503334,0.7513045487296122,1.2654256438349452,0.514121095105333,1.4383021912169667,1.9323649839089383,0.4940627926919716,3.7267806428956,1.1734093982700675,0,1,1,1,1,2,0,1,0,0,0,0
3998854,c8617947-e80e-45d2-b704-303ea261fd54,1,13,55,Portugal Women's,Carole da Silva Costa,Diana Catarina Ribeiro Gomes,35.5,33.7,36.2,50.5,16.814577,0.2792721860070202,0.028247169970349408,0.01891490361000186,-0.00933226636034755,0.1668402721235275,0.13165273850071862,-0.03518753362280888,0.4925141622142476,0.42040760320009163,-0.07210655901415597,11.90427811066524,12.90217858777765,0,0,0,0,0,0,0,0,1,0,0,1
3998854,4320b107-20e6-469c-a98f-0ebdb1cb5970,1,14,0,Portugal Women's,Diana Catarina Ribeiro Gomes,Catarina Amado,42.3,56,41.7,76.8,20.808653,-7.186386753135878,0.4119786424079392,0.14943897300652736,-0.2625396694014118,0.6730430867046454,0.36021203860465617,-0.31283104809998924,1.0174715575689997,0.6481130930133714,-0.36935846455562826,2.762499905320233,5.828068864547347,1,0,1,0,1,1,0,0,0,0,0,0
3998854,5b958118-3c1a-4e80-89b5-f1b7a2f7820a,1,14,2,Portugal Women's,Catarina Amado,Andreia Alexandra Norton,41.7,76.6,50.4,77.3,8.728115,7.466899389226498,0.5366777522751798,0.883800143628834,0.3471223913536542,0.7642586672315849,1.1975297918481844,0.43327112461659956,1.073722874468034,1.675207723827713,0.6014848493596789,1.9261629685019646,0.6437628533658449,1,1,1,1,1,1,0,1,0,0,0,0
3998854,d3270f94-819a-45a0-9c9c-e002712f4d18,1,14,41,Belgium Women's,Laura Deloose,Jill Janssens,20.4,8.7,28.9,54.9,46.975418,12.091892271066598,0.3103955172723265,0.015807412085391777,-0.29458810518693473,0.6719731082278549,0.12002155866799308,-0.5519515495598619,1.1793811338336475,0.39576069422114796,-0.7836204396124995,3.9513709604650256,14.19664348308878,0,0,1,0,1,0,0,0,0,0,0,0
3998854,88f4d850-0055-4790-b196-56d4bb124b07,1,14,54,Belgium Women's,Jill Janssens,Lisa Lichtfus,14.1,50.1,2.8,42.8,13.452881,-10.852898993864912,0.5965199786859252,0.12475065847949668,-0.47176932020642853,1.1643518992561466,0.35249922843826637,-0.8118526708178802,1.7816004799679592,0.7251309339911294,-1.0564695459768298,4.0583804037466615,6.498646505716522,0,0,2,0,3,1,0,1,1,0,0,1
3998854,2175e6dd-1e00-4cec-8a24-d7b8e013ec18,1,14,55,Belgium Women's,Lisa Lichtfus,Janice Cayman,2.8,42,15.1,21.3,24.07862,10.663321295485758,0.12475065920548845,0.006226317415096571,-0.11852434179039187,0.3524992270974214,0.0684663055023638,-0.28403292159505755,0.7251309284766811,0.2745867759746714,-0.45054415250200974,6.498646466203796,16.41681344401377,0,0,0,0,1,0,1,0,1,0,0,1
3998854,112f0eab-3eea-49c3-8c55-4ed5c7dd4fac,1,14,58,Belgium Women's,Janice Cayman,Laura Deloose,19.4,18.1,37.7,3,23.725513,12.721517135021472,0.008374317792142854,0.016203636741035456,0.007829318948892602,0.07776666793427925,0.09077551511996229,0.013008847185683042,0.29016860688061585,0.2753250569641364,-0.01484354991647946,15.156624141384476,12.400779959647025,0,0,0,0,0,0,0,0,1,0,0,1
3998854,556fc9a9-df5d-4b23-95e4-799e4829f89b,1,15,2,Belgium Women's,Laura Deloose,Janice Cayman,37.5,5.6,30,7.1,7.648529,-6.44027401832173,0.7238316303846916,0.3314216054553098,-0.39241002492938176,0.9007743559377868,0.650757769364388,-0.25001658657339876,1.188419752989406,1.1117272747678915,-0.07669247822151459,1.0092925461072682,3.6881138681119063,1,0,1,1,1,1,1,0,1,0,0,1
3998854,e0bdfdeb-c221-41b4-8265-027a27aec3d5,1,15,4,Belgium Women's,Janice Cayman,Jassina Blom,30.2,5.4,41.9,6.7,11.772,11.332243022375906,0.39764850866041274,1.3214482497721574,0.9237997411117447,0.7801568649102744,1.8694026277378373,1.089245762827563,1.3209322735874176,2.4687259458818707,1.147793672294453,3.391929494040009,0.5616364044548574,0,1,1,2,1,3,0,1,0,0,0,0
3998854,a904f3ec-149d-4fa2-b225-818e7e0e732f,1,15,21,Belgium Women's,Laura Deloose,Lisa Lichtfus,23,10.1,4.1,40.6,35.88119,-14.39780927925895,0.17087206958593526,0.04866571170256861,-0.12220635788336665,0.47681521189738346,0.17740403815266897,-0.2994111737447145,0.9686161587413498,0.4265747122602265,-0.5420414464811233,5.874377220549867,9.10737776965695,0,0,0,0,1,0,0,0,1,0,0,1
3998854,59379745-032a-47e9-be1c-655283049ea6,1,15,25,Belgium Women's,Lisa Lichtfus,Amber Tysiak,4.1,41.3,20,57.6,22.770596,14.370302204301339,0.1548637149565353,0.09614828369521777,-0.058715431261317536,0.351089670846728,0.35131588244269707,0.00022621159596908358,0.6421447232486439,0.7720963769031667,0.12995165365452277,5.625342440774104,8.661046952633805,0,0,0,0,1,0,1,0,1,0,0,1
3998854,b5a3f654-b711-482e-b2c7-b4271c171064,1,15,27,Belgium Women's,Amber Tysiak,Jill Janssens,21.5,59.2,29.2,77.9,20.223253,1.961497106127709,0.259624295289527,0.1589101398008296,-0.10071415548869742,0.5569248408449751,0.3568308798661711,-0.20009396097880394,0.9496930337865743,0.6589244345177951,-0.2907685992687792,4.386007931482618,5.543792812142242,0,0,1,0,1,1,0,0,1,0,0,1
3998854,9ac1be6f-0768-485d-b025-339ac70860c1,1,15,29,Belgium Women's,Jill Janssens,Amber Tysiak,25.5,77.9,35.5,77.7,10.002,9.288206080580196,0.6831281117441027,0.5802010880421578,-0.10292702370194495,0.8378367235587555,0.9296190606911952,0.09178233713243966,1.0865199348189103,1.443879338732293,0.3573594039133827,1.1558983061859713,1.9393244530199258,1,1,1,1,1,1,1,0,1,0,0,1
3998854,0d6a0ebe-2239-49b3-97a2-20c830ff357c,1,15,31,Belgium Women's,Amber Tysiak,Jarne Teulings,35.5,77.7,34.2,71,6.824954,1.300085858770558,0.5802010880421578,0.6517837276826743,0.07158263964051659,0.9296190606911952,1.1715231641552213,0.24190410346402613,1.443879338732293,1.8776166454523102,0.4337373067200172,1.9393244530199258,1.9460613242008467,1,1,1,1,1,1,0,1,1,0,0,1
3998854,74e7759d-7ea6-4156-98b0-b1e04bc08de8,1,15,34,Belgium Women's,Jill Janssens,Justine Vanhaevermaet,26.3,71,29.6,54.2,17.12104,7.186464460489347,1.1506774732156912,0.19314717019446564,-0.9575303030212257,1.6191562623110913,0.6230323354827323,-0.996123926828359,2.186058272254962,1.3890270979729666,-0.7970311742819955,0.6946639544249829,5.788905315717108,1,0,2,0,3,1,0,0,1,0,0,1
3998854,5f01892f-1b59-40c0-89a3-9b1fa5ae48c6,1,15,35,Belgium Women's,Justine Vanhaevermaet,Lisa Lichtfus,28.7,52.7,7.3,43.6,23.254461,-20.578418253632904,0.576448625957411,0.0040447965107501425,-0.5724038294466608,1.0232808993471039,0.05481296891822641,-0.9684679304288775,1.745591802719079,0.2530144539718167,-1.4925773487472624,1.996090393861441,17.740910203715085,1,0,1,0,1,0,0,0,1,0,0,1
3998854,196c952f-7670-453b-9a96-f0935dac9470,1,15,46,Belgium Women's,Laura Deloose,Mariam Abdulai Toloba,70.6,6.9,107.3,13,37.203495,29.62629494091363,0.8453228041659677,0.12674608637215903,-0.7185767177938087,1.3878208094912705,0.4308494281084952,-0.9569713813827754,2.06495646890384,0.9708354124339739,-1.0941210564698665,2.452528838139855,7.169223933603717,1,0,2,0,2,1,1,0,0,0,0,0
3998854,2f658bbe-6ffb-4a58-9f64-6aaba8de6d61,1,17,4,Portugal Women's,Joana Filipa Gaspar Silva Marchão,Tatiana Vanessa Ferreira Pinto,32.9,6.7,44.7,9.9,12.226201,12.155436174636293,0.1136988077277181,0.6682199855725772,0.5545211778448591,0.32951197486449474,1.1112823393045617,0.7817703644400669,0.7355913942921094,1.6404779714647348,0.9048865771726254,6.659119642654864,2.4797171428788265,0,1,0,2,1,2,0,0,0,0,0,0
3998854,426f393f-4467-4900-9dd5-30ccc4b7ec1b,1,17,5,Portugal Women's,Tatiana Vanessa Ferreira Pinto,Carole da Silva Costa,44.7,9.7,28.1,11.4,16.686821,-15.079837149292786,0.6682199929260101,0.01692010431257426,-0.6512998886134358,1.1112823437476478,0.14554324715352465,-0.9657390965941232,1.640477970715848,0.5252616957899603,-1.1152162749258878,2.4797171168393812,14.119682549120546,1,0,2,0,2,0,0,0,0,0,0,0
3998854,f0f9d00e-9794-4031-9442-1f59136d3fda,1,17,16,Portugal Women's,Carole da Silva Costa,Ana Ines Palma Capeta,72.3,32.2,83.9,37.7,12.837834,12.160334239865364,0.6928553618473463,1.1314172554232829,0.43856189357593656,1.44875406672237,1.7545332835747494,0.3057792168523794,2.6304078907302593,2.5856865150188315,-0.04472137571142776,2.0811940348091897,0.5403641541504209,1,1,1,1,1,2,0,1,0,1,1,1
3998854,838e3f9e-d962-45ca-b062-ba7bd7477772,1,17,17,Portugal Women's,Ana Ines Palma Capeta,Diana Micaela Abreu de Sousa e Silva,83.5,38.1,78.4,37.9,5.10392,-5.1035524824780225,1.1314179478505648,0.7073550726065418,-0.424062875244023,1.7545336342897542,1.5170337040488138,-0.2374999302409404,2.585686638971553,2.581789433791413,-0.0038972051801398067,0.5403614080509112,3.6449375525200436,1,0,1,2,2,2,1,0,0,1,1,1
3998854,0f4f169b-45fd-417d-be98-f498988a7e77,1,17,36,Belgium Women's,Amber Tysiak,Lisa Lichtfus,9.9,59.6,3.8,47.5,13.550646,-4.610799481930897,0.11006019932744268,0.017662696080808723,-0.09239750324663396,0.3078385392338128,0.1270264866937127,-0.18081205254010013,0.6495057526131693,0.407955979702931,-0.24154977291023833,6.71054880498415,13.050219658207988,0,0,0,0,1,0,0,0,1,0,0,1
3998854,b99c03e2-d48c-428e-9de7-2adade107187,1,17,40,Belgium Women's,Lisa Lichtfus,Janice Cayman,5.2,45.5,13.7,9.1,37.379272,4.231630188294986,0.058323597328668646,0.002118500437367343,-0.0562050968913013,0.2685692199248639,0.032713780709855395,-0.23585543921500848,0.6590733986678183,0.1725489361455855,-0.4865244625222328,9.821873713564806,18.87760145813826,0,0,0,0,0,0,0,0,1,0,0,1
3998854,14bfa47b-216c-4752-b9ab-eef18e2046fb,1,18,46,Portugal Women's,Carole da Silva Costa,Diana Catarina Ribeiro Gomes,28.7,25.4,27.7,44.4,19.026299,0.0551754557956059,0.06892234386216885,0.009471464744297506,-0.05945087911787134,0.28724346100008874,0.08729419511267177,-0.19994926588741696,0.7389138900311232,0.3292428623571272,-0.409671027673996,8.698571945553427,15.089020153988619,0,0,0,0,0,0,0,0,1,0,0,1
3998854,850bff09-bb5a-486d-ac02-18f538583401,1,18,51,Portugal Women's,Diana Catarina Ribeiro Gomes,Carole da Silva Costa,33.2,45.4,34.5,28.6,16.850222,0.7111582194518036,0.04754396469704003,0.009662044423426247,-0.037881920273613784,0.20013532134799433,0.0936180904677742,-0.10651723088022014,0.5088546621635553,0.3490599951472592,-0.15979466701629613,9.477026831096659,15.668751356541796,0,0,0,0,0,0,0,0,1,0,0,1
3998854,f4103dfc-b794-4271-a4b3-f20de8528e22,1,18,56,Portugal Women's,Carole da Silva Costa,Tatiana Vanessa Ferreira Pinto,41,29.2,50.8,29.2,9.8,9.69710633427539,0.15756980779930124,0.14149072624669354,-0.016079081552607705,0.4149411006158264,0.5389545794782223,0.12401347886239594,0.8704228171297532,1.2222312768584411,0.3518084597286879,5.747528350281178,8.127134748964563,0,0,0,0,1,0,0,0,0,0,0,0
3998854,da0e8e1d-dee4-4185-a12a-bf7e05a9778c,1,19,0,Portugal Women's,Tatiana Vanessa Ferreira Pinto,Diana Catarina Ribeiro Gomes,54.6,36.5,47.8,49.5,14.67106,-7.328730535237312,0.6066942429868668,0.02605073246558087,-0.5806435105212859,0.9840737297326111,0.16506871639528747,-0.8190050133373237,1.5830210842095194,0.5224070881392361,-1.0606139960702832,1.7623796402371465,11.78402910329879,1,0,1,0,1,0,0,0,1,0,0,1
3998854,cdd56a7f-6104-4b13-a561-2182496ad7e3,1,19,8,Portugal Women's,Diana Catarina Ribeiro Gomes,Francisca Ramos Ribeiro Nazareth Sousa,57.2,60.7,78.6,62.4,21.467417,19.0521613186325,0.3094217310975018,0.5918381362828005,0.28241640518529865,0.7852055124114836,1.1753208460967133,0.39011533368522966,1.5316508151700692,2.0389730934672463,0.5073222782971771,4.462034492703537,2.8871568635047047,0,1,1,1,1,2,0,0,0,0,0,0
3998854,347331f9-eef5-4bbe-9666-8df789cbd1ef,1,19,16,Belgium Women's,Justine Vanhaevermaet,Jill Janssens,41.9,30.4,43.2,56,25.632986,0.23883653178009467,0.6882661415728696,0.14503291340202928,-0.5432332281708403,1.4369216888428702,0.41733504216385997,-1.0195866466790102,2.4093916727198272,0.9678522319490042,-1.441539440770823,2.8226979994848014,6.094471653365435,1,0,1,0,3,1,0,0,1,0,0,1
3998854,145fe8ef-3a37-4385-aa76-7b73d99c35ad,1,19,19,Belgium Women's,Jill Janssens,Amber Tysiak,43.2,56,37,45.5,12.1938505,-4.733065007580322,0.2731206360159193,0.057682663550650055,-0.21543797246526925,0.5574273969965611,0.26866823561625947,-0.2887591613803016,1.0797318815369399,0.7680638082110254,-0.3116680733259145,4.020202155759004,9.070335558115053,0,0,1,0,1,0,0,0,1,0,0,1
3998854,b6432748-ff6c-4fdd-b1e4-cdc510ac7cd4,1,19,46,Belgium Women's,Janice Cayman,Jarne Teulings,76.7,7.1,65.7,4.5,11.303097,-10.493739624134896,0.5612251223959006,0.5155450559472337,-0.045680066448666956,1.3856340033111771,1.1418868478845539,-0.24374715542662329,2.538155271537075,2.024586171306756,-0.5135691002303191,4.923782996101002,4.426605807516541,0,0,2,1,3,3,0,0,1,0,0,1
3998854,913f45e0-aa46-4f3f-b9a0-a8528be44740,1,19,48,Belgium Women's,Jarne Teulings,Mariam Abdulai Toloba,67.3,3.9,80.1,6.3,13.023056,11.65140402118778,0.920524116964,1.0798004471767126,0.1592763302127126,1.5772490510335513,1.7444679551179083,0.16721890408435702,2.401177230925108,2.6898805445931067,0.2887033136679986,2.608679908806849,0.9248527209475041,1,1,3,2,3,2,0,1,1,0,0,1
3998854,eadc2a97-6d80-44cb-857f-c03a5cd18ca9,1,19,49,Belgium Women's,Mariam Abdulai Toloba,Laura Deloose,79.9,6.5,78,2.6,4.3382025,-3.9865311124930543,1.0798002063872154,0.5462514451326529,-0.5335487612545625,1.7444678306695425,1.238012687695402,-0.5064551429741404,2.6898805266803665,2.1671799006147676,-0.5227006260655989,0.9248532539060929,3.524940594840443,1,0,2,1,2,3,1,0,1,0,0,1
3998854,4c819ad5-5756-40c0-8eff-5fde270e65fe,1,19,51,Belgium Women's,Laura Deloose,Janice Cayman,78.6,2.8,79.9,13.7,10.977249,7.702696123713764,1.0998784127840542,0.30639496594634225,-0.7934834468377119,1.7584592320342511,1.0429370298548108,-0.7155222021794403,2.5972236116006093,2.1839418462014617,-0.4132817653991476,1.1424120054033382,7.5073145037528635,1,0,2,0,3,1,0,0,1,0,0,1
3998854,d90763c5-5cb9-40b8-ace3-5b5fa0e8ee31,1,19,53,Belgium Women's,Janice Cayman,Justine Vanhaevermaet,80.1,14.8,72,43.2,29.532524,-0.9149177968804239,0.4948594906849741,0.22341115468084435,-0.27144833600412976,1.2612783197266153,0.5102550775504703,-0.751023242176145,2.3776102453742287,1.0943830550587799,-1.2832271903154489,4.106654675367199,4.619994540624925,0,0,1,1,3,1,0,0,1,0,0,1
3998854,945c77f8-847b-4d84-be9b-2048500184d6,1,19,56,Belgium Women's,Justine Vanhaevermaet,Jill Janssens,71.2,45.6,84.1,75.1,32.197205,-1.0875077376105793,0.14240236747550614,0.041786105643345665,-0.10061626183216046,0.381038398994283,0.1973124708479296,-0.18372592814635338,0.8779879506272713,0.5759003650737472,-0.3020875855535241,5.957123519917256,9.81230404292287,0,0,0,0,1,0,0,0,0,0,0,0
3998854,7d0e78e6-bca5-4627-805a-c12b46df01a6,1,20,39,Portugal Women's,Francisca Ramos Ribeiro Nazareth Sousa,Diana Micaela Abreu de Sousa e Silva,49.3,5.3,50,2.4,2.9832869,-0.7027118535866919,0.9284327087413293,0.5109978070371163,-0.41743490170421305,1.4061205164509236,0.9738648824396495,-0.4322556340112741,2.0841857827352377,1.6444692269989516,-0.4397165557362861,1.5199149339120381,3.223359722320925,1,0,2,1,2,2,0,0,0,0,0,0
3998854,c036fbba-d8da-44b4-a6ae-f4a2e4a79071,1,21,42,Belgium Women's,Lisa Lichtfus,Janice Cayman,9.4,38.3,17.2,23.7,16.552946,6.528819602736803,0.912318904812886,0.010379511933097647,-0.9019393928797884,1.097593255128859,0.07852200102041003,-1.019071254108449,1.3547737141525078,0.27567383399944084,-1.079099880153067,0.44291675146675885,13.90862858943331,1,0,1,0,1,0,0,0,1,0,0,1
3998854,c7b3eebd-af31-4c74-aa7a-ae9b811ea5f5,1,21,48,Belgium Women's,Janice Cayman,Laura Deloose,35.9,8.1,44.2,3.9,9.302151,5.989332342671787,0.16000857086241219,0.13504359255920317,-0.024964978303209012,0.47876024148213236,0.39135817741189965,-0.08740206407023271,1.0447978575206256,0.8275924220669959,-0.2172054354536297,5.97804750983028,6.440016702945018,0,0,0,0,1,1,0,0,0,0,0,0
3998854,a2e79798-b918-4101-9f18-6321f1665760,1,21,52,Belgium Women's,Laura Deloose,Janice Cayman,41.1,3.7,34.9,2.8,6.264982,-6.025583772233858,1.3624430010098116,0.853586780250161,-0.5088562207596506,1.751695408721047,1.4228791050935496,-0.32881630362749736,2.2272083727319223,2.103523311316403,-0.12368506141551938,1.1682352851381632,1.658694252386765,2,1,2,2,2,2,1,0,0,0,0,0
3998854,d0d468a2-fed1-485a-a90c-02ee1874b403,1,22,17,Portugal Women's,Catarina Amado,Diana Catarina Ribeiro Gomes,29.5,74.5,33.8,67.3,8.386298,6.433237949436929,0.0010882566988553736,0.006246529779685935,0.0051582730808305615,0.0242191115843283,0.0709965085319262,0.0467773969475979,0.14391621092276816,0.2846866499937236,0.14077043907095546,21.698341629024767,16.982250803837054,0,0,0,0,0,0,0,0,1,0,0,1
3998854,4000f2e8-80e4-423c-8301-2bda6dd9500e,1,22,19,Portugal Women's,Diana Catarina Ribeiro Gomes,Carole da Silva Costa,34.9,66.2,36,31,35.217182,4.561077053935733,0.010304855832238606,0.0049701995128868266,-0.0053346563193517795,0.09249609237730885,0.06253512276456547,-0.029960969612743388,0.3307171657917718,0.278015824258278,-0.05270134153349382,14.993203816140484,17.28441466230536,0,0,0,0,0,0,0,0,1,0,0,1
3998854,6ca7bcba-4b1d-41c1-982a-c6ed8df51115,1,22,23,Portugal Women's,Carole da Silva Costa,Joana Filipa Gaspar Silva Marchão,41,31,50,3.8,28.650305,0.704660605316306,0.02124523405834695,0.09691477783213749,0.07566954377379054,0.14444271194419245,0.2834309461252921,0.13898823418109968,0.47984689023105004,0.6050782151432511,0.12523132491220107,12.33302827935492,7.120842182941954,0,0,0,0,0,1,0,0,1,0,0,1
3998854,3497ac51-87fb-42bd-8d91-696ab418c713,1,22,29,Portugal Women's,Joana Filipa Gaspar Silva Marchão,Francisca Ramos Ribeiro Nazareth Sousa,60.5,24.6,71.4,28.2,11.479112,11.448639249556877,0.626848739487829,1.2414253418187138,0.6145766023308847,1.0131944483887751,1.8383338627092,0.8251394143204249,1.6659436934657912,2.604470823591236,0.938527130125445,1.6624090558218334,1.545654323837686,1,2,1,2,1,3,0,1,1,0,0,1
3998854,067dc9c0-7cf9-45c6-b6b3-5aa1e7799acd,1,22,34,Portugal Women's,Tatiana Vanessa Ferreira Pinto,Joana Filipa Gaspar Silva Marchão,78.2,5.7,68.4,6.7,9.850888,-7.340605648778215,0.9637429870013847,0.12253695864392204,-0.8412060283574627,1.254704909602356,0.39004834949781436,-0.8646565601045415,1.81349810280324,0.902023314289772,-0.911474788513468,0.34063007938934403,6.694416788499187,1,0,1,0,1,1,1,0,1,0,0,1
3998854,2c4eb016-7a69-42f1-9939-2d7828086359,1,22,36,Portugal Women's,Joana Filipa Gaspar Silva Marchão,Andreia Alexandra Norton,68.6,8.7,71.2,34.6,26.030174,11.08228476724856,0.4392934880802581,0.24230354346305943,-0.19698994461719865,0.8209842408037439,0.7171308291654397,-0.1038534116383042,1.4553361250117656,1.5115910461717772,0.05625492116001163,2.7481646238472752,5.856725544321612,1,0,1,0,1,1,0,0,1,0,0,1
3998854,50a599c8-ed84-488b-b501-df474579277a,1,22,40,Portugal Women's,Andreia Alexandra Norton,Francisca Ramos Ribeiro Nazareth Sousa,71.7,41.8,85,39.5,13.497407,13.32995748886293,0.33210452912340277,0.7428350685698422,0.4107305394464394,0.8306838345968953,1.4500941302154249,0.6194102956185296,1.6314706530357808,2.4962012747520332,0.8647306217162525,4.392163197260614,1.874891744101874,0,1,1,1,1,2,0,0,0,0,0,0
3998854,ef6e15c0-6026-4adb-b842-920a3cdeaeff,1,23,20,Belgium Women's,Lisa Lichtfus,Jill Janssens,5,40.6,27.3,77.4,43.029408,15.041323110194114,0.00488874395203813,0.058883599078850705,0.053994855126812576,0.06368722721937523,0.22308661594679954,0.15939938872742432,0.2699869165076438,0.5083175838748274,0.2383306673671836,18.97336734794149,8.896631288126793,0,0,0,0,0,0,0,0,0,0,0,0
3998854,18ed236f-629b-43a4-9636-d9985dd5f7e9,1,23,28,Portugal Women's,Diana Micaela Abreu de Sousa e Silva,Joana Filipa Gaspar Silva Marchão,97.3,8.1,90.1,3.4,8.598256,-8.108393316662251,0.6899698137379028,0.1379671408718628,-0.55200267286604,1.1212342028783098,0.44336027303712716,-0.6778739298411827,1.6783759581616318,0.9680249217702463,-0.7103510363913854,1.6478686830569844,6.7025787640093455,1,0,1,0,2,1,0,0,1,0,0,1
3998854,52e50824-5ae4-43ac-8497-c833af110704,1,24,43,Portugal Women's,Diana Micaela Abreu de Sousa e Silva,Francisca Ramos Ribeiro Nazareth Sousa,82.4,63.9,77.4,63.7,5.0039983,-4.19584399667643,0.6691155454706399,1.2017289562185443,0.5326134107479044,1.2795574482250567,1.9351442095573181,0.6555867613322615,2.1406375197006358,2.7561272037602556,0.6154896840596198,2.0564857740853086,2.293861825903422,1,2,1,3,1,3,1,1,1,0,0,1
3998854,16d9a9d8-4883-47a9-a873-096bc5186e98,1,24,44,Portugal Women's,Francisca Ramos Ribeiro Nazareth Sousa,Tatiana Vanessa Ferreira Pinto,79.2,62.4,79,44.4,18.001112,5.309180598594793,1.8556025011792208,0.2778217134992872,-1.5777807876799335,2.46904228599726,0.6534332092025528,-1.8156090767947073,3.161757649350522,1.3339497863306777,-1.8278078630198442,1.1548346286572813,4.175459878518369,3,0,3,1,3,1,1,0,1,0,0,1
3998854,18bbf7ef-69fc-46d4-ad21-55847e6e4b73,1,24,48,Portugal Women's,Tatiana Vanessa Ferreira Pinto,Andreia Alexandra Norton,79.6,42.4,78.6,54.7,12.340584,-3.4611099884029386,1.1636609195261083,0.4913048503419178,-0.6723560691841906,1.7570643083672186,1.1550549791341693,-0.6020093292330493,2.6415615466505593,2.162045029090893,-0.4795165175596665,1.3123299918731703,3.9325780486075246,2,0,2,1,2,2,0,0,1,0,0,1
3998854,8a79d06c-d0fa-4279-a428-a4517d2acef6,1,24,49,Portugal Women's,Andreia Alexandra Norton,Catarina Amado,78.8,54.7,77.1,74,19.374725,-10.995560011590968,0.9717886045446332,0.030322144724205136,-0.9414664598204281,1.5509122465189236,0.16934181368451232,-1.3815704328344112,2.398400503859365,0.5590191808567797,-1.8393813230025853,2.0377416576863743,10.928984700862308,2,0,2,0,2,0,0,0,1,0,0,1
3998854,fe86bc67-281a-4c32-9184-b88f657f5231,1,24,53,Portugal Women's,Catarina Amado,Andreia Alexandra Norton,77.6,74,92.6,73.8,15.001333,10.837586869196329,0.08674041975292907,0.5022482944848853,0.4155078747319562,0.3017523002418102,0.9580422541457256,0.6562899539039154,0.7479216479230107,1.5904767602343934,0.8425551123113827,7.738802599760487,2.9498074176797453,0,1,0,1,1,2,0,0,1,0,1,1
3998854,679cf565-8bc8-4465-bf2c-220f06a142a6,1,24,59,Portugal Women's,Andreia Alexandra Norton,Francisca Ramos Ribeiro Nazareth Sousa,96.2,57.8,97.3,50.7,7.184706,4.624609009433282,1.1132581189306847,0.9256607689103822,-0.18759735002030253,1.6563297752997426,1.7794764230668525,0.12314664776710993,2.501673250191539,3.0946611107307476,0.5929878605392087,1.6921029781026613,1.197696209901081,2,1,2,1,2,1,1,0,1,1,1,1
3998854,30210b94-ab91-4ae5-94e2-15a2bf67b7da,1,25,10,Portugal Women's,Andreia Alexandra Norton,Catarina Amado,89.5,53.7,83.9,74.7,21.733845,-16.637337028005753,1.2070213225761308,0.1229942794089194,-1.0840270431672114,1.9551762791107565,0.36725469474229505,-1.5879215843684615,3.0875215423639752,0.8396768985678881,-2.2478446437960873,0.8287736490264219,6.568171103315887,1,0,2,0,2,1,1,0,1,0,0,1
3998854,57bcc96e-28bf-4520-8a48-9b062cce576e,1,25,50,Belgium Women's,Amber Tysiak,Jill Janssens,36.2,75.9,49.8,78.3,13.810142,11.197751058205668,0.14767967404458313,0.23019719294689364,0.08251751890231052,0.4139199323682169,0.5166957191234702,0.10277578675525334,0.8388801623019597,0.9900539113589493,0.15117374905698955,6.426553055878166,4.6048224420475,0,0,0,1,1,1,0,0,1,0,0,1
3998854,7eeb319e-2c67-4fa2-8de0-15744d70e1be,1,25,53,Belgium Women's,Jill Janssens,Justine Vanhaevermaet,63.1,70.8,56.1,54.7,17.55591,-0.8678111115904557,0.2536197838178079,0.11711594917499278,-0.13650383464281513,0.731099963392104,0.48755500769608356,-0.24354495569602047,1.4948075135916954,1.2789588755437789,-0.21584863804791654,5.72853339012225,7.625684977962316,0,0,0,0,1,1,0,0,1,0,0,1
3998854,98105b8c-abad-4bba-ba31-75b511a6f7ec,1,25,54,Belgium Women's,Justine Vanhaevermaet,Tessa Wullaert,56.1,54.7,69.1,51.7,13.341664,13.341660124405976,0.11711594917499278,0.5825862923266054,0.4654703431516126,0.48755500769608356,1.3917923479019798,0.9042373402058963,1.2789588755437789,2.503398092496467,1.2244392169526883,7.625684977962316,4.501574400523419,0,0,0,1,1,3,0,0,1,0,0,1
3998854,724defea-e638-4e86-8851-54ef1039dc5c,1,25,56,Belgium Women's,Tessa Wullaert,Jarne Teulings,69.1,51.7,50.8,54,18.44397,-18.3745955235716,0.5825862923266054,0.12963572331479603,-0.4529505690118094,1.3917923479019798,0.44515088740403597,-0.9466414604979438,2.503398092496467,1.0822774427231867,-1.4211206497732805,4.501574400523419,6.687301207368649,0,0,1,0,3,1,0,0,1,0,0,1
3998854,50a4f50c-f106-445d-8f64-b70e0c631b49,1,26,2,Belgium Women's,Jarne Teulings,Tessa Wullaert,48.9,45.3,58.7,28.6,19.36311,8.94624257917775,0.4485996442458969,0.10239715435729739,-0.3462024898885995,1.043361245571301,0.47193222675036806,-0.571429018820933,1.8189173352691759,1.220026965020119,-0.5988903702490569,4.735086875089762,9.092110451533246,0,0,1,0,3,0,0,0,1,0,0,1
3998854,421f24ee-95b0-4a3b-804d-dbd87c56246b,1,26,5,Belgium Women's,Tessa Wullaert,Justine Vanhaevermaet,63.6,27.2,91.4,28.2,27.81798,26.89559694162358,0.17539588891661445,0.7781749549905794,0.6027790660739649,0.7061270021350129,1.3202922084829547,0.6141652063479418,1.6732619298911438,2.095430553178385,0.42216862328724103,8.05700417644434,1.5939051761095997,0,1,0,1,0,3,0,0,0,0,0,0
3998854,63eafea8-2c5e-49e9-a245-e639a053d49e,1,26,30,Portugal Women's,Diana Catarina Ribeiro Gomes,Francisca Ramos Ribeiro Nazareth Sousa,34.3,48.8,47.9,50.5,13.705838,13.290072168542707,0.005363239940262547,0.3099420178519089,0.30457877791164634,0.07227995931058831,0.756795050170032,0.6845150908594437,0.33441653347953315,1.3758806733359927,1.0414641398564597,17.203572603344025,4.471736069396373,0,0,0,1,0,1,0,0,1,0,0,1
3998854,f245f7b8-f0b4-4d9c-afd2-ff3a0b7f752d,1,26,31,Portugal Women's,Francisca Ramos Ribeiro Nazareth Sousa,Catarina Amado,47.9,50.5,42.7,75.8,25.82886,-12.327064729960327,0.3099420178519089,0.00461576650279248,-0.3053262513491164,0.756795050170032,0.04860436694993319,-0.7081906832200988,1.3758806733359927,0.20487442333563954,-1.171006250000353,4.471736069396373,16.418472889907342,0,0,1,0,1,0,0,0,1,0,0,1
3998854,00fe3a1e-1650-436c-a43b-77f5971d27a3,1,26,34,Portugal Women's,Catarina Amado,Andreia Alexandra Norton,42.7,75.8,55.9,76,13.201515,11.670203567601419,0.009039154783281027,0.23843681162345562,0.2293976568401746,0.07338178005059469,0.5808990958398204,0.5075173157892257,0.26586956937907125,1.0856379288420417,0.8197683594629704,14.452689144988238,4.941822578483466,0,0,0,1,0,1,0,0,1,0,0,1
3998854,4103aa04-57b3-4ad4-bd9d-577c37435b59,1,26,40,Portugal Women's,Diana Catarina Ribeiro Gomes,Carole da Silva Costa,34.9,57.6,36.4,29.6,28.04015,2.6565142510142294,0.009172830813816292,0.0029210464216203598,-0.006251784392195932,0.087291294267893,0.04607641554609892,-0.041214878721794086,0.34251027972088344,0.23206774619706888,-0.11044253352381456,16.048701341486478,18.9759250890094,0,0,0,0,0,0,0,0,1,0,0,1
3998854,bfdf69b8-0d27-4b19-aa9c-f5a4547b93e6,1,26,45,Portugal Women's,Carole da Silva Costa,Diana Catarina Ribeiro Gomes,49.8,32.2,42.9,51.1,20.12014,-7.26292515415399,0.16824100664657676,0.022813007350368786,-0.14542799929620798,0.49268406909281703,0.1528278985094904,-0.3398561705833266,1.0502871879392561,0.49265176884814227,-0.5576354190911139,5.954184427342361,12.5634495367779,0,0,0,0,1,0,0,0,1,0,0,1
3998854,fa62876f-864c-4136-a612-7a680d2981d0,1,27,0,Portugal Women's,Andreia Alexandra Norton,Joana Filipa Gaspar Silva Marchão,71.4,33.7,85.5,3.8,33.057827,-1.0002673197425693,0.17218003832881668,0.036251921894776704,-0.13592811643403996,0.6590218108812295,0.149694519173058,-0.5093272917081715,1.6004271066968316,0.4077437582248851,-1.1926833484719466,7.297007623953033,9.982537653025053,0,0,0,0,1,0,0,0,1,0,0,1
3998854,4336f835-1f4d-4e77-8dd7-38f192d7f199,1,27,4,Portugal Women's,Joana Filipa Gaspar Silva Marchão,Fátima Alexandra Figueira Pinto,89.9,4,77.6,7.4,12.76127,-6.558249953448652,0.08978109426379687,0.07482438836720583,-0.014956705896591038,0.25297858957646163,0.25928946210899584,0.006310872532534206,0.5310587290032756,0.6501522506653538,0.1190935216620782,7.25997259018164,7.944849572201533,0,0,0,0,1,1,0,0,1,0,0,1
3998854,16f38c70-8edf-4f8b-995d-80f1df7f2cb4,1,27,6,Portugal Women's,Fátima Alexandra Figueira Pinto,Diana Micaela Abreu de Sousa e Silva,77.4,11.2,89.9,13.1,12.643576,11.053233149842185,0.18942108627919269,0.9738279097216102,0.7844068234424175,0.42794537196563154,1.3069537040924688,0.8790083321268373,0.8477031051444396,1.872421413924904,1.0247183087804643,5.067791111661578,0.3818785414074324,0,1,0,1,1,1,0,1,0,0,0,0
3998854,eb35dc16-33b7-4eca-8342-37571758be3d,1,27,9,Portugal Women's,Diana Micaela Abreu de Sousa e Silva,Joana Filipa Gaspar Silva Marchão,87.9,9.7,88.9,2.2,7.566373,-4.807646826884714,0.9157823799178099,0.23053991090955156,-0.6852424690082584,1.3814689185956555,0.6031454334580015,-0.7783234851376539,1.9834146755621713,1.1331018668328867,-0.8503128087292846,1.0420347630017914,6.0157596902354165,1,0,1,0,3,2,1,0,0,0,0,0
3998854,53ddf81f-c359-4955-9f49-a8e8b7fe85f7,1,28,23,Belgium Women's,Sari Kees,Mariam Abdulai Toloba,8.3,33.2,35.7,30.2,27.563744,27.03907097132769,0.15360315340106734,0.2835554409610044,0.12995228755993704,0.35415296587506123,0.5879077709470039,0.23375480507194263,0.6428733982264461,1.0469748790008155,0.40410148077436947,5.659760275457431,4.021390927279598,0,0,0,1,1,1,0,0,1,0,0,1
3998854,a47b4ba3-bf14-4b38-a0df-f2f6ee900cd7,1,28,26,Belgium Women's,Mariam Abdulai Toloba,Janice Cayman,28.7,27.9,27.3,6.7,21.246176,-6.401327638098138,1.4181007087743276,0.013725631347995114,-1.4043750774263324,1.8314363996278278,0.11380036588158322,-1.7176360337462446,2.280244514437992,0.3918590200843608,-1.8883854943536311,0.47956396416710795,14.79228989966907,2,0,2,0,3,0,1,0,0,0,0,0
3998854,5a7ed530-3bbd-4abe-9955-7927bcea4531,1,28,35,Portugal Women's,Andreia Alexandra Norton,Catarina Amado,42.3,77.3,28.9,68.8,15.868523,-9.354758474138293,0.49058953008913486,0.004201142060938128,-0.4863883880281967,0.8674477387815965,0.06368265319788392,-0.8037650855837126,1.2501162247109925,0.3064452356040262,-0.9436709891069663,3.400430876230959,18.627420460943387,0,0,1,0,2,0,0,0,1,0,0,1
3998854,3d21ad8a-fbfd-4dfd-abd7-496c3dd6859e,1,28,41,Portugal Women's,Catarina Amado,Diana Catarina Ribeiro Gomes,29.6,67.3,33.4,55,12.873616,6.542774798791598,0.0033423232815560696,0.0072354239736356595,0.00389310069207959,0.053950451370718855,0.08467099666749044,0.03072054529677158,0.27593918264376194,0.34917323593801713,0.0732340532942552,18.857829524010253,17.104332206700363,0,0,0,0,0,0,0,0,1,0,0,1
3998854,42416050-b7c5-4776-bd79-965f205a8917,1,28,43,Portugal Women's,Diana Catarina Ribeiro Gomes,Carole da Silva Costa,34.1,53.5,29.6,31,22.945587,-3.8925483424165037,0.007628581568402404,0.0033233641062874737,-0.00430521746211493,0.08677522623425281,0.045165187273285945,-0.041610038960966864,0.35394252568582174,0.21376717750574106,-0.14017534818008068,17.142618241721372,18.083686905150817,0,0,0,0,0,0,0,0,1,0,1,1
3998854,d1e73393-2a82-418c-98fe-3451a6d4efe3,1,28,46,Portugal Women's,Carole da Silva Costa,Joana Filipa Gaspar Silva Marchão,33.4,30,48.1,5.3,28.743347,7.339999478711391,0.004687639921384903,0.06810320838594285,0.06341556846455794,0.05981512676166365,0.24510900669702254,0.1852938799353589,0.2761321877707517,0.6014945797248499,0.32536239195409816,17.745117613357053,8.260145809789796,0,0,0,0,0,0,0,0,1,0,1,1
3998854,db1ceba2-cff4-46b1-847c-bbccbf4dd61a,1,28,49,Portugal Women's,Joana Filipa Gaspar Silva Marchão,Diana Micaela Abreu de Sousa e Silva,50,4,111.9,22.7,64.66297,59.6123187409672,0.34430419404478746,0.40520961295556235,0.06090541891077489,0.6101292398415241,0.7799518742312498,0.16982263438972567,0.9987182061788927,1.2751365687784497,0.276418362599557,3.307519830095206,3.36697880385342,0,0,1,1,1,2,0,0,0,1,1,1
3998854,ebe69a63-b6ec-41c6-b262-1efbfdd9c306,1,34,10,Belgium Women's,Jill Janssens,Tessa Wullaert,70.3,73,79.3,64.1,12.657409,12.358003547865891,0.24430655886247352,0.6906212066755556,0.44631464781308205,0.4978834555032951,1.2705481538142775,0.7726646983109824,0.9379622017003066,2.1828749076569904,1.2449127059566838,4.305844538359109,1.736452791732127,0,1,1,1,1,1,0,1,1,0,0,1
3998854,933f2f8a-d7b6-4d1f-8b10-288c4bb94b00,1,34,46,Belgium Women's,Amber Tysiak,Sari Kees,50.2,75.9,28.3,62.1,25.885324,-15.834417967698215,0.3011770762984807,0.008021374501222879,-0.2931557017972578,0.62649428046301,0.07136383691625928,-0.5551304435467508,1.1238165626135483,0.24708484226995137,-0.8767317203435969,3.878422799594176,15.5180753433624,0,0,1,0,1,0,0,0,1,0,0,1
3998854,a0972fed-d216-4d79-b7fd-d9dbce71ec8b,1,34,55,Belgium Women's,Mariam Abdulai Toloba,Janice Cayman,54.9,9.1,49.1,2,9.167879,-8.380121121071426,0.7393922982847942,0.2482072747729569,-0.49118502351183735,1.245366099105203,0.5295689314598293,-0.7157971676453736,1.908546901683609,0.9368179914854885,-0.9717289101981205,1.7564414671511202,4.4738718071989245,1,0,1,1,3,1,1,0,0,0,0,0
3998854,bdf39cec-adb7-4687-84e3-9731fb346a40,1,35,31,Portugal Women's,Francisca Ramos Ribeiro Nazareth Sousa,Andreia Alexandra Norton,85.5,74.5,79,59,16.807735,3.6018737910917693,0.42089058132025386,0.012166126329427318,-0.40872445499082655,0.6513342923741713,0.12841448411108694,-0.5229198082630844,1.0020038954081982,0.5664343087469254,-0.4355695866612729,2.646717859967259,15.421683622994385,1,0,1,0,1,0,0,0,1,0,0,1
3998854,b15b9764-0e62-4dfb-ac84-dd3cc92284d4,1,35,35,Portugal Women's,Andreia Alexandra Norton,Francisca Ramos Ribeiro Nazareth Sousa,92.4,57.4,92.8,63.9,6.512296,-3.5814417357269193,0.7399663691451756,0.6743100867487869,-0.06565628239638865,1.2767085843007095,1.1757819032479198,-0.10092668105278979,2.153362570227931,1.9101846064647365,-0.24317796376319456,1.7637541532040186,3.277847816200949,1,0,1,2,2,2,0,0,1,0,0,1
3998854,7d28dd65-19c9-4816-9b6d-f02b3859482a,1,35,36,Portugal Women's,Francisca Ramos Ribeiro Nazareth Sousa,Joana Filipa Gaspar Silva Marchão,91.6,60.2,83.5,43.4,18.650738,-1.8069022401695065,0.9453030421878372,0.031308049894899215,-0.913994992292938,1.4386503112275162,0.25516973423205663,-1.1834805769954595,2.192734528164472,0.9459440360904705,-1.2467904920740014,1.401856382818356,12.719300031774088,1,0,2,0,2,0,1,0,0,0,0,0
3998854,229c5de6-b55f-486a-8c35-ca27eb79f841,1,36,5,Belgium Women's,Sari Kees,Janice Cayman,8.5,36.1,8.3,6.1,30.000668,-5.1627016571350595,0.9160820657605291,0.0035068543082511245,-0.9125752114522779,1.1002615121958843,0.04292585813863792,-1.0573356540572463,1.4276050524828197,0.19276745054296912,-1.2348376019398506,0.36670287656334405,17.373723775264324,1,0,1,0,1,0,1,0,0,0,0,0
3998854,51c1d5a2-e041-4e4f-910a-efc901cff679,1,36,11,Portugal Women's,Andreia Alexandra Norton,Ana Ines Palma Capeta,89.5,70.8,95.6,76.8,8.556284,-0.8081102243081375,0.4248012998752946,0.23272406647860988,-0.1920772333966847,0.795273592421657,0.6147637160056125,-0.18050987641604443,1.3240769254737175,1.2428952702621017,-0.0811816552116158,2.9741552635761157,5.1248310506390204,1,0,1,0,1,1,0,0,1,0,0,1
3998854,c953a348-fa86-4ec3-987c-444c7b00fe2f,1,36,17,Portugal Women's,Ana Ines Palma Capeta,Diana Catarina Ribeiro Gomes,85.2,77.5,55.3,69.8,30.875557,-20.073471175384846,1.0876673219053454,0.02301392907543919,-1.0646533928299062,1.650723127914983,0.147013295979216,-1.503709831935767,2.3103300250463428,0.4526136067290111,-1.8577164183173318,1.3014421202778883,12.441734874667532,1,0,2,0,3,0,0,0,1,0,0,1
3998854,a26dbd51-5371-41a3-a75d-ae96fafb4d01,1,36,23,Portugal Women's,Diana Catarina Ribeiro Gomes,Carole da Silva Costa,56.7,61.1,54.2,33.5,27.712994,0.6037894225993199,0.1079716477510799,0.022544568230641843,-0.08542707952043806,0.37606233908377046,0.14589779407282846,-0.230164545010942,0.8474955628456827,0.4681267051134446,-0.3793688577322381,7.340033385573838,12.137726793776876,0,0,0,0,1,0,0,0,1,0,0,1
3998854,909f4bc3-bcb6-4fa7-aec0-d7e01fb698c5,1,37,2,Portugal Women's,Tatiana Vanessa Ferreira Pinto,Joana Filipa Gaspar Silva Marchão,63.1,25,56.1,14.2,12.87012,-10.06795411583331,1.7505510926577827,0.5025365199649823,-1.2480145726928005,2.3623439576540335,1.0874436689421858,-1.2749002887118477,3.1087061604310864,1.8748858268641004,-1.233820333566986,0.6094339650671614,3.5489661686871328,2,0,3,1,3,3,1,0,1,0,0,1
3998854,66bf01cc-b1f1-49ea-9090-82ba89efbc4a,1,37,4,Portugal Women's,Joana Filipa Gaspar Silva Marchão,Carole da Silva Costa,56.1,14.2,43.6,29,19.372402,-8.27592259527458,0.754721392856217,0.07368598901588481,-0.6810354038403321,1.3126640360409532,0.29443915150359634,-1.0182248845373567,2.020126216029747,0.778373440964268,-1.2417527750654789,1.8096268699479432,8.21298488270126,1,0,1,0,3,0,0,0,1,0,0,1
3998854,97febb43-1f1b-4791-8b43-8b7e8ce7d63a,1,37,7,Portugal Women's,Carole da Silva Costa,Diana Catarina Ribeiro Gomes,47,30.4,42.5,45.2,15.469001,-4.045728629138679,0.13774931956637154,0.03934307150811824,-0.09840624805825329,0.3987329150117526,0.20220676779175256,-0.19652614722000006,0.9082487232055481,0.5962105139751344,-0.3120382092304137,6.138808077129751,10.241757898767545,0,0,0,0,1,0,0,0,1,0,0,1
3998854,6d05f98d-b7a4-458d-8579-44963869e55e,1,37,22,Portugal Women's,Carole da Silva Costa,Francisca Ramos Ribeiro Nazareth Sousa,56.7,52.2,71,50.9,14.35897,14.267242606894456,0.22304603699677267,1.0886075218831623,0.8655614848863897,0.6151905739576153,1.7976597862516657,1.1824692122940503,1.2106348052849727,2.728546868193785,1.5179120629088123,6.230995637996333,1.2629212125662006,0,1,0,2,2,3,0,1,1,0,1,1
3998854,7d93080e-0a13-4d93-8a29-09fe58238a4f,1,37,25,Portugal Women's,Francisca Ramos Ribeiro Nazareth Sousa,Fátima Alexandra Figueira Pinto,72.7,41.8,82.9,31.6,14.424978,9.295178206832269,1.191158288251884,0.7528426667228569,-0.43831562152902714,2.022428112098977,1.5375654549780973,-0.4848626571208796,3.100596383604297,2.613816205740769,-0.48678017786352834,2.688925609244503,2.3175146666930897,2,1,3,1,3,3,1,0,1,0,1,1
3998854,346981f1-191e-4fad-934f-70da91d48808,1,37,26,Portugal Women's,Fátima Alexandra Figueira Pinto,Diana Micaela Abreu de Sousa e Silva,82.9,32,86.5,35.7,5.162364,4.177891053139952,0.7528426729171667,1.1951018072514492,0.44225913433428254,1.537565486410852,2.1926511244527194,0.6550856380418675,2.6138162554675164,3.3445521558494997,0.7307359003819833,2.3175147821435997,2.0092993868655316,1,1,1,3,3,5,0,0,1,0,1,1
3998854,f94e5eca-a5ad-4845-8ec3-0fd2b713778f,1,37,27,Portugal Women's,Diana Micaela Abreu de Sousa e Silva,Joana Filipa Gaspar Silva Marchão,86.7,35.7,85.2,17.4,18.361372,-7.9180980959115885,1.1951020544902913,0.03692423736622943,-1.1581778171240618,2.192651171035017,0.248181773886733,-1.944469397148284,3.3445520647731044,0.8167680355879131,-2.527784029185191,2.0092964671755555,11.553045352120195,1,0,3,0,5,0,0,0,0,1,1,1
3998854,f28bfc86-b71f-4cc8-8801-5b4ac1060969,1,38,14,Portugal Women's,Tatiana Vanessa Ferreira Pinto,Catarina Amado,92.8,73.2,78.2,72.6,14.612324,-10.089973666738686,0.10000868464109994,0.010400691693591743,-0.0896079929475082,0.33217306984912554,0.08987632985937036,-0.24229673998975518,0.7957842502038786,0.35017411817422933,-0.4456101320296492,7.314261802295254,15.390393535786725,0,0,0,0,1,0,0,0,1,0,0,1
3998854,be1ec328-9b60-4ce6-983a-56e0b606a18f,1,38,17,Portugal Women's,Catarina Amado,Joana Filipa Gaspar Silva Marchão,79.6,72.2,79.2,47.7,24.503265,10.142129382200338,0.12649088834452443,0.08002716169417746,-0.04646372665034697,0.3705901347754936,0.33385400155890643,-0.03673613321658714,0.7845265186125215,0.9295874445717917,0.14506092595927012,6.790731875212819,8.306376794197886,0,0,0,0,1,0,0,0,1,0,1,1
3998854,6ebe33f1-131a-4f23-99d6-1961aa7ebb5e,1,38,20,Portugal Women's,Joana Filipa Gaspar Silva Marchão,Francisca Ramos Ribeiro Nazareth Sousa,79.2,46.2,85,22.7,24.205164,2.2262331374437423,0.45909680316932033,0.017243236800379903,-0.4418535663689404,0.7960647343326002,0.15615752354674528,-0.6399072107858549,1.4330787674806929,0.5966591326273012,-0.8364196348533917,2.503794542759014,15.150325496773759,1,0,1,0,1,0,0,0,1,1,1,1
3998854,7e11f5b3-cfb8-4a40-9af9-15accae42d9f,1,38,25,Portugal Women's,Francisca Ramos Ribeiro Nazareth Sousa,Diana Catarina Ribeiro Gomes,93.3,21.6,98,27.4,7.465253,7.073357872258065,0.40608551500987783,0.42085392950628675,0.014768414496408921,0.8500415250471745,1.2349830105973834,0.3849414855502089,1.5640512929956079,2.5014629988788926,0.9374117058832847,3.7227340651505325,5.831985042734282,0,0,1,0,2,2,0,0,0,1,1,1
3998854,8399e126-2459-486b-a1a8-c3179bb1ac27,1,38,25,Portugal Women's,Diana Catarina Ribeiro Gomes,Francisca Ramos Ribeiro Nazareth Sousa,98.2,27.6,105.5,25.1,7.7162166,4.289009030032915,0.42085407346282594,1.7592380716457348,1.3383839981829089,1.234983218863332,2.404689190166521,1.169705971303189,2.5014632369372394,3.2944833399934352,0.7930201030561959,5.831983812274556,0.3441671148274456,0,2,0,3,2,3,0,1,0,1,1,1
3998854,b5bde202-dd1c-4d6d-a729-decee9a70880,1,39,15,Belgium Women's,Sari Kees,Mariam Abdulai Toloba,8.8,33.7,35.9,27.2,27.86862,26.309817445855202,0.2655858091380761,0.6192688809248396,0.35368307178676345,0.5059049795902006,0.9115745206740515,0.4056695410838509,0.8265802246491384,1.3466423677869086,0.5200621431377702,4.047706170712279,1.599640579262461,0,1,1,1,1,1,0,1,0,0,0,0
3998854,39ce9a6f-e6d5-47e9-a0f7-3652d1cd39f2,1,39,17,Belgium Women's,Mariam Abdulai Toloba,Janice Cayman,35.9,27.3,20.4,3.7,28.234907,-20.955213488835085,0.7622636908461069,0.02353894106140017,-0.7387247497847067,1.0199674278573716,0.1614473621214289,-0.8585200657359426,1.4368574780592729,0.5231781024027589,-0.913679375656514,0.9511703996419,12.345020103768588,1,0,1,0,1,0,1,0,0,0,0,0
3998854,754d72a1-7a56-405b-bb2e-abc87c6043b6,1,39,45,Portugal Women's,Diana Catarina Ribeiro Gomes,Tatiana Vanessa Ferreira Pinto,36,71.8,56.9,74.7,21.100237,17.806011016841538,0.027089968344802384,0.12270941611385532,0.09561944776905293,0.14837015113230434,0.38067024030458785,0.2323000891722835,0.4244177163178557,0.7667676152120841,0.34234989889422845,11.22380581865127,7.653118928353216,0,0,0,0,0,1,0,0,1,0,0,1
3998854,ea6d0cb0-aa23-46ff-80ed-a76849a4d311,1,39,47,Portugal Women's,Tatiana Vanessa Ferreira Pinto,Francisca Ramos Ribeiro Nazareth Sousa,57.2,74.3,63.8,71,7.3790245,7.373617431326494,0.40205276961468195,0.4993406995090699,0.09728792989438795,0.78958060696114,0.9474409823290153,0.15786037536787534,1.26856496524653,1.5767710765669645,0.3082061113204344,3.8402467148460477,2.8434730873184826,0,1,1,1,2,2,1,0,1,0,0,1
3998854,0c910faf-a8bf-49e1-81cc-7f378905429d,1,39,56,Portugal Women's,Diana Micaela Abreu de Sousa e Silva,Francisca Ramos Ribeiro Nazareth Sousa,96,75.6,91.6,70.4,6.8117547,1.3324454850654845,0.6267775443349651,0.7652493867909204,0.13847184245595523,1.1250387290556665,1.578648807970644,0.4536100789149775,1.894571365686633,2.626153500047721,0.731582134361088,2.1283421830975846,2.423180784807322,1,1,1,1,2,4,1,0,1,0,0,1
3998854,e7b51e58-2fa5-43e0-9a20-74bd4ecda954,1,40,1,Portugal Women's,Francisca Ramos Ribeiro Nazareth Sousa,Fátima Alexandra Figueira Pinto,92.4,68.3,79.2,64.3,13.792751,-7.957840989715891,1.0530500261842564,0.12554258204043464,-0.9275074441438217,1.6087936214509244,0.38608457823335024,-1.2227090432175742,2.437918528403686,0.9198222019513337,-1.5180963264523522,0.9295763407794054,6.508208342039702,1,0,2,0,2,1,0,0,1,0,1,1
3998854,8f7f613d-e448-45a1-a0e7-5f376ff50bf8,1,40,3,Portugal Women's,Fátima Alexandra Figueira Pinto,Diana Catarina Ribeiro Gomes,78.6,62.8,69.7,55.6,11.447707,-5.40046133644519,0.3085195041178325,0.03968020625242748,-0.26883929786540506,0.5816368620235925,0.19328636205901473,-0.3883504999645778,1.073519313567758,0.5482299383705738,-0.5252893751971843,3.606627301538262,10.312822439280605,0,0,1,0,1,0,0,0,1,0,1,1
3998854,29f83240-ebb5-40c3-8b4f-089c2b78eec9,1,40,5,Portugal Women's,Diana Catarina Ribeiro Gomes,Joana Filipa Gaspar Silva Marchão,70.3,54.7,84.8,10.8,46.232674,6.093482394577158,0.20670858613800205,0.40055017653148717,0.1938415903934851,0.47484533889787994,0.6595567551291994,0.18471141623131948,0.9329813599877812,1.1146835465387572,0.18170218655097603,4.886731638267375,2.8008801100350156,0,1,1,1,1,1,0,0,0,1,1,1
3998854,3242cfed-3116-47a2-b49b-5c78bde04c93,1,41,7,Portugal Women's,Fátima Alexandra Figueira Pinto,Joana Filipa Gaspar Silva Marchão,90.5,4.2,91.4,2,2.376973,-1.1715988887494007,0.44482448967273047,0.6909112145385201,0.24608672486578964,0.8624010902567542,1.0943138630259888,0.2319127727692346,1.438227686627809,1.6320001109199556,0.19377242429214658,3.8190591686541158,2.1092015980176604,0,1,1,2,2,2,1,0,1,0,0,1
3998854,87205536-b4dd-46f7-831a-cfbcabe5bb10,1,41,8,Portugal Women's,Joana Filipa Gaspar Silva Marchão,Fátima Alexandra Figueira Pinto,93,2.2,109.4,7.4,17.20465,12.172533104815258,0.6042260521570544,0.5573680363531116,-0.046858015803942776,0.9673260382490287,0.8612924223473346,-0.10603361590169413,1.4634000150413222,1.350805160097331,-0.11259485494399124,2.132450165656744,1.981966970046124,1,1,1,1,2,1,1,0,0,0,0,0
3998854,329584ab-f5ad-429e-9ae9-5b0f1492efb2,1,41,17,Belgium Women's,Tessa Wullaert,Jarne Teulings,34.6,57,27.7,73.2,17.608236,-11.013798662400617,0.7232080460312325,0.4373189191035438,-0.28588912692768864,1.3760612832393306,0.9657193073324928,-0.41034197590683785,2.2391972791617296,1.7916927231200033,-0.44750455604172634,2.813710049122286,3.405882053839889,1,0,2,1,3,2,0,0,0,0,0,0
3998854,6ee32a4b-c257-4961-8e4a-5a678f1e90c0,1,41,48,Portugal Women's,Carole da Silva Costa,Fátima Alexandra Figueira Pinto,42.3,26.7,55.9,26.7,13.6,13.364812442875177,0.4836219169808452,0.09356625124363224,-0.39005566573721295,0.8098986952553353,0.3881679283482221,-0.4217307669071132,1.1702247487062292,0.9110004647982954,-0.25922428390793373,2.7224273941869357,9.251944004517973,1,0,1,0,2,0,0,0,1,0,0,1
3998854,1a0b8838-aa34-41d7-8d44-005c6ec9ab08,1,41,50,Portugal Women's,Fátima Alexandra Figueira Pinto,Joana Filipa Gaspar Silva Marchão,50.8,25.7,55.7,10.1,16.351452,-0.2498340084027717,0.38575173499306936,0.15090295678262222,-0.23484877821044714,0.878632912013003,0.47946285012442474,-0.39917006188857823,1.4753032766317065,1.0472415929784393,-0.42806168365326713,4.663728918922646,6.47252915194575,0,0,1,0,3,1,0,0,1,0,0,1
3998854,44e78868-fa03-4109-b227-916ebeb5b13c,1,41,52,Portugal Women's,Joana Filipa Gaspar Silva Marchão,Diana Micaela Abreu de Sousa e Silva,56.1,10.3,75.9,27.8,26.425177,24.708464557297454,0.15090300502974105,0.6603755368565611,0.5094725318268201,0.4794629403878036,1.2788297320199042,0.7993667916321006,1.0472417127129066,2.1547097179482075,1.107468005235301,6.472528173525196,2.593118153764862,0,1,0,1,1,3,0,0,1,0,0,1
3998854,06894c76-48bf-4bf4-b21f-4798e3206cba,1,41,54,Portugal Women's,Diana Micaela Abreu de Sousa e Silva,Tatiana Vanessa Ferreira Pinto,73.1,31,77.1,46.7,16.201544,4.335691184645654,1.108594436986568,0.6591946687028242,-0.44939976828374373,1.9428557190615465,1.2656643963580643,-0.6771913227034823,3.043268615742224,2.072242678988006,-0.9710259367542182,1.613632842647176,3.426871408356024,1,0,2,2,3,2,0,0,1,0,0,1
3998854,d7fbcc5a-1f6a-4f92-a6d5-f4c90ef5e07a,1,41,57,Portugal Women's,Tatiana Vanessa Ferreira Pinto,Catarina Amado,76.9,51.1,85.9,72.8,23.49234,-2.8079701036764604,0.7134609077827982,0.11572545419165763,-0.5977354535911407,1.2542269808476318,0.41785986842143236,-0.8363671124261995,1.9803052771042786,0.9479190733384548,-1.0323862037658238,2.476219930025257,7.947086484994166,1,0,2,0,2,1,0,0,1,0,0,1
3998854,73c810d1-d851-4776-b368-36eae8c5f9d4,1,42,1,Portugal Women's,Catarina Amado,Diana Micaela Abreu de Sousa e Silva,97.5,70.8,97.3,48.4,22.400892,13.938681877291991,0.5728439499128455,0.39921310170062574,-0.17363084821221975,0.9883316217974056,1.0761766963647645,0.0878450745673589,1.5367423375452527,2.1391075917999727,0.60236525425472,2.2801739915179553,4.352040989077522,1,0,1,1,1,2,0,0,1,0,0,1
3998854,b7de6659-3d24-4ee9-aaa3-39c72932444c,1,42,5,Portugal Women's,Diana Micaela Abreu de Sousa e Silva,Tatiana Vanessa Ferreira Pinto,94.2,55.4,91.6,45,10.720075,1.2098483593689195,0.5873597993193131,0.9095868238036382,0.32222702448432505,1.3801081898527996,1.8070086692071898,0.42690047935439024,2.5388759181062146,3.040666043923071,0.5017901258168562,4.127523109678935,1.6611834909229533,0,1,2,1,3,3,0,0,1,0,0,1
3998854,3ccfe24e-7ed8-469c-8c3b-32e129eceeef,1,42,6,Portugal Women's,Tatiana Vanessa Ferreira Pinto,Fátima Alexandra Figueira Pinto,90.5,45,78,41.6,12.95415,-12.109736540616595,1.2043035708624887,0.19963274086579982,-1.0046708299966889,1.9893552284924703,0.5598767446005951,-1.429478483891875,3.091667144144364,1.1685936047232257,-1.9230735394211385,0.4769308732068626,6.058825810782133,1,0,1,0,3,1,0,0,1,0,0,1
3998854,f49194dd-00d6-4fd6-85f6-298332408248,1,42,8,Portugal Women's,Fátima Alexandra Figueira Pinto,Joana Filipa Gaspar Silva Marchão,77.8,41.6,84.4,24.6,18.236227,3.4421783426847483,0.1996325801046846,0.1647489496511612,-0.03488363045352341,0.559876460642209,0.5135599759383918,-0.04631648470381722,1.1685932176032097,1.1378819506782498,-0.030711266924959846,6.058827918112305,6.049377230739294,0,0,0,0,1,1,0,0,1,0,0,1
3998854,ef11efe4-f4d0-492e-803e-3398a2f9656f,1,42,10,Portugal Women's,Joana Filipa Gaspar Silva Marchão,Andreia Alexandra Norton,83.7,23.3,91.8,25.4,8.367795,8.201912615179708,0.4303601486297686,0.6835325462186164,0.25317239758884774,0.7985437978546646,1.3942013982061585,0.595657600351494,1.39221752006476,2.293345265918236,0.9011277458534759,2.7728012824686448,3.426116303384354,1,0,1,2,1,3,0,0,1,0,0,1
3998854,fefec3b6-98e7-4e88-a4ee-2f31599f9709,1,42,12,Portugal Women's,Andreia Alexandra Norton,Joana Filipa Gaspar Silva Marchão,92.4,24.3,93,4.2,20.108953,-13.08720795201647,0.6835326995106167,0.17429286578615033,-0.5092398337244664,1.3942015429383947,0.4980854858010366,-0.8961160571373581,2.2933453933271486,1.020146071074101,-1.2731993222530475,3.426114783309345,6.0771545140200125,0,0,2,0,3,1,0,0,1,0,0,1
3998854,1ab3c5b3-065e-4a28-9727-e9a0d4d45862,1,42,39,Portugal Women's,Ana Ines Palma Capeta,Carole da Silva Costa,111.6,8.7,83.7,12.5,28.157593,-13.132970551668194,1.518611497002681,0.7293529655369614,-0.7892585314657196,2.275740560510764,1.1387021139769942,-1.1370384465337697,3.0781697029935664,1.785232427296236,-1.2929372756973303,1.9576778747912513,1.401049180441043,3,1,3,1,4,2,1,0,0,0,0,0
3998854,7e6e70b7-08e4-411c-8b74-cab77708cfbc,1,43,40,Belgium Women's,Lisa Lichtfus,Laura Deloose,13.7,34.7,34.6,4.1,37.05631,13.793121341586243,0.035483540581101126,0.06367918682532482,0.028195646244223695,0.22100350222122347,0.21459291882539727,-0.006410583395826203,0.635509472711965,0.47791125514792376,-0.15759821756404124,12.75615603058195,8.36230842307966,0,0,0,0,0,0,0,0,0,0,0,0
3998854,98bfe418-2f2f-4d6e-b074-21b052fc6be6,1,43,59,Belgium Women's,Sari Kees,Justine Vanhaevermaet,26.9,19.6,48.2,21.1,21.35275,21.062938556837878,0.026077307087292518,0.1484043008312494,0.12232699374395688,0.17709403649834027,0.5352119349323445,0.35811789843400427,0.5367589586447832,1.2258991860339699,0.6891402273891867,13.451193148342465,6.837008855026757,0,0,0,0,0,1,0,0,0,0,0,0
3998854,ab3956f9-449e-474d-8993-2ad754865b86,1,44,15,Portugal Women's,Patricia Isabel Sousa Barros Morais,Carole da Silva Costa,13.9,45.8,25.2,36.5,14.63489,11.393823729071613,0.00003928673494381956,0.0007676787970311747,0.0007283920620873551,0.002924711392383237,0.016461537055490513,0.013536825663107276,0.03351136315468373,0.09634778537967195,0.06283642222498823,31.417575587053907,21.950470445087234,0,0,0,0,0,0,0,0,1,0,0,1
3998854,fdcd1699-df4b-4e88-ae7b-3cc3f5c000c5,1,44,21,Portugal Women's,Carole da Silva Costa,Tatiana Vanessa Ferreira Pinto,41.2,43.7,50.2,61.9,20.303694,5.731845166777418,0.04373048294589417,0.11897794789497038,0.0752474649490762,0.2343474450077369,0.40263181572905077,0.16828437072131386,0.6642003856585368,0.871393926371562,0.2071935407130252,11.214115845133987,8.193604041658276,0,0,0,0,0,0,0,0,1,0,0,1
3998854,3c04c1c6-99e9-4b3b-9250-a3b5a106a3e0,1,44,23,Portugal Women's,Tatiana Vanessa Ferreira Pinto,Diana Catarina Ribeiro Gomes,50.2,63.7,44,55.2,10.520931,-3.791258014389399,0.375592778817596,0.03175877461855274,-0.34383400419904325,0.7030378866730028,0.19746169733232316,-0.5055761893406796,1.1621624947792044,0.6244883851846507,-0.5376741095945538,3.2387048823859126,11.655696480980959,0,0,1,0,1,0,0,0,1,0,0,1
3998854,e4a464cd-064a-4319-be92-82c1232b291c,1,44,26,Portugal Women's,Diana Catarina Ribeiro Gomes,Carole da Silva Costa,44.5,55,43.1,34.1,20.946838,-0.15035530479958936,0.03175877578448033,0.007882631722729658,-0.023876144061750672,0.19746170033691127,0.08238898671306648,-0.11507271362384479,0.6244883898480025,0.3651694020787295,-0.259318987769273,11.65569618828365,15.193769656553826,0,0,0,0,0,0,0,0,1,0,0,1
3998854,4354c887-6e9d-4383-ab8f-7394c7a3857d,1,44,30,Portugal Women's,Carole da Silva Costa,Diana Catarina Ribeiro Gomes,51.4,37.7,48.5,50.1,12.734598,-3.571287103516596,0.09334236792159761,0.056439327755786084,-0.03690304016581153,0.3664696273094631,0.2633754247734818,-0.10309420253598128,0.9141606958652282,0.7130346063820658,-0.20112608948316235,8.063605712497788,9.371995793333253,0,0,0,0,0,0,0,0,1,0,0,1
3998854,adb00ed2-ed01-435e-9ed2-c69c9164125a,1,44,33,Portugal Women's,Diana Catarina Ribeiro Gomes,Tatiana Vanessa Ferreira Pinto,50,56.8,54.6,71.6,15.498387,-0.6463750067354823,0.2630938546800281,0.15570385773563453,-0.10738999694439358,0.5779406811063972,0.4545157379249084,-0.12342494318148878,1.0540816928451493,0.9164409537851453,-0.13764073906000396,4.359494280821765,6.919251069663935,0,0,1,0,1,1,0,0,1,0,0,1
3998854,8bb76602-4caa-405b-a981-3ac43a3dbe2e,1,44,35,Portugal Women's,Tatiana Vanessa Ferreira Pinto,Francisca Ramos Ribeiro Nazareth Sousa,57.6,72.6,61.9,63.3,10.245975,7.80463348351671,0.4510157829203662,0.5227070599648287,0.07169127704446249,0.7816712281525193,1.0364623415632233,0.25479111341070393,1.2418668224511418,1.737143256449736,0.4952764339985942,2.683665630393681,2.746252707830324,1,1,1,1,1,1,0,0,1,0,0,1
3998854,fe9dd4da-6ccd-4393-9b77-75766b74a8b7,1,44,42,Portugal Women's,Francisca Ramos Ribeiro Nazareth Sousa,Diana Micaela Abreu de Sousa e Silva,75.5,75.8,85,73,9.904039,9.0089043661973,0.38830316001623816,0.9164216211037924,0.5281184610875542,0.7196121214587976,1.575870031925612,0.8562579104668144,1.2655407726924002,2.386969533762457,1.1214287610700568,3.01906067258323,1.7023080102850185,0,1,1,1,1,3,0,1,1,0,0,1
3998854,eac2ca81-763c-43c2-b25c-66c41d724a8a,1,44,43,Portugal Women's,Diana Micaela Abreu de Sousa e Silva,Catarina Amado,84.8,74,83.5,77.1,3.3615472,-3.105642518358401,0.9833391240542324,0.1849065070308661,-0.7984326170233663,1.6793948283832834,0.601983734144209,-1.0774110942390744,2.49014593040168,1.2827025425302487,-1.2074433878714315,1.7168404692029429,7.2687654761200164,1,0,2,0,3,1,1,0,1,0,0,1
3998854,2b326fd5-855b-4e02-8bf1-f8453c36375d,1,44,50,Portugal Women's,Catarina Amado,Carole da Silva Costa,72.9,53.9,62.7,34.3,22.09525,-8.474562155132972,0.5014218679416566,0.05062416739273581,-0.45079770054892077,1.11189505321737,0.22097453342371293,-0.8909205197936569,2.0224446241766345,0.6495335029296762,-1.3729111212469585,3.2762932710874164,9.209618166084434,0,0,1,0,2,0,0,0,1,0,0,1
3998854,7869bb42-b71f-4f97-8d90-77c2e90df198,1,44,55,Portugal Women's,Carole da Silva Costa,Andreia Alexandra Norton,63.8,36.9,77.6,63.7,30.14432,7.711263193590305,0.6586188832457918,0.05011851686923369,-0.608500366376558,1.0336218547200355,0.32301995460982164,-0.710601900110214,1.643964443759535,1.0084168012916668,-0.6355476424678683,1.618881238217701,12.34289507078828,1,0,1,0,1,0,0,0,1,0,0,1
3998854,e1a374f6-5a6d-4107-a6fa-c4fb5541ad7a,1,44,58,Portugal Women's,Andreia Alexandra Norton,Diana Micaela Abreu de Sousa e Silva,78.2,63.7,95.8,57,18.832153,18.47701354582159,0.17151213796065443,0.6176655776091955,0.44615343964854104,0.5982251409379261,1.29788224284185,0.6996571019039238,1.3603020186545252,2.2768586829425157,0.9165566642879905,6.9113899283929365,3.082981493454655,0,0,0,1,1,3,0,0,1,0,0,1
3998854,33577686-2ca9-4665-ac39-711559c15d3c,1,45,3,Portugal Women's,Diana Micaela Abreu de Sousa e Silva,Diana Catarina Ribeiro Gomes,97.3,72.8,77.8,74.7,19.592346,-14.745541994889201,0.6458162304508036,0.018710260496171808,-0.6271059699546317,1.0922291320780753,0.15211321432351302,-0.9401159177545623,1.7978809576557022,0.5807661826622291,-1.217114774993473,1.8032755039756168,13.226246314518503,1,0,1,0,1,0,0,0,1,0,0,1
3998854,b4a08f58-c86c-4f14-ab6d-35871319238e,1,46,8,Portugal Women's,Tatiana Vanessa Ferreira Pinto,Ana Ines Palma Capeta,69.7,19.5,78.2,19.5,8.5,7.76072232828669,0.9203964634017521,0.433428975523994,-0.48696748787775807,1.3330837302538718,0.8794312290934245,-0.4536525011604473,2.0603834128629406,1.5368939549389855,-0.5234894579239551,0.5939087566291543,3.392226337864236,1,0,1,1,1,2,1,0,1,0,0,1
3998854,1695513d-02ae-42d7-b531-5569434afa6e,1,46,9,Portugal Women's,Ana Ines Palma Capeta,Francisca Ramos Ribeiro Nazareth Sousa,78.2,19.5,71.9,28.4,10.904128,-2.922675447029256,0.433428975523994,0.8091061827861136,0.37567720726211956,0.8794312290934245,1.5238695486919027,0.6444383195984782,1.5368939549389855,2.437424102181261,0.9005301472422753,3.392226337864236,2.349375757013332,0,1,1,2,2,3,0,0,1,0,0,1
3998854,2a6a455d-58e7-4cac-9f95-d3f0595baa01,1,46,17,Portugal Women's,Carole da Silva Costa,Francisca Ramos Ribeiro Nazareth Sousa,63.3,25.7,76.7,30.8,14.337712,14.208886125260761,0.21451324087402024,0.5253229139605595,0.3108096730865393,0.6710778843346964,1.1138095661287601,0.44273168179406375,1.3878264527977555,1.9493213301669747,0.5614948773692192,7.10026667902775,2.942096119271719,0,1,0,1,2,2,0,0,1,0,0,1
3998854,345a87af-30c7-4386-b6e0-263d7501dc01,1,46,25,Portugal Women's,Catarina Amado,Joana Filipa Gaspar Silva Marchão,85.7,56.2,84.2,23.7,32.534595,-1.4028849066423064,0.6207936637152095,0.012806791040873006,-0.6079868726743365,1.3145871029823004,0.12930201630439522,-1.1852850866779052,2.314906954583847,0.5481662952843669,-1.7667406592994803,4.023252069740758,14.740274991419696,0,0,2,0,3,0,0,0,1,0,0,1
3998854,72b21583-0daa-4f6d-974a-f86ad8bedc52,1,46,30,Portugal Women's,Joana Filipa Gaspar Silva Marchão,Fátima Alexandra Figueira Pinto,84.2,23.7,77.1,32.9,11.621101,-4.147444391042114,0.32476534499951665,0.10553051385012754,-0.2192348311493891,0.6985715047095983,0.3648765024471032,-0.3336950022624951,1.3356372224469801,0.9112369801426498,-0.4244002423043304,3.71957206424765,7.208590816170398,0,0,1,0,1,1,0,0,1,0,0,1
3998854,cc8ed0a4-a954-499e-9bd0-c6239630f8e3,1,46,32,Portugal Women's,Fátima Alexandra Figueira Pinto,Diana Catarina Ribeiro Gomes,73.1,34.6,71.4,50.5,15.9906225,-2.511472726494489,0.1368729273916544,0.03356251854017079,-0.10331040885148363,0.3987291120094017,0.1869787519680093,-0.2117503600413924,0.9299784857203904,0.5617271002177483,-0.36825138550264214,6.203204095895887,11.218887682897304,0,0,0,0,1,0,0,0,1,0,0,1
3998854,68121bec-a6d3-4a06-bac1-fa91fae79665,1,46,34,Portugal Women's,Diana Catarina Ribeiro Gomes,Fátima Alexandra Figueira Pinto,71.2,50.3,72.7,36.1,14.279006,2.4146342097303446,0.08169501857984844,0.06069886975479218,-0.02099614882505626,0.2971314486951239,0.2767410371249706,-0.02039041157015331,0.7318828769117139,0.7860138837741055,0.054131006862391584,8.03808688284099,9.152814666773798,0,0,0,0,0,0,0,0,1,0,0,1
3998854,35330f0a-9ca9-44bd-aae0-fb6084d3a3ef,1,46,36,Portugal Women's,Fátima Alexandra Figueira Pinto,Francisca Ramos Ribeiro Nazareth Sousa,78.8,33.3,92,30,13.606249,12.009089128451105,0.24955306655543988,1.282814635798056,1.0332615692426161,0.6015842858009562,2.0478294512288775,1.4462451654279214,1.2825748959926808,3.094995065966839,1.8124201699741582,4.446983053630081,0.4620360062287931,0,1,1,2,1,3,0,1,1,0,0,1
3998854,058ededf-c75d-4629-ace5-f26751f8c52e,1,46,57,Belgium Women's,Janice Cayman,Laura Deloose,49.5,11.8,56.3,5.6,9.202173,3.535727261564219,0.10765943364885312,0.07052186804077129,-0.03713756560808183,0.3427371910529702,0.2922121536984123,-0.05052503735455788,0.7406292806203407,0.7239222427289984,-0.016707037891342313,7.122296515692374,9.099216876391532,0,0,0,0,1,0,0,0,0,0,0,0
3998854,df49b31a-6d83-488c-a977-2a3f2d5c1c59,1,47,0,Belgium Women's,Laura Deloose,Jarne Teulings,58,5.4,64.6,10.1,8.1024685,8.04741359663879,0.2407892672711458,1.1580767605837337,0.9172874933125879,0.7288041293294323,1.9007098770221527,1.1719057476927204,1.5163036606203808,2.8558898417372633,1.3395861811168825,5.839402854409753,1.2744048940171568,0,1,0,2,1,4,0,1,0,0,0,0
3998854,da344497-7d25-4797-99d1-1b9ccbab8228,1,47,2,Belgium Women's,Jarne Teulings,Marie Detruyer,63.4,13.9,69.5,19.9,8.556284,7.974818329245707,1.1713052130534798,0.8148468254829597,-0.35645838757052006,2.025669750223798,1.8096960398576494,-0.21597371036614854,3.122297133616681,3.0887040537038177,-0.0335930799128632,1.1447090454519984,3.204044215635548,1,0,2,2,4,3,1,0,0,0,0,0
3998854,0f98cc4d-7b7f-4b71-ae2e-e800f68286ee,1,47,6,Portugal Women's,Catarina Amado,Carole da Silva Costa,42.5,67.5,36.6,47.9,20.468758,-1.538904093092384,0.12020460326251631,0.01580310447061228,-0.10440149879190402,0.42811113120255273,0.14037850914259423,-0.28773262205995853,0.9445411596742042,0.5159417348301525,-0.42859942484405167,7.839387322713256,14.509357954560722,0,0,0,0,1,0,0,0,1,0,1,1
3998854,baed42e7-b4c5-4211-b937-6942bed11293,1,47,9,Portugal Women's,Carole da Silva Costa,Tatiana Vanessa Ferreira Pinto,37.2,46.9,48.1,45.6,10.977249,10.969251658130844,0.020450050474524036,0.11745364234761424,0.09700359187309021,0.17567690729380142,0.5027224831808997,0.3270455758870983,0.6335371323373009,1.2248157388223548,0.5912786064850539,14.166806899084316,8.928390474499691,0,0,0,0,0,0,0,0,1,0,1,1
3998854,330f31ea-b1d2-40d8-8b6e-5425d1459bdd,1,47,12,Portugal Women's,Tatiana Vanessa Ferreira Pinto,Ana Ines Palma Capeta,50.6,49.2,101,52.7,50.52138,47.15347757877906,0.2777036935778466,0.637097900338425,0.35939420676057837,0.7767737238621681,1.2079374343719465,0.4311637105097783,1.6082240824034864,1.9029591543397597,0.29473507193627335,4.826423500961724,3.2169389934367167,0,0,1,1,1,3,0,0,0,1,1,1
3998854,b68a6c93-7024-4d07-8dad-e8d22e4ae4a8,1,48,24,Belgium Women's,Laura Deloose,Mariam Abdulai Toloba,77.4,7.5,90.3,18.2,16.76007,16.739846839663663,0.6620765396731967,1.0558570234942626,0.3937804838210659,1.1610085246438195,1.5507476743532473,0.3897391497094278,1.8658502971141355,2.311353760589441,0.44550346347530567,2.065068269552437,0.6156159515563334,1,1,1,1,2,2,0,1,0,0,0,0
3998854,43a57524-d9a3-43e3-8c86-40f8a7263367,1,48,26,Belgium Women's,Mariam Abdulai Toloba,Marie Detruyer,89.6,13.6,112.6,12.4,23.031282,11.688320417782702,1.176715160135358,0.1602486608599493,-1.0164664992754087,1.7496327620905139,0.5258135799728397,-1.223819182117674,2.4768028887075157,1.17285958776019,-1.3039433009473258,1.0389344434834262,6.5313644623723075,1,0,2,0,3,1,1,0,0,0,0,0
3998854,d2477088-ea5f-4a0c-906c-c4c1c331824d,1,48,46,Portugal Women's,Ana Ines Palma Capeta,Francisca Ramos Ribeiro Nazareth Sousa,78.6,49.9,82.6,43.6,7.462573,4.9943783780650435,1.0013930684939512,1.4007762834473638,0.39938321495341267,1.6704220240381127,2.094306667467264,0.42388464342915144,2.5556471289160596,2.981256815169331,0.4256096862532712,1.3890001756787218,0.5388834826291787,1,1,2,2,3,3,0,1,0,0,0,0
3998854,a39fab71-b0dd-480d-99c8-706e8a4c9c05,1,49,4,Belgium Women's,Sari Kees,Jarne Teulings,15.3,27,34.2,27.3,18.90238,18.769155205339885,0.16278424035135455,0.07372803125097999,-0.08905620910037457,0.4432400623483302,0.3185160008728001,-0.12472406147553011,0.8401181089122347,0.7748910950499471,-0.06522701386228758,6.077582827432652,9.31476809392506,0,0,0,0,1,0,0,0,1,0,0,1
3998854,2dd882c2-4b91-421a-b8b2-2add6d9e0503,1,49,21,Portugal Women's,Francisca Ramos Ribeiro Nazareth Sousa,Andreia Alexandra Norton,55.9,67.5,49.8,74,8.914034,-8.250274330984212,1.467359409503158,1.2525791686330672,-0.21478024087009073,2.1957532898011856,1.9724061856104966,-0.22334710419068893,2.988072981338898,2.7524256355587404,-0.23564734578015756,1.4522019551638092,0.9234171067344448,2,1,2,2,4,4,0,1,1,0,0,1
3998854,fd3975de-0481-429e-90fb-a43507dd65be,1,49,23,Portugal Women's,Andreia Alexandra Norton,Catarina Amado,49.5,76.8,29.3,72,20.762466,-16.652805467552696,0.8894115218146452,0.0923901045027697,-0.7970214173118755,1.5034170285988178,0.29067081740911327,-1.2127462111897045,2.258725930537725,0.6516267467550294,-1.6070991837826958,1.4084258857445038,7.35170171508991,1,0,1,0,2,1,0,0,1,0,0,1
3998854,bd472d8c-aa08-4f20-ae09-5d4e444fa58c,1,49,26,Portugal Women's,Catarina Amado,Carole da Silva Costa,29.5,71.1,28.5,39.7,31.41592,4.194126646522122,0.12046082261031452,0.0016268543915728029,-0.11883396821874172,0.3282980007412745,0.03352553683036112,-0.2947724639109134,0.6644364387826003,0.19324770873920236,-0.4711887300433979,6.504231677846421,20.845237449483953,0,0,0,0,1,0,0,0,1,0,0,1
3998854,99241b15-6458-46be-b947-8673d8e1e7c5,1,49,53,Belgium Women's,Justine Vanhaevermaet,Laura Deloose,42.5,49.3,56.1,11.6,40.07805,8.129115141735525,0.1306774704197438,0.1998514353305451,0.0691739649108013,0.4083594073111714,0.48513583317139414,0.07677642586022276,0.8626827616054442,0.9392990964721865,0.07661633486674224,6.702870692449725,5.201738813470774,0,0,0,0,1,1,0,0,1,0,0,1
3998854,2796070c-2b34-4a74-ab63-aae635de1d58,1,49,58,Belgium Women's,Laura Deloose,Jill Janssens,56.1,26.8,82.9,70,50.83778,17.537399327799548,0.35227421540893056,0.1950268110412511,-0.15724740436767945,0.944050769805765,0.4419961824936722,-0.5020545873120927,1.8161219541968796,0.8474076602590933,-0.9687142939377863,5.722713018740486,5.025196886540405,0,0,0,0,2,1,0,0,0,0,0,0
3998854,016859fa-e97c-4df2-8eb9-9376f40c229f,2,45,3,Belgium Women's,Jarne Teulings,Mariam Abdulai Toloba,52,39.6,63.3,42,11.552056,11.265914056858449,0.3300615050305344,0.5627724449843342,0.23271093995379982,0.7395059402125593,1.2133682317752756,0.4738622915627163,1.3070763217991368,1.9811265136179712,0.6740501918188344,4.417812664110762,3.6587667376776687,0,0,1,1,2,3,0,0,1,0,0,1
3998854,ebbe96c2-1779-4df5-a3da-e76d59cba00d,2,45,4,Belgium Women's,Mariam Abdulai Toloba,Tessa Wullaert,63.3,42,49.6,67.2,28.68327,-18.73658665289996,0.5627724449843342,0.13022085737378836,-0.43255158761054585,1.2133682317752756,0.37468694351903015,-0.8386812882562455,1.9811265136179712,0.7881003304815197,-1.1930261831364515,3.6587667376776687,6.453603572580379,0,0,1,0,3,1,0,0,1,0,0,1
3998854,20d0917f-9c9b-41ab-993a-f5bce7a424d3,2,45,7,Belgium Women's,Tessa Wullaert,Jill Janssens,47.2,69.8,55,76.3,10.153324,4.213834558701478,0.3215062642837811,0.48511374808133056,0.16360748379754947,0.5505971589602954,0.8899108290041509,0.3393136700438555,0.8198399342509204,1.388953150558524,0.5691132163076036,3.4655574116049483,3.0266011267644948,0,0,1,1,1,2,0,0,1,0,0,1
3998854,622ccf1a-9c2a-4039-a303-794f0c2cdb9b,2,45,9,Belgium Women's,Jill Janssens,Jarne Teulings,55.1,76.7,56.6,69.2,7.648529,4.756884967487821,1.055276111471478,0.8188623210173478,-0.23641379045413013,1.384899145756253,1.2323215066154134,-0.15257763914083955,1.8274687878217444,1.7661568722154073,-0.061311915606337086,0.3640867868301021,1.2482921437357442,1,1,1,1,2,2,0,1,1,0,0,1
3998854,25dc3152-ebcd-498d-9263-495f3196538f,2,45,10,Belgium Women's,Jarne Teulings,Jill Janssens,57,69.8,59.9,74.9,5.866856,0.19412200771168386,0.8275577903328807,0.6748811356001325,-0.15267665473274816,1.2405854674352643,1.1446173372582025,-0.09596813017706185,1.779734274390119,1.7353483614637915,-0.04438591292632754,1.1959827726763457,2.3981550015875586,1,1,1,2,2,2,0,0,1,0,0,1
3998854,6cb687ce-1f5c-4e77-a55e-727483f20b60,2,45,12,Belgium Women's,Jill Janssens,Justine Vanhaevermaet,63.9,61.9,58.3,43.2,19.520502,-1.5598411694551544,1.018394842643752,0.4291938408628273,-0.5892010017809246,1.8475595702527674,0.897089179126096,-0.9504703911266714,2.8371982448739708,1.6747374124652077,-1.162460832408763,2.7791835198761627,3.283367973763393,1,0,3,1,3,2,0,0,1,0,0,1
3998854,27c462ba-e997-4574-8b45-940fbe793656,2,45,14,Belgium Women's,Justine Vanhaevermaet,Janice Cayman,58.3,43.2,57.3,24.7,18.527008,-2.756828745991477,0.4291938408628273,0.08002207642312116,-0.34917176443970616,0.897089179126096,0.27223688753464437,-0.6248522915914516,1.6747374124652077,0.7021635117936593,-0.9725739006715484,3.283367973763393,7.758566077948322,0,0,1,0,2,1,0,0,0,0,0,0
3998854,fed5ad33-8425-48a0-85ff-487852d0b9f1,2,45,24,Portugal Women's,Tatiana Vanessa Ferreira Pinto,Lúcia Catarina Sousa Alves,29.4,43.7,37.4,57,15.520632,6.3442687798322055,0.7800703001886894,1.4499924423124366,0.6699221421237472,1.1860684938787525,2.0696520229020505,0.8835835290232981,1.6662630640227116,2.78543125360287,1.1191681895801582,2.437086904033993,0.7911038719885279,1,2,2,2,2,3,0,1,0,0,0,0
3998854,dc471698-cfc6-442d-912b-3228c4b37579,2,45,50,Portugal Women's,Francisca Ramos Ribeiro Nazareth Sousa,Fátima Alexandra Figueira Pinto,55.8,43.9,46.9,24.2,21.617123,-10.469684942802587,0.8161713385204653,0.022683888614249716,-0.7934874499062156,1.1083022294891889,0.1478912061979926,-0.9604110232911963,1.6633370766872382,0.4821381556854072,-1.181198921001831,0.7693004968198109,12.22206628566387,1,0,1,0,1,0,1,0,1,0,0,1
3998854,a6464f95-e294-4eb9-afb3-648825806f61,2,45,54,Portugal Women's,Fátima Alexandra Figueira Pinto,Joana Filipa Gaspar Silva Marchão,51.2,17.7,66,5.9,18.928286,8.458223927204116,0.04475267470486654,0.11664643629762257,0.07189376159275604,0.22780462342063076,0.3715751220432824,0.14377049862265165,0.665328580077512,0.8264335773100454,0.16110499723253335,9.948525517702745,7.0773302832636835,0,0,0,0,0,1,0,0,1,0,0,1
3998854,0897ba42-7ae4-43de-a014-5b49e947d973,2,45,56,Portugal Women's,Joana Filipa Gaspar Silva Marchão,Francisca Ramos Ribeiro Nazareth Sousa,67.1,5.3,70.9,20.6,15.764834,10.471659429766419,0.19406520214107292,0.5270250803135748,0.33295987817250183,0.5086757991609407,1.0038296650737004,0.49515386591275967,0.9956562456628505,1.7311699636647817,0.7355137180019312,5.682008947288685,2.5038908292373065,0,1,0,1,1,1,0,0,1,0,0,1
3998854,b835f779-88f8-46c8-a7b7-1890b2cac63f,2,45,59,Portugal Women's,Francisca Ramos Ribeiro Nazareth Sousa,Tatiana Vanessa Ferreira Pinto,68.9,18.2,63.1,23.6,7.924645,-3.6604706549931407,0.5867258017162974,0.1256800125345863,-0.46104578918171113,0.9353537854447049,0.4559090443048379,-0.479444741139867,1.5652356829940473,1.1210960060082462,-0.44413967698580104,1.7812943653042521,7.158334305189115,1,0,1,0,1,1,0,0,0,0,0,0
3998854,06154f7a-a7ad-4470-a419-5a1c2ea986c8,2,46,1,Portugal Women's,Tatiana Vanessa Ferreira Pinto,Ana Ines Palma Capeta,67.5,26.1,82.7,45.8,24.882322,16.560686133235258,0.22760460995087226,0.6996331982993552,0.47202858834848294,0.6835240330603416,1.3324561970961761,0.6489321640358345,1.4223791841548667,2.296218713196623,0.8738395290417564,7.047859034210516,1.809907029559479,0,1,0,1,2,1,0,1,0,0,0,0
3998854,16edd37d-226e-4c7d-944c-bd1c33b8aac0,2,46,42,Portugal Women's,Fátima Alexandra Figueira Pinto,Francisca Ramos Ribeiro Nazareth Sousa,51.7,12.1,56.8,28.6,17.270206,9.558788620400634,0.8448636243283286,0.49954958857614423,-0.3453140357521844,1.4691841722294001,1.1438916746464236,-0.3252924975829765,2.2916424326188745,2.1211954733956757,-0.17044695922319875,2.6214924892258384,4.223580521765961,1,0,2,2,2,2,0,0,1,0,0,1
3998854,2fc39ba2-347f-4ec8-a03d-1db3153b3bc5,2,46,57,Portugal Women's,Andreia de Jesus Jacinto,Francisca Ramos Ribeiro Nazareth Sousa,95.7,66.7,89.4,71.9,8.168843,-8.101378380190447,0.885238935834042,0.21195176136882998,-0.673287174465212,1.3455825255000524,0.5191493414712438,-0.8264331840288086,1.9721869136804546,1.0373720028068594,-0.9348149108735953,1.2431767256139312,5.083299339833225,1,0,1,0,2,1,0,0,1,0,0,1
3998854,2c646160-2169-4d63-a52f-635887cf53ed,2,47,0,Portugal Women's,Francisca Ramos Ribeiro Nazareth Sousa,Andreia de Jesus Jacinto,89.6,71.9,94,68,5.879626,5.855573051007724,0.39750256583790533,0.8505314468319564,0.45302888099405103,0.7365540469503216,1.2561202274551437,0.5195661805048222,1.2066415429523902,1.7630334426013847,0.5563918996489945,3.2975861405687854,2.170635437896355,0,1,1,2,1,2,0,0,0,0,0,0
3998854,16cfe37c-d414-4de3-9c3a-23306cfad203,2,47,0,Portugal Women's,Andreia de Jesus Jacinto,Lúcia Catarina Sousa Alves,94,68,101.7,74.4,10.012492,-0.7547812901524367,0.8505314468319564,0.09990513690097128,-0.7506263099309851,1.2561202274551437,0.3453852465003396,-0.9107349809548042,1.7630334426013847,0.7742760495938714,-0.9887573930075133,2.170635437896355,8.858500222536295,1,0,2,0,2,0,0,0,0,0,0,0
3998854,3902bb24-78d5-4f7e-a281-34298f3657fb,2,47,29,Belgium Women's,Sari Kees,Jarne Teulings,13.7,54.9,34.3,62.2,21.855206,18.810486122584805,0.26540793941824803,0.07741485354158675,-0.18799308587666128,0.5287421026641389,0.32104696698829593,-0.20769513567584297,0.8822800554351118,0.7918756891397126,-0.09040436629539916,4.147764008611409,8.467943425242277,0,0,1,0,1,0,0,0,0,0,0,0
3998854,f5abb7fc-5e8f-49a5-9696-43aadc657d5e,2,47,32,Belgium Women's,Jarne Teulings,Amber Tysiak,34.1,63.4,23.6,74.3,15.134728,-13.290166907758959,0.6402222280427353,0.18329571205186823,-0.4569265159908671,0.9818764727531549,0.434088638090662,-0.5477878346624929,1.422492659297863,0.7740975658554394,-0.6483950934424236,1.779229164638554,5.39599333413391,1,0,1,0,2,1,0,0,0,0,0,0
3998854,050f311f-0f7d-4182-9322-45abf4c0082c,2,47,34,Belgium Women's,Amber Tysiak,Jill Janssens,27.5,75.7,36.7,75.9,9.202173,8.443418153560813,0.6034452178095493,0.724046329452247,0.12060111164269771,0.8532112790776647,1.1610257548269554,0.30781447574929066,1.2026700047941412,1.63707815767077,0.4344081528766288,1.6346024200298157,1.8878167623622952,1,1,1,1,1,2,1,1,0,0,0,0
3998854,52bf70f0-7a94-443a-8b20-398246e5398e,2,47,39,Portugal Women's,Francisca Ramos Ribeiro Nazareth Sousa,Ana Ines Palma Capeta,100.3,33.5,109,48,16.909761,7.143167352649366,1.035667540278544,0.38981493014759433,-0.6458526101309496,1.7917724701655207,0.974822898151529,-0.8169495720139917,2.6589480894295057,1.7877505576954467,-0.871197531734059,1.9632976828096391,5.180496265821268,1,0,2,0,3,3,0,0,1,1,1,1
3998854,90ec393d-065a-4be6-8c78-6fb0df7014f7,2,47,47,Belgium Women's,Sari Kees,Marie Detruyer,15.2,14.7,33.1,3.2,21.275808,13.439809832801288,0.4477605342613088,0.4013150584689863,-0.0464454757923225,0.8316607514638908,0.6822722391051298,-0.14938851235876105,1.2871782766776745,1.1355055154010858,-0.15167276127658869,3.0465487692171425,2.823827855751292,0,1,1,1,2,1,0,1,1,0,0,1
3998854,57da0ddf-3946-4fcd-85c7-daea543fe87d,2,48,5,Portugal Women's,Francisca Ramos Ribeiro Nazareth Sousa,Diana Micaela Abreu de Sousa e Silva,84,31.5,84.6,40.1,8.620905,1.5897222337072705,1.1943075455379764,0.505754549066681,-0.6885529964712953,1.6657912027795094,1.130440754064829,-0.5353504487146805,2.31518535039071,2.0293254990232503,-0.2858598513674595,1.028575681649924,4.176958872394841,2,0,2,2,2,2,1,0,1,0,0,1
3998854,0da4ba29-a632-4783-beb1-4ca3749dcb10,2,48,8,Portugal Women's,Diana Micaela Abreu de Sousa e Silva,Ana Ines Palma Capeta,89,46.8,98,64,19.412367,-0.8205965912917854,0.7048285570339625,0.11653344418113644,-0.5882951128528261,1.4988628989651334,0.381523497043736,-1.1173394019213974,2.5917175883528842,0.9416404152060297,-1.6500771731468546,3.163391469749408,6.7816553708980445,0,0,2,0,2,1,0,0,0,0,0,0
3998854,c520b640-d591-4a53-a290-5f9bc6991d0b,2,48,14,Belgium Women's,Mariam Abdulai Toloba,Marie Detruyer,23.1,26.7,37.1,30.3,14.455449,14.34292457885158,0.48531895019734006,0.7348230144854963,0.2495040642881562,1.0744269331672085,1.1456845861694154,0.07125765300220688,1.8792578668696094,1.7787636438655063,-0.10049422300410304,3.5085899997628083,1.3321926546112197,0,1,1,1,2,1,0,1,1,0,0,1
3998854,02433083-075d-4b98-8f12-8cd8d837fa18,2,48,17,Belgium Women's,Marie Detruyer,Tessa Wullaert,38.4,33.6,51,63,31.986246,9.118209415670705,1.071510278090838,0.5530556263607296,-0.5184546517301085,1.5595740285019972,0.9692544440194492,-0.5903195844825481,2.1506307808264444,1.493786937204694,-0.6568438436217505,1.6833201630078884,2.773677204663734,2,1,2,1,2,2,1,0,1,0,0,1
3998854,c80021b1-9af1-4fbb-a6a3-981fa01c8452,2,48,20,Belgium Women's,Tessa Wullaert,Jill Janssens,51,63,39.1,66,12.272326,-12.242963182870099,0.7199051898808912,0.01819527607133101,-0.7017099138095603,1.1290767667081072,0.16311848751307792,-0.9659582791950293,1.6473240472452648,0.6028543272303434,-1.0444697200149213,1.822438855434965,14.725165300466585,1,0,1,0,2,0,0,0,1,0,0,1
3998854,d524e3f8-4270-4b22-a7ad-82c0a60e3d72,2,48,24,Belgium Women's,Jill Janssens,Jarne Teulings,45.3,66.2,49.4,74.9,9.617692,0.406290552584494,0.393084548162789,0.6456278522642944,0.25254330410150544,0.8114084140624842,1.061980901683598,0.2505724876211137,1.4143190551837774,1.581654632198334,0.1673355770145566,3.3844146244699638,2.3185430819075763,0,1,1,1,1,2,0,1,1,0,0,1
3998854,6c599bf1-4c37-4a15-8081-fca46e434556,2,48,25,Belgium Women's,Jarne Teulings,Amber Tysiak,49.4,74.2,30.1,71.8,19.44865,-16.911099335420147,0.7678191101782953,0.015005160773912968,-0.7528139494043823,1.1545904272758722,0.11241474504960883,-1.0421756822262633,1.6471658236414473,0.3684738085362984,-1.2786920151051488,1.6051514298165335,14.028402471624094,1,0,1,0,2,0,0,0,1,0,0,1
3998854,ff4c38ca-3320-4c96-b0a0-692b209b7c43,2,48,30,Belgium Women's,Amber Tysiak,Tessa Wullaert,28.7,69.3,43,63.2,15.546704,15.46713487155695,0.22115038036864648,0.6864547411142314,0.46530436074558496,0.5483039420661734,1.025895293446591,0.47759135138041764,1.0315328366755026,1.50664214754865,0.47510931087314745,5.06901433779538,1.3944976210142666,0,1,0,1,1,1,0,1,1,0,0,1
3998854,5128ef2a-3883-44c7-90c5-035353406e3b,2,48,34,Belgium Women's,Tessa Wullaert,Lisa Lichtfus,22.1,66,8.3,40.2,29.258844,-10.406497115634025,0.444772768408374,0.01910142487024366,-0.4256713435381303,0.9990060606762128,0.14180557505958225,-0.8572004856166305,1.6567897286765774,0.47987631199607517,-1.1769134166805022,4.338662138188054,12.855076781642733,0,0,1,0,2,0,0,0,1,0,0,1
3998854,0661f8ff-f8a7-4709-91ec-d4f8a9af0ce2,2,48,46,Portugal Women's,Andreia de Jesus Jacinto,Ana Ines Palma Capeta,92.7,55.6,115.6,61,23.528069,9.986803726940078,0.7129038684547331,0.09620311592702108,-0.616700752527712,1.3790648095371638,0.3480719216556313,-1.0309928878815326,2.2203184203848365,0.8731743916382831,-1.3471440287465533,3.4671883599866886,7.397201994346462,0,0,2,0,3,1,0,0,0,1,1,1
3998854,e7bda89b-f420-4ec8-8265-2f26d72e8303,2,48,49,Portugal Women's,Ana Ines Palma Capeta,Andreia de Jesus Jacinto,115.6,61,109.1,46.6,15.79905,8.713552747167913,0.09620311592702108,1.1813737763802823,1.0851706604532612,0.3480719216556313,1.955802067125673,1.607730145470042,0.8731743916382831,2.8391275460328713,1.965953154394588,7.397201994346462,1.4976421497158743,0,1,0,2,1,4,0,1,0,1,1,1
3998854,66cad81a-1d5f-4c50-ad5e-620bbc8c9022,2,49,0,Belgium Women's,Laura Deloose,Tessa Wullaert,65.9,3.2,59.6,14.6,13.024976,-0.09369762137890802,0.7042460763783146,0.22644842526907866,-0.47779765110923594,0.9123383133946604,0.6530517727099875,-0.25928654068467294,1.205646594098061,1.2914356025155702,0.08578900841750925,1.1495271417664104,5.878342265759766,1,0,1,0,1,1,1,0,0,0,0,0
3998854,d98c0701-94d4-4b57-a1e6-354cb0f1232b,2,49,8,Portugal Women's,Patricia Isabel Sousa Barros Morais,Fátima Alexandra Figueira Pinto,15.5,43.1,19.5,56.8,14.272,2.6514664818190994,0.5611170863805189,0.0037816737380588434,-0.5573354126424601,0.7938205116403946,0.04354919032782654,-0.750271321312568,1.0362516292641608,0.1782978486240877,-0.8579537806400731,1.859993540471669,17.275690231285278,1,0,1,0,1,0,0,0,1,0,0,1
3998854,7bdbf2f2-15ef-4e81-86dd-38d175f2a839,2,49,10,Portugal Women's,Fátima Alexandra Figueira Pinto,Tatiana Vanessa Ferreira Pinto,25.5,56.4,38.1,51.4,13.555811,13.222911904705384,0.004657492233482011,0.041283795491457706,0.036626303257975695,0.052351318893354495,0.21346650482606525,0.16111518593271074,0.20482025923182073,0.5567764963339107,0.35195623710208995,17.610816131954728,11.289139648279999,0,0,0,0,0,0,0,0,1,0,0,1
3998854,a60a73eb-bdd6-4d73-b54a-f7f153334489,2,49,17,Portugal Women's,Joana Filipa Gaspar Silva Marchão,Francisca Ramos Ribeiro Nazareth Sousa,43.7,16.3,58.6,8.8,16.681128,11.023711790815454,0.09059706450169658,0.047237113676613214,-0.043359950825083364,0.28241294572092257,0.1807902361489974,-0.10162270957192518,0.6477153725650082,0.46720502140866255,-0.18051035115634567,7.33202375290115,9.220842170402976,0,0,0,0,1,0,0,0,1,0,0,1
3998854,c3ed35fb-263b-43ba-9101-ca20bf5455a0,2,49,26,Portugal Women's,Francisca Ramos Ribeiro Nazareth Sousa,Diana Catarina Ribeiro Gomes,66.5,28.6,68.1,51.1,22.556818,1.6273745696244006,0.7731418626198042,0.021796307925424523,-0.7513455546943797,1.4193865923532785,0.1884994469012652,-1.2308871454520132,2.353625859251292,0.7140689814125588,-1.639556877838733,1.6711879144279778,13.59954360330596,1,0,1,0,2,0,0,0,1,0,0,1
3998854,96549671-3233-40f4-92a6-f95d33d204e6,2,49,30,Portugal Women's,Diana Catarina Ribeiro Gomes,Ana Ines Palma Capeta,75.1,50.7,93,53,18.047161,16.190691483833696,0.25996635291990344,0.6098413286648275,0.3498749757449241,0.6418999095141443,1.1511962350060694,0.509296325491925,1.3478230168605254,1.9419858251835118,0.5941628083229864,4.508071682717659,2.3367896938609287,0,1,1,1,1,2,0,0,1,0,0,1
3998854,d90f42f2-971d-423c-9a3c-4353b40989fa,2,49,52,Portugal Women's,Fátima Alexandra Figueira Pinto,Tatiana Vanessa Ferreira Pinto,82,8.9,83.4,23.2,14.368368,8.832495083889391,0.45009249455660266,0.22657331344671863,-0.22351918110988403,0.6816019213444378,0.6228127139408256,-0.058789207403612154,1.0618042597712838,1.34147009237442,0.27966583260313627,2.4273684501884025,5.3127457088823125,1,0,1,0,1,1,0,0,1,0,0,1
3998854,ad4f55f2-6cdb-410e-ace9-71f27c0625d6,2,49,53,Portugal Women's,Tatiana Vanessa Ferreira Pinto,Fátima Alexandra Figueira Pinto,82,22.1,75.7,7.8,15.62626,-12.76125850496473,0.31217483075034513,0.026992422813218703,-0.28518240793712646,0.7538270374424784,0.16401181343238228,-0.5898152240100961,1.463533104015952,0.5366840524673053,-0.9268490515486467,5.285376849698257,11.848233601481384,0,0,0,0,2,0,0,0,1,0,0,1
3998854,b52ddf73-4eaf-49a6-83a7-23eee6937b17,2,50,2,Belgium Women's,Amber Tysiak,Jill Janssens,17.7,56.9,16.4,66.8,9.984989,-3.323733018818146,0.27859022333427985,0.1253495300265793,-0.15324069330770054,0.6197031386659058,0.4208724537453462,-0.19883068492055955,1.1960882486867508,0.9725302294329283,-0.22355801925382246,4.137159947967228,6.951395361574436,0,0,1,0,1,1,0,0,0,0,0,0
3998854,f241e278-1769-4501-94ad-18d4cb150d3b,2,50,3,Belgium Women's,Jill Janssens,Lisa Lichtfus,16.4,66.8,3.7,54.3,17.819653,-10.165570874306653,0.1253495300265793,0.08756148287815925,-0.03778804714842006,0.4208724537453462,0.31479024485569723,-0.10608220888964898,0.9725302294329283,0.7008955766921178,-0.27163465274081056,6.951395361574436,8.730707775037843,0,0,0,0,1,0,0,0,0,0,0,0
3998854,7ab57c4a-9c90-4dc1-a515-5932cecf3389,2,50,5,Belgium Women's,Lisa Lichtfus,Tessa Wullaert,3.7,54.3,49,52.5,45.335747,45.08389558594364,0.08756148287815925,0.9623418504846998,0.8747803676065405,0.31479024485569723,1.4575670980224813,1.1427768531667841,0.7008955766921178,2.085363786714305,1.3844682100221872,8.730707775037843,0.908794035433446,0,1,0,1,0,2,0,1,0,0,0,0
3998854,41181f27-79f8-4027-9fba-ac594584ce69,2,50,11,Portugal Women's,Diana Catarina Ribeiro Gomes,Francisca Ramos Ribeiro Nazareth Sousa,63.1,40.5,85,45.1,22.377892,21.532577061954562,0.3307196343292598,0.7982687627597619,0.46754912843050206,0.7094855558877761,1.3107956045912166,0.6013100487034405,1.276107596284038,2.1738898772257476,0.8977822809417095,3.8058459595669265,1.1771722715044164,0,1,1,1,1,2,0,1,0,1,1,1
3998854,e9bb642b-8b15-4966-b3e6-8c742960bdf2,2,50,50,Portugal Women's,Francisca Ramos Ribeiro Nazareth Sousa,Fátima Alexandra Figueira Pinto,117.2,76.3,119,31.3,45.035984,27.650546144853877,0.05923923244799775,1.0854157589702487,1.0261765265222509,0.19230907849082365,2.0669029745458056,1.874593896054982,0.4585560788046972,3.3260608087129815,2.8675047299082843,8.485489290291175,1.7260639735737817,0,1,0,1,0,4,0,0,0,1,1,1
3998854,c3fa3e2e-32fb-4e4c-983d-7862f3c18e19,2,51,29,Belgium Women's,Jill Janssens,Jarne Teulings,44,73.8,39.1,70.8,5.745433,-3.3875553489961163,0.9866607665131428,0.4073999406681811,-0.5792608258449617,1.3756414825565428,1.0522848051124558,-0.323356677444087,1.9164443440550447,1.9148860407349815,-0.0015583033200632368,0.6866203767842167,6.037823922364908,1,0,1,0,2,3,0,0,0,0,0,0
3998854,f60e0b46-8094-4986-a9db-ca7eb9071d8c,2,51,31,Belgium Women's,Jarne Teulings,Tessa Wullaert,43,73.8,49.4,60,15.211838,10.713656143068036,1.1837607703713817,0.6755035655688553,-0.5082572048025265,1.8127683588290813,1.2745911066876838,-0.5381772521413974,2.5671555565238053,2.160976610593132,-0.4061789459306735,1.655423047968459,1.9250847264536326,2,1,2,1,3,1,0,0,0,0,0,0
3998854,bc88eac0-f330-4a9b-a6f2-de13762ba2ab,2,51,36,Portugal Women's,Andreia de Jesus Jacinto,Francisca Ramos Ribeiro Nazareth Sousa,92.7,29,101.9,40.5,14.727186,11.325900066927787,0.9269538396745974,0.3607792318164038,-0.5661746078581936,1.5813483140093871,0.879174252991796,-0.7021740610175912,2.3490982137332437,1.6126449546001043,-0.7364532591331394,1.8581086698937237,4.20056284016575,1,0,2,1,3,1,0,0,0,1,1,1
3998854,407d3153-105c-402a-9e77-95a137cd0496,2,51,51,Portugal Women's,Andreia de Jesus Jacinto,Lúcia Catarina Sousa Alves,111.8,70.5,96.3,59,19.300259,1.207252336085741,0.17127653266995785,0.009783813576151169,-0.1614927190938067,0.36291645260972283,0.11875334294890501,-0.24416310966081783,0.6866365380342369,0.5689560093918604,-0.11768052864237644,5.298513669396403,15.779942325591925,0,0,0,0,1,0,0,0,1,0,0,1
3998854,2e643fe5-7ea9-4898-8c54-8e2195e28cc8,2,51,54,Portugal Women's,Lúcia Catarina Sousa Alves,Ana Ines Palma Capeta,98.9,57.8,118.7,33.2,31.578474,20.682103551005085,0.05973559839743385,2.102675108983888,2.0429395105864545,0.31082402368240203,3.3695629010952683,3.0587388774128663,0.9701844941906196,4.747265211511965,3.777080717321345,9.470600588787008,0.990584849659531,0,3,0,4,0,6,0,0,1,0,0,1
3998854,d774e5e9-b423-4bab-a0b8-019320434559,2,52,5,Portugal Women's,Joana Filipa Gaspar Silva Marchão,Andreia de Jesus Jacinto,57.1,62.9,72.5,76.7,20.678492,6.912766425709435,0.00036841740065433697,0.02562749890678875,0.025259081506134415,0.010893489678326793,0.13227681277589246,0.12138332309756567,0.07536901872758989,0.3711846233752799,0.29581560464769,24.35742563765828,11.209369396191294,0,0,0,0,0,0,0,0,1,0,0,1
3998854,046afdf5-15ec-439d-a889-7b4729b9f09e,2,52,9,Portugal Women's,Andreia de Jesus Jacinto,Joana Filipa Gaspar Silva Marchão,72.5,76.7,63.5,58.9,19.945927,0.44881627597728624,0.16155421904930062,0.06482088045715197,-0.09673333859214865,0.3903952124146877,0.24788165113474678,-0.14251356127994094,0.7502363481354528,0.6020399932555587,-0.14819635487989413,5.586775511569789,8.526402307706874,0,0,0,0,1,0,0,0,1,0,0,1
3998854,f0b17bd8-4d38-46e7-8ecb-891bcd1dc77a,2,52,12,Portugal Women's,Joana Filipa Gaspar Silva Marchão,Fátima Alexandra Figueira Pinto,61.8,57.8,55.2,35.1,23.640009,-4.123844812788356,0.08599710133656435,0.008163352692270703,-0.07783374864429365,0.28726151705813213,0.06250973441215836,-0.22475178264597379,0.6460843683619995,0.21851943890199202,-0.42756492946000746,7.636199658020298,14.523320971341844,0,0,0,0,1,0,0,0,1,0,0,1
3998854,aafe07bb-7502-4e50-987e-d6fbe4bcf130,2,52,16,Portugal Women's,Fátima Alexandra Figueira Pinto,Diana Catarina Ribeiro Gomes,55.1,33.8,69.7,11.9,26.320524,7.578637486386604,0.050919284072376385,0.03203476873547858,-0.018884515336897806,0.21636178784604623,0.1824974930191257,-0.03386429482692052,0.5513742819482549,0.5667474911515094,0.015373209203254468,9.284927687204723,11.254719980447266,0,0,0,0,0,0,0,0,1,0,0,1
3998854,9edeb82e-a954-4bc8-ab1f-ac0987702523,2,52,19,Portugal Women's,Diana Catarina Ribeiro Gomes,Fátima Alexandra Figueira Pinto,67.9,11.8,51.8,19.2,17.719198,-12.059033308266166,0.1126053861773335,0.1072259632088141,-0.005379422968519398,0.3689030743059102,0.32726137126325516,-0.04164170304265502,0.8587879932964049,0.7485992493874998,-0.1101887439089051,7.035855082031809,6.880925357003348,0,0,0,0,1,1,0,0,1,0,0,1
3998854,4ffa6605-c0b3-4079-8070-1227dab87752,2,52,22,Portugal Women's,Fátima Alexandra Figueira Pinto,Patricia Isabel Sousa Barros Morais,50.2,20.6,26.5,45.1,34.087242,-21.193145766012066,0.27082969193134276,0.0003715117865653012,-0.27045818014477746,0.5336768424816489,0.012158707121608197,-0.5215181353600408,0.959961876029923,0.09125121760225095,-0.868710658427672,4.005637016282901,24.74253333421782,0,0,1,0,1,0,0,0,1,0,0,1
3998854,05ae0693-4617-40ff-b2c8-a039df919847,2,52,27,Portugal Women's,Patricia Isabel Sousa Barros Morais,Fátima Alexandra Figueira Pinto,26.5,45.1,34.4,25.2,21.410746,6.76896976390708,0.0007564101645643552,0.022634219360063206,0.02187780919549885,0.01808198857565772,0.11424172561629375,0.09615973704063603,0.11518394715862645,0.32310575692065663,0.20792180976203017,22.354568126549772,11.421286521739875,0,0,0,0,0,0,0,0,1,0,0,1
3998854,3e1c5c75-6ea2-479e-8633-236c80cd7cb8,2,52,31,Portugal Women's,Fátima Alexandra Figueira Pinto,Tatiana Vanessa Ferreira Pinto,34.9,24.1,43.3,35.9,14.484474,9.763123848621419,0.08720874600169558,0.1684982750239697,0.08128952902227411,0.27231400178895937,0.5902945382773713,0.31798053648841196,0.6181772119634994,1.2444287046259561,0.6262514926624567,7.429034609748223,8.289658452091627,0,0,0,0,1,0,0,0,1,0,0,1
3998854,5d6dc828-8734-42ab-b5b4-09379ff2b5e1,2,52,34,Portugal Women's,Tatiana Vanessa Ferreira Pinto,Francisca Ramos Ribeiro Nazareth Sousa,46.1,30.6,58.6,22.2,15.060212,10.567351506704085,0.47669526825595127,1.0654910548681567,0.5887957866122053,1.044458811375236,1.7301271578303754,0.6856683464551394,1.7356541558300396,2.610503186293982,0.8748490304639425,3.946625572647407,0.809992331757027,0,1,1,1,2,3,0,1,1,0,0,1
3998854,997d86b2-aadd-4414-aac4-1f5941438b1a,2,52,35,Portugal Women's,Francisca Ramos Ribeiro Nazareth Sousa,Joana Filipa Gaspar Silva Marchão,58.8,23.2,48.8,5,20.76632,-15.87350134656873,1.0654909058895876,0.020169624244173862,-1.0453212816454138,1.7301270936467472,0.1450694650470113,-1.585057628599736,2.610503175082537,0.49747061179164476,-2.113032563290892,0.8099930563556822,12.60612526982768,1,0,1,0,3,0,1,0,0,0,0,0
3998854,c674b050-2539-47c9-9e7e-9a3d2f0d98a9,2,52,46,Belgium Women's,Marie Detruyer,Mariam Abdulai Toloba,116.1,56.3,106.6,48,12.61507,1.1536626589728822,0.4993891111354302,1.2228953910252973,0.723506279889867,0.9529455782968933,2.305434544377172,1.352488966080279,1.744647974677652,3.495584804582316,1.750936829904664,2.4316617007999115,2.375553775335658,1,1,1,3,1,5,0,0,0,1,1,1
3998854,85a69145-42d9-4b9e-a889-700868d5669a,2,53,7,Portugal Women's,Fátima Alexandra Figueira Pinto,Joana Filipa Gaspar Silva Marchão,20.5,10.8,38.8,5.2,19.13766,15.353174619620091,0.07309401570872229,0.4256706956945419,0.35257667998581965,0.30412147473888373,0.6970678722604501,0.39294639752156635,0.7269386254727623,1.130215149863936,0.40327652439117356,10.01724374896457,2.646520415187889,0,1,0,1,0,1,0,0,0,0,0,0
3998854,71724445-9251-47ab-9603-8ac424027ce3,2,53,10,Portugal Women's,Joana Filipa Gaspar Silva Marchão,Diana Micaela Abreu de Sousa e Silva,41.3,5.2,56.2,17.1,19.068823,18.26541795000297,0.7640811401762846,0.7471496382377216,-0.016931501938562965,0.9530581165262689,1.128721325494334,0.1756632089680651,1.2724693237287665,1.7145944766505241,0.4421251529217576,0.8738309763196498,1.2630150017429782,1,1,1,1,1,1,1,1,0,0,0,0
3998854,5239a0b2-14fd-420a-92fa-737336ca216d,2,53,49,Belgium Women's,Sari Kees,Janice Cayman,11.8,45,20.6,22.7,23.973528,7.421213622468798,0.12140046767891975,0.008236171685896052,-0.1131642959930237,0.3644646853979295,0.066503567564089,-0.2979611178338405,0.7451374857381073,0.2380478136195932,-0.5070896721185141,6.698636747723656,14.626210036542702,0,0,0,0,1,0,0,0,1,0,0,1
3998854,ce9aa4ec-6ec2-4e4d-ab49-95e2971dd33a,2,53,57,Belgium Women's,Janice Cayman,Jill Janssens,56,27.1,78.2,66,44.788948,16.06071935385321,0.4512768318136871,0.009376178690727417,-0.4419006531229597,1.048055116698318,0.07261649677436706,-0.975438619923951,1.9360546648770784,0.27515002572554337,-1.6609046391515352,4.087698117449108,14.151935263630138,0,0,1,0,2,0,0,0,1,0,0,1
3998854,712643e1-8dc5-459e-8a55-b4981b5331b8,2,54,31,Portugal Women's,Diana Catarina Ribeiro Gomes,Diana Micaela Abreu de Sousa e Silva,28.4,46.5,56.2,46.8,27.801619,27.668973591499707,0.06856255198974219,0.19308528223436308,0.12452273024462089,0.3166310353414655,0.6825038624242875,0.365872827082822,0.8131808832184776,1.5520710085610285,0.7388901253425509,9.307237269687388,6.284600217425174,0,0,0,0,0,1,0,0,1,0,0,1
3998854,dd983a24-3a8e-414d-9d70-fce095e4f42f,2,54,35,Portugal Women's,Diana Micaela Abreu de Sousa e Silva,Ana Ines Palma Capeta,69.9,54,88.4,62,20.155643,13.515297569228608,1.2811220705405957,0.21386696318072895,-1.0672551073598666,1.823985339697036,0.6431061360065433,-1.1808792036904927,2.53286700131577,1.3362465098601817,-1.1966204914555885,0.9113898312949662,5.952974890316126,2,0,2,0,2,1,1,0,1,0,0,1
3998854,25fb4339-3453-42c3-9d0d-563dae6df9dc,2,54,41,Portugal Women's,Ana Ines Palma Capeta,Francisca Ramos Ribeiro Nazareth Sousa,89.6,55.6,92.6,41.9,14.024621,6.70319487900796,0.5753279531351027,0.95275796642273,0.3774300132876274,1.215185234593501,1.7143238975022626,0.4991386629087615,2.1056558028521115,2.7749799125149384,0.6693241096628268,3.3149470018661136,1.2207652908190985,0,1,1,1,2,3,0,1,0,0,0,0
3998854,3c66d848-c00e-4b88-9e51-a144db5a2e61,2,55,31,Belgium Women's,Lisa Lichtfus,Sari Kees,13.8,36.4,14.8,44.3,7.9630394,0.9731558778419043,0.01098319686097581,0.040845108299985375,0.029861911439009563,0.09232177380103251,0.17958078608794406,0.08725901228691155,0.33156476329741363,0.47320435578177716,0.14163959248436353,14.467052259261358,9.837595756350446,0,0,0,0,0,0,0,0,1,0,0,1
3998854,c8d7a34e-02c8-459a-9f06-c5d527cb74ea,2,55,34,Belgium Women's,Sari Kees,Lisa Lichtfus,21.6,38,7.7,36,14.043148,-13.950892070887974,0.724488891940756,0.03183929029407385,-0.6926496016466822,0.982044363664818,0.16314357428760556,-0.8189007893772124,1.3535448931945766,0.46291512831327114,-0.8906297648813055,1.1469581177199535,10.775899299460201,1,0,1,0,1,0,1,0,1,0,0,1
3998854,a277a3a7-8cb8-472b-8625-75a32439d04a,2,55,36,Belgium Women's,Lisa Lichtfus,Amber Tysiak,7.7,36,17.4,68.3,33.725063,5.939781848603829,0.03618886308868631,0.07426366374469424,0.038074800656007934,0.17545292844257618,0.24509147501109366,0.06963854656851748,0.4839281725786589,0.5454196810297299,0.06149150845107104,10.36317810979731,7.9586976606572835,0,0,0,0,0,1,0,0,1,0,0,1
3998854,845e3708-c04c-4610-a420-cdc179e1e8f0,2,55,38,Belgium Women's,Amber Tysiak,Jarne Teulings,18.8,69.3,35.3,70,16.514841,15.500265062753456,0.34026505190239265,0.05015317465040162,-0.290111877251991,0.5752309952640831,0.2501630376434596,-0.32506795762062346,0.8755130192100633,0.6372890829525104,-0.2382239362575529,3.2943921493124915,10.91081894845522,0,0,1,0,1,0,0,0,1,0,0,1
3998854,6a6fde04-e7c9-4935-b32d-da602d92bec3,2,55,42,Belgium Women's,Jarne Teulings,Justine Vanhaevermaet,38.7,67.2,38.1,48.6,18.609674,3.379111455272806,0.20576973581008223,0.3022076057945812,0.09643786998449899,0.5993812690458648,0.7121182410828178,0.1127369720369531,1.1555192698821826,1.3360970004156063,0.18057773053342374,6.771485165512751,4.107377500767977,0,0,0,1,1,1,0,0,1,0,0,1
3998854,ba3fba48-cb40-461f-8c0c-c8d99e8d8d6d,2,55,44,Belgium Women's,Justine Vanhaevermaet,Sari Kees,38.1,48.3,29.1,38.4,13.379462,-8.594580805057433,0.757223480190008,0.17824368042767672,-0.5789797997623313,1.084878694026797,0.4282097993415087,-0.6566688946852882,1.6061388649649275,0.8379172588416868,-0.7682216061232408,1.0476349358858692,5.340042334153942,1,0,1,0,1,1,1,0,1,0,0,1
3998854,5d1dfb6c-7c1d-4eef-b16f-90c8ab5e5693,2,55,47,Belgium Women's,Sari Kees,Janice Cayman,28.1,28,34.3,18.5,11.344161,4.32439073948008,0.6130027935418271,0.6614309210251655,0.04842812748333847,0.8296957863291192,0.8763674265925504,0.04667164026343118,1.1219166571905044,1.1821012235022055,0.060184566311701104,1.5480945189711917,1.3299067036043244,1,1,1,1,1,1,1,1,0,0,0,0
3998854,18a96bce-ad3f-481d-8e54-9ac374b92cb7,2,55,54,Portugal Women's,Andreia de Jesus Jacinto,Diana Micaela Abreu de Sousa e Silva,91.7,54.4,114.2,63.7,24.346252,7.353567380457715,1.4195916467707181,0.2103800599828989,-1.2092115867878193,2.108813371437238,0.5571807073256759,-1.5516326641115619,2.900688709283858,1.1909731620419886,-1.7097155472418695,1.022795192835787,5.141898741946102,2,0,2,0,3,1,0,0,1,0,0,1
3998854,35a84c42-dbff-4bc3-a3cf-13be987cd1c0,2,56,6,Portugal Women's,Joana Filipa Gaspar Silva Marchão,Fátima Alexandra Figueira Pinto,89.6,26.6,95.3,7.8,19.645102,-7.360103661806363,0.5212903950089526,0.09893672711815425,-0.4223536678907983,0.978113756847593,0.2815641333962722,-0.6965496234513209,1.727935588904564,0.6379817438803752,-1.0899538450241888,2.4864079617834305,6.990635447878507,1,0,1,0,1,1,0,0,0,0,0,0
3998854,ca7d0ebf-3314-402d-a2a8-933607a4e34f,2,56,26,Belgium Women's,Sari Kees,Marie Detruyer,14.4,38,32.7,24.1,22.980427,16.882812019776736,0.3797611163237016,0.46848486355317537,0.08872374722947379,0.6656212135163374,0.7905186734011626,0.12489745988482515,1.0549991015353404,1.2734742929692373,0.21847519143389693,3.054684981465658,2.4593209139627685,0,1,1,1,1,1,0,1,1,0,0,1
3998854,fe036530-d1bd-4d35-b42f-6b84f1b1d36e,2,56,28,Belgium Women's,Marie Detruyer,Lisa Lichtfus,25.1,23.7,2.9,23.7,22.2,-21.939347900559326,0.6186850236920906,0.002835332687204057,-0.6158496910048865,1.0633554971531185,0.049029381235708415,-1.0143261159174102,1.6313669687554224,0.2541103312228347,-1.3772566375325876,2.1450947194091707,20.208517709966777,1,0,1,0,2,0,1,0,1,0,0,1
3998854,391ea2aa-722f-4d23-b835-1fc097a457a8,2,56,33,Belgium Women's,Lisa Lichtfus,Mariam Abdulai Toloba,5.9,25.4,44.4,19.5,38.949455,36.700165669570026,0.12611953864013756,1.0584203018452532,0.9323007632051156,0.3208502651043329,1.4541987973489618,1.133348532244629,0.6419579409282447,2.026549296811798,1.3845913558835532,6.263586719460828,0.3691029957421629,0,1,0,1,1,2,1,1,1,0,0,1
3998854,01c00d4a-8514-4f47-a9c6-02efcc8203b3,2,56,35,Belgium Women's,Mariam Abdulai Toloba,Justine Vanhaevermaet,43.6,19.1,39.7,25.7,7.6661596,-2.3562160953060385,1.058421226372888,0.4490584178930708,-0.6093628084798173,1.4541993574612886,1.020219630849395,-0.43397972661189366,2.0265496135167425,1.8038930008883383,-0.2226566126284042,0.36909995747812246,4.345703195746526,1,0,1,1,2,3,1,0,1,0,0,1
3998854,608d3dbc-b9ea-4ca9-8932-479608b8b52c,2,57,13,Belgium Women's,Marie Detruyer,Laura Deloose,65,8.8,61.5,3.2,6.603787,-5.878936108322712,1.571091868474556,0.5118950892793334,-1.0591967791952226,2.1152276233725624,1.0161220257018582,-1.0991055976707043,2.775610884048571,1.7060844235605024,-1.0695264604880688,0.9766551304737114,3.8599220732050545,2,0,2,2,3,2,1,0,0,0,0,0
3998854,75591e50-f54e-4360-a468-c4ebc30f98f7,2,57,25,Belgium Women's,Marie Detruyer,Laura Deloose,83.7,8.4,82.2,2.8,5.7974133,-4.907270614781325,0.899657371287691,0.3927291507184184,-0.5069282205692726,1.5059029365626204,0.8329239526285577,-0.6729789839340627,2.254540444281804,1.4614267988180762,-0.7931136454637275,2.047932290987412,4.680057586297236,1,0,2,1,3,2,0,0,1,0,0,1
3998854,3b6b28ac-cd65-4314-a559-bb69708032b9,2,57,26,Belgium Women's,Laura Deloose,Marie Detruyer,82.2,2.8,105.2,4.2,23.04257,14.296094388489244,0.3927291507184184,0.38890912134648126,-0.0038200293719371503,0.8329239526285577,0.6865051487746897,-0.14641880385386796,1.4614267988180762,1.2116466693661203,-0.24978012945195593,4.680057586297236,2.9354639676341927,0,1,1,1,2,1,0,0,0,0,0,0
3998854,0836b9fe-8f4e-426f-8929-3a9e331ff2ea,2,57,30,Belgium Women's,Marie Detruyer,Laura Deloose,109.6,5.7,104.6,11.4,7.5822163,3.35940371980211,0.7174526958525261,0.7515450177112155,0.03409232185868938,0.9836105627985929,1.2499835013642822,0.2663729385656892,1.4843022225084315,1.8804972746108404,0.3961950521024089,1.1095037026516485,2.183688942124298,1,1,1,2,1,2,0,0,0,0,0,0
3998854,c18a45c0-7577-4a55-85b1-c03a7bea267c,2,57,49,Belgium Women's,Amber Tysiak,Tessa Wullaert,68.9,49.9,95.6,73.3,35.502815,10.767605202381354,0.05193059452333337,0.1933898643506342,0.14145926982730084,0.24832949492076367,0.4307294064696728,0.1823999115489091,0.6793351055213205,0.8582342902419359,0.1788991847206154,9.912203045742507,4.996969771489165,0,0,0,1,0,1,0,0,1,0,0,1
3998854,0b2e8757-1ef5-4d1a-8fa7-649ea2ea61e7,2,58,28,Portugal Women's,Francisca Ramos Ribeiro Nazareth Sousa,Fátima Alexandra Figueira Pinto,75.1,3.9,67.9,3.9,7.2,-5.772026251808917,1.0778347172174385,0.20125753433935636,-0.8765771828780822,1.5095688023767921,0.5508307387624338,-0.9587380636143583,2.0709671961541765,1.1293241384110493,-0.9416430577431272,0.6315179179217483,5.5879734917120425,1,0,1,0,3,1,0,0,1,0,0,1
3998854,e9a76db7-5653-4c1d-8735-0106f8d6615f,2,58,30,Portugal Women's,Fátima Alexandra Figueira Pinto,Tatiana Vanessa Ferreira Pinto,66.5,4.4,70.1,21.8,17.76851,11.146601356784558,0.5086495884000085,0.26205287176208075,-0.24659671663792776,0.916755376011531,0.8559369118664722,-0.06081846414505876,1.5884383540844933,1.8321733097066908,0.2437349556221975,2.3678388202344482,7.148013743650425,1,0,1,0,1,1,0,0,1,0,0,1
3998854,c7a7dc25-b59e-4713-8c2f-81287dd886d6,2,58,33,Portugal Women's,Tatiana Vanessa Ferreira Pinto,Diana Catarina Ribeiro Gomes,69.1,23.8,68.5,51.1,27.306593,0.733186916060582,0.8876791145918534,0.06603346768912192,-0.8216456469027316,1.3211961973865707,0.24021968045974457,-1.0809765169268262,2.1003682769065715,0.6412066421143656,-1.4591616347922058,0.698779636549564,8.265443123028831,1,0,1,0,1,0,0,0,1,0,0,1
3998854,dd574239-89c4-4170-9316-c6f38972e5be,2,58,37,Portugal Women's,Diana Catarina Ribeiro Gomes,Diana Micaela Abreu de Sousa e Silva,73.5,54.8,93.4,54.4,19.90402,18.550818554159115,0.38371212693038054,0.7847426831245903,0.40103055619420974,0.6380791539490396,1.2769159580092724,0.6388368040602328,1.0705900769203303,1.9819340981735425,0.9113440212532122,2.920796862517045,1.4469768188116974,1,1,1,1,1,3,0,1,1,0,0,1
3998854,b45b9af5-e43e-47b9-910a-adb1f43505e3,2,58,39,Portugal Women's,Diana Micaela Abreu de Sousa e Silva,Andreia de Jesus Jacinto,95.3,58,89.4,52.8,7.864477,-2.606376890579,0.7563009511951804,0.31171441141889483,-0.44458653977628554,1.2754197027461651,0.8841475985833585,-0.39127210416280667,1.958919601840164,1.7563556457467824,-0.20256395609338163,1.700877529393383,5.489456639838385,1,0,1,0,2,1,1,0,1,0,0,1
3998854,80bed55e-451d-414d-8677-0ab1e04bc4b0,2,58,44,Portugal Women's,Andreia de Jesus Jacinto,Francisca Ramos Ribeiro Nazareth Sousa,89.6,51.4,97.3,31.8,21.058252,8.331555964821412,0.2677422410771819,0.8167246179796162,0.5489823769024342,0.7421446900081967,1.7154735868930417,0.973328896884845,1.501265865753366,2.8529080474411797,1.3516421816878137,5.57686507268271,3.6153566954863074,0,0,0,2,2,4,0,0,0,0,0,0
3998854,22236918-23bc-4f95-a198-5f3e6e5ae22a,2,58,49,Belgium Women's,Mariam Abdulai Toloba,Jarne Teulings,29.1,37.2,34.1,43.6,8.121576,4.967710628512066,0.7144755036563434,0.5747717020296363,-0.13970380162670704,1.158832151915085,1.0818576870844703,-0.07697446483061476,1.9017581794174085,1.8055230920981522,-0.09623508731925634,1.321071647289108,2.68903193952793,1,1,1,1,1,2,1,1,1,0,0,1
3998854,ba485d6a-7e9b-48e6-877b-ea5cf0793275,2,58,50,Belgium Women's,Jarne Teulings,Justine Vanhaevermaet,34.7,44,43.4,39,10.034441,8.787207996152432,0.5747714814091092,0.2864857527809111,-0.28828572862819807,1.0818576217796898,0.7613741146848417,-0.3204835070948481,1.8055231743127613,1.492932722223483,-0.3125904520892784,2.6890346280244137,5.052129821365014,1,0,1,0,2,1,1,0,1,0,0,1
3998854,5059ce7c-9346-4ee9-9436-6b5790f802cb,2,58,54,Belgium Women's,Jarne Teulings,Tessa Wullaert,52,60,67.3,72.8,19.948183,8.806595222208578,0.1978144005956369,0.19519165397624125,-0.002622746619395655,0.5889544945313815,0.4382394480877891,-0.1507150464435924,1.2923844944861513,0.8197447374683811,-0.4726397570177703,5.535719974041071,5.05337815696941,0,0,0,0,1,1,0,0,0,0,0,0
3998854,8b361b54-30c4-4049-87be-77d0b750f751,2,59,8,Portugal Women's,Carole da Silva Costa,Andreia de Jesus Jacinto,31.8,27.6,37.2,37.1,10.927488,6.216620757310338,0.005309013767236916,0.026127361481281416,0.020818347714044498,0.08095789545701425,0.20520030475740136,0.12424240930038712,0.37779772231901376,0.6693088761467325,0.29151115382771875,19.777544223076067,13.793538869191382,0,0,0,0,0,0,0,0,1,0,0,1
3998854,cb8eca69-e6b5-4e0d-9752-be34f8f6fce6,2,59,12,Portugal Women's,Andreia de Jesus Jacinto,Tatiana Vanessa Ferreira Pinto,46.1,29.2,70.1,29.8,24.0075,23.753188020797488,0.12406561243910713,0.4450009361867964,0.3209353237476893,0.5015502731394956,1.0837434936052817,0.582193220465786,1.1673875383491537,2.1106269341438004,0.9432393957946468,8.281131972485609,3.428428483394247,0,0,0,1,0,1,0,0,0,0,0,0
3998854,00d87565-2815-4ef0-b3fc-29ab7016466d,2,61,0,Belgium Women's,Janice Cayman,Marie Detruyer,28.1,4.2,41.3,3.2,13.237824,11.747998252799775,0.78750255702551,0.9671194597087373,0.17961690268322728,0.9936936084619583,1.4865071567226735,0.4928135482607152,1.3445553251245617,2.1043853078731853,0.7598299827486237,0.8274234548326325,1.9085154344002264,1,2,1,2,1,2,1,1,1,0,0,1
3998854,06efe045-47e3-42d3-9379-ff1a58f13afc,2,61,9,Belgium Women's,Marie Detruyer,Amber Tysiak,31.3,16.4,23.1,41,25.930677,-5.119267659202805,0.3440014486545264,0.014524003070561455,-0.32947744558396497,0.9769388529276437,0.1161002755218619,-0.8608385774057818,1.8503984323991425,0.4183699809045479,-1.4320284514945945,5.956561043588691,14.122589196642862,0,0,0,0,2,0,0,0,1,0,0,1
3998854,2bfcd203-1783-4056-9398-fae0f89dc82e,2,61,15,Belgium Women's,Amber Tysiak,Jill Janssens,35.5,53.1,38.1,74.8,21.855206,-3.4773820871166805,0.18785884641325998,0.0907334731784572,-0.09712537323480278,0.4932293115441916,0.3165138268491512,-0.1767154846950404,0.9513194353702972,0.7354017332604637,-0.21591770210983352,5.693177522454856,7.664855109669448,0,0,0,0,1,1,0,0,1,0,0,1
3998854,79fd97ee-6a68-4f19-ad56-eefccacd3079,2,61,19,Belgium Women's,Jill Janssens,Lisa Lichtfus,36.1,62.9,12.4,47.3,28.373404,-20.87827085459854,0.9708689735417957,0.10122259955272603,-0.8696463739890696,1.375808413213396,0.3141024211454316,-1.0617059920679646,1.9196557930138514,0.7050857033759018,-1.2145700896379497,0.684417581882381,7.105335742027601,1,0,1,0,2,1,1,0,1,0,0,1
3998854,3a692a62-c679-4eb4-96ff-3451c3d58134,2,63,11,Belgium Women's,Lisa Lichtfus,Janice Cayman,14.2,45,23.1,14.6,31.676016,5.7443824105847625,0.29451707588181364,0.02171207388126117,-0.27280500200055247,0.5521806706279299,0.10849386367809033,-0.44368680694983953,0.9091042793294353,0.3088998018107213,-0.600204477518714,3.7803052866469042,11.522507887099406,0,0,1,0,1,0,0,0,1,0,0,1
3998854,afa86287-8f09-46e8-9b52-e56e1e83d1f7,2,63,25,Portugal Women's,Tatiana Vanessa Ferreira Pinto,Andreia de Jesus Jacinto,50.7,51.7,52.2,60.6,9.025519,-0.5797033719338742,0.6336091480178283,0.3329163506464906,-0.3006927973713377,1.0793825057102606,0.871743793631496,-0.2076387120787646,1.7681446419996414,1.6432319588353759,-0.12491268316426551,1.7694528960414628,5.216306196169011,1,0,1,0,1,2,0,0,1,0,0,1
3998854,fcbaeac7-be83-4ca0-a60a-89dd5d49ab27,2,66,57,Portugal Women's,Francisca Ramos Ribeiro Nazareth Sousa,Andreia de Jesus Jacinto,88,65.7,80.8,54,13.737904,-0.582453584670823,0.8625688726400038,0.6612092823223594,-0.2013595903176444,1.3101467986674535,1.155693334649868,-0.15445346401758564,1.961309127356435,1.8439622769828927,-0.1173468503735422,1.0955957103020333,1.858401609281943,1,1,1,1,2,1,1,1,1,0,0,1
3998854,db5239ef-d4c4-4ef8-9a1e-989cae869a32,2,67,0,Portugal Women's,Andreia de Jesus Jacinto,Joana Filipa Gaspar Silva Marchão,81,52.4,77.8,36.9,15.826876,-1.3898776746722277,0.6612097891232128,0.536286604334845,-0.12492318478836784,1.1556938567998465,0.9092616626633215,-0.24643219413652495,1.8439627919665522,1.5757059987146038,-0.2682567932519484,1.858399330579435,2.1199741875673954,1,1,1,1,1,1,1,0,1,0,0,1
3998854,f2bafeed-02cc-4c37-b5e3-7429607495b8,2,67,4,Portugal Women's,Joana Filipa Gaspar Silva Marchão,Andreia de Jesus Jacinto,74.8,32.2,72.1,44.9,12.983836,-2.2819023555463716,0.5584588098487817,0.3229254344413774,-0.23553337540740432,0.8342957262814341,0.6695670825937968,-0.1647286436876373,1.341964793567169,1.1785077985917214,-0.16345699497544763,1.8429551116316825,3.9476011944562868,1,0,1,1,1,1,0,0,1,0,0,1
3998854,6c646eca-3436-4b6c-be52-d4c585fb46de,2,67,6,Portugal Women's,Andreia de Jesus Jacinto,Lúcia Catarina Sousa Alves,69.9,50.8,55.6,45.8,15.148928,-13.40979898988175,0.791826819424773,0.017760797830912757,-0.7740660215938602,1.1565388439799276,0.11533111475540032,-1.0412077292245272,1.6529550869783933,0.35624315516845306,-1.2967119318099403,1.5158612269912135,12.862149881220741,1,0,1,0,2,0,1,0,1,0,0,1
3998854,aea324a5-16c3-431d-a5e4-5d230bd6d219,2,67,11,Portugal Women's,Lúcia Catarina Sousa Alves,Andreia de Jesus Jacinto,57.2,45.8,63.1,67,22.005682,0.08623678755314756,0.03201922605633466,0.0624574372543666,0.030438211198031945,0.18536665271965508,0.23548914308144714,0.05012249036179206,0.5655457685221444,0.5802816339910756,0.01473586546893113,11.439979906586633,8.667175162654964,0,0,0,0,0,0,0,0,1,0,0,1
3998854,33522c99-246d-4c33-a44d-42d080301af6,2,67,16,Portugal Women's,Andreia de Jesus Jacinto,Joana Filipa Gaspar Silva Marchão,64.1,50.4,63,14.7,35.71694,-5.503356807109917,0.3672939416345248,0.020090733127475134,-0.34720320850704967,0.8262963982944499,0.12015488478780928,-0.7061415135066407,1.4442000799512806,0.3905079675738118,-1.053692112377469,4.870123870995342,11.95244614991914,0,0,1,0,2,0,0,0,1,0,0,1
3998854,2621b7bc-6e33-49dc-afa8-178227b50aa1,2,67,20,Portugal Women's,Joana Filipa Gaspar Silva Marchão,Fátima Alexandra Figueira Pinto,64.1,14.1,76.1,3.9,15.749286,4.771819431345904,0.48160176061717064,0.2857749327417618,-0.19582682787540884,0.7106172821927069,0.5319332735807594,-0.17868400861194755,1.0873388602828808,0.9079343621439443,-0.17940449813893655,2.2259931905074626,3.8455359305293944,1,0,1,1,1,1,0,0,1,0,0,1
3998854,78b98432-2798-4ab3-a166-710b3b8ca3c0,2,68,50,Portugal Women's,Francisca Ramos Ribeiro Nazareth Sousa,Lúcia Catarina Sousa Alves,85.6,44.1,90.6,59.8,16.476954,-0.8022633674561206,0.8101774149450697,0.1947851478023928,-0.6153922671426768,1.5557286906344217,0.6186006365141914,-0.9371280541202303,2.568611740361993,1.3968472903310925,-1.1717644500309004,2.506428038897843,5.875213033281646,1,0,2,0,3,1,0,0,1,0,0,1
3998854,223e7237-ced5-4aa9-ab80-09bb6e471f16,2,68,52,Portugal Women's,Lúcia Catarina Sousa Alves,Andreia de Jesus Jacinto,90.6,59.8,102.7,72.9,17.833115,-1.7254922598514355,0.31843062359612334,0.04320460342284042,-0.2752260201732829,0.7440644734198836,0.24851217125016628,-0.4955523021697173,1.483269091623937,0.7612230959047386,-0.7220459957191985,3.9025805593702625,11.304685297967533,0,0,1,0,1,0,0,0,0,0,0,0
3998854,8e6e1b21-675c-4981-80ec-1d50ac88e022,2,69,10,Belgium Women's,Sari Kees,Janice Cayman,20.8,29,19.4,4.4,24.639805,-6.905244946608946,0.2563189006002048,0.07263032269064024,-0.18368857790956455,0.6031871852603373,0.21504624958139587,-0.3881409356789415,1.082960030978275,0.43683935994228257,-0.6461206710359924,4.639726040507903,7.877561339750063,0,0,1,0,1,1,0,0,0,0,0,0
3998854,c9c48fcc-6ef4-4e33-9ee7-f124b208d345,2,69,17,Portugal Women's,Andreia de Jesus Jacinto,Jéssica da Silva,86.6,72.9,111.3,74.7,24.765501,11.108499816889825,0.7893774156107616,0.13274313423100276,-0.6566342813797588,1.302801204859497,0.4685828679174298,-0.8342183369420673,1.9004311995084358,1.0076698316342538,-0.8927613678741819,2.1915367489390207,8.380408718570685,1,0,2,0,2,0,1,0,1,0,0,1
3998854,f0daeb30-9a2b-4def-81ea-c1d01d4f4b9a,2,69,28,Portugal Women's,Tatiana Vanessa Ferreira Pinto,Andreia de Jesus Jacinto,87.8,17.2,82,26.8,11.21606,-0.7725696303913736,0.31387929153923133,0.331384425490785,0.017505133951553675,0.6696100954335222,0.9174016771596104,0.24779158172608817,1.2556748116723047,1.9226196620318394,0.6669448503595348,3.906539780990176,4.522226388441814,0,0,1,1,1,1,0,0,1,0,0,1
3998854,ea48346d-6880-448d-a987-1b662e4cd99e,2,69,31,Portugal Women's,Andreia de Jesus Jacinto,Joana Filipa Gaspar Silva Marchão,81.8,22.2,88.4,19.2,7.2498274,4.312360107036255,0.5817048085389167,0.5159797067455908,-0.06572510179332591,1.1514574758809102,1.279102295103982,0.12764481922307191,2.009075853058428,2.327903143050783,0.31882728999235477,2.9962846104127516,5.270151700964874,1,0,1,0,2,4,0,0,0,0,0,0
3998854,5840869f-0e7a-4440-add2-b06c76a20396,2,70,29,Portugal Women's,Diana Catarina Ribeiro Gomes,Patricia Isabel Sousa Barros Morais,28,53.7,6.6,53.4,21.402103,-21.174504950759996,0.894327416231191,0.029131297055840156,-0.8651961191753509,1.2458803390981046,0.1341530236683042,-1.1117273154298004,1.745678074941984,0.36729276084478396,-1.3783853140972,0.7642169095370648,10.671020931509053,1,0,1,0,2,0,1,0,1,0,0,1
3998854,f6091220-c684-4064-b826-31a70e62c77e,2,70,40,Portugal Women's,Tatiana Vanessa Ferreira Pinto,Carole da Silva Costa,36.4,54.8,28.4,40.1,16.73589,-6.7001134779720815,0.9803766087552857,0.04474210648510264,-0.935634502270183,1.5015871211028182,0.23288707921472773,-1.2687000418880905,2.1562075960567992,0.6717802867148495,-1.4844273093419498,0.9832386404901549,10.797716543952724,1,0,1,0,3,0,1,0,1,0,0,1
3998854,7938732e-74e1-4d2e-a858-e85a04c4bcc5,2,70,44,Portugal Women's,Carole da Silva Costa,Joana Filipa Gaspar Silva Marchão,34.4,32.2,48.7,6.2,29.673052,7.048809250610333,0.16323677012203106,0.20707641692122714,0.04383964679919608,0.39486410640504577,0.4362872404313359,0.04142313402629011,0.8192816836842418,0.7849111629519805,-0.03437052073226132,5.504269808170966,4.784492369360519,0,0,0,1,1,1,0,0,1,0,0,1
3998854,a7e4d713-a23c-4037-87eb-ae4da9f79e41,2,70,47,Portugal Women's,Joana Filipa Gaspar Silva Marchão,Fátima Alexandra Figueira Pinto,48.7,6.2,38.3,11.8,11.811858,-7.5240838536576575,0.4067923259219631,0.03256702334736863,-0.3742253025745945,0.7013317265245154,0.19305778475891083,-0.5082739417656046,1.1384169035382075,0.5460846291327959,-0.5923322744054116,2.828623934645523,12.326352118878836,1,0,1,0,1,0,0,0,1,0,0,1
3998854,41d36c58-a9fc-48d6-95ef-fc8f1002a458,2,70,49,Portugal Women's,Fátima Alexandra Figueira Pinto,Francisca Ramos Ribeiro Nazareth Sousa,40.3,11.1,56.8,12.3,16.54358,15.774104772379374,0.030158003447370543,0.9180520106310757,0.8878940071837051,0.19460485177894282,1.4818214509381546,1.287216599159212,0.5895453116870859,2.094165328570557,1.504620016883471,12.834954300984526,1.7725886295152167,0,1,0,2,0,3,0,0,1,0,0,1
3998854,a84a1977-a977-4a29-8d3e-e25801814586,2,70,55,Portugal Women's,Francisca Ramos Ribeiro Nazareth Sousa,Diana Catarina Ribeiro Gomes,48.2,50.1,40.8,57.4,10.394711,-8.581943945547337,0.6273056802696586,0.0664836210156384,-0.5608220592540202,1.044309878871818,0.2756711650075366,-0.7686387138642814,1.606497892783836,0.6869961346677685,-0.9195017581160675,2.0932056748448664,9.507523162609765,1,0,1,0,2,0,0,0,1,0,0,1
3998854,dbcca714-f583-4eac-a54f-4d3d0e8f4d7e,2,70,58,Portugal Women's,Diana Catarina Ribeiro Gomes,Andreia de Jesus Jacinto,40.8,57.4,54.6,43.5,19.586985,15.595252696923424,0.3216762154888127,0.41192913969454104,0.09025292420572834,0.6138218245899876,0.9738342710347244,0.36001244644473684,1.0536251807300974,1.7164511804024027,0.6628259996723054,3.597626549321433,4.648251904304694,0,0,1,1,1,2,0,0,1,0,0,1
3998854,e701ebd0-aafb-4d25-8582-626d0558f02b,2,71,0,Portugal Women's,Andreia de Jesus Jacinto,Diana Catarina Ribeiro Gomes,49.1,53.8,49.7,67,13.21363,-3.0761061037161994,0.5433786505577973,0.049479459606909734,-0.4938991909508876,1.0792703397457206,0.2405605271390489,-0.8387098126066717,1.8401960169414464,0.6832382640041751,-1.1569577529372714,2.6850809961344573,10.20382706438348,1,0,1,0,1,0,0,0,1,0,0,1
3998854,4be1b108-110c-4708-99d1-eaa85461b855,2,71,3,Portugal Women's,Diana Catarina Ribeiro Gomes,Tatiana Vanessa Ferreira Pinto,50.7,67,71.1,66.7,20.402206,18.659536838857925,0.16382778269450926,0.09065884773471669,-0.07316893495979257,0.46272751938234924,0.42774786818732896,-0.03497965119502028,0.9347337837605705,1.1063655022584764,0.17163171849790593,6.650601760889226,9.738072320575734,0,0,0,0,1,0,0,0,1,0,0,1
3998854,da624e79-d1ae-492f-904b-b18ee40a67da,2,71,8,Portugal Women's,Tatiana Vanessa Ferreira Pinto,Diana Catarina Ribeiro Gomes,78.4,70.7,77.1,56,14.757371,5.914977282248252,0.3505490743027885,0.3002436771836142,-0.050305397119174255,0.794241226450709,0.7812116947943384,-0.013029531656370663,1.3591213164012401,1.454755492827271,0.09563417642603089,4.417525557581505,5.502549110085236,0,0,1,0,2,2,0,0,0,0,0,0
3998854,e367d4f5-245c-4e57-8b21-670823bee0aa,2,71,13,Belgium Women's,Justine Vanhaevermaet,Tessa Wullaert,35.3,31,53.2,39.2,19.68883,18.37202584711521,1.1513144482142836,0.8914057760558778,-0.25990867215840585,1.84395852132428,1.331675888902398,-0.5122826324218819,2.609954836457463,2.0549045643207395,-0.5550502721367234,2.133761001801247,0.7650717214930226,2,1,2,1,3,1,0,1,1,0,0,1
3998854,c401aafd-8bd1-4fa3-89b6-980b15457521,2,71,14,Belgium Women's,Tessa Wullaert,Jarne Teulings,53,39.6,49.2,26.1,14.024621,-5.150382540140441,0.8914056709815088,0.9496176070714885,0.058211936089979655,1.3316758142519285,1.5939876047780783,0.26231179052614984,2.054904481014982,2.4234132076184176,0.3685087266034355,0.7650722328120932,1.7223357675861957,1,1,1,2,1,2,1,0,1,0,0,1
3998854,a5ab96cd-df7c-4633-9b0e-f8a0514696b1,2,71,19,Belgium Women's,Jarne Teulings,Sari Kees,42.4,37,31.3,33,11.798729,-11.317815182832476,0.9467716744512379,0.14993019031983537,-0.7968414841314025,1.6479365999967088,0.5044218757511995,-1.1435147242455095,2.5558113270231906,1.1402008669417818,-1.4156104600814088,1.7044235496114846,6.800487010048014,1,0,2,0,3,1,0,0,1,0,0,1
3998854,63046a63-fa85-4bba-92fc-384e50582d49,2,71,21,Belgium Women's,Sari Kees,Lisa Lichtfus,25.1,31.3,5.9,37.4,20.14572,-18.83166548510927,0.18264913797685622,0.007195039478056912,-0.1754540984987993,0.4695241346094272,0.0556955208955429,-0.4138286137138843,0.94758967127143,0.19905749360247732,-0.7485321776689526,5.388079747043166,14.832049932148701,0,0,0,0,1,0,0,0,0,0,0,0
3998854,eb69b813-677a-4d94-9197-a2b6cfa7bc15,2,71,25,Belgium Women's,Lisa Lichtfus,Jill Janssens,7.5,43,46.6,67,45.87821,34.331553449115546,0.22618595565129013,0.6984930391950745,0.4723070835437844,0.4221533825295402,1.1472700571299708,0.7251166746004305,0.6548652947185615,1.6689369718597473,1.0140716771411857,4.465791118255749,2.7183211839616965,0,1,1,2,1,2,1,0,0,0,0,0
3998854,860a357d-aaa6-4769-a974-554098979394,2,72,26,Portugal Women's,Francisca Ramos Ribeiro Nazareth Sousa,Carole da Silva Costa,98.9,21.2,76.7,30,23.880535,-16.179338155546294,1.221470413714867,0.03397936507750301,-1.187491048637364,2.1654069193909615,0.21423538405136747,-1.951171535339594,3.4062933224635907,0.7515506835652643,-2.6547426388983264,1.5676376305252364,10.79390402255047,1,0,2,0,4,0,0,0,1,0,0,1
3998854,fd11e313-19ca-4053-9c9f-a57c3869f854,2,72,30,Portugal Women's,Carole da Silva Costa,Andreia de Jesus Jacinto,83.4,42.1,90.8,38.9,8.062258,7.439484566285113,0.5082197024258188,0.40215047125599607,-0.10606923116982275,1.0051933742895163,1.1730008336119648,0.16780745932244856,1.78798074458462,2.372667680971091,0.5846869363864708,3.1250934484249253,4.422241382244163,0,0,1,1,2,1,0,0,0,0,0,0
3998854,8bb5ff19-53e9-4932-97be-19c8c5be73f3,2,72,39,Belgium Women's,Laura Deloose,Jarne Teulings,21.2,22.7,28.4,39.4,18.185984,8.701225333548848,0.810140165177831,0.5287967732098218,-0.2813433919680093,1.3208859304932856,1.0659331807657733,-0.25495274972751236,1.9493623909102096,1.8410380183588768,-0.10832437255133276,1.617133383863113,3.0298783173896364,1,0,1,1,2,2,1,0,1,0,0,1
3998854,c785ed44-e805-4535-b6f3-95dd87d31434,2,72,41,Belgium Women's,Jarne Teulings,Jill Janssens,28.4,39.4,34.1,55.9,17.456804,4.242821275726925,0.6269456564485121,0.3777462315455846,-0.24919942490292746,1.139755113768765,0.8418615595849468,-0.29789355418381813,1.914070613238486,1.4695596726361182,-0.44451094060236773,2.048271875688114,5.022624579174026,1,0,1,0,2,2,0,0,1,0,0,1
3998854,b6f97b2b-0953-4926-be17-8353ec0835aa,2,72,46,Portugal Women's,Jéssica da Silva,Joana Filipa Gaspar Silva Marchão,70.9,11.1,86.8,9.9,15.945219,12.160351222841939,0.624051615561182,0.053802908265883125,-0.570248707295299,0.8809401090606725,0.29473657952587246,-0.5862035295348,1.33934110246736,0.8652710443464654,-0.47407005812089464,1.5145489691912086,10.337608269714181,1,0,1,0,1,0,1,0,0,0,0,0
3998854,1bf7e433-2977-4b4b-a5cb-4f1dcd1e5f8f,2,74,20,Portugal Women's,Fátima Alexandra Figueira Pinto,Joana Filipa Gaspar Silva Marchão,63.1,15.3,55.2,13.1,8.20061,-8.131767650698634,0.9383316568237037,0.6200253996177697,-0.318306257205934,1.549933529224574,1.1372196016208542,-0.4127139276037197,2.420866086956229,1.8120024890584434,-0.6088635978977857,1.119150473470175,2.4284842235511497,1,1,1,1,3,2,1,0,0,0,0,0
3998854,cf3ad99b-c7b9-469d-8cf9-f5abf2482188,2,74,21,Portugal Women's,Joana Filipa Gaspar Silva Marchão,Francisca Ramos Ribeiro Nazareth Sousa,55.8,13.9,64.8,19.1,10.394229,10.278449753131852,0.8156081200737957,1.3825818455795393,0.5669737255057437,1.3121651285469391,2.051316406078829,0.73915127753189,1.9764016974180292,2.7938542857163404,0.8174525882983112,1.3804220947458519,0.692320655083042,1,1,1,3,3,3,1,1,0,0,0,0
3998854,3ac1a142-e43e-43cd-a327-49a900ca9391,2,74,25,Belgium Women's,Jarne Teulings,Sari Kees,49.2,58.9,35.1,51.1,16.113659,-12.343283392944187,0.7891336176324728,0.5676497132257026,-0.22148390440677024,1.3720405279235266,1.114484736289249,-0.25755579163427766,2.171483950599798,1.7899657012567731,-0.3815182493430247,2.4740459891777222,4.063394857034119,1,0,2,2,2,2,0,1,1,0,0,1
3998854,3f22b846-6be9-4c7b-aca4-8356e1d291e8,2,74,27,Belgium Women's,Sari Kees,Mariam Abdulai Toloba,36.1,52.5,70.9,58.9,35.383614,32.21408149431199,0.7893563009098956,0.9797946401882739,0.19043833927837828,1.3279915505220348,1.4234852056897533,0.09549365516771857,1.9637074817596214,2.065724906819037,0.10201742505941569,2.93321950509162,0.5914647989026034,1,1,2,1,2,2,1,1,1,0,0,1
3998854,3f94bbba-029d-4cf8-a210-4ab6ec4ea6dd,2,74,29,Belgium Women's,Mariam Abdulai Toloba,Marie Detruyer,69.4,59.3,62.3,60.5,7.2006946,-7.077693789583144,0.9797949503301713,1.1410006853582884,0.16120573502811708,1.4234853749228737,1.781195859967081,0.3577104850442072,2.0657249891196905,2.438921902759355,0.37319691363966445,0.5914635384762817,1.7520806959301571,1,1,1,3,2,3,1,0,1,0,0,1
3998854,dad0e029-0181-483c-b66a-77b02b62733b,2,75,4,Portugal Women's,Telma Raquel Velosa Encarnação,Andreia de Jesus Jacinto,98.9,68.3,98,76.4,8.149847,-7.231728760488167,0.7409336158686011,0.4961452658191784,-0.24478835004942268,1.3383302998654645,0.9363012036251049,-0.40202909624035954,2.0374971756223834,1.5656587482064106,-0.4718384274159728,2.9091065967242877,2.6011015474367496,1,1,2,1,3,1,0,0,0,0,0,0
3998854,dc989e11-ddcd-402e-aaa1-65144893f66b,2,75,22,Portugal Women's,Carole da Silva Costa,Joana Filipa Gaspar Silva Marchão,74.7,42.9,79.7,21.2,22.268587,0.9233029951764209,0.09256345938944634,0.032958169253464696,-0.05960529013598164,0.36198798087892176,0.21443280499107953,-0.14755517588784223,0.957243858097201,0.7025878345573512,-0.25465602353984984,7.9325480384664315,11.783900704773915,0,0,0,0,1,0,0,0,1,0,0,1
3998854,730c28a1-152e-46e5-bf00-d712db4c35b6,2,75,25,Portugal Women's,Joana Filipa Gaspar Silva Marchão,Francisca Ramos Ribeiro Nazareth Sousa,82.4,19.2,84.8,28.2,9.314505,5.844563204197712,0.445951681714923,0.3249080009122849,-0.12104368080263811,0.7731167124051277,0.9157924968205942,0.14267578441546647,1.331618361355416,1.8307170109532263,0.49909864959781025,2.6002958460971812,5.964154179265403,1,0,1,0,1,2,0,0,1,0,0,1
3998854,e4c3475e-86ca-482d-9f81-1692817eedec,2,75,28,Portugal Women's,Francisca Ramos Ribeiro Nazareth Sousa,Andreia de Jesus Jacinto,84.8,28.2,85,55.4,27.200735,-1.1130071923046572,0.748984834182154,0.05368525912229234,-0.6952995750598616,1.4405815462619933,0.2495224317140117,-1.1910591145479816,2.3957601896638594,0.733439537501983,-1.6623206521618763,2.852456161610446,9.247478638210367,1,0,2,0,3,0,0,0,0,0,0,0
3998854,b1cb9886-6d65-4664-9093-3d4ad5475eb9,2,76,17,Belgium Women's,Laura Deloose,Tessa Wullaert,93.6,7.2,99.6,4.7,6.5,1.3339313104180803,0.8675107994545568,0.5127781222992547,-0.3547326771553021,1.254500396519779,0.9278604673706561,-0.3266399291491229,1.7717013500567165,1.4276781124726152,-0.34402323758410125,1.1100745593453556,3.8467965198243186,1,0,1,2,2,2,1,0,1,1,1,1
3998854,5bfe632b-bb80-4557-b483-bbfc22a457c4,2,76,20,Belgium Women's,Tessa Wullaert,Mariam Abdulai Toloba,95.9,6.8,112.6,42.3,39.231876,33.27579887626902,0.31432473202562583,1.1580076878874868,0.8436829558618609,0.7563340060389476,1.6144847629597319,0.8581507569207842,1.3893076951824967,2.2195490564064704,0.8302413612239736,4.611767125280313,0.4299157572329757,0,1,1,2,2,3,0,0,1,1,1,1
3998854,d963cb31-1de2-4416-b5cb-d023e36a2a68,2,77,13,Portugal Women's,Tatiana Vanessa Ferreira Pinto,Jéssica da Silva,91.7,4.4,100.9,3.9,9.213577,4.636616103752814,0.6259995424452893,0.9179793140721051,0.29197977162681577,0.9752471319886674,1.3078796971395268,0.33263256515085937,1.5958722158252903,1.9477615794879013,0.35188936366261103,1.5940332327823854,0.6842324697465347,1,1,1,1,1,2,0,0,0,0,0,0
3998854,813ac885-099a-4afd-bb45-aa75c06e0e56,2,77,42,Portugal Women's,Francisca Ramos Ribeiro Nazareth Sousa,Jéssica da Silva,85.4,23.1,91.7,11.8,12.937542,-1.4448430582453113,1.2379345340423877,0.6075741102943619,-0.6303604237480258,2.152526893022146,1.2417776144376584,-0.9107492785844875,3.2791427639992685,2.210641501661588,-1.0685012623376804,2.0276753271493098,2.512249854002511,2,1,3,1,3,2,0,0,0,0,0,0
3998854,41b9b61a-fa3a-4730-8a97-52f107d13f6d,2,77,43,Portugal Women's,Jéssica da Silva,Francisca Ramos Ribeiro Nazareth Sousa,91.7,11.8,95,23.6,12.252755,10.052431844904529,0.6075741102943619,1.1493964305454192,0.5418223202510573,1.2417776144376584,1.8928359800580448,0.6510583656203863,2.210641501661588,2.968160709988974,0.7575192083273858,2.512249854002511,0.7572701286296168,1,1,1,1,2,3,0,1,0,0,0,0
3998854,d8e8b9c8-7ac7-478c-86a3-7dfca91ef2ce,2,77,51,Belgium Women's,Sari Kees,Jarne Teulings,5.3,67.2,12.2,75.3,10.640489,4.448508380868702,0.130772344659991,0.20453739493756742,0.07376505027757643,0.38067789222426557,0.532790921514266,0.15211302929000042,0.7815330738828523,0.9783889793365623,0.19685590545371,6.500043068666887,6.654041938397477,0,0,0,0,1,2,0,0,0,0,0,0
3998854,c4bafe72-56fa-48d4-8886-d27eb196a726,2,77,53,Belgium Women's,Jarne Teulings,Sari Kees,8.8,76.3,2.7,68.3,10.060318,-3.6906590573152016,0.6570958040183769,0.07930443303301016,-0.5777913709853667,1.0281195555008453,0.29950110057984386,-0.7286184549210015,1.416569909504373,0.6778162021017972,-0.7387537074025757,2.3328453697199936,8.931109027407862,1,0,2,0,2,0,0,0,0,0,0,0
3998854,bbc4a406-872c-4657-ae7f-40d11787e83b,2,78,55,Portugal Women's,Lúcia Catarina Sousa Alves,Jéssica da Silva,90.8,5.3,95.5,12.3,8.431489,8.370920203369316,0.7283166893556603,0.8561493613111478,0.12783267195548753,1.2731988557761917,1.5669278473094186,0.29372899153322685,2.085444952957451,2.5301625441875197,0.4447175912300687,1.8256872939445576,1.6675495166148329,1,1,1,1,2,3,1,0,0,0,0,0
3998854,a8485a2c-cf65-4570-9451-aa7558ead9c6,2,79,12,Portugal Women's,Lúcia Catarina Sousa Alves,Carole da Silva Costa,64.8,8.9,62.2,8.8,2.6019223,-2.3250697840478765,1.0294073577229812,0.9099913759823958,-0.11941598174058543,1.3598884819780195,1.2848867522258154,-0.0750017297522041,1.7404011024881911,1.6808403281335282,-0.05956077435466289,0.97706290708671,2.3563651229313267,1,2,2,2,2,2,0,0,1,0,0,1
3998854,c6e8a233-4bbd-49f2-864c-d7d87af95e4d,2,79,16,Portugal Women's,Carole da Silva Costa,Telma Raquel Velosa Encarnação,79.1,10.3,88.8,23.2,16.140013,15.11044329192594,0.4563629806316817,1.1912656273636735,0.7349026467319918,1.0513089729132816,1.8893240065924073,0.8380150336791257,1.8769002927734992,2.818443790660207,0.9415434978867077,3.7076089043875573,0.630247783750327,0,1,1,1,1,3,0,1,1,0,0,1
3998854,004ee0e6-5921-4dc5-bde8-9894382c4b9b,2,79,19,Portugal Women's,Dolores Isabel Jacome Silva,Diana Catarina Ribeiro Gomes,74.1,25.6,64.8,41.1,18.07595,-7.105138203442806,0.4449885311125608,0.009825891698921459,-0.43516263941363936,0.8698166287146462,0.0993399406918789,-0.7704766880227673,1.620448362374018,0.43247604840143694,-1.187972313972581,2.7592384227741493,14.92127973466328,1,0,1,0,1,0,0,0,1,0,0,1
3998854,5f03ae38-3b10-4f39-b0e3-b782181479e9,2,79,23,Portugal Women's,Diana Catarina Ribeiro Gomes,Tatiana Vanessa Ferreira Pinto,69.1,48.5,74.5,63.5,15.942396,0.3944942175263506,0.03356074592604695,0.1566281592427934,0.12306741331674646,0.20268975536721048,0.4158342437132864,0.21314448834607594,0.652120195564828,0.8753528297640906,0.22323263419926254,11.913019403983627,5.862925441700072,0,0,0,0,0,1,0,0,1,0,0,1
3998854,ad29039e-5fd9-49de-bc8d-6155be4b5899,2,79,26,Portugal Women's,Tatiana Vanessa Ferreira Pinto,Diana Catarina Ribeiro Gomes,74.7,65,63.1,54.4,15.713688,-6.953263788982561,0.47861941335332064,0.10192682800046932,-0.37669258535285133,0.8465391142142985,0.3625394978196752,-0.4839996163946233,1.35555960567062,0.8502276589070539,-0.5053319467635662,2.841928925827327,7.654436794702694,1,0,1,0,2,1,0,0,1,0,0,1
3998854,90b4b8f5-6001-49d9-8723-a67aace12ca7,2,79,33,Portugal Women's,Diana Catarina Ribeiro Gomes,Francisca Ramos Ribeiro Nazareth Sousa,70.1,52.4,78.4,47.7,9.538343,9.110985121794243,0.3528798521543016,0.754973106434503,0.4020932542802014,0.8196080000047451,1.3810221051767948,0.5614141051720497,1.5276106347579377,2.2001994091710406,0.6725887744131029,3.857464115861049,2.343083327935189,0,1,1,2,1,2,0,1,1,0,0,1
3998854,e08be16a-f507-43d9-976c-c6cd3f1ce43e,2,79,34,Portugal Women's,Francisca Ramos Ribeiro Nazareth Sousa,Andreia de Jesus Jacinto,78.7,47.7,86.6,51.4,8.723532,6.719739624633036,0.8370216598485987,0.9581709079660192,0.12114924811742056,1.3946703964379301,1.8494664191441568,0.45479602270622665,2.1896025069968257,3.014644182926223,0.8250416759293975,1.3134173766447383,2.0463351185827734,1,1,1,2,2,3,0,0,1,0,0,1
3998854,6519b5ce-c19a-4551-862d-3bbcdfc9a968,2,79,38,Portugal Women's,Andreia de Jesus Jacinto,Lúcia Catarina Sousa Alves,96.3,31.5,100.9,14.3,17.804493,-6.842140913618707,1.3618321553717154,0.03820601861039923,-1.3236261367613162,2.196171534282593,0.24137975976995865,-1.9547917745126342,3.2220373644897276,0.7726262377908106,-2.4494111266989167,0.4317798223071676,11.63606209451203,1,0,1,0,5,0,1,0,0,0,0,0
3998854,d4aac736-be9d-43f5-9560-8c2388891b8c,2,80,23,Belgium Women's,Mariam Abdulai Toloba,Laura Deloose,111.9,67.8,110.5,75.7,8.023091,-7.986386473373511,0.9958586165073123,0.16396344660003298,-0.8318951699072794,1.4764776021436432,0.541312572919885,-0.9351650292237582,2.1765933473214245,1.183610700030845,-0.9929826472905796,0.769650509282977,7.378497747588406,1,0,1,0,2,1,0,0,0,0,0,0
3998854,5fd75b92-b241-4aae-a8d0-e5129a8cb3c0,2,80,44,Portugal Women's,Francisca Ramos Ribeiro Nazareth Sousa,Telma Raquel Velosa Encarnação,55.6,14.7,70.1,16.9,14.665947,14.203948085535899,0.7221986629827466,0.6831875143233239,-0.03901114865942268,1.1344925297470385,1.4753162046512913,0.3408236749042528,1.8341333248221032,2.5863978598179456,0.7522645349958423,1.3292839901772848,2.723864246082379,1,1,1,1,1,3,1,0,1,0,0,1
3998854,dc3c219f-42b5-455c-bff1-2fa4d5c93e3d,2,80,45,Portugal Women's,Telma Raquel Velosa Encarnação,Lúcia Catarina Sousa Alves,70.1,17.1,68.1,2.8,14.439183,-8.95117973658936,0.6831874699164509,0.22169702553768172,-0.4614904443787691,1.475316161631257,0.6651620594881326,-0.8101541021431243,2.5863978085971224,1.4197152378835471,-1.1666825707135753,2.7238646256182233,5.658073109792046,1,0,1,0,3,1,0,0,1,0,0,1
3998854,e2962f40-ff78-422f-8d35-88237189aba9,2,80,47,Portugal Women's,Lúcia Catarina Sousa Alves,Andreia de Jesus Jacinto,67.9,2.4,62.2,6.9,7.262231,-2.3558447761144237,0.15337001373414763,0.15520915752613812,0.0018391437919904885,0.5114954936124413,0.48166737566979656,-0.029828117942644727,1.174889390548734,1.0824443783334021,-0.09244501221533197,6.493545047233832,6.423170380179564,0,0,0,0,1,1,0,0,1,0,0,1
3998854,64e9e4e0-873b-48a7-88b8-45f5e004e468,2,80,48,Portugal Women's,Andreia de Jesus Jacinto,Francisca Ramos Ribeiro Nazareth Sousa,62.2,6.9,68.9,17.9,12.879829,10.932450323564957,0.2810686040802151,0.2819813846372806,0.0009127805570655068,0.6408570165678407,0.8824158381129251,0.24155882154508446,1.2436483531062492,1.8579853595941842,0.614337006487935,4.267639024035734,6.127262506116579,0,0,1,0,1,1,0,0,1,0,1,1
3998854,e7dfc67e-fc0e-48c0-8b80-0c6ad0f89c6d,2,80,51,Portugal Women's,Francisca Ramos Ribeiro Nazareth Sousa,Diana Catarina Ribeiro Gomes,69.5,18.2,84,70.9,54.658394,7.561752081165501,0.865246293010459,0.000499913497104216,-0.8647463795133548,1.4734348590331896,0.016673252258109995,-1.4567616067750797,2.3646894207894134,0.14670561066704382,-2.2179838101223694,2.2707243045505607,23.57311549963274,1,0,2,0,2,0,0,0,0,1,1,1
3998854,9df0400e-61b6-4474-80c5-5e10ce8ed0e1,2,80,57,Portugal Women's,Diana Catarina Ribeiro Gomes,Fátima Alexandra Figueira Pinto,97,69.7,111.7,45.3,28.485962,27.716635498048383,0.07017156546887082,0.8113047247655237,0.7411331592966529,0.23039132767454587,1.6250839724278037,1.3946926447532577,0.5752548212868503,2.6935925727946026,2.1183377515077524,8.022485995958375,2.4395720891847827,0,1,0,1,0,3,0,0,0,1,1,1
3998854,08563592-a215-4cd4-b834-44cc008fae13,2,81,52,Portugal Women's,Fátima Alexandra Figueira Pinto,Dolores Isabel Jacome Silva,76.5,47.8,65.1,40.5,13.536986,-10.708498977230924,0.6140444374619627,0.44756356924969687,-0.16648086821226582,1.401295221301409,0.9477124353931059,-0.45358278590830303,2.4441802081542474,1.785994709800932,-0.6581854983533155,4.510593859312519,3.037139640834036,0,0,2,1,3,1,0,0,1,0,0,1
3998854,582ea214-7452-4b9c-a039-b8b27524c92d,2,81,54,Portugal Women's,Dolores Isabel Jacome Silva,Carole da Silva Costa,64.1,38.9,54.8,40.1,9.3771,-9.289254836556694,0.3738650902615868,0.11168351628969142,-0.2621815739718954,0.7906824198965593,0.36916027823450137,-0.4215221416620579,1.4987136633762626,0.8365751831610432,-0.6621384802152194,3.3433083028286585,7.149588889876132,0,0,1,0,1,1,0,0,1,0,0,1
3998854,803b3eb8-68f8-42a9-a261-9af1143dd4c8,2,81,57,Portugal Women's,Carole da Silva Costa,Lúcia Catarina Sousa Alves,56,24.8,59.8,11.9,13.448049,-0.6550666840459343,0.27155054734728695,0.0626434577206683,-0.20890708962661864,0.5923475658029732,0.2835093692940338,-0.3088381965089394,1.0769943360621954,0.7134555585222774,-0.36353877753991803,4.247994922276136,10.367669534152352,0,0,1,0,1,0,0,0,1,0,1,1
3998854,7de08991-df19-4dbf-b511-861f3d586d27,2,82,0,Portugal Women's,Lúcia Catarina Sousa Alves,Andreia de Jesus Jacinto,62.5,12.9,71.1,21.2,11.951987,11.17677865336362,0.43356434232668595,0.18703771348682777,-0.24652662883985818,0.7885709257479285,0.6373295531785045,-0.15124137256942405,1.267429721101879,1.4075265032738458,0.14009678217196675,2.935144826711032,7.357260485320918,1,0,1,0,1,1,0,0,1,0,1,1
3998854,49e88a3a-2b0b-4493-b50a-99dfce789df8,2,82,3,Portugal Women's,Andreia de Jesus Jacinto,Francisca Ramos Ribeiro Nazareth Sousa,72.1,19.6,76.5,36.1,17.076591,8.388657077139435,0.5903966009078806,0.33407879858382683,-0.25631780232405377,1.1884894056193342,0.8704495208417031,-0.3180398847776311,1.9467303507387164,1.7490603106442637,-0.19767004009445266,3.864952311543072,4.657881857366915,0,0,2,1,3,2,0,0,1,1,1,1
3998854,95fe8c4e-f26f-418d-9287-e90c506fb635,2,82,5,Portugal Women's,Francisca Ramos Ribeiro Nazareth Sousa,Tatiana Vanessa Ferreira Pinto,77.1,36.1,79.1,49.1,13.152946,1.17678863545801,0.7967609263980776,0.14561093956908963,-0.651149986828988,1.387617798151676,0.5200554540545556,-0.8675623440971204,2.217025575055873,1.313986342190345,-0.9030392328655281,1.7711195036928074,6.470808179371558,1,0,1,0,2,1,0,0,0,1,1,1
3998854,ef61f9fa-80d1-4bbd-9f35-aa85a4f17aa0,2,82,41,Belgium Women's,Sari Kees,Amber Tysiak,4.3,54,12.4,71.2,19.011839,4.511801965276916,0.10173467391814195,0.08431959726051484,-0.017415076657627107,0.26821809860370166,0.25011422711761755,-0.01810387148608411,0.5179880652494426,0.5351862821249498,0.017198216875507155,6.874533923952201,7.465973133311763,0,0,0,0,1,1,0,0,0,0,0,0
3998854,6b732157-e0d8-4b87-bee2-3852c5741170,2,83,11,Belgium Women's,Tessa Wullaert,Marie Detruyer,38.1,73.8,41.7,54.5,19.632881,8.969232636294748,1.415664638415957,0.6735820622496606,-0.7420825761662965,1.8809640291543555,1.0984348347431945,-0.782529194411161,2.4992258050493783,1.8424986620090922,-0.6567271430402861,1.0847645738384721,1.4698367184565857,2,1,2,1,2,1,0,1,0,0,0,0
3998854,2b45fbbc-dd85-4319-b496-55bb30d74eae,2,83,19,Portugal Women's,Diana Catarina Ribeiro Gomes,Patricia Isabel Sousa Barros Morais,23.2,22.2,6.9,40.5,24.506733,-14.678140411334368,0.30720011200957564,0.0015597802273968487,-0.3056403317821788,0.49255283356158186,0.020793847953279876,-0.471758985608302,0.6423666917421267,0.09178828660818689,-0.5505784051339397,3.540767739282547,19.390058812667483,0,0,1,0,1,0,0,0,1,0,0,1
3998854,e23772eb-fde0-475d-9828-22af229eafb1,2,83,25,Portugal Women's,Patricia Isabel Sousa Barros Morais,Carole da Silva Costa,15.3,40.7,30.8,56,21.779348,14.078722762123292,0.0442065432703851,0.06463164276548271,0.02042509949509761,0.15753200311668109,0.283242255627725,0.1257102525110439,0.34100428540090527,0.7089786600032459,0.36797437460234067,9.362953325698331,9.470541888633177,0,0,0,0,0,0,0,0,0,0,0,0
3998854,d661dbeb-ffc1-4d04-aef5-22db02ce526c,2,83,27,Portugal Women's,Carole da Silva Costa,Patricia Isabel Sousa Barros Morais,30.8,56,12.5,45.8,20.950657,-17.032734184216494,0.06463164276548271,0.003898253641424452,-0.060733389124058255,0.283242255627725,0.04118986261753925,-0.24205239301018572,0.7089786600032459,0.18786610441951002,-0.5211125555837359,9.470541888633177,16.715336937683496,0,0,0,0,0,0,0,0,1,0,0,1
3998854,4b458b70-f666-40e8-a95e-bd5196a12072,2,83,37,Portugal Women's,Diana Catarina Ribeiro Gomes,Lúcia Catarina Sousa Alves,53.8,16.3,77.7,7.8,25.366514,17.15314960242854,0.6326009326737176,0.49446011538661644,-0.1381408172871012,1.0713978079430846,0.9264785927600339,-0.14491921518305073,1.6797215970641763,1.594266755378351,-0.0854548416858254,1.9791764565200571,2.6248937148849425,1,1,1,1,1,1,0,0,1,0,0,1
3998854,f36aa28c-d112-409a-bd19-09770df0188a,2,83,39,Portugal Women's,Lúcia Catarina Sousa Alves,Francisca Ramos Ribeiro Nazareth Sousa,77.7,7.8,84.4,22.1,15.79177,13.314526403118698,0.49446011538661644,0.9674704456979173,0.47301033031130085,0.9264785927600339,1.5430601934960857,0.6165816007360518,1.594266755378351,2.376629425462303,0.7823626700839521,2.6248937148849425,1.1800883730375344,1,1,1,2,1,3,0,1,1,0,0,1
3998854,22282bd4-b1c5-48cd-be62-ba472f3ac9e4,2,85,46,Portugal Women's,Carole da Silva Costa,Dolores Isabel Jacome Silva,70.1,15.1,76.7,24.8,11.732433,9.877140348282907,0.447954744919273,0.2314537000393454,-0.2165010448799276,0.7976031768592392,0.7993164742718744,0.0017132974126351508,1.400838130792799,1.8232055851543405,0.42236745436154144,2.7017472553862056,6.660334123855132,1,0,1,0,1,1,0,0,1,0,0,1
3998854,e77c380d-2449-4871-9a72-be702ff9705a,2,85,55,Portugal Women's,Diana Catarina Ribeiro Gomes,Lúcia Catarina Sousa Alves,81,51.1,76.1,61.4,11.406138,-8.289342843358064,0.6374337491318892,0.05880477580843754,-0.5786289733234516,1.240661678569918,0.30269392885417784,-0.9379677497157402,2.178208476295326,0.8739707770323136,-1.3042376992630125,2.3629026679996543,10.8323810873934,1,0,1,0,2,0,0,0,1,0,0,1
3998854,fbc83533-889b-466a-a0de-38310ea38225,2,85,58,Portugal Women's,Lúcia Catarina Sousa Alves,Dolores Isabel Jacome Silva,77.4,62.6,72.1,52.4,11.4947815,-1.2553397859500137,0.22151548191822615,0.054829774656675205,-0.16668570726155094,0.618158171365969,0.24002893528774533,-0.37812923607822363,1.3047050422825013,0.7252369177632291,-0.5794681245192722,5.601588877008054,8.944099968060051,0,0,0,0,1,0,0,0,1,0,0,1
3998854,2af91f9b-d8fc-4908-bc55-6a0bf01f9cb7,2,86,1,Portugal Women's,Dolores Isabel Jacome Silva,Andreia de Jesus Jacinto,71.7,35.1,78.4,27.6,10.056838,5.13915959899056,0.08092169709584984,0.14834436336434653,0.06742266626849669,0.29077303253228076,0.4121452034487918,0.12137217091651104,0.7959736081562075,0.9487142660444704,0.15274065788826285,7.7084086214792595,5.9270229084662,0,0,0,0,1,1,0,0,1,0,0,1
3998854,44e82cf9-010f-41c4-9c00-16ff2ed3f8f2,2,86,6,Portugal Women's,Andreia de Jesus Jacinto,Diana Catarina Ribeiro Gomes,83,42.7,79.7,69.3,26.803917,-12.727112767655754,0.9923586958303168,0.04194186228350715,-0.9504168335468096,1.6705714885645169,0.22555178073306084,-1.445019707831456,2.687876486539206,0.7123558382267543,-1.9755206483124517,1.1110979592060606,10.160684352936379,1,0,2,0,2,0,1,0,1,0,0,1
3998854,f10998bb-048b-4a56-99ef-60607188ea1f,2,86,9,Portugal Women's,Diana Catarina Ribeiro Gomes,Andreia de Jesus Jacinto,83.7,68.7,102.9,69.9,19.237463,11.83059924304721,0.1820506060935521,0.44114266140679487,0.25909205531324275,0.4416167272361704,0.8853227028458553,0.44370597560968494,0.9299240783233504,1.5190755780474123,0.5891514997240619,5.262161259341031,3.2281373498534336,0,0,0,1,1,1,0,0,0,0,0,0
3998854,15ed9ce8-581b-4f56-811d-a2ad437c5aee,2,86,28,Portugal Women's,Dolores Isabel Jacome Silva,Francisca Ramos Ribeiro Nazareth Sousa,70.1,56.6,67.9,47.8,9.070832,-0.09195460946256873,0.07562445400374286,0.014521569282988618,-0.061102884720754244,0.35029674974485564,0.16080977812472086,-0.18948697162013478,0.9492955119066032,0.6390518216251824,-0.31024369028142085,8.998272872861032,17.106221540391633,0,0,0,0,0,0,0,0,1,0,1,1
3998854,f71fd7db-53f9-4f16-8d01-36c38bad032b,2,86,32,Portugal Women's,Francisca Ramos Ribeiro Nazareth Sousa,Telma Raquel Velosa Encarnação,79.8,42.1,110.5,30.1,32.96195,26.5340262273563,0.12792747200815832,0.5143701940627285,0.3864427220545702,0.5596343729522122,1.1949581750179967,0.6353238020657845,1.4278059351274834,2.177015403552374,0.7492094684248907,8.552904240848616,3.3699244797263286,0,0,0,1,0,2,0,1,0,1,1,1
3998854,43acad8c-06de-4a51-bde1-f1ee4e84bc2a,2,87,39,Belgium Women's,Janice Cayman,Sari Kees,36.1,30,21.8,27.7,14.483784,-14.473471908010893,0.8159936033624847,0.13170615995951868,-0.684287443402966,1.1077878186658157,0.39680829156382597,-0.7109795271019896,1.4907472637634438,0.7732479674824828,-0.717499296280961,0.9185038583915897,7.870247292538412,1,0,1,0,1,1,1,0,1,0,0,1
3998854,a6006e57-0edc-43a3-9c92-9d89106565a7,2,87,40,Belgium Women's,Sari Kees,Amber Tysiak,24.1,28,26.5,55,27.106457,1.9523011497579148,0.4903413133033035,0.03104638075700994,-0.45929493254629356,0.8663940125804839,0.16556651463960503,-0.7008274979408788,1.2417676493761445,0.45218963937262147,-0.789578010003523,3.7619139634638716,11.272334803064417,0,0,2,0,2,0,0,0,1,0,0,1
3998854,f4c950c7-3c3f-43a4-b8fb-ce125d689c7e,2,87,49,Belgium Women's,Amber Tysiak,Marie Detruyer,57,59.9,90.7,72.2,35.874504,22.532834411473097,1.8667148452622062,0.11059676136329545,-1.7561180838989108,2.9054414230459504,0.3002881741501376,-2.605153248895813,4.0416426231831375,0.649021956318587,-3.3926206668645507,0.9325368998619697,6.653337485022882,2,0,4,0,5,1,1,0,1,0,0,1
3998854,0924883a-3676-4202-a03a-32f460bf99bb,2,87,56,Belgium Women's,Marie Detruyer,Davina Philtjens,85.7,53.9,96.6,24.1,31.7309,8.718647021470836,1.214552557239025,0.17478532202645106,-1.039767235212574,2.082953829072386,0.5459522908335752,-1.537001538238811,3.0782552345237817,1.2437303060512934,-1.8345249284724883,1.645829737515214,6.177015429479973,1,0,2,0,4,1,0,0,1,0,0,1
3998854,a59001a9-5a1d-404d-84e4-35cca05c2492,2,88,46,Portugal Women's,Diana Catarina Ribeiro Gomes,Dolores Isabel Jacome Silva,55.1,73.3,40.1,63.5,17.91759,-10.339712739421685,0.22377984700247938,0.0014995824441331165,-0.22228026455834626,0.49421131151877756,0.028220189993226345,-0.4659911215255512,0.8561035812935401,0.15468434367838904,-0.7014192376151511,4.761631980080094,20.645112877893474,0,0,1,0,1,0,0,0,1,0,0,1
3998854,c9b7e91b-5a9c-48d6-b357-591fbae0c45f,2,88,49,Portugal Women's,Dolores Isabel Jacome Silva,Carole da Silva Costa,43.1,57,53.2,9.8,48.26852,5.447169543448965,0.002880575581302087,0.054363311014537716,0.05148273543323563,0.034310444145806626,0.1909539233007357,0.1566434791549291,0.14761792265266446,0.4497206309751804,0.30210270832251596,17.732416964288696,8.785474117518337,0,0,0,0,0,0,0,0,1,0,0,1
3998854,8e062fc7-6a93-4e1a-ab0a-34c13488aa76,2,88,56,Portugal Women's,Carole da Silva Costa,Jéssica da Silva,57.8,10.8,83.7,13.9,26.084862,24.00396693685927,0.06036780741398061,0.20473667536372891,0.1443688679497483,0.29853129641931775,0.6656507961057234,0.36711949968640567,0.8289560382286698,1.4568723280386904,0.6279162898100206,10.105534776734828,7.056437806073692,0,0,0,0,0,1,0,0,0,0,0,0
3998854,bbb7794c-78dc-4172-b950-6f6c5383023b,2,89,39,Belgium Women's,Laura Deloose,Mariam Abdulai Toloba,50.6,75.7,80.3,68.8,30.490982,28.997695196436517,0.2293686975143009,0.5283585779156341,0.29898988040133323,0.4795852489923278,0.9351472894571844,0.4555620404648566,0.839459327141788,1.5215192887282605,0.6820599615864725,4.545037290107297,2.3859959965708564,0,1,1,1,1,1,0,0,1,0,0,1
3998854,5369d4d2-0bcf-4cb0-8cff-b03b5dbcc901,2,89,52,Belgium Women's,Marie Detruyer,Tessa Wullaert,113.5,68.8,110.4,43.4,25.588474,19.340095046370642,0.5832936024629299,1.076613833248884,0.493320230785954,0.9364077045799378,1.7439285255289187,0.8075208209489809,1.4821848843501333,2.525913662835325,1.0437287784851916,1.9377520290784132,1.9266786532997926,1,1,1,2,1,3,0,0,1,1,1,1
3998854,2d860183-ea80-4853-83c1-57dc8b5e018e,2,89,56,Belgium Women's,Justine Vanhaevermaet,Janice Cayman,96.6,51.1,93.3,38.6,12.928264,-0.8374511384333836,0.5943387824171122,0.2178648456644901,-0.37647393675262214,1.1852435829769767,0.7319528207685774,-0.45329076220839937,2.1479917737950065,1.6490831559368084,-0.49890861785819807,2.2978038056977312,7.077926554412463,1,0,1,0,2,2,0,0,0,1,1,1
3998854,ce141486-3583-475a-8ba6-a725410e3979,2,95,16,Portugal Women's,Carole da Silva Costa,Francisca Ramos Ribeiro Nazareth Sousa,48.2,21.8,71.9,6.3,28.318544,15.340035439308288,0.4295993591543052,0.12438866368032782,-0.3052106954739774,0.6451135922484392,0.3192892891668595,-0.3258243030815797,0.9456845032859245,0.6478645552098011,-0.29781994807612333,2.558537581513493,6.315532513167421,1,0,1,0,1,1,0,0,1,0,0,1
3998854,c35b032a-ccbb-4b2c-ad99-2913441da30a,2,95,20,Portugal Women's,Francisca Ramos Ribeiro Nazareth Sousa,Dolores Isabel Jacome Silva,76.1,7.3,70.1,24.1,17.839283,2.3683568922987135,0.5220748852651466,0.08253755391388838,-0.43953733135125816,0.8050944824844002,0.28690319687281934,-0.5181912856115809,1.2267876645211864,0.7509982168908486,-0.4757894476303378,2.1221759282584007,7.64122540741127,1,0,1,0,1,1,0,0,1,0,0,1
3998854,101a0bc9-f006-45c2-ac86-e6785741f2c7,2,95,23,Portugal Women's,Telma Raquel Velosa Encarnação,Diana Catarina Ribeiro Gomes,84,28.8,54.6,47.5,34.84322,-28.126651845564595,0.803796456370402,0.08739618324218022,-0.7164002731282217,1.5851513289917085,0.23861266157221442,-1.3465386674194941,2.5959829985081253,0.46740708278294796,-2.128575915725177,2.5685771288563393,7.318045950991139,1,0,1,0,4,1,0,0,1,0,0,1
3998854,9d8f93bb-2c9d-4df6-bd76-d083e7c5829c,2,95,36,Belgium Women's,Janice Cayman,Tessa Wullaert,80.2,27.1,107.2,22.1,27.45906,19.832698425062283,0.6628137346542268,0.3976515128716519,-0.26516222178257487,1.3947032330171678,0.8008955848022933,-0.5938076482148745,2.3346608171206884,1.4738781156640057,-0.8607827014566827,3.412442195293895,3.158395477190417,0,0,2,1,2,1,0,0,1,1,1,1
3998854,f87018cd-bd87-4235-a866-af5956716030,2,97,7,Portugal Women's,Andreia de Jesus Jacinto,Fátima Alexandra Figueira Pinto,96.5,70.7,93,77.8,7.915807,-7.790688923763554,1.077834533833643,0.19702231065511025,-0.8808122231785328,1.6076459191448453,0.5744858276027406,-1.0331600915421046,2.266435130867438,1.1732863889238747,-1.0931487419435635,1.9746914824583828,6.23561518113509,2,0,2,0,2,1,1,0,1,0,1,1
3998854,32e6bb9d-2823-4e5d-8a0f-eecef02fef53,2,97,8,Portugal Women's,Fátima Alexandra Figueira Pinto,Diana Catarina Ribeiro Gomes,93,77.8,79.7,73.7,13.917615,-6.081051848282421,0.34285414262906755,0.02549328931365791,-0.31736085331540964,0.7301546953695703,0.16050370714117945,-0.5696509882283909,1.3075797659654154,0.5228303256811748,-0.7847494402842405,3.739294350622139,11.996622306777024,0,0,1,0,1,0,0,0,1,0,1,1
3998854,85ba6d40-3280-4700-9ee5-ef66e9e81b2d,2,99,20,Portugal Women's,Dolores Isabel Jacome Silva,Carole da Silva Costa,56.8,8.8,52.2,24.2,16.072336,0.8651060212392565,0.11029835161055641,0.02914437485991274,-0.08115397675064367,0.320406320234343,0.15457171292176297,-0.16583460731258004,0.6452909786869568,0.45031074251073616,-0.19498023617622068,6.926723823729177,10.953737426936964,0,0,0,0,1,0,0,0,1,0,0,1
3998854,826f0399-2b0f-438a-8d0b-932b8e9c7707,2,99,53,Portugal Women's,Diana Catarina Ribeiro Gomes,Telma Raquel Velosa Encarnação,56.6,64,90,46.5,37.706898,37.094468858429,0.4376891779563398,0.8455337823992612,0.4078446044429214,0.9510339164256423,1.589247241832249,0.6382133254066067,1.740430650376907,2.6022117862655403,0.8617811358886334,3.1352076433965306,2.9749104113876013,0,1,1,2,1,2,0,0,0,0,0,0
3998854,95324468-e84f-4b72-a622-9973dd311591,2,100,7,Portugal Women's,Andreia de Jesus Jacinto,Carole da Silva Costa,76.8,9.3,65.8,17.2,13.542894,-5.802887366093145,0.3873529692903241,0.01688125972474863,-0.37047170956557546,0.7618440431225177,0.12196915703918204,-0.6398748860833356,1.357292102671469,0.4511936993544134,-0.9060984033170556,3.25845151233159,12.676415146471577,0,0,1,0,1,0,0,0,1,0,0,1
3998852,97a1a976-70cd-4ecd-9f7f-8fe1bcce044b,1,0,6,WNT Finland,Joanna Tynnilä,Eva Nyström,45.2,16.3,32.9,30.6,18.862131,-9.14093176341025,0.23655958527835963,0.012087001709025793,-0.22447258356933383,0.5996651070476157,0.10408618930957564,-0.49557891773804,1.1616726521496716,0.3910943890814279,-0.7705782630682437,5.52570360887511,14.98965220592971,0,0,0,0,2,0,0,0,1,0,0,1
3998852,0830410b-60fe-4b45-8b7d-7a5978997f80,1,0,10,WNT Finland,Eva Nyström,Eveliina Summanen,35.9,36.2,49.7,33.5,14.06165,13.585948047844397,0.21533126182793916,0.22480793931263862,0.009476677484699464,0.5162805009693793,0.7472642903620241,0.23098378939264486,0.9718037854043118,1.5471001624702139,0.5752963770659021,5.124584025867578,6.946730653887795,0,0,0,0,1,1,1,0,1,0,0,1
3998852,c5b30019-f8d9-484b-9923-028cce0a7322,1,0,15,Switzerland Women's,Julia Stierli,Sydney Schertenleib,36.9,28.9,62.1,15.6,28.494385,21.006776165822195,0.3420814161119439,1.1368670464320554,0.7947856303201115,0.7818483406174526,1.7998988959571591,1.0180505553397066,1.3842506410119106,2.6246950891900482,1.2404444481781376,4.431166630729209,1.7415211317673598,0,1,1,3,2,3,0,0,0,0,0,0
3998852,e2ba74e4-7b3a-47ff-a756-b7124e284dab,1,0,29,WNT Finland,Natalia Kuikka,Eva Nyström,24.8,62.9,23.2,39.9,23.055586,1.1154731631584553,0.04792951622556385,0.008746740115760425,-0.039182776109803426,0.1946663434221411,0.076517785887591,-0.11814855753455009,0.4937292145449041,0.28759756951259485,-0.20613164503230924,9.3003883986701,14.691966610201185,0,0,0,0,0,0,0,0,1,0,0,1
3998852,88067976-dba9-4592-9862-ed74d7f095c8,1,0,32,WNT Finland,Eva Nyström,Joanna Tynnilä,26.3,33.2,38.3,11.1,25.147764,7.285587763419983,0.009107704459857518,0.012890894646578463,0.0037831901867209448,0.07845627873166786,0.10526985178638613,0.02681357305471828,0.28638510454791455,0.38572827053270387,0.09934316598478932,14.617226229908644,14.28759868838555,0,0,0,0,0,0,0,0,1,0,0,1
3998852,cc87e5a7-e8c7-4483-9249-e5202433d08a,1,0,36,WNT Finland,Joanna Tynnilä,Eva Nyström,36.3,12.9,24.5,24.3,16.407316,-8.804081680631342,0.1433102468191213,0.009815863331039445,-0.13349438348808185,0.3959495412043019,0.09932998970176235,-0.2966195515025396,0.823751017007352,0.3970040812637274,-0.4267469357436246,6.170700220894439,15.10563292946513,0,0,0,0,1,0,0,0,1,0,0,1
3998852,67a754fc-ec7d-4a7f-bde6-0de279e05405,1,0,39,WNT Finland,Eva Nyström,Eveliina Summanen,23.8,36.5,35.6,35.3,11.86086,11.732884752206104,0.07233943364022914,0.27338787165718315,0.201048438016954,0.259263204403664,0.6937112220302017,0.43444801762653773,0.6170453226680086,1.3312006044231637,0.7141552817551551,8.121552669364199,4.555297259957768,0,0,0,1,0,1,0,1,1,0,0,1
3998852,1c9ae839-65ae-4f3c-9364-c2d678dff499,1,0,40,WNT Finland,Eveliina Summanen,Eva Nyström,35.2,35.1,23.9,37.8,11.61809,-11.18372838025681,0.273388006087716,0.02842744785661887,-0.24496055823109714,0.6937113327166583,0.16410142098735564,-0.5296099117293027,1.3312006518979114,0.4786523382516625,-0.8525483136462488,4.555295238578912,11.913397089674838,0,0,1,0,1,0,1,0,1,0,0,1
3998852,3e8e2aeb-9832-456e-bac8-64584708195d,1,0,42,WNT Finland,Eva Nyström,Joanna Tynnilä,26.6,35.8,36.5,8.6,28.945639,4.285584843780953,0.04999847491663194,0.008121980085455649,-0.04187649483117629,0.22589159275989498,0.0834954077428998,-0.1423961850169952,0.5756375932855704,0.3456880821129402,-0.22994951117263018,10.039323852662987,15.884192244713955,0,0,0,0,0,0,0,0,1,0,0,1
3998852,16742908-a564-4772-b958-cdcfd6d75a77,1,0,50,WNT Finland,Oona Sevenius,Saara Katariina Kosola,68.5,1.1,75.2,2,6.7601776,5.794821936988775,0.8786361423242218,1.1194650796572467,0.2408289373330249,1.3293295166140615,1.6137996888920918,0.2844701722780303,1.9894595638308743,2.2784485636395035,0.28898899980862924,1.04983704844454,1.4104924529271203,1,2,1,2,3,2,1,1,0,0,0,0
3998852,18e11476-723a-461f-bba2-2bd81a0488ce,1,1,16,Switzerland Women's,Iman Beney,Géraldine Reuteler,40.1,77.2,45.6,78.8,5.7280016,4.225932155765221,0.24673755215234525,0.503425412187256,0.25668786003491073,0.5648773278973878,0.8899048440971409,0.3250275161997531,1.0441014284745094,1.41134588264962,0.36724445417511054,4.806725160910915,2.7787271770802873,0,1,1,1,1,2,0,1,0,0,0,0
3998852,f0f75723-6178-4ff5-9f33-64f237425fe5,1,2,13,WNT Finland,Oona Sevenius,Natalia Kuikka,92.7,21.5,81.4,41,22.537525,-5.635079826622032,1.16742266577119,0.048852129459984746,-1.118570536311205,2.1166138717602054,0.307277855281561,-1.8093360164786445,3.2672963170098432,0.9843626817235746,-2.282933635286269,2.482489390031655,11.232236385820476,1,0,3,0,4,0,0,0,1,0,0,1
3998852,e805ff31-25c6-42e0-823f-86ddefe6fa97,1,2,22,WNT Finland,Emma Wilhelmina Koivisto,Eveliina Summanen,75.2,58.6,75.3,45.7,12.900388,3.4457739949054513,0.8792983818815218,0.8839292870208155,0.004630905139293762,1.2893904488347716,1.5495875352488806,0.260197086414109,1.9419348104693543,2.5646294422807485,0.6226946318113942,0.8367049519630654,1.4090251480422735,1,1,1,1,2,2,1,1,0,0,0,0
3998852,5d35f0f0-129b-4499-b05f-05d564d66f45,1,2,25,Switzerland Women's,Lia Wälti,Svenja Fölmli,42.4,30.5,50,27.1,8.325863,7.0006263686181,0.7902729818631913,0.5866612872738007,-0.20361169458939055,1.5810567015148551,1.3826095450744056,-0.19844715644044952,2.5704307633871895,2.4206787531438945,-0.149752010243295,3.0378290007923803,4.411267972344044,0,0,1,1,3,3,0,0,1,0,0,1
3998852,cf296064-8414-4776-92df-df4a13391d58,1,2,27,Switzerland Women's,Svenja Fölmli,Sydney Schertenleib,53.9,26.2,62.8,30.7,9.972963,9.574080412626856,1.1039488720899482,1.193619234237149,0.08967036214720081,2.0444316651497556,2.175327751139978,0.1308960859902224,3.0990034426079487,3.211500155351558,0.11249671274360917,2.362305849982777,3.0672580380282284,1,0,3,3,5,5,0,1,1,0,0,1
3998852,2be13bf3-14c5-453f-a2fb-d066a7e91913,1,2,32,Switzerland Women's,Svenja Fölmli,Géraldine Reuteler,89.7,40,99.4,52.3,15.66461,6.307292774678391,1.459833496681646,0.5957866846404561,-0.8640468120411898,2.386156503898682,1.282513590210695,-1.103642913687987,3.3883729494353205,2.2716902984858742,-1.1166826509494463,0.9446968778494401,2.705070506395515,1,1,2,1,4,2,1,1,1,0,0,1
3998852,b582a2f7-bf4c-466e-ab4c-385ec4374710,1,2,44,WNT Finland,Joanna Tynnilä,Saara Katariina Kosola,9.8,21.3,20,2.3,21.564787,4.9049194903711,0.21201610046182295,0.1098632513857532,-0.10215284907606975,0.49324659358398887,0.3136755284853168,-0.17957106509867204,0.8949699018591152,0.6769764355617565,-0.21799346629735872,5.016846470683758,6.77197158981445,0,0,0,0,1,1,0,0,1,0,0,1
3998852,42873820-7612-447a-9c1b-49cf760de461,1,3,30,Switzerland Women's,Sydney Schertenleib,Iman Beney,114.3,74.9,108.9,79.2,6.902898,-5.378847310565327,0.6333306854350318,0.6054294043671951,-0.027901281067836736,1.1041409453572038,1.0488730594653835,-0.0552678858918203,1.7818372797578423,1.6945006163038128,-0.08733666345402957,2.400139392989717,2.2178173850657386,1,1,1,1,2,2,0,1,1,0,0,1
3998852,9f12706c-2a90-474a-b0b4-7ecaee3751b5,1,3,35,Switzerland Women's,Viola Calligaris,Lia Wälti,99.2,62.4,90.8,51.8,13.524792,-0.9261693572593366,1.036170299023558,0.41368350648225705,-0.6224867925413009,1.9527110936208534,1.0733103465972536,-0.8794007470235998,3.077961741816225,2.1084512852425266,-0.9695104565736985,2.536016799829535,4.176580972382305,1,0,2,1,3,2,0,0,1,0,0,1
3998852,b3399439-87a7-4de4-91d3-3620d40f141c,1,3,37,Switzerland Women's,Lia Wälti,Noelle Maritz,86.3,44.3,73.2,20.1,27.518175,-16.881961808219238,0.890969561881857,0.029540000893750293,-0.8614295609881067,1.4136697635567717,0.1509735155853641,-1.2626962479714074,2.289612291501092,0.494924323874123,-1.7946879676269691,0.9965059119414066,10.706764753217337,1,0,1,0,2,0,1,0,1,0,0,1
3998852,f2ee38d6-433c-4998-b652-222b4ee45e4f,1,3,43,Switzerland Women's,Noelle Maritz,Nadine Riesen,79,12.6,91.9,2.4,16.445364,2.372810470314157,0.41635834474583105,0.14454833454039473,-0.2718100102054363,0.6712640520522913,0.39542319710389534,-0.275840854948396,1.0979196873447388,0.8187270172656401,-0.27919267007909865,2.6910683426900275,6.2377845792544795,1,0,1,0,1,1,1,0,0,0,0,0
3998852,62559068-e506-465b-b93e-06368db156ed,1,3,51,WNT Finland,Emma Wilhelmina Koivisto,Eveliina Summanen,14.8,76.9,10.5,67.5,10.336827,-1.4165432487061764,0.4792589160873575,0.6132099279333494,0.1339510118459919,0.944230030338672,1.0888939687458898,0.1446639384072178,1.4744136287344936,1.6598885963366004,0.1854749676021068,3.400531797960874,2.1594216039586858,0,1,1,1,2,1,0,1,0,0,0,0
3998852,9a467bc1-7495-45b9-8825-4eb47f398e49,1,4,21,WNT Finland,Anna Koivunen,Natalia Kuikka,3.5,40.1,10.8,57.8,19.146278,5.858820943994829,0.02004188077656833,0.045370741368188784,0.025328860591620456,0.13115807896085216,0.21518303313836,0.08402495417750785,0.39938638335676113,0.5831925323569095,0.18380614900014836,13.469568345565566,9.758968200653685,0,0,0,0,0,0,0,0,0,0,0,0
3998852,4e38d68b-0f57-44dc-a7fc-124b4667e018,1,4,44,Switzerland Women's,Lia Wälti,Noelle Maritz,43,8.6,41.5,1.7,7.0611615,-4.188709845870989,0.8379678883347802,0.27784977193355,-0.5601181164012302,1.4273908253638967,0.7151353468104594,-0.7122554785534373,2.22887766359397,1.4334882186006381,-0.7953894449933321,1.5712200491219444,4.568573281867562,1,0,1,1,2,1,1,0,0,0,0,0
3998852,3ea87f20-cee9-4a93-bd4c-40acdf6fd8ab,1,5,18,Switzerland Women's,Smilla Vallotto,Noelle Maritz,35.1,13.1,26.7,7,10.381233,-9.904441457659374,0.5794702163117476,0.06245682383072356,-0.517013392481024,1.164808500069833,0.2940047594904725,-0.8708037405793605,1.8928933927054512,0.7521780028281401,-1.140715389877311,3.300881366479827,10.584815363972249,0,0,1,0,2,0,0,0,1,0,0,1
3998852,939475b3-9d8a-46b3-b342-26d989f26ea3,1,5,23,Switzerland Women's,Noelle Maritz,Julia Stierli,24.5,6.9,12.3,11.5,13.038404,-10.33355375096896,0.656589555036945,0.1736793378585623,-0.4829102171783828,0.9427478394040933,0.48233138443775836,-0.460416454966335,1.368551813128936,0.9407814134279965,-0.42777039970093955,1.3997115065934183,5.994278114829695,1,0,1,0,1,1,1,0,0,0,0,0
3998852,30de686f-d552-4fd5-ba90-09d456543a3d,1,5,24,Switzerland Women's,Julia Stierli,Smilla Vallotto,12.9,11.5,42.2,13.7,29.382479,28.702075216516263,0.17367935579946786,0.42950252691513685,0.255823171115669,0.4823314182340113,0.8631896664718343,0.38085824823782294,0.94078145849903,1.419495022742238,0.478713564243208,5.994277862278369,4.235204454653589,0,0,0,1,1,2,0,0,0,0,0,0
3998852,7bfd62fa-80d8-4d8f-afa9-6ff15aa20d85,1,5,26,Switzerland Women's,Smilla Vallotto,Nadine Riesen,42.4,13.1,39.9,4.5,8.956003,-5.484066734836091,0.4295025410435419,0.07004482671019618,-0.3594577143333457,0.8631896766038455,0.33148705659949407,-0.5317026200043514,1.4194950335764087,0.8528824639137919,-0.5666125696626169,4.235203604464289,9.761182609993975,0,0,1,0,2,0,0,0,0,0,0,0
3998852,b4e2c5a9-26eb-4aff-8a6a-7772922933b8,1,5,37,WNT Finland,Eva Nyström,Joanna Tynnilä,29,27.9,38.8,13.3,17.584084,6.323852971839102,0.0016765640883683176,0.006027191054150689,0.0043506269657823705,0.025608210179594103,0.06247536840676864,0.03686715822717454,0.13404563935375016,0.256940880205893,0.12289524085214285,19.332814699683524,16.02187689402566,0,0,0,0,0,0,0,0,1,0,0,1
3998852,9ebcb5b2-aa80-4b2f-a1a6-bf6468e86ade,1,5,44,WNT Finland,Eva Nyström,Natalia Kuikka,30.4,33.3,26.4,54.6,21.672333,-4.8816789985638565,0.065490773376433,0.03621289704508023,-0.029277876331352766,0.2713910522831836,0.1711280836053608,-0.1002629686778228,0.696923520756482,0.4687815286517843,-0.2281419921046977,8.696069735954996,10.2122540704799,0,0,0,0,0,0,0,0,0,0,0,0
3998852,45a9f73f-d7c3-401f-8a91-c7f5d2439c28,1,5,50,Switzerland Women's,Géraldine Reuteler,Iman Beney,72.5,36.8,66.2,58.2,22.308071,-9.187402758914594,0.6447620903185378,0.8390635166657686,0.1943014263472308,1.1914335793536435,1.0264805618840058,-0.16495301746963764,2.0387944941566274,1.4187072354649901,-0.6200872586916373,1.9908933586165751,0.6020803115565624,1,1,1,1,1,1,1,0,1,0,0,1
3998852,47830575-3440-4939-b211-25d5fcb2780d,1,5,56,Switzerland Women's,Viola Calligaris,Géraldine Reuteler,62.7,66,66.2,55.4,11.162885,6.9621888210314395,0.3197866009451437,0.4330001358758253,0.11321353493068159,0.8353832044571118,1.093251000216613,0.25786779575950114,1.6229681012583448,2.0454361299664803,0.4224680287081355,5.215891835905313,4.575561485684177,0,0,0,1,2,2,0,0,1,0,0,1
3998852,02bcfd5f-c245-4abf-8319-fbb2cae0fd9e,1,5,58,Switzerland Women's,Géraldine Reuteler,Julia Stierli,64.5,54.8,51.8,43.7,16.867128,-10.860846448978869,0.7319661360114663,0.09592428681676021,-0.6360418491947061,1.3257757368347105,0.3386866830620669,-0.9870890537726436,2.139358839332944,0.8083355736695813,-1.331023265663363,3.2333318544589775,7.77806098531733,0,0,2,0,2,1,1,0,1,0,0,1
3998852,de0a87b9-08cf-46af-8b71-3d93d8b9bef1,1,6,1,Switzerland Women's,Julia Stierli,Noelle Maritz,52.3,40,57.3,14.2,26.280031,-0.10066371356552395,0.29921797634288505,0.1663500092492224,-0.13286796709366264,0.5828903724928992,0.3893873491505376,-0.19350302334236164,1.05723060826133,0.7670767900798564,-0.2901538181814737,3.741264260664796,5.4511380578847355,0,0,1,0,1,1,0,0,1,0,0,1
3998852,ecbdc02f-5acb-4442-b732-a078295b45f6,1,6,3,Switzerland Women's,Noelle Maritz,Smilla Vallotto,57.6,14.2,69.5,14.4,11.901681,10.905222657375454,0.2537680193934191,0.13875102474311637,-0.11501699465030271,0.48919191717168226,0.5107402989919968,0.021548381820314544,0.8615511687951349,1.2292262364616882,0.3676750676665532,4.157633162845831,6.9983916009647915,0,0,1,0,1,1,0,0,1,0,0,1
3998852,4c415a6c-e754-412a-8ad4-2f7a05685050,1,6,6,Switzerland Women's,Smilla Vallotto,Nadine Riesen,72.9,17.2,87.9,4.3,19.784084,4.318916542885788,0.4702588397710554,0.0462334181143587,-0.4240254216566967,1.0598463943926417,0.24886349972341382,-0.8109828946692279,1.8944758863091715,0.7419256087335597,-1.1525502775756118,4.043340930366594,10.090718773713338,0,0,1,0,3,0,0,0,1,0,0,1
3998852,c0315046-60d6-47ee-9626-81038ec81ad6,1,6,10,Switzerland Women's,Nadine Riesen,Lia Wälti,91.5,4.1,78.8,22.4,22.275099,1.035535359948966,0.35311832772646945,0.1550874116040139,-0.19803091612245555,0.7796662741213188,0.5444382657394436,-0.2352280083818752,1.4186594715868346,1.3058655568343507,-0.1127939147524839,4.3961596532974285,6.594117961672995,0,0,1,0,2,1,0,0,1,0,0,1
3998852,748e5be7-1b14-4ed3-b8e3-9dac55febd65,1,6,12,Switzerland Women's,Lia Wälti,Smilla Vallotto,79.2,22.4,83.8,21.5,4.6872168,3.7809308966432553,0.2247246153295847,0.9279877845480824,0.7032631692184976,0.6563959958466727,1.6299875203736824,0.9735915245270097,1.435328749361068,2.5853080917817812,1.1499793424207132,5.372740339695373,1.6655248889544694,0,1,0,2,1,3,0,1,1,0,0,1
3998852,d09e79c1-ab6f-473c-a05b-96099481a3d9,1,6,16,Switzerland Women's,Smilla Vallotto,Julia Stierli,74.9,24.9,56.8,26.7,18.189283,-17.02358795400032,1.0088310913038512,0.05253578265897986,-0.9562953086448713,1.5572185625167547,0.266860598343205,-1.2903579641735496,2.357365925040604,0.7641996739144791,-1.5931662511261249,1.198675983503769,10.090666335403817,1,0,2,0,2,0,0,0,1,0,0,1
3998852,c531dafc-b23d-4367-aed3-304972ebf55b,1,6,18,Switzerland Women's,Julia Stierli,Lia Wälti,57.1,26.5,64.3,15.1,13.483323,3.320124112364745,0.05253579973550508,0.10711586133404276,0.05458006159853768,0.2668606475235013,0.41547251634704635,0.14861186882354505,0.7641997583239861,1.0269823300316188,0.26278257170763264,10.090665277295736,7.695449860445691,0,0,0,0,0,1,0,0,1,0,0,1
3998852,c39891e6-fb0c-43fa-bf19-c12bb4e70118,1,6,19,Switzerland Women's,Lia Wälti,Noelle Maritz,64.6,14.9,74.5,5.1,13.930183,3.477450524494934,0.2224689491721311,0.029951020911070277,-0.19251792826106082,0.5798118930412909,0.1635324632240307,-0.4162794298172602,1.2058948249260355,0.5229947617587395,-0.682900063167296,4.98395185720787,10.890859876702358,0,0,1,0,1,0,0,0,1,0,0,1
3998852,52fa8bff-6eec-453b-9bef-6da86fd5123e,1,6,23,Switzerland Women's,Noelle Maritz,Nadine Riesen,86.9,11,105.5,6.1,19.234604,7.136075572924973,0.28352317819931416,0.09947795811603183,-0.18404522008328233,0.8409656765457764,0.3197360385375651,-0.5212296380082113,1.7194720247035644,0.7871793296746932,-0.9322926950288712,6.295679567845705,7.129058774207588,0,0,0,0,2,1,0,0,1,0,1,1
3998852,884a2ab4-6dc0-4e00-b776-28c473a3ed0c,1,6,29,Switzerland Women's,Nadine Riesen,Svenja Fölmli,118.7,24.9,117.3,33.5,8.713208,8.117391211759353,0.7317574416146105,1.9366918628214813,1.2049344212068709,1.5979763060974332,3.083014780418702,1.4850384743212688,2.756936104236721,4.335344054948015,1.578407950711294,2.951974077641596,1.0157504203524625,1,3,1,3,3,5,1,1,0,1,1,1
3998852,b9b3c50a-b256-4f0d-8a3b-572dfc603bd2,1,6,31,Switzerland Women's,Svenja Fölmli,Noelle Maritz,115.9,31.6,107.5,30,8.5510235,-6.660618501836069,2.7382698979628746,0.5500920135739591,-2.1881778843889155,3.8969846487161273,1.6050270805955844,-2.2919575681205426,5.031391087058145,3.0731533302008462,-1.9582377568572986,0.571302251450845,6.276841155643732,3,0,6,0,6,3,1,0,0,1,1,1
3998852,1a5cd8e1-fc38-4a45-8dfd-f0fe0db343ef,1,7,3,WNT Finland,Oona Siren,Oona Sevenius,10.1,77.2,22.9,69.7,14.83543,14.484580516044502,0.8312051777573588,1.4797634069199046,0.6485582291625458,1.3105466836108892,1.9699138619843226,0.6593671783734334,1.852494983789012,2.6051956521388377,0.7527006683498259,2.5741689552966687,0.5745242903959751,2,2,2,2,2,2,0,1,0,0,0,0
3998852,d78fa2a4-fe56-41bb-a6ad-0409235a653a,1,7,48,WNT Finland,Saara Katariina Kosola,Ria Öling,105.1,3.4,100.3,9.5,7.7620873,3.207753264058404,0.7986151986634394,0.6319386104094603,-0.16667658825397913,1.3008108596718517,1.1700143945308894,-0.13079646514096233,1.8536266781553068,1.854895193114555,0.0012685149592481793,2.0779996208391696,2.994115812478026,1,1,2,2,3,2,0,0,1,0,0,1
3998852,f1089479-27e6-406f-9bb2-0563c6dbe780,1,7,52,WNT Finland,Eveliina Summanen,Oona Siren,86.1,24.3,77.9,35.8,14.124093,-4.949913986938441,0.7248577830661197,0.754844749627466,0.02998696656134625,1.1953683398098878,1.1608062653147957,-0.03456207449509208,1.9671041269936649,1.857292956780183,-0.10981117021348186,1.4340146599989851,1.2938591062541607,1,1,1,1,1,2,0,1,1,0,0,1
3998852,8f7b79ec-9947-46f3-94da-aba782e1ff51,1,7,53,WNT Finland,Oona Siren,Eveliina Summanen,77.7,35.3,77.9,13.6,21.700922,-7.132445862068309,0.8747865521730901,0.6303443622018067,-0.24444218997128342,1.2584281109414688,1.1522679304778587,-0.10616018046361009,1.940802366720648,1.920268548816823,-0.020533817903825025,0.8286437580105065,2.3011160409394256,1,1,1,1,2,2,0,0,1,0,0,1
3998852,3d579a21-c7c0-447f-8f62-45c9717528fa,1,7,55,WNT Finland,Eveliina Summanen,Saara Katariina Kosola,78.2,11.6,83.1,2,10.778219,-2.4328729216137646,0.7031132659151482,0.06649598711716534,-0.6366172787979829,1.2091676908880031,0.291773264834005,-0.9173944260539981,1.9606461834907543,0.8289734060153979,-1.1316727774753563,1.8648476683937645,8.609107702478878,1,0,1,0,2,0,1,0,1,0,0,1
3998852,d0a093df-eaae-47b6-8598-8704e3781488,1,7,59,WNT Finland,Saara Katariina Kosola,Ria Öling,88.4,9.5,91.3,20.1,10.98954,8.994015812288758,0.48750547042885467,0.8609747360749938,0.3734692656461391,0.9939078553426163,1.419122498706587,0.42521464336397063,1.780213492810835,2.31212785317671,0.5319143603658749,2.8024878944422,1.0885487695427076,1,1,1,1,1,2,1,1,0,0,0,0
3998852,529a3719-077b-481a-a556-c15ee56664de,1,8,23,Switzerland Women's,Géraldine Reuteler,Iman Beney,50.5,78.1,63.5,79,13.0311165,10.60507214792058,0.046738602744648194,0.21486744615034856,0.16812884340570036,0.2068783941715775,0.48019619708175576,0.27331780291017826,0.6235678833005576,0.980780923841793,0.3572130405412355,9.374351079054218,4.716334557388927,0,0,0,1,0,1,0,0,0,0,0,0
3998852,7986c8ba-780d-4a19-b299-cdbe2407bb11,1,8,37,WNT Finland,Anna Koivunen,Emma Wilhelmina Koivisto,6.7,38.7,17.3,71.6,34.565445,5.8558408114434854,0.007585774463350558,0.01457000286740286,0.0069842284040523015,0.07050204695640094,0.10002931714151227,0.029527270185111323,0.27122859749230394,0.332844247937451,0.06161565044514705,15.283784837116006,13.043784995463966,0,0,0,0,0,0,0,0,0,0,0,0
3998852,55e2b7c5-970b-4556-b62e-82474b007cee,1,8,41,WNT Finland,Emma Wilhelmina Koivisto,Linda Sällström,17.3,71.6,62.1,68.6,44.900333,42.87321505674403,0.24852465254723663,0.848844918498972,0.6003202659517354,0.48010629501009683,1.0639386669366684,0.5838323719265716,0.7984382355834237,1.4146207628171397,0.6161825272337159,4.2346375482512615,0.6675169035268356,0,1,1,1,1,1,0,1,0,0,0,0
3998852,8437537b-0d3b-43ee-924b-7136052476b4,1,9,4,WNT Finland,Emma Wilhelmina Koivisto,Natalia Kuikka,23.2,73.2,8.9,65.9,16.055529,-11.743872003400554,0.47898109119517995,0.07522390925234115,-0.4037571819428388,0.8320906523269057,0.29901456707436613,-0.5330760852525396,1.3415240848321341,0.7065406666680003,-0.6349834181641338,2.5371563031843802,9.291380056062609,1,0,1,0,1,0,0,0,0,0,0,0
3998852,a486e13e-0fc5-40dd-a4f1-09a54897710e,1,9,29,Switzerland Women's,Smilla Vallotto,Viola Calligaris,80.4,5.2,62.1,35.1,35.05567,-5.388851994411489,0.4494010733624107,0.026264267516402,-0.4231368058460087,0.874051274691017,0.1651327863911953,-0.7089184882998216,1.5198233267039887,0.5514829931591438,-0.9683403335448448,2.873300457381294,11.642864792690563,1,0,1,0,1,0,0,0,1,0,0,1
3998852,73606106-19c7-41ff-bb78-ef6e64f5c1c0,1,9,34,Switzerland Women's,Viola Calligaris,Géraldine Reuteler,70,50.7,81.5,43.4,13.621306,12.4822455692805,0.22206436263678775,0.2774905888854411,0.05542622624865334,0.5357708722128106,0.9548540742030575,0.41908320199024685,1.1008708932666518,2.096332724342369,0.9954618310757173,4.876322265601279,6.973487634800892,0,0,1,0,1,1,0,0,1,0,0,1
3998852,29011399-6a89-4e8e-a58e-f2c8f9358126,1,9,36,Switzerland Women's,Géraldine Reuteler,Lia Wälti,78.3,44.6,69,38.4,11.177209,-9.072142029957234,0.507029212196032,0.05864905253795792,-0.4483801596580741,1.1684934043697364,0.31286247607898604,-0.8556309282907504,2.1973426910440947,0.930656564705655,-1.2666861263384397,3.3077048535901477,9.827159418377684,0,0,1,0,1,0,0,0,1,0,0,1
3998852,0d464063-f39a-4df9-b88e-2cff76ca4088,1,9,38,Switzerland Women's,Lia Wälti,Smilla Vallotto,69.3,37.6,75.2,29,10.429286,4.626089015435312,0.1324354787578648,0.38143849297269333,0.24900301421482854,0.4735837806939315,0.9292047313997752,0.45562095070584374,1.1547458515896292,1.7757366512174264,0.6209907996277972,7.028454247946961,4.277885956235728,0,0,0,1,1,2,0,0,1,0,0,1
3998852,678fefb8-d639-45f8-8f1c-e3796b32c4eb,1,9,39,Switzerland Women's,Smilla Vallotto,Julia Stierli,74.7,27.2,62.3,25.8,12.478782,-12.347963384653845,0.6046739453615209,0.6204538773584979,0.015779931996977026,1.1260953672753689,0.9455632968276936,-0.18053207044767527,1.9219945353495382,1.5066537842152743,-0.41534075113426394,2.241687658106774,1.6161816460791552,1,1,1,1,2,1,1,0,0,0,0,0
3998852,af4639eb-0cfd-4d09-beae-29e80027c199,1,10,51,Switzerland Women's,Sydney Schertenleib,Noelle Maritz,105.7,4.1,95.8,4.7,9.918165,-4.155474904188573,0.48509566618070193,0.3859594141714842,-0.09913625200921772,0.9179164368438587,0.934990888932023,0.01707445208816427,1.6582292445281472,1.807780989861721,0.14955174533357374,2.6056450290261752,3.8646415075100173,1,0,1,1,1,1,0,0,1,0,0,1
3998852,00f8084a-984a-444a-b94f-1fe2dd65d26f,1,10,53,Switzerland Women's,Noelle Maritz,Smilla Vallotto,94.9,5.2,94.8,13.1,7.900633,6.047588781783098,0.736824347070765,0.7244856546973137,-0.01233869237345131,1.285315729891744,1.5670033061744844,0.28168757628274044,2.1321132336332274,2.7135600293820974,0.58144679574887,1.6042488752506208,3.564033649627137,1,0,1,2,1,3,1,0,1,0,0,1
3998852,511d262d-2912-47f1-923f-3c5e2c09aca2,1,10,54,Switzerland Women's,Smilla Vallotto,Sydney Schertenleib,94.8,13.1,101.5,4.1,11.220071,-3.526514066756498,0.8318149094299429,0.1890012510351653,-0.6428136583947776,1.665501655554101,0.5791514631485698,-1.086350192405531,2.7767230760123605,1.290921074885423,-1.4858020011269375,2.4799934231619787,5.9783494091350455,1,0,1,0,3,1,0,0,1,0,0,1
3998852,b79a082c-421b-4c08-9d8c-becb97c47479,1,10,58,Switzerland Women's,Sydney Schertenleib,Nadine Riesen,95.5,6.3,107.1,6.3,11.6,5.5799905190164125,0.3201480822559098,0.1492646196029719,-0.17088346265293788,0.8093480863407867,0.49930874830390193,-0.31003933803688477,1.6145281784339696,1.1367503967202093,-0.4777777817137603,4.369981952078103,6.966455871849679,0,0,1,0,1,1,0,0,1,0,0,1
3998852,06e7c2f0-3d47-4f79-8d7e-064be6d517a9,1,11,2,Switzerland Women's,Nadine Riesen,Noelle Maritz,107.3,9,99.7,3.8,9.208692,-8.002776347267385,0.4111070924027771,0.11113327818018952,-0.29997381422258756,0.8244823720030442,0.3971331343086023,-0.4273492376944419,1.4618001764022528,0.9327349750405219,-0.5290652013617309,3.246966832740276,8.134208912806056,0,0,1,0,1,0,0,0,1,0,0,1
3998852,0b4ff88c-dbbf-4b49-972c-0cd72201e305,1,11,4,Switzerland Women's,Noelle Maritz,Sydney Schertenleib,99.7,3.8,93.7,9.2,8.072174,1.002385714594503,0.26681381213341643,0.16702665305167422,-0.09978715908174221,0.6107397794768593,0.5265933431344493,-0.08414643634241004,1.124156315854039,1.1776080652220307,0.053451749367991575,4.5867726736833525,6.187272479459906,0,0,1,0,1,1,0,0,1,0,0,1
3998852,9385ef86-72a7-4cfa-911f-a4b92931679b,1,11,8,Switzerland Women's,Sydney Schertenleib,Géraldine Reuteler,94,24.1,89.9,52.5,28.694424,-2.115946086171771,0.7540875893834189,0.25289637632356465,-0.5011912130598543,1.4792557496242822,0.6491659804387463,-0.8300897691855359,2.4720547137166484,1.407979463621423,-1.0640752500952255,2.7820832070228625,4.503834571215104,1,0,2,1,3,1,0,0,1,0,0,1
3998852,0ccc6f7b-1d5f-4dab-b708-9ac1b7937c67,1,11,13,Switzerland Women's,Géraldine Reuteler,Lia Wälti,84.2,56.1,82,49.6,6.8622155,0.05978517669912975,0.3674286394620539,0.5084754128693738,0.14104677340731991,0.7789403288370228,1.0744908130314366,0.29555048419441377,1.4992376612579739,1.940791530764816,0.44155386950684217,3.4572687083900098,3.8347398325675024,0,0,1,2,1,2,0,0,1,0,0,1
3998852,1a11802b-7bc2-4a1d-b81a-08dc184cac17,1,11,14,Switzerland Women's,Lia Wälti,Géraldine Reuteler,82,49.6,76.6,55.8,8.221922,-6.992701064115032,0.5084754128693738,0.23884862098783533,-0.2696267918815385,1.0744908130314366,0.7136099254781944,-0.3608808875532422,1.940791530764816,1.4838550991023638,-0.45693643166245224,3.8347398325675024,6.865417290770921,0,0,2,0,2,2,0,0,1,0,0,1
3998852,cfdee0d2-6fe1-4fd1-b891-53f35e69d415,1,11,21,WNT Finland,Emma Wilhelmina Koivisto,Oona Siren,29.1,55.5,40.8,65.6,15.45639,8.977430072915325,0.2675515427029281,0.35827146142655003,0.09071991872362195,0.7942492669134712,0.9581912416462357,0.1639419747327645,1.6129326022472756,1.8115182009242075,0.19858559867693182,6.758381746968768,5.181016269857711,0,0,0,0,2,2,0,0,1,0,0,1
3998852,0148b83b-9346-408e-b755-51c2bce4938d,1,11,26,Switzerland Women's,Géraldine Reuteler,Lia Wälti,60,14.9,56.4,22.1,8.049845,-1.032419672798028,0.43820430321185205,0.5197546905705768,0.08155038735872472,0.8220249711622427,1.0921794138859622,0.27015444272371947,1.4038132253921485,1.8353200237440528,0.4315067983519043,2.812067430300879,3.5002315275070517,1,0,1,1,1,2,1,0,0,0,0,0
3998852,cc4f3438-2675-41c9-baf5-25a3638d2132,1,11,27,Switzerland Women's,Lia Wälti,Smilla Vallotto,56.4,22.1,65.9,20.6,9.617692,8.597735565454308,0.5197546905705768,0.6777820962165153,0.15802740564593853,1.0921794138859622,1.2663914950458655,0.17421208115990328,1.8353200237440528,2.0400927737832006,0.20477275003914786,3.5002315275070517,2.3278480639704524,0,1,1,1,2,3,0,1,0,0,0,0
3998852,9363bdd9-1056-45ec-b2bc-e779d32d91a2,1,11,33,WNT Finland,Linda Sällström,Oona Sevenius,78.6,50.9,73.4,45.5,7.496666,-4.112585188740738,0.4809018242345133,0.5494790148449299,0.06857719061041662,1.017922067604555,1.2425664146283044,0.22464434702374936,1.7765124190646564,2.097403568651949,0.3208911495872926,3.0093250720363773,4.001772630743743,0,0,1,1,1,4,0,0,1,0,0,1
3998852,9c679b8e-c613-4587-8bc9-8d778829350c,1,11,36,WNT Finland,Oona Sevenius,Joanna Tynnilä,84.6,34.7,78.4,16.7,19.037857,-11.886156229156825,0.8265578785427479,0.011296325251287211,-0.8152615532914607,1.438857388284865,0.10641327528251965,-1.3324441130023454,2.2785218094474917,0.43681415675479063,-1.8417076526927012,1.8944251664738183,14.270941703240572,1,0,2,0,2,0,0,0,1,0,0,1
3998852,87ab5724-ee61-42f1-aa19-5c8abef00c33,1,11,39,WNT Finland,Joanna Tynnilä,Saara Katariina Kosola,80.7,16.1,96.1,3.6,19.834566,2.4517048547966453,0.10365755967630924,0.10023100921699854,-0.003426550459310701,0.3919440362864558,0.30219896640166044,-0.08974506988479536,1.0307940882995255,0.7205978516254552,-0.31019623667407026,7.347982715131122,7.000977626531288,0,0,0,0,1,1,0,0,1,0,0,1
3998852,709f5f16-3438-443a-82c8-849ad6b55d39,1,11,45,WNT Finland,Saara Katariina Kosola,Eveliina Summanen,93.6,12,85,13.4,8.713208,-5.4776486041230115,1.7038820335362996,0.9238596894915376,-0.780022344044762,2.254939843207589,1.5322993031686614,-0.7226405400389275,3.0145033600581983,2.333342749377816,-0.6811606106803825,0.4452049177450455,2.135665325794136,2,1,2,2,3,3,1,0,1,0,0,1
3998852,6b9da93b-1b6a-4ec9-be21-9ed7e35130d7,1,11,46,WNT Finland,Eveliina Summanen,Joanna Tynnilä,85,13.4,99,1.6,18.30956,0.19378077109271175,0.9238596894915376,0.0478000278948774,-0.8760596615966603,1.5322993031686614,0.24845297220071758,-1.2838463309679438,2.333342749377816,0.7514417312658818,-1.581901018111934,2.135665325794136,9.93031728754779,1,0,2,0,3,0,0,0,1,0,0,1
3998852,78b117ba-2c33-4329-a797-006ae374945d,1,11,51,WNT Finland,Joanna Tynnilä,Eveliina Summanen,102.4,2.3,82,5.9,20.715212,-9.451040004418907,0.8903598584334862,0.09699975233919984,-0.7933601060942863,1.138881439941272,0.3193906595970767,-0.8194907803441952,1.619454729736468,0.7969855859137759,-0.8224691438226922,0.49888952118266866,7.195625217200133,1,0,1,0,1,1,0,0,1,0,0,1
3998852,ff8238c1-deff-4c8e-9d48-c8f3c2a1ef1f,1,11,54,WNT Finland,Eveliina Summanen,Eva Nyström,75.2,10.6,59,20.2,18.830826,-10.547541046837807,0.7545152738365511,0.02635132776044522,-0.7281639460761059,0.9258808500507519,0.14940278272586252,-0.7764780673248894,1.3046643350832632,0.46002790439249486,-0.8446364306907683,0.8688647727958909,11.53440950882227,1,0,1,0,1,0,0,0,1,0,0,1
3998852,7fae055b-e7c9-41c6-8b3c-b1c4fbeca5de,1,11,58,WNT Finland,Eva Nyström,Natalia Kuikka,58.9,28.5,64.6,51.4,23.598728,5.612059859554442,0.10122872711912072,0.027520184490619264,-0.07370854262850146,0.36917955289793164,0.16044466276273742,-0.20873489013519422,0.8750293260200801,0.5599112229887137,-0.31511810303136645,8.589740388507114,11.127397419757417,0,0,0,0,0,0,0,0,1,0,0,1
3998852,da11e447-2359-4c28-b166-8082b80d6222,1,12,2,WNT Finland,Natalia Kuikka,Emma Wilhelmina Koivisto,72.5,60.7,85.2,77,20.663494,1.020382596653448,0.3675601082490176,0.06751686967491466,-0.3000432385741029,0.6482682591780238,0.28519704725121875,-0.363071211926805,1.1277713725281355,0.7416589221617661,-0.38611245036636943,3.100718979832496,8.934087231586062,0,0,1,0,1,0,1,0,1,0,0,1
3998852,e799804c-35d2-4fdf-a23a-d786c12e8776,1,12,6,WNT Finland,Emma Wilhelmina Koivisto,Eva Nyström,76.2,64.5,56,55.9,21.954498,-15.75895582400883,0.9863541244896975,0.1459710576444017,-0.8403830668452958,1.4533125822983248,0.42431215834858094,-1.029000423949744,2.0345597752919353,0.9287418475529212,-1.105817927739014,0.9735803863094881,6.112925473094395,1,0,1,0,3,1,0,0,1,0,0,1
3998852,40d80a73-645c-42b7-9f27-b0f5318bf81c,1,12,9,WNT Finland,Eva Nyström,Anna Koivunen,50.8,53.7,30.2,38.4,25.66028,-19.271145378153875,0.22739722680437255,0.0004602219643455423,-0.22693700484002702,0.47886034721105686,0.010967431776345082,-0.4678929154347118,0.8806479178979616,0.07033095885878371,-0.8103169590391779,4.54439949061112,23.140264682537197,0,0,1,0,1,0,0,0,1,0,0,1
3998852,57c0837d-92bf-4a57-89e9-b9813234315a,1,12,12,WNT Finland,Anna Koivunen,Joanna Tynnilä,33.2,36.9,47.7,12.7,28.211523,9.572870597294084,0.0005579000774664523,0.0023808151064978506,0.0018229150290313984,0.012837954871966716,0.037393192712856356,0.02455523784088964,0.07995132081235193,0.1969179611087012,0.11696664029634926,22.6627513252422,19.02918699170195,0,0,0,0,0,0,0,0,1,0,0,1
3998852,38bccf8c-2786-43ba-9d1b-33c5f7678eb0,1,12,22,WNT Finland,Eva Nyström,Oona Siren,46.7,36.7,52.9,38.8,6.545991,6.263516767548637,0.33908739125396986,0.46456504425778816,0.1254776530038183,0.6861048588114137,0.9680555919349539,0.28195073312354024,1.2088888234843336,1.6530591891164144,0.4441703656320808,3.5823202739801654,3.609366293477044,0,0,1,1,1,2,0,0,0,0,0,0
3998852,e474ce19-2824-463e-8549-f323f1d485ec,1,12,27,Switzerland Women's,Géraldine Reuteler,Lia Wälti,71.3,72.4,70.6,58.6,13.817742,5.7075578954313215,0.21162090392145963,0.1262553796213893,-0.08536552430007033,0.5805140514038045,0.5441818381084085,-0.03633221329539604,1.2054873762976348,1.3782850954056216,0.1727977191079868,5.461101616241649,8.405294050568806,0,0,0,0,1,0,0,0,1,0,0,1
3998852,24a68e99-9fd8-4892-8258-2446ce40257e,1,12,32,Switzerland Women's,Lia Wälti,Noelle Maritz,75.6,53.4,75.8,23.3,30.100664,-0.8716440518393256,0.48425177164277977,0.016484866921343683,-0.4677669047214361,1.122940270892875,0.16259832602348642,-0.9603419448693886,2.119076446349197,0.6511726309779037,-1.4679038153712933,3.2026177568360037,14.678919876205386,0,0,1,0,1,0,0,0,1,0,1,1
3998852,49ee8947-db4f-4aca-8bb8-a1f99af3a00c,1,12,35,Switzerland Women's,Noelle Maritz,Sydney Schertenleib,82.5,21.4,91,25.5,9.4371605,9.436421871033225,0.13331835915451223,0.8076904462844429,0.6743720871299306,0.48078359098750223,1.536914115271962,1.0561305242844599,1.1847864504008758,2.4783919071602147,1.293605456759339,6.926882928881958,2.8738333546509662,0,1,0,2,1,3,0,0,1,0,1,1
3998852,a462aa13-dd52-4602-b61b-a3b67e0b1ea6,1,12,36,Switzerland Women's,Sydney Schertenleib,Noelle Maritz,91,25.5,84.7,15.5,11.819053,-10.546072961508251,0.9784683709064025,0.0654516633992941,-0.9130167075071084,1.6357964732105423,0.3220746406722703,-1.313721832538272,2.5058636110295804,0.9131734556647234,-1.5926901553648571,1.578486595735537,9.601311848430178,1,0,1,0,3,0,0,0,1,0,1,1
3998852,c19f40a2-3f61-4776-a9c3-6a98dad6d8e7,1,12,40,Switzerland Women's,Noelle Maritz,Sydney Schertenleib,85.9,14.2,89.2,22.6,9.024965,7.38524634848239,0.27175327520303777,0.3565584995031816,0.08480522430014381,0.732276600774651,1.0315599108308302,0.29928331005617925,1.4666733540216195,2.0383322358501776,0.5716588818285582,5.063781030552765,6.0930367451407905,0,0,0,0,1,3,0,0,1,1,1,1
3998852,004f1b88-043f-40ff-aefa-113c27341b50,1,12,49,Switzerland Women's,Géraldine Reuteler,Iman Beney,108.7,67.8,94.2,68.6,14.522052,-8.50869644405184,0.4469672567134476,0.06160033035796632,-0.3853669263554813,0.8326284142585106,0.28018840828300884,-0.5524400059755018,1.3193251562369581,0.7798850965898354,-0.5394400596471227,4.005586578605218,9.274532434642547,0,0,1,0,2,0,0,0,1,0,1,1
3998852,ebd136ad-7a5e-43e1-9421-56902ecfa086,1,12,55,Switzerland Women's,Iman Beney,Svenja Fölmli,110,67.5,112.6,45.1,22.550388,20.27453663812253,0.6176223325534616,1.1397414131474588,0.5221190805939973,1.0241751836843218,2.1771195411180524,1.1529443574337306,1.5426582233241894,3.4678579326037164,1.925199709279527,3.038752851723746,2.116418496061293,0,1,2,2,2,5,1,1,0,1,1,1
3998852,6b6cc4db-d82b-4e08-a20e-476698969f5c,1,14,26,Switzerland Women's,Noelle Maritz,Lia Wälti,50.8,3.4,47.6,11.3,8.523497,0.4018216266548933,0.36931835329006407,0.8114119880463893,0.4420936347563252,0.7658086761701599,1.3708747737042697,0.6050660975341098,1.425641375002023,2.119938515966344,0.6942971409643213,3.3139598233793306,1.5079679601183962,0,1,1,1,1,2,0,0,0,0,0,0
3998852,7dddd2e7-cb1c-41a8-8b0b-e06a39642fcf,1,14,27,Switzerland Women's,Lia Wälti,Nadine Riesen,47.8,11.8,58.4,3.1,13.713133,5.705329521379113,0.9612257685976968,0.2158283872683065,-0.7453973813293904,1.4837927989816557,0.6385727523991065,-0.8452200465825492,2.2070530190519846,1.4001831565314986,-0.806869862520486,0.8523563435780637,5.508847372110377,1,0,1,0,2,1,0,0,0,0,0,0
3998852,1b788538-5cfc-4654-8d90-2db98a8801df,1,14,38,Switzerland Women's,Viola Calligaris,Géraldine Reuteler,62,48.8,73.8,67.8,22.366045,4.74458900104905,0.02372419153521979,0.1544533856027704,0.1307291940675506,0.1695184863499983,0.3912806405278683,0.22176215417787,0.6305999513338618,0.8352155986563776,0.2046156473225158,11.90494758233282,5.73827746597262,0,0,0,0,0,1,0,0,1,0,0,1
3998852,468994f8-1b08-4029-9ca2-f7b450344a99,1,14,41,Switzerland Women's,Géraldine Reuteler,Viola Calligaris,76.8,69.7,74.3,60.2,9.8234415,2.459229214422159,0.39092384289299414,0.13185712856150145,-0.2590667143314927,0.6558346670987969,0.5057619852837996,-0.15007268181499733,1.12579583837989,1.2402935762060943,0.1144977378262042,2.8794004905717383,7.65755629406508,1,0,1,0,1,1,0,0,1,0,0,1
3998852,a7a031d6-ccc6-4103-9ca5-30921c2fc8e9,1,14,44,Switzerland Women's,Viola Calligaris,Géraldine Reuteler,80.4,63.3,86.7,76,14.176742,-3.093513664045588,0.2819994457493255,0.08021861594360369,-0.20178082980572182,0.7795281064602817,0.3381034426336449,-0.4414246638266368,1.6423091946611335,0.9152370905748363,-0.7270721040862972,5.202113999416109,8.379581168723021,0,0,0,0,2,0,0,0,0,0,0,0
3998852,7c5fe9fd-166e-478c-bf43-9b3fd3a7abfb,1,14,46,Switzerland Women's,Géraldine Reuteler,Viola Calligaris,87.2,75.8,84.5,68.8,7.502666,2.8407603714824816,0.27113230558568036,0.3606231627325596,0.08949085714687927,0.599180092160977,0.8281863897986415,0.22900629763766445,1.1690978727652845,1.5677257923325139,0.3986279195672293,4.166768641358597,4.031425437786095,0,0,1,1,1,2,0,1,0,0,0,0
3998852,daab5b79-823d-47c0-a060-74fcd93db4ae,1,14,47,Switzerland Women's,Viola Calligaris,Géraldine Reuteler,84.2,68.6,87,77.6,9.425497,-4.2062000026947,0.4956753518521478,0.18163110170532293,-0.31404425014682485,0.9746401881304377,0.5173967535128702,-0.45724343461756756,1.691919218853177,1.0796902811732119,-0.6122289376799652,3.014062840960509,5.722901610120067,0,0,1,0,2,1,1,0,0,0,0,0
3998852,fb59ed6f-e4c7-47d7-a33d-095513b7e01e,1,14,50,WNT Finland,Saara Katariina Kosola,Joanna Tynnilä,26.1,2.3,22.9,2.9,3.255764,-2.7607628374114483,0.5445897429147524,0.5333363277462634,-0.01125341516848899,1.0706794194809512,0.9626673791883796,-0.10801204029257161,1.7079070217526486,1.5484276972702065,-0.15947932448244218,3.3870628007256456,2.4890879097393475,0,1,1,1,2,1,0,0,0,0,0,0
3998852,eea7e4c3-3edb-45f5-96db-14653b99dc6e,1,15,7,Switzerland Women's,Géraldine Reuteler,Nadine Riesen,66.6,50.2,62.5,28.2,22.378784,-4.332866205409481,0.5375997054451664,0.32662871649244707,-0.21097098895271937,1.1309928828103537,0.6031639936905048,-0.5278288891198489,2.060949955400732,1.0866485032455373,-0.9743014521551945,2.7427236197749165,3.4614580488387876,1,0,1,1,1,1,1,0,1,0,0,1
3998852,4f2acdaf-a362-4eb1-980f-e2538e5cfc83,1,15,9,Switzerland Women's,Nadine Riesen,Smilla Vallotto,61.4,27.8,63.5,34.6,7.1168814,3.099028583571773,0.7231455044631164,0.41334000228390677,-0.30980550217920966,1.068821101608145,0.9964438845746789,-0.07237721703346611,1.7073994235168406,1.892527041636741,0.18512761811990042,1.2003606415235957,4.079665597991996,1,0,1,1,1,2,1,0,0,0,0,0
3998852,417a2341-c124-4c17-b6e3-57a9fdec497d,1,15,48,Switzerland Women's,Sydney Schertenleib,Nadine Riesen,62.7,37.3,57.5,12.9,24.947947,-10.758812563946819,1.083440139058489,0.03541154732488455,-1.0480285917336043,1.7703078422624208,0.21382348750956465,-1.5564843547528562,2.7044924423568437,0.6950222064417807,-2.009470235915063,0.9404320902416162,10.837347196469175,1,0,2,0,2,0,1,0,1,0,0,1
3998852,1dcac149-7baa-4f00-ad84-7d92f12590d3,1,15,53,Switzerland Women's,Nadine Riesen,Sydney Schertenleib,63.2,11.3,69.7,15.5,7.738863,7.689618869665516,0.46615195248805813,0.6629416051466199,0.1967896526585618,0.8370141244675504,1.2809587608725355,0.44394463640498505,1.426919241488782,2.0692206388384475,0.6423013973496656,2.593265645697162,3.4596529978176007,1,0,1,2,1,2,1,0,1,0,0,1
3998852,589486f6-c9bf-4a88-b3d9-96d40c7bef84,1,15,54,Switzerland Women's,Sydney Schertenleib,Smilla Vallotto,69.7,15.5,62,19.9,8.868484,-5.434677004432338,0.6629416051466199,0.4951696924813806,-0.16777191266523933,1.2809587608725355,1.0771048158207093,-0.2038539450518262,2.0692206388384475,1.920438361916142,-0.1487822769223055,3.4596529978176007,3.294616005283477,0,0,2,1,2,2,0,0,1,0,0,1
3998852,d13ad2e9-0fe6-4ff7-8921-9b56a738a52f,1,15,55,Switzerland Women's,Smilla Vallotto,Noelle Maritz,60.5,19.6,51.4,8.1,14.664924,-12.754279455956755,0.4886572815062006,0.0208216601469407,-0.4678356213592599,0.9487353340534622,0.15247942698828332,-0.7962559070651789,1.7556972163091797,0.5481365435675801,-1.2075606727415997,2.514313043255401,12.510947704417852,1,0,1,0,1,0,0,0,1,0,0,1
3998852,b3d5e37d-6a3d-4cdb-89a5-ae8b8c128d93,1,15,57,Switzerland Women's,Noelle Maritz,Smilla Vallotto,51.9,9.7,52.8,17.9,8.249243,3.7958444329753576,0.032793601171912205,0.25238974861108077,0.21959614743916855,0.20480542562363754,0.6794355119984872,0.4746300863748496,0.6635879063854083,1.3881403482817714,0.724552441896363,11.298474656276259,4.997448440615791,0,0,0,1,0,1,0,0,1,0,0,1
3998852,087f0f38-b751-40fc-8174-37e13c2dccb7,1,15,59,Switzerland Women's,Smilla Vallotto,Viola Calligaris,51.6,21.4,47.3,53.4,32.287613,-3.040775119160415,0.38249457126941566,0.014749344337947015,-0.36774522693146866,0.8613785894428637,0.1252131895749251,-0.7361653998679386,1.546158568282176,0.5091222533780028,-1.037036314904173,3.8227140640674655,13.34219588538733,0,0,1,0,2,0,0,0,1,0,0,1
3998852,26cd7f52-93b3-4ede-9855-c8f327db913a,1,16,2,Switzerland Women's,Viola Calligaris,Iman Beney,49.4,59.5,74.7,75.6,29.98833,15.62882973374603,0.015512313109274457,0.03998591889036818,0.02447360578109372,0.12765368020372203,0.17051415242366982,0.04286047221994779,0.5175168564944943,0.4885828086669669,-0.028934047827527398,13.102219343551578,9.753279706067676,0,0,0,0,0,0,0,0,1,0,0,1
3998852,df3f4788-143c-4704-85a1-04d527cdc4ea,1,16,9,Switzerland Women's,Géraldine Reuteler,Lia Wälti,79.9,66.8,87.6,54.3,14.68128,12.815821825497153,0.2395399426945861,0.3291710874703255,0.08963114477573939,0.6266106783154833,0.979724440243899,0.3531137619284157,1.2800013726421522,2.036911147941598,0.7569097752994458,5.0692604725954356,5.282994678845224,0,0,0,0,1,2,0,0,0,0,0,0
3998852,4b44346a-84b9-4e53-8d11-a140ab63558f,1,16,13,WNT Finland,Joanna Tynnilä,Eveliina Summanen,24.3,22.4,30.9,15.2,9.767292,4.817906954067382,0.38390258953853157,0.22035769775945477,-0.1635448917790768,0.9185881254574653,0.6703264141363618,-0.24826171132110342,1.6970554893051728,1.4068718646996443,-0.2901836246055285,4.346022186117867,5.734438685704642,0,0,1,0,2,1,0,0,1,0,0,1
3998852,9ce1c855-f8b9-485b-a564-a092c6ad6910,1,16,19,WNT Finland,Eveliina Summanen,Saara Katariina Kosola,44.9,4.5,29.8,2,15.305554,-14.809875132303091,0.8840482455753325,0.022164987750717655,-0.8618832578246148,1.4520672470405156,0.16005086375637925,-1.2920163832841363,2.052737561607221,0.5482711826528445,-1.5044663789543766,2.338356558113422,12.412460674180211,1,0,2,0,3,0,0,0,1,0,0,1
3998852,fad9ada6-9bb2-49c6-9b86-3ba39a5aab7c,1,16,21,WNT Finland,Saara Katariina Kosola,Ria Öling,29,2.5,35.9,18.1,17.057842,11.519168011307514,0.25256332911881324,0.09577860014298943,-0.1567847289758238,0.519241152914654,0.4430717513391374,-0.0761694015755166,0.9534566264515051,1.1344959712771272,0.18103934482562212,4.247339026976483,8.989404116336397,0,0,1,0,1,0,0,0,1,0,0,1
3998852,52731bc5-4852-40c1-8f0e-eac909e34c53,1,16,25,WNT Finland,Ria Öling,Eva Nyström,35.7,14.9,15.3,23.8,22.256908,-17.98850637083109,0.6420061221146689,0.01930798635249156,-0.6226981357621774,1.255789726133065,0.13619731346705796,-1.119592412666007,1.9859866093543743,0.45818116634776784,-1.5278054430066064,4.04818748100749,12.936312152207769,0,0,2,0,3,0,0,0,1,0,0,1
3998852,3d8c164a-4725-408c-b01b-ff2a87648187,1,16,28,WNT Finland,Eva Nyström,Natalia Kuikka,16.6,27.9,24.3,53.7,26.924524,7.429928155339738,0.05297291038705415,0.020979056942636902,-0.03199385344441725,0.2373298009780555,0.11499980384615571,-0.12232999713189979,0.6226662696654062,0.3372016957611756,-0.2854645739042306,9.76339243224779,11.743753195695316,0,0,0,0,0,0,0,0,1,0,0,1
3998852,d5511b04-ed4e-4e88-b0d6-8f197c16843d,1,16,34,WNT Finland,Natalia Kuikka,Emma Wilhelmina Koivisto,45.6,59.7,55.5,75.2,18.391846,3.484091414615193,0.4326988173146248,0.038654102147421064,-0.39404471516720374,0.9109570294186148,0.20865584253492686,-0.7023011868836879,1.5813874504380503,0.6212018977647605,-0.9601855526732898,3.5687930793883416,10.741162577456782,0,0,1,0,1,0,0,0,0,0,0,0
3998852,fb69475e-c61b-4bb0-b854-1f8e70d61f8d,1,16,44,Switzerland Women's,Lia Wälti,Sydney Schertenleib,61.8,33.4,71.4,21.5,15.289539,6.571012145389744,0.314809746237054,0.27257124981283326,-0.04223849642422073,0.9426673470782423,0.7882514268016758,-0.15441592027656648,1.9440531755501875,1.6170380192338945,-0.3270151563162931,6.5264364649699305,6.207539991353634,0,0,0,0,3,2,0,0,1,0,0,1
3998852,cf31e458-e6e0-4003-9911-19f418c36ec9,1,16,47,Switzerland Women's,Sydney Schertenleib,Lia Wälti,67.2,23.7,63.9,28,5.420332,-2.11031335838031,0.4520785209984636,0.7454688826554222,0.29339036165695864,1.029990886623676,1.456009960779159,0.426019074155483,1.992552352086656,2.4851297310155194,0.49257737892886344,3.333474165542501,2.4460807093502757,0,1,1,2,2,2,0,0,1,0,0,1
3998852,f721ca64-ceaa-4760-b8a3-6df70126cfb7,1,16,48,Switzerland Women's,Lia Wälti,Sydney Schertenleib,64.1,27.8,63.5,21,6.8264194,-2.3933241031484656,0.7131040185234043,0.6200460804227298,-0.09305793810067453,1.4245563153955212,1.2191382762052312,-0.20541803919029,2.437892749015021,2.1231582811031804,-0.31473446791184045,3.222302786695166,2.6638411598374683,0,1,2,1,2,2,0,0,1,0,0,1
3998852,20379d4e-f3a9-483d-8457-27947acdd8de,1,16,49,Switzerland Women's,Sydney Schertenleib,Noelle Maritz,63.2,19.4,63.1,7.9,11.500435,-4.909889654004672,0.5591372327017509,0.05268924290655387,-0.506447989795197,1.1544899111231093,0.25067694614541086,-0.9038129649776985,2.0274924477611065,0.7502130129430786,-1.2772794348180279,3.269382507179352,9.331628103471322,0,0,1,0,2,0,0,0,1,0,0,1
3998852,01aa08bf-16dc-4f60-80b0-85be6323f2ca,1,16,51,Switzerland Women's,Noelle Maritz,Sydney Schertenleib,63.2,7.9,63.2,16.5,8.6,3.7735839949263834,0.052569441408599246,0.11558260060835159,0.06301315919975234,0.24429719521427778,0.4833388890934125,0.2390416938791347,0.7303633294244491,1.2387080513710667,0.5083447219466175,9.245880660094926,8.6193658822118,0,0,0,0,0,0,0,0,1,0,0,1
3998852,3f7dae75-c7d1-4c97-9e37-1768ad469d1e,1,16,55,Switzerland Women's,Sydney Schertenleib,Lia Wälti,66.2,18.5,66.8,23.7,5.234501,2.295866542218633,0.16744995297243342,0.22400184930715392,0.05655189633472049,0.6448262939876136,0.7942439994434355,0.1494177054558219,1.525943309742679,1.7682507580744382,0.2423074483317591,8.385793202954055,7.941694651609975,0,0,0,0,0,2,0,0,1,0,0,1
3998852,d14de47c-8951-43af-8875-62e271f88b59,1,16,56,Switzerland Women's,Lia Wälti,Sydney Schertenleib,66.8,23.7,66.2,19.7,4.0447497,-1.8613527861532972,0.22400184930715392,0.16600797042341814,-0.05799387888373578,0.7942439994434355,0.6465767978458771,-0.14766720159755842,1.7682507580744382,1.502033849150231,-0.26621690892420724,7.941694651609975,8.362402433466242,0,0,0,0,2,0,0,0,1,0,0,1
3998852,9d035ef1-baa9-44a4-81f4-ec948c560cc7,1,17,6,Switzerland Women's,Iman Beney,Viola Calligaris,80.6,70.4,72.1,65.6,9.76166,-4.547139007759888,0.23385494083793865,0.06427372271908537,-0.1695812181188533,0.5094174608528177,0.32087515923762466,-0.18854230161519303,1.0131004934773151,0.8892613562178919,-0.1238391372594232,4.499761981695009,10.838973264565935,0,0,1,0,1,0,0,0,1,0,0,1
3998852,059f0f8d-2066-4736-b984-86008ff3ca3f,1,17,9,Switzerland Women's,Viola Calligaris,Iman Beney,76.8,69.5,89.7,77.4,15.126798,4.177802966814681,0.38479753807132006,0.13385563927325445,-0.2509418987980656,0.8305595803708639,0.3991588374896987,-0.43140074288116514,1.569764445965962,0.9106107560933471,-0.659153689872615,3.3986026413423596,6.368467701014094,0,0,1,0,1,1,0,0,1,0,0,1
3998852,235d1586-6638-4035-badf-48bdf7f03ef4,1,17,16,Switzerland Women's,Iman Beney,Smilla Vallotto,94.5,64.7,95.5,44.4,20.324615,10.60930100741911,0.6781352273655126,0.5704690373295437,-0.10766619003596889,1.3435394313869358,1.4481049680252225,0.10456553663828672,2.283580442029589,2.686697711989882,0.40311726996029273,2.8019800102968557,3.672457302922295,1,0,1,1,3,2,0,1,0,0,0,0
3998852,f9ab0638-294c-4949-a18a-45de318a1dad,1,17,20,Switzerland Women's,Smilla Vallotto,Iman Beney,98.5,54.3,110.7,66,16.90355,-1.7919124413230954,0.8854480345962549,0.07723914528110842,-0.8082088893151465,1.7929110088230127,0.3075509882338152,-1.4853600205891975,3.0084743550769626,0.861440615983223,-2.1470337390937395,3.1566908914079477,8.060631799441323,0,0,2,0,3,0,0,0,0,0,0,0
3998852,7bad524e-4976-4eac-aa5b-8b85ce0f8d8f,1,17,37,WNT Finland,Eveliina Summanen,Anna Koivunen,22.5,41,7.8,40.8,14.701361,-14.69772394339195,0.48379836547835064,0.0047659740584708775,-0.47903239141987974,0.8718178779004545,0.05857744206868283,-0.8132404358317716,1.4290183137371835,0.2683387098334506,-1.1606796039037328,2.6244475856708056,17.522936595583463,1,0,1,0,1,0,0,0,1,0,0,1
3998852,332db648-7c90-45b1-9ee9-d157343fb5f4,1,17,40,WNT Finland,Anna Koivunen,Eva Nyström,8,40.7,13.7,32.2,10.234256,5.416400433647922,0.005159449095712823,0.01114565119906528,0.005986202103352456,0.06099077560589081,0.09173668622340346,0.030745910617512653,0.2737275950089554,0.3538139054405882,0.08008631043163283,17.216852777599186,13.98498725692995,0,0,0,0,0,0,0,0,1,0,0,1
3998852,9f4e452f-563b-4c58-bd42-2f178343cb9c,1,17,42,WNT Finland,Eva Nyström,Joanna Tynnilä,15.9,30.5,23.8,11.5,20.57693,4.1996827521448665,0.02322763553305904,0.006904353468895348,-0.016323282064163693,0.1381959243711805,0.07330979261676272,-0.06488613175441778,0.4501935430402584,0.30994889580970675,-0.14024464723055163,11.646463434334414,16.417222592555177,0,0,0,0,0,0,0,0,1,0,0,1
3998852,0a8e6191-d7d3-4a34-9931-3cefcd158c9d,1,17,45,WNT Finland,Joanna Tynnilä,Eva Nyström,25.3,13.1,14.4,29.4,19.608671,-7.684242036607117,0.01686519172411692,0.0184833133304419,0.00161812160632498,0.11964974671454695,0.1238225466315198,0.00417279991697285,0.4135442141051429,0.40154088171132934,-0.01200333239381357,13.014757588356296,13.035841734182847,0,0,0,0,0,0,0,0,1,0,0,1
3998852,4adce7c0-e02a-4c4a-9332-a5f2700c89f4,1,17,55,WNT Finland,Eveliina Summanen,Eva Nyström,25.9,23.1,20.4,36.2,14.207745,-4.0669198272170775,0.06971901910699606,0.03645919985139507,-0.03325981925560099,0.3182121182913724,0.2044046247058082,-0.11380749358556422,0.8146842533819605,0.5926884961318873,-0.22199575725007314,10.266919494894942,12.10183038583884,0,0,0,0,0,0,0,0,1,0,0,1
3998852,364f95a4-6dc6-44ee-b7f4-841ab83511b9,1,17,59,WNT Finland,Eva Nyström,Eveliina Summanen,24.1,37.8,27.1,20.9,17.164207,1.0820976531251176,0.08486950975268133,0.022617599943385008,-0.06225190980929632,0.32832337465295586,0.16204688151905275,-0.1662764931339031,0.792188734758838,0.534928161004385,-0.257260573754453,8.934244711631512,12.994414616404418,0,0,0,0,0,0,0,0,1,0,0,1
3998852,94654d86-dfc4-4289-b5fd-a97f68399c6d,1,18,3,WNT Finland,Eveliina Summanen,Oona Siren,28.8,20.9,33.1,36,15.700318,6.186580834428611,0.06885093867591915,0.25612007472053316,0.187269136044614,0.26844630888686727,0.6222069199460845,0.3537606110592172,0.6802485619540494,1.1029675080562613,0.42271894610221195,8.395983858643538,6.10284294860511,0,0,0,0,0,2,0,0,1,0,0,1
3998852,60c3090c-dffb-4310-ab2a-2b48522055a0,1,18,4,WNT Finland,Oona Siren,Eva Nyström,33.1,36.2,23.6,33.5,9.876234,-9.635846167749335,0.2413735908882562,0.06478352219657547,-0.1765900686916807,0.5996719422745204,0.26913045251432177,-0.3305414897601986,1.076352668429199,0.646501127649297,-0.42985154077990206,6.138983938958901,9.818762170382819,0,0,0,0,2,0,0,0,1,0,0,1
3998852,35bbdd33-20f1-4673-bea0-f22fb999ca0b,1,18,6,WNT Finland,Eva Nyström,Natalia Kuikka,23.6,33.5,30.8,58,25.536053,5.62086853596729,0.07798753100841416,0.012519849670238628,-0.06546768133817553,0.2975183840815716,0.08433502858558364,-0.21318335549598796,0.6854927428194417,0.28596095076840866,-0.39953179205103306,8.89189223593511,13.260255421013767,0,0,0,0,0,0,0,0,1,0,0,1
3998852,cec4fff0-5483-48be-a927-d894039fd849,1,18,12,WNT Finland,Natalia Kuikka,Emma Wilhelmina Koivisto,59.7,67,76.4,77.4,19.673586,8.625638421539719,0.7322726760628613,0.12707823051453163,-0.6051944455483297,1.015058879041597,0.4326430338191369,-0.5824158452224601,1.4985623839177655,0.9927397424785499,-0.5058226414392156,1.1091968604473885,7.045551252624012,1,0,1,0,1,1,1,0,1,0,0,1
3998852,51274a6e-5dbc-46b6-b546-5b41bcc891e4,1,18,14,WNT Finland,Emma Wilhelmina Koivisto,Oona Siren,76.2,77,66.9,64.6,15.5,-1.1853330193478584,0.5359548895107468,0.07892398278208584,-0.4570309067286609,1.0196688221593628,0.401646063345708,-0.6180227588136549,1.6415221948848335,1.0836821055589578,-0.5578400893258757,3.558618123542016,11.554883022814476,0,0,2,0,2,0,0,0,1,0,0,1
3998852,fd714a47-b7bc-484e-a8ac-0dea734447dd,1,18,17,WNT Finland,Oona Siren,Joanna Tynnilä,70.1,61.6,61.5,28.1,34.58627,-5.323723099929872,0.42884773738622634,0.010606119436153187,-0.41824161795007314,0.8990238101850808,0.0939119517939602,-0.8051118583911206,1.6814632345319758,0.3735249732493939,-1.3079382612825818,3.084918654366143,15.607897654694254,0,0,1,0,1,0,0,0,1,0,0,1
3998852,42268aed-a954-4eb9-b67e-8dc063771142,1,18,21,WNT Finland,Joanna Tynnilä,Saara Katariina Kosola,72.1,20.8,94.7,2,29.397278,5.9529132692769124,0.28346613781935104,0.34347680945111425,0.06001067163176321,0.6161756831924126,0.5751176188767595,-0.041058064315653064,1.176703533726829,0.9322351305973925,-0.24446840312943652,4.1894562871866485,3.2378602554405753,0,0,1,1,1,1,0,0,1,0,0,1
3998852,fecfbeae-4601-47a0-be0a-0aef2d37d695,1,18,32,WNT Finland,Eva Nyström,Saara Katariina Kosola,62.8,19.9,70.1,29.8,12.300406,9.696971373757648,0.07822062564723,0.34498159267511735,0.2667609670278874,0.2721422469048835,0.8636474334174881,0.5915051865126046,0.7136649486095417,1.672670841286308,0.9590058926767664,7.779441861662529,4.476876904065641,0,0,0,1,1,2,0,0,1,0,0,1
3998852,412a58d5-3331-46c6-85c2-14e977eadbd7,1,18,33,WNT Finland,Saara Katariina Kosola,Oona Siren,70,29.4,75.9,25.1,7.300685,4.5621373599033745,0.5684408306311098,0.7555317592500976,0.1870909286189878,1.1426524907074727,1.496306105857028,0.3536536151495553,1.9706686128497335,2.462322510989499,0.49165389813976557,2.9490371928682046,3.645695444030414,1,0,1,2,2,3,0,0,1,0,0,1
3998852,1ef4d56c-2b43-4dae-9a7b-f7c567938485,1,18,34,WNT Finland,Oona Siren,Eva Nyström,75.9,25.1,59,18.1,18.292349,-18.262999217748984,0.7555317592500976,0.03829072505745462,-0.717241034192643,1.496306105857028,0.25340120932754534,-1.2429048965294827,2.462322510989499,0.8407588312466309,-1.6215636797428683,3.645695444030414,10.968361886641887,0,0,2,0,3,0,0,0,1,0,0,1
3998852,5782ee58-3ac6-414a-b16b-a3b8d98e9667,1,18,37,WNT Finland,Eva Nyström,Eveliina Summanen,60.7,17,65.5,8.4,9.848858,0.6056744847438509,0.0763107569125107,0.16467598026726155,0.08836522335475085,0.35389281368593256,0.5172956395625256,0.163402825876593,0.9781264588677162,1.1721504856164375,0.19402402674872132,8.725591074105338,6.392488729114154,0,0,0,0,0,1,0,0,1,0,0,1
3998852,6f57abd7-0b70-4202-8040-4788c129ee68,1,18,39,WNT Finland,Eveliina Summanen,Oona Siren,65.2,10.4,65.2,22.4,12,4.7262957249970725,0.514058441294378,0.550202118607858,0.036143677313479894,0.9526886376509502,1.1594890655418788,0.20680042789092856,1.6448157297691672,2.0247156390370415,0.3798999092678743,2.511559417796939,3.466537939527989,1,0,1,1,1,2,0,0,1,0,0,1
3998852,b5ceda15-159b-49d1-ba25-8510ddde3b1e,1,18,40,WNT Finland,Oona Siren,Eva Nyström,63.7,22,51.1,22,12.6,-12.104984150919158,0.45824695429934786,0.09422424179268608,-0.3640227125066618,1.0243542930028542,0.3728894063569841,-0.6514648866458701,1.8336706338957889,0.9230281395791382,-0.9106424943166507,3.8045303396251415,8.065106827929318,0,0,1,0,2,0,0,0,1,0,0,1
3998852,5e67c555-32e8-4b23-9efd-74cf71f151c0,1,18,43,WNT Finland,Eva Nyström,Oona Siren,51,24.3,57.8,27.2,7.392564,7.260234860516974,0.18835949706619032,0.6132325755871164,0.4248730785209261,0.5689763756600702,1.1897570269950508,0.6207806513349806,1.1986978493118174,1.9286539348198692,0.7299560855080518,6.06717586901555,3.5468640010978194,0,0,0,2,1,2,0,0,1,0,0,1
3998852,b9d2dbe9-2953-4ad5-a784-341c9cb51c79,1,18,44,WNT Finland,Oona Siren,Eveliina Summanen,57.6,26.9,58.9,9.7,17.249058,-4.440185803993877,0.7735973892628689,0.22327225772463122,-0.5503251315382377,1.3180519717184354,0.5709043937468831,-0.7471475779715523,2.0173221393487615,1.1781585154578202,-0.8391636238909412,2.1659140467395104,5.017437325839911,1,0,2,0,2,1,0,0,1,0,0,1
3998852,8dc89427-1006-4b8a-bbb9-1cd462be7368,1,18,45,WNT Finland,Eveliina Summanen,Saara Katariina Kosola,58.9,9.7,70.8,27.1,21.080086,17.337388458856815,0.4126188311551464,0.3198160327674772,-0.0928027983876692,0.8540795601681058,0.9255683466865247,0.07148878651841883,1.5316466235977657,1.9685304150166774,0.43688379141891165,3.388621030992309,4.7834464624738935,0,0,1,1,1,1,0,0,1,0,0,1
3998852,6de8a901-e02d-4824-95b9-36ae35b54eed,1,18,54,WNT Finland,Eva Nyström,Eveliina Summanen,56.9,32.8,63.9,18.6,15.831614,3.466380239691766,0.3447737218609498,0.3644948643248298,0.019721142463880015,0.6968470345976289,0.7828907572568718,0.08604372265924298,1.3073869612323081,1.4533111711381126,0.14592420990580446,3.437384526905256,3.743698031024592,0,0,1,1,1,1,0,0,1,0,0,1
3998852,4e9a63f9-0a7a-4010-87d4-86b6bfe05982,1,18,57,WNT Finland,Eveliina Summanen,Ria Öling,67.3,9.7,84.1,13.3,17.181385,16.0492751841632,0.5979934239333192,1.1130438935066878,0.5150504695733685,0.8960284021719296,1.5892322103572705,0.6932038081853409,1.4533049492487402,2.332379472330019,0.8790745230812789,1.659722983077818,0.2632566749763017,1,1,1,1,1,2,0,1,1,0,0,1
3998852,0d386766-8bd0-4520-a6be-568d54f3fa6a,1,18,59,WNT Finland,Ria Öling,Oona Siren,81.3,13.1,70,20.4,13.452881,-6.573706565334376,1.407461694656259,0.09166448814191264,-1.3157972065143464,1.9981261762713558,0.41884036383632606,-1.5792858124350297,2.7589632032587734,1.1537184415150186,-1.6052447617437549,0.4861304807789916,8.307217359696715,2,0,2,0,2,0,0,0,1,0,0,1
3998852,f0b2748d-3b45-47ec-abd0-07a3d589ea89,1,19,2,Switzerland Women's,Iman Beney,Lia Wälti,38.5,72.2,42.6,64,9.167879,6.594869338318958,0.7850559532521935,0.766402975926134,-0.018652977326059417,1.1583305123638254,1.4641636463884131,0.30583313402458767,1.814874092322531,2.390801462055158,0.5759273697326268,0.9818109424050956,2.087536662545352,1,1,1,1,1,3,0,1,1,0,0,1
3998852,ab24355b-3af5-4b38-bf7e-cfb671aad8b3,1,21,19,WNT Finland,Oona Siren,Joanna Tynnilä,75.7,48.9,112.1,27.1,42.428764,30.058377145943187,0.5218295311572886,0.8508903681762462,0.3290608370189576,1.0421789697580033,1.2841914596438297,0.24201248988582647,1.9381069459435305,1.9237582834128732,-0.014348662530657252,2.51466660826145,1.153874915321819,1,1,1,1,1,2,1,0,1,0,0,1
3998852,c6a9c22c-617d-4742-a808-beb27bb0ec71,1,21,41,WNT Finland,Eveliina Summanen,Eva Nyström,44.9,43.7,42.8,34.2,9.729337,-2.2264791677526006,0.12302989623304897,0.048555719727093515,-0.07447417650595545,0.4211703665749116,0.2636501445294574,-0.15752022204545418,1.0226821409821376,0.7921145969771065,-0.2305675440050311,6.855204742268676,10.826501202483936,0,0,0,0,1,0,0,0,1,0,0,1
3998852,ce755164-b8bd-4614-8f59-ca364ebe0aee,1,21,50,WNT Finland,Eva Nyström,Natalia Kuikka,40.8,40.3,33.1,54.8,16.417673,-8.950722224841854,0.9031097661784139,0.12784861999369457,-0.7752611461847193,1.3249769255928312,0.3875810142273945,-0.9373959113654367,1.8847175566395509,0.8484468841916363,-1.0362706724479147,1.211573089137694,6.564000706950711,1,0,2,0,2,1,0,0,1,0,0,1
3998852,2f2bf6c2-3b97-4080-9a11-7210acc7e1cf,1,21,53,WNT Finland,Natalia Kuikka,Linda Sällström,34.5,66.6,104.4,74.7,70.36775,51.49685702146029,0.5169775464342878,0.46427186981200985,-0.052705676622277986,0.7738870463411084,0.6826068854093604,-0.09128016093174796,1.1748831991331867,0.9222204678986419,-0.25266273123454486,2.0530527641818352,2.3589625247401718,1,1,1,1,1,1,0,0,0,0,0,0
3998852,3dc48419-e053-4728-823e-944a1b50a43e,1,22,45,WNT Finland,Eva Nyström,Joanna Tynnilä,30,52.3,39.1,25.1,28.681875,8.575928364864595,0.008199999565581796,0.004533131232024624,-0.0036668683335571725,0.062310118324048695,0.04306111940872637,-0.019248998915322328,0.20978342314284237,0.17273192623368702,-0.03705149690915535,14.517335895823622,16.240562113342317,0,0,0,0,0,0,0,0,1,0,0,1
3998852,39a77295-b0a3-4d28-a58d-642650c758ca,1,22,50,WNT Finland,Joanna Tynnilä,Saara Katariina Kosola,49.2,21.3,71.1,4.3,27.723816,12.682907260825367,0.13356354423124922,0.3397797201293927,0.2062161758981435,0.4479212431829841,0.5717859925082582,0.12386474932527414,1.0009371844965074,0.9487399042358913,-0.0521972802606161,7.653484873597847,3.266738820414606,0,0,0,1,1,1,0,1,1,0,0,1
3998852,4c416695-e4c2-4d1a-8e0f-caade36b1451,1,22,52,WNT Finland,Saara Katariina Kosola,Joanna Tynnilä,66.7,5.4,47.2,9.7,19.968475,-15.308199276583395,0.8417744814403315,0.018413445040099088,-0.8233610364002324,1.1049021333655746,0.1457150950719858,-0.9591870382935889,1.5316955660638762,0.5384511841108162,-0.9932443819530601,0.7672718611561615,12.84037938107906,1,0,1,0,1,0,0,0,1,0,0,1
3998852,57fd44e7-17cb-46f7-87e9-e45787df563b,1,22,57,WNT Finland,Joanna Tynnilä,Eva Nyström,48.3,12.7,33.8,27.9,21.006903,-10.323659052002114,0.236144687324187,0.009283759307354436,-0.22686092801683255,0.537328215644941,0.09449512113665526,-0.4428330945082858,1.048673228949553,0.38713348409600334,-0.6615397448535497,4.536252681498699,15.319777625517125,0,0,1,0,1,0,0,0,1,0,0,1
3998852,896084e9-3c1f-417a-b98a-7c7c9bf5769f,1,22,59,WNT Finland,Eva Nyström,Eveliina Summanen,37.2,30.6,48.1,30.2,10.907337,10.767068025223622,0.12431272368804863,0.47269001483641876,0.3483772911483701,0.3702686421886638,1.0413866352601369,0.671117993071473,0.8331520308295469,1.7690376545323678,0.9358856237028209,6.465811279382286,3.6292803803078573,0,0,0,1,1,3,0,0,1,0,0,1
3998852,3e0e582a-68a1-4eb7-9f28-9de1b011a926,1,23,0,WNT Finland,Eveliina Summanen,Eva Nyström,48.1,30.1,35.7,36.5,13.954211,-11.79425445860548,0.4726900020469206,0.11697653781751896,-0.35571346422940164,1.0413866234466485,0.4244648303573046,-0.6169217930893438,1.769037645613585,0.985817302931845,-0.78322034268174,3.629280521432159,7.229344346825133,0,0,1,0,3,1,0,0,1,0,0,1
3998852,0627ede8-2ddb-454a-b54c-fa7a104f664f,1,23,2,WNT Finland,Eva Nyström,Ria Öling,36.5,38.7,51.7,55.9,22.953867,13.383804542888882,0.2943570344843188,0.4870007604878715,0.19264372600355267,0.7267007451401152,1.0359942000168172,0.309293454876702,1.393948460226013,1.7828548336057568,0.38890637337974376,4.317659693131975,4.0262854148664955,0,0,1,1,1,2,0,0,1,0,0,1
3998852,5ce20302-3f57-46ee-b9e9-81723c67df12,1,23,4,WNT Finland,Ria Öling,Emma Wilhelmina Koivisto,50.8,56.6,63.9,66.8,16.60271,8.990449509301868,1.3754692042681271,0.3935796563860785,-0.9818895478820486,1.8098070746852504,0.6701405526225542,-1.1396665220626963,2.3537470537244842,1.1412455579398477,-1.2125014957846365,1.1985371891423429,2.8850321730332307,2,1,2,1,2,1,0,0,1,0,0,1
3998852,f796c6c9-14af-4067-8801-46f9d5dab659,1,23,9,WNT Finland,Emma Wilhelmina Koivisto,Linda Sällström,86.3,51.1,97.4,43.3,13.566503,12.641322329398527,1.221241924679819,0.6765969353226922,-0.5446449893571268,1.8131636196487475,1.382723430395032,-0.4304401892537155,2.62108336482451,2.3913386820832803,-0.22974468274122994,0.9359321461009991,2.8234702258288453,2,1,2,1,3,2,1,0,0,0,0,0
3998852,46843674-2d7d-4e1a-a422-b7115c6accdd,1,24,27,WNT Finland,Oona Siren,Saara Katariina Kosola,69.4,16.1,70.7,2.2,13.960659,-6.163073568173381,1.2651152233167984,0.13218794709626844,-1.13292727622053,1.9239175498187495,0.5784607109740009,-1.3454568388447488,2.82606623616263,1.4353611741233567,-1.3907050620392731,1.4438498612058652,9.320312949612417,2,0,2,0,3,0,1,0,1,0,0,1
3998852,ebb5515f-90e0-4244-a794-4b22ccb9e778,1,24,36,WNT Finland,Saara Katariina Kosola,Joanna Tynnilä,76.6,1.1,59.7,4.3,17.20029,-11.793715333619879,0.5671945755206346,0.16370334248703056,-0.403491233033604,1.1111605352799492,0.47468120794271007,-0.6364793273372391,1.8970753557916962,1.0566246388525273,-0.8404507169391688,2.8762977138579364,5.900722592722647,1,0,1,0,2,1,0,0,1,0,0,1
3998852,e88446f3-960f-457e-ab94-ce585911f557,1,24,38,WNT Finland,Joanna Tynnilä,Eva Nyström,56.2,5.2,42.5,19.4,19.731447,-7.517292592835673,0.20379540861667025,0.0078189000692858,-0.19597650854738446,0.5074915537762309,0.08100922787228627,-0.42648232590394464,1.059242928800865,0.36540416319547825,-0.6938387656053866,5.060693303342347,15.311533616019764,0,0,0,0,1,0,0,0,1,0,0,1
3998852,51c7ee51-2aad-4960-8c99-d95ea74eef23,1,24,44,WNT Finland,Eva Nyström,Joanna Tynnilä,43.5,29.9,48.3,12.2,18.339302,0.26307141040672377,0.03280080585161557,0.03403957916312146,0.001238773311505889,0.1926950493053569,0.1930675360329903,0.0003724867276333754,0.6178253271344186,0.6314448604488133,0.013619533314394694,11.226363240599158,10.765152235706672,0,0,0,0,0,0,0,0,0,0,0,0
3998852,fc5e7abc-ecac-4bad-a136-b99f3883f27b,1,24,46,WNT Finland,Joanna Tynnilä,Saara Katariina Kosola,49.5,12.6,66.2,0.5,20.622803,8.893894394840686,0.03970713805157028,0.21900016479707446,0.17929302674550418,0.22583527566003167,0.5277530681595449,0.3019177924995132,0.7108013949868659,1.0389776408456348,0.3281762458587689,10.756594409168077,5.008540406869388,0,0,0,0,0,1,0,0,0,0,0,0
3998852,ebf0f0ac-4fc1-4377-b116-ec8ee4a0ad64,1,25,31,Switzerland Women's,Géraldine Reuteler,Iman Beney,38.3,76.1,29,75.3,9.334345,-8.286602807850315,0.9032700998682595,0.10038370771274742,-0.802886392155512,1.4550572894799827,0.4026046491477461,-1.0524526403322367,2.225589256702611,1.0047150373798623,-1.2208742193227486,1.0911177309571944,8.752010543926723,1,0,1,0,2,0,1,0,1,0,0,1
3998852,42dba418-c59e-4d9e-8ed6-97072d6c695c,1,25,34,Switzerland Women's,Iman Beney,Livia Peng,25.8,66,9.3,47.7,24.640211,-13.245213220736161,0.09011549911763164,0.07230412604889977,-0.017811373068731873,0.3892840867827303,0.22291561912270533,-0.16636846766002497,0.9934547571267626,0.4927234477333229,-0.5007313093934397,9.57996015725032,7.907094227509276,0,0,0,0,0,1,0,1,0,0,0,0
3998852,26defd22-63cf-48c0-a201-fe165d1c4169,1,25,36,Switzerland Women's,Livia Peng,Sydney Schertenleib,9.7,48,62.1,42,52.742393,52.65520530095809,0.07230413392867219,0.7416266187156337,0.6693224847869615,0.22291563457852664,1.2485038895784675,1.0255882549999409,0.4927234717655427,2.0196014796110315,1.5268780078454889,7.9070939033133305,1.4898475789366576,0,1,0,1,1,2,1,0,0,0,0,0
3998852,0a743016-cd09-4032-b5a2-d31cb3936176,1,25,44,WNT Finland,Emma Wilhelmina Koivisto,Natalia Kuikka,46,54.8,33.2,56,12.856127,-12.796847447081603,0.8909987305004688,0.23107826018327438,-0.6599204703171945,1.4359102787476925,0.5701302615458622,-0.8657800172018303,2.0461433495089287,1.1052931487726327,-0.940850200736296,1.9385599976520673,4.797625727195457,1,0,2,1,3,1,1,0,0,0,0,0
3998852,62cdd41d-71fe-456c-8fb2-5aaac954ee22,1,25,45,WNT Finland,Natalia Kuikka,Emma Wilhelmina Koivisto,32.2,55.7,42,67.9,15.648643,6.352992235756346,0.49048306111229145,0.5586999874742726,0.06821692636198118,0.8347979638831297,0.8923689068952237,0.05757094301209409,1.3147388794088435,1.385921062253163,0.07118218284431954,2.373319158469424,1.974824958228307,1,1,1,1,1,1,1,0,0,0,0,0
3998852,62528f17-3e37-46f1-ab52-2f73744d6d68,1,26,29,WNT Finland,Ria Öling,Eva Nyström,75,64.3,55.8,47.3,25.644493,-13.471836715435792,0.4418757995703004,0.04000111828110342,-0.40187468128919696,1.1796023420940764,0.22466548655127458,-0.9549368555428018,2.2784493596342,0.7040510529780013,-1.5743983066561986,4.81519965189831,10.941392014783467,0,0,1,0,2,0,0,0,1,0,0,1
3998852,2d7931bf-9cd4-4132-8355-31928a5b65a1,1,26,32,WNT Finland,Eva Nyström,Joanna Tynnilä,56.3,43.7,63.2,20.2,24.492039,3.6552259018568023,0.06783617064147122,0.011526025094325511,-0.05631014554714571,0.3126580486772192,0.11517309599664438,-0.1974849526805748,0.8790926346369433,0.49339854431547875,-0.38569409032146457,9.254506848157837,14.741454279087202,0,0,0,0,0,0,0,0,1,0,0,1
3998852,15b9b3db-fe68-49bc-899b-9327ed3303cb,1,26,55,Switzerland Women's,Livia Peng,Noelle Maritz,10.4,34.4,19.8,20.3,16.94609,7.6247566312182755,0.006174405088607442,0.003753243365033354,-0.0024211617235740876,0.054606254191592735,0.049787879481920524,-0.00481837470967221,0.209837265581004,0.2238982457421304,0.014060980161126418,15.392699334145115,17.717846237599687,0,0,0,0,0,0,0,0,1,0,0,1
3998852,d9a2eb65-2eec-41ab-865a-b214a0b97eb3,1,26,58,Switzerland Women's,Noelle Maritz,Livia Peng,18.8,21.7,4.1,34.8,19.6901,-13.175308156745203,0.02544484977027961,0.004313019777173032,-0.021131829993106577,0.13365004399065536,0.049468212150119005,-0.08418183184053635,0.3828506922772947,0.21425053431430266,-0.16860015796299202,11.204509478665123,16.74304806556705,0,0,0,0,0,0,0,0,1,0,0,1
3998852,63e31070-e33f-4095-95f6-6a7d6912bba0,1,27,3,Switzerland Women's,Livia Peng,Julia Stierli,6.4,34.4,14.9,24.6,12.972664,7.515677447258369,0.030506208885971824,0.023216615984171983,-0.007289592901799841,0.13860635210859312,0.14917441544780352,0.010568063339210398,0.3683534702356753,0.47060517326769363,0.10225170303201836,10.548999583460846,11.991460714094277,0,0,0,0,0,0,0,0,0,0,0,0
3998852,e7397827-3917-4de6-858d-e9de00ca8fb3,1,27,6,Switzerland Women's,Julia Stierli,Noelle Maritz,16.8,24.9,30.1,6.5,22.703524,8.360014785059505,0.2522506013408756,0.37701675224967424,0.12476615090879861,0.5356323047687297,0.6369534645130498,0.1013211597443201,0.9885510777102722,1.0564574266632234,0.06790634895295122,4.273332147066123,2.98395372722339,0,1,1,1,1,1,0,1,0,0,0,0
3998852,70835516-f160-4e69-9a57-56103155fb54,1,27,33,Switzerland Women's,Nadine Riesen,Noelle Maritz,54.6,7.4,49.4,1.7,7.7155685,-7.244917560939683,0.9530418233219561,0.3406783097674832,-0.6123635135544729,1.5105685295173419,0.795060428428964,-0.7155081010883779,2.1919209713770194,1.444235695139266,-0.7476852762377533,1.7642652192827044,4.581091330559601,1,0,2,1,2,2,1,0,0,0,0,0
3998852,ead8f346-0600-462d-8ad9-225b80db395c,1,27,41,WNT Finland,Emma Wilhelmina Koivisto,Oona Siren,68.2,66.3,73.2,76.1,11.001818,-1.0112665776870173,0.9993792196212445,0.2675172320913105,-0.731861987529934,1.8550168615916731,0.8199026127555084,-1.0351142488361647,2.870739682149027,1.6530541092840025,-1.2176855728650244,2.6065453871729165,6.404338932650213,1,0,2,0,4,1,0,0,1,0,0,1
3998852,731a345f-2afa-432e-96f7-81c9cf2f8bef,1,27,45,WNT Finland,Oona Siren,Natalia Kuikka,66.4,73.2,46.9,63.9,21.604166,-13.858679809995259,0.7932286818582688,0.020524022274031842,-0.772704659584237,1.353132922786242,0.15182908233913614,-1.201303840447106,2.1889768075710436,0.48895921304468165,-1.700017594526362,1.7628724276156935,13.889369053991333,1,0,1,0,2,0,0,0,1,0,0,1
3998852,6f1aac06-2edd-460d-a253-d3d8d42920c2,1,27,48,WNT Finland,Natalia Kuikka,Eva Nyström,46.9,57,45.1,30.5,26.561062,-0.44935003934654105,0.07718386589366892,0.01302310981547659,-0.06416075607819233,0.30182276116077045,0.102697318198343,-0.19912544296242746,0.7347456105185923,0.3840281785303256,-0.3507174319882667,8.49052760189959,13.453911876207679,0,0,0,0,0,0,0,0,1,0,0,1
3998852,e0829f88-00e4-41b8-a6e8-24d6b9383fe8,1,27,51,WNT Finland,Eva Nyström,Joanna Tynnilä,49,27.9,57.3,7.9,21.653868,1.5843410609719797,0.05297931120025994,0.039999260360323044,-0.012980050839936898,0.23575589917295647,0.1873993501928067,-0.048356548980149766,0.6406998005593151,0.535892294256458,-0.10480750630285707,9.214959640551621,9.92713460059552,0,0,0,0,0,0,0,0,1,0,0,1
3998852,1ea67786-ee7e-4b73-92e3-10e1bea8e144,1,27,53,WNT Finland,Joanna Tynnilä,Saara Katariina Kosola,61.4,7.1,69.8,1.1,10.32279,3.6960698090636512,0.17930184351173514,0.28964333197780123,0.11034148846606609,0.4319574792842504,0.6152920089242461,0.1833345296399957,0.8563046402636949,1.038361191751096,0.18205655148740107,5.295221562199021,4.411046822694303,0,0,0,1,1,1,0,0,1,0,0,1
3998852,b9a3580b-3e8f-44ac-9f83-f35572707fe4,1,28,8,Switzerland Women's,Viola Calligaris,Iman Beney,20.9,70.1,40.8,78.1,21.447844,15.68265010434881,0.020405055171401766,0.26282188032059206,0.2424168251491903,0.12541828182360285,0.5125043954441737,0.3870861136205709,0.4175200178142474,0.8758500265922059,0.4583300087779585,11.961010033823218,4.094728177744627,0,0,0,1,0,1,0,1,0,0,0,0
3998852,ad3de039-0cb3-4540-95f9-639d44c7516f,1,28,30,Switzerland Women's,Viola Calligaris,Lia Wälti,34.9,77.4,37.4,66.3,11.378049,6.26981481027633,0.2983804460725955,0.06715021784964965,-0.23123022822294587,0.5224085506636458,0.3296772811758481,-0.19273126948779767,0.8564119807943827,0.8705011658455228,0.014089185051140096,3.65020793663984,10.063456850076317,0,0,1,0,1,0,1,0,1,0,0,1
3998852,6a02d544-3dfb-4972-922f-9ab91074fc3e,1,28,32,Switzerland Women's,Lia Wälti,Géraldine Reuteler,38.8,67.2,48.3,73.1,11.1830225,6.663058606108834,0.08809048095040557,0.24937266869158908,0.16128218774118352,0.3856687454338719,0.6652333921684096,0.2795646467345377,0.9611808220014321,1.2654509674398822,0.3042701454384501,9.177838265671582,5.816131890129151,0,0,0,0,0,2,0,0,1,0,0,1
3998852,1d87f4ff-b2c4-4e23-a368-b722ca658832,1,28,34,Switzerland Women's,Géraldine Reuteler,Lia Wälti,49.6,75.3,49.8,64,11.30177,4.565147412985681,0.4266307786858398,0.4372878383926582,0.010657059706818406,0.8776961044965628,1.0018090825488524,0.1241129780522896,1.453806930293467,1.7661153456903174,0.3123084153968503,4.398465582196498,4.334048255797079,0,0,1,1,2,3,0,0,1,0,0,1
3998852,6c90bed0-c6b1-48b1-a3c6-0ec5e22f0816,1,28,35,Switzerland Women's,Lia Wälti,Svenja Fölmli,49.8,64,66.2,64.1,16.400305,15.237966498463294,0.4372878383926582,0.5887999162864485,0.15151207789379023,1.0018090825488524,1.2988475728804658,0.29703849033161345,1.7661153456903174,2.3465576291776324,0.5804422834873151,4.334048255797079,2.7568753213502295,0,1,1,1,3,1,0,0,1,0,0,1
3998852,5597edc8-87dc-4b4e-8848-21b7530a85ad,1,28,37,Switzerland Women's,Svenja Fölmli,Géraldine Reuteler,64.6,65.2,63.5,77.9,12.747549,-7.172116778779497,1.1042067545774576,0.11966991553484421,-0.9845368390426135,1.8612336559763283,0.4631899091241889,-1.3980437468521394,2.892796387191954,1.1452392296777156,-1.7475571575142386,1.4770988461422312,8.001156166548558,1,0,2,0,2,0,0,0,0,0,0,0
3998852,100005ed-0a1c-4c7a-9ba5-90f2a1be4d4d,1,28,39,Switzerland Women's,Géraldine Reuteler,Iman Beney,67.7,77.2,84.2,77.8,16.510906,12.118178328698818,0.371693820928517,0.403192412443174,0.031498591514657004,0.7618659661942209,0.6826854983668508,-0.0791804678273701,1.4267778733023828,1.1519724512381635,-0.2748054220642193,3.3469936646743523,2.819381590992534,0,1,1,1,1,1,1,1,0,0,0,0
3998852,63597c0d-8c14-4913-92e0-3e7bb031bbfc,1,28,48,WNT Finland,Oona Sevenius,Oona Siren,57.4,29.5,51.1,39.2,11.566331,-5.430161193573298,0.5752146635907337,0.15673880199966428,-0.4184758615910694,1.1109852498328274,0.5249408309889123,-0.5860444188439151,1.9662970738191765,1.2320667456464935,-0.734230328172683,2.8873087315492105,7.238114208263758,1,0,1,0,2,1,0,0,1,0,0,1
3998852,f64a29d7-09ac-4923-9c71-5ad47ef9bd7e,1,28,51,WNT Finland,Oona Siren,Natalia Kuikka,49.4,41.5,49.7,64.3,22.801973,-3.765381811663488,0.3723829691176342,0.36468891831048894,-0.007694050807145247,0.7604634511266304,0.6138312896293611,-0.14663216149726932,1.3738468354479636,1.0029159342067497,-0.37093090124121386,3.704761870806074,3.094057563998876,0,0,1,1,2,1,0,0,1,0,0,1
3998852,b9c5942a-56b7-4633-b863-91ae6fbb1633,1,29,0,WNT Finland,Eva Nyström,Joanna Tynnilä,32.7,38.5,40.2,20.9,19.131388,5.258939977058361,0.027640395406713165,0.03209825492037773,0.004457859513664567,0.16631804274744613,0.16302162263176875,-0.0032964201156773787,0.5289719234116468,0.5294185903424197,0.00044666693077288766,12.824692208323205,10.52238692599198,0,0,0,0,0,0,0,0,1,0,0,1
3998852,92a300d4-eb6e-4147-a79f-a7d8baafb281,1,29,5,WNT Finland,Joanna Tynnilä,Eveliina Summanen,41.1,25.1,39.5,35.8,10.818965,-0.31490812465507645,0.17631851336077625,0.13970833401623603,-0.03661017934454022,0.436863404984128,0.41414032916420257,-0.022723075819925442,0.9358027653940203,0.9370302296563839,0.0012274642623636423,5.345079446072037,6.299712056462576,0,0,0,0,1,1,0,0,1,0,0,1
3998852,b6d6b029-5197-4544-9681-fe13ca4f179c,1,29,7,WNT Finland,Eveliina Summanen,Oona Siren,39.7,39.2,46.9,39.4,7.2027774,7.201522618331779,0.5614544269449887,0.2752445259580346,-0.2862099009869541,0.9158145989446466,0.8089640480439524,-0.10685055090069417,1.4579752898710157,1.6202801871420098,0.16230489727099418,2.081597027172815,5.7990992866627495,1,0,1,0,1,1,0,0,1,0,0,1
3998852,ba364090-3597-4c83-b7e3-c1fb993ed1bc,1,29,9,WNT Finland,Oona Siren,Ria Öling,48,36,57.3,27.9,12.332883,8.254154304999815,0.45075106333605663,0.5555613541184441,0.10481029078238746,1.0946522212369474,1.1772953820795002,0.08264316084255285,2.0466578095536048,2.1441273500268547,0.09746954047324996,4.62026924576162,2.909459435686035,0,1,1,1,2,2,0,1,1,0,0,1
3998852,591b14c6-9a5c-4dda-a10e-0701b9dfd8c7,1,29,10,WNT Finland,Ria Öling,Oona Siren,58.3,27.2,50.8,26.7,7.5166483,-7.452788208602691,1.133953636272705,0.6397801584261225,-0.4941734778465825,1.735983071865762,1.3792978535047038,-0.35668521836105826,2.6065018208891186,2.3375250830352545,-0.2689767378538641,0.7956023849567346,3.929438695857311,1,0,2,1,3,4,0,0,1,0,0,1
3998852,eebb9ba3-bbfe-4100-82c1-16d3df0f45e0,1,29,11,WNT Finland,Oona Siren,Joanna Tynnilä,50.8,26.7,37.4,3.7,26.61879,-19.75792549309311,0.6397801584261225,0.0829262143706672,-0.5568539440554553,1.3792978535047038,0.2621337819270213,-1.1171640715776825,2.3375250830352545,0.6346124810116589,-1.7029126020235956,3.929438695857311,7.548912097967057,0,0,1,0,4,1,0,0,1,0,0,1
3998852,1f2462a3-a9c9-4be7-9fdb-05bb369e618d,1,29,13,WNT Finland,Joanna Tynnilä,Saara Katariina Kosola,37.4,3.7,51.9,2.2,14.57738,12.337023611616459,0.1501379282282245,0.33393621190258627,0.18379828367436177,0.36142062101970485,0.7092540584366589,0.34783343741695405,0.7427029552914671,1.3119772829152068,0.5692743276237396,5.737588601824522,3.6881748665807614,0,0,0,1,1,1,0,0,0,0,0,0
3998852,59a8f02b-5024-4dce-b31c-1e6abc66f5a6,1,29,23,Switzerland Women's,Sydney Schertenleib,Lia Wälti,56.8,35,53.7,44.3,9.803061,-3.0418193108587275,0.6972942334109101,0.17579383421291545,-0.5215003991979947,1.3372397626345867,0.7434252989653499,-0.5938144636692367,2.313442156180911,1.8045415430168965,-0.5089006131640146,2.39606118132851,8.50337823844479,1,0,1,0,2,0,1,0,0,0,0,0
3998852,c83becfb-f9a3-4b20-9ba2-74051a8f97c8,1,29,29,WNT Finland,Saara Katariina Kosola,Oona Siren,49.9,20.1,45.2,32.9,13.635615,-2.2663256062361086,0.422858964396147,0.3178427306459557,-0.10501623375019131,0.9546697958316266,0.7558961835965523,-0.19877361223507428,1.8135466541650993,1.5299097024171684,-0.2836369517479309,4.595768346615459,3.9875801446596366,0,0,1,1,2,1,0,0,1,0,0,1
3998852,77bdc68d-11ac-4d04-9107-2adb8fe9eed0,1,29,30,WNT Finland,Oona Siren,Eva Nyström,45.2,32.9,32.5,27.2,13.920488,-13.295063102739391,0.3178427306459557,0.01071720569763013,-0.30712552494832557,0.7558961835965523,0.11837821008315937,-0.6375179735133929,1.5299097024171684,0.5166990277031807,-1.0132106747139877,3.9875801446596366,15.688988631520253,0,0,1,0,1,0,0,0,1,0,0,1
3998852,eef311c5-02b3-46d3-ae9b-00b97d894798,1,29,33,WNT Finland,Eva Nyström,Eveliina Summanen,32.5,27.2,39.1,35.5,10.604244,7.406214896460568,0.016507931386913813,0.14780793862686842,0.1313000072399546,0.1457407940342525,0.5451816132141732,0.39944081917992075,0.5849675084727525,1.3357041737436675,0.750736665270915,13.364177133739664,7.21249708414453,0,0,0,0,0,1,0,0,1,0,0,1
3998852,592407e2-1b82-4b70-8fe1-e33b522cb35e,1,29,33,WNT Finland,Eveliina Summanen,Eva Nyström,39.1,35.5,32.4,29.8,8.79659,-7.166778504393349,0.14780793862686842,0.021852629426917146,-0.12595530919995127,0.5451816132141732,0.16804240830060824,-0.377139204913565,1.3357041737436675,0.6315157896282385,-0.704188384115429,7.21249708414453,12.540725769802474,0,0,0,0,1,0,0,0,0,0,0,0
3998852,c9d4f1a7-70a0-450f-854f-ddab76df7994,1,29,38,WNT Finland,Eva Nyström,Eveliina Summanen,35.2,31,40.4,38,8.720092,5.651135289546488,0.3112680273443231,0.39633339845378085,0.08506537110945778,0.6247703035802844,0.8620259891933083,0.2372556856130239,1.1559307872003035,1.565034823069274,0.4091040358689706,3.747926580081284,4.440820628088959,0,0,1,1,1,2,1,0,1,0,0,1
3998852,97ca6147-a431-42f6-a074-62bba072b8df,1,29,46,WNT Finland,Eveliina Summanen,Joanna Tynnilä,37.2,37.4,37.9,14.1,23.310513,-3.2476316961564464,0.3719329421156588,0.014482283102585505,-0.3574506590130733,0.8365435961082466,0.12897259783087933,-0.7075709982773672,1.5443506549578692,0.5239695101114494,-1.0203811448464197,4.126368736285604,14.237063051542687,0,0,1,0,2,0,0,0,1,0,0,1
3998852,8e93783f-9e54-4f54-b3f2-0e021663dc23,1,29,51,WNT Finland,Joanna Tynnilä,Eva Nyström,38.8,18.8,28.6,30.1,15.22268,-8.012727891824994,0.08147575373642622,0.02287441601855674,-0.05860133771786948,0.34126790185294836,0.14727313473605255,-0.1939947671168958,0.894961089490537,0.48454818262696964,-0.41041290686356735,8.425567149401372,12.456107625623575,0,0,0,0,0,0,0,0,1,0,0,1
3998852,8f07fdbd-5d91-446e-84d0-48b0b101d83a,1,29,54,WNT Finland,Eva Nyström,Eveliina Summanen,29.7,33.2,43.3,39.8,15.116878,13.85541272747274,0.06416450011160725,0.45337377030769715,0.3892092701960899,0.2701405125616209,0.9313977895469233,0.6612572769853025,0.6874697205131663,1.6491140593289324,0.961644338815766,9.578967160577715,3.0441227808638347,0,0,0,1,0,1,0,0,1,0,0,1
3998852,af6b58d6-9394-41b0-b81d-563dd4791c30,1,30,3,WNT Finland,Natalia Kuikka,Emma Wilhelmina Koivisto,45.6,58.6,42.5,69.7,11.524756,-6.306259364664726,0.457644488967027,0.05786997153413987,-0.3997745174328871,1.0432821349067154,0.28670196265395376,-0.7565801722527616,1.8391884118715902,0.7859870315561222,-1.053201380315468,4.491894501063001,9.72909482431305,0,0,1,0,2,0,0,0,1,0,0,1
3998852,4b3362af-ba72-4d75-b3b1-b3e5ced84141,1,30,5,WNT Finland,Emma Wilhelmina Koivisto,Linda Sällström,44.9,71.3,63.2,77.9,19.45379,13.077939037228944,0.17301778369591242,0.4344279739574725,0.2614101902615601,0.529168619921491,0.7431113202508552,0.21394270032936424,1.096357467463699,1.2494636034954067,0.15310613603170764,7.330823282955573,2.6737136810465727,0,1,0,1,2,1,0,0,1,0,0,1
3998852,8f41f001-1e2a-4067-bb2b-30d3a1fb8c5c,1,30,7,WNT Finland,Linda Sällström,Emma Wilhelmina Koivisto,61.9,76.1,47,74,15.047259,-12.127597142762042,0.7121933464349463,0.6412307468352351,-0.07096259959971118,1.0881003327880299,1.0203543157454311,-0.06774601704259875,1.6589910626122413,1.6124395927694222,-0.046551469842819104,1.4611484304516689,1.661652890546817,1,1,1,1,2,1,1,1,1,0,0,1
3998852,5e10fdf8-d97a-4580-a20c-4c7b1bcac5bc,1,30,9,WNT Finland,Emma Wilhelmina Koivisto,Ria Öling,47.2,75.2,52.9,66.3,10.568822,8.793236749807136,0.6412301719400084,0.3885045499637708,-0.2527256219762376,1.0203538240332402,1.007154159991585,-0.01319966404165518,1.612439149582805,1.9182624184426986,0.30582326885989364,1.661655751976439,4.553451291381351,1,0,1,1,1,1,1,0,1,0,0,1
3998852,9c608ab5-0344-42ea-9be3-5846fb424f76,1,30,11,WNT Finland,Ria Öling,Emma Wilhelmina Koivisto,54.6,71.5,46.3,75.8,9.347727,-9.344211309420018,1.0487558753126844,0.39723591783722323,-0.6515199574754612,1.6817490605409788,0.9011668073513445,-0.7805822531896344,2.431950451623409,1.5781534918296964,-0.8537969597937125,1.6787724797160508,5.007752331667565,1,0,2,0,3,2,1,0,1,0,0,1
3998852,156188f9-9c17-45b2-8661-f2a21831219e,1,30,12,WNT Finland,Emma Wilhelmina Koivisto,Ria Öling,47.4,76.5,55.8,79.4,8.886507,5.932948863006146,0.8399669072018585,0.3771939546533204,-0.4627729525485381,1.3514106919169804,0.8358153594764315,-0.5155953324405489,1.9563369563688633,1.4754694564582036,-0.4808674999106597,2.461901603880028,4.164488889701884,1,0,2,1,2,2,1,0,1,0,0,1
3998852,031a897f-d1e1-46ae-b655-e1ed52deae99,1,30,14,WNT Finland,Ria Öling,Emma Wilhelmina Koivisto,57,78.7,53.9,67.2,11.9105,2.4594489600252416,0.9006875259079817,0.5857808633297247,-0.31490666257825706,1.306503005342891,1.2042616148587328,-0.10224139048415815,1.874781466559204,2.0274697167258435,0.15268825016663956,1.0227596489335984,3.416201236354484,1,0,1,1,2,3,0,0,1,0,0,1
3998852,91507ea6-36c4-4566-8a6c-446d72b2ec72,1,30,18,Switzerland Women's,Lia Wälti,Sydney Schertenleib,57.1,17.9,69.8,10.4,14.749237,8.39255816620647,0.2976057632996453,0.4510981697901794,0.15349240649053414,0.7705709201199681,0.9136899154430067,0.14311899532303862,1.4887607571291082,1.623692264359974,0.1349315072308659,4.797742462778471,2.9781976811488753,0,1,1,1,1,1,0,1,1,0,0,1
3998852,bf100336-47f2-449e-b8f1-feaf099e7701,1,30,34,Switzerland Women's,Géraldine Reuteler,Viola Calligaris,51.4,61.6,37.3,61.3,14.103191,-13.478712536827146,0.7341294849869593,0.012114700626176063,-0.7220147843607833,1.5707720899253435,0.14072360991747193,-1.4300484800078714,2.6136985714416867,0.5936134480435316,-2.020085123398155,3.524218842824972,16.569637436156615,0,0,1,0,3,0,1,0,1,0,0,1
3998852,d2eaed01-f0ce-4034-be02-e45d1666dcd4,1,30,38,Switzerland Women's,Viola Calligaris,Lia Wälti,38.5,61.1,46.2,55.5,9.521029,8.776908430463862,0.01011191278558486,0.1703017883479371,0.16018987556235226,0.11978546195177565,0.5859375373769862,0.46615207542521053,0.5146422654290357,1.341066644933609,0.8264243795045734,16.33112660949225,6.47739357943386,0,0,0,0,0,1,0,0,1,0,0,1
3998852,f992a6e8-93aa-487d-8b4a-6afcef5d04ac,1,30,41,Switzerland Women's,Lia Wälti,Noelle Maritz,44.6,51.6,49.6,15.6,36.345562,1.7785663377966898,0.3978581214995616,0.03407387073220635,-0.36378425076735527,0.8107874476657734,0.16757693561271633,-0.643210512053057,1.4836321196613558,0.4869041916875331,-0.9967279279738226,3.2068484261973658,10.401776841253753,0,0,1,0,1,0,0,0,1,0,0,1
3998852,f1d70b79-4861-47d3-992b-d5915c476cb0,1,30,44,Switzerland Women's,Noelle Maritz,Nadine Riesen,50,16.7,61.6,7.7,14.681962,7.038773537184554,0.14382837196034193,0.27607035927351975,0.13224198731317782,0.39779067958216513,0.6074806285822355,0.20968994900007037,0.8927076629761997,1.1189119338601488,0.226204270883949,6.0017631945809775,4.400251402840015,0,0,0,1,1,1,0,0,0,0,0,0
3998852,86f468c9-5318-4488-b14e-e4ecb2fd15d1,1,32,19,Switzerland Women's,Smilla Vallotto,Lia Wälti,108.7,76.7,91.7,64.9,20.69396,0.7054331844512234,0.21219233446980057,0.21770377085086362,0.005511436381063051,0.4516750418760843,0.49941876431425897,0.04774372243817465,0.8475912996680438,1.019137568495698,0.17154626882765422,4.7624951364781865,4.747301695091697,0,0,1,1,1,1,0,0,0,0,0,0
3998852,fd45d3ce-cb65-4bd2-b39d-10a1328a8ee0,1,32,21,Switzerland Women's,Lia Wälti,Smilla Vallotto,91.3,66.3,98.9,76.4,12.640016,-3.1455062253853185,0.38196709295094056,0.05893097262258591,-0.32303612032835466,0.7075180023032978,0.2675530904139102,-0.4399649118893876,1.2333655889262292,0.6950683487245157,-0.5382972402017134,3.1185303472121153,9.997134173906394,0,0,1,0,1,0,0,0,0,0,0,0
3998852,d8ea4eab-c0ca-4f64-83b8-66b296d7fa2e,1,32,33,Switzerland Women's,Sydney Schertenleib,Géraldine Reuteler,115.9,65.4,106.2,54.1,14.89228,5.999358005427567,0.6820580786815365,0.3965284821251333,-0.28552959655640314,1.198321503197466,1.1182093167723965,-0.08011218642506956,1.9323607809912475,2.2952538432492275,0.36289306225798,2.2989928195412013,4.249517509460619,1,0,1,1,2,1,0,0,0,1,1,1
3998852,9bbcb984-d04a-4418-8e40-99aeac688f1f,1,33,49,WNT Finland,Anna Koivunen,Natalia Kuikka,7.4,39.9,14.1,60.2,21.37709,4.790721988023293,0.018000043875346334,0.03170071759814579,0.01370067372279946,0.1317279261587089,0.14712400203258524,0.015396075873876341,0.4149102680843846,0.3891385867617445,-0.025771681322640072,14.183513292074364,10.528226822636562,0,0,0,0,0,0,0,0,1,0,0,1
3998852,1c9fc90d-4c96-48f3-83e3-60690ae55bb3,1,35,8,Switzerland Women's,Nadine Riesen,Sydney Schertenleib,62.8,2.5,76.1,5.1,13.551753,12.314303231140038,0.3413917553357194,0.7272597619281763,0.3858680065924569,0.8148968225142593,1.2962610485386956,0.4813642260244363,1.496322021937567,1.9962620693447934,0.4999400474072264,4.450904345658587,2.970828256526229,0,1,1,2,2,2,0,0,0,0,0,0
3998852,14d177d7-5784-419a-b1e1-8554da0ba56c,1,36,24,WNT Finland,Saara Katariina Kosola,Joanna Tynnilä,49,3.6,40.2,4.7,8.868484,-7.472015991497969,0.9301772040363124,0.19790559292941134,-0.7322716111069011,1.2241828056223576,0.4745918477567684,-0.7495909578655893,1.6034100796561654,0.8887337097451699,-0.7146763699109956,0.8400949412839137,5.246277738322196,1,0,1,0,2,1,1,0,1,0,0,1
3998852,98c0d706-d57b-4e72-ada4-d72d7992cfa5,1,36,26,WNT Finland,Joanna Tynnilä,Eva Nyström,37.6,6.1,21.1,19.4,21.192923,-11.921723366068235,0.7973242648841472,0.011458416444154506,-0.7858658484399927,1.0234947352240005,0.10513891134209562,-0.9183558238819048,1.3814867820988566,0.4059351293887608,-0.9755516527100958,0.8148457829604107,15.019832022557345,1,0,1,0,1,0,0,0,1,0,0,1
3998852,d467685d-2044-4888-b254-b2b9f4d41fea,1,36,30,WNT Finland,Eva Nyström,Oona Siren,21.8,23.3,27.3,36,13.839798,6.823629308649174,0.12119788318033577,0.20961379225845983,0.08841590907812406,0.38196147525114227,0.6222877570640032,0.24032628181286092,0.8392250669498561,1.2036604702067468,0.3644354032568907,6.699522771465739,6.98458809172288,0,0,0,0,1,1,0,0,1,0,0,1
3998852,1195c035-16f7-4437-a62b-cf560134b5e9,1,36,31,WNT Finland,Oona Siren,Eveliina Summanen,28.2,34.9,35.6,26,11.574541,6.388299257916174,0.4030775672977154,0.7324018069617891,0.32932423966407376,0.8632071846800046,1.2547399957469094,0.39153281106690485,1.44302687505762,1.9515207795912428,0.5084939045336228,3.8037766704331113,1.6902639749207236,0,1,1,1,2,2,0,0,1,0,0,1
3998852,e2fefbe7-8f7d-4da7-9dac-c7d828f5214e,1,36,32,WNT Finland,Eveliina Summanen,Joanna Tynnilä,35.6,25.6,36.5,4.7,20.919369,-5.035436612846851,0.7324018669353319,0.018999230526391173,-0.7134026364089407,1.254740030372976,0.1600135414813696,-1.0947264888916064,1.9515207915061268,0.575263250649942,-1.3762575408561848,1.690263624317361,14.979342872749275,1,0,1,0,2,0,0,0,1,0,0,1
3998852,80089526-0d4c-4869-937b-fd8f0614d519,1,36,39,WNT Finland,Joanna Tynnilä,Eva Nyström,47.7,10.2,30.4,18.1,19.018412,-14.03699824336421,0.9000512651261063,0.0407180038801916,-0.8593332612459147,1.4572128264584605,0.22086346311674393,-1.2363493633417166,2.16245710932716,0.6579220434352621,-1.504535065891898,2.6032288184172385,10.263774527383806,2,0,2,0,2,0,0,0,1,0,0,1
3998852,46a98d1a-06ac-432f-b4b6-b715ef6a7173,1,36,44,WNT Finland,Eva Nyström,Oona Siren,26.8,25.4,31.6,32.6,8.653323,5.627443474093496,0.2860677489110707,0.2866575269899557,0.0005897780788850504,0.6147232271382906,0.7168303625153813,0.10210713537709071,1.1354266139890872,1.3501103676024013,0.21468375361331415,4.002889105597189,4.5699772109592915,0,0,1,1,1,1,0,0,1,0,0,1
3998852,21a5aa1b-299f-413e-918b-94e430cff4bf,1,36,47,WNT Finland,Oona Siren,Joanna Tynnilä,37.9,27.8,36.5,6.4,21.445745,-7.005215960761689,0.5919026521120544,0.019536712680977567,-0.5723659394310768,1.0655464063621287,0.14862303558728643,-0.9169233707748423,1.8163159718582238,0.5433938954884145,-1.2729220763698093,2.076549170048218,13.817778293170322,1,0,1,0,1,0,0,0,0,0,0,0
3998852,cb3605e6-5418-446c-864d-c66b911df22e,1,36,55,Switzerland Women's,Lia Wälti,Svenja Fölmli,45.1,65.4,62.3,60.7,17.830591,17.788898605853518,0.8178535307470227,0.7450755581912067,-0.07277797255581597,1.2037891750625136,1.4631835665010287,0.25939439143851506,1.808255209970802,2.3593380096400756,0.5510827996692735,1.0251043234726487,2.686294961369198,1,1,1,1,2,4,0,1,0,0,0,0
3998852,f5f95dd2-d2aa-4a3c-9771-50439de330fd,1,36,57,Switzerland Women's,Svenja Fölmli,Géraldine Reuteler,61.6,60.7,68.4,76,16.74306,-0.9570205131768859,1.2355255600193509,0.3482268494946184,-0.8872987105247325,1.8462313830796546,0.6746649224347178,-1.1715664606449367,2.6477845823881845,1.2680939091733627,-1.3796906732148218,0.5174947837556855,3.3454729674143535,1,0,2,1,3,1,1,1,0,0,0,0
3998852,2b5e7fca-615b-4e06-85b7-71747e1e6451,1,37,38,WNT Finland,Natalia Kuikka,Emma Wilhelmina Koivisto,21.9,48.4,29,69.5,22.262524,2.7968102486031086,0.007613377608449819,0.00802624511767576,0.00041286750922594,0.07556777504053856,0.06552735540859164,-0.01004041963194692,0.3171300936626941,0.25009156487346035,-0.06703852878923378,15.283399871206807,14.60446356204617,0,0,0,0,0,0,0,0,1,0,0,1
3998852,8a313df5-333a-4163-a039-64dcf4134ffa,1,37,41,WNT Finland,Emma Wilhelmina Koivisto,Oona Siren,29,69.5,34.9,52.6,17.90028,9.63443789197845,0.14440691758736732,0.5249109152970274,0.38050399770966004,0.34084152186898103,1.0207573076991856,0.6799157858302045,0.6381469432675131,1.723350964341214,1.0852040210737008,5.842210753489103,2.761212554500523,0,1,0,1,1,2,0,0,1,0,0,1
3998852,911c5a4c-75af-44cb-9455-d5a9c9881bd7,1,37,42,WNT Finland,Oona Siren,Natalia Kuikka,34.9,52.6,16.4,52.6,18.5,-18.33567545931257,0.5249109152970274,0.016967977812806224,-0.5079429374842211,1.0207573076991856,0.12177217447047464,-0.898985133228711,1.723350964341214,0.441196618666398,-1.282154345674816,2.761212554500523,12.700972926179368,1,0,1,0,2,0,0,0,1,0,0,1
3998852,e70f5a3e-f59e-4623-b3ec-e33b1b19146e,1,37,45,WNT Finland,Natalia Kuikka,Eva Nyström,16.3,50.9,18,28.8,22.165289,1.6582212038762094,0.023270337465175327,0.0070961074476227235,-0.016174230017552603,0.1419668293048746,0.07354840093314408,-0.06841842837173051,0.47309244166502845,0.3194102587263962,-0.15368218293863223,11.669557505239634,15.520830424934287,0,0,0,0,0,0,0,0,1,0,0,1
3998852,c5e6db99-1400-4db3-821d-8a5f2b6a9357,1,37,47,WNT Finland,Eva Nyström,Joanna Tynnilä,23.9,24.3,28.2,9.5,15.412008,0.6399010322564891,0.025763502071293038,0.01282960020355068,-0.012933901867742358,0.1488963314406046,0.10365647766695038,-0.04523985377365422,0.47986506934119266,0.3715184337097065,-0.10834663563148617,11.306005399767015,14.966217427778798,0,0,0,0,0,0,0,0,1,0,0,1
3998852,ef6010ba-95b9-470e-8a4d-43af3d9f3efe,1,37,50,WNT Finland,Joanna Tynnilä,Saara Katariina Kosola,28.2,9.5,47.2,2,20.426699,14.613233641060233,0.041358285464813724,0.1256746890735554,0.08431640360874167,0.2028566431043621,0.3991798715788678,0.1963232284745057,0.5667175251909045,0.9106572424364103,0.34393971724550587,10.533082976205405,6.818705652345882,0,0,0,0,0,1,0,0,1,0,0,1
3998852,f072c7d3-4d42-4386-9b50-b8f3aeeb0311,1,37,53,WNT Finland,Saara Katariina Kosola,Eveliina Summanen,46.5,4.3,43.1,21.5,17.532825,2.617326409894744,1.055695949894281,0.312710965610333,-0.742984984283948,1.5665185766582668,0.9131300343958758,-0.653388542262391,2.210754099438173,1.8339623484041683,-0.37679175103400464,1.9675612688341724,5.815591104435803,2,0,2,0,2,2,1,0,1,0,0,1
3998852,40eb6838-145c-48d3-9bc1-0e2b21b2cf01,1,37,55,WNT Finland,Eveliina Summanen,Ria Öling,43.1,24,54.7,33.7,15.121178,12.943663850137312,0.5952752843815701,0.3851587041258816,-0.21011658025568847,1.2567505376600094,0.9983642474525874,-0.258386290207422,2.1329192660794876,1.9925276790014732,-0.14039158707801436,3.7102039375542257,4.221398059536106,0,0,2,1,2,2,0,0,1,0,0,1
3998852,4b13734a-0789-47f4-b0b4-83d80f0ef276,1,38,32,WNT Finland,Eva Nyström,Natalia Kuikka,68,12.2,67.5,28.3,16.107761,5.176818364976462,0.13278418982291687,0.025012467908799112,-0.10777172191411775,0.35964840030667966,0.17721129082772769,-0.18243710947895198,0.7778455470878692,0.6163435920921395,-0.16150195499572972,6.1871558792545684,12.248785778185349,0,0,0,0,1,0,0,0,1,0,0,1
3998852,dacdfcc3-8ae7-483e-9e47-e9332438e873,1,38,37,WNT Finland,Natalia Kuikka,Oona Siren,70.1,35.8,76,31.7,7.184706,5.300443532207176,0.20827297803127442,0.5103757316138577,0.3021027535825833,0.6372814475937367,1.2253887376268315,0.5881072900330948,1.4178083759394144,2.272403384385188,0.8545950084457734,6.436364538875092,4.563463892866238,0,0,0,1,2,3,0,0,1,0,0,1
3998852,49626935-0786-42ad-98f1-affab34ed8f6,1,38,37,WNT Finland,Oona Siren,Natalia Kuikka,76,31.7,68.2,40.1,11.462984,-7.02409849034521,0.5775563755550897,0.1699171233785877,-0.407639252176502,1.3260356484733253,0.5879527129269004,-0.7380829355464249,2.3833869255692535,1.386886816709557,-0.9965001088596965,4.5464419747016045,6.718215657765302,0,0,2,0,3,1,0,0,1,0,0,1
3998852,55e7b138-bb3d-43d2-8802-7dbd81f7d3c5,1,38,40,WNT Finland,Natalia Kuikka,Emma Wilhelmina Koivisto,70,45.5,69.8,71.5,26.000769,-8.962985833984185,0.39874916565961843,0.059628261020444544,-0.3391209046391739,0.882201152150142,0.22946618803597035,-0.6527349641141718,1.7131633322313364,0.6287160955136262,-1.0844472367177103,3.4452997540437353,8.611801227689647,0,0,1,0,1,0,0,0,1,0,0,1
3998852,4d1463af-7deb-4580-9f52-bd39b77014cb,1,38,49,WNT Finland,Emma Wilhelmina Koivisto,Eva Nyström,72.7,66.1,58.1,44.8,25.823439,-8.062684501561257,0.8422306966712967,0.026681967043778197,-0.8155487296275185,1.2433707921215797,0.19421960268615177,-1.049151189435428,1.8747900475396937,0.6944038627946253,-1.1803861847450685,1.034992693628743,11.892182381558312,1,0,1,0,2,0,0,0,1,0,0,1
3998852,efad193f-9597-45fb-b20d-757eed337c75,1,39,45,WNT Finland,Anna Koivunen,Eva Nyström,14.4,48.7,25.7,35.8,17.149343,11.56428966389565,0.0015145492398734764,0.0019155220969519827,0.00040097285707850635,0.022850439452502796,0.032968824843618204,0.010118385391115408,0.11291672272430364,0.17105623487518262,0.05813951215087898,19.606728737359784,20.069014079573723,0,0,0,0,0,0,0,0,1,0,0,1
3998852,91e42e3d-7904-4989-8426-e6cfd74d0b9a,1,39,49,WNT Finland,Eva Nyström,Joanna Tynnilä,27.3,32.4,33.9,14.9,18.703209,3.3270200495511943,0.005128896847213425,0.04536392912860179,0.04023503228138837,0.06919735525176215,0.1776841484412579,0.10848679318949575,0.323281301924754,0.4556697386410179,0.13238843671626388,17.44691201570422,9.352576797790906,0,0,0,0,0,0,0,0,1,0,0,1
3998852,e46557d5-ede7-47e0-a9e8-682d07051a4d,1,39,50,WNT Finland,Joanna Tynnilä,Eva Nyström,33.9,15.4,26.3,29,15.5794735,-4.798116604224532,0.1652415975027974,0.01847914980874504,-0.14676244769405236,0.3824453167518654,0.1478091749308274,-0.23463614182103798,0.7253105453773395,0.5188667425867133,-0.20644380279062624,5.469166968419914,13.291212784357795,0,0,0,0,1,0,0,0,1,0,0,1
3998852,9cc36296-ecd0-4ccc-92ca-e16b8cdd11e8,1,39,55,WNT Finland,Eva Nyström,Oona Siren,28.4,36.4,35.6,47.3,13.063308,6.955604249465296,0.23825490206104125,0.3343517302814996,0.09609682822045837,0.59024937048886,0.8218561910788785,0.23160682059001858,1.1313054839865315,1.4536794713496868,0.32237398736315526,4.874322803380376,5.169061118934776,0,0,1,0,1,2,0,0,1,0,0,1
3998852,a64f0551-46ea-4920-ae36-c908ef45800c,1,39,57,WNT Finland,Oona Siren,Eva Nyström,36.5,43.3,23.2,34.2,16.11521,-13.408420518219245,0.3107476783311163,0.030232965480670396,-0.2805147128504459,0.8852784867672451,0.1967073662566018,-0.6885711205106433,1.6792149117421917,0.6254651382292673,-1.0537497735129244,6.163864899225741,11.65602402651038,0,0,0,0,3,0,0,0,1,0,0,1
3998852,cdc9d4dd-4c6d-4290-a9d4-30cb7aa73c70,1,40,1,WNT Finland,Eva Nyström,Oona Siren,26.1,35.7,32.5,39.9,7.6550636,6.498347098935739,0.29073388466215283,0.36203715685624066,0.07130327219408783,0.6391335368433613,0.9117414231902402,0.27260788634687894,1.1761379307788955,1.6249608748346653,0.44882294405576983,4.116959786932188,6.010360228618648,0,0,1,0,1,3,0,0,0,0,0,0
3998852,a1d04d25-1d76-49a0-8e83-b01832a33df6,1,40,3,WNT Finland,Oona Siren,Oona Sevenius,34.9,35.7,52.9,29.8,18.94228,17.337734438904462,0.8905025243249252,0.5560160281790667,-0.33448649614585846,1.507384201113169,0.9927105576299855,-0.5146736434831836,2.271281728058115,1.7743001471957074,-0.4969815808624074,1.5480586529256726,2.0705813848839703,1,1,1,1,3,1,0,0,0,0,0,0
3998852,1ccd5727-0a6d-4075-807e-984be9fba597,1,40,6,Switzerland Women's,Viola Calligaris,Lia Wälti,60.7,45.4,65.7,41.4,6.4031243,5.22731597662613,0.5975799626081565,0.39698579392886324,-0.20059416867929325,0.9821854308617519,0.9698792884645857,-0.012306142397166209,1.5801715788773838,1.7666537972330136,0.18648221835562984,1.939536545205909,5.0567965389321,1,0,1,0,1,2,1,0,0,0,0,0
3998852,303b9d02-6698-4608-ad53-5a9e770d8f8c,1,40,6,Switzerland Women's,Lia Wälti,Svenja Fölmli,65.9,41.4,80.2,43.9,14.516887,14.127487669786873,0.4707031561031699,0.8848428566372427,0.41413970053407284,1.076053006743301,1.4959135286086298,0.41986052186532885,1.8848088995029597,2.4234558500791716,0.5386469505762119,4.612025187828658,1.1170677110847258,0,1,1,1,2,2,0,1,0,0,0,0
3998852,d2cb2afc-cdd5-4534-b4b9-5a6a19139879,1,40,11,WNT Finland,Eveliina Summanen,Eva Nyström,42.5,28.7,37.7,35.8,8.570297,-4.087625257498715,0.11711819069216808,0.042948176031020226,-0.07417001466114787,0.5134844443464446,0.2837256668806976,-0.22975877746574697,1.3466061897954973,0.9182761677492466,-0.4283300220462507,8.184274841359215,12.366231747833263,0,0,0,0,0,0,0,0,1,0,0,1
3998852,22c27d3f-43da-4b67-acce-2d15a4da6285,1,40,14,WNT Finland,Eva Nyström,Eveliina Summanen,35.2,37.3,38.8,29,9.047099,2.901286019738052,0.09048402988079778,0.17818220357040743,0.08769817368960965,0.38641181137146857,0.5132422239418015,0.12683041257033295,1.0035368648238685,1.170724353000664,0.1671874881767954,9.571867599877447,5.569251454883595,0,0,0,0,0,1,0,0,1,0,0,1
3998852,d97bf36f-53af-42f7-a13f-2af0c1e866eb,1,40,17,WNT Finland,Eveliina Summanen,Eva Nyström,39,28.8,33.4,34.4,7.9195957,-5.010218585722171,0.7474903904111193,0.21710938651218237,-0.5303810038989369,1.1464201491000836,0.6217258268644322,-0.5246943222356514,1.8331052691114524,1.2730618785206247,-0.5600433905908277,1.2076543221765403,6.401998793205691,1,0,1,0,1,2,0,0,1,0,0,1
3998852,10397dbc-473c-4727-ae1c-a67c284adf28,1,40,17,WNT Finland,Eva Nyström,Joanna Tynnilä,33.4,34.4,35,13.1,21.36001,-2.374103958195576,0.21710938651218237,0.014117318539775683,-0.20299206797240668,0.6217258268644322,0.13550320913971795,-0.4862226177247143,1.2730618785206247,0.5520261269007154,-0.7210357516199093,6.401998793205691,14.478510517604116,0,0,0,0,2,0,0,0,0,0,0,0
3998852,ed20238e-4b62-4bd7-9e21-bef618a816a9,1,40,20,WNT Finland,Joanna Tynnilä,Saara Katariina Kosola,37,12.9,52.6,2.9,18.529976,10.37599884272835,0.039214070095711644,0.4012558781722483,0.36204180807653663,0.24404347354069292,0.7244142470076862,0.4803707734669933,0.7817677084937876,1.217802167969661,0.43603445947587327,11.405663363048305,3.0266244265007014,0,0,0,1,0,1,0,1,0,0,0,0
3998852,ad535d61-cf1d-4ccd-8f82-b4b5a24c5955,1,40,22,WNT Finland,Saara Katariina Kosola,Oona Sevenius,53.9,2.3,58.9,12,10.912836,8.88514226304143,0.40125552002492754,0.48716240129831107,0.08590688127338353,0.724413939714886,1.0847241328113861,0.36031019309650014,1.2178019399428965,1.9407233478448571,0.7229214079019606,3.0266274630737513,3.703248737871795,0,0,1,1,1,3,1,0,0,0,0,0
3998852,45601035-a972-473b-bccc-4ac113203847,1,40,26,Switzerland Women's,Lia Wälti,Géraldine Reuteler,61.2,61.5,49.4,74,17.189823,-15.753021533134174,0.6854470630281453,0.029156500192801877,-0.6562905628353434,1.3509597977166337,0.20769707514794056,-1.143262722568693,2.2093606376108577,0.6759438362893722,-1.5334168013214855,2.7007604746337592,13.269002512650276,1,0,1,0,3,0,0,0,1,0,0,1
3998852,b9c1bd53-dbe2-4306-9f2b-8d31caa8df30,1,40,29,Switzerland Women's,Géraldine Reuteler,Svenja Fölmli,53.7,73.1,70.9,68.8,17.729355,17.180112402195064,0.0865205185500236,0.9500010341973585,0.8634805156473349,0.3731938089320718,1.5640728000272968,1.1908789910952249,0.9513453474998231,2.3272408507086544,1.3758955032088314,8.69734859262502,1.3853378355042925,0,1,0,1,0,3,0,1,0,0,0,0
3998852,8d2ebce9-aabe-46a7-a589-e1f4b3fed67b,1,40,32,Switzerland Women's,Svenja Fölmli,Géraldine Reuteler,67.9,69.5,63.1,78.7,10.376898,-8.941485916457765,1.3248142861308045,0.1731464359034266,-1.151667850227378,2.114426388329366,0.5382909739546792,-1.5761354143746868,3.027952313305601,1.1892688252565093,-1.8386834880490917,1.531444693423768,6.055972350142638,2,0,3,0,4,1,0,0,0,0,0,0
3998852,cd48f51b-0a0c-4394-aea3-706b520cc991,1,40,36,WNT Finland,Oona Sevenius,Ria Öling,54.6,8.4,54.2,19.7,11.307077,3.7739310095822276,1.0486201013118919,0.8219269821748767,-0.22669311913701518,1.6147723446997588,1.5512204477117237,-0.0635518969880351,2.287868999086273,2.532000011705921,0.2441310126196483,1.582391128367094,2.7248751455494844,1,1,2,2,3,3,1,0,1,0,0,1
3998852,9ade547b-02be-4391-9589-33c36ab2f8d8,1,40,44,WNT Finland,Eva Nyström,Joanna Tynnilä,27.3,10.6,33.8,1.3,11.346365,2.7616674674326163,0.5815334597143645,0.05378521385887296,-0.5277482458554916,0.7582995795245031,0.22177222332746055,-0.5365273561970425,1.046065184326733,0.607714439326199,-0.43835074500053406,1.6346046573520014,8.97262171613684,1,0,1,0,1,0,1,0,1,0,0,1
3998852,aaa60618-cce9-4b47-90d4-e6297dc9883d,1,40,46,WNT Finland,Joanna Tynnilä,Eveliina Summanen,33.4,1.3,36.1,17,15.930474,7.858375273470614,0.11360377070799324,0.0904965273907441,-0.023107243317249143,0.33239528582450906,0.3895898811357851,0.05719459531127602,0.7324339229023059,0.9665705026367308,0.23413657973442492,6.689143680887195,9.368692198409228,0,0,0,0,1,0,0,0,1,0,0,1
3998852,9d12d386-4038-4e40-a9c0-dd933a047ace,1,41,8,WNT Finland,Eva Nyström,Joanna Tynnilä,43.5,39.2,47.2,20.2,19.35691,1.0596337186305362,0.01061266372779218,0.014833768147623777,0.004221104419831596,0.10573266979041315,0.11077072144418557,0.005038051653772413,0.4257194860332402,0.39829321142167873,-0.027426274611561496,15.22409462061976,13.188894795673614,0,0,0,0,0,0,0,0,1,0,0,1
3998852,a64d8dc8-a2fa-4105-a751-9c20dd273e6e,1,41,13,WNT Finland,Joanna Tynnilä,Eva Nyström,50.4,25.6,45.1,38.1,13.577187,-3.850049026982987,0.059775544094307395,0.025050592269773388,-0.03472495182453401,0.2603306183456515,0.16933029565230304,-0.09100032269334848,0.7068294384481189,0.5467007977823637,-0.16012864066575516,8.986069060061684,12.966109123117784,0,0,0,0,0,0,0,0,1,0,0,1
3998852,b599ec35-a852-4d93-acd9-a668f167b280,1,42,22,Switzerland Women's,Lia Wälti,Smilla Vallotto,56.8,21.4,53.7,9.7,12.103719,-7.015484591912752,1.0105834368215514,0.077176130616147,-0.9334073062054044,1.8017754229894727,0.38378774629439266,-1.41798767669508,2.8196199857570843,1.0763211940643205,-1.7432987916927638,1.7536472236009162,9.629633871600202,1,0,2,0,3,0,0,0,1,0,0,1
3998852,9b23eb3f-cd5d-4715-96d6-a0e850824afc,1,42,26,Switzerland Women's,Smilla Vallotto,Lia Wälti,50.7,14.2,51.2,25.6,11.410959,3.6559807680585976,0.3157101228607675,0.35168442002338496,0.03597429716261746,0.7595934012491378,0.9388917476625024,0.17929834641336462,1.475687331626796,1.801527332610171,0.32584000098337507,4.276369563338982,5.69970290363866,0,0,1,0,1,3,0,0,1,0,0,1
3998852,acc5431f-3a7c-41dc-868a-a7cefd8caf7d,1,42,26,Switzerland Women's,Lia Wälti,Noelle Maritz,51.2,25.6,47.1,9,17.098831,-8.926661006791818,0.37062137488724545,0.017187104843743743,-0.3534342700435017,0.9609860278708878,0.14638112632825995,-0.8146049015426279,1.8153819940428841,0.5257517501542311,-1.289630243888653,5.4987065439131735,15.009101401399505,0,0,0,0,3,0,0,0,1,0,0,1
3998852,7258ff9e-51c2-4785-8cbe-a41661a2a95c,1,42,29,Switzerland Women's,Noelle Maritz,Lia Wälti,47.1,9,48.9,17.9,9.080198,4.761995384057997,0.018201137240089267,0.12313225086055597,0.1049311136204667,0.1517300705199288,0.46211818531561155,0.31038811479568273,0.5385603595438715,1.06404613651772,0.5254857769738486,14.5104725748304,7.807767223280923,0,0,0,0,0,1,0,0,1,0,0,1
3998852,8e593ea1-ff22-45e5-a853-a7a64b37fbcf,1,42,30,Switzerland Women's,Lia Wälti,Noelle Maritz,48.9,17.9,52.8,9.2,9.534149,0.5333688778110712,0.12313225086055597,0.053076189957199364,-0.07005606090335662,0.46211818531561155,0.24859616755872857,-0.21352201775688298,1.06404613651772,0.6862356028243947,-0.3778105336933254,7.807767223280923,9.516522978985256,0,0,0,0,1,0,0,0,1,0,0,1
3998852,25ba6b4b-effe-4132-b6ce-70a8846277b2,1,42,32,Switzerland Women's,Noelle Maritz,Lia Wälti,52.3,6.9,50.7,17,10.225947,2.3414238272852543,0.09339915576616825,0.10237725612134504,0.008978100355176794,0.3213953661465626,0.39509380844278935,0.07369844229622674,0.7701089486432035,0.9729553768779605,0.20284642823475707,7.468057565262775,7.722428720607688,0,0,0,0,1,1,0,0,1,0,0,1
3998852,675ea1c4-214e-4d3c-b4fc-6dd1402828b2,1,42,35,Switzerland Women's,Lia Wälti,Julia Stierli,50.7,20.4,36.7,33.1,18.902117,-11.566885359877261,0.13290572090750188,0.023205314574264932,-0.10970040633323695,0.502180596072975,0.1425077178290678,-0.35967287824390726,1.1755991491333717,0.45510890723926417,-0.7204902418941075,7.603878525347002,11.927345765679572,0,0,0,0,1,0,0,0,1,0,0,1
3998852,ba5279a4-d6df-4144-b096-6f200f447bbc,1,42,41,Switzerland Women's,Julia Stierli,Lia Wälti,43.2,24.9,53.9,21.7,11.168259,9.683922953290931,0.2816340842810336,0.5481327850006525,0.26649870071961895,0.6286638019351897,1.191116918108401,0.5624531161732113,1.1898345870462035,2.0053054763593283,0.8154708893131248,4.155085739250911,3.1946884191568428,0,0,1,1,1,2,0,0,0,0,0,0
3998852,2c33be68-8243-40cc-abef-e5233d226913,1,42,49,WNT Finland,Anna Koivunen,Eva Nyström,23.8,43,30.8,33.3,11.962023,6.795494528334871,0.0003861972271963879,0.0013574067481431126,0.0009712095209467247,0.01125496709585519,0.02443499968180274,0.013180032585947552,0.0864244993420136,0.14148923903667954,0.05506473969466594,23.83748323628413,20.1510778241634,0,0,0,0,0,0,0,0,1,0,0,1
3998852,80b6e129-97fc-4cdf-a3ce-afc7c5dff3c9,1,42,52,WNT Finland,Eva Nyström,Joanna Tynnilä,30.9,30.6,38.1,13.4,18.64618,3.4830939145185766,0.0026206444714036944,0.0033865312863062937,0.0007658868149025993,0.03861265430749809,0.044493807581316026,0.005881153273817934,0.20228865961026993,0.2099694933076644,0.0076808336973944735,18.325749774483725,17.957876481384616,0,0,0,0,0,0,0,0,1,0,0,1
3998852,80dba394-2e95-4126-8ec8-d563f2006b36,1,42,55,WNT Finland,Joanna Tynnilä,Eva Nyström,41.1,16.1,35,32.1,17.123375,-2.92592554037644,0.09035878842873499,0.018594136684341754,-0.07176465174439323,0.31273885045527194,0.148012575289345,-0.16472627516592694,0.7469510851386011,0.5171888279937144,-0.22976225714488674,7.6760332194040215,13.80323137986783,0,0,0,0,1,0,0,0,1,0,0,1
3998852,639a3cfb-ba29-4ed6-b945-641368c03f79,1,42,58,WNT Finland,Eva Nyström,Eveliina Summanen,35.9,37.1,46.7,38.5,10.890363,10.834638866638088,0.05892950566598303,0.3893930723910734,0.33046356672509036,0.2836965026333906,0.9495830716658165,0.6658865690324258,0.757482280337831,1.6579959574177847,0.9005136770799537,9.925385280282326,5.448709492438252,0,0,0,0,0,3,0,0,1,0,0,1
3998852,23a8d4fe-a489-4ee0-bbb3-7b4bed6c2529,1,42,59,WNT Finland,Eveliina Summanen,Eva Nyström,46.7,38.5,35.6,35.8,11.423659,-11.189091474358008,0.3893930723910734,0.03719002940873134,-0.35220304298234206,0.9495830716658165,0.22547469279121388,-0.7241083788746026,1.6579959574177847,0.6678590670976211,-0.9901368903201636,5.448709492438252,12.319291571592561,0,0,0,0,3,0,0,0,1,0,0,1
3998852,dca843a3-61af-42a8-8b21-481e04306b60,1,43,2,WNT Finland,Eva Nyström,Eveliina Summanen,36.1,37.1,44.3,39.8,8.633076,8.249840028311311,0.08335673606629095,0.34672157607550946,0.2633648400092185,0.3482052122510986,0.8307905231450737,0.48258531089397516,0.8478659538291127,1.4633287223043339,0.6154627684752212,9.544231531631144,5.003451160719824,0,0,0,0,0,2,0,0,1,0,0,1
3998852,8080e039-58e7-4e25-909c-1bcb04d970c0,1,43,4,WNT Finland,Eveliina Summanen,Ria Öling,44.5,40.5,58,44.4,14.052046,13.345722668104784,0.6990852962891612,0.5916168835930438,-0.1074684126961174,1.1742903325971168,1.2160912956903245,0.04180096309320769,1.7894596858469713,2.110591790824679,0.3211321049777076,1.8520924285193565,3.647295931220522,1,0,1,2,2,2,1,0,1,0,0,1
3998852,084557e6-0e4d-4285-aa49-a7b3cf9e8e30,1,43,9,WNT Finland,Oona Siren,Eva Nyström,52.4,45,40.9,35.3,15.0446005,-11.454851315419347,0.5514699829285038,0.08561022859678424,-0.46585975433171956,1.2444426033244858,0.3850826713500803,-0.8593599319744054,2.2096377706101156,1.0304950770707184,-1.1791426935393972,3.86294253473256,8.660750666039561,0,0,1,0,3,0,0,0,1,0,0,1
3998852,c767587a-d269-4efc-b36d-f5db9079ea14,1,43,12,WNT Finland,Eva Nyström,Joanna Tynnilä,43.5,33.5,47.7,9.9,23.970816,-1.5397408347828474,0.39431295298080044,0.06635074659150797,-0.32796220638929247,0.856729917773097,0.3066765764544858,-0.5500533413186113,1.582738156825881,0.8730757998276457,-0.7096623569982352,3.632948168899748,8.882946815679782,0,0,1,0,2,0,0,0,1,0,0,1
3998852,406727c6-a11b-47b7-8a9a-eba00bd09f4f,1,43,16,WNT Finland,Joanna Tynnilä,Saara Katariina Kosola,58.5,10.6,71.8,0.9,16.46147,6.101161864654635,0.304337944650662,0.14082629709303937,-0.16351164755762262,0.7675323404337954,0.42568018167575833,-0.34185215875803704,1.5060471508695772,0.9463332667532938,-0.5597138841162834,5.4633212121221275,6.33374107768994,0,0,0,0,2,1,0,0,0,0,0,0
3998852,19708715-6791-48c3-b4f4-cb38a42b2926,1,44,44,Switzerland Women's,Sydney Schertenleib,Nadine Riesen,77,24.6,96,19.9,19.572685,14.36938914088374,1.3546552175459625,0.24256745183030365,-1.112087765715659,1.878730752001288,0.6656539070238744,-1.2130768449774134,2.561927209151345,1.3248048682591038,-1.2371223408922412,0.44958794813889663,5.434055437020791,2,0,2,0,2,1,0,0,1,0,0,1
3998852,8b34fd13-7545-45c2-b899-d14a8eda3a92,1,44,50,Switzerland Women's,Nadine Riesen,Svenja Fölmli,118.4,23.7,117.1,33.7,10.084146,9.442923000399318,1.2025401915825134,1.2321260069535027,0.029585815370989366,1.914831415633745,2.1352055120737994,0.22037409644005446,2.79187680898012,3.2533891771216594,0.4615123681415394,1.7350441170466262,0.8775220095437077,2,1,2,2,3,3,1,1,1,0,0,1
3998852,d31b9e4a-d31f-49c5-a2d1-be7458eadadc,1,44,54,WNT Finland,Oona Siren,Linda Sällström,13,56,40.6,62.7,28.401585,25.608476114999718,0.6986306510973943,0.8948674865069769,0.1962368354095826,1.288379994961928,1.0694829441437939,-0.21889705081813404,1.9078836036090545,1.3933178634716965,-0.514565740137358,2.6311505451409687,0.4383273570029036,1,1,1,1,2,1,0,1,1,0,0,1
3998852,be6ec2b3-dfbd-4f56-b2ed-1d245caf4299,1,45,3,Switzerland Women's,Sydney Schertenleib,Iman Beney,92.6,34.8,91.3,48.8,14.060227,-2.129761467640943,0.8018103801968028,0.3470526777918388,-0.45475770240496405,1.724886405288703,1.008100017065697,-0.7167863882230059,2.993839269745399,2.1049648750707113,-0.8888743946746875,2.488269178499498,4.7913487944664555,1,0,1,1,2,1,0,0,1,0,0,1
3998852,d748f9f1-d212-4f50-86a9-92444e5f1196,1,45,6,Switzerland Women's,Iman Beney,Noelle Maritz,90.3,46.6,85.6,33,14.389232,-4.680488691870476,0.477132123905906,0.27754996361638395,-0.19958216028952203,1.1891974971680463,0.7896178753023996,-0.3995796218656468,2.3185791510788047,1.6790436369557944,-0.6395355141230104,3.560041003334465,5.105092018102634,0,0,1,0,2,1,0,0,1,0,0,1
3998852,c5edfc25-2ad3-4644-a620-299e8da0b014,1,45,9,Switzerland Women's,Noelle Maritz,Nadine Riesen,83.6,22.4,103.5,8.1,24.505102,4.517049776404498,0.27754998805723435,0.04259601282057665,-0.2349539752366577,0.7896179130178154,0.24665274703431317,-0.5429651659835022,1.6790436841263083,0.7821534498039725,-0.8968902343223358,5.105091717941329,11.029566074200696,0,0,0,0,1,0,0,0,1,0,0,1
3998852,2248d9ae-2dcc-41d4-a3ea-857867a25e66,1,45,14,Switzerland Women's,Nadine Riesen,Lia Wälti,104.6,9.9,93.7,20.8,15.4149275,1.2480883595169416,0.8890922766305557,0.30302895746401876,-0.586063319166537,1.2546825660897343,0.9353286909897334,-0.3193538751000009,1.8702297016357208,1.9371734638668996,0.06694376223117882,0.82721290567748,6.608892110553147,1,0,1,0,2,2,1,0,1,0,0,1
3998852,424f162c-0f56-4d39-aa83-506b91b3f521,1,45,20,Switzerland Women's,Lia Wälti,Noelle Maritz,88.5,9.9,99.4,3.1,12.847178,1.3082874145200662,0.7750501087800268,0.44450845840834496,-0.3305416503716818,1.2527493211631653,0.8006157981943284,-0.4521335229688369,1.9363293000511494,1.3607405031350726,-0.5755887969160769,1.7586959886884035,2.7376442026235424,1,1,2,1,2,1,0,1,1,0,0,1
3998852,63509204-c9d0-49b8-b20e-bd17748c8aa1,1,45,24,Switzerland Women's,Noelle Maritz,Nadine Riesen,101.4,14.5,112,11.7,10.963576,2.153782328934472,0.573090554936454,0.2799208552394909,-0.2931696996969631,1.225323965505426,0.7824987135777721,-0.4428252519276539,2.2079432721429617,1.623359060111594,-0.5845842120313678,2.75778187157631,5.463583816444535,1,0,1,0,2,1,1,0,0,0,0,0
3998852,214656f6-a1a8-4c95-a61b-306a4a11c1f0,1,46,7,Switzerland Women's,Smilla Vallotto,Sydney Schertenleib,115.9,21.9,114.1,11.8,10.259142,-10.252032353067449,0.3013649968534711,0.0966627476162551,-0.20470224923721603,0.7867570951838901,0.35881763193113053,-0.4279394632527596,1.743867849646935,0.9777188270429713,-0.7661490226039638,4.26068914882045,7.603962684577123,0,0,1,0,1,1,0,0,1,0,0,1
3998852,5bf241fd-fa83-435f-8957-13fe172e8b81,2,45,2,Switzerland Women's,Lia Wälti,Ana-Maria Crnogorčević,47.5,37.7,55.4,67.1,30.442898,2.4824230230064046,0.10921375769007673,0.02955348324215689,-0.07966027444791984,0.3698664931807614,0.17442015503231476,-0.19544633814844667,0.8374689631124778,0.5306109630917777,-0.3068580000207001,7.987817692927308,11.672378527019692,0,0,0,0,1,0,0,0,0,0,0,0
3998852,bc3a673b-4029-4211-9932-4c44e241cefb,2,45,5,Switzerland Women's,Ana-Maria Crnogorčević,Leila Wandeler,55.4,67.3,71.5,65.5,16.200308,15.336589122707885,0.21798021487705552,0.579223490985693,0.3612432761086375,0.5097749998504911,1.0619105866982015,0.5521355868477104,1.0111247881183716,1.787515467094519,0.7763906789761474,4.803989018231906,2.2844218532907816,0,1,1,1,1,2,0,1,0,0,0,0
3998852,275f5716-dac1-47ff-9011-be79f2caed3a,2,45,26,WNT Finland,Ria Öling,Joanna Tynnilä,65.8,8.1,70.1,2.5,7.0604534,0.47074950141779937,0.7851300631377427,0.2368553169708887,-0.548274746166854,1.3270311946383258,0.7338085838944213,-0.5932226107439045,2.0807826495965087,1.5583097041705551,-0.5224729454259536,2.6603188470839085,5.855247635420539,1,0,2,0,2,1,0,0,0,0,0,0
3998852,922209db-3a00-4389-a9b3-7aa78759b42e,2,45,39,Switzerland Women's,Ana-Maria Crnogorčević,Viola Calligaris,22.7,74.3,20.8,60.7,13.7320795,1.8319808505436441,0.2413607584570336,0.18856272395267273,-0.05279803450436085,0.5383942345601795,0.48666949715066254,-0.051724737409516997,0.965164739713237,1.0053154953813865,0.04015075566814952,4.740104432772919,5.312249132030235,0,0,1,0,1,1,0,0,1,0,0,1
3998852,3d65ce8f-1308-4f8f-a69c-6cf278cf8698,2,46,9,WNT Finland,Eveliina Summanen,Linda Sällström,41.4,6.2,64.3,20.4,26.945314,26.511474193142163,0.4270934779863437,0.3719755408349073,-0.05511793715143637,1.0774579632124128,0.9002608457815424,-0.1771971174308704,1.9605609254679381,1.7123730144034308,-0.24818791106450733,4.968200437771648,3.9815961875899575,0,0,1,1,3,1,0,0,0,0,0,0
3998852,534d519a-155b-4500-9a10-38243448bbc9,2,46,11,WNT Finland,Linda Sällström,Oona Sevenius,64.4,20.4,58.4,13.6,9.068627,-8.06526230139795,0.3719755803338496,1.1432863684187071,0.7713107880848575,0.9002608463997541,1.818933325748874,0.9186724793491199,1.712372961287778,2.6863276809193537,0.9739547196315756,3.981595554580474,1.8043557751066752,0,2,1,2,1,3,0,0,0,0,0,0
3998852,bc638268-3dce-4372-8e85-3573ce64d857,2,46,14,Switzerland Women's,Géraldine Reuteler,Ana-Maria Crnogorčević,54.3,64.6,49.8,74.1,10.511898,-7.8894254874468,0.599555308671218,0.3198072112160982,-0.2797480974551198,1.1402075166693753,0.7610596696767095,-0.3791478469926658,1.9505148572705313,1.4312631295385134,-0.5192517277320179,2.2582881337138767,4.941100616188851,1,0,1,1,2,2,1,0,1,0,0,1
3998852,d5f6cd55-6e7e-4a39-b34d-0950f14fa767,2,46,15,Switzerland Women's,Ana-Maria Crnogorčević,Viola Calligaris,50,74.3,40.5,66.1,12.549502,-5.7228832583083715,0.3198074979491459,0.2168648016517975,-0.10294269629734842,0.761060091805253,0.6049918713156037,-0.1560682204896493,1.4312636299278987,1.2613987148259398,-0.1698649151019589,4.9410988303251395,5.374316323076871,0,0,1,0,2,1,0,0,1,0,0,1
3998852,0ea0e1b5-7fd6-437d-bd28-c9a49e51d6ec,2,46,17,Switzerland Women's,Viola Calligaris,Ana-Maria Crnogorčević,40.3,67.7,43,77.2,9.876234,-1.1387263509100052,0.4324187491203767,0.25868949824596366,-0.17372925087441304,0.8270573964261375,0.5683450535194249,-0.25871234290671263,1.4471395136865346,1.077023815114012,-0.3701156985725227,2.909684258019812,4.349607652007823,1,0,1,1,1,1,1,0,1,0,0,1
3998852,57369d4f-1d95-4183-9ca3-5f67e203de3e,2,46,18,Switzerland Women's,Ana-Maria Crnogorčević,Géraldine Reuteler,43.4,76.6,43.3,63.2,13.400373,4.762804701232014,0.34149631469281344,0.293680579785516,-0.04781573490729746,0.6612061245303698,0.7606730190423661,0.0994668945119963,1.1667424928295036,1.5157428028073925,0.3490003099778889,3.4883720168604397,4.618469621157609,0,0,1,1,1,1,0,0,1,0,0,1
3998852,b577132f-944e-45b0-8dc4-7aebfeecbaef,2,46,28,WNT Finland,Ria Öling,Oona Sevenius,76.3,23.9,91.4,25,15.140013,14.276559245177708,0.7366861398626989,0.3366397610075207,-0.40004637885517824,1.433673749581439,0.9973196424599704,-0.4363541071214685,2.4251959819533466,2.103845527121083,-0.32135045483226365,3.0402519162305457,4.731552409745212,0,0,2,1,2,1,1,0,1,0,0,1
3998852,5c9fb14f-3852-454d-825d-052526a8f8ea,2,46,37,WNT Finland,Eveliina Summanen,Oona Siren,78.4,30.4,85.2,56.8,27.261694,4.0503437537531894,0.9647744768582626,0.5838732050015321,-0.3809012718567305,1.6068876316347882,1.1267468478519347,-0.4801407837828535,2.534051317421545,2.0799296938750973,-0.4541216235464476,1.3833170461032596,2.083633910626153,1,1,2,1,2,1,1,1,1,0,1,1
3998852,efd1e0ef-0a4f-4887-98c2-b769d5697998,2,46,42,WNT Finland,Oona Siren,Linda Sällström,89.8,57.4,99.7,47.1,14.286357,13.348167953636956,1.0394474494204713,0.6434121432666018,-0.3960353061538695,1.7828009003835674,1.4767294291968025,-0.3060714711867649,2.7224322186716647,2.525729843191896,-0.19670237547976877,2.4564270919609825,4.752178859968928,2,0,2,1,3,4,1,0,1,0,1,1
3998852,3422a0a9-36b8-4827-8f90-b2507178894d,2,47,35,WNT Finland,Eva Nyström,Eveliina Summanen,28.2,45,37.3,43,9.317188,9.181669087021476,0.1303581284273087,0.4330342147218818,0.3026760862945731,0.4210603928774446,1.040247777466585,0.6191873845891405,0.9470686269548386,1.836829240337645,0.8897606133828063,6.8994943447305275,4.253034610729804,0,0,0,1,1,3,0,0,1,0,0,1
3998852,599109d9-e94c-48e9-8a3a-f26962b47df3,2,47,38,WNT Finland,Eveliina Summanen,Oona Siren,42.6,42.3,44.3,52.3,10.143471,0.7414019117127992,0.8390987365005567,0.6987278990760059,-0.1403708374245508,1.5616256998022497,1.4015154001117065,-0.16011029969054325,2.408740420385001,2.2646476403352813,-0.1440927800497196,2.81109590186585,2.9998161373252255,1,1,2,1,3,3,0,0,1,0,0,1
3998852,4ae85782-baa6-4ba8-bd73-1ef6bcac8dd5,2,47,41,WNT Finland,Oona Siren,Eva Nyström,48,49.7,35.8,35.9,18.419556,-11.649298197136503,0.952710553381099,0.02388051913353916,-0.9288300342475598,1.7118870504063521,0.1861962734927223,-1.5256907769136299,2.678676084059286,0.6495019070331854,-2.0291741770261007,1.9711074298474696,12.761981128756936,1,0,2,0,4,0,0,0,1,0,0,1
3998852,6c598098-5dda-474c-bac0-fd2013fb7aff,2,47,43,WNT Finland,Eva Nyström,Joanna Tynnilä,35.5,35.6,35.5,24,11.6,-1.3869748096107344,0.028494762428164632,0.08153902585457269,0.053044263426408056,0.20444400156454082,0.2737649760165276,0.06932097445198679,0.6832769670138867,0.6489859034465157,-0.034291063567370994,12.195117164093407,7.708874881513085,0,0,0,0,0,1,0,0,1,0,0,1
3998852,7b2307b9-3609-492f-9c85-f86ca36ad877,2,47,45,WNT Finland,Joanna Tynnilä,Eva Nyström,34.8,24.4,23.9,35.1,15.274161,-9.608445191057044,0.39050865736985474,0.025037703323266564,-0.3654709540465882,0.6947057477412011,0.1447433090213384,-0.5499624387198627,1.1365613063774314,0.45448546815951046,-0.6820758382179208,3.0425449677717573,11.512387936736868,0,0,1,0,1,0,0,0,1,0,0,1
3998852,6eebb9d2-d647-4415-8d99-92d5510869ff,2,47,48,WNT Finland,Eva Nyström,Oona Siren,24.3,48.9,35.4,41.3,13.452509,11.502966791692131,0.03594329164833535,0.7292358849714707,0.6932925933231354,0.16797993161326583,0.9983364991355188,0.830356567522253,0.4847446924029437,1.4566849126042278,0.9719402202012841,10.174421443807972,1.0850049984808723,0,1,0,1,0,1,0,0,1,0,0,1
3998852,2625537a-a257-4015-ba94-2e2ec7f68d92,2,47,49,WNT Finland,Oona Siren,Eva Nyström,35.4,43.7,23.8,51.6,14.0346,-12.215980862246141,0.7292356627496966,0.019673355446262294,-0.7095623073034344,0.9983363425428488,0.12228907939169176,-0.876047263151157,1.456684809285453,0.4047538570222644,-1.0519309522631886,1.0850059373207424,12.194793336659842,1,0,1,0,1,0,0,0,1,0,0,1
3998852,661ffd7c-70c7-4413-a534-5658cbb5b8a0,2,47,56,WNT Finland,Natalia Kuikka,Ria Öling,44.7,77.2,50.9,76.2,6.2801275,5.979665258637084,0.567287945716722,0.4115560042554573,-0.15573194146126473,0.828052400914685,0.886362357262788,0.05830995634810299,1.2765796325974779,1.5592287780876912,0.28264914549021336,1.788146120828515,4.0552632025677156,1,0,1,1,1,2,1,0,1,0,0,1
3998852,dc038cb5-4954-4dbe-92f8-08ad6f57a27a,2,48,11,WNT Finland,Anna Koivunen,Natalia Kuikka,13.6,43.7,21.2,58.2,16.371012,6.001982020671903,0.0025103482602307128,0.006659685995724766,0.004149337735494053,0.035823634744004094,0.06790828066992981,0.03208464592592571,0.1829534057545301,0.27800372073431534,0.09505031497978525,18.32982669151612,16.005644142976955,0,0,0,0,0,0,0,0,1,0,0,1
3998852,ab442a0a-90ef-4f0c-91ea-d3f43f58312b,2,48,19,WNT Finland,Emma Wilhelmina Koivisto,Oona Siren,48.4,77.5,41.9,62,16.807735,-0.31364752972534404,0.42488026834225884,0.16324068096646124,-0.2616395873757976,0.9078924307694431,0.607917067470761,-0.29997536329868213,1.6180693189863733,1.3801208825038072,-0.23794843648256614,3.5732349933435246,8.151015593943736,0,0,1,0,2,0,0,0,1,0,0,1
3998852,cdbc910b-7d02-4367-9be8-5ea4b6d7d010,2,48,21,WNT Finland,Oona Siren,Eva Nyström,43.7,60.5,30.9,36.6,27.111805,-10.158898190377641,0.3505886764223537,0.007178648871830082,-0.34341002755052363,0.8375960445946959,0.08230952222821838,-0.7552865223664775,1.6309665021844086,0.35969557768024085,-1.2712709245041678,3.966565163045957,16.544977717405175,0,0,1,0,1,0,0,0,1,0,0,1
3998852,12c16459-3e97-4ed1-9f62-93519cec24b1,2,48,24,WNT Finland,Eva Nyström,Joanna Tynnilä,31.1,36.3,35.1,29.9,7.547185,3.478308350555139,0.008233394757161127,0.08355508222441882,0.07532168746725769,0.08767074119591711,0.28805835583442896,0.20038761463851185,0.36916592020909333,0.6722163262642319,0.30305040605513855,16.257579298106226,7.818639061538838,0,0,0,0,0,1,0,0,1,0,0,1
3998852,ec873f58-2cf8-4eaf-abe3-541ec82f35bc,2,48,25,WNT Finland,Joanna Tynnilä,Eva Nyström,35.1,29.9,28.2,36.6,9.617692,-6.364286425342286,0.08355508222441882,0.031627031534896974,-0.051928050689521846,0.28805835583442896,0.18440534862470662,-0.10365300720972234,0.6722163262642319,0.5542190259651506,-0.11799730029908129,7.818639061538838,11.783725875955318,0,0,0,0,1,0,0,0,1,0,0,1
3998852,8463ee77-d567-4a4b-9cca-de71be2f4e37,2,48,33,WNT Finland,Eva Nyström,Natalia Kuikka,28.4,45.1,28.8,67.9,22.803509,-3.630299626341099,0.45668528976632666,0.04672430763641229,-0.4099609821299144,0.884424832900979,0.21796754735298307,-0.6664572855479959,1.4232155336749845,0.5942176413512866,-0.8289978923236979,4.150418738000151,9.801143679334603,0,0,2,0,2,0,0,0,1,0,0,1
3998852,2ad8a5ba-8005-490a-8f89-a52d1f35a3b0,2,48,39,WNT Finland,Emma Wilhelmina Koivisto,Linda Sällström,65.2,78.9,91.6,79.1,26.400757,18.87738446747496,0.33004123224054766,0.7662584444976508,0.43621721225710314,0.7950435113011972,0.9278280960699996,0.1327845847688024,1.5091084800845267,1.2392855617134602,-0.26982291837106653,4.4721847203010165,0.8330565531821122,0,1,1,1,2,1,0,0,0,0,0,0
3998852,cc6eae4f-cee1-4c38-ba10-ee5aa9a74684,2,48,44,WNT Finland,Linda Sällström,Ria Öling,93.1,78.3,90.8,61.7,16.75858,10.42242585537636,0.9463668308011388,0.687202485232057,-0.25916434556908186,1.3010644978327348,0.9935974909666704,-0.30746700686606443,1.685067534061381,1.584472601103337,-0.100594932958044,1.7360755875326634,1.2418236487522882,2,1,2,1,2,1,1,0,0,0,0,0
3998852,391be6e7-483e-4eb8-b02c-e39361612789,2,48,49,Switzerland Women's,Géraldine Reuteler,Smilla Vallotto,33.5,18.4,49.7,2.2,22.91026,9.337993346829961,0.6096981723777194,0.043175175066261645,-0.5665229973114577,1.2289701301268412,0.2352275944745477,-0.9937425356522935,2.0448416593377154,0.6920055578055692,-1.3528361015321462,2.8642320703375366,10.88671216197584,1,0,1,0,2,0,1,0,1,0,0,1
3998852,0e342fd2-bf01-4924-a286-f3a042b600d7,2,48,55,Switzerland Women's,Smilla Vallotto,Noelle Maritz,54.5,8,63.2,1,11.166468,3.9986848915726085,0.7471856652563469,0.22099672960705427,-0.5261889356492926,1.547572838109779,0.5924571527318201,-0.955115685377959,2.5443569364939322,1.2403293776793347,-1.3040275588145975,3.6466690650223055,5.3371281243118,0,0,2,0,3,1,0,0,1,0,1,1
3998852,8e3e09d4-4dbd-4b8d-b73a-7442d6c09611,2,48,57,Switzerland Women's,Noelle Maritz,Sydney Schertenleib,71.2,2.2,91.9,3.1,20.719557,15.346219313786115,0.5809066052273529,0.4216797665608852,-0.15922683866646775,0.9395400126454938,0.7380527885162975,-0.20148722412919629,1.4900757181633786,1.2458332939574452,-0.24424242420593334,1.9941730031721332,2.801935300642779,1,1,1,1,1,1,1,0,0,1,1,1
3998852,9c2eae2d-8b13-4ad7-92ab-e8e1a81629e7,2,49,30,WNT Finland,Eva Nyström,Natalia Kuikka,16.1,41.9,22,61.7,20.660349,3.543619472504858,0.7375873098098398,0.026145171329727126,-0.7114421384801126,1.0706146256812945,0.17806087267953427,-0.8925537530017602,1.5429839824428722,0.5708732773448976,-0.9721107050979746,1.311939467184214,12.175734640562082,1,0,1,0,2,0,0,0,0,0,0,0
3998852,110f56dd-99f0-4364-8e87-de65a43ce5bd,2,51,0,Switzerland Women's,Smilla Vallotto,Géraldine Reuteler,47.9,18.3,47.3,39.6,21.308449,2.593653729012445,0.4209031930454397,0.35145832958060075,-0.06944486346483897,0.9500825021083769,0.7599741733722255,-0.19010832873615136,1.8332353832764539,1.4190194657161281,-0.4142159175603257,3.21350983731717,3.764327236633574,0,0,1,1,1,1,1,0,1,0,0,1
3998852,fb2d1372-1ca9-458d-aa8d-cd6b5250d590,2,51,2,Switzerland Women's,Géraldine Reuteler,Ana-Maria Crnogorčević,47.1,39.8,54.3,56.1,17.819372,5.256353704584598,0.41962122650083983,0.43671781261318604,0.017096586112346213,0.8162038667216643,0.8299892007511344,0.01378533402947002,1.4387262343003497,1.3335904145152,-0.10513581978514974,3.1849734003833716,4.562933661784738,0,0,1,2,1,2,0,0,1,0,0,1
3998852,222d820d-8871-49f3-9358-129bf730c02c,2,51,5,Switzerland Women's,Ana-Maria Crnogorčević,Viola Calligaris,54.3,55.1,41.9,50.5,13.225733,-11.38975815348013,0.6896781478736072,0.06928856808613447,-0.6203895797874727,1.080119921000465,0.27205808813623417,-0.8080618328642308,1.5186182316382388,0.707574377562626,-0.8110438540756129,2.9190776356096593,8.374618750553246,1,0,2,0,2,0,0,0,1,0,0,1
3998852,364d04dc-d9af-43dc-aa6b-98410b8937f4,2,51,7,Switzerland Women's,Viola Calligaris,Ana-Maria Crnogorčević,44.6,53.1,54.3,62.2,13.300376,7.180203691759289,0.2859471844355604,0.12753983818646183,-0.15840734624909855,0.5817221511048492,0.36389853352369433,-0.21782361758115482,1.0639735718304904,0.7727895893772971,-0.2911839824531932,3.929900214524722,6.482733267960817,0,0,1,0,1,1,0,0,1,0,0,1
3998852,4ee3bd2f-47f0-415a-8560-95ad309e680a,2,51,10,Switzerland Women's,Ana-Maria Crnogorčević,Viola Calligaris,56.4,65.3,43.7,62.2,13.072873,-11.016591934592483,0.6075187001681776,0.3963332592543157,-0.21118544091386188,0.8895576558659168,0.8169339202824771,-0.07262373558343971,1.3079837051105982,1.3442736163144164,0.03628991120381819,1.652225603815106,4.252239559792844,1,0,1,1,1,2,1,0,1,0,0,1
3998852,c56448f2-c85e-462f-b98d-5bbddd682095,2,51,19,Switzerland Women's,Géraldine Reuteler,Noelle Maritz,51.4,41.1,54.5,10.1,31.154613,-3.392986857764214,0.1462392250834658,0.05367265012121446,-0.09256657496225133,0.5840824187096691,0.2329323666736913,-0.3511500520359778,1.4125432729354193,0.673204115913293,-0.7393391570221263,8.539953446198746,9.028873147944534,0,0,0,0,0,0,0,0,1,0,0,1
3998852,f89175bb-9f0e-4f13-84a5-dcec212fa2fe,2,51,22,Switzerland Women's,Noelle Maritz,Smilla Vallotto,57.8,7,76,2.4,18.77232,12.534819614619806,0.20766592262265268,0.05595686190390682,-0.15170906071874585,0.47277890713746257,0.2472282437128775,-0.22555066342458507,0.9583905360772615,0.6403311576995772,-0.3180593783776844,4.8275804478121005,9.835375468393046,0,0,1,0,1,0,0,0,1,0,0,1
3998852,9b6caac4-8c09-4f75-9664-e88796264075,2,51,28,Switzerland Women's,Smilla Vallotto,Sydney Schertenleib,85.3,6.1,76,15.9,13.510366,-1.656994835399658,0.22581839336345422,0.27362093792206243,0.04780254455860822,0.6746954100961288,0.8349562697161851,0.16026085962005632,1.385404098253051,1.7036217485177019,0.31821765026465076,6.681117795634991,6.694385069185507,0,0,0,0,1,1,0,0,1,0,0,1
3998852,652ab403-d124-4571-92a9-7137b34f2b0e,2,51,32,Switzerland Women's,Sydney Schertenleib,Julia Stierli,71.2,19.5,62.4,15.2,9.794386,-9.781047499855767,0.21800136471016412,0.023577345804639202,-0.1944240189055249,0.6957324539519508,0.16864632460162687,-0.527086129350324,1.5524499690041256,0.5997378621666741,-0.9527121068374514,6.364325914337567,12.115939780360053,0,0,0,0,2,0,0,0,1,0,0,1
3998852,da7d516a-4fff-40cf-9b8f-d22424fe1128,2,51,33,Switzerland Women's,Julia Stierli,Sydney Schertenleib,62.4,15.2,65.6,22.3,7.787811,5.504960329836358,0.023577345804639202,0.46923926426936097,0.44566191846472175,0.16864632460162687,0.7993210531389557,0.6306747285373289,0.5997378621666741,1.3867684138870175,0.7870305517203434,12.115939780360053,2.418773210595005,0,1,0,1,0,1,0,1,0,0,0,0
3998852,16bf8e06-a369-495b-9c7e-661f2dc9d588,2,51,35,Switzerland Women's,Sydney Schertenleib,Julia Stierli,64.8,20,61.9,6.6,13.710216,-8.304694051151351,0.547400252969679,0.16559536400294447,-0.3818048889667345,0.8450412665285127,0.39742420338278933,-0.4476170631457234,1.3849873474758558,0.8221158385244829,-0.562871508951373,1.9163057735851314,5.476276169338812,1,0,1,0,1,1,0,1,0,0,0,0
3998852,2bfdb17f-1873-4917-9244-a5d735002425,2,51,37,Switzerland Women's,Julia Stierli,Smilla Vallotto,61.5,5.3,79.7,0.4,18.848078,11.517203706121293,0.6482368273579122,0.09830996570474844,-0.5499268616531637,0.8639888083006991,0.36363227143476695,-0.5003565368659322,1.25817471138211,0.8744673998573969,-0.38370731152471316,1.3515129321413142,8.569600379474316,1,0,1,0,1,0,1,0,0,0,0,0
3998852,222f40f6-4115-42a1-8daf-81efb8062363,2,52,2,Switzerland Women's,Géraldine Reuteler,Leila Wandeler,68.7,11.7,80.4,6.4,12.844454,6.6544200526427915,0.44818171227789694,0.28221338890020886,-0.16596832337768808,1.0943270235769427,0.7709100959771636,-0.323416927599779,2.017373734413562,1.5798072089566761,-0.4375665254568859,4.7135757118612,4.990939950656385,0,0,1,1,2,1,0,0,0,0,0,0
3998852,0a33cd1a-a95a-4bbb-93fd-e91ed61a5fae,2,52,2,Switzerland Women's,Leila Wandeler,Sydney Schertenleib,80.4,4.9,75.2,13.8,10.307764,1.017884969510014,0.28221338890020886,0.5425121613746492,0.26029877247444033,0.7709100959771636,1.2879251746670828,0.5170150786899191,1.5798072089566761,2.3392779883430443,0.7594707793863682,4.990939950656385,3.791643137058516,0,0,1,1,1,2,0,1,0,0,0,0
3998852,fe771b1f-d597-479a-97fa-9233316902ed,2,52,10,WNT Finland,Oona Sevenius,Eveliina Summanen,57.4,69.4,49.7,53.1,18.027203,-2.3500350349019214,1.7754926954050099,0.13040955500050044,-1.6450831404045094,2.525579281844918,0.5706002257395288,-1.9549790561053892,3.3843729650375542,1.4250749597559063,-1.959298005281648,1.2612810208989496,9.07406668331516,3,0,3,0,4,0,1,0,1,0,0,1
3998852,b1400df0-dcbc-403a-9a58-df30a6852773,2,52,17,WNT Finland,Eveliina Summanen,Eva Nyström,55.6,34.2,51.4,28.3,7.242237,-4.929935802819131,0.429149396550118,0.0498242828610281,-0.37932511368908994,0.9431641744927679,0.25448863412133743,-0.6886755403714304,1.6953997680570605,0.7444942755971071,-0.9509054924599534,3.8934598987940174,9.92407242735823,0,0,1,0,2,0,0,0,1,0,0,1
3998852,92b8a28c-8ca2-4ce7-8d2d-97ad0bfa85ad,2,52,19,WNT Finland,Eva Nyström,Natalia Kuikka,51.4,26.6,52.2,49,22.414282,1.501758265368224,0.10772859076310956,0.015606737653330736,-0.09212185310977883,0.3628419320905027,0.13089493138696065,-0.23194700070354204,0.8837338067866974,0.5100938784829231,-0.37363992830377435,7.093005122627323,13.39709107402999,0,0,0,0,1,0,0,0,1,0,0,1
3998852,4e717da0-6c06-43b1-ac2a-4aed635ea100,2,52,25,WNT Finland,Natalia Kuikka,Eva Nyström,57.1,48.5,48.5,37.4,14.041723,-8.075531121427268,0.059027638212871755,0.021821033447404783,-0.03720660476546697,0.2923276091800693,0.15223628266429812,-0.14009132651577116,0.8379566455331099,0.5391267590913501,-0.2988298864417598,9.813917182930016,12.382271798023748,0,0,0,0,0,0,0,0,1,0,0,1
3998852,9b9ee3fd-d5ce-45c1-8f17-dc5f01239a63,2,52,33,WNT Finland,Eva Nyström,Natalia Kuikka,51.8,42.1,56.5,58,16.580109,2.2304298060877414,0.0681729898649752,0.023081723534720346,-0.045091266330254856,0.30218883354277315,0.19049572183710997,-0.11169311170566318,0.8381180723259645,0.6926917662852258,-0.1454263060407387,8.755718831536331,13.251948875890351,0,0,0,0,0,0,0,0,1,0,0,1
3998852,3269480f-66dc-4a32-aa2b-f1ae0a127c5a,2,53,10,WNT Finland,Oona Siren,Eveliina Summanen,62.1,70.1,58.4,60.3,10.475209,0.3978779949735127,0.5566488158929508,0.3437657246726719,-0.21288309122027887,1.3190698791667606,1.0491121779862171,-0.2699577011805434,2.355263061814055,2.1316023889344202,-0.22366067287963487,4.458726172655655,6.804186828179533,0,0,1,0,3,3,0,0,0,0,0,0
3998852,6de21735-cf75-4665-994a-bd413f90d9cf,2,53,16,Switzerland Women's,Géraldine Reuteler,Julia Stierli,49.4,30.4,37,22.7,14.596232,-13.534082073099867,0.8429843404073677,0.1697401998523459,-0.6732441405550218,1.6543360918113836,0.5311144078904279,-1.123221683920956,2.7000651770200093,1.2055740460795472,-1.494491130940462,2.64688969590956,6.03406550894932,1,0,2,0,3,1,0,0,0,0,0,0
3998852,b1426725-7f2e-49c5-8579-c31d59a18507,2,53,18,Switzerland Women's,Julia Stierli,Noelle Maritz,34.3,20.9,43.8,2.8,20.441624,3.007100801380659,0.5515376427132702,0.10437022684303365,-0.44716741587023656,0.8657505381787199,0.36643189931224635,-0.4993186388664736,1.4241664522710153,0.896134607157236,-0.5280318451137793,1.9188412889517814,7.23741180259653,1,0,1,0,1,1,0,0,0,0,0,0
3998852,1d35eb4d-18d8-422f-aa64-7f65a5363c98,2,53,42,Switzerland Women's,Géraldine Reuteler,Noelle Maritz,47.1,6.1,50.4,1.4,5.7428217,0.8094568228351022,0.40561818285691825,0.7195433804637271,0.31392519760680887,0.9286327695893571,1.2684919653309057,0.33985919574154855,1.7443217256541559,2.0356390288943427,0.2913173032401868,3.5657527057236003,2.729303471325817,0,1,1,2,1,2,0,1,1,0,0,1
3998852,9eccfadd-ea00-44a0-a02b-08fb50834deb,2,53,43,Switzerland Women's,Noelle Maritz,Lia Wälti,50.4,2.2,57.4,6.8,8.376157,8.343257742437004,0.5474997432701332,0.8212030344861446,0.27370329121601145,1.0971117542788664,1.5076008229124993,0.4104890686336329,1.8847374752541854,2.4966951238993618,0.6119576486451763,4.032031193456269,1.8096875743203167,0,1,2,1,2,2,0,0,1,0,0,1
3998852,443d1d8e-eae4-4ea2-9ba2-da710474715d,2,53,53,Switzerland Women's,Ana-Maria Crnogorčević,Viola Calligaris,44,52.8,33.4,45.2,13.043006,-9.685622154595066,0.389659633514199,0.012889396197758965,-0.37677023731644005,0.6277141344804981,0.10807136273781674,-0.5196427717426814,0.9749710022892462,0.4081269372129973,-0.5668440650762488,2.8761424836029796,13.852419015478597,1,0,1,0,1,0,1,0,1,0,0,1
3998852,422819d6-ecec-4d00-b834-570c3fb190ea,2,53,56,Switzerland Women's,Viola Calligaris,Julia Stierli,33.1,44.8,35.9,11.3,33.61681,-1.829787746702607,0.0192526740641263,0.009658703821157502,-0.009593970242968796,0.15212920271468536,0.08483616721344066,-0.0672930355012447,0.5318824047900165,0.367957211388832,-0.1639251934011845,13.467038557354263,14.227510879812197,0,0,0,0,0,0,0,0,0,0,0,0
3998852,68aa2e19-9540-4533-9424-572cc97d7d38,2,54,5,WNT Finland,Emma Wilhelmina Koivisto,Eveliina Summanen,41.5,72.5,51.3,52.5,22.271955,15.133824728178084,0.7147187290311349,0.12893106425213102,-0.5857876647790039,1.290020405140182,0.54424063095205,-0.745779774188132,1.954522730365635,1.3040593120984265,-0.6504634182672084,2.6924466028445266,9.009730958097524,1,0,2,0,3,0,1,0,1,0,0,1
3998852,78cca06d-5620-4d4a-82f1-0e3b723d3589,2,54,13,WNT Finland,Eveliina Summanen,Oona Siren,62.3,44.8,65.5,53.3,9.0824,1.7999330389789137,0.8750127670633321,1.1325082510181388,0.2574954839548067,1.5728725303809559,1.905743511068581,0.3328709806876251,2.538226147464287,2.880637893063663,0.34241174559937626,1.685414844043662,2.1903396241558624,1,1,1,3,3,3,1,0,1,0,0,1
3998852,701a5cf6-bdb4-42b8-999f-681f16cee579,2,54,15,WNT Finland,Oona Siren,Natalia Kuikka,64.4,54.6,53,60.5,12.836277,-12.58108572295555,0.48634108687230243,0.08029061448318837,-0.40605047238911407,1.1321506294574635,0.32056539371006887,-0.8115852357473946,2.0583427277136117,0.8415313034235745,-1.2168114242900372,4.152580890333443,8.157667334553237,0,0,1,0,2,0,0,0,1,0,0,1
3998852,34aafa81-18ba-4b5c-a679-ea4fc3e7166d,2,54,18,WNT Finland,Natalia Kuikka,Eva Nyström,51.4,54.9,51.8,39.8,15.105297,1.9992081682294156,0.11124927112348562,0.01949432024799549,-0.09175495087549013,0.3854542898408581,0.1594570831886889,-0.2259972066521692,0.9345192308456579,0.5856860992063608,-0.3488331316392971,7.1709296588362115,13.774360735321052,0,0,0,0,1,0,0,0,1,0,0,1
3998852,d2fd4ce4-35de-47b1-863b-3cc3ce7db0dd,2,54,22,WNT Finland,Joanna Tynnilä,Eva Nyström,54,26.8,41.4,37.6,16.59518,-11.329575105348809,0.7176181335328552,0.061889277746712414,-0.6557288557861428,1.026831904827372,0.25629887177000943,-0.7705330330573625,1.5493299670330745,0.6715904646543714,-0.877739502378703,1.2053369532582796,8.940890841205503,1,0,1,0,1,0,0,0,1,0,0,1
3998852,b5dba85c-aead-42f5-8c8d-25d119ce28be,2,54,26,WNT Finland,Eva Nyström,Natalia Kuikka,36.6,40.7,44.5,62.8,23.469555,4.535390406666664,0.02416122293609875,0.01250695894047518,-0.01165426399562357,0.153102717277706,0.12542207459555776,-0.027680642682148232,0.536188684210746,0.5278286871772867,-0.008359997033459243,11.607301526976944,15.465701007794635,0,0,0,0,0,0,0,0,1,0,0,1
3998852,4088bafe-9427-411f-9ecd-7b648c32b59b,2,54,31,WNT Finland,Natalia Kuikka,Eva Nyström,53,64.5,42.6,39.9,26.708052,-6.061085072131931,0.24851180740657206,0.016647751123470222,-0.23186405628310183,0.5867670034284755,0.14672687042307336,-0.4400401330054022,1.1535268201119795,0.533899630527933,-0.6196271895840465,4.650388104939969,13.945769542730353,0,0,1,0,1,0,0,0,1,0,0,1
3998852,cf2d9552-c7cf-4b87-b3f8-2e927b8aa4f4,2,54,36,WNT Finland,Eva Nyström,Natalia Kuikka,48,33,49.1,63.8,30.819637,-2.4485563365793155,0.33682583394954013,0.04099337482069444,-0.2958324591288457,0.6974105113742199,0.2328258103294586,-0.46458470104476135,1.2967445562040123,0.7471450781375824,-0.54959947806643,3.565596781118187,10.44771824540548,0,0,1,0,1,0,0,0,1,0,0,1
3998852,8e582926-8b21-425e-b1ec-2592066a9b58,2,54,41,WNT Finland,Natalia Kuikka,Eva Nyström,51.3,72.7,43.7,47.5,26.321095,-0.5823778151109167,0.6896135846341075,0.014571651979640388,-0.6750419326544671,0.9601899592162624,0.13663143659141277,-0.8235585226248496,1.4243177885630671,0.5227982534158023,-0.9015195351472648,1.2356861884396633,14.48705838246577,1,0,1,0,1,0,0,0,1,0,0,1
3998852,6b05f9c9-35b1-46d0-b341-eea873334c76,2,54,43,WNT Finland,Eva Nyström,Eveliina Summanen,44.3,47.1,54.4,43,10.900458,10.363668275685072,0.018993476639814006,0.35178561990682927,0.3327921432670153,0.15858003372376692,0.8210938492365367,0.6625138155127698,0.5717948509469637,1.513124656459526,0.9413298055125623,13.457920062083032,4.886808136974705,0,0,0,1,0,2,0,0,1,0,0,1
3998852,5649e56d-bb51-4093-b491-839fdf0536e7,2,54,46,WNT Finland,Eveliina Summanen,Eva Nyström,48.4,35.6,38.9,45.4,13.648809,-9.54451109851604,0.4940541182473908,0.045259704208001725,-0.4487944140393891,0.9363035103229841,0.23513509689787118,-0.7011684134251129,1.6892837310434938,0.7437868104005582,-0.9454969206429357,2.5405049385478002,9.746209737705504,1,0,1,0,1,0,0,0,1,0,0,1
3998852,f091b9f7-3f02-4657-b488-a4f9c5eb2fc9,2,54,51,WNT Finland,Eva Nyström,Ria Öling,42.6,48.3,62.7,49,20.112185,19.841253817425695,0.9421038392384072,0.23590648365456543,-0.7061973555838418,1.2882266563275524,0.7563417535730148,-0.5318849027545376,1.8582876616662747,1.7271001882907064,-0.13118747337556824,0.5546280034012715,5.625619002504694,1,0,1,0,1,1,0,0,0,0,0,0
3998852,92e83eb2-f51c-475d-98e9-76d9690100c6,2,54,57,Switzerland Women's,Iman Beney,Lia Wälti,54.9,41.9,51.2,33.8,8.905055,-3.9510749162687233,0.824596910344246,0.37665403874477604,-0.44794287159946994,1.4038223240168455,1.0081563563830649,-0.3956659676337806,2.141704933461982,1.9928430581588268,-0.14886187530315542,1.9308137523426652,5.614365253231688,1,0,1,0,3,2,0,0,1,0,0,1
3998852,8d3916c1-3d83-465a-a16c-5b5d96cf0ffd,2,54,58,Switzerland Women's,Lia Wälti,Géraldine Reuteler,50.8,33.2,49.7,51.2,18.033579,-1.6532844407919498,0.3766540878137223,0.19238860895716145,-0.18426547885656083,1.0081564062818882,0.6266053018113525,-0.38155110447053564,1.9928431045017567,1.4671132367932203,-0.5257298677085365,5.614363789781172,5.866389506590842,0,0,0,0,2,1,0,0,1,0,0,1
3998852,6953ace5-286f-4409-9516-4b2b6f55c776,2,55,0,Switzerland Women's,Géraldine Reuteler,Ana-Maria Crnogorčević,49,52.4,41.5,70.8,19.869827,-12.251409744626386,0.6757851164418841,0.13628770239194785,-0.5394974140499362,1.2333905028578827,0.3725632958086566,-0.860827207049226,2.048022766632353,0.7866111336666368,-1.2614116329657163,1.9362271809235683,6.171189901382153,1,0,1,0,1,1,0,0,1,0,0,1
3998852,055d1c75-1989-4dc6-92f3-bf897ae3c493,2,55,34,Switzerland Women's,Ana-Maria Crnogorčević,Iman Beney,64.9,76.6,77.9,75.9,13.018832,10.8197984881499,0.5338105472566963,0.05117581693840349,-0.4826347303182928,0.7774100240597813,0.24512973815962746,-0.5322802859001539,1.2062777360649592,0.7214309060579372,-0.484846830007022,1.9355407043351576,9.442083687434046,1,0,1,0,1,0,1,0,1,0,0,1
3998852,348b90f6-42ea-406d-a9ae-02f5f517e1d6,2,55,39,Switzerland Women's,Iman Beney,Ana-Maria Crnogorčević,70.6,63,70.4,76.8,13.801449,-7.268994759332962,1.193520992047165,0.12445106338154494,-1.06906992866562,1.9472651390305993,0.4753633079357289,-1.4719018310948704,2.9339521966719584,1.1575520412946596,-1.7764001553772988,1.244912903369759,7.879208760205621,1,0,2,0,3,1,1,0,1,0,0,1
3998852,aa65bdee-e265-4dbd-a085-5d80acba2a48,2,55,40,Switzerland Women's,Ana-Maria Crnogorčević,Géraldine Reuteler,70.8,76.8,63.4,70.6,9.654015,-2.9021580123949633,0.12445103596161275,0.2038055086464171,0.07935447268480436,0.4753632504002363,0.5730578894479783,0.097694639047742,1.1575519565073973,1.216022202217308,0.05847024570991066,7.879209778827889,5.616394839115829,0,0,0,0,1,1,0,0,1,0,0,1
3998852,c0a1e4ef-ed35-4bac-94fe-444015a1daa1,2,55,42,Switzerland Women's,Géraldine Reuteler,Viola Calligaris,63,71,49.3,66,14.583896,-10.444698011620488,0.39571061206432184,0.05301426985599239,-0.34269634220832945,0.7908949345219758,0.2348282161721798,-0.556066718349796,1.3718924592844073,0.6528190105710739,-0.7190734487133333,3.3116054508462685,9.161334135502658,0,0,1,0,1,0,0,0,1,0,0,1
3998852,3a97b401-67ae-43eb-89c8-562c013b876b,2,55,45,Switzerland Women's,Viola Calligaris,Julia Stierli,42.6,58.6,36.9,24.8,34.277252,-4.875178028950671,0.18015233625007387,0.013924182463489159,-0.1662281537865847,0.45773735328383364,0.10466517716878793,-0.3530721761150457,0.9455654669088133,0.4098430739060019,-0.5357223930028114,5.365492013154893,13.113098364524674,0,0,0,0,1,0,0,0,1,0,0,1
3998852,6c9cfd24-c15c-45c8-ab5e-50d74aa836ac,2,55,48,Switzerland Women's,Julia Stierli,Noelle Maritz,41.3,25.5,57.8,2.2,28.550657,7.239457887920977,0.14535542370980534,0.0717273154118484,-0.07362810829795693,0.36650987215935354,0.2564340600034537,-0.11007581215589984,0.8018808960881068,0.6555549886462789,-0.14632590744182783,5.849812728815409,8.089156073876222,0,0,0,0,1,0,0,0,1,0,0,1
3998852,395e9f0e-905f-407d-8126-549e7c329a42,2,55,51,Switzerland Women's,Noelle Maritz,Smilla Vallotto,57.4,2.8,55.8,10.1,7.4732857,1.9976997046776859,0.4059558225211758,0.1399183031778114,-0.2660375193433644,0.6997560856841757,0.4872664701506073,-0.21248961553356838,1.1926617625638376,1.0807116828362897,-0.11195007972754789,2.8345340050769186,7.95458153603907,1,0,1,0,1,1,1,0,1,0,0,1
3998852,13271c11-4d39-4710-9e6a-2e6b101420d5,2,55,57,Switzerland Women's,Lia Wälti,Ana-Maria Crnogorčević,65.2,25.5,63,56.6,31.177717,-2.682115954477574,0.3296081150444368,0.008595298962423824,-0.321012816082013,0.9750223681820717,0.08578649716597453,-0.8892358710160971,2.036326864893406,0.3900656889674181,-1.646261175925988,4.865899530071005,14.826816109082083,0,0,1,0,1,0,0,0,1,0,0,1
3998852,67b42e20-8212-4890-b6f2-a838dbd8be73,2,56,2,Switzerland Women's,Ana-Maria Crnogorčević,Leila Wandeler,83.9,68.8,96,55.8,17.759787,17.44667159955322,0.26118692574291097,1.0242631446240944,0.7630762188811835,0.5606465498286123,1.4690694273500127,0.9084228775214004,1.0329557574401467,2.166889335882571,1.1339335784424243,4.314762090801904,0.5349156926380799,0,1,1,1,1,2,0,1,1,0,0,1
3998852,8fbadc86-ef7c-472c-ad45-e9ee502c3d62,2,56,13,WNT Finland,Saara Katariina Kosola,Joanna Tynnilä,29,7,23,3.9,6.7535176,-6.70104644046414,0.9945979812749037,0.5487659851086866,-0.44583199616621716,1.598730168353284,1.0085316798586732,-0.5901984884946108,2.2760025784951177,1.6070086135278916,-0.6689939649672261,1.4181613460651776,2.561826156224471,1,1,2,1,3,2,1,1,1,0,0,1
3998852,9423ff9f-02df-48b3-b54f-aef0567eecd2,2,56,14,WNT Finland,Joanna Tynnilä,Oona Sevenius,23.5,3.7,49.1,7.2,25.83815,24.982140571992048,0.5487659920179739,0.4263780287501068,-0.12238796326786716,1.0085316867053704,0.75287538283729,-0.25565630386808036,1.6070086199472642,1.275709250272908,-0.33129936967435625,2.561826113198649,2.7268650191534998,1,1,1,1,2,1,1,0,0,0,0,0
3998852,c4f3fac0-8a17-4240-8a67-67d2f360d104,2,56,18,WNT Finland,Oona Sevenius,Joanna Tynnilä,48.4,6.6,37.9,2.9,11.132834,-11.086307694793561,1.4848053602433577,0.24939062392033903,-1.2354147363230188,2.0994063153736877,0.8335018720368306,-1.2659044433368571,2.795847519422453,1.7152783967523326,-1.0805691226701202,1.3334849026112163,7.295547845879873,2,0,3,0,3,1,1,0,0,0,0,0
3998852,ccc28144-685d-4ddc-b621-b418865e85db,2,57,7,WNT Finland,Joanna Tynnilä,Eveliina Summanen,44.1,2.1,48,9.3,8.188406,6.564532959276633,0.6393632106557754,0.5529760953642922,-0.08638711529148324,1.1800670800529602,1.2653187927285483,0.08525171267558806,1.9016123059137675,2.1922782595919537,0.29066595367818615,2.2650148734796973,3.9549763612951034,1,0,1,1,2,3,0,0,1,0,0,1
3998852,96835c0c-282e-403a-8811-de9b85362b3a,2,57,18,WNT Finland,Olga Ahtinen,Joanna Tynnilä,36.9,34.7,35.1,10.9,23.86797,-6.479807303250567,0.41931302889459976,0.12920874097075713,-0.29010428792384263,0.8716320193302984,0.35795880984295575,-0.5136732094873426,1.5217941910087809,0.7612205333320069,-0.760573657676774,3.5894955098440295,6.326885841630099,0,0,1,0,2,1,1,0,1,0,0,1
3998852,e990be54-8180-4019-a634-f6123332de88,2,57,20,WNT Finland,Joanna Tynnilä,Eveliina Summanen,32.8,14.9,23.8,30,17.57868,-5.977789749824055,0.6062603002958706,0.05317269531206647,-0.5530876049838042,0.8420790493723701,0.2665082552243767,-0.5755707941479934,1.2281905452884587,0.7296072542523327,-0.498583291036126,1.570510555508096,10.095231264992547,1,0,1,0,1,0,1,0,1,0,0,1
3998852,1716178e-d8f2-4ca9-8fe0-2c3d194c1294,2,57,23,WNT Finland,Eveliina Summanen,Eva Nyström,24.1,30,20.8,37.4,8.1024685,-2.814099919279201,0.04282390183234119,0.015219353262965325,-0.027604548569375862,0.2540200605910939,0.12354109468844636,-0.13047896590264751,0.7544245709579154,0.45456544043940833,-0.29985913051850704,12.404732082674517,14.521845441010115,0,0,0,0,0,0,0,0,1,0,0,1
3998852,9f4ed948-c1ea-46bc-bc4c-092853f50b6b,2,57,26,WNT Finland,Eva Nyström,Eveliina Summanen,21.2,36.3,27.6,27.7,10.720075,5.654183214205318,0.01870480650380671,0.08392951525790254,0.06522470875409583,0.136622567749751,0.3131819269318762,0.17655935918212518,0.4752238513441716,0.7731598085273883,0.2979359571832167,13.491457334720527,7.902688314038281,0,0,0,0,0,1,0,0,1,0,0,1
3998852,e36860de-bfa6-4ca5-8579-ef9d8dba6d25,2,57,28,WNT Finland,Eveliina Summanen,Joanna Tynnilä,29.9,27.9,28.4,20.5,7.5504966,-2.7437472858862293,0.3260501821099242,0.022608372339989975,-0.30344180976993423,0.6082439093280609,0.13857806928112784,-0.4696658400469331,1.0483515939767358,0.4197544470641589,-0.628597146912577,3.4900775869853065,12.319988178734842,0,0,1,0,1,0,0,0,1,0,0,1
3998852,0ccee4e8-d49f-4d1f-9de8-b4777535d124,2,57,31,WNT Finland,Joanna Tynnilä,Eva Nyström,26.8,20.5,20.3,37.2,17.92038,-4.5211921803217905,0.019337803054489074,0.002832142194343774,-0.0165056608601453,0.13016875271112305,0.044854058494607794,-0.08531469421651525,0.43451684973767785,0.22712873208967843,-0.20738811764799941,12.582545354471478,19.076653239942594,0,0,0,0,0,0,0,0,1,0,0,1
3998852,88ec7c99-fb6a-4369-b5e6-6820aa9ebdc3,2,57,33,WNT Finland,Eva Nyström,Natalia Kuikka,22,35.1,33.2,64,30.994354,8.065552612507219,0.004683108747100719,0.03314887300706594,0.02846576425996522,0.05957039498302479,0.1640844619063935,0.1045140669233687,0.2798941602602709,0.48723363973405853,0.2073394794737876,17.062022883454564,10.43725278393055,0,0,0,0,0,0,0,0,1,0,0,1
3998852,d9878b91-08c8-446d-b02d-959753e94772,2,58,5,Switzerland Women's,Ana-Maria Crnogorčević,Géraldine Reuteler,22.5,76.4,41.3,72.5,19.20026,18.926519813280947,0.2831172616824821,0.6071542074645482,0.3240369457820661,0.5330974681791725,1.0370859791068134,0.503988510927641,0.8813650601970642,1.5527396372930635,0.6713745770959993,3.874408523741518,2.3267638005817552,0,1,1,1,1,2,0,1,1,0,0,1
3998852,3675edb9-6e47-41fd-9d89-31fea94f1afd,2,58,13,Switzerland Women's,Géraldine Reuteler,Iman Beney,77.8,66.4,91.7,73.5,15.608331,5.9238848125397965,0.3372510279704947,0.07154454465810807,-0.26570648331238667,0.8522977798623185,0.33566626797832305,-0.5166315118839955,1.55087390419993,0.8999230573867593,-0.6509508468131707,5.9922453864633365,9.218653866708348,0,0,0,0,3,0,0,0,0,0,0,0
3998852,62556392-cda6-4b42-b72d-106d3b0ba9c0,2,59,21,WNT Finland,Eva Nyström,Eveliina Summanen,19.3,45,35.1,41.5,16.183016,15.910804820029597,0.13693941558873596,0.28648091601240094,0.14954150042366499,0.39318271529506754,0.7250697354051676,0.3318870201101001,0.7935430002975158,1.4017471321156523,0.6082041318181365,6.640045720207766,4.452832196050862,0,0,0,1,1,1,0,0,1,0,0,1
3998852,803f962e-8a41-41fc-aa39-714575d7bf8a,2,59,23,WNT Finland,Eveliina Summanen,Sanni Maija Franssi,35.4,43.8,44.3,56,15.101324,7.312888683216684,0.4322059567980921,0.5231129783746702,0.0909070215765781,0.9331748854367592,0.9686489567950048,0.03547407135824565,1.6356974975916565,1.6297595470493704,-0.0059379505422860746,3.322661046306665,2.3570624710632275,0,1,1,1,1,1,0,0,1,0,0,1
3998852,5a33f39a-879f-4f32-9583-cb5b00850239,2,59,26,WNT Finland,Sanni Maija Franssi,Emma Wilhelmina Koivisto,58.1,61.8,60,78.7,17.00647,-5.771513999955204,0.757095361204759,0.03640436129509916,-0.7206909999096598,1.2681668322390935,0.19734492001601117,-1.0708219122230824,2.0916436265159666,0.61914857941693,-1.4724950470990366,1.465806216291888,10.52162007244296,1,0,1,0,2,0,0,0,1,0,0,1
3998852,e8a6a244-0105-4868-ad59-52893c873aac,2,59,32,WNT Finland,Emma Wilhelmina Koivisto,Oona Siren,62.5,77,74.7,53.5,26.478104,21.10699403110373,0.39524589387840525,0.9536561332933813,0.558410239414976,0.8910738385470682,1.478746170093036,0.5876723315459678,1.6331779411098128,2.323691086265744,0.6905131451559312,4.067331874443692,0.7128356687620038,0,1,1,1,2,2,0,1,0,0,0,0
3998852,dba4897c-72bf-4565-a2f9-cc16714a6ce8,2,60,32,WNT Finland,Oona Siren,Saara Katariina Kosola,99.3,73.7,104.8,78.7,7.4330344,-2.0282834409365122,1.1865617787243807,0.6708262852753896,-0.5157354934489912,1.7248090488265573,1.1519363749406497,-0.5728726738859076,2.4191127971607953,1.8344197895552332,-0.5846930076055621,0.6478644500614917,2.2700703049872515,1,1,2,1,3,2,1,0,1,0,0,1
3998852,bcf9fdd0-a217-4942-8c8c-a49abd151cc6,2,60,36,WNT Finland,Oona Siren,Saara Katariina Kosola,103.6,77.9,106,75.1,3.6878178,3.5071061570895097,1.2348341420543514,0.5835521394795558,-0.6512820025747956,1.6326809012950925,1.0072736814613013,-0.6254072198337912,2.1437591658604314,1.5658162312935078,-0.5779429345669236,1.237330955980138,2.6153502832079933,2,1,2,1,2,2,0,0,1,0,0,1
3998852,4b4adfe3-24cf-4e02-a821-0f93987e2e58,2,61,9,WNT Finland,Oona Siren,Sanni Maija Franssi,72.8,30.4,73.6,37.6,7.244308,1.7043508088280461,0.6221963586737663,0.3349126487648734,-0.2872837099088929,1.2729829117173463,1.0246920102185846,-0.24829090149876176,2.2272399763084794,2.1729997693858065,-0.05424020692267284,2.8305013281978786,5.030075436755122,1,0,1,0,2,1,0,0,0,0,0,0
3998852,23f5c67c-53e5-47ad-8d12-8bd7292007fe,2,61,15,Switzerland Women's,Sydney Schertenleib,Smilla Vallotto,55.3,32.2,56,4.3,27.90878,-8.11515312040872,0.7028625790298405,0.025724415532247198,-0.6771381634975933,1.4476276511121788,0.17915659162904546,-1.2684710594831334,2.5270888958081024,0.6188316277161786,-1.9082572680919236,2.4383744171443125,12.965966909462644,1,0,1,0,2,0,1,0,1,0,0,1
3998852,3b48df6f-a61d-4ff8-95cd-774d4a4a1cc9,2,61,24,Switzerland Women's,Smilla Vallotto,Leila Wandeler,83.8,5,91.5,3.5,7.8447433,4.044406356707768,0.01711415875778792,0.36509642904802614,0.3479822702902382,0.15217417602212363,0.7241581295023352,0.5719839534802116,0.5894467011821022,1.3143212709717926,0.7248745697896904,13.701726766636058,3.39008458964751,0,0,0,1,0,1,0,0,1,0,0,1
3998852,113efde7-b29a-4cf5-baa1-8a9eb7696054,2,61,31,Switzerland Women's,Leila Wandeler,Noelle Maritz,109.2,11.7,99.4,3.3,12.907362,-11.79546335671337,0.3794992524871306,0.06156859120576507,-0.31793066128136555,0.7875863311532789,0.30325776734289356,-0.48432856381038536,1.4582842141835077,0.8285549712930537,-0.6297292428904541,3.6360334676534816,10.131369854056066,0,0,1,0,2,0,0,0,0,0,0,0
3998852,b90d165d-5428-4fac-821b-9ea41a11e17e,2,62,2,WNT Finland,Emma Wilhelmina Koivisto,Natalia Kuikka,22.6,76.6,15.1,63.2,15.356106,-3.385260432213826,0.028251602365626755,0.15462277674057134,0.12637117437494458,0.18257027976264636,0.35761789161743723,0.17504761185479087,0.580212274527999,0.6786482876556746,0.09843601312767569,12.856045168636395,5.63890443877286,0,0,0,0,0,1,0,0,1,0,0,1
3998852,6dc96a8e-8ef6-437e-a5ba-5d9933a44266,2,62,4,WNT Finland,Natalia Kuikka,Emma Wilhelmina Koivisto,15.4,63,23,76.8,15.754364,3.352796791266158,0.5163244768219715,0.06452835397506539,-0.45179612284690607,0.7189799468042704,0.2723649795983194,-0.44661496720595095,1.009199514449233,0.6687259042214392,-0.34047361022779377,2.0049551836992765,9.262080386944865,1,0,1,0,1,0,0,0,0,0,0,0
3998852,090dd7ce-ff3e-48a8-9d96-2fb4752b9cb6,2,62,6,WNT Finland,Emma Wilhelmina Koivisto,Sanni Maija Franssi,23.8,76.6,41.1,77.3,17.314156,15.654597156575534,0.16698940512775626,0.752547540761209,0.5855581356334527,0.43495642290134207,1.1532301599476344,0.7182737370462924,0.8826923186559665,1.748977284301608,0.8662849656456415,5.645636144876731,1.2315478349608466,0,1,0,1,1,1,0,0,0,0,0,0
3998852,f3ffbe65-2c64-41bb-8d1a-8af907e9a241,2,62,10,Switzerland Women's,Smilla Vallotto,Noelle Maritz,85.1,2.8,78.7,3.3,6.4195013,-4.24182571819707,0.6976054469110785,0.16668155729573944,-0.5309238896153391,1.0460850079129314,0.4861834893800468,-0.5599015185328846,1.5508470494165516,1.0383684907164805,-0.5124785587000711,1.388981585209008,6.060437098878384,1,0,1,0,1,1,1,0,1,0,0,1
3998852,0ce6ff3b-9127-46da-99e6-5877ca81811a,2,62,12,Switzerland Women's,Noelle Maritz,Lia Wälti,79.1,3.1,77.4,8.4,5.565968,2.044830738561636,0.3035149041529567,0.2622823766826684,-0.04123252747028827,0.6765960905126356,0.7352106093758589,0.05861451886322333,1.2598331971201637,1.4401067818541597,0.18027358473399602,4.1035400740968875,6.059434025204839,0,0,1,0,1,1,0,0,1,0,0,1
3998852,0f156d12-09df-48c9-8e84-55b724dc298a,2,62,13,Switzerland Women's,Lia Wälti,Leila Wandeler,77.8,8,85,19.5,13.567977,12.399058751382348,0.5145570071988859,0.9636689255382008,0.44911191833931496,1.078436058110113,1.6005391665336552,0.5221031084235424,1.82254321910819,2.4580786037323303,0.6355353846241403,3.929678274654656,1.9893988854967881,0,2,1,2,2,2,1,1,1,0,0,1
3998852,4458e66b-bcb7-4d02-927b-30ee0a319c7b,2,62,15,Switzerland Women's,Leila Wandeler,Géraldine Reuteler,84.7,19.5,71.6,25.2,14.286357,-9.791423464157518,1.0832622865053858,0.08681395728688558,-0.9964483292185002,1.6373080737392567,0.4020679084602218,-1.235240165279035,2.3310463222748403,1.0681981847261661,-1.2628481375486742,1.3110485077007594,9.542728141933017,1,0,2,0,2,0,1,0,1,0,0,1
3998852,7e041eaf-7b38-4a76-8294-d132bad2af09,2,62,17,Switzerland Women's,Géraldine Reuteler,Ana-Maria Crnogorčević,70.6,27.2,73.7,69.4,42.31371,-3.8143297238424196,0.13314707813255486,0.028811283559602,-0.10433579457295286,0.5172568798730166,0.14611958052846163,-0.37113729934455497,1.2361042432702238,0.4598664079658903,-0.7762378353043335,8.050474267770023,10.790223868854627,0,0,0,0,0,0,0,0,1,0,0,1
3998852,51b39c32-63b6-43a7-aa01-a9240e49896c,2,62,22,Switzerland Women's,Ana-Maria Crnogorčević,Iman Beney,88.8,73.7,99.8,75.9,11.217843,4.732426194039498,0.3870904106151852,0.18875168365973385,-0.19833872695545132,0.6732631052602134,0.4937332321595468,-0.1795298731006666,1.0740367633411922,0.9174615970045371,-0.15657516633665514,3.074615297579367,6.973503668805861,0,0,1,0,1,2,0,0,1,0,1,1
3998852,1dbc2606-7ec2-45c1-bc4a-ae7ce1657f82,2,62,28,Switzerland Women's,Iman Beney,Lia Wälti,104.3,56.9,100.1,40.3,17.123083,3.1650316843386683,1.037700843020115,1.0714782209750375,0.03377737795492264,1.814983732386598,1.9785204712094893,0.16353673882289121,2.7773006373228935,3.232378328762575,0.4550776914396817,2.2227953603348003,1.8542906869087032,1,1,2,2,4,2,0,1,0,1,1,1
3998852,ec241882-0cda-4bde-80ba-465cb9100206,2,62,30,Switzerland Women's,Lia Wälti,Sydney Schertenleib,100.1,39.9,108.9,33.9,10.650822,7.2345495370642965,1.4557400399684808,1.192791080836663,-0.2629489591318177,2.340237352568274,2.009379534171164,-0.3308578183971096,3.5670142550822677,3.1724515554500234,-0.3945626996322442,0.4707875898746052,0.797306891061096,1,1,2,2,2,2,0,1,0,1,1,1
3998852,7f66fe4f-7ad6-4254-8c2e-8633d5854b0c,2,62,31,Switzerland Women's,Sydney Schertenleib,Smilla Vallotto,106.5,33.2,105,27.5,5.894065,-4.409738506155508,1.4162119877821944,0.28548821349362724,-1.1307237742885672,2.439172809045961,0.8713375164104813,-1.5678352926354797,3.7070189935656694,1.8870508548656058,-1.8199681387000637,1.4676955016879958,5.324671563766767,2,0,2,0,5,1,0,0,0,1,1,1
3998852,549805d8-c170-4f6e-b466-dfe6b03c2baf,2,62,55,WNT Finland,Olga Ahtinen,Sanni Maija Franssi,31.5,63,48,60.1,16.75291,16.686877702433065,0.47378995641142757,0.2533676679097756,-0.22042228850165196,0.8763171626050704,0.8514360688946268,-0.02488109371044367,1.4423206771354338,1.7677251009509267,0.32540442381549295,2.782966344810202,7.7386277164443,1,0,1,0,1,2,0,0,1,0,0,1
3998852,6076d141-4a08-4b84-99af-5bc3e6cde7ed,2,62,59,WNT Finland,Sanni Maija Franssi,Eva Nyström,49.5,52.7,40.6,37.4,17.700283,-7.80778976932794,0.9460769451311197,0.013029882940292198,-0.9330470621908276,1.5784784918797723,0.1360543798188966,-1.4424241120608756,2.367807136849015,0.5274501860406332,-1.8403569508083817,2.054388477517575,15.822642189650136,1,0,2,0,3,0,0,0,1,0,0,1
3998852,2c278408-5527-4dc2-947f-b352b685ae35,2,63,0,WNT Finland,Eva Nyström,Joanna Tynnilä,40.8,37.4,48.8,18,20.984756,4.721258955120987,0.013029880109882342,0.07504002711460588,0.062010147004723536,0.13605436265511217,0.30216171426741356,0.1661073516123014,0.5274501453559983,0.7574234218040006,0.22997327644800225,15.822642925129058,8.494730095170638,0,0,0,0,0,0,0,0,0,0,0,0
3998852,08af4fdd-2c10-47b9-9fee-23ae8ae12260,2,63,3,WNT Finland,Joanna Tynnilä,Saara Katariina Kosola,54.4,18.3,63.3,4.6,16.337074,2.2524739053651643,0.385774386453124,0.23747475409118834,-0.14829963236193566,0.7045939186549232,0.5150793939983502,-0.18951452465657292,1.202164178021224,0.9587416218495359,-0.24342255617168806,3.072693686026027,4.521121241034003,0,0,1,1,1,1,1,0,0,0,0,0
3998852,4d3dbae6-63a1-4149-b3fb-e15c59e4ac29,2,63,5,WNT Finland,Saara Katariina Kosola,Eveliina Summanen,63.3,4.6,73,19.6,17.86309,15.607158631287987,0.23747475409118834,0.41585665218167356,0.1783818980904852,0.5150793939983502,0.9244174005451801,0.40933800654682984,0.9587416218495359,1.7400035882184586,0.7812619663689226,4.521121241034003,3.5649074283631026,0,0,1,1,1,2,0,0,0,0,0,0
3998852,361564f2-796b-4ecc-a376-ea2d10baba85,2,63,10,Switzerland Women's,Viola Calligaris,Géraldine Reuteler,33,50.1,35.5,73.7,23.732046,-3.3878913073904613,0.21335191197512193,0.0264288096464735,-0.18692310232864842,0.6816096350960479,0.1781110596021665,-0.5034985754938814,1.4662220660234362,0.5640210727782492,-0.902200993245187,6.6247300900293755,13.320258545083032,0,0,0,0,1,0,0,0,1,0,0,1
3998852,cfb108fa-054c-4221-837b-2563510d4437,2,63,13,Switzerland Women's,Géraldine Reuteler,Leila Wandeler,38.6,74.5,56.2,59.3,23.255108,21.75402472102681,0.052685111359556704,0.24993856139637158,0.19725345003681488,0.2743940301057414,0.8380448376685966,0.5636508075628552,0.7593595502935367,1.794449416208354,1.0350898659148173,11.109261267866037,6.237759782996487,0,0,0,0,0,1,0,0,1,0,0,1
3998852,f9b32781-cfd6-4ea4-863d-19fc7591517c,2,63,17,Switzerland Women's,Leila Wandeler,Smilla Vallotto,55.7,52.4,55.3,35,17.404596,0.5918192592305047,0.7544182512121975,0.10743840617935192,-0.6469798450328456,1.362327299798224,0.5193191323519561,-0.8430081674462679,2.1869989646672336,1.3617616784185453,-0.8252372862486883,2.747690604182088,9.098806985318603,1,0,2,0,2,0,1,0,1,0,0,1
3998852,b4ad2fda-31d8-42b2-bd98-da2e1fce6e40,2,63,27,Switzerland Women's,Noelle Maritz,Julia Stierli,82.4,2.6,63.6,18.3,24.49347,-7.397341486883761,0.3666474487227483,0.12757106612443392,-0.23907638259831437,0.7367642636827325,0.39241972790995,-0.3443445357727825,1.32050439830442,0.9343128785472561,-0.3861915197571639,3.3616400050139177,6.4667510384437525,0,0,1,0,1,1,0,0,1,0,0,1
3998852,a28149fe-1c6f-4afa-8c98-4091670ea621,2,63,29,Switzerland Women's,Julia Stierli,Smilla Vallotto,63.6,18.3,70.8,5.8,14.425325,0.5115933862839555,0.23570782827096073,0.2611839233346416,0.025476095063680843,0.5445206933990923,0.7341946193552856,0.18967392595619337,1.1152271497950919,1.4661428661338232,0.3509157163387313,4.542634452385748,6.559771397752831,0,0,1,0,1,3,0,0,1,0,0,1
3998852,735c6885-ff6e-43c6-a228-5d2a0a48d541,2,63,31,Switzerland Women's,Smilla Vallotto,Lia Wälti,70.2,6.2,70.4,22.5,16.301228,7.590368896147318,0.5726511905739384,0.5088215622281433,-0.06382962834579509,1.1137727055638327,1.1690824067338776,0.05530970117004497,1.857399906242095,2.160358434806871,0.302958528564776,3.3149575421042043,3.4497484228952993,0,0,2,1,2,2,0,0,0,0,0,0
3998852,b8d747b6-3dad-4e29-91ea-eabb13efc56b,2,63,33,Switzerland Women's,Lia Wälti,Smilla Vallotto,70,21.7,67.7,4.9,16.956709,-9.742821419904999,0.9324527187848157,0.050111078974326914,-0.8823416398104889,1.615735568366305,0.3040690382346792,-1.311666530131626,2.546953720752282,0.9211817527770598,-1.6257719679752223,2.3293342369054355,11.977565042985521,2,0,2,0,2,0,0,0,0,0,0,0
3998852,f906619d-ddff-454a-af99-768cebd1ff57,2,63,35,Switzerland Women's,Smilla Vallotto,Noelle Maritz,68,4.9,82.8,2.2,15.044268,9.702922644357109,0.15263947901660108,0.32955811095924026,0.17691863194263918,0.5209064715855442,0.6984373206018929,0.17753084901634875,1.2284012697552293,1.274025511763739,0.04562424200850956,6.579262726166237,3.8708386642189843,0,0,0,1,1,1,0,1,0,0,0,0
3998852,891f461f-b25e-43c3-8e37-37e201b41bfd,2,64,1,Switzerland Women's,Noelle Maritz,Sydney Schertenleib,91.5,2.8,98.7,2.2,7.2249565,3.4743263043320667,0.6753139124985128,0.7695427934412526,0.09422888094273985,1.2881524151509096,1.3825806550886413,0.09442823993773164,2.124337639299559,2.147585793902075,0.023248154602515836,2.2512997588913897,2.7633016465717057,1,1,1,2,2,3,0,0,1,0,0,1
3998852,c88d76d0-0e76-4ff8-81bb-9f839e508fe5,2,64,6,Switzerland Women's,Sydney Schertenleib,Géraldine Reuteler,91.5,18.8,85.1,43.8,25.8062,0.414008653082675,0.7279145460699765,0.09179529925010345,-0.6361192468198731,1.6012827600454995,0.4238923386822985,-1.1773904213632012,2.7049231521791075,1.1825374925420942,-1.5223856596370133,3.254947024969343,8.23554959153983,0,0,1,0,3,0,0,0,1,0,0,1
3998852,cd84920c-bcaa-4b25-a9bf-182b769625b7,2,64,10,Switzerland Women's,Géraldine Reuteler,Sydney Schertenleib,91.3,43.1,95.8,32,11.977479,3.3788996941738354,0.6230116845278084,1.1178236670970243,0.4948119825692159,1.4316632793925401,2.018299762849283,0.586636483456743,2.6163873877877757,3.2835625818673484,0.6671751940795727,3.8972612367753725,0.8332499969292239,0,1,2,1,2,2,0,1,0,0,0,0
3998852,a908e7a4-3bd6-433f-9654-3bb47bfa9718,2,64,26,Switzerland Women's,Lia Wälti,Noelle Maritz,56.8,5.3,55.8,1.6,3.8327537,-2.7083083959891354,0.6112712198304304,0.5626178442194525,-0.048653375610977934,1.0690887181731366,1.0162341264292518,-0.05285459174388474,1.690472556468207,1.6293276917175716,-0.06114486475063541,2.122760795552774,2.410250165190037,1,1,1,1,2,2,0,0,0,0,0,0
3998852,c213d832-ca9b-40a4-92e2-bb7e6c988758,2,64,37,WNT Finland,Eveliina Summanen,Anna Koivunen,44.9,73.1,16,45,40.309055,-22.049299861269247,0.8914315937195281,0.00028390088056517667,-0.8911476928389629,1.406364822037047,0.010591194949239754,-1.3957736270878074,2.0575097074619424,0.08429995967733431,-1.973209747784608,1.486903300430256,26.337944323702395,1,0,2,0,3,0,1,0,1,0,0,1
3998852,ffce8f4b-7b04-4006-9e19-9905191e4955,2,64,41,WNT Finland,Anna Koivunen,Eva Nyström,16,44.8,24.9,33,14.780054,8.753434755654297,0.0009143839223590537,0.006044605334031313,0.0051302214116722596,0.019499850036356473,0.055907969851845755,0.03640811981548928,0.110053336511726,0.21990530465968258,0.10985196814795659,22.14961912255527,15.513529337504771,0,0,0,0,0,0,0,0,1,0,1,1
3998852,5ac8563d-a8a4-4f69-a7f5-be2025db2757,2,64,45,WNT Finland,Eva Nyström,Eveliina Summanen,28.2,37.4,42.9,50,19.361044,14.09100804606824,0.03439657720668762,0.5486929969469179,0.5142964197402302,0.16588089413294813,1.1057305890979923,0.9398496949650441,0.4692025239828298,1.8008634401469368,1.331660916164107,10.326149436924437,3.558817607104892,0,0,0,1,0,2,0,0,1,0,1,1
3998852,4c6fef90-18f1-4dc4-8c49-9e874335f553,2,65,17,WNT Finland,Eva Nyström,Eveliina Summanen,19.5,43.4,28,31.4,14.705441,8.156413746355241,0.04707247191492881,0.1548470070142745,0.1077745350993457,0.21769219934163114,0.4256493195771572,0.20795712023552604,0.5374929817125378,0.8244450384021258,0.286952056689588,10.869045179419029,6.009873809167725,0,0,0,0,0,1,0,0,1,0,0,1
3998852,1957b5f8-21a6-442d-a984-b28c5e86f3e0,2,65,19,WNT Finland,Eveliina Summanen,Eva Nyström,27.6,32,18.9,43.7,14.580124,-8.42200883333112,0.3868516247058301,0.025836239785297064,-0.36101538492053303,0.6741050532029778,0.15882950751703848,-0.5152755456859393,1.0417665107496874,0.4753668309899198,-0.5663996797597677,3.010528040689038,13.055824434468795,0,0,1,0,1,0,0,0,1,0,0,1
3998852,73cd3cfc-9d4e-4821-9756-ec1535b18788,2,65,21,WNT Finland,Eva Nyström,Olga Ahtinen,19.9,43.3,29.5,46.5,10.119288,9.42125567995744,0.05357554820700235,0.7197065578119765,0.6661310096049741,0.24810349739169246,1.1715637843343505,0.923460286942658,0.6329450330759403,1.6866219557190243,1.053676922643084,10.924008574882503,2.8649121970897804,0,1,0,2,0,2,0,0,1,0,0,1
3998852,07386669-ad4f-4dc8-8a01-c397cb1d0199,2,65,23,WNT Finland,Olga Ahtinen,Natalia Kuikka,27.6,46.9,30.7,68.4,21.72234,-1.0499852168205592,0.5264980089574324,0.05865377244134686,-0.46784423651608553,0.955499358806226,0.22663169708598807,-0.728867661720238,1.463745494844966,0.5610037023977567,-0.9027417924472093,3.867198520358995,8.754313951194757,0,0,2,0,2,0,0,0,1,0,0,1
3998852,59e31599-1f38-4908-81b2-208c768103c7,2,65,28,WNT Finland,Natalia Kuikka,Sanni Maija Franssi,55.3,77.2,70.1,63,20.510485,19.686445191118935,0.48935954812854043,0.26828250870796944,-0.221077039420571,0.9713080801641435,0.7160498797752903,-0.25525820038885316,1.6008988330893523,1.5241108402464156,-0.07678799284293669,3.7171940772900673,4.542163487666679,0,0,1,1,2,1,0,0,1,0,0,1
3998852,806b94f4-0aff-48fc-bc72-60c7df323ab9,2,65,37,Switzerland Women's,Lia Wälti,Noelle Maritz,27.4,1.6,15.3,2.8,12.159359,-10.86594386011204,0.7719566325221963,0.14384165503486826,-0.628114977487328,1.2433802739860633,0.4936822225522405,-0.7496980514338228,1.7985020219551988,1.0819716387234632,-0.7165303832317356,2.4363356582770215,7.4864671896362065,1,0,2,0,2,1,1,0,0,0,0,0
3998852,97c7ac0b-84c8-4cc9-b22b-ba1e69ad95e0,2,67,28,Switzerland Women's,Livia Peng,Viola Calligaris,14.9,30.8,17.6,45.4,14.847559,2.959611756264607,0.4779478783387661,0.05005758709500991,-0.4278902912437562,0.6930106175765346,0.20070766412974123,-0.49230295344679337,0.9935734613535322,0.5262130681021242,-0.467360393251408,2.247417353908055,9.128104795701558,1,0,1,0,1,0,0,0,1,0,0,1
3998852,1a7f4013-a2a8-40f0-8e7a-604634f02e41,2,67,31,Switzerland Women's,Viola Calligaris,Ana-Maria Crnogorčević,21.9,51.6,36.5,74.5,27.15824,8.436895032899713,0.16702232694218783,0.05278152343400052,-0.1142408035081873,0.4117352383455398,0.1895297737225393,-0.22220546462300053,0.8119098126176045,0.452005782849216,-0.35990402976838853,5.523798945866196,8.87757087722424,0,0,0,0,1,0,0,0,1,0,0,1
3998852,4a9e221c-299c-4991-a61e-527f0ae7654e,2,67,34,Switzerland Women's,Ana-Maria Crnogorčević,Iman Beney,36.6,75.6,52.5,75.2,15.90503,14.553515486480535,0.3124663859310135,0.7426454379344637,0.4301790520034502,0.5286400552957036,1.0034074567058808,0.47476740141017726,0.8097608597635785,1.4219921413266128,0.6122312815630343,3.5103482710874463,1.0705282772729476,0,1,1,1,1,1,1,1,1,0,0,1
3998852,8f34082d-6d0e-4a5d-b2ee-05621dd5504a,2,67,51,Switzerland Women's,Iman Beney,Géraldine Reuteler,68.3,42.5,64.1,47.7,6.68431,-4.667420432143643,1.143886460781926,0.48984199860521055,-0.6540444621767154,1.7016633381638413,1.0434026522073032,-0.6582606859565381,2.578038313707354,1.9112341299881135,-0.6668041837192407,0.36500622741331123,2.9272755895116234,1,1,1,1,3,1,0,0,1,0,0,1
3998852,70e3a06f-5111-4104-a759-ef0ceaa56f86,2,67,57,Switzerland Women's,Géraldine Reuteler,Viola Calligaris,63.4,40.3,56.2,55.3,16.63851,-9.008122029453403,0.28834031653939274,0.022270219692920385,-0.26607009684647237,0.8301603850265611,0.19157922391137105,-0.63858116111519,1.6982263185780675,0.6933358387768374,-1.0048904798012301,6.381232851693832,14.996256461501934,0,0,0,0,2,0,0,0,1,0,0,1
3998852,9855f38f-c7b5-4c44-8693-59d9b7b88ad0,2,68,5,Switzerland Women's,Viola Calligaris,Ana-Maria Crnogorčević,96.9,67.7,106.8,75.1,12.360016,-1.4320086503281928,0.7529351496662277,0.16730334605562433,-0.5856318036106033,1.3049609444704735,0.4736964917721871,-0.8312644526982864,2.113642655719641,0.9923573501510228,-1.121285305568618,1.7533145227139437,6.453521970368762,1,0,1,0,2,1,1,0,1,0,0,1
3998852,866993cd-5b41-47cd-9f89-7b97a858f1a6,2,68,51,Switzerland Women's,Viola Calligaris,Lia Wälti,92.1,23.3,98.9,28.1,8.323461,8.29178193677268,0.4518165011091314,0.5824149953371324,0.13059849422800096,1.003324296028589,1.609934867502757,0.6066105714741679,1.9470031388537636,3.052074757921737,1.1050716190679735,3.304053795361931,5.159583057345004,0,0,1,0,2,3,1,0,0,0,0,0
3998852,5873054b-b6be-4a99-8099-6a359fc2f78b,2,68,52,Switzerland Women's,Lia Wälti,Ana-Maria Crnogorčević,98.9,27,107.2,13.8,15.592627,-4.376300559614069,0.8413814225738774,0.2133754726523146,-0.6280059499215628,1.8742485972780156,0.6503750277271069,-1.2238735695509089,3.2583983325618764,1.4692252044526624,-1.789173128109214,3.4411487793352213,6.332999401237445,0,0,2,0,4,2,0,0,0,0,0,0
3998852,06365fea-cca4-42c3-b5c3-ad5a03c872a6,2,69,16,WNT Finland,Eva Nyström,Natalia Kuikka,19.9,44.6,24.5,61.8,17.804493,2.2490665536515735,0.04142055981370324,0.021012479780653903,-0.020408080033049336,0.19460890451483248,0.13702074199967157,-0.05758816251516091,0.5359189271041697,0.4340092044219583,-0.10190972268221138,10.043967633694791,12.49702757528697,0,0,0,0,0,0,0,0,1,0,0,1
3998852,db4a37fd-4c9b-4eba-ade1-051af569bc13,2,69,18,WNT Finland,Natalia Kuikka,Olga Ahtinen,27,63,37.9,78.7,19.112823,5.037899256477544,0.04858338532613438,0.04517004461210394,-0.0034133407140304398,0.21138640961713345,0.23439948241654845,0.023013072799415002,0.5715194332441057,0.6496822087582104,0.07816277551410467,9.428937374657655,10.72054281438541,0,0,0,0,0,0,0,0,1,0,0,1
3998852,13c8627e-c921-4d09-906f-b1a15356d201,2,69,22,WNT Finland,Olga Ahtinen,Eveliina Summanen,41.4,78.5,45.3,74,5.95483,5.448939241819687,0.4188364610720439,0.29471236360319886,-0.12412409746884506,0.8043083849142875,0.6976627461089525,-0.10664563880533495,1.3611941247604968,1.286597480145467,-0.0745966446150299,3.1224160075161502,4.576548721982587,0,0,1,1,1,1,0,0,1,0,0,1
3998852,429cddcd-cf61-41b2-a00c-67e821bd3cb4,2,69,23,WNT Finland,Eveliina Summanen,Emma Wilhelmina Koivisto,47.6,76.2,52.4,78.9,5.507268,2.952263629066394,1.1675112473249112,0.3609671959909909,-0.8065440513339203,1.742209649640775,0.9466906392153562,-0.7955190104254188,2.4090227569145495,1.7774196820098702,-0.6316030749046793,1.17186119432546,5.504959682026099,1,0,3,0,3,3,1,0,1,0,0,1
3998852,670b6cdd-d302-4bd5-916b-f4e15e61a398,2,70,52,WNT Finland,Natalia Kuikka,Eva Nyström,15.1,73.7,14.8,38.4,35.301273,4.968140173477494,0.059971534122856905,0.0012342950525238044,-0.058737239070333104,0.2019400888345206,0.027011280884886586,-0.17492880794963403,0.4764880060184109,0.1559402922678036,-0.3205477137506073,8.472668172161809,22.231531881848916,0,0,0,0,0,0,0,0,1,0,0,1
3998852,00310270-dd91-43ce-8a4d-0c6f49d25b16,2,70,58,WNT Finland,Eva Nyström,Joanna Tynnilä,35.1,30.7,39,6.2,24.808466,-2.3613978314134982,0.47809667008038853,0.06718220553760167,-0.41091446454278685,0.8402240527468792,0.255812395154037,-0.5844116575928422,1.3927215206406085,0.6292188449201676,-0.763502675720441,2.4708412853542474,8.506364661081792,1,0,1,0,1,0,0,0,1,0,0,1
3998852,3976887d-b676-46fb-afaa-88de8cff600f,2,71,4,WNT Finland,Joanna Tynnilä,Saara Katariina Kosola,57.7,19.2,68.1,2.5,19.673586,1.6503654656427358,0.5319204650948273,0.09889715916474309,-0.4330233059300842,1.3935316337358388,0.3933161769500114,-1.0002154567858272,2.597762545937476,1.0219403227656625,-1.5758222231718135,5.538246600290433,7.742371218289425,0,0,0,0,4,1,0,0,0,0,0,0
3998852,d9e3dc67-a8ea-41ae-8023-8ca4003e20e6,2,72,28,WNT Finland,Sanni Maija Franssi,Olga Ahtinen,94.1,19.2,85,21.3,9.339165,-6.464145947681928,1.565386776856756,0.4537872322526888,-1.1115995446040672,2.3826068576850177,0.8881572499761868,-1.4944496077088307,3.3565298085882316,1.669902292257107,-1.6866275163311246,0.9586728768841408,2.71881807135228,1,1,3,1,4,1,0,1,0,0,0,0
3998852,0ca49c1f-e94d-493b-afc9-9f81d0f4077b,2,72,40,Switzerland Women's,Leila Wandeler,Smilla Vallotto,102.8,65.3,107.9,34.3,31.416716,17.21762258668035,0.395339893062371,0.3508195947981476,-0.04452029826422338,0.8328504063717741,0.7699320120866104,-0.06291839428516366,1.378819564792385,1.3707008745722014,-0.008118690220183744,4.853192644710984,3.8678947617361157,0,0,1,1,2,1,0,0,0,1,1,1
3998852,1b3988bf-197c-4fa1-8f0c-3f6f78bb44b5,2,73,14,WNT Finland,Joanna Tynnilä,Sanni Maija Franssi,30.2,64.8,66,64.4,35.802235,33.904850488251306,0.06339439811506169,0.7669098197809496,0.703515421665888,0.2516464209449844,1.0051537399101762,0.7535073189651917,0.6474251258975993,1.4296200631118403,0.782194937214241,8.579262062171479,0.9089542282154793,0,1,0,1,0,1,0,0,1,0,0,1
3998852,cf57eaf0-039b-4209-af61-4248524abb03,2,73,16,WNT Finland,Sanni Maija Franssi,Natalia Kuikka,65.6,64.2,73.6,56.2,11.313708,10.393183469063686,0.7669087902051475,0.9425288089974393,0.17562001879229183,1.005152974540979,1.5053179066323765,0.5001649320913975,1.4296194329957694,2.301140499687257,0.8715210666914877,0.908958316364044,1.1468778721161077,1,1,1,1,1,2,1,1,1,0,0,1
3998852,f9377377-45d2-472f-84a0-54da68fc2f2f,2,73,20,WNT Finland,Natalia Kuikka,Emma Wilhelmina Koivisto,73.8,67.1,67.9,77.5,11.957006,-10.630720421512088,1.0743331399764104,0.18024400992352266,-0.8940891300528878,1.7666787448048529,0.4813004386702116,-1.2853783061346413,2.6215702748929908,1.0107051975822219,-1.610865077310769,1.6721790111587103,5.601831559906089,1,0,2,0,3,1,0,0,1,0,0,1
3998852,7f580cbe-1f10-4897-b330-4faad09e43e2,2,73,22,WNT Finland,Emma Wilhelmina Koivisto,Natalia Kuikka,69.9,77.3,85,77.3,15.1,11.310705140811237,0.4193997676573183,0.16211323001111647,-0.2572865376462018,0.7686442958305844,0.5350361661410366,-0.2336081296895478,1.3715132782033579,1.1674021212889854,-0.20411115691437254,2.835867535597733,7.49827855447855,1,0,1,0,1,1,0,1,1,0,0,1
3998852,44dcc838-cd5d-404d-afed-069bf688d15d,2,73,25,WNT Finland,Natalia Kuikka,Joanna Tynnilä,82.7,78.3,67.9,77.7,14.812158,-10.847459246600003,0.44893570526751736,0.3081007707647738,-0.14083493450274354,0.9123081258362684,0.6177875414551585,-0.29452058438110995,1.5803911222617202,1.1597138331890917,-0.42067728907262847,3.5609873399682734,3.6916682945431694,0,0,1,1,2,1,0,0,0,0,0,0
3998852,4b4080fa-1eb5-465d-b872-d8ac7d15c948,2,73,58,WNT Finland,Jutta Rantala,Oona Siren,51.3,59.9,47.6,53.9,7.0491133,-2.1981272109907763,0.9369961943268877,0.461812606932627,-0.47518358739426075,1.461959649702605,1.0419839734241128,-0.4199756762784923,2.180304634245954,1.8435371077182778,-0.33676752652767616,1.182299143440627,3.9644214156772994,1,0,2,1,2,2,0,0,0,0,0,0
3998852,9e6bbffc-d130-4f4e-9ba1-7a8dd03ab0e1,2,73,59,WNT Finland,Oona Siren,Saara Katariina Kosola,47.8,53.5,56,50.8,8.633076,8.54642292792174,0.4618127637397997,0.8655618238294882,0.4037490600896885,1.0419841437709534,1.4937708234781182,0.4517866797071648,1.8435372582363725,2.274990366835666,0.43145310859929364,3.9644199896860304,1.9910758075839297,0,1,1,1,2,3,0,1,0,0,0,0
3998852,1701ec31-963d-40aa-90db-fa0107925d8c,2,74,4,Switzerland Women's,Alayah Pilgrim,Noelle Maritz,64,27.8,56.2,6.8,22.401785,-14.60782221783419,1.3255324531111057,0.032381805760784727,-1.293150647350321,2.2216500373231,0.22950388372368827,-1.9921461535994118,3.2841794948760947,0.778653445343405,-2.5055260495326896,2.037962594162165,11.977036783337569,2,0,2,0,4,0,0,0,1,0,0,1
3998852,1d7df641-bfc5-4faf-a33e-add38be50fe3,2,74,7,Switzerland Women's,Noelle Maritz,Smilla Vallotto,60.3,4.1,82.4,1.8,22.21936,16.06238592803546,0.10479597946752191,0.03614871913805677,-0.06864726032946514,0.4023711485816658,0.1984964062301021,-0.2038747423515637,1.0179963267740249,0.6381299847179653,-0.3798663420560595,7.663160554253836,10.477456868204852,0,0,0,0,1,0,0,0,1,0,0,1
3998852,362dd710-da09-42cd-aa0d-12241cafd306,2,74,9,Switzerland Women's,Smilla Vallotto,Alayah Pilgrim,86.5,2,107.8,8,22.12894,16.41141647612507,0.1425185357267822,0.9462121539868085,0.8036936182600263,0.40713350493416633,1.2705651011266614,0.8634315961924951,0.9206631681837607,1.626450167932047,0.7057869997482864,6.076480385481138,1.1407605682088418,0,1,0,2,1,2,0,1,1,0,0,1
3998852,c4e778a0-4742-4b6a-a64f-4938b887231f,2,74,22,Switzerland Women's,Lia Wälti,Smilla Vallotto,79.3,1.4,83.4,4.9,5.390733,5.382576203425252,0.9844329016471994,1.3966694134683817,0.41223651182118226,1.4367867673417685,2.003942672571048,0.5671559052292796,2.1289193159018307,2.767849890159391,0.6389305742575604,0.6258790241744713,0.4786663080585109,1,1,1,3,2,3,1,0,1,0,0,1
3998852,63919b7d-bece-44d7-8642-56a363031cb8,2,74,25,Switzerland Women's,Smilla Vallotto,Julia Stierli,76.8,2.9,63.8,2.2,13.018832,-10.785190829167682,0.5679122681624016,0.02801673217506531,-0.5398955359873363,1.212840217421939,0.18659811278166044,-1.0262421046402785,2.102370079024259,0.639085997090168,-1.4632840819340913,3.2004595571831618,12.103215334475323,0,0,1,0,2,0,0,0,1,0,0,1
3998852,b6898f2d-7445-49b0-970a-c03b5f08cebe,2,74,27,Switzerland Women's,Julia Stierli,Smilla Vallotto,63.8,2.2,83,1.2,19.226025,14.115657639036463,0.1013745686594461,0.42486915118552776,0.32349458252608165,0.3548257571336415,0.856312522693581,0.5014867655599395,0.8983813846242094,1.5607896162946158,0.6624082316704064,7.305518440924154,3.010824404540203,0,0,0,1,1,1,0,1,1,0,0,1
3998852,4d19e3b3-620c-4322-8ecc-8416074f4ba5,2,74,45,Switzerland Women's,Alayah Pilgrim,Géraldine Reuteler,110.5,11.3,104.9,8.5,6.26099,-4.700779496469032,0.7208467100633387,0.703387742626669,-0.017458967436669637,1.4281857707021741,1.3528552294503398,-0.07533054125183436,2.336208419428827,2.163787106542263,-0.1724213128865637,2.657631813113269,3.29904431713108,1,0,1,2,3,2,0,0,1,0,1,1
3998852,cc7c4cae-252d-4712-a8a0-9a3831a8f672,2,74,47,Switzerland Women's,Géraldine Reuteler,Noelle Maritz,99.3,3.3,87.7,2.4,11.634861,-7.433380884445469,0.2991710682672233,0.022894391708405695,-0.2762766765588176,0.7824342634089765,0.1916410511043536,-0.5907932123046229,1.4933901470040234,0.6887240918567537,-0.8046660551472697,5.578505687093576,14.39205008911835,0,0,0,0,2,0,0,0,1,0,1,1
3998852,2bcd2536-8e99-4a31-b0b0-f3ebbdf760a3,2,74,49,Switzerland Women's,Noelle Maritz,Géraldine Reuteler,88.4,2.4,96,1.4,7.6655073,3.6625416800328523,0.07336797083885892,0.07221445994176687,-0.00115351089709205,0.37280566591129766,0.3516115761434043,-0.02119408976789333,1.014049355550385,0.9440168373470793,-0.07003251820330558,10.356569916505771,10.050960608741295,0,0,0,0,0,0,0,0,1,1,1,1
3998852,f6feaaa7-a787-42ab-8a94-a68f071d862a,2,74,50,Switzerland Women's,Géraldine Reuteler,Alayah Pilgrim,95.2,1.8,98.1,13,11.569356,10.779195507995425,0.12641440519827915,0.6863852650618174,0.5599708598635382,0.42593199787729347,1.3742761401173091,0.9483441422400156,1.0071560207168386,2.317769797027953,1.3106137763111145,6.786628756352369,2.583785997854396,0,1,0,1,1,3,0,0,0,1,1,1
3998852,8d47e696-edf1-46c6-8dc2-a74c76fdfade,2,75,19,WNT Finland,Eva Nyström,Joanna Tynnilä,28.6,42.3,28,60.6,18.309834,-2.849165108517923,0.3019628715914019,0.04112110631989298,-0.26084176527150893,0.6025136012401976,0.20884290786269397,-0.3936706933775036,1.0539302893391131,0.6000314222328922,-0.45389886710622096,3.8760476080158335,10.120831054665445,0,0,1,0,1,0,0,0,1,0,0,1
3998852,b9e5b15d-047d-4526-9dd5-3683231a6e13,2,75,21,WNT Finland,Joanna Tynnilä,Eva Nyström,31.1,62,27.6,43.3,19.024721,-0.8771976441814076,0.08031552628083691,0.022804430178337932,-0.05751109610249898,0.2973547662529596,0.14951856459815746,-0.14783620165480213,0.7296342910685216,0.49079377963702897,-0.23884051143149265,7.969630599788905,12.681980771641074,0,0,0,0,1,0,0,0,1,0,0,1
3998852,380acdd3-9ef7-42f9-b717-ef45ef06bf6e,2,75,30,WNT Finland,Eva Nyström,Saara Katariina Kosola,42.6,29.5,63.7,15.9,25.103188,16.86763643747061,0.6082470063474944,0.51795962986239,-0.09028737648510443,1.0594024724808484,1.0461863958702937,-0.013216076610554683,1.6864352295513516,1.8107411679809826,0.124305938429631,2.2763350368069393,3.075259614274507,1,0,1,1,2,2,1,0,1,0,0,1
3998852,10928d0a-5abb-430a-9c0d-5cb50bcd324f,2,75,39,WNT Finland,Sanni Maija Franssi,Oona Siren,84.6,10.5,79,27.3,17.708755,3.158567258774056,0.8360366945497804,0.14624110123861378,-0.6897955933111666,1.4392286254754902,0.59736497575723,-0.8418636497182602,2.1390074184203116,1.4347406178161535,-0.7042668006041581,2.386985426731694,8.218036900481493,1,0,2,0,3,0,0,0,0,0,0,0
3998852,7c8ca504-92f4-4bf9-a45a-13920ed1ecf6,2,75,55,Switzerland Women's,Noelle Maritz,Julia Stierli,28.3,3.1,15.7,17.3,18.984203,-7.895811158860283,0.2869635661748078,0.05363969173550624,-0.23332387443930153,0.530616240217608,0.2595674515266831,-0.2710487886909249,0.9269123004472594,0.7067936250953435,-0.22011867535191587,3.7918698492382026,10.054606958558617,0,0,1,0,1,0,0,0,0,0,0,0
3998852,3f3a7206-00ca-4dc5-8748-344b6de035e4,2,75,58,Switzerland Women's,Julia Stierli,Lia Wälti,15.7,17.3,27.1,17.9,11.415778,11.249137931845326,0.2109676212991728,0.5133547848738934,0.3023871635747206,0.5604239936809481,1.073158302671562,0.512734308990614,1.1189990556866345,1.79681455907242,0.6778155033857856,5.30536557421452,3.295763864145922,0,0,0,1,1,3,0,0,0,0,0,0
3998852,7a6ffee8-40ce-4272-8162-f699b9431868,2,75,59,Switzerland Women's,Lia Wälti,Noelle Maritz,27.4,17.9,30.3,1.8,16.359095,-2.2945991664667815,0.513354779720378,0.20628195014413078,-0.30707282957624726,1.0731582933866552,0.47134957498770513,-0.6018087183989501,1.7968145496778098,0.9170125111736342,-0.8798020385041756,3.295763877592251,4.896645065000193,0,0,1,1,3,1,0,0,0,0,0,0
3998852,efe816ac-6d49-4e14-bf40-daa352835698,2,76,3,WNT Finland,Natalia Kuikka,Sanni Maija Franssi,91.9,78.1,102.2,55,25.292292,24.064068206967523,0.7394511749371,0.3511582167637712,-0.3882929581733288,1.321285974932765,0.8214193447332565,-0.4998666301995085,1.9499478988615495,1.5581905393274231,-0.3917573595341264,3.237382195422842,4.030819143328994,0,0,2,1,3,1,1,0,1,0,0,1
3998852,4a46196e-b027-44cf-a2a9-9b7061c3cd91,2,79,41,Switzerland Women's,Noelle Maritz,Smilla Vallotto,77.5,14,84.2,2.8,13.051054,-1.8061030062679961,0.4259226413663896,0.19494266030884635,-0.23097998105754322,1.0024080058187066,0.5423585330879463,-0.46004947273076024,1.9313301296585634,1.2008070572064506,-0.7305230724521128,3.4756253143726625,5.38283108033813,0,0,1,0,1,1,0,0,1,0,0,1
3998852,1a9489f9-4bad-4d74-8990-18f864d3969f,2,79,45,Switzerland Women's,Smilla Vallotto,Géraldine Reuteler,84.3,3.1,70.8,29.3,29.473547,0.9928899858772908,0.40270708528336974,0.1354096836934308,-0.267297401589939,0.8935896097419025,0.4661333231156719,-0.4274562866262306,1.6616388541343505,1.1363823834239435,-0.525256470710407,3.513648409261419,6.760434932440988,0,0,1,0,1,1,0,0,1,0,0,1
3998852,6bd84f87-1a72-45cb-89c4-73d0a81936f2,2,79,48,Switzerland Women's,Géraldine Reuteler,Ana-Maria Crnogorčević,69.4,37.2,72.5,66,28.96636,-3.4728427822347143,0.4748119134390877,0.16738172075851862,-0.30743019268056904,0.9198087885491026,0.4128098471707092,-0.5069989413783935,1.6475514775400348,0.8663314197901508,-0.781220057749884,2.719473138431265,5.500830559037333,1,0,1,0,1,1,0,0,1,0,0,1
3998852,95e3f4ae-0ae5-4e17-bd08-970102f5785b,2,79,50,Switzerland Women's,Ana-Maria Crnogorčević,Viola Calligaris,71.6,65.6,63,53.3,15.008331,-3.777838100003251,0.3383591134542801,0.13817585180556527,-0.20018326164871483,0.6195752893013455,0.5036277374562703,-0.11594755184507521,1.0985114754047411,1.1745752282892599,0.07606375288451872,3.36610437601159,7.345864417465701,0,0,1,0,1,1,0,0,1,0,0,1
3998852,397666cb-0343-429d-9bb1-ddee9372df9a,2,79,53,Switzerland Women's,Viola Calligaris,Ana-Maria Crnogorčević,71,59.2,65.2,69.1,11.473884,-9.419790178400724,0.731619967874411,0.20463626389542236,-0.5269837039789886,1.2358713315997707,0.5484727206459391,-0.6873986109538316,2.0042052675861135,1.1576392706497498,-0.8465659969363637,1.6268267533565448,5.447461475465924,1,0,1,0,2,1,1,0,0,0,0,0
3998852,b9577b50-a7aa-4261-9d91-05cf1f45c651,2,80,21,Switzerland Women's,Leila Wandeler,Lia Wälti,117.5,57,99.1,22.5,39.1,-10.076286634477466,0.9194425958614106,0.623868237083454,-0.2955743587779567,1.5323281118625585,0.8953291962429789,-0.6369989156195796,2.4210944600049253,1.43072554334523,-0.9903689166596954,1.2995470944176544,1.4972551168793016,1,1,2,1,2,1,1,1,1,0,0,1
3998852,9a829c48-148e-41ea-bee6-8708000a7ed4,2,80,26,Switzerland Women's,Lia Wälti,Noelle Maritz,92.9,17.5,83.8,20.2,9.492102,-6.038115866439277,0.5808253255533253,0.0817482533441679,-0.4990770722091574,0.8492497682028008,0.3533599391811087,-0.49588982902169215,1.3445933529943142,0.9466686297683461,-0.39792472322596806,1.7052694815675813,8.962971534106067,1,0,1,0,1,0,0,0,1,0,0,1
3998852,4e19a40a-b560-4001-9122-0db05fd12145,2,80,29,Switzerland Women's,Noelle Maritz,Lia Wälti,85,19.2,98.5,3.5,20.706038,-1.647413846983028,0.27297934073881497,0.08332006134044619,-0.1896592793983688,0.7092038070800428,0.3273421290212504,-0.3818616780587924,1.4438836277040672,0.8587388930398286,-0.5851447346642386,4.643871161566244,8.045813182146794,0,0,1,0,1,0,0,0,0,0,0,0
3998852,79158388-c6e5-42c4-8919-008aba237c6d,2,81,27,WNT Finland,Oona Siren,Nea Lehtola,65.5,45.9,73.8,27,20.642189,6.824261246455457,0.49798093440880686,0.06872686705344119,-0.42925406735536564,1.1076107600443963,0.36430421214297004,-0.7433065479014263,1.932314569055228,1.0505338408779075,-0.8817807281773204,3.6621578207549406,10.41263120525051,0,0,1,0,2,0,0,0,0,0,0,0
3998852,4dd1d219-9967-424e-a34c-fa6fe23612a4,2,82,4,Switzerland Women's,Viola Calligaris,Noelle Maritz,30,54.1,42.5,29.1,27.95085,12.835042046371811,0.007959368536395943,0.0053397079694114625,-0.0026196605669844804,0.05915036203936849,0.07559943238336887,0.01644907034400038,0.2158283301748865,0.3870159314070556,0.17118760123216908,14.522877458761203,17.625492008111536,0,0,0,0,0,0,0,0,1,0,0,1
3998852,6d560b95-79a7-4dd1-8204-9cbbeb88a87e,2,82,8,Switzerland Women's,Noelle Maritz,Smilla Vallotto,48.6,26.4,58.8,2.6,25.89363,0.9606197367900933,0.09257176701556137,0.018504911236282548,-0.07406685577927882,0.32092307299160533,0.13422118986849843,-0.1867018831231069,0.8286875710994915,0.47651144353525365,-0.3521761275642379,7.418267481531381,13.50155003309348,0,0,0,0,1,0,0,0,1,0,0,1
3998852,78992e5a-86f3-479d-aec8-58d78ea684e1,2,82,12,Switzerland Women's,Smilla Vallotto,Lia Wälti,64.8,2.2,67.5,18.1,16.127617,10.017397841253988,0.5430331222039934,0.6955000545868664,0.152466932382873,0.9711650022288847,1.3455064560501073,0.37434145382122264,1.5515139005141039,2.3125414346480864,0.7610275341339825,2.9973689414167803,2.1812024700206396,1,1,1,1,2,2,0,1,1,0,0,1
3998852,c0516022-249b-4395-a17e-9c9778bca094,2,82,16,Switzerland Women's,Lia Wälti,Leila Wandeler,68.8,21.2,77.9,24.1,9.550916,9.540016145833363,1.2592274307194173,1.3408244513536647,0.08159702063424734,1.9893508485982558,2.284491325815244,0.29514047721698833,2.977692410462162,3.4557276696986494,0.4780352592364876,1.257166555522299,1.0938932326920316,2,1,2,2,3,4,1,1,1,0,1,1
3998852,34ec38d1-c487-4f36-b073-7b7433a8b35a,2,82,17,Switzerland Women's,Leila Wandeler,Riola Xhemaili,77.9,23.3,78.3,31.6,8.309633,2.7536491143838617,1.3408246893786848,0.9656719688869801,-0.37515272049170467,2.284491482405917,1.8903849324812836,-0.39410654992463345,3.455727775577236,3.146685776586875,-0.3090419989903612,1.093892132979578,2.0622896559182995,1,1,2,2,4,3,1,0,1,0,1,1
3998852,49458da2-b156-46e9-8046-b350c86e6b90,2,82,20,Switzerland Women's,Riola Xhemaili,Alisha Lehmann,77,38,93.3,68.3,34.406105,4.13916071172212,0.43488537234221963,0.0063903614402268,-0.4284950109019928,1.1477180487644563,0.06040715061659884,-1.0873108981478574,2.2496424055176374,0.28220800039889365,-1.9674344051187438,4.723120862035185,15.300117226507963,0,0,1,0,2,0,0,0,1,0,1,1
3998852,89a4d216-fe0f-403e-8637-ca14f0bc522e,2,82,30,Switzerland Women's,Noelle Maritz,Lia Wälti,83.5,33,90.9,23.1,12.360016,3.5137231624827336,0.2149591967883536,0.3376427258363727,0.12268352904801913,0.6024983069413401,1.0111646338883684,0.4086663269470283,1.396625508610524,2.1150847129891304,0.7184592043786064,5.082776915442616,5.486662602478381,0,0,0,0,1,2,0,0,1,0,0,1
3998852,5a76f541-af9a-4d17-88e6-c8349fe8e969,2,82,32,Switzerland Women's,Lia Wälti,Smilla Vallotto,90.9,22.7,98.7,18.1,9.055386,3.304139634438201,0.7767668332191152,0.3040200208212615,-0.4727468123978537,1.542764527583589,0.7681563561050119,-0.7746081714785772,2.6587903430920306,1.617333001906809,-1.0414573411852215,2.1027040504200385,4.210218308848526,1,0,1,1,2,1,0,0,1,0,0,1
3998852,445274b3-6581-4edd-ae18-8f59c45b8e44,2,82,37,Switzerland Women's,Smilla Vallotto,Alayah Pilgrim,98.7,16.5,107.4,4.5,14.821943,-5.953191946196998,0.814286378023859,0.1607021042166731,-0.6535842738071859,1.4098042887813365,0.4149314732131647,-0.9948728155681718,2.2553428232202775,0.8974966440787625,-1.3578461791415148,1.8083518940059855,5.659457270948965,1,0,2,0,2,1,0,0,0,0,0,0
3998852,efa08eb4-c2e0-427c-9639-413e98c6b668,2,84,3,Switzerland Women's,Viola Calligaris,Ana-Maria Crnogorčević,55.7,42.5,56.2,55.8,13.309395,-1.378733520464209,0.06869683026810933,0.2246769981897483,0.15598016792163896,0.32743896434677106,0.4881441499254484,0.16070518557867736,0.9283699872858778,0.9099520879070514,-0.01841789937882643,8.980068089418292,4.676256977385575,0,0,0,1,0,1,0,0,1,0,0,1
3998852,9da8a51a-73e9-40ad-bed8-db33805e34a0,2,84,7,Switzerland Women's,Ana-Maria Crnogorčević,Viola Calligaris,56,53.7,44.2,47.1,13.520355,-10.681889114137064,0.5423115085013946,0.10172382693858381,-0.4405876815628108,1.1215153916595093,0.39462473682823773,-0.7268906548312716,1.9023087882566698,0.9699849373371019,-0.9323238509195679,3.977888180600675,8.33097835228829,0,0,1,0,3,0,0,0,1,0,0,1
3998852,81286d9e-67ad-493c-ab2d-7d011558ca53,2,84,10,Switzerland Women's,Viola Calligaris,Noelle Maritz,40.9,35.9,44.6,12.4,23.789494,-1.086527861868987,0.03351143213375368,0.19027172688210658,0.1567602947483529,0.17247477907328704,0.4956318078916467,0.3231570288183596,0.5252922474109148,1.0487667897372182,0.5234745423263033,10.45541261765039,5.333867088127952,0,0,0,0,0,1,0,0,1,0,0,1
3998852,cc3f2817-a35a-4b7d-8c58-15507bf394dd,2,84,18,Switzerland Women's,Ana-Maria Crnogorčević,Géraldine Reuteler,28.3,52,39.1,55.4,11.322544,10.129119037936633,0.3469059854539096,0.29414136639573035,-0.05276461905817925,0.6902581018485784,0.711694624954238,0.021436523105659577,1.1536528713011238,1.2685413870782727,0.11488851577714887,3.6925104153454114,4.981889109644089,0,0,1,1,1,2,1,0,0,0,0,0
3998852,b3a63912-e07a-4e43-b3ff-627c88d5e954,2,84,20,Switzerland Women's,Géraldine Reuteler,Leila Wandeler,38.6,64,60.5,62.2,21.973848,21.35774853845308,0.4922267227797262,0.8427938183526905,0.35056709557296434,0.888082676156781,1.1958145042150254,0.3077318280582444,1.4249877944772043,1.847873975875497,0.4228861813982927,2.765890735039674,0.8066272010661774,1,1,1,1,2,1,0,1,0,0,0,0
3998852,ac6afb01-69bf-4f98-87e5-50ffee58b1ee,2,84,24,WNT Finland,Joanna Tynnilä,Olga Ahtinen,56.7,12.8,65.5,17.1,9.794386,9.780867236495048,0.42608491892705286,0.324213501735271,-0.10187141719178183,0.896826585933712,0.8988388543780842,0.0020122684443721894,1.5103655476729259,1.7536202154808551,0.24325466780792926,3.7348931613683614,5.263754152655353,0,0,1,0,2,1,1,0,1,0,0,1
3998852,edab2d3d-fba1-4416-bcbe-9b6e2a876f23,2,84,25,WNT Finland,Olga Ahtinen,Oona Siren,65.5,17.5,56.5,24.8,11.588356,-6.33202206435891,0.595162868709747,0.37850172255116943,-0.21666114615857757,1.283506341719267,0.9624162269190096,-0.3210901148002573,2.1737743367977496,1.8384292981729715,-0.33534503862477805,3.5994563666083317,4.422370015236474,0,0,1,1,3,2,1,0,1,0,0,1
3998852,c0bf84c7-3f21-44e0-9a24-bd5f631093b2,2,84,27,WNT Finland,Oona Siren,Maaria Roth,56,24.8,36.2,14,22.553936,-21.96051430454399,0.5510753396855554,0.0344343796871774,-0.516640959998378,1.132589932495079,0.20289641735215697,-0.929693515142922,1.985244783543288,0.6000700696702279,-1.3851747138730601,2.7668948324948843,11.801301884078725,1,0,1,0,2,0,1,0,0,0,0,0
3998852,5fb7bb12-cf97-4380-a9b9-a024ea18176d,2,84,30,WNT Finland,Maaria Roth,Anna Koivunen,33.8,21.5,18.1,40.7,24.801815,-13.739543628202782,0.04459100906472765,0.009570226422415038,-0.035020782642312606,0.23149244769330635,0.08106519718671873,-0.15042725050658762,0.648169057307705,0.2965662946121886,-0.35160276269551644,10.479614596937402,14.63158659211274,0,0,0,0,0,0,0,0,1,0,0,1
3998852,9425ecd3-8bcf-4646-9926-beb11b465cee,2,84,43,Switzerland Women's,Noelle Maritz,Smilla Vallotto,20.2,2.8,34.2,1.8,14.035668,12.588112274295142,0.30335434687884716,0.2917774478580243,-0.011576899020822873,0.5960099245144485,0.6634275809159553,0.06741765640150688,0.9625681274786947,1.172870062165069,0.21030193468637426,3.9214997253779478,4.584989399005337,0,0,1,1,1,1,0,1,0,0,0,0
3998852,33664fd8-5488-4cf7-801e-02f807236abc,2,85,39,Switzerland Women's,Lia Wälti,Ana-Maria Crnogorčević,78.7,59.7,79.5,74.5,14.821606,-7.444602694752213,0.2911910814469992,0.05570367886274567,-0.2354874025842535,0.6849501760680275,0.2688747300834236,-0.41607544598460394,1.4110478408223925,0.7563828987630951,-0.6546649420592975,4.152959881797971,10.665368302699925,0,0,1,0,1,0,0,0,1,0,0,1
3998852,150265c3-3110-446d-b002-42050b635fe3,2,85,56,Switzerland Women's,Alayah Pilgrim,Leila Wandeler,100.6,63.2,93.8,67.1,7.839005,-7.451809598823996,1.9541542300387371,0.6553724227737711,-1.298781807264966,2.847681117997233,1.5604412711752413,-1.2872398468219917,3.8750822930928326,2.7799577574885967,-1.0951245356042358,1.655775856576153,4.47863605274812,4,0,4,1,4,3,1,0,1,0,0,1
3998852,375253c5-078c-4fa3-86de-a09254c4e3ea,2,85,58,Switzerland Women's,Leila Wandeler,Ana-Maria Crnogorčević,92.5,67.7,94.1,76.6,9.042677,-5.8045992568388485,0.8165171321281783,0.08928723257598582,-0.7272298995521925,1.704058122818097,0.4068502150048233,-1.2972079078132737,2.8810588594035726,1.0984768269534269,-1.7825820324501458,2.7914256685283023,8.727847483744775,1,0,1,0,3,0,0,0,1,0,0,1
3998852,5f4c2465-2693-4cfe-8f7a-a040c70362b9,2,86,0,Switzerland Women's,Ana-Maria Crnogorčević,Alayah Pilgrim,97.9,75.9,111.3,72.4,13.849548,8.60935999016197,0.13940609046430574,0.4857796167577119,0.3463735262934062,0.44094836959069017,0.9408722558180542,0.49992388622736406,1.0135342522430706,1.5275847066869512,0.5140504544438806,6.478601514836527,3.6767193307572468,0,0,0,1,1,2,0,1,1,0,0,1
3998852,fae1c263-5788-492c-9932-a62bd4e68612,2,86,3,Switzerland Women's,Alayah Pilgrim,Leila Wandeler,117.7,73.3,110.5,49.3,25.056736,20.0849752181894,0.7214656840243496,0.8098840698873044,0.08841838586295481,1.040428651687509,1.7450432583157827,0.7046146066282737,1.515977573157166,3.017643995328471,1.5016664221713047,1.3053602506561062,2.5912215783346064,1,1,1,1,1,3,0,1,1,0,0,1
3998852,4d98b3b6-281f-4687-85fb-b28a6d4e6fb6,2,86,12,WNT Finland,Joanna Tynnilä,Jutta Rantala,2.8,7.6,36.9,4.6,34.231712,31.270142663427208,0.6374689050409685,0.19288673645047405,-0.4445821685904945,0.8251221994793372,0.5133055773523496,-0.3118166221269876,1.1432345383187017,0.9788816086096506,-0.16435292970905113,1.3717323147249683,6.655323908240994,1,0,1,0,1,2,0,0,0,0,0,0
3998852,1782b670-073d-4f9a-b195-0e430557e3df,2,86,28,Switzerland Women's,Viola Calligaris,Géraldine Reuteler,50.6,69.6,55.3,51.6,18.603495,9.717139147933679,0.008517166408416555,0.043762423042900504,0.03524525663448395,0.09273481202523454,0.25560044041803814,0.1628656283928036,0.3900546894676982,0.7881126480380051,0.39805795857030685,15.747961550791842,10.68131795253267,0,0,0,0,0,0,0,0,1,0,0,1
3998852,3c098897-aa43-4996-aeab-28c15455e448,2,86,32,Switzerland Women's,Géraldine Reuteler,Smilla Vallotto,56.6,42.7,69.6,19.2,26.856098,8.93407659335746,0.12345408894902553,0.8408633788414258,0.7174092898924003,0.45531413465094533,1.2340451918445363,0.778731057193591,1.1440949346595795,1.8241015841215853,0.6800066494620058,7.065521868086628,1.2510428128363082,0,1,0,1,1,2,0,1,1,0,0,1
3998852,0a56c8ec-c637-4235-9605-696524174dad,2,86,35,Switzerland Women's,Smilla Vallotto,Noelle Maritz,68.7,18.4,57,13.6,12.646343,-12.645906694350067,1.011930955754439,0.1486809820388774,-0.8632499737155616,1.4228053801015597,0.43704383552397963,-0.98576154457758,2.02379246913919,0.9955358663107736,-1.0282566028284164,1.0389128926219477,6.103297033512219,1,0,2,0,2,1,0,0,1,0,0,1
3998852,6029b915-5980-4fc5-9ee8-4dd5c5267e9a,2,86,37,Switzerland Women's,Noelle Maritz,Lia Wälti,57,13.8,65.6,26.8,15.587174,12.25221751371435,0.19112138861870095,0.8376059377158354,0.6464845490971344,0.5036774371131646,1.476572645232404,0.9728952081192394,1.0893190751777724,2.3853188723209424,1.29599979714317,5.282428079352316,1.9736938478779482,0,1,0,2,1,2,0,1,1,0,0,1
3998852,c2bad2f5-1940-485e-b474-cf0bfe62bbc4,2,86,39,Switzerland Women's,Lia Wälti,Géraldine Reuteler,63.6,25.2,47.3,26.8,16.37834,-15.579113465471139,1.1388179118589747,0.06335247442944192,-1.075465437429533,1.724724024778207,0.27926645637280406,-1.445457568405403,2.4889872752533133,0.7243725855547434,-1.76461468969857,1.1527990599865117,9.726614143259921,1,0,2,0,3,0,1,0,1,0,0,1
3998852,0811a68e-d7cf-4054-a00e-eb006755bfc4,2,86,41,Switzerland Women's,Géraldine Reuteler,Viola Calligaris,43.7,27.9,55.7,45.9,21.633308,12.683361958807225,0.07537876077793838,0.11832155610153271,0.042942795323594324,0.29840133269823826,0.42319079305735063,0.12478946035911237,0.7249528880680374,0.9638020753732195,0.23884918730518212,8.736001481151078,8.569508574016913,0,0,0,0,0,0,0,0,1,0,0,1
3998852,fbdac7ac-0f37-4ad6-823e-e72825dc36a9,2,86,48,Switzerland Women's,Viola Calligaris,Noelle Maritz,71.2,31.1,76.2,4.5,27.065845,-6.774933024797811,0.5343060798895981,0.050528192649381916,-0.4837778872402162,1.272793263352632,0.2403620945995287,-1.0324311687531034,2.4102013108378095,0.7194935601775674,-1.6907077506602421,3.296919217358049,9.493458685005711,0,0,1,0,2,0,0,0,1,0,0,1
3998852,6ffab853-1431-403f-a930-e7a2313bf6d4,2,86,51,Switzerland Women's,Noelle Maritz,Smilla Vallotto,77.9,4.7,97.3,2.4,19.535864,11.019925593601421,0.14831330171235443,0.10551732496059417,-0.042795976751760265,0.42709970392496954,0.35511421610284305,-0.07198548782212649,0.9684941086897503,0.852793721094261,-0.11570038759548928,6.080211783036004,7.14405790987409,0,0,0,0,1,1,0,0,0,0,0,0
3998852,895c1707-edcc-44a7-8b9d-7638640a2bf7,2,87,39,Switzerland Women's,Smilla Vallotto,Riola Xhemaili,72.5,4.7,77.9,5.8,5.510898,4.939903736118552,0.49941988746132393,0.3749011991410992,-0.12451868832022472,0.7811726585433745,0.9362866130230604,0.1551139544796859,1.277601690503756,1.7730359720871103,0.49543428158335434,2.186010448110614,4.717765845356193,1,0,1,1,1,2,1,0,1,0,0,1
3998852,3a2b63e6-56b3-4907-9786-029b36004b6d,2,87,42,Switzerland Women's,Riola Xhemaili,Smilla Vallotto,76.4,7.4,79,2.9,5.1971145,-0.853792595802922,0.8255736383924266,0.07305431924461091,-0.7525193191478157,1.3721823590821605,0.35741630006850106,-1.0147660590136593,2.1483169758863796,1.0079617612116496,-1.14035521467473,1.655745696236223,10.265744052075082,1,0,2,0,2,0,0,0,1,0,0,1
3998852,44ce843d-a378-4481-acc8-a3dcd98548f9,2,87,44,Switzerland Women's,Smilla Vallotto,Alayah Pilgrim,83.2,2.4,91.9,2.8,8.70919,5.991511192397546,0.2834120324204761,0.4722750542106962,0.18886302179022013,0.690020847698191,0.9954961198393852,0.3054752721411942,1.3989389491155175,1.7535906635920795,0.35465171447656196,4.3191855678241415,4.258226363567679,0,0,1,2,1,2,0,0,1,0,0,1
3998852,f2a66c1f-03ac-4211-a202-61f5f809bdb9,2,89,20,Switzerland Women's,Noelle Maritz,Géraldine Reuteler,79.3,74.1,87.1,76.6,8.190848,3.883566494973536,0.006678523520796548,0.029292342622846124,0.022613819102049577,0.06780501531921711,0.16070417614818328,0.09289916082896617,0.3178779820445902,0.4970611571927097,0.1791831751481195,15.407748337291201,11.19046946163475,0,0,0,0,0,0,0,0,0,0,0,0
3998852,7f129f5e-7742-4fac-8b14-aac97d9fe795,2,89,22,Switzerland Women's,Géraldine Reuteler,Lia Wälti,86.5,76.2,98.5,52.6,26.475649,24.40223509536654,0.331946330577333,0.31746173595197147,-0.014484594625361558,0.6235049632995848,1.045979239872321,0.4224742765727363,1.0530936297082596,2.2811990030437386,1.228105373335479,3.5361507482535357,6.165413821198853,0,0,1,0,1,2,0,0,0,0,0,0
3998852,cd251bc3-d82c-42d9-85fd-4489d7505024,2,89,33,Switzerland Women's,Viola Calligaris,Noelle Maritz,75.4,69.2,83.4,76.2,10.630146,1.830385196925974,0.2248178746005895,0.20253435231044833,-0.02228352229014116,0.4841780522533001,0.47653396636368894,-0.00764408588961113,0.9693685484157862,0.9615412101357282,-0.007827338280057994,4.558172923954343,4.971273727769111,0,0,1,1,1,1,0,0,1,0,0,1
3998852,973b5257-bfa6-444e-8229-39a301964b96,2,89,36,Switzerland Women's,Noelle Maritz,Géraldine Reuteler,82.6,75.5,72.5,60.9,17.753027,-0.3291117768474976,0.5434831221973957,0.13953104934981955,-0.40395207284757617,0.8370795358725341,0.5036527919747451,-0.33342674389778904,1.3147218705215347,1.1910430289827152,-0.12367884153881947,1.9999544224425219,7.264710990905991,1,0,1,0,1,1,0,0,1,0,0,1
3998852,c88598f2-27ac-45e6-aef0-b93918e4c6f5,2,89,48,Switzerland Women's,Smilla Vallotto,Ana-Maria Crnogorčević,97.3,10.1,110.6,35.9,29.026367,27.285402078442353,0.5726136695558428,1.230062329211855,0.6574486596560123,1.095188360139645,2.344846246029484,1.2496578858898388,1.886255397455805,3.683459117305672,1.797203719849867,2.6524368059014924,2.636623015932596,1,2,1,2,2,4,0,0,0,1,1,1
3998852,303cc18f-a83d-4d6a-8835-3cd483ea2ee0,2,90,33,Switzerland Women's,Riola Xhemaili,Géraldine Reuteler,56.2,58.8,54.9,71.3,12.567418,-5.72139415876984,0.5169814041921176,0.2916732731779438,-0.2253081310141738,1.000171284152249,0.70475693934096,-0.29541434481128903,1.6021168956711014,1.314040344939527,-0.28807655073157434,3.7671022755543,5.724888610660674,0,0,2,0,2,2,0,0,1,0,1,1
3998852,7bad4f0e-b390-4e31-8a0d-bf08619eade9,2,90,34,Switzerland Women's,Géraldine Reuteler,Alisha Lehmann,55.7,70,104,73.1,48.39938,34.18989118047512,0.2916730346174272,0.23277461623770923,-0.05889841837971799,0.7047566250024788,0.4921790271879696,-0.21257759781450924,1.3140400247614894,0.926506709523542,-0.38753331523794743,5.7248909054179675,4.503582821172983,0,0,0,1,2,1,0,0,1,1,1,1
3998852,8d21f6c8-45ac-4936-ad66-5a6ae903f9b2,2,91,0,Switzerland Women's,Lia Wälti,Alisha Lehmann,71.9,53.3,85.1,73.9,24.466303,1.2508244464445042,0.14428783175800036,0.1135810236773297,-0.030706808080670667,0.5151591641417843,0.39654315215484326,-0.11861601198694105,1.268815150898381,0.9514958459149172,-0.3173193049834637,6.684388960892651,7.555253332671846,0,0,0,0,1,1,0,0,1,0,0,1
3998852,1fe61cd3-3175-4755-a8f8-f4f8d6bbc66e,2,91,6,WNT Finland,Oona Siren,Jutta Rantala,26.7,16.7,48.4,7.6,23.53083,17.575811647786225,0.5299690670831806,0.19936908365534708,-0.3305999834278335,1.0173950736667488,0.5137788783564738,-0.5036161953102749,1.6899063605166098,1.027811793539215,-0.6620945669773948,2.7731074378995504,5.2447524890895405,1,0,1,0,1,1,0,0,1,0,0,1
3998852,773d827d-cd96-442e-810c-68cbc933ae18,2,91,12,WNT Finland,Jutta Rantala,Oona Siren,47.8,9.9,42.2,10.3,5.6142673,-5.0531486639647625,1.785101421454774,0.5355562599539762,-1.249545161500798,2.4540411887179374,1.2050346101969498,-1.2490065785209876,3.1392029402981145,2.072039320361865,-1.0671636199362498,0.6425628709618313,4.332914825753774,2,0,3,2,4,2,0,0,0,0,0,0
3998852,fb009fbe-e668-4c63-a268-80c0c8be77fb,2,91,24,Switzerland Women's,Noelle Maritz,Viola Calligaris,38.6,44.6,47.5,58,16.08633,6.828800883429153,0.24158946166705375,0.05108807499884878,-0.19050138666820499,0.5060676686185424,0.267341790239441,-0.23872587837910136,0.9157640199550864,0.7513988842744759,-0.1643651356806105,4.386092414911255,10.009190774732383,0,0,1,0,1,0,1,0,1,0,0,1
3998852,d80005ab-722f-48ae-9c55-03b695c9db43,2,91,27,Switzerland Women's,Viola Calligaris,Géraldine Reuteler,50.2,69.2,59.3,57.4,14.901342,12.516939951444861,0.22589352842291952,0.3368439353977478,0.1109504069748283,0.5351196435110122,0.8644910066189833,0.3293713631079711,1.0519125925796533,1.594692321513878,0.5427797289342247,4.703236261526892,4.922767648840234,0,0,1,1,1,2,0,0,1,0,0,1
3998852,0eb89247-e1fa-4a9d-8f5a-742e991aa364,2,91,28,Switzerland Women's,Géraldine Reuteler,Viola Calligaris,59.3,57.4,52.9,55.3,6.735726,-5.677559627584465,0.3368439353977478,0.3049639962705581,-0.03187993912718973,0.8644910066189833,0.7868839028260044,-0.07760710379297886,1.594692321513878,1.533447274831633,-0.06124504668224495,4.922767648840234,4.893333960508123,0,0,1,1,2,2,0,0,1,0,0,1
3998852,b024c87c-2e48-4942-85a3-2b6711045f8f,2,91,34,Switzerland Women's,Viola Calligaris,Géraldine Reuteler,63.8,37.8,69.1,53.7,16.76007,3.5315651885752075,0.5692974194624228,0.055781970886910934,-0.5135154485755119,1.1344318151779698,0.3535029453926235,-0.7809288697853463,2.0257379379062077,1.1073927842161964,-0.9183451536900114,2.4724253019876268,10.955034562222336,1,0,1,0,1,0,1,0,1,0,0,1
3998852,b876e558-e2c9-4775-b9da-e6ff768d4b4a,2,91,38,Switzerland Women's,Géraldine Reuteler,Ana-Maria Crnogorčević,76.6,53.1,90.3,74.5,25.409643,-0.18897840087257123,0.26260213564912455,0.12654105306368837,-0.13606108258543617,0.7638798016624283,0.3745375601844083,-0.38934224147802,1.657027026079308,0.862351600962471,-0.7946754251168371,4.981240162027164,6.429690604661482,0,0,1,0,1,1,0,0,1,0,0,1
3998852,be2a9ab1-7e14-4cf1-9094-ed7f1be2492c,2,91,47,Switzerland Women's,Alisha Lehmann,Ana-Maria Crnogorčević,111.7,65.6,99.4,75.6,15.852129,-14.218630663523122,0.8951548620702595,0.0994707283764268,-0.7956841336938327,1.541555626055999,0.39778612748783165,-1.1437694985681675,2.3008806107123685,0.9535041753454202,-1.3473764353669484,1.8050152322502873,8.644237270315308,1,0,1,0,4,0,0,0,0,1,1,1
3998852,1f23fd0e-14eb-4e76-a431-16af0e52097e,2,91,49,Switzerland Women's,Ana-Maria Crnogorčević,Géraldine Reuteler,99.1,75.5,97.1,55.3,20.298769,13.654509383546305,0.1347774861779584,0.0650931830538716,-0.0696843031240868,0.4761823260248202,0.4032042747823704,-0.07297805124244977,1.059393727300801,1.2311698943456073,0.17177616704480636,7.885155164667353,11.152019180975948,0,0,0,0,1,0,0,0,0,1,1,1
3998852,9fe7bff4-0cb9-4f81-baa8-17359acad09d,2,94,7,WNT Finland,Joanna Tynnilä,Sanni Maija Franssi,37.9,21.3,62.5,22.7,24.639805,24.15658262816431,0.3536092888683724,0.6724366478605577,0.3188273589921853,0.5984310416809145,1.0973785426158893,0.49894750093497475,0.9555410692290509,1.6116165747442595,0.6560755055152085,3.1742482111021824,3.190931225424071,0,0,1,2,1,2,0,0,1,0,0,1
3998852,9c6d1c9e-b5fc-45d7-88d9-af94907c2f03,2,94,21,WNT Finland,Anna Koivunen,Maaria Roth,16.1,34.3,21.2,21.7,13.593013,3.575739176586282,0.0012592623130880387,0.0031218692135892502,0.0018626069005012115,0.025375710340598535,0.037880419973334696,0.012504709632736161,0.14401978625507786,0.17231342309020442,0.028293636835126562,21.39099974324926,17.537607780117664,0,0,0,0,0,0,0,0,1,0,0,1
3998852,a8264fea-0b8a-4414-84dc-deb7e946b127,2,97,13,WNT Finland,Olga Ahtinen,Jutta Rantala,70.4,59.3,78,61,7.787811,6.26521802869599,0.5209543124402629,0.670623401281238,0.14966908884097507,1.1770628316760017,1.3462792096443001,0.16921637796829847,2.245293285225692,2.397628951492845,0.1523356662671529,2.984175001295738,2.446341824946308,1,1,1,1,2,2,0,0,0,0,0,0
3998852,39612ef9-4422-4fc2-89e8-1ac03123b6ac,2,97,49,WNT Finland,Jutta Rantala,Natalia Kuikka,66.8,76.6,72.6,75.6,5.885576,5.29397507597546,1.2901686608511904,0.6051942255911816,-0.6849744352600088,2.2356826583068554,1.543731968369224,-0.6919506899376313,3.389426085476232,2.8027929146270454,-0.5866331708491868,1.564118751934494,4.748195048396288,1,0,2,1,4,3,0,0,0,0,0,0
3998851,e0007dc2-47fc-4d59-ad45-1f9933e8d093,1,0,12,England Women's,Georgia Stanway,Alex Greenwood,85.6,39.3,78.8,26.5,14.494137,-8.948270465643184,0.9311412948475776,0.1802429734436955,-0.750898321403882,1.8407003153090222,0.5981539723701501,-1.2425463429388721,3.0486552508381375,1.4189872897561597,-1.6296679610819778,3.178598050327752,6.1788923992542975,0,0,2,0,3,1,0,0,1,0,0,1
3998851,7634f1c9-848a-4083-9eef-9b6eedb12b0f,1,1,56,England Women's,Lauren James,Lucy Bronze,81.3,70.7,71.5,73.3,10.139033,-9.433276068011203,0.8285765174068668,0.6850049492651193,-0.14357156814174743,1.4392640267839838,1.1851586994024539,-0.2541053273815299,2.302760953415714,1.9556173231041054,-0.34714363031160866,2.5612337095702915,1.9840114752412463,1,1,2,1,2,2,0,0,1,0,0,1
3998851,b1fe86bb-3cc6-4750-aadf-e1ab3bfc594a,1,1,57,England Women's,Lucy Bronze,Keira Walsh,71.5,72.9,69.8,58.3,14.698639,5.17442740207089,0.6462069661393315,0.48589571479636084,-0.16031125134297064,1.1327013071217171,1.1724698064969077,0.03976849937519056,1.889263715926125,2.2446280098783573,0.35536429395223235,2.1114900217508006,3.460808370703099,1,0,1,1,2,1,0,1,0,0,0,0
3998851,7da817f3-9d2d-472f-9c8c-cd095a4559c4,1,1,59,England Women's,Keira Walsh,Alex Greenwood,68.5,57.5,67.7,37.4,20.115913,2.0275077434833264,0.66204712103232,0.5705115040053895,-0.09153561702693047,1.3322159966564415,1.0667666353185496,-0.2654493613378919,2.385645068932541,1.9284808109159561,-0.45716425801658467,2.1165913096273172,2.1545609537775308,1,1,1,1,1,1,1,1,0,0,0,0
3998851,248dd691-53a8-41d7-93b8-e500ecf0838c,1,2,0,England Women's,Alex Greenwood,Georgia Stanway,65.5,38.6,70.2,42.9,6.3702435,4.6336123974869,0.5705122012970154,0.6788026163071366,0.10829041501012115,1.0667671697908814,1.5054289221118031,0.43866175232092175,1.9284811674457614,2.6619708557392117,0.7334896882934503,2.1545566463514434,3.671772081775297,1,0,1,1,1,3,1,0,0,0,0,0
3998851,a80520e8-8bec-42c7-a784-01e9094eadf6,1,2,4,Netherlands Women's,Jackie Groenen,Chasity Grant,46.5,40.6,51.6,53,13.407833,3.878027935815325,0.7324027641041331,0.24502292796194589,-0.48737983614218716,1.2413329287640855,0.7246648901251278,-0.5166680386389577,2.038484004274673,1.5262347742222229,-0.5122492300524502,1.4476967899087787,5.774298884373912,1,0,1,0,1,2,0,0,1,0,0,1
3998851,d33ca370-459f-4cde-811e-3ece3d63d3ec,1,2,34,England Women's,Jessica Carter,Alex Greenwood,45,17.7,49.7,2.3,16.101242,-1.5257329193687639,0.5380663818296603,0.10545684093659048,-0.4326095408930698,0.8097785607473248,0.3460656484580884,-0.4637129122892364,1.2336218722414074,0.7983812769529031,-0.43524059528850434,1.992236129323535,7.236787207069991,1,0,1,0,1,1,1,0,1,0,0,1
3998851,37071b80-8e7e-4f5a-a29e-3578b6e2c697,1,2,38,England Women's,Alex Greenwood,Jessica Carter,42.4,1.9,21.9,4.4,20.651876,-17.911154990344585,0.7790549792511227,0.2643585983510274,-0.5146963809000953,1.0924097863305968,0.5258053042001923,-0.5666044821304045,1.5444758138734391,0.9149420693399472,-0.629533744533492,1.0904367161182338,4.129178276998156,1,0,1,1,2,1,1,0,1,0,0,1
3998851,f8816e88-1830-4e5c-9a69-9c9c997c8688,1,2,41,England Women's,Jessica Carter,Hannah Hampton,15.5,7,4.8,26.2,21.980219,-6.436894636801966,0.49970891748867063,0.005922855603714531,-0.4937860618849561,0.6860919833959913,0.055633739334209495,-0.6304582440617819,0.9263327153247657,0.2054292461375117,-0.720903469187254,2.0914747871805845,15.774395752563525,1,0,1,0,1,0,1,0,1,0,0,1
3998851,a3e9c8ad-d0f3-49f6-ac1e-cfa213926f20,1,2,45,England Women's,Hannah Hampton,Lucy Bronze,8.6,38.2,42,70.7,46.602684,27.59038004652858,0.007849522899383064,0.0016375403167710294,-0.006211982582612035,0.07125288561909625,0.024227797441327054,-0.047025088177769195,0.247897101223577,0.1217430390484088,-0.1261540621751682,15.857317812095628,19.389862596573984,0,0,0,0,0,0,0,0,1,0,0,1
3998851,b665bc70-1ac9-42ac-a518-47f771d32005,1,2,54,England Women's,Lucy Bronze,Lauren James,75.8,64.7,89,73.7,15.976233,4.843661798347036,0.24194114946803405,0.06760405276043079,-0.17433709670760328,0.7957223025642897,0.27454016952712534,-0.5211821330371643,1.7035989690230304,0.726733200048711,-0.9768657689743194,6.439965913737348,8.615919933626426,0,0,0,0,1,0,0,0,1,0,0,1
3998851,3c945449-0dfc-41d5-a936-81a0a0a6c083,1,2,58,England Women's,Lauren James,Lucy Bronze,87.8,71.6,81.3,71.6,6.5,-4.847078359239703,0.3446149291162937,0.1152670904811385,-0.2293478386351552,0.7471476313763639,0.4639521924779592,-0.28319543889840465,1.3846936018864429,1.1318749346382175,-0.2528186672482253,3.9276539771971195,8.532179989075871,0,0,1,0,1,0,0,0,1,0,0,1
3998851,336089a8-2d58-48e5-929b-4533d084c5fe,1,3,14,England Women's,Lauren Hemp,Lauren James,113.4,13.4,115.9,45.7,32.396606,20.385172683114522,0.3523431182589737,1.3364795924450372,0.9841364741860635,0.7128324817170373,2.0499595422615897,1.3371270605445524,1.3662549989665798,2.8978047322841167,1.531549733317537,3.406994879477586,0.961259218148304,0,1,1,3,1,3,0,0,0,1,1,1
3998851,3c10c18e-743b-48a2-a9fa-9682e207fa6c,1,3,42,Netherlands Women's,Daphne van Domselaar,Dominique Johanna Anna Petrone Janssen,11.4,45.3,14.8,57.7,12.857682,2.050621356632206,0.21579236459724802,0.07064890335719744,-0.14514346124005056,0.42297543764300294,0.23708567581530432,-0.18588976182769862,0.7064526710894405,0.540874384829442,-0.1655782862599986,4.620329143668676,8.062231653842776,0,0,1,0,1,0,0,0,1,0,0,1
3998851,103da384-422d-478e-b314-ed62da673bf9,1,4,18,Netherlands Women's,Dominique Johanna Anna Petrone Janssen,Daphne van Domselaar,28.9,71.4,19.5,50,23.37349,-4.636700095805082,0.0808821852130682,0.006464457077848926,-0.07441772813521927,0.253841062334045,0.06386930616658937,-0.18997175616745565,0.567279703568233,0.26300922306534413,-0.30427048050288885,7.627872443724707,15.511925579525085,0,0,0,0,1,0,0,0,1,0,0,1
3998851,497267eb-429b-4b4e-bb3d-069bc680f7ff,1,4,23,Netherlands Women's,Daphne van Domselaar,Jackie Groenen,24.6,44.9,37.9,48.3,13.727709,13.007272911135559,0.09735509123535534,0.30968798001630843,0.21233288878095308,0.2998933803542699,0.7528025863647064,0.45290920601043655,0.6789291992382152,1.4554100961517078,0.7764808969134926,7.140643129132908,4.16893619451201,0,0,0,1,1,1,0,0,1,0,0,1
3998851,1be63675-0c51-43f8-97c9-c6222882f73e,1,4,25,Netherlands Women's,Jackie Groenen,Dominique Johanna Anna Petrone Janssen,39.6,50.4,29.3,59.4,13.678084,-11.68170342341358,0.3096881553247386,0.15931355415838216,-0.15037460116635643,0.7528027757958472,0.4241706592141761,-0.3286321165816711,1.4554102881895492,0.8802975140212842,-0.575112774168265,4.168933998997051,5.776435021209705,0,0,1,0,1,1,0,0,1,0,0,1
3998851,fac78c35-0b28-474f-a706-dc1d42be31b8,1,4,31,Netherlands Women's,Kerstin Yasmijn Casparij,Chasity Grant,63.6,77.4,106.4,66.3,44.215946,38.06535267159914,0.8550518896575842,0.5454042550939581,-0.3096476345636261,1.1915087814468583,0.9447995459737406,-0.24670923547311774,1.7493613703661952,1.3810070445944915,-0.3683543257717037,0.8819806514593442,3.574419616940842,1,0,1,2,2,2,0,0,0,0,0,0
3998851,34615a06-60da-4cc6-9c31-ccf082a8095e,1,4,35,Netherlands Women's,Chasity Grant,Vivianne Miedema,114.5,59.4,107.6,44.4,16.510906,7.00706553134466,0.42360546633810714,0.8536172815369796,0.43001181519887244,0.8122233252606031,1.4634500083829425,0.6512266831223393,1.3203561389733394,2.2702457981427475,0.9498896591694082,3.500394201348732,1.2804496617991132,0,1,1,1,2,1,0,0,0,0,0,0
3998851,32c06fe9-403b-405e-94a0-c44bcfa14f47,1,4,59,England Women's,Lucy Bronze,Lauren Hemp,64.2,70.3,89.5,19,57.199474,26.465512457224897,0.12423744781274274,0.011439472805321003,-0.11279797500742172,0.5338577730263068,0.1031339718063633,-0.43072380121994347,1.3246862390802778,0.4147531815507247,-0.9099330575295531,8.946657594465531,15.11956793898293,0,0,0,0,0,0,0,0,0,0,0,0
3998851,eafee822-363e-4b21-8396-b729e38906f6,1,5,15,Netherlands Women's,Daphne van Domselaar,Dominique Johanna Anna Petrone Janssen,14.4,39.3,14.4,48.3,9,-0.32336144387782895,0.1556334263908134,0.023463132551604447,-0.13217029383920895,0.4087416778834243,0.14834714512295483,-0.2603945327604695,0.8087928810740823,0.4595924995203019,-0.3492003815537804,5.870334396753365,11.964100841771986,0,0,0,0,1,0,0,0,1,0,0,1
3998851,d53b3292-fab5-4b9d-a7e3-5f7692393328,1,5,19,Netherlands Women's,Dominique Johanna Anna Petrone Janssen,Wieke Hendrikje Maria Kaptein,22.1,53.4,30.6,58.1,9.712878,7.598933254806084,0.4654362186969475,0.18920500465266593,-0.2762312140442816,0.7741088830557303,0.5767079534968174,-0.19740092955891297,1.279215545532211,1.1571217261518485,-0.12209381938036246,2.421522644701883,7.317656828940018,1,0,1,0,1,2,0,0,0,0,0,0
3998851,d1ada502-016f-47e5-bc5d-079e878d63df,1,5,21,Netherlands Women's,Wieke Hendrikje Maria Kaptein,Kerstin Yasmijn Casparij,28.9,59.8,43.9,77.4,23.124878,8.433183004900712,0.5050505026187392,0.05048562589894588,-0.4545648767197933,1.0436757309165874,0.23753436461198205,-0.8061413663046053,1.7480460974709036,0.6701187408009023,-1.0779273566700014,3.2038675027535217,9.455414052253975,0,0,1,0,2,0,0,0,0,0,0,0
3998851,d0893fdc-3329-4fcb-838f-ac35f22d6216,1,5,24,Netherlands Women's,Kerstin Yasmijn Casparij,Chasity Grant,47.7,77.8,61.4,74.4,14.115594,13.634244334565793,0.2692280913091658,0.7874151054231242,0.5181870141139584,0.5526220669157818,1.1963300847853575,0.6437080178695758,1.0348124352943529,1.8572164169929741,0.8224039816986213,4.074861269384868,1.083505886840229,0,1,1,1,1,1,0,0,0,0,0,0
3998851,ef83e6d1-8245-4768-9753-4966668fd987,1,5,47,England Women's,Lauren Hemp,Jessica Carter,50.5,3.1,40.3,10.8,12.780063,-6.192308247023604,1.3147181968362576,0.1231704130186181,-1.1915477838176394,2.021007160202194,0.48402963043271735,-1.5369775297694768,2.8437770800230613,1.20461288008553,-1.6391641999375313,0.8700065150397088,7.566433614030321,1,0,2,0,4,1,1,0,1,0,0,1
3998851,e44a24a3-a075-4702-8da6-5ddc698e7594,1,5,50,England Women's,Jessica Carter,Leah Williamson,35.1,16,29.6,23.2,9.060353,-3.720774612005883,0.08628990129822187,0.015537906756698564,-0.0707519945415233,0.4066528873011681,0.14179922453653374,-0.2648536627646344,1.081762555471494,0.5535200102004453,-0.5282425452710487,9.075657670104166,14.106152745841195,0,0,0,0,0,0,0,0,1,0,0,1
3998851,016ac912-471f-4b6a-a5cb-7956f84f02ed,1,5,54,England Women's,Leah Williamson,Keira Walsh,30.4,24.1,38.6,27.5,8.876936,8.645661014251942,0.14153850520691252,0.33104886739097644,0.18951036218406392,0.4350943583686456,0.8667883933487148,0.43169403498006925,0.991873368545849,1.64639297804937,0.6545196095035211,6.271199012339436,4.829054616382998,0,0,0,1,1,1,0,0,0,0,0,0
3998851,71254ec1-f012-4f81-affd-8085abe5e47d,1,6,24,England Women's,Lucy Bronze,Leah Williamson,66.8,76.7,48,66.5,21.388783,-12.091180143825468,0.46918147062824794,0.025322183927489954,-0.44385928670075797,0.8317336648080339,0.15530753499349398,-0.67642612981454,1.28359009336337,0.4569466621781696,-0.8266434311852003,2.8948276108236026,12.489171407636354,1,0,1,0,2,0,0,0,1,0,0,1
3998851,a966244b-32b1-4fa1-b8ef-57deec416952,1,6,29,England Women's,Leah Williamson,Hannah Hampton,42.8,64.3,34.7,41.2,24.478971,-4.374331377277741,0.12723002420071378,0.004530683794619219,-0.12269934040609455,0.36692012698999,0.052071088875285367,-0.3148490381147046,0.7705026780259541,0.24310371416652596,-0.5273989638594281,6.4833001843798,16.6067371542359,0,0,0,0,1,0,0,0,1,0,0,1
3998851,c2c40521-0537-4b9e-9664-66be64b53772,1,6,32,England Women's,Hannah Hampton,Jessica Carter,34.7,41.2,36.9,27.1,14.270599,1.2131373002973334,0.010945796876965194,0.007204628669355572,-0.0037411682076096218,0.0899458738783669,0.07032524832571714,-0.019620625552649762,0.35811974552256604,0.31751574883511063,-0.0406039966874554,13.918332690897394,15.095740924776482,0,0,0,0,0,0,0,0,1,0,0,1
3998851,b840a4d3-9d1c-4a5f-a155-2d2fe73acdff,1,6,34,England Women's,Jessica Carter,Alex Greenwood,36.9,26.7,37.7,17.3,9.433981,-1.2155905308461712,0.013304137975964027,0.007891609481116389,-0.005412528494847638,0.10018622245298373,0.07983059291014925,-0.020355629542834472,0.3786294766508018,0.32959747033105674,-0.04903200631974508,13.306655988912997,16.561165418681398,0,0,0,0,0,0,0,0,1,0,0,1
3998851,c74b26d4-6d86-4735-8967-8a360ac9df8e,1,6,48,Netherlands Women's,Wieke Hendrikje Maria Kaptein,Chasity Grant,64,72.7,70,69.3,6.8963757,6.895726843296437,0.5596788017874932,0.4564686223813816,-0.1032101794061116,0.982680270770723,1.0493761149819785,0.06669584421125552,1.564106475330196,1.8004538646804547,0.23634738935025856,2.3734192209137213,4.654806621389606,1,0,1,1,2,2,0,0,1,0,0,1
3998851,2522b050-9f64-48cf-b7d2-11beda27c454,1,6,53,England Women's,Keira Walsh,Lucy Bronze,47.5,25,45,48.5,23.632605,-1.444665360802162,1.1524000953156794,0.01148204183548312,-1.1409180534801964,1.7284367508805063,0.1375010470361299,-1.5909357038443763,2.469291676803532,0.6129584536836769,-1.8563332231198553,1.43734967849039,15.904929958141011,2,0,2,0,3,0,1,0,1,0,0,1
3998851,dd96d7dd-1680-41a6-babc-b372fd8e9d3a,1,6,55,England Women's,Lucy Bronze,Keira Walsh,46.3,52.3,52.3,44.6,9.76166,6.863243802542044,0.011449057982807188,0.1388511365279305,0.1274020785451233,0.1407611508191368,0.5450836443493371,0.40432249353020033,0.6300861548690853,1.3934085257565136,0.7633223708874284,16.264911681851675,7.421590623806245,0,0,0,0,0,1,0,0,1,0,0,1
3998851,775e5278-4e94-4ea7-8a61-dd47d48f88ab,1,7,9,Netherlands Women's,Chasity Grant,Wieke Hendrikje Maria Kaptein,22.1,58.6,35.8,49.6,16.391766,14.905740483195544,0.49300935448675276,1.0051156504525123,0.5121062959657595,0.812954449459518,1.3601298906679065,0.5471754412083885,1.3463484986302818,1.9214974141598558,0.5751489155295739,2.2832572893078256,0.41700503442228026,1,1,1,1,1,2,0,1,0,0,0,0
3998851,52eb8fb2-2200-4886-aecf-24d21cbda106,1,7,15,England Women's,Ella Toone,Georgia Stanway,85.6,34.4,79.2,28,9.050967,-7.675274894739289,0.9859138462931809,0.278529070024773,-0.7073847762684079,2.0377411218648933,0.9473470186365104,-1.090394103228383,3.280210587409426,2.081986907019853,-1.1982236803895727,3.785202151446282,6.608302571181297,0,0,3,0,4,1,0,0,1,0,0,1
3998851,fa858677-ef87-40c9-9dd5-b2b492cbec55,1,7,17,England Women's,Georgia Stanway,Lauren Hemp,81.8,28,92.5,16.4,15.781318,3.802240046022362,0.39290398694898,0.13160810924782107,-0.2612958777011589,1.179786623516408,0.42111834118053315,-0.7586682823358749,2.3976369402958184,1.0404362538371552,-1.3572006864586632,6.121875299327734,6.471380888698238,0,0,0,0,3,1,0,0,1,0,0,1
3998851,e5e6e480-1da9-4b3f-94ad-76db6985265b,1,7,23,England Women's,Lauren Hemp,Alex Greenwood,98.5,5.7,89,7.4,9.650907,-4.5048663800805855,0.596727258471214,0.1445652712144159,-0.4521619872567981,0.8732059884140103,0.4548151832176868,-0.4183908051963235,1.3562302833228133,1.0321913893143901,-0.3240388940084231,1.6746625355219196,6.643774475860371,1,0,1,0,1,1,0,1,1,0,0,1
3998851,0cf3a7c9-e100-4330-a985-aa54cf4e5482,1,7,56,Netherlands Women's,Daphne van Domselaar,Kerstin Yasmijn Casparij,8.8,44,12.2,63.3,19.597193,0.9826178039458142,0.12319204329448517,0.008238481001221355,-0.11495356229326381,0.30276995725309436,0.0631230581614301,-0.23964689909166426,0.5595896249706573,0.21853356282842226,-0.34105606214223505,6.309109921614289,14.513431486503515,0,0,0,0,1,0,0,0,0,0,0,0
3998851,5dd8ed5b-7581-439f-a007-75ffe0eec6cd,1,8,9,England Women's,Hannah Hampton,Leah Williamson,12.5,33.5,20.2,40.8,10.610373,7.893125981059441,0.0007783236105382329,0.022496315142748635,0.021717991532210403,0.021108473067859884,0.13343272228981407,0.11232424922195418,0.1353091259755851,0.39415394495046263,0.25884481897487754,24.224912173288587,11.931352466507628,0,0,0,0,0,0,0,0,1,0,0,1
3998851,db87f74e-3a9f-4ab9-af26-cdbe7ab2b066,1,8,13,England Women's,Leah Williamson,Keira Walsh,24,44.2,36,44.2,12,11.986896621497934,0.0285455099232598,0.16303038620788582,0.13448487628462602,0.1690157681224646,0.5593001224636858,0.39028435434122116,0.5141118637251008,1.1817443783151995,0.6676325145900988,11.754742006823912,7.986195285135719,0,0,0,0,0,1,0,0,1,0,0,1
3998851,1133b156-7077-467d-927a-4f077d8ad748,1,8,25,England Women's,Lauren Hemp,Alessia Russo,113,21.1,113.9,41.9,20.819462,13.765598930457847,0.42802371162319564,1.3800052085249286,0.951981496901733,0.8344038346888266,2.2046022623766097,1.3701984276877832,1.4926276031686234,3.224535705014426,1.7319081018458025,2.8835791225392122,0.7567605388621024,1,1,1,3,1,3,0,0,0,1,1,1
3998851,e6b5660b-1b6e-40ba-9066-fc81243c617b,1,9,0,Netherlands Women's,Jackie Groenen,Vivianne Miedema,42.6,57.3,48.6,67.5,11.83385,2.7970260705398573,0.4132699884609813,0.589030503659888,0.17576051519890667,0.9997437061331709,1.2202613741748227,0.22051766804165185,1.8837663161429428,2.1262150454308175,0.24244872928787475,4.003576719138315,2.947415615489035,0,1,1,1,2,2,0,0,1,0,0,1
3998851,499105bb-0d34-48a0-a6f0-8a14a6649944,1,9,2,Netherlands Women's,Vivianne Miedema,Kerstin Yasmijn Casparij,47.3,67.5,28.9,65.8,18.478365,-16.955547836113908,0.830493331838815,0.02663554722198908,-0.8038577846168259,1.467531393160388,0.15597158270023367,-1.3115598104601542,2.354784568429869,0.4746968429749244,-1.8800877254549446,1.682011239651126,12.004692616191676,1,0,1,0,3,0,1,0,1,0,0,1
3998851,0871bd3e-4a7b-4e4a-be08-8a44796aef53,1,9,5,Netherlands Women's,Kerstin Yasmijn Casparij,Daphne van Domselaar,16.5,64.6,8,44,22.284748,-5.6880894478088635,0.02695624924081364,0.0237621324673856,-0.0031941167734280407,0.15535916178617953,0.11531563460599702,-0.04004352718018252,0.4435918970706128,0.3158887549806693,-0.1277031420899435,12.412864247470083,11.26333996808871,0,0,0,0,0,0,0,0,1,0,0,1
3998851,fbff3435-bf57-45a0-9ee0-daf2cafafc4b,1,9,9,Netherlands Women's,Daphne van Domselaar,Kerstin Yasmijn Casparij,8,44,11.4,57.3,13.727709,2.102091907323512,0.12885246920414192,0.020461457460430283,-0.10839101174371164,0.30769736449477825,0.13184010796056264,-0.1758572565342156,0.5716156412341845,0.4051541923615454,-0.16646144887263914,6.161352148796365,12.933782718398906,0,0,0,0,1,0,0,0,1,0,0,1
3998851,4a1dd9de-e6fc-4b46-bc40-424e34936691,1,9,12,Netherlands Women's,Kerstin Yasmijn Casparij,Daphne van Domselaar,11.8,57.7,8,46.2,12.111565,-2.5332982178706374,0.17790574709052007,0.007789954669586095,-0.17011579242093397,0.46662063370343543,0.0823155391304957,-0.3843050945729397,0.8839813135262043,0.3397234080394937,-0.5442579054867107,6.0410687751322305,16.015956938648106,0,0,0,0,1,0,0,0,1,0,0,1
3998851,d39be0a8-c764-4762-92d9-f3f6edb7bcec,1,9,53,England Women's,Leah Williamson,Keira Walsh,55.7,26.2,70.2,27.1,14.5279045,14.320541486215426,0.4785150679223097,0.2792822533724016,-0.1992328145499081,0.7823586677022443,0.8847745130721366,0.10241584536989234,1.2190185109003449,1.8598790780493106,0.6408605671489658,2.459540336893228,5.7415505798039534,1,0,1,0,1,1,1,0,0,0,0,0
3998851,843cdc48-d1fa-43f7-ba90-df4e8ed85b35,1,9,56,England Women's,Keira Walsh,Alex Greenwood,67.2,23.7,65.5,7,16.786304,-8.453488758832549,0.7295298353864129,0.08086453425045066,-0.6486653011359622,1.3787217299199157,0.33132751039218306,-1.0473942195277326,2.317997898875944,0.8884002643253128,-1.4295976345506312,2.2905844583158457,8.175492416987636,1,0,1,0,2,0,0,0,0,0,0,0
3998851,82591342-e46a-4d77-a627-767e2e091b08,1,10,16,England Women's,Georgia Stanway,Alex Greenwood,78.8,7.4,68.9,4.4,10.3445635,-9.740560739300157,0.607387434098108,0.1620752897766098,-0.44531214432149824,1.159087872879889,0.5598977504662486,-0.5991901224136404,1.949636569590502,1.261423612992184,-0.6882129565983179,2.8832965205267205,7.675303297191048,1,0,1,0,2,1,1,0,1,0,0,1
3998851,225a4e32-e8a8-4d55-9a58-0df43657d5fd,1,10,18,England Women's,Alex Greenwood,Jessica Carter,67.2,4.4,48.8,6.6,18.531055,-14.964318704426503,0.40080093996292765,0.02379292896491125,-0.3770080109980164,0.8686902408661468,0.151145340302208,-0.7175449005639387,1.5672027527627272,0.4879681318551516,-1.0792346209075756,3.792068639331989,12.085557883814024,0,0,1,0,2,0,0,0,0,0,0,0
3998851,ec2ba8fa-9952-4273-8363-5405a4c2db92,1,10,45,Netherlands Women's,Chasity Grant,Jackie Groenen,42.6,58.1,37.9,45.7,13.260844,-2.809455364352445,0.4102136859899402,0.06832415156796422,-0.34188953442197595,0.8880409037731253,0.3611531214452694,-0.5268877823278559,1.5348027480746431,1.0208256531953155,-0.5139770948793276,3.8290455674862427,10.202393898676556,0,0,1,0,2,0,0,0,0,0,0,0
3998851,1b524104-cb32-45f6-a786-9c97aa06af81,1,11,55,Netherlands Women's,Jackie Groenen,Veerle Buurman,36.6,32.5,26.4,25.6,12.314626,-10.964663194377337,0.6970205187734358,0.06514274680165552,-0.6318777719717803,1.316281179818398,0.28845253179535346,-1.0278286480230445,2.0377173450842294,0.7266665813383514,-1.311050763745878,3.400127790489625,9.404005741141987,0,0,2,0,3,0,0,0,1,0,0,1
3998851,0ce84a8b-2f00-43a7-9da7-c4473436689e,1,11,58,Netherlands Women's,Veerle Buurman,Daphne van Domselaar,21.2,26.5,7.5,41.9,20.611889,-12.797990772384566,0.14870202591441423,0.02538724584015804,-0.12331478007425618,0.41708405141087584,0.12900121701399234,-0.28808283439688354,0.8563729897529075,0.3883699116117833,-0.46800307814112424,6.141216481071371,11.125728458688835,0,0,0,0,1,0,0,0,1,0,0,1
3998851,1c992eb7-7834-41c1-895e-0afb78f41436,1,12,2,Netherlands Women's,Daphne van Domselaar,Wieke Hendrikje Maria Kaptein,10.5,47.9,47.3,65.8,40.92249,32.64233613813512,0.5895040578592002,0.5250501929797855,-0.06445386487941474,0.7564522604302095,0.8616138630642257,0.1051616026340162,0.9972722644443999,1.3958938554824079,0.398621591038008,1.5919795932054743,2.173577671984745,1,1,1,1,1,1,0,0,0,0,0,0
3998851,fe7b16f6-de6b-4897-8bd1-e9c40789a5aa,1,12,5,Netherlands Women's,Wieke Hendrikje Maria Kaptein,Chasity Grant,47.3,65.8,56.7,65.4,9.408506,8.936333003890311,0.5250501932849597,0.8417688619990462,0.3167186687140865,0.861613918471912,1.2393211337939922,0.3777072153220802,1.3958947163570223,1.8267154216211579,0.4308207052641355,2.173577671984745,1.0513515847833648,1,1,1,1,1,2,1,1,0,0,0,0
3998851,64832361-c51d-4b1b-b16d-11a0dae9adf8,1,12,19,Netherlands Women's,Kerstin Yasmijn Casparij,Daphne van Domselaar,43,73.5,20.8,53,30.217379,-16.076466958904533,0.036942244268442476,0.005966973756354823,-0.030975270512087653,0.18603547905329199,0.052843338690347526,-0.13319214036294447,0.5241004158406186,0.21401752077532352,-0.31008289506529507,10.381133679025043,15.430644213087806,0,0,0,0,0,0,0,0,1,0,0,1
3998851,a665a17a-4be9-4b9e-aec8-a3b7b92a88db,1,12,30,Netherlands Women's,Kerstin Yasmijn Casparij,Wieke Hendrikje Maria Kaptein,33.6,73.5,52.9,74.4,19.320972,17.26315525393447,0.759757366026537,0.8182033259466532,0.05844595992011625,0.9590187704521098,1.051954873742168,0.09293610329005819,1.2776710965683011,1.5028111438568523,0.2251400472885512,0.9132029170773466,0.7135516636222864,1,1,1,1,1,1,0,1,0,0,0,0
3998851,239348eb-6c9c-475a-8d4a-d81564686645,1,12,33,England Women's,Jessica Carter,Leah Williamson,59.5,14.7,49.3,17.3,10.526158,-8.677853825166508,0.8940395882900145,0.06925654578544313,-0.8247830425045714,1.5419814309758628,0.3096758924123528,-1.23230553856351,2.332459893098265,0.8214832999704994,-1.5109765931277659,2.7126398116958375,8.894149823549595,1,0,2,0,3,0,0,0,0,0,0,0
3998851,f37b4946-cf92-4d95-a43a-32c7b75a96c7,1,12,46,England Women's,Hannah Hampton,Leah Williamson,12.5,46.3,15.9,43.8,4.2201896,3.515113117168852,0.009864197034577225,0.02005186070059042,0.010187663666013196,0.07286604351321017,0.12562651863765534,0.052760475124445164,0.251337680093634,0.3792657338348896,0.1279280537412556,14.01631614620695,12.40370486378227,0,0,0,0,0,0,0,0,1,0,0,1
3998851,5dfce804-845f-469d-9a18-1731865c9c89,1,12,47,England Women's,Leah Williamson,Lucy Bronze,17.6,45.1,27.4,68.2,25.092827,5.728162970707203,0.06103862230528533,0.016244820086649455,-0.04479380221863588,0.22208746493961817,0.08726392313331814,-0.13482354180630002,0.5155280949847816,0.2467718834848617,-0.2687562114999199,8.576303436671811,12.367633168988391,0,0,0,0,0,0,0,0,1,0,0,1
3998851,435df609-a3bd-4555-bb45-9fb31f2ca891,1,12,51,England Women's,Lucy Bronze,Leah Williamson,31.3,70.7,27.9,57,14.115594,0.2067530824378565,0.07666320884452449,0.011630074981489318,-0.06503313386303516,0.21933806502272352,0.10121338159677278,-0.11812468342595074,0.43025717985198064,0.3521661438600456,-0.07809103599193506,7.709265525743725,15.015099708909458,0,0,0,0,1,0,0,0,1,0,0,1
3998851,eb9fc41e-0416-49da-aeb3-60f5d34a03a4,1,12,53,England Women's,Leah Williamson,Jessica Carter,28.3,54.5,32.6,26.2,28.624815,4.356556881275367,0.012864845122724823,0.013244694276632937,0.0003798491539081135,0.1101047747045916,0.09264493158841162,-0.01745984311617997,0.3751669140390032,0.3417303988642094,-0.03343651517479379,15.071933582834783,13.127422367767467,0,0,0,0,0,0,0,0,1,0,0,1
3998851,41b8661e-da0d-4265-8515-b3db729474a1,1,13,0,England Women's,Alex Greenwood,Jessica Carter,39.8,8.7,31.7,22.4,15.915401,-3.9455319512073856,0.6829751058581807,0.3140707487944663,-0.3689043570637144,1.0576996699424208,0.6410523270968134,-0.41664734284560745,1.527113203498584,1.1534729470902714,-0.37364025640831255,1.8320426131111804,3.7599450991862136,1,0,1,1,2,1,1,0,0,0,0,0
3998851,8ff3644b-3e1c-4545-9d18-22781262503f,1,13,20,England Women's,Leah Williamson,Keira Walsh,55.2,41.2,60.8,31.8,10.941664,5.045902888893757,0.6407095732736796,0.5495968032503434,-0.09111277002333618,1.1422716267672055,1.1981029334361737,0.055831306668968184,1.9805337224947712,2.2099641148193636,0.2294303923245924,1.897018117694983,2.8639287994219824,1,1,1,1,1,2,1,0,1,0,0,1
3998851,02c9dafc-5d15-4205-ab27-cdf59ed88946,1,13,22,England Women's,Keira Walsh,Jessica Carter,59.5,31.4,44.1,25,16.67693,-16.259833889586183,0.9401613852086302,0.03706839729889305,-0.9030929879097371,1.5473371883812999,0.20181715212330123,-1.3455200362579987,2.476992848444493,0.6220546453994429,-1.85493820304505,0.9990359756957047,10.491928140261413,1,0,1,0,2,0,1,0,1,0,0,1
3998851,ed502ae7-0919-4829-8bbd-55ce96f09a63,1,13,25,England Women's,Jessica Carter,Hannah Hampton,41.6,25.4,28.7,39.1,18.817545,-11.556583182096361,0.31605345962095455,0.00592256721689902,-0.3101308924040555,0.612757677938578,0.06082318932987298,-0.5519344886087051,1.0805959825587703,0.2533606279578298,-0.8272353546009406,3.6188091603955215,15.81357182070816,0,0,1,0,1,0,0,0,1,0,0,1
3998851,6452a6e9-da40-4f3d-8b8b-c6c1c87e9adb,1,13,28,England Women's,Hannah Hampton,Lucy Bronze,28.3,41.2,30.9,51.1,10.235722,1.9190992746440685,0.009372549390475007,0.025123743803728272,0.015751194413253265,0.0849820272395327,0.15259702204396258,0.06761499480442988,0.3180872846918992,0.4542390026172834,0.13615171792538422,14.878848070586187,11.823374321749526,0,0,0,0,0,0,0,0,1,0,0,1
3998851,fb178d7d-35b5-492a-af4f-02540882882e,1,13,29,England Women's,Lucy Bronze,Hannah Hampton,30.9,51.1,29.6,43.8,7.4148498,-0.6910799273835551,0.02104002182144859,0.007560261156315577,-0.013479760665133012,0.14014183393004026,0.07327150224346338,-0.06687033168657688,0.43459194212262,0.3056739235119458,-0.1289180186106742,12.545115978458782,15.188807606444056,0,0,0,0,0,0,0,0,1,0,0,1
3998851,e6d2d435-542a-4c8a-a1f2-7f66abc4138e,1,13,33,England Women's,Hannah Hampton,Jessica Carter,28.7,40.8,29.2,23.2,17.607101,-1.0376019111280073,0.009109236227690252,0.01089873840137955,0.0017895021736892974,0.08725420414397698,0.07924023562092217,-0.008013968523054818,0.34009818519676704,0.2965699682409822,-0.04352821695578485,15.166157540408806,13.675781619268722,0,0,0,0,0,0,0,0,1,0,0,1
3998851,e0dd8cb8-6d27-4bb0-b191-6e036f6a9c11,1,13,36,England Women's,Jessica Carter,Hannah Hampton,27.9,22,19.3,39.9,19.858751,-6.857575260490933,0.018649758843502354,0.0035404311895724026,-0.01510932765392995,0.10859742308887914,0.04888798229034948,-0.05970944079852966,0.35927428923911886,0.2387699915332793,-0.12050429770583956,12.052093245693827,17.830627640259095,0,0,0,0,0,0,0,0,1,0,0,1
3998851,8766f16e-5195-46d5-a621-833ffaf7f8a9,1,13,38,England Women's,Hannah Hampton,Leah Williamson,19.7,40.8,24.9,50.2,10.742439,4.657751385829201,0.004120088338488235,0.01364236913030581,0.009522280791817574,0.053223571841773024,0.11194242857037517,0.05871885672860215,0.2533909281301419,0.39791164520556477,0.14452071707542286,17.187598073230212,13.976617967863564,0,0,0,0,0,0,0,0,1,0,0,1
3998851,e6114dc1-6e3a-4957-a9ba-54a3c40a2b95,1,13,41,England Women's,Leah Williamson,Lucy Bronze,27.4,52.3,36,69,18.784302,4.548262561242339,0.046537274431005804,0.03865537055524424,-0.007881903875761563,0.21529641676033756,0.16272109925161868,-0.05257531750871888,0.5707145014977942,0.4069414885358654,-0.1637730129619288,9.795672156878272,9.918345934316674,0,0,0,0,0,0,0,0,1,0,0,1
3998851,89f3fe2e-fe6a-44cf-bdda-d2f1faba713c,1,14,9,England Women's,Georgia Stanway,Lucy Bronze,20.6,17.7,30.4,57.9,41.37729,10.500241979570376,0.5025420426539039,0.010893650074874348,-0.49164839257902954,1.0000476666445013,0.08760729952075234,-0.912440367123749,1.6482056876094449,0.3315712779972719,-1.316634409612173,2.9185831797548283,13.916020976644496,1,0,1,0,2,0,0,0,0,0,0,0
3998851,bff918ed-4cb0-4c80-ad24-9a808f9a05cf,1,14,13,England Women's,Lucy Bronze,Lauren James,42,60.5,62.5,72,23.505318,14.84429546197002,0.022067370868671908,0.007657767209537085,-0.014409603659134823,0.15307235635937586,0.06200205509242242,-0.09107030126695344,0.5078227853258903,0.2518502910527449,-0.2559724942731454,13.059433464534727,14.683916254085691,0,0,0,0,0,0,0,0,1,0,0,1
3998851,e2cff404-7759-41e1-ad36-39049befb7fd,1,14,42,England Women's,Leah Williamson,Alessia Russo,36,59.2,107,56.2,71.063354,65.3952169249304,0.020951441632385045,0.5257727853500247,0.5048213437176396,0.14520439263429993,0.815933866192041,0.670729473557741,0.5146862305305697,1.2224834460282628,0.707797215497693,12.13469752268039,2.136345806917754,0,1,0,1,0,1,0,0,1,0,0,1
3998851,fa2e7c93-cfe8-4747-8523-79e005645a4b,1,14,50,England Women's,Alessia Russo,Lauren James,112.1,66.9,105.7,58.3,10.720075,4.8114922537497655,0.42558993412982254,0.7336350635093104,0.30804512937948786,0.7060486875289521,1.242968153431633,0.5369194659026809,1.14932309595286,1.9269919098505897,0.7776688138977297,2.672028588628084,2.0899186901637448,1,1,1,2,1,2,0,0,1,0,0,1
3998851,fee30b79-a34e-40ef-86e5-8c0282b823f1,1,14,51,England Women's,Lauren James,Alessia Russo,105.7,58.3,106.2,67.3,9.013878,-7.3651481803317616,0.8582679024484746,0.2707105895988177,-0.587557312849657,1.3604554737239718,0.7041378580957968,-0.656317615628175,2.018451865486062,1.327702252517743,-0.690749612968319,1.7408030666334264,5.468350123527454,1,0,2,0,2,2,0,0,1,0,0,1
3998851,2168a1b7-374e-4e18-abad-2014a9a70b8d,1,14,53,England Women's,Alessia Russo,Lucy Bronze,96.7,68.6,83.9,71.6,13.146863,-11.087064750225423,0.3708557038051304,0.042998969306895514,-0.3278567344982349,0.7945191857421272,0.23021691702861702,-0.5643022687135102,1.4970519464697098,0.6753577486917902,-0.8216941977779196,3.4656818899311492,10.570605591956548,0,0,1,0,1,0,0,0,0,0,0,0
3998851,4bbdd9a8-66be-4263-abc2-40a470c4f308,1,15,7,Netherlands Women's,Victoria Pelova,Kerstin Yasmijn Casparij,16.9,52.6,13.1,59.4,7.7897367,-4.778998262793792,0.54308952217412,0.09403143545207207,-0.44905808672204794,1.0003895298276733,0.32047063195600733,-0.6799188978716659,1.5795746579283139,0.7213883286471499,-0.858186329281164,2.949781626869571,7.780438460485424,1,0,1,0,2,1,0,0,1,0,0,1
3998851,167b90d8-c815-40ca-be08-043bb05c8f0b,1,15,9,Netherlands Women's,Kerstin Yasmijn Casparij,Daphne van Domselaar,12.7,59.4,2.8,47.4,15.55667,-8.393713692680606,0.2484973210333157,0.05303236573028882,-0.19546495530302688,0.5183325619342108,0.24474436034286154,-0.27358820159134933,0.9165804337888679,0.6274849240475501,-0.2890955097413178,4.370388004622865,10.579611723775068,0,0,1,0,1,0,0,0,1,0,0,1
3998851,d3e408c1-877a-4d62-89df-599e27f75733,1,15,12,Netherlands Women's,Daphne van Domselaar,Kerstin Yasmijn Casparij,2.8,51.3,8.8,72.7,22.22521,1.8352096825465054,0.2739616659248217,0.04166595079445523,-0.23229571513036645,0.5673831230229561,0.1969211109885268,-0.3704620120344293,0.9599259423052391,0.5210241002988992,-0.43890184200633986,4.226062406306391,10.079192246975653,0,0,1,0,1,0,0,0,0,0,0,0
3998851,a4992804-4a87-4429-b1af-bd527f37b9f7,1,15,21,England Women's,Alex Greenwood,Keira Walsh,65.9,9.6,67.7,18.1,8.6884985,5.356096037077492,0.22744683932248402,0.36712847982400953,0.1396816405015255,0.6838577020498174,0.9018069181669169,0.2179492161170995,1.4003131550574517,1.6555491345504956,0.2552359794930439,6.005230297536443,4.529009062832384,0,0,0,1,1,2,0,0,0,0,0,0
3998851,ef4f9604-3283-43e1-b87e-ce94bff9cd36,1,15,31,Netherlands Women's,Jackie Groenen,Veerle Buurman,35.8,23.1,27.2,31.6,12.091733,-7.300121133800658,0.7404017154355689,0.1929671233643918,-0.5474345920711771,1.1839866908677767,0.5941428857422242,-0.5898438051255526,1.7283899609411828,1.2389539870262174,-0.4894359739149654,2.140327653089013,6.328713622163937,1,0,2,0,2,1,0,0,0,0,0,0
3998851,1b50cb98-48af-4b17-ac1c-d144e88d74f3,1,15,38,England Women's,Leah Williamson,Lucy Bronze,51.8,60,75.4,62.2,23.70232,21.252401263485197,0.03616584252765662,0.23989524702505222,0.2037294044973956,0.20824071803497468,0.651811815084164,0.4435710970491893,0.6271388320524728,1.3442254007794618,0.7170865687269891,11.076016793349577,5.026653665703058,0,0,0,0,0,1,0,0,1,0,0,1
3998851,4aa5e261-7044-40d7-bf1c-6bfc3c18c0e5,1,15,41,England Women's,Lucy Bronze,Lauren James,77.9,61.8,95,68.2,18.258423,9.723315558467569,0.6708560183435869,0.09910070597467625,-0.5717553123689106,1.2472587110317863,0.3861439877773345,-0.8611147232544518,2.1462602101835295,0.9786149985370812,-1.1676452116464482,1.9580040878613079,8.094639932593832,1,0,1,0,2,0,0,0,1,0,0,1
3998851,2986327a-5a33-4d51-b78e-0b7db4f4b2eb,1,15,48,Netherlands Women's,Wieke Hendrikje Maria Kaptein,Jackie Groenen,26.4,33.3,26.4,27.3,6,-0.6181718527707716,0.7450424393251716,0.9659036351216911,0.22086119579651953,1.2955337006805072,1.5485145930737265,0.2529808923932193,2.11748091091828,2.3510927208827006,0.23361180996442066,1.8339270588724044,1.0724454592375396,1,1,1,1,2,2,1,1,1,0,0,1
3998851,4ea10c6c-0b9e-4524-9430-6fb8340c8d1e,1,15,51,England Women's,Ella Toone,Lauren James,91.2,50.2,96.3,59.6,10.694391,-0.20176950591922704,0.5720972757012185,0.44900787302326883,-0.12308940267794966,1.3571838022380258,1.0511393269326272,-0.3060444753053986,2.4998342786987933,1.9757632619685102,-0.5240710167302831,3.3268937276272403,3.7811292259792877,0,0,1,1,2,2,0,0,1,0,0,1
3998851,18465edb-a028-4d18-84db-50b70a0df698,1,15,55,England Women's,Lauren James,Leah Williamson,87.8,56.6,67.2,56.6,20.6,-19.1209283186733,0.4499002493593421,0.016744904520010696,-0.4331553448393314,1.0667435847295368,0.12633263173061018,-0.9404109529989266,2.017990160339874,0.4713205610587373,-1.5466695992811368,3.6096131201383255,13.825448207243852,0,0,1,0,2,0,0,0,1,0,0,1
3998851,e1f27263-fb34-4af7-b75d-d51e04a4f14d,1,16,42,England Women's,Ella Toone,Lauren James,72.8,39.1,81.8,46.8,11.844408,8.408064268195588,0.6736492103606854,0.7290828972723996,0.05543368691171424,1.4245347470297167,1.418723396956014,-0.0058113500737027035,2.498648170059502,2.4143673074897123,-0.0842808625697895,3.3555876613216333,2.274742907172165,0,1,2,1,2,2,0,0,1,0,0,1
3998851,856256ad-0559-4841-a1d8-6992c2e93432,1,16,56,England Women's,Alex Greenwood,Leah Williamson,84.3,22.4,65.9,34.4,21.967249,-14.586423296725734,0.2241805047773725,0.03418032068809799,-0.19000018408927452,0.6805242273108346,0.18891213783789998,-0.49161208947293467,1.435158349068542,0.5529597024554139,-0.8821986466131281,5.942192942113115,11.512404345636483,0,0,0,0,1,0,0,0,1,0,0,1
3998851,424f482a-487b-45e0-ab78-379feb1d3eb1,1,16,59,England Women's,Leah Williamson,Lucy Bronze,65.5,35.7,75.4,52.8,19.759048,8.268938819384232,0.05826435277348826,0.02076749419010072,-0.03749685858338754,0.2610284376575727,0.15361430947548022,-0.1074141281820925,0.6885324818892035,0.5667272802311953,-0.12180520165800812,10.583441330842266,12.349802625702734,0,0,0,0,0,0,0,0,1,0,0,1
3998851,a3263783-f766-4719-95dc-4f8cea7e2951,1,17,3,England Women's,Lucy Bronze,Georgia Stanway,85.2,56.2,94.2,71.2,17.492855,-2.0996180546736696,0.20134291118067374,0.014180896345516532,-0.1871620148351572,0.5787586635699196,0.11176348672641302,-0.46699517684350655,1.3096128046815898,0.44004774481729547,-0.8695650598642943,5.330673512777154,13.348871307139746,0,0,0,0,1,0,0,0,0,0,0,0
3998851,14840066-9f26-4659-b486-b72b18423779,1,17,16,Netherlands Women's,Daphne van Domselaar,Veerle Buurman,10.1,43.2,9.7,35,8.20975,-0.46669119337695975,0.05384473900652182,0.024669276758432324,-0.029175462248089496,0.22625661694257643,0.1491382504112649,-0.07711836653131152,0.5985577474042746,0.45662711867491895,-0.14193062872935563,9.07491407922834,12.278380109119473,0,0,0,0,0,0,0,0,1,0,0,1
3998851,2884f6f0-7294-44ff-82db-d8f07cf49fdf,1,17,19,Netherlands Women's,Veerle Buurman,Daphne van Domselaar,9.7,34.6,5,44.4,10.868763,-4.652037291309739,0.03902586805152353,0.011314691300565482,-0.027711176750958043,0.2036165521863326,0.08937969881619066,-0.11423685337014193,0.5805253041279136,0.3410093933072897,-0.2395159108206239,11.329335632263124,13.724232088459484,0,0,0,0,0,0,0,0,1,0,0,1
3998851,a11abb96-a7c1-41fc-89f3-f3c95f9cb242,1,17,23,Netherlands Women's,Daphne van Domselaar,Wieke Hendrikje Maria Kaptein,10.5,47,32.3,57.3,24.110786,20.333471978395522,0.06028518400449752,0.3531227427032348,0.2928375586987373,0.2280125582193063,0.7454044005000187,0.5173918422807123,0.5829850053377909,1.3483671921064104,0.7653821867686196,8.581434961768743,3.5398118322029504,0,0,0,1,0,1,0,0,1,0,0,1
3998851,e5e3a635-b97d-4dff-a60b-e9e229dbb39b,1,17,26,Netherlands Women's,Wieke Hendrikje Maria Kaptein,Jill Roord,34.9,53.9,49,56,14.255526,13.447229868748963,0.6837156941371579,0.5659582596765933,-0.11775743446056464,1.2798673321927032,0.9850554215083382,-0.29481191068436496,2.1127196784552593,1.675443897165368,-0.4372757812898913,2.4321395827444707,2.1291137691819597,1,1,1,1,3,1,0,1,0,0,0,0
3998851,e0b57a81-0503-476c-9ccb-b35c1e287bfa,1,17,30,Netherlands Women's,Jill Roord,Chasity Grant,44.7,62.4,35.3,74.4,15.24336,-12.857967209414142,0.6756452487141634,0.16559842330133506,-0.5100468254128283,1.15315842442225,0.5256541414523671,-0.6275042829698828,1.9304137559571573,1.1186938906558697,-0.8117198653012876,1.547511478724658,7.492867315881324,1,0,1,0,1,1,0,0,0,0,0,0
3998851,395f2672-f09f-4c7b-891d-888758f57bda,1,17,35,England Women's,Alex Greenwood,Leah Williamson,68.9,2.7,61.2,5.3,8.127115,-5.01008385307766,0.5031443588917476,0.1898605701285598,-0.31328378876318774,0.8711924344456461,0.5407383090822679,-0.33045412536337815,1.4432597493223323,1.133594559696246,-0.30966518962608625,2.432531987434302,5.781254624019629,1,0,1,0,1,1,0,0,1,0,0,1
3998851,9d711cbc-39e3-4e60-9163-3a2caa4e435f,1,17,38,England Women's,Leah Williamson,Hannah Hampton,56.1,6.6,27.4,29.2,36.530125,-21.125181804147005,0.3204636915802208,0.00012247823135973373,-0.32034121334886106,0.617500081103335,0.005831193934613045,-0.6116688871687219,1.069997454696861,0.051733406907706794,-1.018264047789154,3.5921871152390636,28.157889907564616,0,0,1,0,1,0,0,0,1,0,0,1
3998851,07fba0ce-e36e-4b53-8338-5e6d5bfa37b5,1,17,43,England Women's,Hannah Hampton,Jessica Carter,27.9,30.9,30,43.4,12.675173,2.4842744606589378,0.0010694379716713782,0.0049891494704062235,0.003919711498734845,0.023432219879964196,0.04922880042781663,0.025796580547852437,0.14288209192099574,0.21010180758694455,0.06721971566594881,22.518971945386994,16.027143672789283,0,0,0,0,0,0,0,0,0,0,0,0
3998851,a7bba3d9-6ed4-446f-b660-85a4fc11e2a7,1,17,46,England Women's,Jessica Carter,Hannah Hampton,30,43.4,28.7,32.7,10.778683,-1.5271758150983743,0.0192981739437204,0.004228931052268403,-0.015069242891451996,0.1070386822955656,0.0543034703428948,-0.052735211952670794,0.3412369301033825,0.25236789038086677,-0.08886903972251575,11.908132918681064,18.362172071393335,0,0,0,0,0,0,0,0,1,0,0,1
3998851,514953f3-85b8-439b-8a52-70d8d775a775,1,17,55,England Women's,Georgia Stanway,Hannah Hampton,37.3,42.9,26.2,31.4,15.983116,-11.442587217535333,0.17002685294483935,0.030036931592612975,-0.13998992135222638,0.5428780232325187,0.18149933209756824,-0.3613786911349504,1.1260287382293086,0.5431249133653973,-0.5829038248639113,7.196842697577262,11.62367786992047,0,0,0,0,1,0,0,0,1,0,0,1
3998851,a08c6e54-2961-41ae-9cfe-54c6efdca1da,1,18,2,England Women's,Hannah Hampton,Lauren James,25.7,32.7,65.9,74.6,58.06591,30.363989765823348,0.09007847707083505,0.19517656333608957,0.10509808626525452,0.3131340661486952,0.506418946621203,0.1932848804725078,0.7232520356351076,0.9311125449237753,0.20786050928866762,7.679351987174067,6.92867867791997,0,0,0,0,1,2,0,0,0,0,0,0
3998851,00ade222-2c0e-403e-946e-a19a565147f5,1,19,58,England Women's,Leah Williamson,Hannah Hampton,54,69.5,30.9,52.3,28.800173,-17.652175796432587,0.1105092573484089,0.0013842607135400292,-0.10912499663486887,0.3500310450163809,0.030734362856336836,-0.31929668216004403,0.8296764734104201,0.1915784504857976,-0.6380980229246225,6.889002458843407,22.064232510346976,0,0,0,0,1,0,0,0,1,0,0,1
3998851,0a1f35ce-cd84-4527-94f9-5e9b726521ed,1,20,3,England Women's,Hannah Hampton,Jessica Carter,31.3,51.9,37.3,28.4,24.253866,5.985112291332129,0.0024684893137070928,0.02473230160758919,0.022263812293882097,0.04300138916072136,0.12258785974413774,0.07958647058341639,0.24133302167630952,0.3760337592105804,0.1347007375342709,19.851297432000994,11.144872799816497,0,0,0,0,0,0,0,0,0,0,0,0
3998851,a58f9bd3-020f-44e0-8f8a-8934e9d2d4f4,1,20,31,Netherlands Women's,Dominique Johanna Anna Petrone Janssen,Daphne van Domselaar,16.9,71.8,6.7,43.6,29.987997,-5.464408021813128,0.7082659675329367,0.13347458191703968,-0.574791385615897,0.8540462127639359,0.3283693598032873,-0.5256768529606486,1.0843610678629394,0.6311347931789587,-0.4532262746839807,1.0464270864498788,6.0881433867358625,1,0,1,0,1,1,0,0,1,0,0,1
3998851,f7ce44d2-d907-4d68-a3aa-c401d115478f,1,20,35,Netherlands Women's,Daphne van Domselaar,Veerle Buurman,7.5,43.6,19.9,24.8,22.521101,11.310116157774218,0.18982545190272826,0.4993714179072383,0.30954596600451006,0.3981159351910408,0.7062002003077126,0.30808426511667175,0.695626378538399,0.9738527256236533,0.2782263470852543,5.01566619718759,2.111082295066167,0,1,0,1,1,1,0,0,1,0,0,1
3998851,a5e5bfa9-5c58-4331-ad51-f80197304e46,1,20,37,Netherlands Women's,Veerle Buurman,Jill Roord,20.4,26.5,43.9,28.2,23.561409,23.50133068536374,0.4993713567926161,0.4522253540469439,-0.047146002745672155,0.7062001456474174,0.7787087840935707,0.0725086384461533,0.9738526730927889,1.2431875843102933,0.2693349112175044,2.111082659242301,2.6716022364281047,1,1,1,1,1,1,0,0,1,0,0,1
3998851,4fc431b1-ddc6-4389-aa7c-74dcb171dd74,1,20,39,Netherlands Women's,Jill Roord,Jackie Groenen,43.9,28.2,34.9,23.5,10.153324,-9.675416420910281,0.4522253540469439,0.09708834320435593,-0.355137010842588,0.7787087840935707,0.45496315123451575,-0.32374563285905494,1.2431875843102933,1.1379986225107999,-0.10518896179949344,2.6716022364281047,10.918793098764798,1,0,1,0,1,0,0,0,1,0,0,1
3998851,f246a2aa-0c99-4fa0-9dcb-eef560ca20bd,1,20,40,Netherlands Women's,Jackie Groenen,Esmee Brugts,34.9,23.5,42.2,11.5,14.045996,3.828992770039406,0.11560802752322037,0.025723313612489328,-0.08988471391073105,0.4845455233490022,0.18520249764692154,-0.29934302570208066,1.1647835403912854,0.610954488816234,-0.5538290515750514,8.679622737706776,13.10090820620055,0,0,0,0,0,0,0,0,1,0,0,1
3998851,d987241d-2d18-48cd-b75e-49494ff7f08d,1,21,2,England Women's,Georgia Stanway,Hannah Hampton,28.7,31.8,12.5,35.2,16.552946,-15.939612464620993,0.3958587522468282,0.027044154200098296,-0.3688145980467299,0.8647679294927262,0.16483290236037365,-0.6999350271323526,1.5087515808361474,0.5213526261252671,-0.9873989547108802,4.2499482950936525,11.551355614205358,0,0,1,0,2,0,0,0,1,0,0,1
3998851,0065a9c0-98c2-4f8c-a456-95d61e525128,1,21,6,England Women's,Hannah Hampton,Alessia Russo,13.3,36.5,86.9,66.9,79.63115,64.10507320837385,0.27105058729094905,0.08552804729393869,-0.18552253999701035,0.6230813958933937,0.2887293074614101,-0.3343520884319836,1.098988679303039,0.6166453391555747,-0.4823433401474643,5.021625233019963,7.992679285524088,0,0,0,0,2,1,0,0,1,0,1,1
3998851,45a630d5-20d8-48d5-9d58-7bb6a347f6ab,1,21,14,England Women's,Alessia Russo,Lauren James,107.9,57.9,101,54.1,7.877182,-2.054286628849809,0.22957991379372064,0.32983203549814255,0.10025212170442191,0.4799132251011573,0.8559163269647148,0.37600310186355745,0.8580168834648882,1.6072025231102955,0.7491856396454073,4.536748383074775,5.030966259641934,0,0,1,0,1,2,0,0,0,1,1,1
3998851,636fcbe4-927c-4427-88db-4d659bbbc8db,1,22,53,Netherlands Women's,Jill Roord,Victoria Pelova,40.9,26.9,45.6,50.9,24.45588,4.983213042078717,0.3176371946074089,0.08317714855242588,-0.23446004605498305,0.7864246621613301,0.338384120293865,-0.4480405418674651,1.4244840368993257,0.793373962014718,-0.6311100748846077,5.092468985459451,9.713976645464063,0,0,0,0,2,0,0,0,1,0,0,1
3998851,1d9d9763-932c-40ea-8ee9-0b886094fafe,1,22,55,Netherlands Women's,Victoria Pelova,Kerstin Yasmijn Casparij,44.3,51.7,40.9,63.3,12.088011,-5.861468418839181,0.29699679433241055,0.1805880750871542,-0.11640871924525636,0.6912030308463142,0.4737446876614231,-0.2174583431848911,1.2138508943860706,0.9601168663770963,-0.2537340280089744,4.65869828490004,5.600399947537967,0,0,1,0,2,1,0,0,1,0,0,1
3998851,7b1c63ba-f94d-4555-b86e-445e3975310a,1,23,10,Netherlands Women's,Victoria Pelova,Wieke Hendrikje Maria Kaptein,58.4,69.7,57.2,78.2,8.584288,-5.119609455221692,0.16319196215144519,0.4851037714988797,0.32191180934743446,0.4419657418950678,0.7995785058890148,0.357612763993947,0.9473952456427394,1.306177676125109,0.3587824304823696,5.713699482839764,2.3486220973980028,0,1,0,1,1,1,0,0,1,0,0,1
3998851,c44f08db-27b9-47ad-addc-430cd8eee47c,1,23,26,England Women's,Lucy Bronze,Keira Walsh,47,72.4,50.2,62.1,10.785639,6.652045603646613,0.03386375774582948,0.17596790024886658,0.1421041425030371,0.16532392158075082,0.45688280877644943,0.2915588871956986,0.4576854662913596,0.894328373132897,0.43664290684153745,10.44890060255601,5.724919290052225,0,0,0,0,0,1,0,0,1,0,0,1
3998851,4990fac2-7e06-4a71-8cb5-52ea509b541d,1,23,27,England Women's,Keira Walsh,Lucy Bronze,50.2,62.1,43.8,72,11.788554,-9.431381956734441,0.3150523781766045,0.022437259683201947,-0.29261511849340255,0.6336503725249877,0.13912793085966205,-0.49452244166532566,1.1277254592012889,0.4449768259771295,-0.6827486332241594,3.752938679821183,11.961098115179233,0,0,1,0,1,0,0,0,1,0,0,1
3998851,19f6ca3f-6fea-4be0-901e-91d4afacb1cc,1,23,31,England Women's,Lucy Bronze,Leah Williamson,47.6,74.5,32.6,62.1,19.461758,-9.951005109901331,0.16557804714968544,0.008300963542744096,-0.15727708360694134,0.41906819832933795,0.08010087342275553,-0.33896732490658243,0.8565888282673338,0.3246096485222051,-0.5319791797451288,5.590930847715441,15.119422999387606,0,0,0,0,1,0,0,0,1,0,0,1
3998851,7447d2c1-a056-43cf-b69a-d76e6688725c,1,23,33,England Women's,Leah Williamson,Hannah Hampton,34.2,60.7,23.7,41.6,21.795872,-8.051577775595746,0.019521920254625083,0.0015265130352938383,-0.017995407219331246,0.1262563550600744,0.029198288212370384,-0.09705806684770402,0.42037855890166775,0.1748664139491092,-0.24551214495255855,12.203668176106126,20.095121639209772,0,0,0,0,0,0,0,0,1,0,0,1
3998851,fbfd440f-1357-438d-9996-c7cfd4b3e231,1,23,36,England Women's,Hannah Hampton,Jessica Carter,26.3,40.2,34.4,19.7,22.042233,5.7260695181583685,0.0021329802480926936,0.00486417483440827,0.002731194586315576,0.03795366156563368,0.05622054989387812,0.01826688832824444,0.20977691018546812,0.263719276364352,0.05394236617888387,19.59822453482815,16.41350031328733,0,0,0,0,0,0,0,0,1,0,0,1
3998851,54c1f4f7-feb4-4782-a6a1-2ac081e59ca3,1,23,40,England Women's,Jessica Carter,Hannah Hampton,34.6,24.2,24.5,36.6,15.992811,-8.711209635594258,0.06665117655954608,0.0036521063112454613,-0.06299907024830062,0.23442052898369636,0.052387011055927274,-0.1820335179277691,0.571671694149318,0.2571679148238586,-0.31450377932545936,8.25801529324779,18.359344308110835,0,0,0,0,0,0,0,0,1,0,0,1
3998851,a6294597-2ab0-4794-8a51-4d48722332fa,1,23,45,England Women's,Hannah Hampton,Jessica Carter,26.9,39.6,28.4,18.7,20.953758,-0.943013453213922,0.016765103531948895,0.04774628438444501,0.030981180852496116,0.11551665350178932,0.17926829592808946,0.06375164242630015,0.37963184865910216,0.444350599585172,0.06471875092606982,12.855881142689547,9.172788387915432,0,0,0,0,0,0,0,0,1,0,0,1
3998851,6feaf307-ba54-467a-87a3-9c57996970e2,1,23,47,England Women's,Jessica Carter,Hannah Hampton,28.4,18.7,20.7,34.7,17.756407,-5.397466751851766,0.4066597825707457,0.11503753628293029,-0.2916222462878154,0.6163327659320047,0.37122751562575945,-0.24510525030624525,0.8954057791696344,0.7655618118910609,-0.1298439672785735,2.7140079578626253,7.944209364568945,1,0,1,0,1,1,0,0,1,0,0,1
3998851,eb6cb744-9146-48a7-9fb1-a0978d71d0f2,1,23,54,England Women's,Ella Toone,Lauren James,49.6,61.3,63.4,75.3,19.658077,6.845985601512368,0.43270163294372316,0.20016304960053863,-0.23253858334318453,0.9388847589669684,0.475182617476293,-0.46370214149067546,1.593764291693636,0.9508818214532256,-0.6428824702404105,3.5782799449106233,5.045388371095515,0,0,1,0,1,1,0,0,0,0,0,0
3998851,0fd83f80-945a-4518-b394-f32c3660ac6a,1,23,57,England Women's,Lauren James,Lucy Bronze,59.8,75.3,49.6,73.5,10.357606,-8.17784172156638,0.6686726675715693,0.055424353424508015,-0.6132483141470613,1.1284997624328943,0.29895454035523406,-0.8295452220776602,1.709533310551961,0.8599594794790694,-0.8495738310728916,3.1688051077626107,10.801155672134575,0,0,2,0,2,0,0,0,0,0,0,0
3998851,182f3b03-bab4-4e55-9082-e69a6fcf5389,1,24,37,England Women's,Hannah Hampton,Jessica Carter,5,27.4,14.4,8.8,20.840345,5.575532074867411,0.15938612369738267,0.5604091741291216,0.4010230504317389,0.446151933960002,0.9058632563403818,0.45971132238037976,0.8497147438174922,1.3691303493006832,0.519415605483191,7.22284085485819,2.1268190517412315,0,1,0,1,1,1,0,0,1,0,0,1
3998851,fb587762-512e-4cc9-b392-7710a128b4bd,1,24,40,England Women's,Jessica Carter,Lauren Hemp,14.6,9.4,44.6,9,30.002666,28.228100061699067,0.5806407519476715,0.8649943429642553,0.28435359101658375,0.9312766818353204,1.0377978643387502,0.10652118250342979,1.3973543041225975,1.4391395932962423,0.04178528917364477,2.046674875040985,0.4858691515015706,1,1,1,1,1,1,0,0,1,0,0,1
3998851,113c4a3e-9ab9-4c34-a46e-73ba38ce1dec,1,24,48,England Women's,Lauren Hemp,Lauren James,55.5,37.4,56.5,55.2,17.828068,-0.741492307818362,0.8110930931216997,0.20215280965603202,-0.6089402834656678,1.4181454498418578,0.656560024226569,-0.7615854256152887,2.395522628892311,1.4192664028060447,-0.9762562260862662,1.5002291597960435,6.846583398182807,1,0,1,0,2,1,0,0,1,0,0,1
3998851,59945b53-4b42-41df-807c-3d31a248ea64,1,24,53,England Women's,Lauren James,Keira Walsh,57.5,40.8,55.5,44.3,4.031129,-2.13805463670154,0.2625601676393391,0.161056412393938,-0.10150375524540109,0.7606683655174911,0.5242437238731296,-0.2364246416443615,1.6436609606814854,1.2236045086279632,-0.42005645205352216,5.316711691446016,6.534973746546263,0,0,0,0,1,1,0,0,1,0,0,1
3998851,57f34e8a-1cf3-4042-8360-1c6fac0de2cc,1,24,57,England Women's,Keira Walsh,Lauren James,55.7,47.3,57.5,42.8,4.846648,2.150370399151285,0.1600406792370339,0.4768996464122242,0.3168589671751903,0.5085527172930883,0.9291257081722126,0.42057299087912436,1.0937113884603644,1.5822495193962474,0.48853813093588294,7.479119545249807,2.8900768427023964,0,1,0,1,2,2,0,0,1,0,0,1
3998851,6c80b65b-6e15-4af8-927b-e9f550347a81,1,24,57,England Women's,Lauren James,Keira Walsh,57.5,42.8,54.9,47.5,5.3712196,-2.967914976429469,0.4768996464122242,0.1733289592585117,-0.3035706871537125,0.9291257081722126,0.5307658306674076,-0.39835987750480506,1.5822495193962474,1.1239604469493472,-0.4582890724469002,2.8900768427023964,6.625465421830678,1,0,1,0,2,1,0,0,1,0,0,1
3998851,740d8d96-d4d7-45e3-94b1-c756fc2c4cda,1,25,0,England Women's,Keira Walsh,Lucy Bronze,55.1,52.8,63.4,72.6,21.46928,0.8331350541692188,0.2686231425989735,0.022657836078154036,-0.2459653065208195,0.7188815144987091,0.1265824927034503,-0.5922990217952588,1.4045813148922222,0.40037900004879734,-1.004202314843425,4.9929060129675,11.551129664932754,0,0,1,0,1,0,0,0,1,0,0,1
3998851,95aa6bca-dd32-4360-a40d-529c99351727,1,25,5,England Women's,Lauren James,Leah Williamson,64.8,66,49.2,63.9,15.740711,-13.708444077566462,0.7740381431023701,0.0089564460688398,-0.7650816970335302,1.289010606175815,0.10452331051681041,-1.1844872956590047,2.013206073052992,0.46228598685187033,-1.5509200862011217,1.550030496030044,16.65370423058587,1,0,1,0,2,0,1,0,1,0,0,1
3998851,5fc337d9-3ac5-49c5-a192-fd03bef66cd8,1,25,9,England Women's,Leah Williamson,Georgia Stanway,51.1,65.3,62.4,52.8,16.85052,14.39314433479057,0.10468585877241957,0.4591608291280958,0.3544749703556762,0.3103367283211197,0.8765997126756379,0.5662629843545182,0.7128564309054453,1.5866072303140064,0.8737507994085612,6.898194465371422,2.6406462313120236,0,1,0,1,1,1,0,1,0,0,0,0
3998851,f7c58cc2-321a-4895-a3e5-52e2fa216f11,1,25,11,England Women's,Georgia Stanway,Lucy Bronze,57.5,56.8,59.2,76.1,19.374725,-5.991072967512835,0.5867992228102463,0.07473361522015676,-0.5120656075900896,1.0678281495943043,0.31243510980222955,-0.7553930397920747,1.797254936032282,0.7788502202116895,-1.0184047158205924,2.130857902183616,8.970050045287522,1,0,1,0,1,0,1,0,0,0,0,0
3998851,6d6692c0-56b6-45b8-83cf-8edeee523146,1,25,17,Netherlands Women's,Wieke Hendrikje Maria Kaptein,Kerstin Yasmijn Casparij,48.4,23.5,50,55.7,32.239727,1.7375539380268066,0.28206646084516607,0.34980213328618953,0.06773567244102346,0.9155712888850404,0.6624598415662191,-0.2531114473188213,1.8988905232263442,1.1677207043357112,-0.731169818890633,7.441245288690469,3.3424162789456964,0,0,0,1,2,1,0,1,1,0,0,1
3998851,d04b7a9c-7ed1-4e78-9caa-3a137bc61518,1,25,20,Netherlands Women's,Kerstin Yasmijn Casparij,Chasity Grant,57.1,54.1,63.8,68.5,15.8823805,1.4475846878616565,0.347112107017942,0.010237611643024296,-0.3368744953749177,0.8189103141749448,0.1116705179028426,-0.7072397962721022,1.565651403668107,0.4628010365062065,-1.1028503671619005,3.9745339173828014,15.265796955002953,0,0,1,0,1,0,0,0,1,0,0,1
3998851,399892a8-7621-4f2f-a2e5-92d5d6aa6aab,1,25,34,Netherlands Women's,Chasity Grant,Victoria Pelova,104.7,73.9,99.4,57.7,17.04494,10.033028415846008,0.6105947362340681,0.49108122773154883,-0.1195135085025193,1.141602069617873,1.1663317060885035,0.024729636470630423,1.7802415153906503,2.1515809789407494,0.37133946355009906,3.003444123980703,3.8696162829820837,0,0,1,1,3,2,0,0,1,1,1,1
3998851,f3ce4b0b-f45a-48bd-89ca-957542fc069c,1,25,36,Netherlands Women's,Victoria Pelova,Vivianne Miedema,99.4,56.5,104.9,37.3,19.97223,11.053878862703266,0.8308111183162441,1.2579234435654687,0.4271123252492246,1.52622401745671,1.9802430041554326,0.45401898669872254,2.460636851536086,2.9210367011626377,0.46039984962655156,2.4809634921288826,1.609368673983956,1,2,2,2,3,3,0,0,0,1,1,1
3998851,43fe8c22-d48b-4e23-b6ef-117164f1476d,1,25,38,Netherlands Women's,Vivianne Miedema,Jill Roord,104.9,37.3,100.5,36.6,4.4553337,-4.454699550081989,1.3311481795029918,0.415431852209921,-0.9157163272930708,2.141109083499014,1.023767447605585,-1.1173416358934292,3.1473179230008324,1.9575045075748705,-1.1898134154259619,1.5747809713948975,3.788889709712151,2,0,3,1,3,1,0,0,0,1,1,1
3998851,eedb57a5-bcd0-4565-8d87-63c69e3d2f4c,1,26,12,England Women's,Ella Toone,Lauren James,56.1,62.7,54.9,69.8,7.2006946,-3.7841976759918907,0.6622454639671551,0.6857250670112053,0.023479603044050168,1.225636206968448,1.4287509644924896,0.2031147575240415,1.9351254486002383,2.2887517542714813,0.353626305671243,2.74306000804076,3.893830893339,1,0,2,2,2,4,0,0,1,0,0,1
3998851,8ef74622-d818-466d-a0b0-7faa3a71a8e1,1,26,14,England Women's,Lauren James,Leah Williamson,50.5,66.8,33.8,57.4,19.163769,-13.450427970937994,0.9562463471845593,0.023555114885516735,-0.9326912322990425,1.648662307611224,0.16864135183182913,-1.4800209557793949,2.3844183269358212,0.5813959735360631,-1.8030223533997582,2.2970774219288663,12.388202640299804,1,0,2,0,4,0,0,0,1,0,0,1
3998851,32a8c166-2e40-4b04-974b-010644c6b668,1,26,18,England Women's,Leah Williamson,Hannah Hampton,34.6,56.2,19.6,40,22.078043,-13.477045609344358,0.1875413721410747,0.0007600387945690823,-0.1867813333465056,0.44213734198071664,0.01867624549365838,-0.42346109648705826,0.8598500793794008,0.11839876211338246,-0.7414513172660184,5.1733988607370645,23.004259987003625,0,0,0,0,1,0,0,0,1,0,0,1
3998851,a6c3dee4-d169-4089-970b-60f371d0060f,1,26,24,England Women's,Hannah Hampton,Lucy Bronze,23.3,44.7,43.8,73,34.944813,13.775365739787873,0.024530262702484876,0.12487147947928816,0.10034121677680329,0.1486280502498997,0.3311591016211534,0.18253105137125372,0.4448605867145636,0.6979168897361527,0.25305630302158916,12.147942004183657,6.316452379894464,0,0,0,0,0,1,0,0,1,0,0,1
3998851,90195157-cf2b-4e9e-b492-5505588af215,1,26,27,England Women's,Lucy Bronze,Lauren James,43.8,73,50.9,65.7,10.18332,9.314299005803349,0.16356412985196095,0.4701048848445012,0.30654075499254024,0.39124654089468464,0.9049427136390367,0.5136961727443521,0.7768086752294928,1.515267590341442,0.7384589151119493,5.514259619981693,2.85740481967649,0,1,0,1,1,1,0,0,1,0,0,1
3998851,4cf06058-b1a8-4987-b0b1-fc540dfb90f8,1,26,33,England Women's,Lauren James,Georgia Stanway,36.3,48.9,47.2,20.8,30.140007,8.882539355377858,0.9851943889595259,0.15824669592509244,-0.8269476930344335,1.671402273689271,0.5037746139189204,-1.1676276597703508,2.4682187106421147,1.110414445119907,-1.3578042655222078,1.5481108553684462,6.852395873176725,1,0,2,0,4,1,1,0,1,0,0,1
3998851,ffc3f7c0-5158-443e-a6b5-c818fd619526,1,26,35,England Women's,Georgia Stanway,Lauren Hemp,47.6,16.7,58.4,6.2,15.062868,5.7930979223340415,0.4957494145802505,0.017713464216376023,-0.4780359503638745,0.8417447728312736,0.1312701845708267,-0.7104745882604468,1.3785068446307491,0.4510854607342387,-0.9274213838965104,2.3931231974488067,13.407631695447463,1,0,1,0,1,0,1,0,1,0,0,1
3998851,10920694-ca49-4563-95f9-edc48ead6e7b,1,26,39,England Women's,Lauren Hemp,Georgia Stanway,66.5,4.3,60.2,14.9,12.330855,-0.5365732180808891,0.40236698334760607,0.1265389293300836,-0.2758280540175225,0.6537908123724644,0.44235893533492787,-0.21143187703753652,1.0584838199969464,1.0411812284997741,-0.01730259149717228,2.7914234281876733,7.283614136296934,1,0,1,0,1,1,0,0,1,0,0,1
3998851,4b2202ef-3c00-49fc-878a-77eea0498112,1,26,42,England Women's,Georgia Stanway,Lucy Bronze,61,19.3,76.8,72,55.017544,8.764962254940059,0.4145075225123914,0.006522233012755039,-0.40798528949963636,0.87583966158317,0.057960087002944624,-0.8178795745802253,1.58055244095113,0.2512594170522267,-1.3292930238989034,3.4704227884522094,15.189592705389286,0,0,1,0,1,0,0,0,1,0,0,1
3998851,1f933e68-e698-4267-a159-4bff7e559784,1,26,46,England Women's,Lucy Bronze,Lauren James,77.6,74.5,78.4,61.9,12.625371,7.650247784176443,0.022197695125684605,0.13724845116443418,0.11505075603874958,0.11893860882117117,0.5072550647540446,0.3883164559328734,0.38573215795857935,1.2040584385634152,0.8183262806048359,11.504882764663536,7.671254259945614,0,0,0,0,0,1,0,0,1,0,0,1
3998851,c277c030-a749-4abc-a2b2-a5ce649df2d3,1,26,49,England Women's,Lauren James,Ella Toone,78.4,61.9,84.3,53.2,10.511898,8.95025920153386,0.33863708757348193,0.657132687900106,0.3184956003266241,0.8609545125505189,1.3398310169258016,0.47887650437528273,1.6390430995328864,2.321277651439398,0.6822345519065114,4.4845702135544245,2.738637918349594,0,1,1,1,1,3,0,0,1,0,0,1
3998851,9f77bab3-f23d-4d7a-b7cb-00b808e55c2f,1,26,50,England Women's,Ella Toone,Lauren James,84.3,53.2,76.4,62.1,11.90042,-10.818996514126596,0.77555826801562,0.4724025308947307,-0.3031557371208893,1.498389917637951,1.1934773171824062,-0.3049126004555447,2.4815621078799412,2.15241949270979,-0.3291426151701513,2.528626934452235,4.779486475900575,1,0,1,1,3,3,0,0,1,0,0,1
3998851,a1fe659b-0add-4280-ad80-9f37dbdb93d0,1,26,53,England Women's,Lauren James,Keira Walsh,79,60.9,80,49.5,11.443775,4.907019586293551,0.704538989186738,0.33818714635871755,-0.3663518428280204,1.3505511383514524,0.9475582824196147,-0.40299285593183765,2.246928587601118,1.951336116650566,-0.29559247095055197,2.210192484204319,4.745288897652551,1,0,1,1,2,2,0,0,1,0,0,1
3998851,735a74a4-df1f-40d4-a1e0-800a2c9fc317,1,26,55,England Women's,Keira Walsh,Ella Toone,80,51.2,92,51.6,12.006665,11.230661171167554,0.7430712941417479,0.6224097243441143,-0.12066156979763354,1.368992061618109,1.4343758300599352,0.06538376844182614,2.3372131220994596,2.5191842399633817,0.18197111786392206,1.7773135627550238,4.504151725755338,1,0,1,2,2,3,0,0,0,0,0,0
3998851,bdefb085-5485-4895-ad0a-bf88100ac5e3,1,26,57,England Women's,Ella Toone,Alessia Russo,88.2,49.5,98.7,51.4,10.67052,9.029853586875028,1.0927953165944773,1.0289704120096246,-0.06382490458485268,1.9129127836189093,1.5725813543951583,-0.3403314292237509,3.0315699526076356,2.527592923821307,-0.5039770287863288,1.0767723499701547,0.4505422263361261,1,1,1,1,4,2,1,1,0,0,0,0
3998851,0bd6174d-bf90-4ed2-b357-5940362e8d5d,1,27,11,Netherlands Women's,Victoria Pelova,Chasity Grant,34.8,65.8,41.1,75.8,11.819053,2.3785919108551923,0.27006770707992256,0.18982288658328117,-0.08024482049664139,0.6909291462493136,0.5136287311455221,-0.17730041510379146,1.3345111529825466,1.0427464333231315,-0.2917647196594151,5.692408988343688,5.758155933031485,0,0,0,0,2,1,0,0,1,0,0,1
3998851,43a18ccf-923d-4792-b21e-00e8ba735ccc,1,27,15,Netherlands Women's,Chasity Grant,Kerstin Yasmijn Casparij,34.6,76,15.5,75.4,19.109423,-17.65545607739513,0.9206984957612647,0.010212052808583295,-0.9104864429526814,1.42821984862571,0.10487490507960856,-1.3233449435461015,2.019449480066937,0.4212456480740467,-1.5982038319928904,1.8510205677855385,15.409096017791274,1,0,2,0,2,0,1,0,1,0,0,1
3998851,d5e2fac6-e334-4090-83de-961f2e0c67e2,1,27,18,Netherlands Women's,Kerstin Yasmijn Casparij,Daphne van Domselaar,13.9,69.3,8.2,47.4,22.629627,-1.9732934610130002,0.015292619352530484,0.01899820609026209,0.0037055867377316053,0.12359316584442429,0.10257232163069162,-0.021020844213732667,0.44138602047400016,0.31235372106148457,-0.1290322994125156,14.082802146934515,11.930851394607071,0,0,0,0,0,0,0,0,1,0,0,1
3998851,36fd4ea9-1045-40da-9903-bd2a7570121d,1,27,21,Netherlands Women's,Daphne van Domselaar,Kerstin Yasmijn Casparij,8.8,48.6,10.7,64.6,16.112417,-0.5020884087758191,0.11119776169100945,0.01863475787074651,-0.09256300382026295,0.2823886330917225,0.12875788259924403,-0.15363075049247849,0.548999608093446,0.42097449868089254,-0.1280251094125534,6.601699278241059,12.837060109213283,0,0,0,0,1,0,0,0,1,0,0,1
3998851,f846e876-3520-4f13-9a5e-29f94dc0b0c0,1,27,25,Netherlands Women's,Kerstin Yasmijn Casparij,Daphne van Domselaar,12.9,61.8,3.6,45.8,18.506485,-7.24825483795955,0.11496102807027413,0.004743584152853231,-0.1102174439174209,0.3554586695959157,0.0607032531072995,-0.2947554164886162,0.7628866344296169,0.28329801821354256,-0.47958861621607435,6.925321635939065,17.836491469250756,0,0,0,0,1,0,0,0,0,0,0,0
3998851,9b3670b6-c010-48d8-b507-5435e66460ac,1,27,35,England Women's,Lauren James,Ella Toone,84.7,62.1,77.4,59.3,7.8185678,-5.120715799972828,1.10692658151382,0.4086824505667199,-0.6982441309471001,1.6727436054165052,0.982775418282325,-0.6899681871341803,2.371200339537547,1.7957549260080234,-0.5754454135295235,1.5994748609458653,5.239001971271987,2,0,2,0,3,2,0,0,0,0,0,0
3998851,aa8c0dd0-08aa-419a-80c0-271c1643c520,1,27,44,Netherlands Women's,Esmee Brugts,Wieke Hendrikje Maria Kaptein,30.1,26.9,47.1,38.9,20.808653,17.94113731412571,0.4957181674164911,0.8912885660081425,0.39557039859165144,0.9698740778842853,1.3775907259170947,0.4077166480328095,1.6202742186348,2.104687964180281,0.4844137455454811,3.059229943184268,0.9629601173620601,0,1,1,1,2,2,0,0,1,0,0,1
3998851,ee4f5e27-7d2c-4bf2-9178-fca6a737e521,1,27,45,Netherlands Women's,Wieke Hendrikje Maria Kaptein,Victoria Pelova,47.4,37.3,40.1,43.1,9.323626,-7.309925794099954,0.8912893491126244,0.23665985853713478,-0.6546294905754896,1.3775911955852609,0.8344934127842011,-0.5430977828010598,2.104688264262448,1.7800913883401202,-0.32459687592232767,0.9629564441356854,8.190974054120481,1,0,1,0,2,0,0,0,1,0,0,1
3998851,7dea388c-b09b-476e-90eb-c27e885b8607,1,27,49,Netherlands Women's,Victoria Pelova,Kerstin Yasmijn Casparij,49.2,52.1,41.7,67.7,17.309246,-11.22875566096586,0.4458198530330946,0.005393088664286339,-0.4404267643688083,1.0695669237920813,0.07489305863979018,-0.9946738651522911,2.068760882634703,0.36901425158622503,-1.6997466310484777,3.623661488002542,17.453574626754992,0,0,1,0,2,0,1,0,1,0,0,1
3998851,59f1500f-8e6f-4647-9b8b-15a95faeb890,1,27,56,Netherlands Women's,Dominique Johanna Anna Petrone Janssen,Veerle Buurman,35.4,44.8,35.4,24.3,20.5,-1.3084044484968018,0.0629135210078181,0.0051800157431275765,-0.05773350526469052,0.22930528741862283,0.06264627318972413,-0.1666590142288987,0.5815371279118774,0.27706693628734985,-0.30447019162452754,8.409298187342765,17.197299581103007,0,0,0,0,0,0,0,0,0,0,0,0
3998851,4f56d85d-0af9-4cf5-bf9f-32a0fcfa393f,1,28,13,England Women's,Jessica Carter,Alex Greenwood,22.7,33.5,21.1,23.6,10.02846,-2.7336658228247757,0.023613967456826517,0.007996584319618444,-0.015617383137208073,0.16144594650232583,0.0882569174060629,-0.07318902909626293,0.543128009731151,0.36504689074102925,-0.1780811189901218,12.08161528506028,16.837138850808927,0,0,0,0,0,0,0,0,0,0,0,0
3998851,d30d63ab-7041-40c9-b46e-20f155fd5f62,1,28,15,England Women's,Alex Greenwood,Jessica Carter,21.7,23.4,18,35.3,12.461942,-2.4164519100529986,0.015687684783812553,0.0256217976102621,0.009934112826449546,0.1272757549774971,0.14661084473927058,0.019335089761773477,0.4500919530374449,0.476709595892772,0.026617642855327084,13.896597838470898,11.245005535159489,0,0,0,0,0,0,0,0,1,0,0,1
3998851,8fda1618-f798-4f09-82d3-56aa88053f30,1,28,17,England Women's,Jessica Carter,Hannah Hampton,18,35.3,13.8,42.2,8.077747,-4.114557853030064,0.0577369761406398,0.007880894211027816,-0.04985608192961198,0.2220296605499136,0.07874611664169336,-0.14328354390822023,0.5868963725103942,0.3290794944799958,-0.2578168780303984,8.683628812412952,15.637419912629133,0,0,0,0,0,0,0,0,1,0,0,1
3998851,994ecbc9-c14b-493f-a24f-1a5fb47871bc,1,29,14,England Women's,Lauren James,Leah Williamson,73.8,71.2,68.9,68.8,5.456189,-2.908690932064424,0.08525758609853554,0.056341161833016074,-0.028916424265519464,0.36454982159819754,0.2966415658448265,-0.06790825575337106,0.9729758862293161,0.8703447476803662,-0.1026311385489499,8.425403662486808,10.205728018232392,0,0,0,0,0,0,0,0,1,0,0,1
3998851,dc2f2dc6-beb0-4f0e-b25c-1cea7c45fb62,1,29,15,England Women's,Leah Williamson,Lucy Bronze,70.7,68.8,77.4,74.7,8.927485,2.1517342293627237,0.11330371300384275,0.07292835315118869,-0.04037535985265406,0.39706414582477634,0.287710473441337,-0.10935367238343935,0.9788797072278661,0.732489744647305,-0.24638996258056112,7.115395871847794,8.475192287413174,0,0,0,0,1,0,0,0,1,0,0,1
3998851,9405e5d1-c81c-4d50-bff6-2361328abe15,1,29,18,England Women's,Lucy Bronze,Georgia Stanway,78.2,74.7,85.3,67.4,10.18332,10.112459054669806,0.27564515893456837,0.847353420132328,0.5717082611977595,0.6745119211581206,1.4300557457618996,0.755543824603779,1.279213471931915,2.222272886713845,0.9430594147819298,5.13666427186864,1.4831287907065047,0,1,0,1,2,3,0,0,0,0,0,0
3998851,5a8a828b-c7aa-46cd-8c06-ffc28a9e039d,1,29,42,Netherlands Women's,Daphne van Domselaar,Veerle Buurman,8.6,40.5,13.5,18.2,22.831995,2.692842723427759,0.011749205275565769,0.002200122290866075,-0.009549082984699694,0.0887486572965715,0.04007525586078322,-0.04867340143578828,0.3372889183504581,0.23181524826477995,-0.10547367008567815,13.582410581792097,19.875537637385705,0,0,0,0,0,0,0,0,0,0,0,0
3998851,97ac378e-1447-42a7-9b99-e4e02c69a193,1,29,52,England Women's,Lucy Bronze,Keira Walsh,48.4,74.1,43.8,68.6,7.170077,-2.084868770631445,0.10748767483852906,0.15191906372839137,0.04443138888986231,0.3015190565490183,0.5098496591555544,0.20833060260653607,0.6300150383462031,1.0454224391680245,0.41540740082182137,6.779908541955864,8.01723676469154,0,0,0,0,1,0,0,0,1,0,0,1
3998851,5b0e589c-2f2a-4616-8554-672e57dff491,1,29,53,England Women's,Keira Walsh,Ella Toone,43.6,70.4,55.1,67.2,11.936917,11.856647395189128,0.3080292840070234,0.2466426635402994,-0.061386620466723996,0.7668618114336951,0.7655874884434815,-0.0012743229902136832,1.3700925297921278,1.5706956640794634,0.20060313428733556,5.234509982466879,5.825460061856106,0,0,0,0,2,1,0,0,1,0,0,1
3998851,ec5e7760-47ad-40aa-8123-e23c4b1cf3ef,1,29,57,England Women's,Ella Toone,Lauren James,62.4,70.6,70.7,74.7,9.257429,4.936137385037341,0.9322007387339377,0.11332665517283827,-0.8188740835610995,1.4697763487554691,0.41510026352517615,-1.054676085230293,2.269753488435582,1.0089518351998534,-1.2608016532357285,0.9304631411201049,7.697715351253819,1,0,1,0,3,1,0,0,1,0,0,1
3998851,465dbdca-878f-4e12-985b-9e59e610275a,1,30,0,England Women's,Lauren James,Keira Walsh,69.5,71.8,77,75.3,8.276473,4.044687429486572,0.7650092493655328,0.24656128087294182,-0.518447968492591,1.3489740423414527,0.6806988508070774,-0.6682751915343753,2.1165967927983065,1.354552671390856,-0.7620441214074505,2.779809110831726,5.82174254301702,1,0,2,0,2,2,0,0,1,0,0,1
3998851,352fd259-b93f-44ab-94c9-c91973ff2e41,1,30,2,England Women's,Keira Walsh,Ella Toone,77.6,75.3,92.2,74.7,14.612324,10.70841652505436,0.5227999917674965,0.10416873055748009,-0.41863126121001637,1.0234439055330349,0.4171555680706433,-0.6062883374623915,1.6920082390832951,1.0248750184894346,-0.6671332205938605,3.7657590292245016,8.456676407024505,0,0,2,0,2,0,0,0,0,0,0,0
3998851,f556bafc-b6f9-4c00-8c9e-e8540f07a5d2,1,30,38,England Women's,Ella Toone,Lauren James,116.5,71.2,105.4,71.4,11.101802,-3.2326117733922253,0.9849465649241802,0.3838266639427653,-0.6011199009814149,1.4278413222770219,0.906448562463207,-0.5213927598138148,2.112611414801723,1.6901221667611441,-0.42248924804057886,0.8073785060635316,5.219046258520392,1,0,1,0,2,2,1,1,0,0,0,0
3998851,7439f816-8b82-4957-98d1-0ac6f2bd7527,1,31,7,England Women's,Jessica Carter,Keira Walsh,35.3,20.3,48.8,26,14.65401,14.397444133005635,0.14735082503525096,0.12371578051552659,-0.02363504451972437,0.4123987280627123,0.40287284827039604,-0.009525879792316283,0.7958980656694589,0.8207124613722421,0.02481439570278321,6.33271837956347,7.428179418788098,0,0,0,0,1,1,0,0,1,0,0,1
3998851,0eb1fb68-f662-4841-805b-ee549fe12f33,1,31,9,England Women's,Keira Walsh,Georgia Stanway,48.4,23.6,52.3,13.7,10.640489,0.8251458736846331,0.18445860042422804,0.24884922704254098,0.06439062661831293,0.501002228756868,0.6872246937923248,0.1862224650354568,0.9858828688469106,1.3474112118976762,0.36152834305076564,5.604500081549193,6.430103307086295,0,0,0,0,1,2,0,0,1,0,0,1
3998851,ba414440-4694-47ee-8f1e-d0a908309812,1,31,11,England Women's,Georgia Stanway,Lauren Hemp,54.3,15.7,69.1,4.7,18.440174,8.107123928608594,0.492373963419949,0.052274390236054104,-0.44009957318389487,1.0126855660723546,0.25758007594651233,-0.7551054901258423,1.6949541888781796,0.7372548949960355,-0.9576992938821441,3.571676831474465,9.931505314345781,0,0,1,0,2,0,0,0,1,0,0,1
3998851,0b47bbe4-dcf8-4c1f-bbab-7799954782fa,1,31,14,England Women's,Lauren Hemp,Alex Greenwood,69.1,3.5,58.8,4.3,10.331021,-8.217128714689139,0.6951341700532333,0.1603429199400611,-0.5347912501131722,1.0673971198804943,0.5125059001075442,-0.5548912197729502,1.6160240147007219,1.1339024509935505,-0.4821215637071714,1.6669215700629347,6.567974211708309,1,0,1,0,2,1,1,0,1,0,0,1
3998851,eff998dd-5f92-44aa-a406-56bc9613b495,1,31,15,England Women's,Alex Greenwood,Keira Walsh,58.8,4.3,55.5,18.7,14.773287,2.925475210959476,0.35711444991096314,0.2779023751441235,-0.07921207476683961,0.719601696145445,0.7369230613631026,0.01732136521765759,1.316319260095078,1.484626820803647,0.16830756070856911,3.369604868476613,5.955908905121693,0,0,1,0,1,2,0,0,1,0,0,1
3998851,a824f917-5985-4829-8a5a-706ca2a23bd6,1,31,21,England Women's,Keira Walsh,Lauren Hemp,68.9,10.4,76.2,15.1,8.682166,8.670925518769259,0.9994151993056262,0.7009652769920311,-0.298449922313595,1.5259336424894845,1.4859092383193695,-0.04002440417011499,2.2818922933982235,2.5063645378604256,0.22447224446220204,1.4729111405282378,4.108037751460037,1,0,2,2,2,3,1,0,0,0,0,0
3998851,8530392d-cff1-4482-bacd-ac8441ab950d,1,32,56,Netherlands Women's,Daphne van Domselaar,Veerle Buurman,14.5,45.2,13.5,31.2,14.035668,-1.234875693275967,0.048206046179870635,0.002794355387870361,-0.045411690792000275,0.29110044462277473,0.04651026403260557,-0.24459018059016918,0.8608308497254542,0.25108508816196556,-0.6097457615634887,11.67535586632437,18.576707311312685,0,0,0,0,0,0,0,0,1,0,0,1
3998851,b8e54898-c933-447f-a0d3-e20661595a8a,1,32,59,Netherlands Women's,Veerle Buurman,Esmee Brugts,15.5,27.9,42.5,14.4,30.186918,23.57950731499119,0.009163219978205746,0.0021850318248331163,-0.0069781881533726295,0.07858473372549568,0.03747722266171738,-0.0411075110637783,0.29861693552352386,0.2053461342133096,-0.09327080131021426,14.531729529228105,20.02945367004322,0,0,0,0,0,0,0,0,1,0,0,1
3998851,3f2c5f7e-88b5-436c-ab0e-b180da0c926b,1,33,6,Netherlands Women's,Jill Roord,Victoria Pelova,66.6,22.3,64.6,12.9,9.610411,-5.416090191082766,0.6926830831448645,0.253802271072686,-0.4388808120721785,1.3582127166401032,0.6695600724101901,-0.6886526442299131,2.270243103291185,1.3416696051956007,-0.9285734980955844,2.914836847398141,5.181057931697549,1,0,2,0,3,1,0,0,1,0,0,1
3998851,0c938617-65ef-4a89-937b-a7ebd9f4846c,1,33,11,Netherlands Women's,Victoria Pelova,Esmee Brugts,79,6,73.9,8.9,5.866856,-2.3460356147559907,0.18401290144788449,0.0725972615745492,-0.11141563987333529,0.5070867808004805,0.31657063275735264,-0.1905161480431279,1.060579215886154,0.8683170533907082,-0.1922621624954458,5.681137299773313,8.832928161358943,0,0,0,0,1,0,0,0,1,0,0,1
3998851,11c7c9b8-8b4b-4c56-a8df-2c68fe42f6bf,1,33,12,Netherlands Women's,Esmee Brugts,Jill Roord,73.9,8.9,71.7,17.4,8.780091,2.2836466605500263,0.0855523208041453,0.08923830907380371,0.0036859882696584217,0.33485537677595933,0.4182807222840482,0.08342534550808889,0.8838806744777322,1.132482525266385,0.24860185078865282,8.055894713739129,9.427175981845702,0,0,0,0,0,0,0,0,1,0,0,1
3998851,e3e06fb1-fc98-40da-828d-205efa4b95b4,1,33,15,Netherlands Women's,Jill Roord,Dominique Johanna Anna Petrone Janssen,70.5,22.3,57.3,45.4,26.60545,-10.362723549180771,0.16695336601114774,0.009337921693715051,-0.15761544431743268,0.5359332173127009,0.09847167735095663,-0.4374615399617443,1.2500371615881873,0.4367510262139806,-0.8132861353742067,6.191495178185975,15.202097531747276,0,0,0,0,1,0,0,0,1,0,0,1
3998851,ef49933b-f31c-4fb7-a5b0-94cdeb994eb8,1,33,20,Netherlands Women's,Dominique Johanna Anna Petrone Janssen,Veerle Buurman,63.8,47.2,59.1,33.4,14.578408,-4.597258623297996,0.2554102077203272,0.01576756641668332,-0.23964264130364388,0.543347326336194,0.1306539424246932,-0.4126933839115008,1.0764246552301242,0.5034432001253908,-0.5729814551047334,4.230315954124896,13.631560226557209,0,0,1,0,1,0,0,0,1,0,0,1
3998851,fc2ca11f-32e0-4772-a3bd-109054f8cc71,1,33,23,Netherlands Women's,Veerle Buurman,Victoria Pelova,60.3,30.8,68.2,28.5,8.228001,7.3435272677094545,0.030112333841704492,0.2791680102615655,0.249055676419861,0.1865362082133849,0.6764925247305102,0.48995631651712535,0.6115556279206148,1.3394272915400538,0.727871663619439,11.846809328505644,4.544648491128349,0,0,0,1,0,1,0,0,1,0,0,1
3998851,22b4d6bb-8ebe-457a-8121-44b1c759d56f,1,33,25,Netherlands Women's,Victoria Pelova,Dominique Johanna Anna Petrone Janssen,64.4,35.8,57.7,51.2,16.794344,-7.540328726515881,0.6435316815841838,0.058631489912275125,-0.5849001916719088,1.0125211288224103,0.24787501319063332,-0.764646115631777,1.5965163452012654,0.6948108528186132,-0.9017054923826522,1.7683390864078135,8.940640360675017,1,0,1,0,2,0,0,0,1,0,0,1
3998851,ef07e0f5-7da2-4256-b2be-808dcaf1813d,1,33,27,Netherlands Women's,Dominique Johanna Anna Petrone Janssen,Jackie Groenen,62.4,58.5,66,70.7,12.720063,-1.6187284279652232,0.17000509966185856,0.01700212730186193,-0.15300297235999663,0.4110110928841483,0.12841695107269455,-0.2825941418114537,0.8537938447694069,0.46454289047338093,-0.38925095429602596,5.419144146856457,14.114952888700005,0,0,0,0,1,0,0,0,1,0,0,1
3998851,e3a5f526-3a7c-448c-832b-6a714e6c0945,1,33,30,Netherlands Women's,Jackie Groenen,Kerstin Yasmijn Casparij,70.5,70.7,83.2,77,14.176742,6.062559614806027,0.24251791130600037,0.07952955900791835,-0.162988352298082,0.5352691746486912,0.26495080290090506,-0.2703183717477861,1.056154846581457,0.6722138284128341,-0.3839410181686229,4.457156841615785,7.700265691269797,0,0,1,0,1,1,0,0,1,0,0,1
3998851,7324b44d-bad5-4169-8400-d56158001c21,1,33,32,Netherlands Women's,Kerstin Yasmijn Casparij,Chasity Grant,83.2,77,97,67.7,16.641214,16.180644526585723,0.3667745949276637,0.8484203101257258,0.48164571519806215,0.594770253693034,1.2156954675631908,0.6209252138701568,0.9712894472730423,1.862432108150381,0.8911426608773386,3.0315791695943455,0.8078140917407335,0,1,1,1,1,1,0,1,1,0,0,1
3998851,130a004e-d33b-4439-bc16-ff892f2fd23c,1,33,35,Netherlands Women's,Chasity Grant,Kerstin Yasmijn Casparij,96.2,69.7,101.5,74.6,7.218033,-1.175757135347105,1.1109453247859236,0.7505462814364915,-0.36039904334943207,1.606897268237287,1.1881582421813792,-0.41873902605590785,2.232686561432989,1.7474732045334083,-0.4852133568995809,1.3003610576057716,2.0492828680923343,2,1,2,2,2,2,0,0,1,0,0,1
3998851,61312120-1dda-4c11-bc6c-6cae4dcf1183,1,33,44,Netherlands Women's,Dominique Johanna Anna Petrone Janssen,Jackie Groenen,57.9,75.8,69.9,73.3,12.25765,11.522898699950176,0.5977483544600252,0.1502503295153702,-0.44749802494465496,0.7444986915395841,0.44214219712344954,-0.3023564944161346,0.8966470186709329,0.8968672374334897,0.00022021876255684525,1.5455464775802186,6.5656447453991005,1,0,1,0,1,1,0,0,1,0,0,1
3998851,f5da19c7-8a2f-4424-bc50-6b3b4a498c42,1,33,47,Netherlands Women's,Jackie Groenen,Dominique Johanna Anna Petrone Janssen,65.6,75.2,52.4,76.4,13.254434,-11.9820183730006,0.41408232123317046,0.11355088052802499,-0.3005314407051455,0.7938660889354133,0.34156334005666683,-0.4523027488787465,1.2893778186686218,0.7088138352233839,-0.5805639834452379,3.3309148296728184,7.012874955074872,0,0,1,0,2,1,0,0,1,0,0,1
3998851,6b6416cc-eab6-4549-8cf8-1a0786af3e03,1,35,12,Netherlands Women's,Jackie Groenen,Veerle Buurman,29.1,29.6,14.5,26.5,14.925482,-14.867231733794483,0.856819081626306,0.0663039683289235,-0.7905151132973826,1.3469011816184049,0.2958972493073968,-1.051003932311008,1.9765254620760353,0.804227970504561,-1.1722974915714743,1.9664522495483923,9.023991738833837,1,0,2,0,2,0,0,0,1,0,0,1
3998851,4c1f2b60-18fa-4d37-baae-bb9296a05e71,1,35,14,Netherlands Women's,Veerle Buurman,Daphne van Domselaar,14.5,26.5,4,40.5,17.5,-9.640840650288553,0.0663039683289235,0.018595013839826837,-0.047708954489096664,0.2958972493073968,0.10844205609812076,-0.18745519320927606,0.804227970504561,0.3603684959522275,-0.4438594745523335,9.023991738833837,12.068918972788204,0,0,0,0,0,0,0,0,1,0,0,1
3998851,02267c17-679c-4882-8c32-b7fe98d1069c,1,35,16,Netherlands Women's,Daphne van Domselaar,Veerle Buurman,3.6,42.5,8.2,25.5,17.61136,3.6904700842141978,0.01859501438758053,0.007109253100061932,-0.011485761287518598,0.10844205800789844,0.0687127142379334,-0.039729343769965036,0.3603684998898471,0.29012740809436965,-0.07024109179547744,12.068918884319276,15.203502395368679,0,0,0,0,0,0,0,0,1,0,0,1
3998851,6e94d366-71a0-4b11-8831-04b79c573064,1,35,19,Netherlands Women's,Veerle Buurman,Daphne van Domselaar,8.2,25.5,3.6,38.9,14.167568,-3.668823578998044,0.021973297197369,0.09032098732575573,0.06834769012838673,0.12366483697464302,0.25816623021122226,0.13450139323657923,0.38509739255799247,0.5297291542088326,0.14463176165084013,11.613709127016959,7.268020819206278,0,0,0,0,0,1,0,0,0,0,0,0
3998851,da560cd2-a057-4954-9e85-9d0718319d1f,1,35,20,Netherlands Women's,Daphne van Domselaar,Veerle Buurman,4,40.7,8.8,24.1,17.280046,3.6711279002168595,0.09032097435161218,0.04829468708650712,-0.042026287265105065,0.25816621064806833,0.19110073573984318,-0.06706547490822515,0.5297291338741352,0.48305234879148734,-0.04667678508264789,7.268021264454557,9.222586181408984,0,0,0,0,1,0,0,0,0,0,0,0
3998851,ddd1a9a3-2a02-44f7-ac59-f5780d9f29a8,1,35,26,England Women's,Keira Walsh,Lucy Bronze,79.4,66.6,74.4,68.8,5.4626,-5.3954718247789515,0.48278100212111774,0.22061801125952665,-0.2621629908615911,0.8567856254662233,0.5472084969398364,-0.30957712852638686,1.4379582918297986,1.0908127196278932,-0.34714557220190545,2.4696589811642187,4.942829567295647,1,0,1,1,1,1,0,0,1,0,1,1
3998851,a78dba11-a510-4259-8f83-1e95cc006df2,1,35,27,England Women's,Lucy Bronze,Keira Walsh,75,66.8,78.2,73.5,7.4249578,-1.1916721382979816,0.44023229947728937,0.37493894097583363,-0.06529335850145573,0.8703872650329068,0.8326064711220239,-0.03778079391088285,1.4757925276635215,1.5139482110646258,0.03815568340110431,3.408894465456913,3.701386477434468,0,0,1,1,2,1,0,0,1,0,1,1
3998851,0f663886-56ea-40fe-a0fd-08fbb814978d,1,35,32,England Women's,Lauren James,Alessia Russo,84.9,75.5,93,64.1,13.984634,13.731242703033594,0.387743800504362,0.8337851098317143,0.44604130932735225,0.8474304904279362,1.5314097381342318,0.6839792477062956,1.4977131959041026,2.5140983707394384,1.0163851748353359,4.225466915010753,2.7463565065215065,0,1,1,2,2,2,0,0,0,1,1,1
3998851,a95aeac7-0efc-4546-b771-c037eee1beea,1,35,33,England Women's,Alessia Russo,Keira Walsh,94,64.1,104.2,71.8,12.780063,-0.05735594317408044,0.9566787840538257,0.4088740122236054,-0.5478047718302202,1.6473392905640531,0.9368345736463983,-0.7105047169176548,2.6090102887853317,1.7173664954071217,-0.89164379337821,2.497438218167053,4.1093752497002125,2,0,2,1,2,2,0,0,0,1,1,1
3998851,d73d5eb2-5e58-4ddf-af90-3c442862c8c8,1,35,35,England Women's,Keira Walsh,Lauren Hemp,106,71.4,112.2,39.4,32.595093,26.55660225445018,0.3869616636104319,0.9834785780648662,0.5965169144544342,0.9058638587635032,1.5369998963188993,0.6311360375553962,1.6800235309209206,2.3392203815948984,0.6591968506739778,4.537888670734921,1.0058818025304066,0,1,1,1,2,3,0,0,0,1,1,1
3998851,9c403a18-2aec-44c2-b5b2-9d610d25b9d0,1,36,56,England Women's,Lauren Hemp,Ella Toone,104.6,12,100.3,22.8,11.624543,5.803538820881677,0.4548625653467926,0.4891420748546721,0.0342795095078795,0.8745565312976932,1.2529827349604703,0.3784262036627771,1.5381886905349995,2.2705050920102887,0.7323164014752892,2.7396805577506704,5.765217938642591,1,0,1,0,1,4,0,0,1,0,1,1
3998851,4bb76d7f-f954-4603-8527-abc8c342ddd4,1,37,0,England Women's,Ella Toone,Lauren Hemp,111.5,20.8,109.4,5.8,15.146287,-14.807646790895028,1.6164263618378454,0.7478884085744982,-0.8685379532633472,2.283111505777549,1.1125378500304075,-1.1705736557471416,3.112120720594667,1.6949746432367774,-1.4171460773578897,1.1604342846248485,1.2017853848662332,2,1,3,1,3,1,1,0,1,1,1,1
3998851,01732139-d6a6-45ec-a0b9-e1311af91695,1,37,2,England Women's,Lauren Hemp,Alex Greenwood,109.4,5.5,100.1,3.7,9.472592,-5.30517099032879,0.7421413414405431,0.3293048547293931,-0.41283648671115003,1.0779747507923265,0.7200595866291112,-0.35791516416321534,1.6422019079990928,1.2850447896799582,-0.35715711831913466,1.1217982998278453,4.164868667434265,1,0,1,1,1,2,0,0,0,1,1,1
3998851,fe077866-f9db-4a9e-8817-5e9ac0acdf83,1,37,4,England Women's,Alex Greenwood,Alessia Russo,100.1,3.7,108.4,37.3,34.60997,29.486780019651647,0.6818007036792691,1.5945258121265342,0.9127251084472651,1.072112068210559,2.2170707603459645,1.1449586921354056,1.631704600114837,3.097422756354293,1.465718156239456,1.639774947592974,0.7096562211211609,1,2,1,2,2,2,0,0,0,1,1,1
3998851,f3da3895-b4ce-4100-af39-b05f11dab496,1,40,13,England Women's,Alex Greenwood,Lauren James,112.7,70.4,97.5,63.9,16.531485,-1.5604890572393906,0.15495887381377926,0.23003006612727167,0.07507119231349241,0.3806162907094141,0.5195869646644768,0.13897067395506274,0.8425678996411143,1.0888254368056502,0.2462575371645359,5.65042251363517,4.558302191808332,0,0,0,1,1,1,0,0,0,1,1,1
3998851,ed0fd682-f09f-4af6-b752-1e5dba727c4e,1,40,15,England Women's,Lauren James,Alessia Russo,98.7,65.3,112.2,35.8,32.442257,24.213451106424884,0.25798154615553115,1.5426428766702014,1.2846613305146701,0.5519177968896886,2.611069985864889,2.0591521889752005,1.1141810861126094,3.8024339615082083,2.688252875395599,4.213329636337193,0.846403704451513,0,1,1,2,1,6,0,0,0,1,1,1
3998851,51ae4636-392b-4a36-b670-ec3c3b558ee7,1,40,22,Netherlands Women's,Daphne van Domselaar,Chasity Grant,14.1,52.7,36.6,74.3,31.189901,16.480922022343066,0.7626228425925042,0.0535306591721888,-0.7090921834203154,1.3427099017433517,0.22521167577229184,-1.11749822597106,2.170848627280071,0.6283765149287771,-1.5424721123512937,2.3205026211673494,9.037738065793084,1,0,2,0,2,0,0,0,1,0,0,1
3998851,153b0fe4-657a-4846-a516-403837e92f68,1,40,31,Netherlands Women's,Chasity Grant,Kerstin Yasmijn Casparij,49.4,72.3,51.4,77.6,5.6648035,-0.5906975016840619,1.062840292222282,0.5724935679164483,-0.4903467243058336,1.6365918533654291,1.019547666273646,-0.6170441870917831,2.4311933691411722,1.6729245961584653,-0.7582687729827069,0.7729022977004069,2.3673358708540113,1,1,1,1,3,2,1,0,0,0,0,0
3998851,cc530b88-aa76-4c10-b235-12e349b9b085,1,40,55,England Women's,Georgia Stanway,Hannah Hampton,43,7.6,13.8,28,35.62022,-23.336842845582424,0.8887100191605847,0.0031652002854211723,-0.8855448188751635,1.3820965486839731,0.04160606168029059,-1.3404904870036825,2.0980850333878207,0.207211787989571,-1.8908732453982497,1.2849467134366501,17.669612908597234,1,0,2,0,2,0,1,0,1,0,0,1
3998851,24a6b162-67fa-4b1e-b0a4-dcab69b7cd1b,1,41,9,Netherlands Women's,Wieke Hendrikje Maria Kaptein,Esmee Brugts,20.2,7.5,14.7,4.8,6.1269894,-6.069093564474912,0.5635524537823429,0.6469110869923963,0.08335863321005343,0.8419761243668799,0.9469203937410631,0.10494426937418322,1.189392644460615,1.282211288366941,0.09281864390632588,1.9764143274343553,1.753689485161349,1,1,1,1,1,2,0,1,1,0,0,1
3998851,9067f3a9-cb47-42d9-a2fd-4da8dcb7c694,1,41,14,England Women's,Lauren James,Leah Williamson,78.8,74.7,63.4,68.6,16.564117,-9.549603637861964,0.6334030301082381,0.010012178372178259,-0.6233908517360598,1.092924021516808,0.09174305053893714,-1.0011809709778707,1.6585011131977803,0.3690021843859898,-1.2894989288117904,2.962342272346035,15.044135375282858,1,0,2,0,2,0,0,0,1,0,0,1
3998851,c791f159-3211-4e7e-b4c0-2750bc20b854,1,41,16,England Women's,Leah Williamson,Lauren James,62.4,66.2,65,73.9,8.127115,-1.3293780165041085,0.07913426284044894,0.03792575677039335,-0.04120850607005559,0.29797728930503564,0.1870178592888489,-0.11095943001618674,0.734511449679341,0.5319943391199726,-0.20251711055936839,8.32829184633203,10.603982689231998,0,0,0,0,0,0,0,0,1,0,0,1
3998851,8e9d8f5e-7dc7-4999-9aa6-a5abe08d0353,1,41,18,England Women's,Lauren James,Leah Williamson,65,73.9,59.8,68.2,7.7155685,-1.8695389984569744,0.12372831284052375,0.04744688484200455,-0.0762814279985192,0.3361737692258194,0.24105448062129017,-0.0951192886045292,0.7186662604849425,0.7234808356370384,0.0048145751520958235,6.417939426213907,10.091388337800089,0,0,0,0,1,0,0,0,1,0,0,1
3998851,fc0d4462-610c-410f-9494-ca678b94e242,1,41,24,England Women's,Leah Williamson,Keira Walsh,63.8,70.6,69.5,75.1,7.262231,2.4905430124946335,0.17482495015018515,0.10066705044397851,-0.07415789970620663,0.5130520011996254,0.3964375716394881,-0.11661442956013723,1.1236380536106683,0.9784012332461627,-0.14523682036450558,5.905149434174391,8.070678712024833,0,0,0,0,1,0,0,0,1,0,0,1
3998851,529bdadc-854a-44eb-b3d8-78acf0d2d102,1,41,34,England Women's,Lauren Hemp,Lauren James,84.9,47.9,84.9,57.4,9.5,-3.1980918349731198,0.7093069426983678,0.23079611741288988,-0.47851082528547795,1.467366796289842,0.7722165811466377,-0.6951502151432043,2.5079850129217984,1.6842534438633572,-0.8237315690584412,3.888622743048576,6.840677837966859,0,0,2,0,3,1,0,0,1,1,1,1
3998851,8a562bee-bc4f-403f-8844-eb842523dd29,1,41,37,England Women's,Lauren James,Alessia Russo,91.6,57.2,112.1,38.5,27.747793,25.161265353925565,0.24575222576159084,1.7157449855302846,1.4699927597686937,0.8176179155489904,2.366074278214056,1.5484563626650656,1.7858159416080726,3.2426646283176086,1.456848686709536,6.784853014111363,0.3719070698172172,0,2,0,2,2,4,0,0,0,1,1,1
3998851,eb718f2b-2432-4572-a99e-8a4cee1d4157,1,42,21,England Women's,Ella Toone,Alex Greenwood,99.3,12.4,99.3,3.1,9.3,-7.809573384755367,0.6996280684022693,0.2153250808495439,-0.4843029875527254,1.3843748551946684,0.6428525918950607,-0.7415222632996077,2.3898080799596073,1.395494439123577,-0.9943136408360302,2.3209911354318353,6.305126582581342,1,0,1,0,2,2,0,0,0,0,0,0
3998851,0e498e01-7c84-4090-a421-909fa6a102c8,1,43,14,England Women's,Alessia Russo,Georgia Stanway,102.9,41.2,98.4,40.4,4.570558,-4.4616498336312596,2.346028389403792,1.1718212141480067,-1.1742071752557852,3.8556112821587933,2.579679978363984,-1.2759313037948092,5.41579428399618,4.222056154108042,-1.1937381298881382,0.8134152663550716,3.4381928647432134,2,0,4,2,7,6,0,0,0,1,1,1
3998851,04dad4f9-10e4-4519-ba30-89ec2f5eb6fa,1,43,32,Netherlands Women's,Dominique Johanna Anna Petrone Janssen,Daphne van Domselaar,14.7,57.3,7.6,42.7,16.234838,-5.720756558152232,0.5522994900338304,0.114926488969594,-0.4373730010642364,0.7761032209241057,0.29328877866183506,-0.4828144422622706,1.128120103598604,0.5863703813803244,-0.5417497222182796,1.8316999484683985,6.512827173103731,1,0,1,0,1,1,0,0,1,0,0,1
3998851,48f8b143-3419-4a85-b10d-8d5288dd735a,1,43,34,Netherlands Women's,Daphne van Domselaar,Wieke Hendrikje Maria Kaptein,7.6,43.1,20,38.9,13.091982,12.436691167024051,0.11492655939928058,0.8154990304699503,0.7005724710706698,0.2932888781128003,1.2518582478597355,0.9585693697469353,0.5863704816305463,1.7113306759587323,1.1249601943281862,6.512825315857491,1.926160479492534,0,1,0,2,1,2,0,0,1,0,0,1
3998851,00ed763e-3fe4-46cd-a80e-8d29293b3cc2,1,43,42,Netherlands Women's,Wieke Hendrikje Maria Kaptein,Victoria Pelova,46.3,53.3,63.2,72.3,25.428528,9.548812701864847,0.4006381418679486,0.11466740968703301,-0.2859707321809156,0.9421950381629323,0.42386046920946346,-0.5183345689534689,1.7150874470215656,1.041860518872525,-0.6732269281490406,3.869185504944785,7.31960223830035,0,0,1,0,1,1,0,0,0,0,0,0
3998851,ca6d4517-254e-4798-b132-b2063be1f0ba,1,43,48,Netherlands Women's,Victoria Pelova,Jill Roord,69.2,70.3,79,66,10.701869,10.601119022352925,0.276944074310541,0.6519538216479476,0.37500974733740655,0.6296945932472322,1.192021348348758,0.5623267551015259,1.2390991742005182,2.0230029587561402,0.783903784555622,4.208881180431915,1.9840171697410005,0,1,1,1,1,2,0,0,0,0,0,0
3998851,5a3b48e6-4073-44cb-a6c4-a3841b007cc5,1,43,57,England Women's,Lauren Hemp,Lauren James,84.9,25.6,92,51.2,26.566332,7.782107115091154,0.5958870871054112,0.1496368472097747,-0.4462502398956365,1.1308919093818133,0.4800714129770817,-0.6508204964047315,1.8113439213977514,1.0796866744050233,-0.731657246992728,2.443865274030992,6.28508723381366,1,0,1,0,2,1,1,0,1,1,1,1
3998851,60d712df-4923-4cf3-bbe7-9118e05f2f06,1,44,19,England Women's,Lauren James,Lucy Bronze,104.2,72,98.7,68.8,6.3631754,-0.13271075856503245,0.7764659092677777,0.5367681985456066,-0.23969771072217105,1.3416632204219339,1.2938313464282316,-0.047831873993702256,2.082673969748044,2.271812695758413,0.18913872601036896,2.1190678535762353,4.724626033899513,1,0,2,1,2,3,0,0,1,0,0,1
3998851,651deb59-9507-4da8-976c-d7ee789d6a94,1,44,20,England Women's,Lucy Bronze,Lauren James,98.7,68.8,101.3,74.5,6.264982,-3.421265251386586,0.701622102628581,0.39625886542509053,-0.3053632372034905,1.4849775853648317,0.9700563182409956,-0.5149212671238361,2.441444924173281,1.7972875581180163,-0.6441573660552649,3.747767776443259,4.548334036556326,0,0,2,1,4,2,0,0,1,0,0,1
3998851,9df9b6e0-7d0b-42b2-8bbf-8f25645912d8,1,44,22,England Women's,Lauren James,Keira Walsh,100.9,74.7,91.4,71.2,10.1242285,-2.7155912175255636,0.5333893554704402,0.5604783474806172,0.027088992010177004,1.1222765864219149,1.137292825671648,0.015016239249733054,1.939149106158064,2.0188905806883373,0.07974147453027336,3.2763685601074592,2.5607631246913347,0,1,1,1,3,1,0,1,1,0,0,1
3998851,643b5e52-3981-46b4-8b3b-a6ef84c170b0,1,44,23,England Women's,Keira Walsh,Lauren James,91,71.2,93.6,75.1,4.6872168,-1.3237970177164513,0.8364292312344871,0.6265021793248298,-0.20992705190965733,1.3524006160000368,1.2023690927216355,-0.1500315232784013,2.1690044519647875,1.9973658376460761,-0.1716386143187114,1.1060940250437867,2.9601654533401143,1,1,1,2,2,2,1,1,1,0,0,1
3998851,b2543b1d-8cae-4e49-8e50-040b96186f88,1,44,25,England Women's,Lauren James,Leah Williamson,85.7,71.4,69.5,73.9,16.391766,-14.321035880450381,0.5750807927629922,0.059978010753438386,-0.5151027820095538,1.1925240009974538,0.2623625961461602,-0.9301614048512936,2.0758476333876485,0.7326748806000591,-1.3431727527875894,2.6644338112172483,8.937630378556694,1,0,1,0,1,0,0,0,1,0,0,1
3998851,3043c083-31c2-4cba-a351-f21dbefeae22,1,44,27,England Women's,Leah Williamson,Jessica Carter,65.5,73,60.4,50.7,22.875751,3.159374259958902,0.08918558025401496,0.03519909107848583,-0.05398648917552913,0.3247947557849276,0.18335032339540822,-0.1414444323895194,0.817229148447467,0.5794379355439822,-0.23779121290348482,7.712544080377586,10.408170047598947,0,0,0,0,1,0,0,0,1,0,0,1
3998851,2341af24-7230-42d2-b871-e7c1d455b7ed,1,44,30,England Women's,Jessica Carter,Alex Greenwood,57.1,44.7,54.3,34.1,10.963576,-2.8890325669351,0.2161106417756486,0.09044975148818787,-0.12566089028746072,0.46298432579027315,0.3256207209509064,-0.13736360483936677,0.9037338130937261,0.7756865041630054,-0.1280473089307207,4.666192215378423,8.189833893783145,0,0,1,0,1,0,0,0,1,0,0,1
3998851,64aaae22-0bbd-4b38-955e-b8208287a399,1,44,32,England Women's,Alex Greenwood,Georgia Stanway,54.5,36.6,66.5,36.8,12.001667,11.992569419299173,0.622426717987841,0.7212199841288132,0.09879326614097217,0.9800920241423354,1.1728032512804414,0.19271122713810596,1.446898233753531,1.9141207838896077,0.4672225501360767,2.0790766528265303,1.4131861011854245,1,1,1,1,2,1,0,1,1,0,0,1
3998851,e51550b2-693a-4a8e-8cff-90f77d01b303,1,44,33,England Women's,Georgia Stanway,Jessica Carter,64.4,36.8,44.2,52.2,25.400787,-21.083506731904542,0.820295750162839,0.027092911928588682,-0.7932028382342503,1.2532133895950035,0.17272168882501887,-1.0804917007699846,1.970896863349321,0.5535710689230621,-1.417325794426259,0.9953093397153432,11.779568606359888,1,0,1,0,1,0,1,0,1,0,0,1
3998851,e18a17fb-818d-43eb-9c81-f547287c5b81,1,44,39,England Women's,Jessica Carter,Hannah Hampton,43.2,51.6,28.4,39.6,19.053608,-13.92977191121858,0.19692458016043843,0.002429244148062659,-0.19449533601237576,0.43955081096648957,0.031741159159359475,-0.4078096518071301,0.8434181698012229,0.1595704724274972,-0.6838476973737256,4.953319574103889,18.164468019133487,0,0,1,0,1,0,0,0,1,0,0,1
3998851,b714d295-30ac-4940-a5b7-0684796326d1,1,44,47,England Women's,Leah Williamson,Lucy Bronze,31.8,59.5,79.4,62.1,47.670956,44.10468581126597,0.05775914736191617,0.9930165970829669,0.9352574497210507,0.19878811570093072,1.5113384810239125,1.3125503653229817,0.46286787874716206,2.1626908767766975,1.6998229980295354,8.600215878503196,2.2185705509275846,0,2,0,2,0,2,0,0,1,0,0,1
3998851,2ce3ac8b-fbd3-4b10-bdec-2d7feef9c048,1,44,50,England Women's,Lucy Bronze,Lauren James,79.4,62.1,74.4,72,11.090987,-9.482599575104842,1.0330924063599125,0.035201551517021486,-0.997890854842891,1.5620500728189806,0.19436024254045783,-1.3676898302785228,2.2184576447357083,0.5958051461196241,-1.6226524986160842,2.028030515040533,10.72979520620211,2,0,2,0,2,0,0,0,1,0,0,1
3998851,fce2ef7d-2893-4cbe-ae6e-9b12d67f3943,1,44,54,England Women's,Lucy Bronze,Keira Walsh,84.1,66.8,76.8,64.1,7.7833157,-4.667554600327996,0.878868581609623,0.11790214657292833,-0.7609664350366947,1.462032817425327,0.4477103016995495,-1.0143225157257776,2.188401211309994,1.0912911486861425,-1.0971100626238517,1.671259643519054,7.7472343428967685,1,0,1,0,3,1,0,0,1,0,0,1
3998851,775dd0f6-1ab7-4bbf-b666-3e5928657953,1,44,55,England Women's,Keira Walsh,Lauren James,76.8,64.1,77,70,5.903389,-2.9632407083414734,0.1670496271682857,0.1976646914375896,0.03061506426930391,0.5399050150170649,0.5734013295166214,0.03349631449955648,1.2107492043159984,1.2322653891771067,0.02151618486110829,6.609072967129962,5.781104746025118,0,0,0,0,1,1,0,0,1,0,0,1
3998851,88e64a02-20ee-4560-b523-82d07c8b228d,1,44,56,England Women's,Lauren James,Keira Walsh,77.6,70.4,76.8,67.2,3.2984846,1.122243526836975,0.23207545862387405,0.23808788350669785,0.0060124248828238025,0.6925237862375292,0.687762329505648,-0.0047614567318812195,1.4564367636363775,1.394917919393366,-0.06151884424301146,5.672164111427704,5.559532838323677,0,0,0,0,1,1,0,0,1,0,0,1
3998851,02eeb97c-c889-43f3-afe8-2425caaa3fe4,1,44,57,England Women's,Keira Walsh,Lauren James,76.8,66.8,77.6,73.2,6.449806,-3.0138668451742916,0.38945866121828915,0.2718515825130533,-0.11760707870523585,0.8983088871700932,0.7400849691404261,-0.15822391802966707,1.6709394559019985,1.483507122768291,-0.18743233313370755,3.856468219629239,5.079501283988159,0,0,1,0,1,1,0,0,0,0,0,0
3998851,3c79e742-5367-496b-ae66-fe606e20ffb0,1,44,59,England Women's,Lauren James,Alex Greenwood,77.4,70,76,51.6,18.453184,6.599952350984751,0.33908487140765814,0.10795929430985225,-0.2311255770978059,0.8621187388714503,0.48751832894611313,-0.37460040992533716,1.6381192657710315,1.2921009740750902,-0.34601829169594134,4.998488163220627,8.745891585009712,0,0,1,0,2,0,0,0,0,0,0,0
3998851,b2c0f834-ae5c-4482-85fe-9605008aed6e,1,47,15,Netherlands Women's,Jackie Groenen,Wieke Hendrikje Maria Kaptein,78.2,70.5,85.7,74.6,8.547514,3.024349255911261,0.5277754601518347,0.31878279391918457,-0.20899266623265017,0.9911760526807388,0.8666021886455557,-0.12457386403518311,1.659463518052144,1.6781716055853395,0.018708087533195528,3.2566618819014104,5.132760407957812,0,0,1,0,2,1,0,0,1,0,0,1
3998851,42355b80-cced-4d1f-be6f-01762b2e86cb,1,47,17,Netherlands Women's,Wieke Hendrikje Maria Kaptein,Kerstin Yasmijn Casparij,89.5,74.3,95,77,6.1269894,1.2450103429007129,1.0656578423272591,0.6435155362201529,-0.42214230610710624,1.6709756674623473,1.2197511186652181,-0.45122454879712914,2.4298933364545747,1.9735342457427945,-0.45635909071178027,2.1151366723441134,2.991579768266833,2,1,2,2,2,2,0,1,1,0,0,1
3998851,7085e3bf-f9de-4cb0-8434-53081b705f07,1,47,31,Netherlands Women's,Victoria Pelova,Veerle Buurman,76.9,27.3,64.6,21.2,13.72953,-13.570820273835672,0.44129080061856985,0.018824457357283348,-0.4224663432612865,0.8335786723182743,0.11207658713442106,-0.7215020851838533,1.4793486226247414,0.38550299881306727,-1.0938456238116743,2.855105454034013,12.064409414617089,1,0,1,0,1,0,0,0,1,0,0,1
3998851,7a9ba520-2b58-49a6-b5e2-019659bd04e1,1,47,35,Netherlands Women's,Veerle Buurman,Dominique Johanna Anna Petrone Janssen,64.6,21.2,59.9,45.4,24.65218,-1.8391166410261661,0.03490620119515525,0.009340111541857604,-0.025566089653297645,0.16824040459868203,0.09752439723686067,-0.07071600736182136,0.5082801727779369,0.43585632582894046,-0.07242384694899645,10.293199863378398,15.76339202739347,0,0,0,0,0,0,0,0,1,0,0,1
3998851,79f94e7c-f74a-4cfb-b09b-96545f6be20e,1,47,38,Netherlands Women's,Dominique Johanna Anna Petrone Janssen,Jackie Groenen,63.8,46.6,70.5,61.8,16.611141,2.498418409322312,0.027812892536013198,0.04901332471933652,0.02120043218332332,0.18723754229659817,0.2669204535459608,0.07968291124936261,0.6511416202747788,0.8203902994636415,0.16924867918886266,12.661069171987418,10.154079633515705,0,0,0,0,0,0,0,0,1,0,0,1
3998851,1311b7a5-c391-4bb0-821b-01240bbd413f,1,47,41,Netherlands Women's,Jackie Groenen,Wieke Hendrikje Maria Kaptein,70.5,61.8,84.8,54.1,16.241306,16.16880639120582,0.2508040698664313,0.5073071484594392,0.25650307859300797,0.5437185792621086,1.2248342008207853,0.6811156215586767,1.097396473257059,2.3550823957846725,1.2576859225276136,4.273637565746293,3.455925723774117,0,0,1,1,1,2,0,0,1,0,0,1
3998851,adf8ccd4-df27-439b-819c-03eec060eacf,1,47,43,Netherlands Women's,Wieke Hendrikje Maria Kaptein,Victoria Pelova,84.8,54.1,82.8,27.9,26.276224,-1.199417385484999,0.5689521876212718,0.2998795918652237,-0.269072595756048,1.2463906426499933,0.8613319414317131,-0.38505870121828023,2.3219024080462316,1.8544560559591783,-0.4674463520870533,2.6767417058826126,4.727445609920643,1,0,1,1,1,1,0,0,1,0,0,1
3998851,db89cac8-457c-4016-a74b-9d66cdc8561c,1,47,46,Netherlands Women's,Victoria Pelova,Esmee Brugts,84.8,22.3,99,6,21.617817,-0.5628631178754304,0.6618125870219055,0.010300940055123806,-0.6515116469667817,1.1652055294913286,0.09945234975598585,-1.0657531797353428,2.0081339694687963,0.4068854008214042,-1.601248568647392,1.8554922814633403,15.392437575398159,1,0,1,0,2,0,0,0,1,0,0,1
3998851,072deb11-d4fc-4152-86e3-4d6d14e8befc,1,47,53,Netherlands Women's,Esmee Brugts,Victoria Pelova,98.4,26.1,95.8,33.2,7.5610847,0.5487650035482652,1.1468884807089557,0.6128522347406818,-0.5340362459682738,1.7574798663611233,1.6009980314106187,-0.1564818349505046,2.7070810262154987,3.018322725533832,0.31124169931833334,0.6381523300505357,4.219327516233665,1,0,1,1,3,4,0,0,0,0,0,0
3998851,a947eeee-2b10-422d-b00e-965de31d93e0,2,45,2,Netherlands Women's,Jackie Groenen,Caitlin Dijkstra,43.3,39.8,36.5,24.1,17.109354,-8.300092184693995,0.13531514723035412,0.05351031851638883,-0.0818048287139653,0.43228129953865946,0.21188167931408997,-0.2203996202245695,0.9666412915048386,0.5563432358815276,-0.410298055623311,8.045076459905658,9.042461950188823,0,0,0,0,0,0,0,0,1,0,0,1
3998851,8f8abed4-4070-4799-90e4-2642f2b2f7d3,2,45,4,Netherlands Women's,Caitlin Dijkstra,Sherida Spitse,36.5,24.1,26.6,41,19.58622,-8.405000225207345,0.22278061123237364,0.05999436075135148,-0.16278625048102216,0.4443690437332617,0.2162932593530775,-0.2280757843801842,0.7953354547259366,0.5501626110917444,-0.24517284363419223,4.543256631457018,8.550533968029134,0,0,1,0,1,0,0,0,1,0,0,1
3998851,f6261a7d-a48f-4bfc-9fdb-4bc0aab2eacd,2,45,7,Netherlands Women's,Sherida Spitse,Caitlin Dijkstra,27.3,43.7,30.1,24.2,19.7,1.4959385042884605,0.2106788634337031,0.0025411560619639727,-0.20813770737173912,0.4273055567820452,0.043217405978530445,-0.3840881508035147,0.77452153094068,0.24870884176358388,-0.5258126891770961,4.7044406261184255,19.061959791537728,0,0,1,0,1,0,0,0,1,0,0,1
3998851,050b3491-7331-4343-9990-16cabb26544f,2,45,11,Netherlands Women's,Caitlin Dijkstra,Dominique Johanna Anna Petrone Janssen,41,20.5,50.9,4.4,18.900265,3.639667164710559,0.25488939683921463,0.16060912663316582,-0.09428027020604882,0.5826560233096706,0.4012459561293273,-0.1814100671803433,1.1600239813381863,0.8572831265175667,-0.30274085482061963,4.4310173567955236,5.592088541326374,0,0,1,0,1,1,0,0,1,0,0,1
3998851,99238dcd-19cd-42ce-994b-b36b7b2422e7,2,45,13,Netherlands Women's,Dominique Johanna Anna Petrone Janssen,Jackie Groenen,50.9,3.9,50.9,13.1,9.2,3.8103254945320657,0.4636405138047557,0.38185418999325454,-0.08178632381150114,0.7831611434215928,0.9751566180718966,0.19199547465030375,1.3291281237762813,1.978079351256427,0.6489512274801457,2.4668726246076242,3.8101065529726696,1,0,1,1,1,1,1,0,1,0,0,1
3998851,da08c616-73a9-4e89-965c-421a3d6fd34a,2,45,18,Netherlands Women's,Jackie Groenen,Dominique Johanna Anna Petrone Janssen,49.7,18.9,56.8,5,15.608331,1.1539211272220626,0.4399155701753594,0.24007064194009367,-0.19984492823526576,0.9556682800065478,0.5961335125792763,-0.35953476742727153,1.7591964862424974,1.1919416400616893,-0.567254846180808,4.61668006544039,4.78347252264074,0,0,2,1,2,1,0,0,0,0,0,0
3998851,ab2c278b-4720-4676-86c4-189957bc6b76,2,45,42,Netherlands Women's,Caitlin Dijkstra,Dominique Johanna Anna Petrone Janssen,58.9,6.9,61.7,3.2,4.6400433,0.5467640411120982,0.9664928104622023,0.6629554628469765,-0.30353734761522577,1.480714272101609,1.1054276220879473,-0.3752866500136618,2.2558140779768276,1.7805313618917145,-0.4752827160851132,0.8228911190035825,1.8695238185672403,1,1,1,1,2,2,1,1,0,0,0,0
3998851,fb46f614-cafc-4409-8a19-fa2991abfb4a,2,45,42,Netherlands Women's,Dominique Johanna Anna Petrone Janssen,Caitlin Dijkstra,61.9,3.4,68.8,4.4,6.9720874,6.306851722402129,0.6629554094162822,0.4802721295597339,-0.18268327985654825,1.1054275721313105,1.0634091450510397,-0.042018427080270815,1.7805313118772845,1.9098974721366468,0.12936616025936232,1.8695240911384676,3.3966035378170365,1,0,1,1,2,1,1,1,0,0,0,0
3998851,03b7acad-214a-4077-b086-c1732fb07434,2,46,4,Netherlands Women's,Caitlin Dijkstra,Sherida Spitse,57.3,6,49.7,29.9,25.079275,0.3034133433400683,0.02368248805726638,0.00785304727776576,-0.01582944077950062,0.13090562957057209,0.06535014787724143,-0.06555548169333066,0.4238289430039903,0.24888970388129159,-0.17493923912269874,11.402764282841343,14.701590150463616,0,0,0,0,0,0,0,0,1,0,0,1
3998851,3eea8f7f-6d81-45d8-bf9d-6b4449246606,2,46,8,Netherlands Women's,Sherida Spitse,Kerstin Yasmijn Casparij,48.1,43.7,45.8,58.3,14.780054,-4.428221578208081,0.19798465584168937,0.10644740978038988,-0.09153724606129948,0.4306734368888126,0.36265660525118615,-0.06801683163762645,0.7794092628946483,0.7899595611970528,0.010550298302404504,4.9479433247468405,8.584330566558751,0,0,1,0,1,0,0,0,1,0,0,1
3998851,5ededf47-590c-495f-8cf8-7b188fd2348c,2,46,15,Netherlands Women's,Daphne van Domselaar,Chasity Grant,32.6,40.8,50.2,74.4,37.93046,9.58721054762475,0.07627989583816988,0.21530064595365184,0.13902075011548196,0.24386572726464018,0.5206998398745597,0.2768341126099195,0.5854178378667173,1.0271700894725548,0.44175225160583753,7.7714487344332435,5.001972067217504,0,0,0,0,1,1,1,0,0,0,0,0
3998851,11c662c1-937b-4253-9407-cc8f49fed42f,2,46,18,Netherlands Women's,Chasity Grant,Kerstin Yasmijn Casparij,52.2,74.4,47.4,73.1,4.9729266,-3.761909097026958,0.21530064595365184,0.8734433723271932,0.6581427263735413,0.5206998398745597,1.184474429009474,0.6637745891349143,1.0271700894725548,1.6837114550709356,0.6565413655983807,5.001972067217504,0.8095483813168665,0,1,0,1,1,2,0,0,0,0,0,0
3998851,6db2f6de-849c-4092-b802-6a2d0d60f81e,2,46,42,Netherlands Women's,Sherida Spitse,Daphne van Domselaar,30.1,68.7,10,37.8,36.862175,-15.651981375730045,0.14287924152181966,0.000414313374898058,-0.1424649281469216,0.33113441969213636,0.012621840694278403,-0.31851257899785795,0.6148148849692292,0.09289205915870805,-0.5219228258105212,5.854299547017553,24.595520978105817,0,0,0,0,1,0,0,0,1,0,0,1
3998851,12630078-6314-4c60-a670-dbe9229166aa,2,46,46,Netherlands Women's,Daphne van Domselaar,Victoria Pelova,14.4,32.7,41.8,8,36.8897,21.357995890483167,0.0012762829521261027,0.23215006762170454,0.23087378466957845,0.0244010535761606,0.4391565092102872,0.4147554556341266,0.14071270242219872,0.7239314859621767,0.583218783539978,20.78775572760668,4.398394202980494,0,0,0,1,0,1,0,0,1,0,0,1
3998851,412c9855-cb3c-4de8-b52f-08a4c04aa580,2,48,37,England Women's,Ella Toone,Alex Greenwood,87.2,46.7,84.9,23.2,23.612286,-5.436059567385293,0.8025267177601934,0.1607665905143152,-0.6417601272458782,1.5367396856350937,0.491664913576514,-1.0450747720585798,2.520730201109808,1.1224340427066086,-1.3982961584031992,2.4440640600578654,6.038698120744234,1,0,2,0,3,1,0,0,1,0,0,1
3998851,358fcfe6-cc7b-49f9-a8dc-107e38fc5664,2,48,39,England Women's,Alex Greenwood,Lauren Hemp,83.6,23.7,94.8,16.7,13.207574,5.561968917843828,0.16076672037185394,0.16988990868528994,0.009123188313436004,0.49166513910721316,0.5141239711110092,0.022458832003796003,1.1224343493050593,1.1116811248721612,-0.010753224432898056,6.038695574130954,6.850617209898098,0,0,0,0,1,1,0,0,0,0,0,0
3998851,05042e61-47f5-4b6f-af44-464bfbd44f97,2,50,56,Netherlands Women's,Daphne van Domselaar,Victoria Pelova,12.3,50.5,26.2,47.4,14.241488,14.119183061745957,0.03853066760337705,0.5267526436258244,0.4882219760224474,0.1935947657439209,1.0165222529262707,0.8229274871823499,0.5662299645652246,1.6620275890439669,1.0957976244787422,10.140472359281953,2.6854226310033296,0,1,0,1,0,2,0,0,1,0,0,1
3998851,40b1d5e4-b6e6-4879-9550-758aff08e7cd,2,50,59,Netherlands Women's,Victoria Pelova,Daphne van Domselaar,23.9,45.1,8,43.7,15.961516,-15.825866772260724,0.8356930159523762,0.13609393774805031,-0.6995990782043259,1.211043904560704,0.3846526016476867,-0.8263913029130172,1.6931496496545622,0.7827379428556822,-0.91041170679888,1.2061394497212365,6.451334116504373,1,0,1,0,2,1,1,1,1,0,0,1
3998851,1c2cac60-1a8a-41bc-96b6-9f6418703a1d,2,51,1,Netherlands Women's,Daphne van Domselaar,Sherida Spitse,7.1,44.2,14.6,67.5,24.477337,4.049632458626647,0.13609394177938847,0.3637452217293334,0.2276512799499449,0.3846526084535179,0.693579761900517,0.30892715344699906,0.7827379513221999,1.1442523698656564,0.36151441854345645,6.451334028460824,3.386564462923939,0,0,0,1,1,1,1,0,1,0,0,1
3998851,27df34c9-3f00-4e0c-af98-b24945e4077f,2,51,3,Netherlands Women's,Sherida Spitse,Victoria Pelova,14.9,67.5,22.2,64.1,8.05295,7.912589510180538,0.363745301880338,0.8029122083321594,0.4391669064518214,0.6935798385128168,1.4643329757422208,0.770753137229404,1.1442524368093916,2.1877122783838696,1.043459841574478,3.386563706813693,3.223901660779594,0,0,1,2,1,3,0,0,0,0,0,0
3998851,d5e1e040-55ea-420c-9785-b5967b4678ff,2,51,6,Netherlands Women's,Victoria Pelova,Kerstin Yasmijn Casparij,24.4,70,23.2,74.6,4.753946,-2.601253170931969,0.5451984299808245,0.2012494576052643,-0.34394897237556016,1.1970075953327246,0.6095397244373388,-0.5874678708953858,1.9750697752806292,1.2271311416577828,-0.7479386336228464,3.5896440292987997,6.592681538099033,0,0,1,0,3,1,0,0,0,0,0,0
3998851,d0649d43-fc26-4f08-b3a3-df3435d64ea8,2,51,7,Netherlands Women's,Kerstin Yasmijn Casparij,Wieke Hendrikje Maria Kaptein,23.2,74.6,42.1,74.4,18.901058,17.64053490668782,0.2012494576052643,0.8582131426664966,0.6569636850612324,0.6095397244373388,1.070702037996074,0.46116231355873527,1.2271311416577828,1.4719777958164089,0.24484665415862605,6.592681538099033,0.5774435408647691,0,1,0,1,1,1,0,1,0,0,0,0
3998851,d1639850-56ea-4fb8-9716-773ba1b6969c,2,51,29,Netherlands Women's,Sherida Spitse,Daphne van Domselaar,29.6,65.7,20.9,42.2,25.058731,-5.1422376082406345,0.12166906238919777,0.0033322998780178584,-0.1183367625111799,0.2994742393155786,0.04363719509551823,-0.2558370442200604,0.5542554154936961,0.19955484802608797,-0.3547005674676081,6.342614622805412,18.237309558522934,0,0,0,0,1,0,0,0,1,0,0,1
3998851,1e9f869f-d5ac-4f01-a172-6eb56924daaa,2,51,34,Netherlands Women's,Daphne van Domselaar,Sherida Spitse,22.7,45.6,28.2,64.1,19.300259,2.550270300796427,0.02358759642669483,0.07606729570843349,0.05247969928173865,0.1306113612908587,0.24888988054934125,0.11827851925848254,0.3930949164926523,0.5583438754452732,0.16524895895262087,11.469124395824046,7.84938844538707,0,0,0,0,0,1,0,0,0,0,0,0
3998851,43d880f3-de97-43b1-ae34-bc4cae666faf,2,51,50,Netherlands Women's,Wieke Hendrikje Maria Kaptein,Kerstin Yasmijn Casparij,78.7,71,77.1,76.7,5.920304,-4.816173822658591,0.5609099267848134,0.6086820641203864,0.04777213733557295,1.1254523562192489,1.067478977323968,-0.05797337889528098,1.9732368583596842,1.7303651230928145,-0.24287173526686967,2.9439060963465575,2.6859673660526577,1,1,1,2,2,2,0,0,0,0,0,0
3998851,c0adc282-7a87-49dc-b849-08322d1a6d42,2,51,51,Netherlands Women's,Kerstin Yasmijn Casparij,Wieke Hendrikje Maria Kaptein,77.4,76,83.8,75.1,6.4629717,5.351474442079997,0.608682065617251,0.9064048626265307,0.2977227970092797,1.0674790380192651,1.4059216092156341,0.338442571196369,1.7303652495274153,2.1642665218236687,0.4339012722962534,2.6859680357217854,1.0272116050433393,1,1,2,1,2,2,0,1,0,0,0,0
3998851,53820fdb-3c6b-43f2-a2f8-e3152cec1815,2,52,52,England Women's,Georgia Stanway,Lauren James,56.9,20.5,56.9,40,19.5,2.9443790189596584,1.028490729674703,0.8699331762080222,-0.15855755346668077,1.8550391279611924,1.459806609921296,-0.39523251803989634,2.9232887727043235,2.3361787976631385,-0.587109975041185,1.8797024257037422,1.209882321707809,1,1,2,1,3,2,0,0,1,0,0,1
3998851,ad96cbf1-6fc7-4132-9d55-33571dbea389,2,52,59,England Women's,Lauren James,Georgia Stanway,52.3,29.7,54,41.3,11.723907,2.4662461018334767,1.6859759228846523,1.0652362247226999,-0.6207396981619524,2.3951536425372253,1.9728322006028476,-0.4223214419343777,3.178219519754917,3.0330080508847734,-0.14521146887014336,1.1757632502753559,2.535597395471811,2,1,3,3,4,4,0,0,1,0,0,1
3998851,b2c43591-d242-49e2-8bc6-629dd79949bb,2,53,0,England Women's,Georgia Stanway,Lucy Bronze,54.3,40.8,49.5,57.9,17.760912,-7.032052779831432,1.0915320365176682,0.5763944063355808,-0.5151376301820874,2.0171497177212387,1.0236192734172394,-0.9935304443039994,3.0804957246189577,1.6288351055444819,-1.4516606190744759,3.5360088035097577,3.245375028925263,0,0,3,2,4,2,0,0,0,0,0,0
3998851,7668f9a7-429c-4d60-ba50-69e948790db6,2,53,3,England Women's,Lucy Bronze,Ella Toone,52.3,63.1,63.4,51.7,15.911317,13.735883892453018,0.5763941473594081,0.969384903931367,0.3929907565719589,1.0236189592554183,1.740234377582564,0.7166154183271456,1.6288347541517956,2.819868381991976,1.1910336278401803,3.245375138104363,1.749607390829568,0,1,2,2,2,2,0,1,0,0,0,0
3998851,98be697a-bb26-424f-9d99-4eb3c9eb4e62,2,53,42,England Women's,Ella Toone,Keira Walsh,62.3,49.1,57.3,44.5,6.794115,-4.448092394684238,0.455110559294541,0.3481391406433103,-0.10697141865123067,1.1030177893044408,0.9801563028450018,-0.12286148645943906,2.0112402643322707,1.9073582763913997,-0.103881987940871,4.308144977685919,6.165290116515319,0,0,1,0,3,2,0,0,1,0,0,1
3998851,7cd94ae7-63d4-4f03-84fb-36bb9ef5679c,2,53,44,England Women's,Keira Walsh,Leah Williamson,54.3,52,42.5,48.5,12.308127,-11.177835705016776,0.5623797102290461,0.04236877197585391,-0.5200109382531922,1.171889174320537,0.23170296614816202,-0.9401862081723751,2.0215975642556874,0.6877488151282177,-1.3338487491274695,3.313981071963183,10.731785620754074,0,0,1,0,2,0,0,0,1,0,0,1
3998851,667f1a45-ef99-4385-ad42-1dcfaaddef70,2,53,48,England Women's,Jessica Carter,Alex Greenwood,37,20.8,38.3,10.5,10.381715,-1.6709816841592158,0.09800851242513567,0.051606742254250146,-0.04640177017088552,0.2968945505187177,0.2269687598771803,-0.06992579064153742,0.6855591747848653,0.5828252128377296,-0.10273396194713569,7.064707237789989,9.77508441860149,0,0,0,0,1,0,0,0,1,0,0,1
3998851,dcbc0f3a-45d5-43f9-a8ea-709c4a2fff26,2,53,50,England Women's,Alex Greenwood,Lauren Hemp,38.3,10.5,50.1,6.4,12.491998,9.306527665375924,0.4026320735579836,0.2386378645390024,-0.16399420901898118,0.652608472290054,0.48625166475450954,-0.1663568075355445,0.9974229615397906,0.8531040393705838,-0.14431892216920683,2.8162388390950692,4.42816549477766,1,0,1,1,1,1,0,1,0,0,0,0
3998851,a1d29803-b28f-40b6-b6e2-b87b7cd5700f,2,53,54,England Women's,Lauren Hemp,Keira Walsh,50.4,17.1,55.2,27.5,11.454257,7.275905141393139,1.4017885123313625,0.9619152471694987,-0.43987326516186376,1.9116658176492116,1.6287529686343325,-0.2829128490148791,2.584126570177556,2.589734665233612,0.005608095056055973,1.1560870350656225,1.7368680684120383,2,1,2,2,3,2,0,0,0,0,0,0
3998851,b7579828-de44-4de5-8da5-46b3883dbbe3,2,54,44,Netherlands Women's,Jackie Groenen,Kerstin Yasmijn Casparij,84.8,50,71.1,40.1,16.902662,-12.307206764055742,0.3150657831906363,0.09817930634286716,-0.21688647684776913,0.8537261866650907,0.2983908535501154,-0.5553353331149753,1.8009099199808507,0.7253053497940299,-1.0756045701868207,4.848817777730636,7.064649816651849,0,0,1,0,2,1,0,0,1,0,0,1
3998851,c7dc5732-3262-453a-ac7d-cbf50de7a107,2,54,47,Netherlands Women's,Kerstin Yasmijn Casparij,Daphne van Domselaar,68.7,34.7,31.4,42.8,38.16936,-37.071177770634215,0.23124678179569852,0.0002683842719710102,-0.2309783975237275,0.46023529836203136,0.007232005592533707,-0.45300329276949763,0.8564767463453759,0.04739667539363641,-0.8090800709517394,4.423667942787728,24.66966868787013,0,0,1,0,1,0,1,0,1,0,0,1
3998851,ccbf03b6-e955-4392-bc9a-c0c63000ee1f,2,54,58,Netherlands Women's,Jackie Groenen,Sherida Spitse,63,63.3,53.4,71.6,12.690548,-12.138159801231708,0.32189351057192167,0.05348743682498652,-0.26840607374693515,0.6229364658927372,0.20440470541581374,-0.4185317604769235,1.0948310732263742,0.5291832894710047,-0.5656477837553695,3.567355153304582,8.88818220683064,0,0,1,0,1,0,0,0,1,0,0,1
3998851,cd44cec1-36d1-402f-99df-593b699cf837,2,55,0,Netherlands Women's,Sherida Spitse,Daphne van Domselaar,52.7,71.6,29,49.3,32.541973,-17.124472933333593,0.24547493192420136,0.0060728137171630085,-0.23940211820703836,0.4773933227242078,0.05826313958917043,-0.41913018313503736,0.8383544486578987,0.24616554418100225,-0.5921889044768964,4.252930045246544,15.542591037273105,0,0,1,0,1,0,0,0,1,0,0,1
3998851,3379dfd7-4941-49ac-9d2f-2a081ccc1575,2,56,40,Netherlands Women's,Kerstin Yasmijn Casparij,Wieke Hendrikje Maria Kaptein,77.8,72.9,91.6,68.5,14.484474,13.274906992849616,0.9020864910533353,1.5193741268539218,0.6172876358005865,1.4929477307659533,2.3730597958740276,0.8801120651080743,2.3024008427816787,3.3770922530149656,1.074691410233287,1.6625557155104405,1.6013173691649487,1,2,2,3,2,4,1,1,0,0,0,0
3998851,43b5f671-7426-49bc-bee2-9e2a95b73fad,2,57,18,Netherlands Women's,Chasity Grant,Kerstin Yasmijn Casparij,84.2,7,66.7,25.7,25.611326,-6.495743200563808,0.4245518585737463,0.07238155445002194,-0.35217030412372435,0.7128048444284335,0.2297299010415384,-0.4830749433868951,1.176898331651083,0.5265840627580511,-0.6503142688930319,2.6953237685284828,7.925504920789963,1,0,1,0,1,1,0,0,1,0,0,1
3998851,57c8d511-cc59-4712-a921-3cac9a568edf,2,57,22,Netherlands Women's,Kerstin Yasmijn Casparij,Daphne van Domselaar,60.8,33.4,25.5,41.9,36.308952,-34.95232933979384,0.19402944695956167,0.00011636395471763753,-0.19391308300484403,0.39604306457984456,0.004671794454775847,-0.3913712701250687,0.6957308266894172,0.044045007811934815,-0.6516858188774824,4.9349256531486,27.199087651678706,0,0,1,0,1,0,0,0,1,0,0,1
3998851,c05e6104-7c91-4030-9eb8-1e0b93c4f95b,2,57,27,Netherlands Women's,Daphne van Domselaar,Kerstin Yasmijn Casparij,27.2,42.1,35.1,53.2,13.624243,6.903736785034255,0.0012058939518405861,0.008681935720826407,0.007476041768985821,0.02003028173334018,0.0733661207490807,0.053335839015740516,0.12374120471232959,0.3045073954090807,0.1807661906967511,20.20580222034688,14.460883719742741,0,0,0,0,0,0,0,0,1,0,0,1
3998851,30fcdd06-a5d6-43ab-808f-c7b80dd8ec0f,2,57,30,Netherlands Women's,Kerstin Yasmijn Casparij,Sherida Spitse,35.5,53.7,36.8,71.6,17.947145,-3.395488613973498,0.022829479511872475,0.0052397664728064935,-0.01758971303906598,0.14973211469184192,0.06415533104629167,-0.08557678364555024,0.535234341222721,0.2917440298172694,-0.24349031140545158,11.761190600857304,17.75754281922756,0,0,0,0,0,0,0,0,1,0,0,1
3998851,80fa3281-50d7-4479-bf71-acfc4fedaf97,2,57,35,Netherlands Women's,Sherida Spitse,Daphne van Domselaar,36.8,71.6,28.5,50,23.139793,-3.0459496386117593,0.15897043385782508,0.009518870041124703,-0.14945156381670038,0.44543547832260133,0.0873620845655762,-0.3580733937570251,0.9056859623679897,0.374098992957553,-0.5315869694104367,6.275448405766749,14.581979981932506,0,0,0,0,1,0,0,0,1,0,0,1
3998851,5aaeb33b-4a92-4ccc-981e-46fbac90d235,2,57,40,Netherlands Women's,Caitlin Dijkstra,Victoria Pelova,31.6,20.3,51.4,3.9,25.70992,13.049645956021337,0.0827505319680722,0.17416244034046025,0.09141190837238805,0.26795269973493696,0.3953083779328859,0.12735567819794896,0.62877956954011,0.75381068916549,0.12503111962537994,7.6340339532696815,5.305806486698355,0,0,0,0,1,1,0,0,1,0,0,1
3998851,ae9dbfe6-0954-49cc-9d14-eadf0a49d214,2,57,46,Netherlands Women's,Victoria Pelova,Dominique Johanna Anna Petrone Janssen,49.9,3.9,78.9,2,29.062174,22.874266286347236,0.8771983898578455,0.459194193622697,-0.4180041962351485,1.2935394153512243,0.7649349118747092,-0.5286045034765151,1.837400916359849,1.249361617741612,-0.588039298618237,1.236582036976274,2.4815194050393554,1,1,1,1,2,1,1,1,1,0,0,1
3998851,e901b5b4-e6ed-46b1-91c6-c8a9ec79824b,2,57,53,Netherlands Women's,Dominique Johanna Anna Petrone Janssen,Wieke Hendrikje Maria Kaptein,80.5,5.9,87.4,18.8,14.629422,13.29593157830849,0.44619170236818395,0.5459171121929276,0.09972540982474365,0.8949048856036036,1.1905613823803867,0.2956564967767831,1.505924976369183,2.0997596161338596,0.5938346397646765,3.5201602780267436,3.0531910270417595,0,0,1,1,2,2,0,0,1,0,0,1
3998851,7c76f5a1-427c-443d-aac2-c54aad3cbba9,2,58,2,Netherlands Women's,Wieke Hendrikje Maria Kaptein,Victoria Pelova,102.3,7.9,87.9,19.6,18.553976,-1.3772870108411155,0.3298429450537212,0.0591277360842983,-0.2707152089694229,0.7398282578588523,0.31536598970676233,-0.42446226815209,1.3170891020164615,0.9451735730952879,-0.3719155289211735,4.715439881603228,9.64014549551356,0,0,1,0,2,0,0,0,0,0,0,0
3998851,40052b4d-2112-4247-8cad-29eb9331e36d,2,58,5,Netherlands Women's,Victoria Pelova,Chasity Grant,87.9,19.6,117.1,52.6,44.064045,25.104376948961296,0.19671861107877764,0.6126887504270868,0.4159701393483092,0.7215014126468475,1.2618287560976404,0.5403273434507929,1.6912104027385517,2.1336103184453306,0.44239991570677883,6.81310737319374,3.055452570754965,0,0,0,1,1,3,0,0,0,0,0,0
3998851,58b15af7-800f-4aec-91c3-57fa522bbeac,2,60,18,Netherlands Women's,Wieke Hendrikje Maria Kaptein,Daphne van Domselaar,31.4,66.8,9.3,44.5,31.395859,-18.226853604530163,0.25344189949404483,0.0065386391440901345,-0.2469032603499547,0.5678533961714829,0.07581611318315996,-0.49203728298832294,1.0912586094624772,0.32625154057729566,-0.7650070688851816,4.368266034960173,17.05130184638045,0,0,1,0,1,0,0,0,1,0,0,1
3998851,eecb8c6c-8678-4b4b-b88c-697eea1fa12b,2,60,24,Netherlands Women's,Caitlin Dijkstra,Dominique Johanna Anna Petrone Janssen,32.5,10.5,48.4,5.2,16.76007,12.730004448961026,0.1528674787065637,0.12069355638430541,-0.03217392232225828,0.344714221552624,0.3759217159514858,0.031207494398861835,0.655748623582598,0.8045762168735925,0.1488275932909945,5.650340028618568,7.218217759357875,0,0,0,0,1,1,0,0,1,0,0,1
3998851,3cd67f03-3733-4378-aa50-5a93e558b94a,2,60,31,England Women's,Ella Toone,Lauren James,78.9,61.8,85,74.6,14.17921,-2.691794830478649,1.1105719959093536,0.8107036812164221,-0.2998683146929315,1.7012706858027948,1.2827964743706666,-0.41847421143212826,2.5444525956561503,1.9678266181314088,-0.5766259775247415,1.2410354385571905,1.4480934391600024,2,1,2,1,2,2,0,1,0,0,0,0
3998851,faec76ab-a652-4ab4-a78d-1947c03d8edd,2,60,38,England Women's,Lucy Bronze,Lauren James,67.8,74,82.8,77.3,15.358711,9.61688568312249,0.5648052667077081,0.6114769006240592,0.046671633916351096,1.0935534512078953,1.116102361055288,0.022548909847392773,1.8306597739782127,1.874655219422264,0.04399544544405143,2.789194164839208,2.152350123388629,1,1,1,1,2,1,1,0,1,0,0,1
3998851,fd99bd5e-d930-4946-9d1c-7c61951faf2e,2,60,53,Netherlands Women's,Jackie Groenen,Chasity Grant,52.5,55.2,68,70,21.431053,9.15692089794971,0.18171244282652466,0.697892852304294,0.5161804094777693,0.5116261199298975,1.0732861871615484,0.561660067231651,1.0528138443777377,1.6738163345861379,0.6210024902084001,5.96130023710096,1.373044573671967,0,1,0,1,1,1,0,1,1,0,0,1
3998851,808790fe-f5a7-4052-a5be-b69dc412f378,2,60,56,Netherlands Women's,Chasity Grant,Jackie Groenen,66.1,70,64.7,62,8.121576,2.170924058769529,1.0107395092597953,0.4893325299253203,-0.521406979334475,1.5823025698227844,1.157261636110896,-0.42504093371188834,2.2982074901822074,2.070469558920588,-0.22773793126161923,1.4636632458393213,5.354357489262836,1,0,2,0,2,3,1,0,1,0,0,1
3998851,0d0e7a9e-62b2-40b6-83e9-e7bf21e9951a,2,62,46,Netherlands Women's,Dominique Johanna Anna Petrone Janssen,Caitlin Dijkstra,41.8,4.4,28.7,12.4,15.349593,-9.458495870087404,0.1556303553609519,0.009622348454802915,-0.14600800690614898,0.3759402881731001,0.09047050540573855,-0.28546978276736157,0.7090520762060931,0.35949240293356344,-0.3495596732725297,5.710341190537811,14.78053820965925,0,0,0,0,1,0,0,0,1,0,0,1
3998851,14c7fae8-388a-44e0-bb35-57307fb0ed57,2,62,49,Netherlands Women's,Caitlin Dijkstra,Daphne van Domselaar,27.4,16.4,15.7,35.6,22.483994,-8.832734461933796,0.009372524695843615,0.00852949343244373,-0.0008430312633998863,0.09260840061232055,0.06551234693204824,-0.027096053680272306,0.3761794366812476,0.24598024640522648,-0.13019919027602112,14.954985972517722,14.368858562619787,0,0,0,0,0,0,0,0,1,0,0,1
3998851,d40ef77a-6e1c-4c1a-a803-c3a013379b90,2,62,52,Netherlands Women's,Daphne van Domselaar,Sherida Spitse,18.3,40.6,22.9,56.5,16.55204,3.2098412927911255,0.01130249587910485,0.061937373609625694,0.05063487773052085,0.07593475918665767,0.20031682926989225,0.12438207008323458,0.25819819129719657,0.4372810396639709,0.17908284836677435,13.508672654657396,8.36899547605608,0,0,0,0,0,0,0,0,1,0,0,1
3998851,33bdcfcf-5261-47ec-9b98-64484b384c9e,2,62,54,Netherlands Women's,Sherida Spitse,Caitlin Dijkstra,22.9,56.5,27.9,24.2,32.684708,5.046489977342077,0.08973977495690424,0.0026104654346136517,-0.08712930952229059,0.2467943944547216,0.04633072848841797,-0.20046366596630363,0.4896495839254757,0.2534909445669671,-0.23615863935850862,7.246403068922388,19.504100386635223,0,0,0,0,1,0,0,0,1,0,0,1
3998851,c0abc000-9d1d-432b-a732-6784fd37daf0,2,63,16,Netherlands Women's,Wieke Hendrikje Maria Kaptein,Chasity Grant,37.9,55.8,49.9,63.3,14.150971,9.735685668770742,0.6776874597963118,0.5964756633842533,-0.08121179641205856,1.045119012047122,0.9497966440499694,-0.09532236799715266,1.6664016588063457,1.5373314423740598,-0.1290702164322859,1.4596226465343363,1.8144612669404634,1,1,1,1,1,1,1,0,0,0,0,0
3998851,cfc8888f-9779-4025-901f-22afa6ff78cd,2,63,40,Netherlands Women's,Caitlin Dijkstra,Dominique Johanna Anna Petrone Janssen,36.8,33.4,61.9,6.5,36.791576,16.39528149898493,0.006970261836801086,0.008686645378249185,0.0017163835414480992,0.08640184784083828,0.07119844370144994,-0.015203404139388338,0.38346383444706766,0.29200288592836365,-0.09146094851870401,17.208061485474527,14.387133519680333,0,0,0,0,0,0,0,0,1,0,0,1
3998851,2fd78aef-8c65-4259-8728-8f833aaefd4f,2,63,43,Netherlands Women's,Dominique Johanna Anna Petrone Janssen,Victoria Pelova,64.1,5.2,56.7,13.5,11.119802,-2.7760023869652315,0.07647248239481179,0.16992173585499945,0.09344925346018766,0.24266064115611907,0.4530595171088537,0.21039887595273465,0.568491642118264,0.9697746820056369,0.4012830398873729,7.790911925049783,5.572365311008854,0,0,0,0,1,1,0,0,1,0,0,1
3998851,3d9090ca-6693-456d-9236-7d23dd2a390c,2,64,27,Netherlands Women's,Daphne van Domselaar,Caitlin Dijkstra,11.5,48.4,22.6,23.6,27.170755,10.0536271209603,0.06819367210562176,0.004443586935525419,-0.06375008517009634,0.2295807336391828,0.0456194953413362,-0.1839612382978466,0.5082719202753673,0.19911366555507382,-0.30915825472029346,8.196529213051107,16.36565815186588,0,0,0,0,0,0,0,0,1,0,0,1
3998851,712840bf-ad46-4943-8877-31137be3d980,2,64,33,Netherlands Women's,Caitlin Dijkstra,Sherida Spitse,29.4,20.9,27.2,43.2,22.408257,-0.2637417339012842,0.10427123476504647,0.03536754949732964,-0.06890368526771684,0.30147662180859613,0.18479364307056095,-0.11668297873803518,0.678401393368177,0.5575777338688261,-0.12082365949935081,6.862580547654571,10.453141007975926,0,0,0,0,1,0,0,0,1,0,0,1
3998851,81515006-9576-424c-9792-1ada22e777d8,2,64,35,Netherlands Women's,Sherida Spitse,Caitlin Dijkstra,27.2,43.2,27.2,23.6,19.6,-1.382840560419055,0.07866127684747444,0.0036062301050441845,-0.07505504674243026,0.26935781626583305,0.058443665411105065,-0.21091415085472798,0.6559866062234668,0.29610763791000644,-0.3598789683134604,7.820309896470504,19.19197519189155,0,0,0,0,1,0,0,0,1,0,0,1
3998851,ff2676b9-ccc6-45e9-8295-88b03478851e,2,64,38,Netherlands Women's,Caitlin Dijkstra,Victoria Pelova,27.4,23.6,34,29,8.527602,7.340420495276831,0.0045448214679119255,0.09079616150259961,0.08625134003468769,0.06669056286921118,0.33722761647529154,0.2705370536060804,0.3202572115968828,0.816615979196044,0.4963587675991612,19.003679774405256,7.866344990237757,0,0,0,0,0,1,0,0,1,0,0,1
3998851,8cc71758-bafb-45d8-ba9e-0caa81838ed1,2,64,42,Netherlands Women's,Victoria Pelova,Dominique Johanna Anna Petrone Janssen,49.9,13.7,65.6,2,19.580091,8.513404849425257,0.335832843787058,0.621901839820941,0.286068996033883,0.7986467694578236,0.9622591813603574,0.16361241190253373,1.5005841238526145,1.5150715727907529,0.014487448938138359,4.7549248437872755,1.6597747779384233,0,1,1,1,2,1,0,1,0,0,0,0
3998851,fd602a4f-1bde-43b6-b3a8-09e32486743d,2,64,43,Netherlands Women's,Dominique Johanna Anna Petrone Janssen,Lineth Beerensteyn,63.9,4.1,73.3,12.4,12.539936,12.357255340465017,0.6219013790639589,0.3340048077415246,-0.28789657132243435,0.9622588581436171,0.8185293306749746,-0.14372952746864254,1.5150713616421632,1.622780848518646,0.10770948687648274,1.6597772493017766,4.0848824866955775,1,0,1,1,1,1,1,0,0,0,0,0
3998851,eddcd405-ef46-44b0-8437-6e20686113cf,2,65,25,England Women's,Keira Walsh,Jessica Carter,41.8,66.1,34,45.2,22.308071,-3.7164812083387915,1.032859816563332,0.00683108454294038,-1.0260287320203916,1.7764356680100755,0.0998175404147952,-1.6766181275952803,2.632342163136029,0.4815853747041104,-2.1507567884319188,2.029513926983452,17.955587283662695,1,0,2,0,3,0,0,0,0,0,0,0
3998851,b1a0a658-d75e-4d61-a292-ecb1dd5140c9,2,65,48,England Women's,Lucy Bronze,Leah Williamson,53.2,74.2,43.8,74.6,9.408506,-8.641661352756358,0.48081187330717384,0.08842808525298058,-0.39238378805419327,0.9163641606734246,0.2909294356005043,-0.6254347250729203,1.633631065917964,0.7250696782476607,-0.9085613876703034,2.526066252966342,7.416736299734121,1,0,1,0,1,1,1,0,1,0,0,1
3998851,43ee581e-0527-456f-afff-454c117b06ef,2,65,50,England Women's,Leah Williamson,Hannah Hampton,41.6,74.6,20.9,50,32.15043,-13.90775553191473,0.08842810668388258,0.0010838658690489715,-0.0873442408148336,0.2909294759508224,0.022531382723225947,-0.26839809322759645,0.7250697378290915,0.13748678038236864,-0.5875829574467228,7.416735561163721,21.17833081428235,0,0,0,0,1,0,0,0,1,0,0,1
3998851,eba14e18-3f4e-4746-a5df-d9bb789a149b,2,65,53,England Women's,Hannah Hampton,Jessica Carter,19.1,49.6,25.5,36.7,14.400347,6.798059424961735,0.006861177160450314,0.013773246963848351,0.006912069803398037,0.07061133748858947,0.09570546192082315,0.025094124432233675,0.2828771398466825,0.33503395608857706,0.052156816241894555,16.270829617413828,13.043086923700262,0,0,0,0,0,0,0,0,1,0,0,1
3998851,92bcb271-66cf-43b4-b08f-13cbb05ca950,2,65,57,England Women's,Jessica Carter,Alessia Russo,26.8,26.3,90.2,26.3,63.4,61.40321613768815,0.6851151204653122,0.8421711217318235,0.1570560012665113,0.8702951695460303,1.2320288561435937,0.36173368659756344,1.1815692171420538,1.6742464997176554,0.4926772825756016,1.165299070564256,1.759447542823527,1,1,1,2,1,2,0,0,1,0,1,1
3998851,24eb0f53-d080-41ef-9128-f6b243580e8e,2,66,7,England Women's,Alessia Russo,Ella Toone,110.1,24.9,103.8,38.5,14.988329,1.7867276900015625,0.7531122775811016,0.4698298588280763,-0.28328241875302523,1.2847467035440974,1.1616054960039484,-0.12314120754014901,2.0346736011609177,2.202876299718449,0.16820269855753134,1.6551201029078977,3.4562488642778026,1,0,1,1,2,1,0,1,0,1,1,1
3998851,2f1cbb78-ca37-4813-b036-0b49b06f504d,2,67,24,Netherlands Women's,Caitlin Dijkstra,Victoria Pelova,35.1,20.3,46.2,26.4,12.665702,12.112953429171625,0.0378783081959777,0.7203298377921622,0.6824515295961845,0.24597402000334478,1.136219721528501,0.8902457015251563,0.7466965949561115,1.7705182785189217,1.0238216835628102,13.194993718444827,1.3863866498436568,0,1,0,1,0,1,0,1,1,0,0,1
3998851,08382096-4150-427b-af7e-2c3c9bb2dfda,2,67,25,Netherlands Women's,Victoria Pelova,Caitlin Dijkstra,46.4,24,42.3,18.5,6.860029,-5.3006699396007235,0.7203296491180157,0.09803794582895024,-0.6222917032890655,1.136219567267527,0.3826426853971924,-0.7535768818703347,1.7705181492167945,0.9355490649650107,-0.8349690842517838,1.3863874939203953,8.924229087102876,1,0,1,0,1,0,1,0,1,0,0,1
3998851,a683f184-6b6c-4372-a9d1-5ba4b6b7563c,2,70,14,Netherlands Women's,Daphne van Domselaar,Sherida Spitse,6.2,43.4,9.1,65.3,22.091175,0.101493819763391,0.06260024693197333,0.20353335854239776,0.14093311161042443,0.21226134354987905,0.43045239992667095,0.2181910563767919,0.49083928738937543,0.7532578623432469,0.26241857495387144,8.379905049067412,4.8402625761555464,0,0,0,1,0,1,1,0,0,0,0,0
3998851,ab4d958a-ceb7-4938-bf4a-bc04f276aae8,2,70,17,Netherlands Women's,Sherida Spitse,Kerstin Yasmijn Casparij,14,72.8,23.4,76.6,10.139033,7.657617810661321,0.5873485009431995,0.1391370035531716,-0.44821149739002786,0.8155291264277502,0.43864841814739497,-0.37688070828035525,1.124820643668246,0.873389734354322,-0.251430909313924,1.6645801677458325,7.749166188635776,1,0,1,0,1,1,1,0,0,0,0,0
3998851,f0f2fb5e-76e2-4b59-84df-730e1f992f30,2,70,19,Netherlands Women's,Kerstin Yasmijn Casparij,Sherida Spitse,22.3,75.2,9.7,69.1,13.998928,-10.22646996089135,0.6196141167360184,0.5127734269338904,-0.10684068980212802,0.9872741556664483,0.9024644401462104,-0.08480971552023786,1.454125852883667,1.389194561702555,-0.06493129118111196,1.8373546266171603,2.5162739804098266,1,1,1,1,1,1,0,1,0,0,0,0
3998851,54649ae8-7aee-4d5f-89d3-e6f84d4860c2,2,71,6,England Women's,Keira Walsh,Leah Williamson,45.2,23.2,35.7,35.8,15.78005,-7.7411412669893735,0.9947370220897332,0.2990196430650393,-0.695717379024694,1.8981227393841356,0.7923551125087555,-1.1057676268753802,3.0971560895789527,1.5529997882613853,-1.5441563013175674,1.5084426442303687,5.313486711402385,1,0,1,0,4,2,0,0,1,0,0,1
3998851,ca2b03cc-7e4e-40cf-a3dd-1f1771e3ef3f,2,71,27,Netherlands Women's,Sherida Spitse,Kerstin Yasmijn Casparij,42.6,71.3,39.1,76.8,6.519202,-5.387378983814855,0.660161243550691,0.10935598967429948,-0.5508052538763915,1.2089913606148934,0.44412032890197645,-0.764871031712917,1.8941532006580715,1.030091050449246,-0.8640621502088255,2.238780891368122,9.416356185423743,1,0,1,0,2,0,0,0,1,0,0,1
3998851,96ee2512-4298-4f7d-a09e-9e19b41ae8c5,2,71,28,Netherlands Women's,Kerstin Yasmijn Casparij,Caitlin Dijkstra,37.6,75.3,26.1,60,19.14001,-6.363399201488761,0.17637439824965245,0.02064280718359589,-0.15573159106605655,0.5649684858091863,0.16095153754942312,-0.4040169482597632,1.1880767625403061,0.5607441173305592,-0.627332645209747,6.955639044073725,13.020708298242157,0,0,0,0,1,0,0,0,1,0,0,1
3998851,162e0624-979e-428f-a733-b8cc1ff2dc44,2,71,36,Netherlands Women's,Caitlin Dijkstra,Dominique Johanna Anna Petrone Janssen,33.3,26.8,48.1,3.8,27.35032,7.2003300401815125,0.041914060565680075,0.06616134802897723,0.024247287463297157,0.23765581677432168,0.22645482567738456,-0.011200991096937118,0.6870972086409216,0.578972050550223,-0.10812515809069856,11.086146962275055,8.20457218703781,0,0,0,0,0,0,0,0,0,0,0,0
3998851,28938691-8d12-44ab-a56f-591d8beba384,2,71,43,England Women's,Lucy Bronze,Keira Walsh,31.5,64.8,37.1,62.7,5.9808025,5.957409275526814,0.3337057216943884,0.6007264555456721,0.26702073385128366,0.6371083890167616,1.0896882784449649,0.45257988942820326,1.041958719806758,1.7185932249171085,0.6766345051103506,3.6106711835549303,2.4505137713423766,0,1,1,1,1,2,0,1,1,0,0,1
3998851,d53b313b-cd88-4693-9278-7e673b496366,2,71,48,England Women's,Keira Walsh,Lucy Bronze,30.6,59.5,24.9,72,13.738268,-8.837506595769128,1.393446768826982,0.054664190673265146,-1.3387825781537168,2.0500965620336644,0.2789587885824609,-1.7711377734512035,2.7571818872941245,0.7849542049249429,-1.9722276823691816,1.552199283814028,10.629716478663843,2,0,3,0,3,0,0,0,1,0,0,1
3998851,f7ba62bf-651a-4647-8d8c-abff9023a13c,2,71,51,England Women's,Lucy Bronze,Alessia Russo,28.8,77.6,60.4,57.2,37.612762,36.61459517869503,0.8370938367363658,0.4597401407035488,-0.37735369603281704,1.0492688914634334,1.0666445606426131,0.017375669179179765,1.4495614156308922,1.906728099949836,0.4571666843189437,0.6475037595055881,4.6620278035197,1,0,1,1,1,2,0,0,0,0,0,0
3998851,e34f51b3-281e-4d8a-a961-ec8feb03bfed,2,71,53,England Women's,Alessia Russo,Ella Toone,60.4,57.2,64.4,64.8,8.588365,1.1520394277748665,0.4597401407035488,0.32721274776581305,-0.13252739293773574,1.0666445606426131,0.890510789358261,-0.17613377128435215,1.906728099949836,1.7137032519057829,-0.19302484804405307,4.6620278035197,5.689904962846104,0,0,1,0,2,2,0,0,0,0,0,0
3998851,ce8e54be-5b89-4eaf-b2ed-ac65666822f3,2,71,58,Netherlands Women's,Dominique Johanna Anna Petrone Janssen,Daphne van Domselaar,46.6,13.8,17.5,34.6,35.7694,-24.70627426641643,0.4051101863325916,0.0008082974107607634,-0.40430188892183083,0.7703269670183471,0.018375132750229457,-0.7519518342681176,1.29851346891183,0.12238821855563535,-1.1761252503561948,3.085066127824261,21.696361911162168,0,0,1,0,1,0,0,0,1,0,0,1
3998851,6a72ece4-a8e4-4114-9937-ce92d5e346ce,2,72,5,Netherlands Women's,Jackie Groenen,Daphne van Domselaar,32.1,30.4,8.4,33.7,23.928644,-23.35500304880469,0.3176827857697993,0.0020394825957837422,-0.31564330317401557,0.6814155911137288,0.03543215890718371,-0.6459834322065452,1.1842537237295425,0.1930676297388333,-0.9911860939907092,4.199960928174036,20.001425115350962,0,0,1,0,1,0,0,0,1,0,0,1
3998851,34ebcc00-fc7c-4406-adf9-2d7547e85f82,2,72,11,Netherlands Women's,Daphne van Domselaar,Jackie Groenen,10.3,34.4,32.3,42.1,23.308582,22.117703350962316,0.021227573059789007,0.16807774797851255,0.14685017491872354,0.11740345412664904,0.5130639141479949,0.39566046002134586,0.3633746982842272,1.064825893427349,0.7014511951431217,11.703520465061711,6.379108581517747,0,0,0,0,0,1,0,0,0,0,0,0
3998851,170f84db-c811-45f3-89fc-923c99eeabaa,2,72,14,Netherlands Women's,Jackie Groenen,Kerstin Yasmijn Casparij,33.3,41.6,34,70.7,29.108418,-4.600570480344473,0.507914193270539,0.07378289976676115,-0.4341312935037778,0.8749055073543455,0.2554440599611592,-0.6194614473931863,1.364335044454211,0.6344170778413412,-0.7299179666128699,2.5176796968819914,7.942807853776389,1,0,1,0,1,1,1,0,0,0,0,0
3998851,29cd8451-a8a5-4409-a5ff-314b4d2d25da,2,72,29,England Women's,Alex Greenwood,Lauren Hemp,50.3,9.8,55.1,4.2,7.3756356,1.8422109466910825,1.0576879433445054,0.48804968012279704,-0.5696382632217084,1.5693848995519926,1.109818295952447,-0.4595666035995456,2.2524813532060737,1.9440803142626817,-0.308401038943392,1.978229934109081,3.543343234669263,2,0,2,1,2,2,1,0,1,0,0,1
3998851,4579df96-304d-426b-b182-cd97b01f6cbc,2,72,30,England Women's,Lauren Hemp,Alex Greenwood,55.1,4.4,48.3,4.5,6.8007355,-5.9843579146737085,0.6897186361261965,0.4738710337846989,-0.21584760234149764,1.289940351849185,1.1049055494462832,-0.18503480240290182,2.0971217050867486,1.9308214845499416,-0.16630022053680693,2.008185853821993,4.953040385768113,1,0,1,1,1,3,0,0,0,0,0,0
3998851,bd98acb2-b21c-4bd0-99e3-9b53700ddfd0,2,72,38,Netherlands Women's,Daphne van Domselaar,Caitlin Dijkstra,4,43.4,4.7,64.7,21.311499,-1.866170152494746,0.03119037639557399,0.28377372780441784,0.25258335140884386,0.1303969533877875,0.49825563388031474,0.36785868049252723,0.3227593531789092,0.7554032544313216,0.4326439012524124,10.415986598240643,3.8072995793868194,0,0,0,1,0,1,1,0,1,0,0,1
3998851,4f9f8f29-c934-4aa8-8ee8-209f90223405,2,73,3,England Women's,Leah Williamson,Lauren Hemp,65.4,42.2,69.3,30.5,12.332883,3.0619430429276235,0.4056789414496405,0.12440864960179628,-0.28127029184784424,0.9273866820944265,0.5191951518576791,-0.4081915302367475,1.7858975543773195,1.3121301957615787,-0.4737673586157407,3.8039205660681734,8.773536531591052,0,0,1,0,2,0,0,0,1,0,0,1
3998851,74324f82-fc67-489e-936f-7618b05b05ae,2,73,12,Netherlands Women's,Daphne van Domselaar,Dominique Johanna Anna Petrone Janssen,2.9,34.2,20.8,16.1,25.456238,15.205076792834873,0.05620600643527111,0.11193926286213984,0.05573325642686874,0.20690220050461902,0.34271522990510483,0.1358130294004858,0.482255796085557,0.7176354010470685,0.23537960496151145,8.795613773235697,7.03715004759779,0,0,0,0,0,1,1,0,1,0,0,1
3998851,13194ce6-044b-41ce-8390-84704383b918,2,73,14,Netherlands Women's,Dominique Johanna Anna Petrone Janssen,Victoria Pelova,20.1,16.5,20.6,26.8,10.312129,2.354171249950582,0.23756571561404588,0.1613642508372024,-0.07620146477684347,0.5230315336521297,0.5147292406257796,-0.008302293026350105,0.9105634701086326,1.09572967476681,0.18516620465817735,4.684254259514845,6.9987895563281795,0,0,1,0,1,1,0,0,1,0,0,1
3998851,5a0d42bd-5eee-4fd4-bc0b-5812ff2559b9,2,73,19,Netherlands Women's,Victoria Pelova,Wieke Hendrikje Maria Kaptein,39.1,35.5,48.9,62,28.254026,6.599188693981674,0.38474555863606935,0.20830513336768183,-0.17644042526838752,0.858482704111088,0.4849318634576637,-0.37355084065342425,1.563553218077333,0.9027105719163515,-0.6608426461609815,3.659434328761204,5.018225910746745,0,0,1,0,1,1,0,0,1,0,0,1
3998851,2553ca78-5f58-4c42-9f5a-ffad8ba98bf0,2,73,41,Netherlands Women's,Jackie Groenen,Kerstin Yasmijn Casparij,76.5,67.8,77.7,78.5,10.767079,-5.572867879360814,0.43415820382475007,0.39018605327686146,-0.04397215054788861,0.8672880665289986,0.7984277839020476,-0.06886028262695099,1.5350856668171222,1.4044815795840844,-0.13060408723303785,3.102337363898016,3.4828368875876383,0,0,1,1,1,1,0,0,1,0,0,1
3998851,7277a18d-c151-4c2b-9d00-3e23f9908baf,2,73,43,Netherlands Women's,Kerstin Yasmijn Casparij,Victoria Pelova,75.5,74.8,69.5,54.3,21.36001,4.00588670852445,0.4833459719355778,0.1389197517056564,-0.3444262202299214,0.9086288818343963,0.47413134826321773,-0.43449753357117854,1.5923953573909504,1.1738290892031962,-0.4185662681877542,2.681041249119054,6.460272925426124,1,0,1,0,1,1,0,0,1,0,0,1
3998851,00199428-d3c1-4c49-8308-a2cbaf9240f0,2,73,50,Netherlands Women's,Victoria Pelova,Caitlin Dijkstra,74.7,45.2,72.2,27.3,18.073738,-3.8608883292383567,0.4926188448858999,0.042811911805802405,-0.4498069330800975,0.9534255307371982,0.22250523249509555,-0.7309202982421026,1.783538315302146,0.6790653751633606,-1.1044729401387854,2.5353772585591146,10.271155659965048,1,0,1,0,1,0,0,0,1,0,0,1
3998851,d18b8e51-78f3-4602-bcd0-61366b952088,2,74,21,Netherlands Women's,Caitlin Dijkstra,Dominique Johanna Anna Petrone Janssen,105.2,20.9,105.2,4.6,16.3,-14.20627030235294,0.9345744003514688,0.013899047571473573,-0.9206753527799952,1.7573019318553191,0.1189169965497294,-1.6383849353055897,2.8037621767368046,0.4779674441955993,-2.325794732541205,2.741111606135197,13.707938259090236,1,0,2,0,4,0,0,0,0,0,0,0
3998851,566833cb-c94e-4984-b72a-985513bfd69f,2,74,24,Netherlands Women's,Dominique Johanna Anna Petrone Janssen,Victoria Pelova,103.5,4.8,89,18.6,20.017242,1.2062280354991657,0.3235963059168575,0.10924235352209809,-0.2143539523947594,0.6013101557464077,0.38698226259351826,-0.21432789315288941,1.0739676039153867,0.9979881831499084,-0.07597942076547826,3.507209390892138,7.097751357303293,0,0,1,0,1,1,0,0,0,0,0,0
3998851,4d415bd8-efab-4d9e-84dd-b5426f0572f1,2,76,11,England Women's,Grace Clinton,Lucy Bronze,88,75.3,82.1,79.3,7.1281133,-6.952157511948279,1.1737456901102323,0.3793533055699391,-0.7943923845402932,1.771969704317712,0.9930880982007576,-0.7788816061169545,2.649517037196749,1.8918230247574612,-0.7576940124392879,0.4234401434930788,5.5229275587575035,1,0,1,0,3,2,0,0,1,0,0,1
3998851,eb8427e0-4042-426f-8b18-18709a8a8f8f,2,76,13,England Women's,Lucy Bronze,Grace Clinton,81.8,79.1,87.2,73.6,7.7077885,7.707760933382417,0.6110131554876372,1.134558460681793,0.5235453051941557,1.3047512472385343,1.981784523228784,0.6770332759902498,2.203985637939397,3.0497127233151775,0.8457270853757803,3.850501883617867,1.3014945917777099,0,1,2,1,2,4,0,1,1,0,0,1
3998851,8edb3a4d-74e2-40d9-9a38-fe6d1d04f2f6,2,76,17,England Women's,Keira Walsh,Georgia Stanway,72.8,67.6,71.9,45.3,22.318153,6.28611986392464,0.6958966344463985,0.15795167880047772,-0.5379449556459208,1.4727196459173038,0.629236181976385,-0.8434834639409188,2.534542078651736,1.5274248167747535,-1.0071172618769824,2.668286062750777,8.668657083199564,1,0,1,0,3,0,0,0,1,0,1,1
3998851,551019b3-8682-44b4-8b06-9e0100e3e43d,2,76,19,England Women's,Georgia Stanway,Bethany Mead,72.4,43,93,24.3,27.821754,16.4616088349212,0.45525784998639673,0.053864687727605706,-0.401393162258791,1.074979589586712,0.2531995962664763,-0.8217799933202357,2.0583396249822172,0.7191789093620924,-1.3391607156201248,3.615435045485451,9.624419667816959,0,0,1,0,2,0,0,0,1,1,1,1
3998851,519b0e95-a359-42a3-bfb0-5bcfbcf30c63,2,76,56,England Women's,Lucy Bronze,Keira Walsh,90,79.5,93.4,69.4,10.656922,9.953460925949486,0.568850878441447,0.8437026493856523,0.2748517709442053,1.09443463061667,1.6481976561632203,0.5537630255465504,1.8302174342805981,2.652803678643095,0.8225862443624969,2.9158873912676744,2.51367349045873,1,1,1,2,2,3,0,1,0,0,0,0
3998851,e4aeb8fc-867b-4cc3-9491-2665cc782c67,2,77,5,Netherlands Women's,Victoria Pelova,Sherida Spitse,33.8,25.9,43.5,65.3,40.57647,6.770519846423738,1.1072686637752993,0.0026775107538340843,-1.1045911530214652,1.783805452295368,0.03554017869277942,-1.7482652736025885,2.652671087032826,0.18801877919592827,-2.464652307836898,1.2163121480516395,17.93688082878322,1,0,2,0,2,0,1,0,1,0,0,1
3998851,3878d839-22ca-4489-af6d-1dbccb51bc7f,2,77,18,Netherlands Women's,Kerstin Yasmijn Casparij,Caitlin Dijkstra,41.3,48.3,43.5,22.6,25.793991,0.682592616945044,0.06037254426387129,0.009054495263038202,-0.05131804900083309,0.23667304577233642,0.08852390577419315,-0.14814913999814328,0.6313485856671811,0.36874670120290565,-0.26260188446427546,8.629382225374965,14.858071300676619,0,0,0,0,0,0,0,0,1,0,0,1
3998851,785c058d-b48e-496b-998f-f948bee252a4,2,77,23,Netherlands Women's,Caitlin Dijkstra,Dominique Johanna Anna Petrone Janssen,65,21.3,86.4,2.6,28.419184,7.815646244341757,0.4523566998745612,0.05639424739354442,-0.39596245248101675,1.0002513811323925,0.26155750422904395,-0.7386938769033486,1.7972097149233106,0.7410428733162033,-1.0561668416071073,3.5999990775470683,9.361801860215888,0,0,1,0,2,0,0,0,1,0,0,1
3998851,eb5d4893-ce0d-4229-a0ac-92c07017b6b4,2,77,28,Netherlands Women's,Dominique Johanna Anna Petrone Janssen,Danielle van de Donk,96.3,2.3,87,2.3,9.3,-5.572130740620331,0.29693544173774417,0.13864039417790577,-0.1582950475598384,0.639901989412956,0.4493678190042344,-0.19053417040872156,1.1057052993127126,0.9613022430573442,-0.1444030562553683,4.463554224219095,7.813779895812407,0,0,1,0,1,1,0,0,1,0,0,1
3998851,fee377e4-ca39-4410-9b33-0743b5dd89b3,2,77,31,Netherlands Women's,Danielle van de Donk,Victoria Pelova,83,3.2,106,24.2,31.144823,31.074484964787295,0.1006560863079779,0.37999487441596924,0.27933878810799134,0.368759748890983,1.0488793090090773,0.6801195601180943,0.8941185445764497,2.1021431301570703,1.2080245855806206,7.558365907745265,6.292382129759499,0,0,0,0,1,3,0,0,0,0,0,0
3998851,0c442ff0-e6da-41d7-a8b3-94290506f8f8,2,78,10,Netherlands Women's,Kerstin Yasmijn Casparij,Wieke Hendrikje Maria Kaptein,89.9,72.3,104.3,68.3,14.945233,11.787626917179566,1.186279695498441,0.6705383155907239,-0.5157413799077171,1.8502063792110075,1.5281572575985372,-0.32204912161247035,2.726057490515343,2.716825636874974,-0.009231853640368826,0.83543585153917,3.100661119191714,1,0,2,1,3,3,1,0,0,0,0,0
3998851,19b42674-055e-4a95-ae79-0e40d865a1f4,2,78,49,Netherlands Women's,Lineth Beerensteyn,Victoria Pelova,110.1,15.1,98.5,16.4,11.672618,-5.1291733118600185,1.123728280103384,0.17952941778592263,-0.9441988623174615,1.643243719571784,0.5953620128702944,-1.0478817067014896,2.5196533066662856,1.4450906545343833,-1.0745626521319023,1.276899341418554,6.535348938676556,2,0,2,0,2,1,1,0,1,1,1,1
3998851,f5c2eb3b-b080-4c1f-8cce-05a1e370a9e9,2,80,0,Netherlands Women's,Jackie Groenen,Sherida Spitse,63.2,70,47.5,52.9,23.21422,-9.402897090036916,0.0872897774381797,0.021391670764480012,-0.06589810667369969,0.3565518234540689,0.1242208952161831,-0.2323309282378858,0.8681339779637264,0.4077054237824268,-0.4604285541812996,8.56455629488085,11.729959136256193,0,0,0,0,0,0,0,0,0,0,0,0
3998851,c8da8223-1db3-4d30-b78e-35be8c487335,2,80,4,Netherlands Women's,Sherida Spitse,Kerstin Yasmijn Casparij,40.2,52.2,52.1,69.9,21.328384,6.535416401892789,0.16904958942743478,0.159406993204795,-0.009642596222639771,0.38249173482120363,0.42662052489078184,0.044128790069578205,0.730227870024196,0.8597023207768142,0.1294744507526182,5.374167744418976,5.81190442634168,0,0,0,0,1,1,0,0,0,0,0,0
3998851,43c4c6ee-3102-4442-b05e-87587140c593,2,80,6,Netherlands Women's,Kerstin Yasmijn Casparij,Jackie Groenen,49.3,70.3,56.4,55.6,16.324827,11.43404285094266,0.6071147423543685,0.43516335774043263,-0.17195138461393583,0.8853770060142165,0.9247540632067082,0.03937705719249163,1.2911626686681787,1.5481767847228616,0.25701411605468283,1.6348459233132469,3.426401015202423,1,0,1,1,1,1,1,0,0,0,0,0
3998851,b5c85dac-c52c-4907-9d4e-b53289e7b0c9,2,80,10,England Women's,Keira Walsh,Grace Clinton,51.4,26.2,52.3,39.1,12.931357,2.2682989790632604,0.7210393803885736,0.1783985935911991,-0.5426407867973745,1.3428858410754196,0.6415014055994656,-0.7013844354759541,2.16828087399607,1.47657302323242,-0.69170785076365,2.4900809070069423,7.529353796392704,1,0,2,0,2,1,0,0,1,0,0,1
3998851,d9eeb8bb-9750-460f-9bf4-5a0b06e0449e,2,80,18,England Women's,Leah Williamson,Chloe Kelly,41.4,39.1,69.5,3.1,45.66848,16.060288605028155,0.2343906374990443,0.018159055855572648,-0.21623158164347164,0.5002187483825494,0.12195438110989372,-0.3782643672726557,0.9385631806368603,0.42204096030563387,-0.5165222203312264,4.454652008961986,12.475238593436003,0,0,1,0,1,0,0,0,1,0,0,1
3998851,64aa345b-40cf-4ee8-87b2-edca93533b8d,2,80,37,Netherlands Women's,Wieke Hendrikje Maria Kaptein,Kerstin Yasmijn Casparij,26.8,60.9,31.6,72.6,12.646343,1.2951276768776978,0.8445114736111299,0.3303825220634677,-0.5141289515476621,1.4990110477679126,0.7232381086018187,-0.7757729391660939,2.3313588541405434,1.3368499031229208,-0.9945089510176226,1.7617965852796311,3.7514694615386204,1,0,1,1,3,1,0,0,1,0,0,1
3998851,88efd75c-d34f-4248-a63d-7bceeb1bf3eb,2,80,40,Netherlands Women's,Kerstin Yasmijn Casparij,Danielle van de Donk,34.7,75.9,50.1,75.6,15.402922,14.10332584608608,0.6632553807705335,0.47821570029608673,-0.18503968047444674,0.9864243027934219,0.9775939230481258,-0.008830379745296102,1.5084542679450215,1.637166194114899,0.12871192616987748,1.418010236205919,4.11583488153547,1,0,1,2,1,2,1,0,1,0,0,1
3998851,131f6a20-5509-4295-9151-723d8791de9f,2,80,41,Netherlands Women's,Danielle van de Donk,Chasity Grant,50.1,75.6,55.5,68.3,9.080198,8.008058661593665,0.7762811133079455,0.6542809131536921,-0.12200020015425339,1.2873145567457724,1.2429283015054722,-0.044386255240300265,1.9197672642817412,1.9813984512677076,0.06163118698596648,2.505785453133096,3.197368729556179,1,0,2,2,2,3,0,0,0,0,0,0
3998851,81f63b19-eeb9-4d74-a43d-b41427204e5f,2,80,44,Netherlands Women's,Chasity Grant,Danielle van de Donk,61,69.1,57.5,74.3,6.2681737,-5.507244941918827,0.9708156026052136,0.2857157058256757,-0.6850998967795379,1.4857278297149006,0.8126666016535926,-0.673061228061308,2.0345808058921215,1.5871615858852877,-0.4474192200068339,1.5427693195624608,6.2061262899881156,1,0,2,0,3,2,1,0,0,0,0,0
3998851,a6580636-254b-4b12-b466-509bd65e67be,2,80,52,England Women's,Grace Clinton,Lucy Bronze,65,41.7,56.4,61.7,21.770622,-12.173807949508607,0.3099864801581914,0.016800339423667973,-0.2931861407345234,0.8816164974904426,0.11366551556534911,-0.7679509819250935,1.831264974444618,0.4297426182205859,-1.4015223562240322,5.192545732240329,12.466427987546032,0,0,0,0,1,0,0,0,1,0,0,1
3998851,cbca3744-099c-4802-bfd8-f4d1c2733aaf,2,80,56,England Women's,Lucy Bronze,Leah Williamson,55.8,62.3,46.1,44.2,20.535336,-6.056543888004043,0.025679369182133625,0.016133784888926268,-0.009545584293207357,0.13554506563917146,0.11662631116107565,-0.01891875447809581,0.43747811997108466,0.41943790983084084,-0.018040210140243818,11.10831954724031,12.866303908998423,0,0,0,0,0,0,0,0,1,0,0,1
3998851,8c2a8a8e-cb93-4d97-bbdc-85aeb37a4e01,2,80,59,England Women's,Leah Williamson,Jessica Carter,46.6,44,45.9,19,25.009798,-3.5093335673383166,0.06734843840830289,0.02838802830734453,-0.038960410100958354,0.24667913214493223,0.15631853911746688,-0.09036059302746535,0.6244811196049138,0.4971615654088519,-0.1273195541960619,8.273063430733947,10.976105648897427,0,0,0,0,0,0,0,0,1,0,0,1
3998851,08d9f0a4-0622-4dc2-a147-f42d21e50a5f,2,81,16,England Women's,Alessia Russo,Lucy Bronze,63.3,46.9,58.5,69.3,22.908514,-11.00467874020498,1.0387373434865261,0.044551030355735904,-0.9941863131307902,1.540021532696615,0.21878935311684616,-1.3212321795797688,2.2413826769977354,0.6289417057605583,-1.6124409712371772,0.8583113615430703,9.811803215531565,1,0,2,0,2,0,1,0,1,0,0,1
3998851,b82728d6-210d-4723-af1a-b67ef8a9a3c3,2,81,19,England Women's,Lucy Bronze,Bethany Mead,57.6,68.9,66.7,65.2,9.8234415,9.810488619783534,0.15793743178650832,0.49268296788961735,0.33474553610310903,0.4351628444511999,0.9819097292720375,0.5467468848208376,0.9237945532915243,1.5966067719788914,0.6728122186873672,5.830625639560829,3.7438680264103152,0,0,0,1,1,2,0,0,1,0,0,1
3998851,231a152a-11ff-4977-8b0a-9bba7fde5008,2,81,19,England Women's,Bethany Mead,Lucy Bronze,66.7,65.2,56.9,72.3,12.101653,-11.92951080255822,0.49268296788961735,0.12385766177497658,-0.36882530611464076,0.9819097292720375,0.47222712665417815,-0.5096826026178594,1.5966067719788914,1.1421188194761487,-0.45448795250274276,3.7438680264103152,7.708817662803712,0,0,1,0,2,1,0,0,1,0,0,1
3998851,9ac44e0f-27f1-4254-8800-2955d72b6404,2,81,21,England Women's,Lucy Bronze,Keira Walsh,56.9,72.3,55.1,57,15.405519,3.7969620465085114,0.17353655937075915,0.24904397133113063,0.07550741196037147,0.5761729191508647,0.7996054164863917,0.22343249733552706,1.3044666300550116,1.697784815350913,0.39331818529590135,6.468941729789398,7.431247464855697,0,0,0,0,1,2,0,0,1,0,0,1
3998851,a97d3899-675a-4e94-9492-2c1eaf3c6e43,2,81,31,England Women's,Bethany Mead,Lucy Bronze,106.4,72.9,91.4,67.7,15.875768,-4.215057654075757,0.3486424730949539,0.10059421410863038,-0.2480482589863235,0.6584513122907865,0.37509475007877213,-0.28335656221201433,1.126032687777595,0.952723294899185,-0.17330939287841007,3.449530984971625,7.576339689415409,0,0,1,0,1,1,0,0,1,1,1,1
3998851,356839d0-7111-4f3c-8342-9fd0c84f45cf,2,81,34,England Women's,Lucy Bronze,Georgia Stanway,90.9,67.7,97.8,59.5,10.716809,10.627767015418257,0.23602782961118698,0.5562776268498413,0.3202497972386543,0.5700507679275302,1.1888705972539375,0.6188198293264073,1.1720517174319214,2.223952959034106,1.0519012416021847,4.665879457235389,2.665894550124618,0,1,1,1,1,2,0,0,0,1,1,1
3998851,f7bda9fd-c3c2-4b03-b176-b3955fa7a68d,2,81,36,England Women's,Georgia Stanway,Keira Walsh,97.5,59.5,107.5,54.5,11.18034,10.629960142842165,0.7761940448239462,1.3237684295330066,0.5475743847090604,1.4578813648937716,2.2166190982455447,0.7587377333517731,2.4683618596438386,3.3981262668158387,0.9297644071720002,2.6431554983792473,1.7635510384708444,1,2,2,2,2,4,0,0,0,1,1,1
3998851,712a4ebd-0814-42e3-9ddc-f4b0bcb69472,2,81,37,England Women's,Keira Walsh,Alessia Russo,106.5,53.7,110.2,41.9,12.366487,9.25133971205906,1.3237685133572847,1.1205508464340173,-0.20321766692326748,2.2166191760904055,2.019334985800078,-0.1972841902903273,3.3981263393897696,3.1975400938575445,-0.20058624553222515,1.7635505696094411,1.3261380633778321,2,1,2,2,4,3,0,0,0,1,1,1
3998851,bdbbc53e-2541-4c8f-a1a1-656e4e7c3d8c,2,83,21,Netherlands Women's,Caitlin Dijkstra,Danielle van de Donk,39.9,9.1,74,6.1,34.231712,28.711463771049807,0.742744217592133,0.20979038285388996,-0.5329538347382431,1.1318009029588416,0.6005527432083342,-0.5312481597505074,1.7047737432711343,1.2849629338857795,-0.41981080938535476,1.4337270701282898,5.633686478830071,1,0,1,0,2,1,1,0,0,0,0,0
3998851,d3a3f90e-00d5-47e6-a69d-76d8e4808004,2,83,29,England Women's,Georgia Stanway,Leah Williamson,40.4,48.6,26.8,55.8,15.388308,-14.466558650080074,0.1655650110040665,0.42881545503769775,0.26325044403363124,0.5339177504007488,0.6626941387974381,0.12877638839668926,1.1744905054434565,1.0154305627522004,-0.159059942691256,7.553267998873865,2.5773434369194153,0,1,0,1,2,1,0,0,1,0,0,1
3998851,bac09bae-fe53-4219-b8b2-1a5c5e938ed0,2,83,32,England Women's,Leah Williamson,Niamh Charles,20.7,62.7,31.5,76,17.132717,6.31969709900082,0.27395877582213307,0.058870568570007664,-0.2150882072521254,0.49909610202644766,0.2635437923402777,-0.23555230968616997,0.8337380113675327,0.672860493047577,-0.16087751831995567,3.9135077982479873,9.510374833323418,0,0,1,0,1,0,0,0,0,0,0,0
3998851,2eb709a2-5bf7-4389-9f12-dc2fb3c2c7f9,2,83,34,England Women's,Niamh Charles,Bethany Mead,31.1,76,44.6,70.3,14.65401,14.652128266329626,0.2568580608808053,0.25933158605097056,0.002473525170165247,0.5714992315102884,0.7346323734102107,0.16313314189992234,1.0280702871754193,1.4706140991615846,0.4425438119861653,4.4211761998727725,6.1464573297252265,0,0,1,0,1,2,0,0,0,0,0,0
3998851,f0bd8e0d-9365-4b5d-8127-a6edbb992dcf,2,83,38,Netherlands Women's,Caitlin Dijkstra,Victoria Pelova,67,6.3,76.5,13.4,11.860017,11.818435152713647,0.38085348773686895,0.6577372750143522,0.27688378727748325,0.846527441237605,1.1699553036371475,0.32342786239954247,1.4896580460743871,1.9799231336549905,0.4902650875806034,4.05013160571138,1.8838213091477447,0,1,1,1,2,2,1,1,1,0,0,1
3998851,9c426972-cead-407b-b6d6-bdffc352bac4,2,83,42,Netherlands Women's,Victoria Pelova,Chasity Grant,81.1,27.9,81.1,56.9,29,-1.6740642165454034,0.5745198882648153,0.31097698627952397,-0.2635429019852913,1.1900372762661782,0.7627702208814298,-0.4272670553847484,2.087517278491156,1.4520482827425634,-0.6354689957485926,3.461834689254537,5.508564844494865,0,0,1,0,2,2,0,0,1,0,0,1
3998851,f235f9b2-14dc-4324-839c-0beab0587966,2,83,47,Netherlands Women's,Chasity Grant,Kerstin Yasmijn Casparij,74.7,45.4,65,57.5,15.508062,-12.096262925839333,1.1330267517538308,0.12672947620543962,-1.0062972755483912,1.8615319163389359,0.4896824656832651,-1.3718494506556707,2.844736944455653,1.1684818830429942,-1.6762550614126588,1.4556038445853245,7.853029595504855,1,0,2,0,3,1,1,0,1,0,0,1
3998851,74fd5395-466c-49ad-ae05-1204dfe457e7,2,83,49,Netherlands Women's,Kerstin Yasmijn Casparij,Sherida Spitse,63,55.2,53.7,37.7,19.817669,-7.348018577984718,0.25291224930314665,0.04867644502600065,-0.204235804277146,0.7095371861580152,0.21724875779393796,-0.49228842836407727,1.4253478605616616,0.6082623438119712,-0.8170855167496904,5.453668529528774,9.458516466006612,0,0,0,0,1,0,0,0,1,0,1,1
3998851,90230ecb-d134-4aef-a6b3-a41a3537385e,2,83,52,Netherlands Women's,Sherida Spitse,Caitlin Dijkstra,54.1,35.4,58.3,16.5,19.361044,0.036567601458997956,0.11790777123275627,0.0050203484928815515,-0.11288742273987472,0.3423717101594404,0.07201745030931689,-0.2703542598501235,0.7737589620223124,0.3724592205427596,-0.40129974147955283,6.6041592300355,17.436269523462723,0,0,0,0,1,0,0,0,1,0,1,1
3998851,ec995b2a-a098-48bb-b8b7-ec62018e945c,2,83,56,Netherlands Women's,Caitlin Dijkstra,Wieke Hendrikje Maria Kaptein,76,17.6,90,23.3,15.115886,15.038709598825335,0.188725431708562,0.9021136103844024,0.7133881786758404,0.6150540648569786,1.5881521877601916,0.9730981229032131,1.3879266370971721,2.4939256979479025,1.1059990608507304,6.243742383417469,2.447519950530446,0,1,0,2,1,3,0,0,0,1,1,1
3998851,e6414f21-cd68-40d0-a8ee-a3482b9af07b,2,85,20,England Women's,Grace Clinton,Agnes Beever-Jones,83.5,74.2,92.9,69,10.742439,10.327461584940963,1.1975191375763128,1.1505406126863238,-0.04697852488998899,1.8500600770326192,1.811346354524089,-0.03871372250853011,2.6666501998267127,2.626595739597264,-0.04005446022944881,0.7533097259573883,1.4198534214684528,1,1,1,2,4,3,0,1,0,0,0,0
3998851,688556ce-b69c-4acd-833f-c680b66ddbb2,2,85,50,Netherlands Women's,Wieke Hendrikje Maria Kaptein,Dominique Johanna Anna Petrone Janssen,24.3,19.8,23.2,7.9,11.950732,-4.174937409076222,1.1992560828142227,0.948703553025785,-0.2505525297884377,1.7824337167363644,1.7255360114176888,-0.05689770531867566,2.5810181432162596,2.629582893278903,0.04856475006264338,0.7801247386990235,2.2487451026008864,1,1,2,2,3,4,1,0,1,0,0,1
3998851,a0cc6fb2-8536-4612-9e6d-28522cc90de5,2,85,56,England Women's,Bethany Mead,Niamh Charles,89.2,79.3,81.2,79.1,8.0025,-5.152773984676976,0.9367638308062689,0.6126203018281644,-0.3241435289781045,1.3245478097847554,1.0219699209197415,-0.3025778888650139,1.9261026470913376,1.6378157166220124,-0.2882869304693252,0.7083020120907191,2.0270194538867674,1,1,1,1,2,2,0,1,1,0,0,1
3998851,0d100ad4-0b87-4af6-bee9-0692b8462b52,2,85,58,England Women's,Niamh Charles,Jessica Carter,76.6,78.5,62.6,61.4,22.1,-3.2438469008799586,0.6535530181453415,1.0135642817478876,0.3600112636025461,0.9855636352809993,1.4275863448254527,0.44202270954445333,1.6077598278355194,1.9984365347882616,0.39067670695274215,1.4369059065844372,0.9124439975371189,1,1,1,2,1,2,1,1,1,0,0,1
3998851,f5b632fd-5785-4c17-bfd4-ae04e9aeb5b1,2,86,0,England Women's,Jessica Carter,Bethany Mead,62.6,60.7,79.8,74.3,21.927153,8.174045620369775,1.013564445179882,0.4261083797374678,-0.5874560654424141,1.427586457821441,0.9578397657188167,-0.4697466921026243,1.9984366157648155,1.76515709857973,-0.23327951718508544,0.9124432564448164,3.8794689016071797,1,0,2,1,2,2,1,0,0,0,0,0
3998851,304b4dfb-a15b-4508-b82e-5178e7ae4702,2,86,1,England Women's,Bethany Mead,Niamh Charles,79.8,74.3,69.5,77.5,10.785639,-10.056321201765108,0.4261083797374678,0.13293200007172895,-0.29317637966573884,0.9578397657188167,0.45327777218488147,-0.5045619935339352,1.76515709857973,1.0720173289146437,-0.6931397696650863,3.8794689016071797,7.226731939578226,0,0,1,0,2,1,0,0,0,0,0,0
3998851,4565a03f-8a11-4eb2-80d4-b9c60027c10b,2,86,3,England Women's,Niamh Charles,Bethany Mead,69,76.5,77.9,67.4,12.728707,12.484462411859035,0.49187507005184605,0.3445241438113692,-0.14735092624047685,0.8955054814164267,1.0276043576254357,0.13209887620900895,1.5720039010680005,2.125812647854772,0.5538087467867714,2.595606920743698,5.659793381599863,1,0,1,0,1,2,0,0,0,0,0,0
3998851,8ca3adf8-fd51-4c4c-9bfd-d90fb5e0037b,2,86,8,Netherlands Women's,Damaris Berta Egurrola Wienke,Caitlin Dijkstra,41.3,17.4,31.4,14,10.467569,-10.455419200168862,0.9479795487674104,0.34278707908048683,-0.6051924696869235,1.6696804086784642,0.7665493143170026,-0.9031310943614617,2.562985791232171,1.4125762943260065,-1.1504094969061647,1.7310056685744626,3.8842686693179296,1,0,2,1,4,1,0,0,1,0,0,1
3998851,291751ef-cf75-4f1f-9a77-9a579ef8618c,2,86,10,Netherlands Women's,Caitlin Dijkstra,Daphne van Domselaar,30.5,14.1,11.7,32.9,26.587215,-15.36027746052946,0.35348408832306855,0.001979733827337171,-0.35150435449573136,0.7462462426927798,0.03644369494760772,-0.7098025477451722,1.35677631013965,0.1973601139768237,-1.1594161961628262,3.6074146077622036,20.177712860927237,0,0,1,0,1,0,0,0,1,0,0,1
3998851,dc071a02-70da-40e0-a594-a2040e8781a7,2,86,23,England Women's,Keira Walsh,Agnes Beever-Jones,79.2,61.4,97.6,55.2,19.416489,19.001404372156465,0.41621087191243755,0.4815301514359126,0.06531927952347505,0.9261649004847727,1.1179868175179295,0.19182191703315676,1.709433806769395,2.0034774108995714,0.2940436041301764,3.547146837260162,4.507548562010851,0,0,1,1,2,3,0,0,0,0,0,0
3998851,3d8fe81b-d581-4221-ae7a-2394d8b0fbca,2,86,26,England Women's,Agnes Beever-Jones,Bethany Mead,102,56.8,107.5,60.7,6.742403,0.44054362536006764,1.4780568157009686,0.3226561447929468,-1.1554006709080218,2.181489394984297,0.9050508560896339,-1.2764385388946629,2.996874801992394,1.7668403993788733,-1.2300344026135206,1.830259967733067,5.6824536699032615,3,0,3,0,3,2,1,0,0,0,0,0
3998851,9ec44350-759e-429b-98cd-47f259d19e1a,2,87,3,Netherlands Women's,Wieke Hendrikje Maria Kaptein,Dominique Johanna Anna Petrone Janssen,50.1,22.7,42.8,10.7,14.045996,-10.56415245319927,0.07987203871115002,0.09879044482902599,0.01891840611787597,0.32660168776437415,0.3738493307900359,0.047247643025661756,0.7390173680720884,0.8058441445624953,0.06682677649040691,9.061653123273882,8.693553380636493,0,0,0,0,0,0,0,0,1,0,0,1
3998851,c23590a4-f3e6-40e6-b618-b7a2977069a7,2,87,5,Netherlands Women's,Dominique Johanna Anna Petrone Janssen,Caitlin Dijkstra,42,10.7,32,26,18.27813,-5.785071798319592,0.16961128554078844,0.029351410228332278,-0.14025987531245615,0.4887777190490238,0.15796899273400303,-0.3308087263150208,0.9339036940601476,0.4540152339263516,-0.479888460133796,6.193814951199539,11.048556646308002,0,0,0,0,1,0,0,0,1,0,0,1
3998851,11760801-59ac-4c13-8391-bc965e2c8149,2,87,12,Netherlands Women's,Sherida Spitse,Kerstin Yasmijn Casparij,47.3,60.5,73.1,73.3,28.800694,18.015463098564318,0.30081737097344186,0.05391912253564565,-0.2468982484377962,0.5822732728155454,0.24060895825236522,-0.3416643145631802,1.0319189284072798,0.6927819251679476,-0.33913700323933227,3.7175497067686254,9.165627288368496,0,0,1,0,1,0,0,0,0,0,0,0
3998851,4e70adbb-3e42-4d65-992b-7c87f786d4aa,2,87,15,Netherlands Women's,Kerstin Yasmijn Casparij,Chasity Grant,81,75,111.8,65.7,32.173435,25.425818796722226,0.17803384732440328,0.899532414639266,0.7214985673148627,0.43298097350087694,1.3076194503658956,0.8746384768650186,0.9049804961585101,1.8121907529238075,0.9072102567652974,5.321002969905779,2.399832799780815,0,2,0,2,1,2,0,0,0,0,0,0
3998851,ae1bd7a4-e838-4216-8dce-9a16e82b4d26,2,88,14,England Women's,Alex Greenwood,Chloe Kelly,18.9,9.5,39.6,5.8,21.028076,18.22885337748474,0.502534136886967,0.4300447226074469,-0.0724894142795201,0.7662205244633936,0.6721280839028763,-0.09409244056051735,1.1395563642309783,1.055773918472109,-0.08378244575886917,2.175311565920537,2.5735040287739457,1,1,1,1,1,1,0,1,1,0,0,1
3998851,6158a25f-89b7-4bb1-9114-67fea0841617,2,88,17,England Women's,Chloe Kelly,Alex Greenwood,34.4,4.2,14.9,5.8,19.56553,-17.739734674092915,1.340921114147749,0.02630898845525462,-1.3146121256924945,1.6899590470834418,0.18125741555653077,-1.508701631526911,2.1260105954570996,0.5796758988298027,-1.5463346966272968,0.9202165848048747,12.30605730105435,2,0,2,0,2,0,1,0,0,0,0,0
3998851,73380048-c28f-4243-9843-6b4c84ce1aac,2,89,31,England Women's,Alex Greenwood,Georgia Stanway,41.2,13.5,59.4,19,19.01289,19.00109278265593,0.16310911001221004,0.2933201705795024,0.13021106056729234,0.40260722566805673,0.8460197648537391,0.44341253918568235,0.8270217114639848,1.7939049348918135,0.9668832234278286,5.597707154119375,4.930184711995435,0,0,0,1,1,1,0,0,1,0,0,1
3998851,88ef187b-889a-4bcd-97e6-14b2345f8bff,2,89,32,England Women's,Georgia Stanway,Grace Clinton,58.5,19,56,13.5,6.041523,-4.282864546973585,0.29332024219664865,0.7181860734019033,0.4248658312052547,0.8460198598309865,1.275408902126033,0.4293890422950466,1.7939050241680834,2.1599319774734838,0.36602695330540036,4.930183938792969,1.638847428735046,0,1,1,1,1,2,0,1,1,0,0,1
3998851,93a845fa-9142-4e72-a68c-d572674ee397,2,90,11,Netherlands Women's,Victoria Pelova,Danielle van de Donk,52.2,49.8,53.5,36.4,13.462912,1.9072260652664994,1.0899770478527628,0.24197728868322851,-0.8479997591695343,1.7229638925109083,0.7431787063678431,-0.9797851861430652,2.52807362216136,1.5485665637399577,-0.9795070584214021,1.9054574386305974,5.962198829552539,2,0,2,0,3,1,0,0,0,0,0,0
3998851,334ed40f-3f90-436c-83ce-3b8cbaedd178,2,90,13,Netherlands Women's,Danielle van de Donk,Chasity Grant,52.2,39.1,65,64.4,28.353659,7.636545735389525,0.7072315812937464,0.8982525696324802,0.19102098833873382,1.3444338174560464,1.1665022667877636,-0.1779315506682828,2.259069054406593,1.7066016845887053,-0.5524673698178875,2.224943914355917,0.4882513147989848,1,1,1,1,2,1,0,0,0,0,0,0
3998851,8550b5d8-2e3b-46d1-b28e-fcc8af4b3308,2,90,18,England Women's,Keira Walsh,Alex Greenwood,49.2,22.9,52.2,8.1,15.100993,-2.0938594799309413,0.5160542921072346,0.3689324958110575,-0.1471217962961771,1.1098946937474952,0.758958562943486,-0.3509361308040092,1.9465334639843936,1.4270541566390151,-0.5194793073453785,3.9617658476244975,3.3301527259380315,0,0,2,1,2,1,0,0,0,0,0,0
3998851,1620386e-cb6c-42f9-9184-ba17adc3896f,2,90,42,England Women's,Jessica Carter,Bethany Mead,39.9,40.4,48.5,52.8,15.090394,7.46430003180491,0.5153203112794752,0.32652677356617993,-0.18879353771329527,1.0145184403233647,0.804384824218247,-0.21013361610511772,1.604658380774952,1.5701517196757748,-0.034506661099177105,3.304108731783887,4.281931533431468,0,0,1,1,3,1,0,0,1,0,0,1
3998851,e5438ddb-3961-441e-923a-c470050f555c,2,90,44,England Women's,Bethany Mead,Niamh Charles,48.3,52.8,36.4,60.3,14.066272,-13.195778033577682,0.4215819864043881,0.017697625311191324,-0.40388436109319675,0.9565186908391599,0.14860442583821606,-0.8079142650009438,1.7580194492941654,0.5394936862045371,-1.2185257630896285,3.7728466032314385,14.597850241764345,0,0,1,0,2,0,0,0,1,0,0,1
3998851,6d9c0997-c6ca-4e92-ac67-2ae4115f29e7,2,90,46,England Women's,Niamh Charles,Leah Williamson,37,60.1,23.3,56.8,14.091842,-12.74938814712013,0.026490283320277037,0.08131394891892897,0.054823665598651934,0.17333058008210137,0.2359064180860312,0.06257583800392982,0.5592590492576107,0.5018534236167745,-0.05740562564083618,11.906874637907974,7.543994663392123,0,0,0,0,0,1,0,0,1,0,0,1
3998851,74e99770-15b9-4a0a-9da0-156c7c251ca1,2,90,47,England Women's,Leah Williamson,Hannah Hampton,23.8,55.8,9.8,37.7,22.882526,-12.735128041887762,0.1612695786753858,0.0088753744195134,-0.1523942042558724,0.3487649458149865,0.0627131807535259,-0.28605176506146063,0.6164361810504841,0.21786588788483308,-0.39857029316565107,5.481814751984436,14.193455524618297,0,0,0,0,1,0,0,0,1,0,0,1
3998851,9b33265f-80fd-4423-b8d6-36744378e478,2,90,50,England Women's,Hannah Hampton,Jessica Carter,11.6,36.5,20.9,24.5,15.181897,8.151653594419528,0.031923567374607095,0.023017469566174904,-0.008906097808432191,0.13385837477748747,0.14660394581161745,0.012745571034129988,0.3416488165471033,0.471351876869269,0.12970306032216572,10.351231154317585,11.94781827657166,0,0,0,0,0,0,0,0,1,0,0,1
3998851,0330b8ec-4e4a-4b45-92bf-617cc7b0ffbf,2,90,52,England Women's,Jessica Carter,Alex Greenwood,21.9,24.6,26.4,6.1,19.039433,-0.24842690623565034,0.18080538226508203,0.06958584901987006,-0.11121953324521197,0.42811904326556793,0.28064624028373514,-0.1474728029818328,0.8328656255530785,0.6705987741598705,-0.16226685139320807,5.258941278559798,9.449163054907777,0,0,0,0,1,0,0,0,1,0,0,1
3998851,3e3f73cc-4bb2-4c48-8222-6152bc9a32fa,2,91,31,Netherlands Women's,Victoria Pelova,Kerstin Yasmijn Casparij,65.4,72.4,62.3,77.9,6.3134775,-5.544522874405956,1.1492754079511933,0.9599216342603896,-0.18935377369080375,1.821626366655862,1.5270051337076351,-0.29462123294822695,2.576823314520464,2.1572934070594716,-0.4195299074609924,1.3022070487834354,2.300112706456933,1,2,3,2,3,3,1,0,0,0,0,0
3998851,cb47e951-c282-4dd8-af3a-95115fc0a316,2,92,16,Netherlands Women's,Danielle van de Donk,Chasity Grant,92,71.9,88,75,5.060632,-4.978246143270752,0.9479057732347506,1.0430961599094013,0.09519038667465074,1.7214829324301666,1.7417506011682726,0.020267668738106037,2.8266431105222853,2.7569904819666644,-0.06965262855562093,1.411030040249518,1.2296079743181798,1,1,1,2,2,2,0,1,1,0,0,1
3998850,899d48bb-8c30-416e-822d-93656221953e,1,0,12,France Women's,Clara Mateo,Melvine Malard,84.3,17.3,91.5,5,14.252368,-2.8301143186453714,1.1572435827514236,0.40245581625950244,-0.7547877664919211,1.8647010032253357,0.9825938235894267,-0.882107179635909,2.8044296189021787,1.80229681565087,-1.0021328032513086,0.9043211891251102,5.832107787292207,1,0,2,0,3,3,0,0,0,1,1,1
3998850,26f9bc4a-c42d-4123-90bd-389346308c1d,1,0,14,France Women's,Melvine Malard,Clara Mateo,98.8,7.4,117.4,27.2,27.166155,25.825622334103862,0.6895464331446818,1.6690711517157206,0.9795247185710388,1.3184816947117548,2.6088870474713834,1.2904053527596286,2.131033666555551,3.6747508090566736,1.5437171425011225,3.488231374084589,1.2903816733102322,0,3,2,3,3,4,0,1,0,1,1,1
3998850,9530a2fe-6bcc-46ee-8f3a-626b288c2eda,1,0,50,Wales W,Lily Woodham,Ffion Morgan,32.5,14.6,49.5,15.4,17.018812,16.443405715215064,0.2803524878578138,0.4430490152501592,0.1626965273923454,0.664281335120243,0.8746237578128472,0.21034242269260417,1.3212858802619347,1.48646521472784,0.16517933446590538,4.405006886487691,3.2676165680428424,0,0,1,1,1,2,0,0,0,0,0,0
3998850,8f60fa75-1ab3-4d9f-acd6-e3632b517014,1,1,15,France Women's,Onema Grace Geyoro,Melvine Malard,54.5,62,61.5,51.1,12.95415,9.552182366066809,1.0629006017946618,0.2572466806704925,-0.8056539211241693,1.9726292175001612,0.9351151440127147,-1.0375140734874466,3.0616366059599995,2.1329542669561388,-0.9286823390038608,2.8182540119404713,6.0394063960687525,1,0,3,0,3,1,0,0,1,0,0,1
3998850,7a6090de-7ae4-4a7f-b367-fd6d428f847a,1,1,21,France Women's,Melvine Malard,Selma Bacha,78.8,31.6,70.4,17.5,16.412495,-12.417167165269653,0.9322747414700329,0.05054201435308592,-0.881732727116947,1.6226259812128427,0.29633852365900654,-1.3262874575538361,2.5812483174971907,0.9140252847004312,-1.6672230327967594,2.2795892658297645,11.007262764457346,2,0,2,0,2,0,0,0,1,0,0,1
3998850,c5890bf9-caf2-4213-856d-55c4820dc0a8,1,1,23,France Women's,Selma Bacha,Sandie Toletti,71.8,21,64.6,28.2,10.182338,-4.833088436230753,0.12081311118541173,0.18285092892668864,0.06203781774127691,0.48589822700305924,0.5763198176168519,0.09042159061379268,1.2107603540990313,1.3067695360895715,0.0960091819905402,8.425709184692654,5.967410462223003,0,0,0,0,0,1,0,0,1,0,0,1
3998850,61584413-0fea-4a9e-b9c0-711149b21c5d,1,1,26,France Women's,Sandie Toletti,Thiniba Samoura,63.2,30.8,56,50.3,20.786776,-7.283282894343017,0.17037920462964543,0.05476929435493879,-0.11560991027470663,0.5443629143191779,0.22699961114795106,-0.31736330317122685,1.1723770910457019,0.5912649644681155,-0.5811121265775864,6.3372634730631505,9.130300402775747,0,0,0,0,1,0,0,0,1,0,0,1
3998850,5cb744af-ec93-4d03-9751-3f88c754d4fe,1,1,31,France Women's,Melween Ndongala,Amel Majri,79,77.2,77.8,66.1,11.164677,5.741948339307939,0.1975212984706522,0.32346985859246175,0.12594856012180955,0.42352470072128223,0.8082134274780619,0.3846887267567797,0.7806466963427579,1.5877461998015745,0.8070995034588166,4.929236126988089,4.8965049668017455,0,0,1,1,1,2,0,0,1,0,1,1
3998850,08a082c2-22e7-468b-b493-cf24e47b3756,1,1,32,France Women's,Amel Majri,Melween Ndongala,77.8,67.6,91.7,76.8,16.668833,4.000822807543372,0.4052926624193294,0.407160872137142,0.0018682097178126522,0.9097239165460926,0.7881262174127122,-0.12159769913338048,1.6765928201322404,1.299543296909162,-0.3770495232230784,4.317770372290906,3.2882273685096806,0,0,1,1,2,1,0,0,1,1,1,1
3998850,8313f988-3de3-4578-b307-e121e3c747a4,1,1,36,France Women's,Melween Ndongala,Kadidiatou Diani,96.8,71.8,103,58.1,15.03762,14.531801758065221,0.7651977682767827,0.3217629100550729,-0.44343485822170975,1.1747079523789723,0.9754863473448879,-0.19922160503408437,1.7307245896942618,1.998941233285476,0.2682166435912141,1.3698237194831357,5.555785391571072,1,0,1,0,1,1,1,0,0,1,1,1
3998850,dd4af22a-cb36-499d-a188-d7807493fe5c,1,1,38,France Women's,Kadidiatou Diani,Clara Mateo,111.6,54.2,110.7,46.9,7.3552704,4.918329339541016,1.0910307933996137,1.3155169103708333,0.22448611697121956,1.8780893685772073,2.3727797368326997,0.4946903682554924,2.928051829167822,3.5862512215454343,0.6581993923776124,1.7931504044958504,1.6310181971694855,1,1,2,2,3,6,0,0,0,1,1,1
3998850,93ed6b0c-f9fc-4bf1-8921-30f8eb4a1677,1,2,58,France Women's,Selma Bacha,Melvine Malard,109.7,3.7,103.6,1.4,6.519202,-4.206470785142329,0.6751251238714255,0.12511721420185082,-0.5500079096695747,1.140050949388309,0.427584606452202,-0.7124663429361071,1.8672530856605676,1.0096646662155169,-0.8575884194450507,1.7015346498616253,6.876388309717889,1,0,1,0,1,1,0,0,1,0,0,1
3998850,8a021bd8-2f4f-4ac1-acc9-c33c1b2ca5b7,1,3,0,France Women's,Melvine Malard,Thiniba Samoura,98.2,2.1,75.9,31.7,37.060085,-1.1518489181354639,0.36691515499245647,0.20539398256823702,-0.16152117242421946,0.7204093242843528,0.5001924358802012,-0.22021688840415155,1.2958169140170093,1.014561427600556,-0.28125548641645337,3.274774300501201,5.046393436770449,0,0,1,0,1,1,0,0,1,0,0,1
3998850,ccf1df4d-2a4c-413f-be34-7319f64b25af,1,3,3,France Women's,Thiniba Samoura,Alice Sombath,75.9,31.7,68.3,15,18.348024,-12.55298953981864,0.20539398256823702,0.057699407173255716,-0.1476945753949813,0.5001924358802012,0.26228909593133926,-0.23790333994886198,1.014561427600556,0.7149261817268561,-0.29963524587369983,5.046393436770449,9.486064314358318,0,0,0,0,1,0,0,0,1,0,0,1
3998850,126c244a-31a0-487c-95e4-67b4daa29a2a,1,3,4,France Women's,Alice Sombath,Sandie Toletti,68.3,15,72.6,3.1,12.653063,-2.642451168784582,0.057699407173255716,0.026985598649548193,-0.030713808523707524,0.26228909593133926,0.17494706005062566,-0.0873420358807136,0.7149261817268561,0.5919102917259679,-0.1230158900008882,9.486064314358318,11.609659913177506,0,0,0,0,0,0,0,0,1,0,0,1
3998850,1c5fbc24-6ef5-40cb-b113-de0c53d18c56,1,3,8,France Women's,Sandie Toletti,Alice Sombath,70.4,3.8,58.3,15.8,17.04142,-4.870953139400662,0.1445179119086779,0.045643802272660315,-0.09887410963601759,0.4148803735537514,0.19165982529848138,-0.22322054825527002,0.9413238582595037,0.5101415560806148,-0.43118230217888887,6.052838733440651,9.451908494753456,0,0,0,0,1,0,0,0,1,0,0,1
3998850,08953570-50be-40e6-9b82-c3fc00839af8,1,3,10,France Women's,Alice Sombath,Thiniba Samoura,56.6,22.4,53.5,43.3,21.128654,-0.7842610089334698,0.07349118109883777,0.041658538551038876,-0.0318326425477989,0.2604214836528926,0.1741241384268353,-0.08629734522605728,0.6107582607199377,0.43885367162232997,-0.1719045890976077,8.112094617625353,9.727398618405115,0,0,0,0,0,0,0,0,1,0,0,1
3998850,5f10c4ea-d170-4335-b3e4-b259da66ad0e,1,3,13,France Women's,Thiniba Samoura,Sandie Toletti,55.8,42.3,63.8,16.1,27.39416,3.1703256839833216,0.2088168426336904,0.013317921902318147,-0.19549892073137226,0.4637178371914605,0.12000358103974232,-0.34371425615171813,0.8138175203069953,0.4313569986214099,-0.38246052168558536,4.930490469746951,14.98533693166144,0,0,1,0,1,0,0,0,1,0,0,1
3998850,91f643ae-7ac7-48d6-8bd9-0a8d4050146d,1,3,29,France Women's,Alice Sombath,Selma Bacha,63.8,23,77.6,2.5,24.712143,2.1109292856333752,0.08757988138918882,0.0746041803315891,-0.012975701057599723,0.36902723026987533,0.24731563064067186,-0.12171159962920347,0.947195870081732,0.5991310715432847,-0.3480647985384473,8.467629820873508,7.898970309676899,0,0,0,0,0,1,0,0,1,0,0,1
3998850,6e06b34a-6743-4660-bd01-0b57e6515ca9,1,3,43,Wales W,Jessica Fishlock,Rachel Rowe,30.5,32,28.2,45.1,13.300376,-2.0847269548085166,0.9590693915771806,0.8132645196648387,-0.14580487191234193,1.4896383568083273,1.6706708179580645,0.18103246114973714,2.2585277914670465,2.707116455001184,0.4485886635341374,0.9600918318009346,2.5790277267427424,1,1,1,1,2,4,0,0,0,0,0,0
3998850,0efe10ee-684c-4fe9-8ce8-b668692dfde4,1,4,11,Wales W,Gemma Evans,Josie Green,26.5,25.9,22.5,44.5,19.025246,-3.0466124410814786,0.27866011863963397,0.1256784273498914,-0.15298169128974257,0.4898690333956776,0.36776405318926686,-0.12210498020641075,0.7831908562036219,0.7501644711219091,-0.03302638508171285,3.8448448284130357,6.786870109425155,0,0,1,0,1,1,0,0,1,0,0,1
3998850,36159788-2129-4c47-8611-b3607479b23a,1,4,14,Wales W,Josie Green,Safia Middleton-Patel,23.1,46.4,8.7,38.1,16.62077,-14.205094331915348,0.5955518397241927,0.04964481554505009,-0.5459070241791426,0.8674200018028133,0.19680285540281514,-0.6706171463999981,1.2454387175045418,0.49595382443748726,-0.7494848930670546,1.7592184023545923,9.236405138810294,1,0,1,0,1,0,0,0,1,0,0,1
3998850,31b8ac9a-fdd4-4fe0-9a59-1f77d3ec4236,1,4,16,Wales W,Safia Middleton-Patel,Gemma Evans,9.1,37.3,16.3,16.6,21.916431,4.625525108943407,0.04964480040409087,0.02938288196466467,-0.020261918439426197,0.19680282119780032,0.16895469150163192,-0.0278481296961684,0.4959537744526524,0.510593722778436,0.01463994832578358,9.236406080316135,11.556293826008913,0,0,0,0,0,0,0,0,1,0,0,1
3998850,7e3b67af-8129-420c-9455-f7c58005a438,1,4,28,France Women's,Pauline Peyraud Magnin,Selma Bacha,2.6,25.7,23,11.1,25.08625,17.054019960186096,0.3334425516433401,0.01121695310257331,-0.32222559854076677,0.5190616010054375,0.08076391466768104,-0.43829768633775645,0.6840412753410279,0.262838664854564,-0.4212026104864639,3.295043492346953,13.791046211086412,0,0,1,0,1,0,1,0,1,0,0,1
3998850,a87baa5a-f754-4e7d-9214-afb58959e0ba,1,4,35,France Women's,Selma Bacha,Alice Sombath,28.9,7.5,20,19.6,15.020653,-5.335963539745038,0.051117503515693975,0.05065583396013427,-0.00046166955555970723,0.19523888030311415,0.19214976793731134,-0.0030891123658028097,0.4542059329672667,0.4384203258155711,-0.01578560715169558,9.130053581260878,9.135732048311585,0,0,0,0,0,0,0,0,1,0,0,1
3998850,d0b97ad3-7905-456d-a899-c9113245a5a9,1,4,37,France Women's,Alice Sombath,Sandie Toletti,20.1,20.4,22.9,42.5,22.276669,4.672389693051642,0.02620731116227855,0.01259105583477504,-0.01361625532750351,0.137751915054713,0.09554686001191363,-0.04220505504279935,0.3703386902479992,0.3116155945289136,-0.05872309571908563,11.382562886525571,14.299817898308305,0,0,0,0,0,0,0,0,1,0,0,1
3998850,3872259b-8c07-4747-9071-f310bddd0279,1,4,40,France Women's,Sandie Toletti,Thiniba Samoura,33.6,44.6,40.8,70.7,27.074896,1.5804457158547933,0.0215029841866622,0.009004840566111932,-0.012498143620550267,0.1428401595900656,0.08817982992406538,-0.05466032966600022,0.45454763824120414,0.3403494328245636,-0.11419820541664055,12.46283396237882,16.27785514892149,0,0,0,0,0,0,0,0,1,0,0,1
3998850,71b39ee2-3a05-4b13-8689-a9e1c98d118f,1,4,47,France Women's,Thiniba Samoura,Amel Majri,63.4,66.6,78.4,58.3,17.14322,17.091725727178805,0.4617646396428626,0.5306583548783687,0.06889371523550608,0.8629279645929774,1.4169843308017593,0.554056366208782,1.5494370956589774,2.644079695144915,1.0946425994859377,2.6645947474076217,4.8756119809191825,1,0,1,1,1,4,1,0,1,0,0,1
3998850,313d3e41-3d99-40bc-991f-3c90ec11d950,1,4,51,France Women's,Amel Majri,Kadidiatou Diani,85.6,55.5,103,70.6,23.038446,2.72561420534376,0.9055497044317963,0.2431123046383887,-0.6624373997934075,1.7563103279905854,0.6165413199348089,-1.1397690080557765,2.783593597828539,1.2886245472875617,-1.4949690505409772,2.146663252439822,4.652299826630783,1,0,1,1,3,1,1,0,1,0,0,1
3998850,b63a6fd2-96ba-470b-b667-9416630d9d96,1,5,11,France Women's,Alice Sombath,Thiniba Samoura,49.6,9.9,48.6,34.5,24.620317,4.953287729459419,0.006216804952984821,0.010372700380506418,0.004155895427521598,0.05967289720962961,0.06921407116609933,0.009541173956469723,0.21866772590367065,0.2171506790199749,-0.0015170468836957496,15.93016747553295,13.75307684072456,0,0,0,0,0,0,0,0,1,0,0,1
3998850,8c1a1a13-1d45-4a90-8b60-42535c5aba1e,1,5,16,France Women's,Thiniba Samoura,Sandie Toletti,56,42,56.8,11.2,30.810389,-5.421475355073582,0.08747031975495152,0.01661730426324604,-0.07085301549170549,0.28006425784778277,0.12464223505028377,-0.155422022797499,0.6122017387537446,0.4283447019521703,-0.18385703680157434,7.551405320788956,12.952485016471021,0,0,0,0,1,0,0,0,1,0,0,1
3998850,5d4a3737-f76b-4d84-9c31-df54729f0e34,1,5,19,France Women's,Sandie Toletti,Selma Bacha,62.3,8.9,70.9,2.6,10.660675,3.825978391129368,0.04064641883433853,0.040340637824151655,-0.00030578101018687714,0.20533885414338346,0.20180942096590698,-0.0035294331774764764,0.5894598793944834,0.5900339152230124,0.0005740358285289959,10.099274185243438,10.08942502264575,0,0,0,0,0,0,0,0,1,0,0,1
3998850,bff32acb-c9b6-4e32-bd3e-03fee9b22da9,1,5,22,France Women's,Selma Bacha,Melvine Malard,71.6,2.6,82.4,1.9,10.822661,7.63717967095198,0.3547725482349528,0.6382108561477882,0.28343830791283536,0.653816344524402,1.0700905085187484,0.41627416399434647,1.1333045750115798,1.6413551121759749,0.5080505371643951,3.241544097997383,2.3617718336273543,0,1,1,1,1,2,0,0,1,0,0,1
3998850,e7a10567-d501-4018-b0ed-7385c3a85fda,1,5,47,France Women's,Onema Grace Geyoro,Selma Bacha,100.7,5.2,93.6,1.4,8.05295,-6.970924013769121,0.37845325075657227,0.11935387718177864,-0.2590993735747936,0.8260408414316005,0.37408747019782823,-0.45195337123377227,1.5142670218213174,0.8716983206093148,-0.6425687012120026,3.7825270807938938,6.754986024812988,0,0,1,0,2,1,0,0,1,0,0,1
3998850,cf558c76-0019-40c4-9583-d6d1e9b33110,1,5,55,Wales W,Ffion Morgan,Jessica Fishlock,38,50.9,41.1,34.5,16.690416,3.629812965905316,0.8407341637850926,0.20209678875108814,-0.6386373750340044,1.5209034564996213,0.7884086739928782,-0.7324947825067432,2.372876776716096,1.8101739056688855,-0.5627028710472106,2.3781440995634533,8.108899074536437,1,0,2,0,3,0,1,0,0,0,0,0
3998850,c02cb3f5-5302-47ec-9f73-ef0283f1e4f9,1,6,0,France Women's,Sandie Toletti,Thiniba Samoura,57.2,44.8,50,50.6,9.24554,-7.8148502154587405,0.21894263853928403,0.05204237254624727,-0.16690026599303676,0.6748163055377553,0.2689838312928735,-0.4058324742448818,1.398158677272446,0.7450124435750459,-0.6531462336974,6.861468214762933,10.619970728120524,0,0,0,0,2,0,0,0,1,0,0,1
3998850,8b46cec3-c8f8-4765-8e82-e26c650ae75b,1,6,2,France Women's,Thiniba Samoura,Alice Sombath,49.7,50.6,46.7,31.3,19.531769,-2.719842007057082,0.06964598134729097,0.019914168472029193,-0.04973181287526178,0.308043236291613,0.14147277551546408,-0.16657046077614893,0.7974326012937287,0.4999493359275786,-0.2974832653661501,9.1303811894468,12.447715089407275,0,0,0,0,0,0,0,0,1,0,0,1
3998850,3db6635b-a820-4f3e-9f5a-6427675a533a,1,6,4,France Women's,Alice Sombath,Selma Bacha,47.6,30.8,55.8,25.3,9.873702,7.120744133578469,0.027684928895698287,0.06076208696331781,0.033077158067619516,0.17199521257608805,0.28856144542427253,0.11656623284818449,0.5641515007167142,0.8094744211867123,0.24532292046999815,11.422150661198337,9.151884214459276,0,0,0,0,0,0,0,0,1,0,0,1
3998850,509b6fe3-4b8c-49a0-ad41-7625d72ef2d6,1,6,6,France Women's,Selma Bacha,Alice Sombath,55.4,26.1,49.6,31.1,7.6576757,-4.881827130576994,0.080090748044374,0.02128607678362346,-0.058804671260750535,0.3238381035526593,0.1525020639342039,-0.1713360396184554,0.8530255327714465,0.5383231709633545,-0.3147023618080921,8.076198625785771,12.488826585572387,0,0,0,0,0,0,0,0,1,0,1,1
3998850,1f60675c-cb39-42b5-9f30-711366db0bec,1,6,13,France Women's,Onema Grace Geyoro,Clara Mateo,85.5,50.6,111,47.1,25.739075,24.628268710929866,0.4761287248240204,1.5117397508468908,1.0356110260228704,1.2111892719643242,2.1665580136084723,0.9553687416441481,2.320902244978435,2.9992613826789576,0.6783591377005225,3.9124703365595437,1.1467759151193633,0,2,1,2,2,3,0,0,0,1,1,1
3998850,67853f73-3c2c-45e5-bfb3-bb0a5b14cbc0,1,8,46,Wales W,Safia Middleton-Patel,Angharad James,10.4,47.8,28.4,51.3,18.33712,17.582838161985123,0.16646078263223732,0.23964687118706698,0.07318608855482966,0.3862436063757046,0.6099032241660541,0.22365961779034954,0.6767025646490423,1.1167768797778876,0.4400743151288453,5.5192831705611365,5.501017015989717,0,0,0,0,1,2,1,0,1,0,0,1
3998850,d29b1b00-9cee-459e-b99a-576892c87d7d,1,8,47,Wales W,Angharad James,Josie Green,28.2,51.9,21.8,72,21.094313,-10.71424844721112,0.23964695363453875,0.22318597256144088,-0.016460981073097875,0.6099033165821038,0.4924525132667309,-0.11745080331537294,1.1167769746947953,0.9391855911440654,-0.1775913835507299,5.501014458051138,4.636814758556445,0,0,0,1,2,1,0,0,0,0,0,0
3998850,2d167ae6-11ec-468f-a15a-0a44d107232c,1,9,13,France Women's,Alice Sombath,Thiniba Samoura,59.9,6,50.2,24.1,20.535336,-2.5372792462261913,0.04627139552621523,0.016716236923208748,-0.029555158603006483,0.1754432135327155,0.10919808953258422,-0.06624512400013127,0.44726577532174394,0.3353547501044023,-0.11191102521734164,9.259122689222643,12.900296199712209,0,0,0,0,0,0,0,0,1,0,0,1
3998850,add40ad0-608c-4481-9b04-87eeb32d5fab,1,9,19,France Women's,Alice Sombath,Selma Bacha,53.7,5.2,65.4,1.9,12.15648,8.299050178227958,0.12137758919927731,0.15321086361939737,0.03183327442012006,0.33077680683656563,0.404746051329239,0.07396924449267339,0.6956614207049215,0.8364407743505374,0.1407793536456159,6.438941073963948,5.882965829510062,0,0,0,0,1,1,0,0,1,0,0,1
3998850,477cbe94-c706-4f76-b32a-e5e918721f52,1,9,21,France Women's,Selma Bacha,Melvine Malard,66.1,1.9,79.4,1.5,13.306014,10.054357525388568,0.3761413521980512,0.2046504654511676,-0.17149088674688362,0.6811943135364593,0.518228544205417,-0.16296576933104234,1.1466238090163556,1.0525972598318858,-0.09402654918446984,3.1326183390730966,5.156272174109408,0,0,1,0,1,1,0,0,1,0,0,1
3998850,a80a1912-5602-41da-ab34-25f3b4381a2b,1,9,36,France Women's,Thiniba Samoura,Selma Bacha,63.6,38,68.3,17.9,20.642189,0.21001076969833576,0.1760426104124238,0.04504002136923555,-0.13100258904318826,0.5174293146017674,0.24098415720319522,-0.2764451573985722,1.0960867359070663,0.7515677267535208,-0.3445190091535455,6.921763611637086,9.942816423415302,0,0,0,0,2,0,0,0,1,0,0,1
3998850,c0c3ee56-1319-45c4-ac2c-ab11913e3261,1,9,39,France Women's,Selma Bacha,Kadidiatou Diani,71.2,19.5,101.1,64.1,53.69516,22.303880639334594,0.22452759051019092,0.12464257679718815,-0.09988501371300276,0.6034077804142892,0.3859212520982612,-0.217486528316028,1.324062491618366,0.8186942355300028,-0.5053682560883633,4.928683296367816,7.045725603155162,0,0,1,0,1,1,0,0,0,0,0,0
3998850,dbabb545-c6b7-4b3f-a87c-9a8d4e9f89d5,1,10,52,Wales W,Josie Green,Safia Middleton-Patel,21.8,57.7,8.3,44.8,18.67244,-12.020672544937767,0.3363839384875248,0.014643422069376433,-0.3217405164181484,0.7833730012983167,0.11529404289593985,-0.6680789584023769,1.3870789387553573,0.3967776600547573,-0.9903012787006,4.367186778699678,13.798997514540536,0,0,1,0,2,0,0,0,1,0,0,1
3998850,58b0bdd5-4149-4d21-915e-c596d5675655,1,10,55,Wales W,Safia Middleton-Patel,Ceri Holland,8.3,45.9,48.1,30.4,42.711708,39.317651651614895,0.38094233738093314,1.1568009010379579,0.7758585636570248,0.6498274652193575,1.4839233456408056,0.8340958804214481,1.044543855559513,1.957967076084282,0.913423220524769,3.001163169870957,0.24335923985316688,0,1,1,2,1,2,1,0,1,0,0,1
3998850,e488b879-bb91-4ef4-939f-e2b19aac8192,1,11,1,Wales W,Rachel Rowe,Jessica Fishlock,48.1,40.2,63.1,22.9,22.897379,12.486306742708408,0.9041353153815068,0.3497062617394025,-0.5544290536421044,1.4687279416564503,0.8971878814139685,-0.5715400602424817,2.2094271019902725,1.7129834716141246,-0.4964436303761479,1.3465427502140142,4.302766909365937,1,0,2,1,2,1,1,0,1,0,0,1
3998850,e6971a4a-c5cf-4ca9-b79f-a2e0d24db3ba,1,11,9,France Women's,Alice Sombath,Melvine Malard,30.1,29.9,43.3,23.2,14.8030405,11.947231756313442,0.38396008857928027,0.0645973157809689,-0.3193627727983114,0.8703650843502813,0.3108298954735863,-0.559535188876695,1.5357120491331844,0.8376225712405345,-0.6980894778926499,4.103946289462563,9.294542616527718,0,0,1,0,2,0,0,0,0,0,0,0
3998850,1cf26e2a-36c1-4863-ba3e-cca52a105d31,1,11,16,Wales W,Ceri Holland,Gemma Evans,61.9,25.9,42,34.1,21.523243,-18.436369441421704,0.7981635322914876,0.09716908141404935,-0.7009944508774383,1.4070464234701379,0.3845685986968899,-1.022477824773248,2.1085825320309777,0.9545160140139071,-1.1540665180170706,2.093849217837945,7.867711407930367,1,0,1,0,2,1,0,0,1,0,0,1
3998850,b31fa776-db8e-4f99-8509-dec0b7ae704f,1,11,18,Wales W,Gemma Evans,Safia Middleton-Patel,42,33.9,19.8,43.3,24.10809,-22.016164546076567,0.4000208864871369,0.00238314681053734,-0.39763773967659954,0.7309745336540217,0.029778011222635868,-0.7011965224313857,1.266114520137821,0.1489047349381328,-1.1172097851996883,2.9435768407973857,18.161826826219055,1,0,1,0,1,0,0,0,1,0,0,1
3998850,12b1e578-5062-449e-873c-516eff65dc9c,1,11,22,Wales W,Safia Middleton-Patel,Josie Green,19,43.5,31,55.2,16.759773,10.77197713470531,0.0064979734225184245,0.012266999973077827,0.005769026550559403,0.053403961541620436,0.11270209567675828,0.05929813413513784,0.2086998213440064,0.4333666154169476,0.2246667940729412,15.142600353007149,15.120380515925204,0,0,0,0,0,0,0,0,1,0,0,1
3998850,598707f8-1d4b-4f07-8f73-2331d43d1f72,1,11,25,Wales W,Josie Green,Safia Middleton-Patel,31.3,55.2,18.2,42.3,18.38532,-11.833034835533383,0.13020096798630781,0.013678621781417277,-0.11652234620489053,0.38321793411005733,0.10542081977347484,-0.2777971143365825,0.8429687198908258,0.37416655793793785,-0.46880216195288793,6.435679854870691,13.830893452217204,0,0,0,0,1,0,0,0,1,0,0,1
3998850,168d4544-817b-4642-9dac-5eb34b531f4d,1,11,45,France Women's,Melween Ndongala,Pauline Peyraud Magnin,28.3,63.3,8,44.5,27.668213,-17.47651856409557,0.8384277023005889,0.02068758096209431,-0.8177401213384946,1.1404588472916377,0.11304259767226135,-1.0274162496193764,1.6006802171310661,0.3463754536028277,-1.2543047635282385,0.7810569695052482,11.736817405068601,1,0,1,0,1,0,0,0,1,0,0,1
3998850,33883758-2890-4c17-bdd6-9f8f20517420,1,11,49,France Women's,Pauline Peyraud Magnin,Thiniba Samoura,9.2,56.1,15.8,75.8,20.776188,1.785209372642882,0.19689991491919007,0.05047627954925617,-0.1464236353699339,0.4136338109332777,0.24925696636253508,-0.16437684457074264,0.7372083746416531,0.6519128654565999,-0.08529550918505324,4.911023479390446,10.191531135869194,0,0,1,0,1,0,0,0,1,0,0,1
3998850,e02a581b-da0a-45e6-baee-cac6f1a97163,1,11,52,France Women's,Thiniba Samoura,Selma Bacha,15.8,75.8,8.3,55.7,21.45367,-2.6195601873914995,0.13650065537149475,0.15216328825356032,0.01566263288206557,0.40684046509087307,0.3902912197256359,-0.016549245365237164,0.8478079146195403,0.7757100402275657,-0.07209787439197457,6.428904789469951,5.832137267269167,0,0,0,0,1,1,0,0,1,0,0,1
3998850,957a44c5-4dde-4cf2-9f3c-26795fb8ae90,1,11,55,France Women's,Selma Bacha,Thiniba Samoura,6.9,65.5,11.7,75.2,10.822661,2.062216289450731,0.5155241016697325,0.09780449375601238,-0.4177196079137201,0.8226410981039604,0.321560462164207,-0.5010806359397534,1.2175191081687522,0.7200124516085581,-0.4975066565601941,2.2194773681895827,7.334237862244511,1,0,1,0,1,1,1,0,1,0,0,1
3998850,927b7b53-c2a7-479f-9638-f72c5be79bcf,1,11,58,France Women's,Thiniba Samoura,Selma Bacha,9.4,74.7,2.2,69.4,8.940358,-5.497641454239883,0.5379898236977495,0.4109490264255646,-0.12704079727218492,0.8391165612223639,0.8066705570585793,-0.032446004163784625,1.2477928392536044,1.284119388722499,0.03632654946889469,2.0717548813390065,3.6456470556632286,1,0,1,1,1,2,0,0,0,0,0,0
3998850,16d210d8-9da2-4499-b043-dc20dc3564b1,1,11,59,France Women's,Selma Bacha,Kadidiatou Diani,2.6,70,36.7,72.7,34.206726,31.684004103561733,0.41094894218959566,0.9652592207942896,0.554310278604694,0.8066704833796777,1.3996392252620358,0.592968741882358,1.2841193287050539,1.9019028475647755,0.6177835188597216,3.645648209233718,1.3079235786486354,0,1,1,2,2,2,0,0,0,0,0,0
3998850,9b56b448-35e2-461f-9aef-11aa9cd0fad4,1,12,5,Wales W,Lily Woodham,Angharad James,86.5,9.7,76,8.9,10.530432,-8.711321061175667,0.47324291569698496,0.18309318861402882,-0.29014972708295617,1.1558171311550274,0.5943243696940688,-0.5614927614609586,2.107374332195401,1.3393487102715216,-0.7680256219238795,4.761190618618986,6.03350280074303,0,0,1,0,2,1,0,0,1,0,0,1
3998850,44364602-c6e0-479b-b722-ab76a86d0493,1,12,7,Wales W,Angharad James,Gemma Evans,75.6,6.2,55.5,12.9,21.18726,-14.160413071869662,0.5506988724692493,0.01310664657249548,-0.5375922258967538,1.1083066293805515,0.09998127904739003,-1.0083253503331615,1.9486612987108591,0.34149870262754217,-1.607162596083317,2.9130973351680667,13.76840617747841,1,0,1,0,2,0,0,0,1,0,0,1
3998850,ba5ec517-22de-44fb-9905-3474f26691b1,1,12,9,Wales W,Gemma Evans,Josie Green,55.3,11.5,52,39.9,28.591082,2.6988656423015556,0.03548153645551936,0.0045573085315816254,-0.030924227923937734,0.16302019869488193,0.06259290221364777,-0.10042729648123416,0.43604395688499165,0.3020114075332381,-0.13403254935175357,10.25189003802527,17.145717095682095,0,0,0,0,0,0,0,0,1,0,0,1
3998850,e5e96f8c-b55e-40c9-b38d-d3470870e307,1,12,13,Wales W,Josie Green,Gemma Evans,52.2,42.5,49.5,18,24.648327,-6.00681853453878,0.13143579590084808,0.07005608728431532,-0.06137970861653276,0.3480782899862969,0.23099457662330591,-0.117083713362991,0.737498093562293,0.5251629227165523,-0.21233517084574072,6.173648041386068,8.083610855724007,0,0,0,0,1,0,0,0,0,0,0,0
3998850,ba662cf4-6fd9-4321-9a2f-0cb5d3e0c1a5,1,12,15,Wales W,Gemma Evans,Angharad James,49.2,16.8,57.7,34.5,19.635172,11.961922386108284,0.2634620065384692,0.6303487016246296,0.36688669508616045,0.4936946818505654,0.9386352302077734,0.444940548357208,0.8065555122925393,1.40330953350572,0.5967540212131807,4.064110211826098,1.5820335260149236,0,1,1,1,1,1,0,1,1,0,0,1
3998850,d2a2db17-7b3a-4838-92b8-27352431476d,1,12,16,Wales W,Angharad James,Josie Green,58.3,34.9,41.7,41.6,17.901117,-16.405926520305577,0.630349116982024,0.01161423994804138,-0.6187348770339827,0.9386355407544731,0.09979326446467117,-0.8388422762898019,1.4033097584818637,0.36940485772460707,-1.0339049007572565,1.5820314079877207,15.462552617884306,1,0,1,0,1,0,1,0,1,0,0,1
3998850,5b2d545a-7034-4547-97cb-69b84a75e9ac,1,12,26,Wales W,Josie Green,Safia Middleton-Patel,43.8,57.7,28.2,50.3,17.266151,-14.147321855969125,0.5489824501917431,0.006005563072297957,-0.5429768871194451,0.8882765155107178,0.063303010609567,-0.8249735049011508,1.4226759620863978,0.2689995748858698,-1.153676387200528,2.0057907579575702,15.82504764731987,1,0,1,0,1,0,0,0,1,0,0,1
3998850,df2b979e-84cf-4ae3-9faf-be025f3f2861,1,12,28,Wales W,Safia Middleton-Patel,Gemma Evans,29,49.6,42.3,15.4,36.695095,10.003745557851019,0.006925428946775456,0.26629880371817266,0.2593733747713972,0.07261780404479257,0.4977749931020169,0.4251571890572243,0.29735600773840326,0.8440598076861727,0.5467037999477695,15.83456865376683,4.010958893935729,0,0,0,1,0,1,0,0,1,0,1,1
3998850,8ed72722-73c5-4ad8-9819-644d9715aea7,1,12,32,Wales W,Gemma Evans,Ceri Holland,43.4,12.1,103.5,25.9,61.66401,59.81890219417686,0.5332509898971027,0.7400383123409416,0.2067873224438389,0.7560250208503035,1.109981075081827,0.35395605423152354,1.0985564694284808,1.6355660377312486,0.5370095683027678,1.9364844368255452,1.290188598163491,1,1,1,1,1,1,1,1,0,1,1,1
3998850,b96f597e-4ba9-4bc8-81ae-f0df24d5b535,1,17,13,Wales W,Gemma Evans,Safia Middleton-Patel,14.7,20.3,10.4,38.1,18.312017,-2.489533686051047,0.1244490947616833,0.008162450093655755,-0.11628664466802754,0.28977635521059203,0.05853125479472368,-0.23124510041586835,0.49372295633990576,0.19289364813088195,-0.3008293082090238,6.252959768372268,14.445279061266687,0,0,0,0,1,0,0,0,0,0,0,0
3998850,6adfc98d-09e9-47f0-805c-0d7f26e7fd71,1,17,24,France Women's,Melvine Malard,Selma Bacha,89.9,1.7,68.9,1.9,21.000952,-15.027832743163444,0.8668329170748932,0.09723699514217972,-0.7695959219327134,1.2966604711131153,0.32546368686387045,-0.9711967842492448,1.866490046225647,0.8001937874432644,-1.0662962587823825,1.126362898045582,7.2466933329059025,1,0,1,0,2,1,1,0,1,0,0,1
3998850,25798684-7e08-410f-9a75-4383007dd4d5,1,17,28,France Women's,Selma Bacha,Alice Sombath,64,3.7,48,20.8,23.418156,-7.780066233254999,0.1385812623631379,0.013604260430997798,-0.12497700193214009,0.40467822824048444,0.11174354492518727,-0.29293468331529715,0.8825910942511656,0.4010863670240291,-0.48150472722713644,6.273851857736635,13.660816320019983,0,0,0,0,1,0,0,0,1,0,0,1
3998850,77b528e1-6cd8-4035-883d-d3f605312f1f,1,17,31,France Women's,Alice Sombath,Thiniba Samoura,48.4,23.2,47.4,54.9,31.715769,-0.5686798659071854,0.02074049403040489,0.012015039745086083,-0.008725454285318806,0.1378600997468328,0.09493285769628204,-0.04292724205055076,0.44957437077798634,0.32565516960566204,-0.1239192011723243,12.147166158038132,14.532363531496935,0,0,0,0,0,0,0,0,1,0,0,1
3998850,84788f9d-1247-4cc7-bb85-e9883d21b031,1,17,36,France Women's,Thiniba Samoura,Alice Sombath,50.8,54.8,43.9,35.6,20.402206,-5.462131838353471,0.07871669581359733,0.01204123903555017,-0.06667545677804716,0.2754797019010484,0.10054243345277197,-0.17493726844827645,0.6454242735495009,0.3756650376615448,-0.26975923588795614,7.925499255473446,14.192693417835917,0,0,0,0,1,0,0,0,1,0,0,1
3998850,025b8bbc-b151-44ae-b4f4-701dcba85c8b,1,17,41,France Women's,Alice Sombath,Thiniba Samoura,51.5,39.9,49.6,57.2,17.404022,-3.970610735311922,0.0594377500722006,0.014868058037581604,-0.044569692034618996,0.26311834872846024,0.10751226871127022,-0.15560608001719,0.7047799824267401,0.3737770407433044,-0.3310029416834357,9.495275303664352,13.09606223737039,0,0,0,0,0,0,0,0,1,0,0,1
3998850,9bd754ab-7133-4c8a-b1eb-132bc5eed191,1,17,47,France Women's,Thiniba Samoura,Alice Sombath,55.2,64.5,47.9,49.5,16.682026,-3.446265618503787,0.31123992120053595,0.030289714739043197,-0.28095020646149277,0.5929230890082181,0.18270383226863351,-0.4102192567395846,1.0476162464769296,0.5671857311804107,-0.4804305152965189,3.6075686485415437,12.455785359372454,0,0,1,0,1,0,0,0,1,0,0,1
3998850,173d9cf1-850a-44e7-9f53-721df5b47644,1,17,50,France Women's,Alice Sombath,Sandie Toletti,47.9,49.5,53.9,11.7,38.273228,0.8197663184351569,0.02793130314105993,0.0230848920036272,-0.00484641113743273,0.1755010415467376,0.1319887065742012,-0.0435123349725364,0.5575515264061506,0.41976978131239584,-0.13778174509375474,12.791973520932702,11.543432933634682,0,0,0,0,0,0,0,0,1,0,0,1
3998850,367a3cdb-24eb-4ee0-bbae-43f61275d4d0,1,18,0,Wales W,Esther Morgan,Josie Green,34.6,77.5,28.4,72.9,7.7201037,-4.058555956210768,0.3529022819883489,0.4607284028764317,0.1078261208880828,0.8986811249040263,1.0149763822252347,0.11629525732120838,1.672419674798148,1.787670056566178,0.11525038176803015,4.831291903194834,3.407495447381138,0,0,1,1,2,2,0,1,0,0,0,0
3998850,496e92a6-4ad7-416b-bb5e-150ff2815774,1,18,2,Wales W,Angharad James,Kayleigh Anne Marie Barton,37.4,66.3,42.5,77.2,12.034118,0.7202946790012987,0.8276400588528258,0.13161288167146337,-0.6960271771813624,1.3800324589370223,0.5057250768663597,-0.8743073820706626,2.162446489283474,1.198066850501845,-0.9643796387816288,1.2481961131328354,7.4925424914137295,1,0,1,0,2,1,0,0,0,0,0,0
3998850,74e6befd-189c-40e6-86be-10d37601ac0a,1,18,15,France Women's,Selma Bacha,Amel Majri,78.8,2.1,76.5,6.2,4.7010636,0.8927798037710559,0.263257498214118,0.1712823264712801,-0.09197517174283787,0.622558376089214,0.5760224209673677,-0.046535955121846384,1.1969551960753355,1.2863228060106415,0.08936760993530601,4.497019050654854,7.469422163216957,0,0,1,0,1,1,0,0,0,0,0,0
3998850,fda9ff1f-154d-4065-a697-317a5e803fbb,1,18,28,Wales W,Safia Middleton-Patel,Josie Green,8.1,44.8,17.5,56.9,15.3222065,8.119024269470358,0.021953434918552218,0.01321981396936845,-0.008733620949183767,0.10826428732294846,0.12471239050290746,0.016448103179958998,0.2996930812200512,0.47518276258974235,0.17548968136969112,11.482228506813291,15.383298533389473,0,0,0,0,0,0,0,0,1,0,0,1
3998850,b5a2960c-cac6-416d-9942-d75f4d0a3065,1,18,30,Wales W,Josie Green,Angharad James,18.1,57.4,29,50.7,12.79453,11.747993713194191,0.07933524668451569,0.7222212305374143,0.6428859838528986,0.2936740641223409,1.2594123130402464,0.9657382489179054,0.7384134756858423,1.926242044788792,1.1878285691029498,7.919817705370372,3.145962259559957,0,0,0,2,1,2,0,0,1,0,0,1
3998850,5b1600f4-e59f-4fdc-9a4a-fe2d7f522cef,1,18,31,Wales W,Angharad James,Safia Middleton-Patel,28.4,50.2,6.4,42.5,23.308582,-21.46135116452568,0.7222212483090003,0.03777867508027069,-0.6844425732287296,1.2594123289476928,0.19487282149688873,-1.0645395074508042,1.926242059096591,0.5468167581441459,-1.379425300952445,3.1459618781210072,10.613541432985567,0,0,2,0,2,0,0,0,1,0,0,1
3998850,79ebe7a2-5ee4-432e-85f8-802f30b333fc,1,18,34,Wales W,Safia Middleton-Patel,Kayleigh Anne Marie Barton,6.9,47,44.2,58.5,39.03255,35.291483491128815,0.45164026355161246,0.15808767333330828,-0.29355259021830415,0.7250982544148447,0.5201526874336531,-0.2049455669811916,1.109056850959582,1.088649996614498,-0.020406854345083936,2.5030459134810386,7.828557454021354,1,0,1,0,1,1,1,0,1,0,0,1
3998850,47b047f6-1303-4cc7-8d0c-fcbc9226fc5f,1,18,41,Wales W,Esther Morgan,Josie Green,43.4,65.1,23.9,61.2,19.886175,-17.803113491694745,1.2571966655517604,0.3028088608030517,-0.9543878047487087,1.9917009169715185,0.6024101921251688,-1.3892907248463497,2.779497684144686,1.0948737325887679,-1.684623951555918,1.4002666373223631,3.7309665166908608,1,0,2,1,4,1,1,0,1,0,0,1
3998850,a8dca4e8-801e-453c-9426-41ccaf260428,1,18,44,Wales W,Josie Green,Safia Middleton-Patel,17.6,59.5,7.2,45.9,17.120749,-8.7140388454267,0.43150128193203013,0.12342284498640442,-0.3080784369456257,0.6549758677233593,0.2938326273986855,-0.36114324032467376,1.0003526173182322,0.5355246059788811,-0.46482801133935114,2.5463157440415713,6.281226950693994,1,0,1,0,1,1,0,1,1,0,0,1
3998850,ed302847-e9a5-48ce-9ce9-d290b2f82df7,1,18,46,Wales W,Safia Middleton-Patel,Gemma Evans,8.1,45.6,19.6,31,18.585209,11.237458154527047,0.12342290892861361,0.26106618565012885,0.13764327672151522,0.2938327153206196,0.5616957132620282,0.26786299794140855,0.535524689896945,0.9848476287135237,0.4493229388165787,6.281225393489056,4.303926131249634,0,0,0,1,1,1,1,0,1,0,0,1
3998850,16adb781-ffc3-4e44-b62c-70bdac09104f,1,18,50,Wales W,Gemma Evans,Josie Green,22.7,45.6,14.4,56.8,13.940229,-9.466995319574963,1.0095479256676863,0.13217375442752857,-0.8773741712401577,1.4338076931533321,0.44832162107301077,-0.9854860720803214,2.0416949628853867,1.0169345622992656,-1.024760400586121,0.6620435244500473,6.959440839590122,1,0,1,0,2,1,0,0,1,0,0,1
3998850,2d0e6a07-5496-43d6-b298-ffe5a8fd00cf,1,18,53,Wales W,Josie Green,Jessica Fishlock,15,56.2,48.1,39.9,36.895798,34.34229489052484,0.5269053661659274,0.9108927146917928,0.38398734852586536,0.9902649337665195,1.419659589180695,0.42939465541417543,1.6388030516054846,2.1128460269361375,0.474042975330653,2.6581408415212193,1.1790408937336614,1,1,1,1,2,3,0,1,1,0,0,1
3998850,ff99345d-3033-4c88-87a7-82af781792b2,1,18,55,Wales W,Jessica Fishlock,Rachel Rowe,48.1,39.2,43.1,43.3,6.4660654,-5.066323186037607,0.9108927046223395,1.098265185633195,0.18737248101085557,1.419659573549306,1.6232662213060258,0.20360664775671977,2.1128460191827827,2.3066340653497157,0.19378804616693301,1.1790408612732874,0.9690564488672937,1,1,1,2,3,3,1,1,1,0,0,1
3998850,b071395b-a8ba-473b-8d6e-f7c4269dc76e,1,18,58,Wales W,Rachel Rowe,Lily Woodham,42.3,42.5,50.8,13.8,29.932257,3.7464248639798114,0.3324964467265478,0.06478681874825924,-0.26770962797828857,0.9508108812489214,0.25031640368077196,-0.7004944775681494,1.921633648349111,0.658854436992581,-1.2627792113565302,5.434532394523905,8.54370097718189,0,0,0,0,1,0,0,0,1,0,0,1
3998850,c2382276-d1f3-4f0e-aa47-4b5c49a1ba28,1,19,13,France Women's,Onema Grace Geyoro,Kadidiatou Diani,21.5,59,35.7,76.2,22.30426,8.571923374646701,0.7266258597626772,0.20329473558500968,-0.5233311241776676,0.9691608584497798,0.42710677669849695,-0.5420540817512829,1.3815716677219623,0.7356427328958084,-0.6459289348261539,1.058968827509796,4.864934694359352,1,0,1,1,1,1,1,0,1,0,0,1
3998850,068301ac-8c6c-402a-a19f-c8416399a8a7,1,19,17,France Women's,Kadidiatou Diani,Thiniba Samoura,28.5,76.2,19.3,71.2,10.470912,-7.021965088138728,0.2735895858084348,0.05960290449570878,-0.21398668131272602,0.6071914043851755,0.2457825445886661,-0.3614088597965094,1.0178192570106637,0.6266217154126819,-0.3911975415979818,4.949057451102806,8.810052358535883,0,0,1,0,2,0,0,0,1,0,0,1
3998850,6c73828b-2493-4bfb-8bf9-73f9f84582b7,1,19,20,France Women's,Thiniba Samoura,Melween Ndongala,19.5,70.9,30.9,60.4,15.49871,13.737520421961335,0.27009716534006084,0.5882099272701559,0.318112761930095,0.5332754120001838,0.8803969443435395,0.34712153234335574,0.9267815779064105,1.30815913701016,0.3813775591037495,4.023070651534595,1.7274751128227184,0,1,1,1,1,1,0,1,1,0,0,1
3998850,8928891a-2840-43d9-9664-fd111855e811,1,19,23,France Women's,Melween Ndongala,Pauline Peyraud Magnin,29.1,66.1,3,51.4,29.954966,-22.981243585485515,0.8079762350006895,0.0024873748475501846,-0.8054888601531393,1.3418159417902609,0.03668165711861797,-1.305134284671643,1.9962712697579288,0.1837090395845886,-1.8125622301733402,1.6287044169986915,18.744012125528087,1,0,1,0,2,0,1,0,1,0,0,1
3998850,daf9fae0-cf32-4961-b473-0c5beae43acc,1,19,28,France Women's,Pauline Peyraud Magnin,Selma Bacha,6.1,41.1,16,20.6,22.765324,8.111360875340779,0.0005376234802828905,0.00026587248776285284,-0.00027175099252003764,0.013342927695783486,0.008092086271922969,-0.005250841423860517,0.09037766136405563,0.0633663224063669,-0.02701133895768873,22.92346371257654,24.793407646433817,0,0,0,0,0,0,0,0,1,0,0,1
3998850,bc46b97b-a0bf-401b-bab1-f3f04fa89275,1,19,34,France Women's,Selma Bacha,Alice Sombath,34.5,10.1,32.8,22.4,12.4169235,1.6189529901337778,0.006891738173982532,0.007603150668782281,0.0007114124947997487,0.07306947619062466,0.08149850986839821,0.008429033677773548,0.32056123633069084,0.35242996655086456,0.031868730220173724,15.488770927116636,15.861713797218918,0,0,0,0,0,0,0,0,1,0,0,1
3998850,cb6bb848-f6f0-4e83-89a4-0e4a927b8cad,1,19,37,France Women's,Alice Sombath,Thiniba Samoura,33.2,24.9,40.4,54.6,30.560268,7.175763043099792,0.008804529208795785,0.007287823435730895,-0.00151670577306489,0.08931299674426263,0.08450809690049092,-0.004804899843771707,0.371871901496016,0.3690630737976444,-0.0028088276983715965,16.05600288990332,15.945658725127135,0,0,0,0,0,0,0,0,1,0,0,1
3998850,80fdbb1a-1b08-4335-a2da-e53965d25d1b,1,19,41,France Women's,Thiniba Samoura,Melween Ndongala,42.8,57.1,55.8,75.2,22.284748,5.8545057034788925,0.012248079952284203,0.10790982834528058,0.09566174839299638,0.11266318375564664,0.28886150373801356,0.1761983199823669,0.43615821032193774,0.5926956783405893,0.1565374680186516,14.258187408006053,6.728184170856171,0,0,0,0,0,1,0,0,1,0,0,1
3998850,d240430b-01de-4141-9260-d4f9c7060bbd,1,19,43,France Women's,Melween Ndongala,Thiniba Samoura,55.8,75.6,44.7,66.6,14.290207,-6.450381723924252,0.5009345277250077,0.05874565796259592,-0.4421888697624118,0.7103098316951741,0.2574943304210981,-0.45281550127407605,1.0075677320893028,0.6648733447338632,-0.34269438735543967,2.1013274069220396,9.568309387154047,1,0,1,0,1,0,1,0,1,0,0,1
3998850,4d81e952-363c-43b4-8a7e-773001348d88,1,19,46,France Women's,Thiniba Samoura,Alice Sombath,44.7,66.6,38.8,33.7,33.424843,-1.5838395281472657,0.1310307037369943,0.0044788445816903106,-0.12655185915530398,0.36827669971804855,0.062306182869835136,-0.3059705168482134,0.7885146851705394,0.3101416284167643,-0.47837305675377506,6.3248638475747425,17.974627462262237,0,0,0,0,1,0,0,0,1,0,0,1
3998850,3bd6fb10-3c3f-4d2f-84c5-dc09e65520ab,1,19,50,France Women's,Alice Sombath,Selma Bacha,42.4,28.7,50.2,3.1,26.761913,-0.535038351818244,0.010461411252217103,0.0034952833591072804,-0.006966127893109823,0.10037632481840757,0.050332695867109596,-0.05004362895129797,0.42355953880007036,0.2694863834041376,-0.15407315539593275,14.531996017493055,17.629988572135762,0,0,0,0,0,0,0,0,1,0,0,1
3998850,4eaa2c86-ec54-43f2-b7ef-8bb5d61692bf,1,20,4,France Women's,Onema Grace Geyoro,Sandie Toletti,98.2,19,92.5,25.3,8.495881,-0.9129102592606699,0.752470919453292,0.31878294994481526,-0.43368796950847677,1.2800490063280652,0.8717334299000068,-0.4083155764280584,2.1428489483349655,1.819048519942674,-0.3238004283922915,1.512560217463778,4.5580059347596045,1,0,1,1,2,1,0,0,0,0,0,0
3998850,3a5fc4d2-eced-4ef5-9c04-b9eed270e554,1,24,13,Wales W,Gemma Evans,Safia Middleton-Patel,27,26.9,16.3,41.3,17.940178,-9.790045563803929,0.19507186826805228,0.01179132906481725,-0.18328053920323503,0.3906364560545407,0.07593326156845186,-0.31470319448608886,0.6648849678564742,0.2581440342875412,-0.40674093356893304,4.9102511833193425,13.349107807296601,0,0,1,0,1,0,0,0,1,0,0,1
3998850,8c5a7627-597c-4970-af41-ebc6dc962833,1,24,23,Wales W,Kayleigh Anne Marie Barton,Esther Morgan,63.5,77.8,55.7,77.8,7.8,-6.609134002281408,0.9213978940038956,1.0193103684581413,0.09791247445424567,1.5783095794705246,1.5922259398071459,0.013916360336621247,2.353617787872228,2.2707886185149255,-0.08282916935730267,2.437198345150907,1.1811672785283946,1,1,2,2,3,3,0,1,1,0,0,1
3998850,eccadfb5-6e68-4e40-91d4-ab43755764df,1,24,46,France Women's,Sandie Toletti,Amel Majri,50.5,11.2,58,13.2,7.7620873,7.6865554033526,0.02581636276291666,0.21662503871173708,0.19080867594882042,0.18278861463744336,0.6484127292703946,0.4656241146329513,0.6021213515481696,1.3228130359814165,0.7206916844332469,13.310213531202198,6.749449472570333,0,0,0,0,0,2,0,0,1,0,0,1
3998850,0abd63bc-d164-4721-a8a1-eef6bd4bc4e4,1,24,47,France Women's,Amel Majri,Sandie Toletti,58,13.2,51.4,13.6,6.61211,-5.960201885054843,0.18774236428575167,0.032057473791700986,-0.15568489049405068,0.5930151973064918,0.2087835668561106,-0.38423163045038117,1.2523707210935309,0.6622593160964712,-0.5901114049970597,6.866579408661886,12.491696544466002,0,0,0,0,1,0,0,0,1,0,0,1
3998850,be098f3a-16f8-456a-8e72-c2ca9ad2709d,1,24,48,France Women's,Sandie Toletti,Thiniba Samoura,51.1,15.2,41.8,27.6,15.5,-5.949631279636463,0.028715275923623135,0.007270285845275797,-0.02144499007834734,0.1983269341643214,0.0772617153505972,-0.1210652188137242,0.6509873959811537,0.34244662761182953,-0.3085407683693242,12.709976294294323,15.381001518216157,0,0,0,0,0,0,0,0,1,0,0,1
3998850,d11496a6-fe9f-42e5-8f47-6441cec20f48,1,24,51,France Women's,Thiniba Samoura,Alice Sombath,42.4,27.5,41.8,52.8,25.307114,-0.6403280701654381,0.008270496542316605,0.002803341046946988,-0.005467155495369617,0.08191439937344085,0.03818191541260831,-0.043732483960832534,0.34216313800134124,0.16747761985477855,-0.1746855181465627,15.002743171613275,18.783229150204924,0,0,0,0,0,0,0,0,1,0,0,1
3998850,5db45ebb-bc11-4fcf-b757-36cfb3a22cd0,1,24,54,France Women's,Alice Sombath,Thiniba Samoura,45.7,53.6,48.2,24.4,29.306826,2.0592633633865205,0.012124597495367068,0.015538963771699386,0.0034143662763323184,0.09217099582327348,0.11275292185520919,0.020581926031935704,0.2981189997777232,0.4150405485311171,0.11692154875339389,14.326277682326621,12.827742809657616,0,0,0,0,0,0,0,0,1,0,0,1
3998850,e9fe00e1-05be-45ba-a9ed-8f3c3b75b311,1,25,25,France Women's,Selma Bacha,Thiniba Samoura,57.6,5.4,48.2,21.8,18.90291,-2.72009371535286,0.03740305864485866,0.019703511988430594,-0.017699546656428068,0.22406439679685142,0.1332448820914602,-0.09081951470539121,0.710482832193438,0.47601419484146695,-0.23446863735197104,11.057231951455282,12.153834705327151,0,0,0,0,0,0,0,0,1,0,0,1
3998850,b4015c41-922e-437a-913e-364e24e96d73,1,25,28,France Women's,Thiniba Samoura,Alice Sombath,49.2,21.6,48,48.7,27.126554,0.6281765052498542,0.023902649621042854,0.013879582002736727,-0.010023067618306127,0.1543759920654005,0.11357367599283327,-0.040802316072567235,0.5122589961834906,0.4078803855680175,-0.1043786106154731,11.699963652336848,14.61499509817916,0,0,0,0,0,0,0,0,1,0,0,1
3998850,dc4695bb-d0b6-47aa-a623-c641f5b2e6f5,1,25,30,France Women's,Alice Sombath,Melvine Malard,52.1,41.1,84.1,1.7,50.75786,15.414147934037722,0.03424803772646692,0.054273333258964926,0.020025295532498003,0.19366701241853435,0.23417297246052649,0.04050596004199214,0.5708513026285865,0.6037153369288216,0.0328640343002351,12.072754730929377,9.632383484696136,0,0,0,0,0,0,0,0,0,0,0,0
3998850,c1fa4f9c-af27-4fb6-8839-6a8beaf12a4a,1,25,40,Wales W,Kayleigh Anne Marie Barton,Rachel Rowe,15.5,59.7,23.7,62,8.516455,7.559658507917206,0.8779751631638425,0.6449971639649936,-0.23297799919884887,1.361654681773697,1.3517835894793424,-0.009871092294354566,1.9250353217182203,2.224182071932437,0.2991467502142169,2.5250603906892786,3.889509105081829,2,0,2,1,2,3,1,0,0,0,0,0
3998850,e8b71a57-afc3-499b-8061-7723586bed18,1,25,41,Wales W,Rachel Rowe,Esther Morgan,23.9,62.9,22.5,74.5,11.684177,-4.633096011305824,1.0600278532981684,0.4343320040195334,-0.625695849278635,1.7653314914960574,0.995960158180787,-0.7693713333152704,2.6024024413294815,1.7746065809845564,-0.8277958603449251,1.7918699987435707,4.536503402228838,1,0,2,1,3,2,0,0,0,0,0,0
3998850,8d67e01d-911e-4174-a6c0-9d2aa25dd743,1,25,52,France Women's,Melvine Malard,Selma Bacha,82.5,6.2,79.2,1.9,5.420332,-5.338830105090537,0.44232833920417297,0.13639425962405327,-0.3059340795801197,0.9916018684333092,0.40710622799183593,-0.5844956404414733,1.7886436423745558,0.9410723655255109,-0.8475712768490449,4.437646293419606,6.2610500355178775,0,0,1,0,2,1,0,0,1,0,0,1
3998850,1bde9acd-5311-4660-a66a-649467532fdd,1,25,54,France Women's,Selma Bacha,Thiniba Samoura,75.5,1.9,49.4,4.3,26.210112,-20.530814847588204,0.34770471940286946,0.007184306125166614,-0.3405204132777028,0.688940472795866,0.07497338203985321,-0.6139670907560129,1.2639700300651144,0.32387740172755264,-0.9400926283375618,3.403861285324195,15.358693408837034,0,0,1,0,1,0,0,0,1,0,0,1
3998850,0ad96157-28d2-476f-ae90-575b378b64e8,1,25,57,France Women's,Thiniba Samoura,Alice Sombath,48.5,6,43.1,33.5,28.025167,1.9980620097456665,0.004805605625627384,0.005607021699284995,0.0008014160736576105,0.05483998665705106,0.058118974282262245,0.0032789876252111855,0.23303426517692016,0.21810696611057007,-0.014927299066350097,16.570004144713817,16.810556476971442,0,0,0,0,0,0,0,0,1,0,0,1
3998850,bc462bc4-93a4-4402-9911-fb371ce9314d,1,26,2,France Women's,Alice Sombath,Sandie Toletti,45.9,34.8,53.3,13.2,22.832434,2.3994803053429905,0.004167926165969349,0.012304283482881664,0.008136357316912316,0.04514372146652913,0.10005633905570789,0.05491261758917876,0.19359933050405162,0.38550060105276146,0.19190127054870984,16.6498968787025,13.605843466417832,0,0,0,0,0,0,0,0,1,0,0,1
3998850,97c2533e-3b10-4374-927b-227447eabc05,1,26,6,France Women's,Sandie Toletti,Selma Bacha,65.5,7.4,74.1,8.7,8.6977005,7.949706196933157,0.6662145467745496,0.523356455631651,-0.1428580911428986,0.9635439059532841,1.1927366619662914,0.22919275601300726,1.485239038645202,2.096429419780948,0.611190381135746,1.3543371477026753,4.59068052667848,1,0,1,1,1,3,1,0,1,0,0,1
3998850,e1aa0067-e340-423b-bca4-54027b2123b7,1,26,8,France Women's,Selma Bacha,Alice Sombath,73.2,12.4,52,39.6,34.48594,-13.66886563158684,1.1630705454840682,0.0185847934794732,-1.144485752004595,1.9104803945826276,0.1339925906249723,-1.7764878039576553,2.7758103691870706,0.4624359034520496,-2.313374465735021,2.2836076543012633,13.066113556513207,2,0,2,0,4,0,1,0,1,0,0,1
3998850,bcae6c9b-9e0c-4dbf-b8c9-db96b35b480d,1,26,13,France Women's,Alice Sombath,Thiniba Samoura,52,39.6,53.4,29.4,10.29563,0.5629083924960696,0.025318996682738466,0.0390030866420137,0.013684089959275232,0.16393812813580355,0.20805551043547557,0.04411738229967202,0.5200335067776731,0.6100090606165124,0.08997555383883926,12.848419305120817,10.327279162872435,0,0,0,0,0,0,0,0,1,0,0,1
3998850,0d2ee784-27e0-4632-85ce-e0fe429160b5,1,26,17,France Women's,Thiniba Samoura,Onema Grace Geyoro,53.3,35.2,61.2,65.7,31.506508,2.701391193136317,0.04184759017392628,0.0276915897322533,-0.014156000441672981,0.2076968137389142,0.1309161409878672,-0.076780672751047,0.6024993643487847,0.3813534642230905,-0.22114590012569418,10.00104783182641,10.819707770966456,0,0,0,0,0,0,0,0,1,0,0,1
3998850,810c3274-04a8-4f43-b968-802a79ff9c11,1,26,21,France Women's,Onema Grace Geyoro,Sandie Toletti,62,68.8,61.1,55.7,13.130879,3.8002338105910454,0.14457573602921606,0.2265678709840677,0.08199213495485164,0.354146037479685,0.5978489586166622,0.24370292113697722,0.7050720677384756,1.154656199874492,0.44958413213601633,5.863981270094059,6.307570604155579,0,0,0,0,1,2,0,0,1,0,0,1
3998850,f6f25719-43f0-42bc-b821-32dab2bb67c0,1,26,24,France Women's,Sandie Toletti,Kadidiatou Diani,62.1,64.6,72,75.6,14.798986,3.148363555670329,0.22138450692478137,0.22025599661258055,-0.00112851031220082,0.5519409254993336,0.5510593637723946,-0.0008815617269389842,1.117637016025603,1.1294826324699756,0.011845616444372542,4.864648836338993,4.951149777718618,0,0,1,1,1,1,0,0,1,0,0,1
3998850,40915c32-5f8d-4c08-abaf-87ee8da94bc8,1,26,28,France Women's,Kadidiatou Diani,Melween Ndongala,71.3,71.2,78.5,75.2,8.236505,3.4193627414060757,0.6173991227746015,0.6381686115085085,0.020769488733906938,1.1923508882762304,1.213728853384945,0.021377965108714703,1.9994540807519603,1.9908425681460984,-0.008611512605861904,2.8516671028962692,2.7240784871389243,1,1,1,1,2,2,0,0,1,0,0,1
3998850,6bdf023c-8f9b-449e-bb6b-ba1fc1f3d73b,1,26,30,France Women's,Melween Ndongala,Alice Sombath,72.7,75.2,49.5,63.4,26.028446,-15.321552371029796,0.7969209844429604,0.006226996359308744,-0.7906939880836517,1.2650909017454386,0.06868497580742791,-1.1964059259380107,1.9649258007323953,0.29841626711476493,-1.6665095336176303,1.2790586827005865,16.161598378564193,1,0,1,0,2,0,1,0,1,0,0,1
3998850,9b47daa1-9a8d-45e7-a2c5-c8e5976a1564,1,26,34,France Women's,Alice Sombath,Thiniba Samoura,49.1,63.4,48.3,29.3,34.109383,2.167703952404324,0.011442024391878275,0.00875382553273177,-0.002688198859146505,0.10700885515099073,0.08000068350454295,-0.02700817164644778,0.43629188627696885,0.34328374300725384,-0.09300814326971502,14.390611717324834,14.597916958504278,0,0,0,0,0,0,0,0,1,0,0,1
3998850,e59bcb81-2b75-4c40-b651-c4a0b303e7dd,1,26,41,France Women's,Melvine Malard,Selma Bacha,75.7,2.4,74.9,10.3,7.940403,4.104581566243063,0.11089256610364327,0.4598330229622781,0.34894045685863484,0.3477162324002889,0.980517540715309,0.6328013083150201,0.8293029447320469,1.7568761149944179,0.927573170262371,6.8288663491414505,3.4472769072088227,0,0,0,1,1,2,0,0,1,0,0,1
3998850,f2b2639e-ea1f-4c1d-9b80-43b8a78edd05,1,26,43,France Women's,Selma Bacha,Thiniba Samoura,70.7,6.5,55.1,9,15.79905,-12.31877449040556,0.6755070446222067,0.033109359082588365,-0.6423976855396183,1.1164901110047165,0.18515430204667024,-0.9313358089580462,1.745896628124003,0.540096823888702,-1.2057998042353009,1.7765943894096787,11.799603590776847,1,0,1,0,2,0,0,0,1,0,0,1
3998850,e2255ccc-11f2-4d94-a459-fb2b46d97e50,1,26,46,France Women's,Thiniba Samoura,Selma Bacha,53.4,9.5,65.5,5.4,12.775759,8.696209385058381,0.022774750607042153,0.38680291567862896,0.3640281650715868,0.15173400401965456,0.6378202773216283,0.48608627330197374,0.49906313848450534,1.0083773736713062,0.5093142351868009,12.190759283232495,2.9106289444442663,0,1,0,1,0,1,0,0,1,0,0,1
3998850,e1753e42-dd65-484b-adfc-db31f7aa0f09,1,26,49,France Women's,Selma Bacha,Thiniba Samoura,63.8,7.3,49.1,9.9,14.928162,-12.003804591864423,0.7686216879663019,0.015553571411089626,-0.7530681165552123,1.0159731870456112,0.11948772677073283,-0.8964854602748784,1.510991093566881,0.4386604430066613,-1.07233065056022,0.8808515555201422,13.224009118855319,1,0,1,0,1,0,1,0,1,0,0,1
3998850,213d85c2-7966-45de-8ef0-4d602181e010,1,26,58,France Women's,Melween Ndongala,Kadidiatou Diani,92.2,75,89.3,61.2,14.1014185,7.388625389847832,0.38356507043182264,0.534348034623569,0.1507829641917463,0.6689251252748004,0.9708341727525364,0.30190904747773595,1.0600867758264256,1.522462520057094,0.4623757442306684,3.0429966910053006,2.6145119138398676,0,1,1,1,1,1,0,0,0,0,0,0
3998850,b4518ae4-c207-4838-9221-15544a67c70e,1,28,58,Wales W,Josie Green,Kayleigh Anne Marie Barton,39.1,54.4,62.1,52.4,23.086792,22.95866787674813,0.5514154835132071,0.5256948144818826,-0.025720669031324528,0.8127573603559565,1.102881127345092,0.29012376698913556,1.2075619488792404,1.964815106551093,0.7572531576718526,1.8693001133109761,2.821467567708651,1,1,1,1,1,2,0,0,0,0,0,0
3998850,7a476fbf-4fa6-48c3-a712-d3fd6612b426,1,29,8,France Women's,Melvine Malard,Thiniba Samoura,69.9,16,51.2,8.7,20.074362,-20.033382228450925,0.8544164273736803,0.006581327935838637,-0.8478350994378416,1.426640406158825,0.07622000947617147,-1.3504203966826536,2.205019535414191,0.34371718796134226,-1.8613023474528485,2.0674417810296295,16.36651708261136,1,0,2,0,2,0,0,0,1,0,0,1
3998850,2e9fd657-4e05-475d-b597-83c0f0b14d47,1,29,16,France Women's,Sandie Toletti,Thiniba Samoura,53,30.5,57.8,18,13.389921,1.6940996406110003,0.11832764378459742,0.07857858036788173,-0.03974906341671569,0.33943202642569215,0.3067494071049096,-0.032682619320782536,0.7425722790778313,0.7880142484748616,0.04544196939703027,6.558715148523601,8.079093754989751,0,0,0,0,1,0,0,0,1,0,0,1
3998850,39735c45-e929-4445-9d2a-c730c8a135bf,1,29,26,France Women's,Thiniba Samoura,Sandie Toletti,74.6,24.4,66.2,18.9,10.040419,-9.784288604430756,1.2455813285086654,0.11976382947582609,-1.1258174990328393,1.8630363260124014,0.44475664067291915,-1.4182796853394823,2.786157614557508,1.0780162029698264,-1.7081414115876818,0.4239083250071001,8.388948265142949,1,0,2,0,3,0,0,0,1,0,0,1
3998850,2bbc5931-8ffa-4163-9113-45e133f92bce,1,29,28,France Women's,Sandie Toletti,Alice Sombath,63.3,23,55.9,42.6,20.950418,-4.959043236929972,0.4226089782621607,0.05421286647287371,-0.368396111789287,0.7759068316230303,0.24054008936481439,-0.5353667422582159,1.3582749081726369,0.6753777437211245,-0.6828971644515124,2.8730440797400467,9.147447205829502,1,0,1,0,1,0,0,0,1,0,0,1
3998850,5bcfc71f-ed61-455a-ab37-bfa7aa98ccb7,1,29,47,France Women's,Thiniba Samoura,Selma Bacha,25.7,48.7,34.4,22.3,27.796583,7.289663495344499,0.00026470205882884264,0.0007113432688035034,0.0004466412099746607,0.008887936812195154,0.01717968388308828,0.008291747070893127,0.06622298148257984,0.11457757513457568,0.04835459365199585,25.304600787372998,22.210357388102,0,0,0,0,0,0,0,0,1,0,0,1
3998850,627a0db6-5c70-4a7f-bf5a-7726951efcfe,1,29,51,France Women's,Selma Bacha,Sandie Toletti,37.5,21.1,46.6,27.1,10.9,10.112263591481408,0.002287954962399194,0.03407350848389082,0.03178555352149162,0.03781356939202557,0.19636234478106832,0.15854877538904275,0.21445324713955072,0.6081158370146741,0.39366258987512337,18.776995909903796,10.986003120521628,0,0,0,0,0,0,0,0,1,0,0,1
3998850,94f14e4a-c886-491a-9f97-2fcc55310e86,1,29,56,France Women's,Sandie Toletti,Alice Sombath,53.4,37.9,54.6,55.7,17.840405,-0.6249851329891385,0.07198030044924392,0.03178315002016754,-0.04019715042907638,0.31755313138770586,0.17987712780542822,-0.13767600358227763,0.8523562524250718,0.5740169198505058,-0.278339332574566,9.511697059212965,10.787301501617879,0,0,0,0,0,0,0,0,1,0,0,1
3998850,5ce97cf4-a905-4047-aebc-4bc5c28e3733,1,29,59,France Women's,Alice Sombath,Melween Ndongala,55.5,57.6,71.9,75.4,24.203306,7.135692043778462,0.09548201348146149,0.1682661302608959,0.07278411677943442,0.31175713400312016,0.4079544172299684,0.09619728322684823,0.7556086675033807,0.8219634462685195,0.06635477876513873,7.23337895281427,5.486220326773776,0,0,0,0,1,1,0,0,0,0,0,0
3998850,c39e340c-8708-421c-b8ef-21f61ead6d8b,1,30,0,France Women's,Melween Ndongala,Amel Majri,72.3,75,72,65.9,9.104943,4.621429909343107,0.16826602147984407,0.4237263199388074,0.25546029845896334,0.40795426463115264,0.8872889902119591,0.4793347255808064,0.8219632644933524,1.5441742278734532,0.7222109633801007,5.486222283072982,3.8968971846513925,0,0,0,1,1,2,0,0,0,0,0,0
3998850,a065180d-537c-4932-821b-033dd78b4fa5,1,30,45,France Women's,Amel Majri,Kadidiatou Diani,64.5,69.5,65.2,76.7,7.2339478,-3.1009960101669947,1.547229664654532,0.8635410591808833,-0.6836886054736487,2.1682900165131973,1.4118191216591502,-0.7564708948540471,2.997254598460168,2.1787768865571064,-0.8184777119030615,0.5488457665877319,1.4347441857684091,2,1,3,1,3,3,1,1,0,0,0,0
3998850,7483e567-92ea-43b2-a871-9000a7a99f6b,1,31,7,France Women's,Amel Majri,Melween Ndongala,101.8,76.3,108.3,76.2,6.500769,2.5632285399636245,0.9766112148725732,0.5592344406054737,-0.4173767742670995,1.3881423611822616,1.05364625370173,-0.3344961074805317,1.97168686541269,1.704875900475301,-0.2668109649373891,0.9052020687875112,3.1208786850625865,1,0,2,1,2,2,0,0,1,0,0,1
3998850,8d886dfd-ff9f-440c-b21b-7e23a5cbd707,1,31,30,France Women's,Onema Grace Geyoro,Selma Bacha,34.4,23,26.1,17.6,9.90202,-9.263052909237402,0.6645572784173776,0.03007818447560158,-0.6344790939417759,0.9611473814314901,0.17263935891851714,-0.788508022512973,1.3926724116903721,0.5247806910656829,-0.8678917206246892,1.3945212073224351,11.306729174063031,1,0,1,0,1,0,0,0,1,0,0,1
3998850,c97fd689-1109-4283-a0c0-d385afc8ce9d,1,31,33,France Women's,Selma Bacha,Sandie Toletti,25.9,17.3,28.4,25.3,8.381527,4.027244433232596,0.037852459932222,0.09079296150614387,0.05294050157392187,0.20334449110217986,0.3454248493066976,0.14208035820451773,0.585910182029724,0.8241145067539358,0.23820432472421182,11.177848893443334,8.550287021980818,0,0,0,0,0,0,0,0,1,0,0,1
3998850,50ed79a5-943a-4378-aafc-272927082ccb,1,31,36,France Women's,Sandie Toletti,Alice Sombath,33.5,25.5,34.7,49.6,24.129856,1.8683870756890428,0.0631111490377406,0.0120266862378386,-0.051084462799901996,0.271281587667104,0.08378340345018226,-0.18749818421692171,0.7269458954660766,0.28254491994460484,-0.44440097552147173,8.78567007922324,13.417275964002247,0,0,0,0,0,0,0,0,1,0,0,1
3998850,15274969-598e-408a-ab30-584a51036123,1,31,42,France Women's,Alice Sombath,Thiniba Samoura,42.9,57.2,44.3,29.4,27.83523,2.5567156209646384,0.010715016641586986,0.010479996843451458,-0.00023501979813552766,0.08998171363876495,0.09239563176064271,0.002413918121877759,0.343711204754192,0.3722677466426395,0.02855654188844753,14.06734528760104,14.1443043656871,0,0,0,0,0,0,0,0,1,0,0,1
3998850,6879c773-cd3b-420c-98fc-fceafe6ef8d3,1,31,44,France Women's,Thiniba Samoura,Selma Bacha,48.9,28,58,6.1,23.715395,1.4428983799063104,0.01852070801291256,0.02228436077107957,0.003763652758167011,0.13318894759013497,0.154633744736913,0.021444797146778022,0.48412713101120275,0.5307795227202506,0.04665239170904789,12.47344222590215,13.337364393909763,0,0,0,0,0,0,0,0,1,0,0,1
3998850,c646ac3e-0ce1-478c-b2cc-20ca4519c21c,1,31,52,France Women's,Thiniba Samoura,Alice Sombath,50.8,21.9,53.8,43.5,21.807339,5.235508465634396,0.0595906584346128,0.03519730462308338,-0.02439335381152942,0.26309466228946826,0.16682519509972496,-0.0962694671897433,0.6938810964916391,0.48550760669102994,-0.20837348980060916,9.361912602773385,10.214268573971435,0,0,0,0,0,0,0,0,0,0,0,0
3998850,eb86e92a-4acd-48fd-a3b0-1ab9e37164c4,1,31,55,France Women's,Alice Sombath,Melween Ndongala,54.7,49.5,88,68.8,38.4887,22.9358260934564,0.08462377502209471,0.22946041486199006,0.14483663983989536,0.2702713201669144,0.5291400154245613,0.25886869525764694,0.6596992490521437,0.9998113258161714,0.34011207676402766,7.4917094572092156,4.709059853628299,0,0,0,1,1,1,0,0,0,0,0,0
3998850,f592d502-e485-4d7b-8971-e4a5afaaa51c,1,33,38,France Women's,Kadidiatou Diani,Amel Majri,49.5,55.5,41.3,58.3,8.664871,-8.61583551714655,0.9843601335157046,0.3948229732221062,-0.5895371602935984,1.7657163008290762,1.0820107436257704,-0.6837055572033057,2.676414138347796,2.0105622869714597,-0.6658518513763365,2.921192355185646,5.5920180172961595,1,0,3,0,3,2,0,0,0,0,0,0
3998850,ecdcd05a-d616-4c82-8fd4-10b92eac4615,1,33,53,France Women's,Amel Majri,Melween Ndongala,66.7,68.8,65,76.2,7.5927596,-5.260809688341162,0.9253229271667822,0.30876725146070294,-0.6165556757060793,1.491437476708624,0.7114976751196501,-0.7799398015889739,2.2631156027841914,1.3501719005772685,-0.9129437022069229,1.5804086957990788,4.323915179815004,1,0,2,1,2,1,0,0,1,0,0,1
3998850,db082e43-d305-4af9-a22d-5b6173e65dac,1,34,1,France Women's,Melvine Malard,Clara Mateo,79.3,24,92.3,20.6,13.437262,9.914130207487496,0.414381519030731,0.7849385541856704,0.3705570351549394,0.9034000663948004,1.4564340129737823,0.5530339465789819,1.690827536714529,2.2668519669516742,0.5760244302371453,3.5466706734945443,3.191364037912951,0,0,1,3,2,3,0,0,1,0,0,1
3998850,b612ee91-c78a-4314-a691-74cc24c5b88c,1,34,9,France Women's,Selma Bacha,Clara Mateo,101.8,2.4,108.6,17.3,16.37834,16.37142555664977,0.17088954064310216,0.23432462547412974,0.06343508483102758,0.40008842469258044,0.7226909592794738,0.32260253458689336,0.763823267764318,1.534269454225777,0.7704461864614591,5.429333915739739,6.919363867089605,0,0,0,0,1,2,0,0,1,0,0,1
3998850,5300732f-8d11-471f-8ca1-bbd699b1eb4b,1,34,25,France Women's,Melween Ndongala,Onema Grace Geyoro,95.7,67.3,93.6,56,11.493477,5.678273964468239,0.298259128577326,0.5450435938169281,0.24678446523960212,0.6435120446059975,1.0123006488935717,0.3687886042875742,1.2280823072050966,1.729358489650294,0.5012761824451974,3.9655657527572763,2.9830476015758807,0,1,1,1,1,2,0,0,1,0,0,1
3998850,777a6dae-1fe1-43a9-bdca-8de1bcd75df0,1,34,26,France Women's,Onema Grace Geyoro,Melween Ndongala,91.8,57.4,95.2,69.9,12.95415,-5.710409711620848,1.094201443968238,0.1965912990028217,-0.8976101449654162,1.460475457563177,0.552079430173298,-0.9083960273898791,2.0941364774302667,1.166140588726124,-0.9279958887041426,0.390806256439245,5.9069114475468325,1,0,2,0,2,1,1,0,1,0,0,1
3998850,8fb24cce-4287-4297-854d-b228c1cb75b9,1,34,28,France Women's,Melween Ndongala,Alice Sombath,95.1,70.3,70.2,64.4,25.58945,-16.237671065636626,0.369669298521508,0.0028995232290951662,-0.36676977529241284,0.7202347933920582,0.04852855098445405,-0.6717062424076041,1.3013826839689853,0.28246056568404065,-1.0189221182849446,3.31633903979872,18.852394340793843,0,0,1,0,1,0,0,0,1,0,0,1
3998850,9ce1ab09-526c-4ee8-a3d4-63e0e2a572af,1,34,31,France Women's,Alice Sombath,Thiniba Samoura,70.6,64.2,68.1,35.6,28.709057,2.9229115689502123,0.01015429112979094,0.012719142849489691,0.002564851719698752,0.09328918575747347,0.10419020583479284,0.01090102007731937,0.3934714771101049,0.4321249867990148,0.038653509688909904,14.55009118724172,13.427116411538286,0,0,0,0,0,0,0,0,1,0,0,1
3998850,a25a3224-d31f-4607-a459-5dc3a2c47737,1,34,34,France Women's,Thiniba Samoura,Selma Bacha,68.6,31.5,74,16,16.413713,0.2135934945552762,0.027487180682558655,0.01916649836808689,-0.008320682314471764,0.17022870856656513,0.15741902986487522,-0.01280967870168992,0.5936402607387156,0.5950581995415987,0.0014179388028831008,11.201725635017459,13.815119471967181,0,0,0,0,0,0,0,0,1,0,0,1
3998850,630a1816-617c-426e-a84e-a8b2bc493af0,1,34,38,France Women's,Selma Bacha,Melvine Malard,81.5,11.2,90.6,3.7,11.792371,1.3676193884239467,0.28687529551268737,0.16150093820360034,-0.12537435730908703,0.7200315336983798,0.4273439103920633,-0.2926876233063165,1.4165380475726663,0.8795300679391342,-0.5370079796335321,4.577285967880734,5.820730171253676,0,0,1,0,1,1,0,0,1,0,0,1
3998850,70885b4f-d962-4bb1-ae8e-0972eb647c81,1,34,41,France Women's,Melvine Malard,Selma Bacha,91.6,2.1,83.6,5.6,8.732124,-2.7231266695742704,0.6538525277270351,0.15502354312562955,-0.4988289846014055,1.005689600237382,0.5246853683861168,-0.4810042318512653,1.488330514047364,1.1517459374993932,-0.3365845765479707,1.6943836876727973,7.606620837358546,1,0,1,0,2,1,1,0,1,0,0,1
3998850,6e1edd1a-8ca6-4ba2-aad2-b90207ed510e,1,34,51,Wales W,Ceri Holland,Jessica Fishlock,35.2,27.5,48.6,30.1,13.649908,13.633257428488548,0.45312426152913243,0.38349728196527105,-0.06962697956386138,1.0731875819132146,0.9086578567813268,-0.1645297251318878,1.8931589001609592,1.650465083700964,-0.24269381645999522,5.067658712029595,5.044787565107448,0,0,0,0,2,2,0,0,1,0,0,1
3998850,66994761-de0e-4bae-a399-485a3bbfc61c,1,34,55,Wales W,Jessica Fishlock,Ceri Holland,56.9,27.2,88.7,3.5,39.660183,16.302531900834417,0.3264633947233498,0.12562078935445206,-0.20084260536889773,0.8818174190196059,0.30705360137862786,-0.574763817640978,1.683625469923925,0.5747757053369603,-1.1088497645869646,5.266870137162866,6.251756200740649,0,0,0,0,2,1,0,0,0,0,0,0
3998850,4965241f-1f36-4ea5-aac0-47bb2390cc02,1,35,23,Wales W,Angharad James,Lily Woodham,87.5,10.3,91.5,4.1,7.378347,-1.8107381596636358,0.3976172774319925,0.2375331801502322,-0.1600840972817603,0.9012317050600213,0.6927313440996758,-0.2085003609603454,1.732755595490017,1.4808807076812873,-0.2518748878087296,3.574027535424733,5.563323172869387,0,0,1,0,1,1,0,0,0,0,0,0
3998850,4edb3484-4f94-4ece-86ba-0b9cc690511f,1,35,24,Wales W,Lily Woodham,Ceri Holland,91.9,3.4,93.4,11.7,8.434453,7.304160828867303,0.6911648215779183,1.0758376751941798,0.3846728536162616,1.2809816135214431,1.8736509429123902,0.5926693293909471,2.109717600971038,2.9533599390572354,0.8436423380861973,2.9502800209068876,1.0254019159686194,1,1,2,1,2,3,0,1,0,0,0,0
3998850,07c9cf29-dc17-40f8-964c-76b02a6760e9,1,35,25,Wales W,Ceri Holland,Angharad James,93.8,12.8,86.6,12.1,7.2339478,-5.753643239352968,1.0933490014232867,1.161424885179083,0.06807588375579621,1.8940801847392856,1.9953108606311045,0.10123067589181889,2.975489756958896,3.0562997294846928,0.08080997252579669,0.9757700517781981,1.3935868157626707,1,1,1,2,3,3,0,1,0,0,0,0
3998850,36be8dd4-b1db-4162-bd21-ee5926cc3d08,1,35,26,Wales W,Angharad James,Ffion Morgan,86.1,14.7,97,29.7,18.542114,17.09912615917929,1.2286217317635069,0.8737242343778957,-0.35489749738561116,2.0560640198242313,1.657636178991382,-0.3984278408328492,3.11558469556907,2.85897567900027,-0.2566090165688002,1.150128000533013,2.068262418384764,1,1,2,2,3,2,0,0,0,0,0,0
3998850,1d6dc355-7ab7-4fb2-b8bb-494d8087ede9,1,35,39,France Women's,Kadidiatou Diani,Thiniba Samoura,39.2,76.6,38.7,64.2,12.410076,3.877583772610521,0.5787664568337952,0.25089462121198575,-0.3278718356218095,1.0737776032481747,0.8254976501204976,-0.24827995312767714,1.6864453187030601,1.6446509548105412,-0.04179436389251889,3.73257825867963,7.624855060094554,0,0,2,0,2,1,0,0,1,0,0,1
3998850,f394d570-899a-4f5e-8a5d-d5871f38a5f6,1,35,40,France Women's,Thiniba Samoura,Clara Mateo,39.4,62.5,59.1,57,20.453362,20.4533615703508,0.46244894891436705,0.25677814548785566,-0.2056708034265114,1.109688520802236,0.851045665452144,-0.258642855350092,1.9720240226358077,1.8015494519966866,-0.17047457063912108,4.0700321724325805,6.523913031128833,0,0,1,0,2,1,0,0,1,0,0,1
3998850,dfaf6760-e95c-4389-8cee-f44d99cbe6e9,1,35,42,France Women's,Clara Mateo,Amel Majri,59.1,57,61.1,75.4,18.508377,-5.491264963738637,0.2799245504993193,0.23465161065731396,-0.04527293984200534,0.8976561739688851,0.608020224892384,-0.28963594907650103,1.8587064942508027,1.186543233862192,-0.6721632603886107,6.923550570115987,5.78016095239927,0,0,0,0,2,2,0,0,1,0,0,1
3998850,a44f60b8-dec7-4483-a8ae-cf14bc543880,1,35,45,France Women's,Amel Majri,Sandie Toletti,61.5,74.5,64.5,60.3,14.513442,8.819364981141582,0.5110668640416413,0.3110046731219787,-0.20006219091966254,0.9263410281276009,0.8215413544578669,-0.10479967366973397,1.518672136359039,1.6596894267523488,0.1410172903933098,2.5529165124266795,4.941924761587643,1,0,1,1,1,2,0,0,1,0,0,1
3998850,d07112f6-bb08-4874-a9bd-7db7e9c8a6ed,1,35,51,France Women's,Sandie Toletti,Amel Majri,84.9,63.7,78.1,71.5,10.347947,-10.067938758233758,0.6905446589346365,0.08747096579314127,-0.6030736931414952,1.1210562968634246,0.3042936456842323,-0.8167626511791923,1.7116848567132483,0.7190793878148031,-0.9926054688984453,2.43087898553455,7.957236388646059,1,0,2,0,2,1,0,0,1,0,0,1
3998850,22ca9411-e3f0-46b0-8ac9-ec25a6713426,1,35,53,France Women's,Amel Majri,Onema Grace Geyoro,78.3,71.9,79.4,50.5,21.428253,10.566596656293122,0.2674141984734749,0.19125960203500195,-0.07615459643847297,0.6908962506188253,0.7392944789582467,0.04839822833942142,1.329587935643288,1.7633757019423713,0.4337877662990832,5.639084237069323,7.891104655449695,0,0,0,0,2,1,0,0,1,0,0,1
3998850,682159b0-757d-4ea7-b689-93a687c9253a,1,35,56,France Women's,Onema Grace Geyoro,Clara Mateo,79.4,49.5,92.2,49.5,12.8,12.318249129673791,0.3208459960944326,0.44063500383710497,0.11978900774267237,0.9631921755237365,1.3628858553436527,0.3996936798199162,2.0218043703052433,2.7394524552880304,0.7176480849827871,5.611900577737894,6.3006735234706115,0,0,0,0,2,2,0,0,1,0,0,1
3998850,538063ca-1553-46b6-b498-c96ea24efa85,1,35,58,France Women's,Clara Mateo,Sandie Toletti,94.7,49.6,106.9,60.7,16.493938,2.5631796712301558,0.9109698174705134,0.16712706995476292,-0.7438427475157505,1.929935118625662,0.649523644952633,-1.2804114736730288,3.298401636166898,1.6163966954419766,-1.6820049407249213,2.760433778464937,7.213836310642944,1,0,2,0,4,1,0,0,1,0,0,1
3998850,ce67efaa-ae5f-41f2-9844-9024d4594717,1,36,15,France Women's,Selma Bacha,Onema Grace Geyoro,98.2,13.2,92.6,15.6,6.0926185,-2.142728158156622,0.5762304344449997,0.32473140675016693,-0.25149902769483273,1.1209258796745802,0.8949171557188211,-0.2260087239557591,1.9750533947992674,1.8469253022452563,-0.12812809255401114,2.754435987396733,4.901381603601565,1,0,1,1,2,2,0,0,1,0,0,1
3998850,bd149f19-4b40-4c52-bb39-6eb4e223324f,1,36,17,France Women's,Onema Grace Geyoro,Sandie Toletti,92.7,15.2,93.9,19.7,4.6572523,3.817564420609685,0.470761698694512,1.2679204627040679,0.7971587640095559,1.1695621717805487,2.1877415604740325,1.0181793886934838,2.212254837535965,3.3477702454806626,1.1355154079446974,4.26692453443798,1.2694283759764307,0,1,1,2,2,4,0,0,1,0,0,1
3998850,5c0c10a4-e253-45f3-9741-8cb36776276f,1,36,18,France Women's,Sandie Toletti,Melvine Malard,94.3,21.4,99.8,25.5,6.860029,6.859158275508388,1.596685239324488,1.580965903210441,-0.015719336114046856,2.4449577553656243,2.6837384514634053,0.23878069609778096,3.513081845071189,3.976241719891061,0.46315987481987175,0.7745708333958473,1.5672590846130072,2,2,2,3,4,5,0,0,1,0,0,1
3998850,023619da-1256-4f2c-8b6f-b735ed1a5a66,1,36,19,France Women's,Melvine Malard,Onema Grace Geyoro,101.3,25.7,103.5,21.4,4.830114,-1.3228011350561957,1.580965936632913,1.0362840632122052,-0.5446818734207077,2.683738472493006,1.9495859064466121,-0.7341525660463939,3.9762417220991435,3.1666417247246867,-0.8095999973744568,1.567258476412526,1.5604049429614981,2,1,3,1,5,3,0,0,1,0,0,1
3998850,13ff007a-98b5-41af-afea-5459b7f810dd,1,36,30,France Women's,Alice Sombath,Melween Ndongala,66.9,72.4,80.8,72.5,13.90036,11.28383218351349,0.08387229039321685,0.2738454270657609,0.18997313667254406,0.2440940468148071,0.591641647768802,0.34754760095399495,0.5413698301695022,1.12747805315838,0.5861082229888777,7.4597089113231965,4.132410766077063,0,0,0,1,1,1,0,0,1,0,0,1
3998850,d1f8303a-669b-4e3c-ac00-424b55758cc8,1,36,36,France Women's,Melween Ndongala,Thiniba Samoura,79.3,66.5,58.4,40.4,33.436806,-13.034437557821995,0.6752259963386719,0.014134060836209017,-0.6610919355024628,1.1336726925317957,0.10280856829662413,-1.0308641242351715,1.814537932311207,0.3789754475723223,-1.4355624847388846,2.033296039687778,13.0977009668089,1,0,1,0,2,0,0,0,1,0,0,1
3998850,fd01844c-6d89-4fee-a8dd-71cbbfd35f55,1,36,40,France Women's,Thiniba Samoura,Selma Bacha,61.9,36.1,67.5,14.1,22.701542,-0.3103487842836685,0.02357049148799995,0.004706672877938198,-0.01886381861006175,0.13873508102432483,0.06136212688560701,-0.07737295413871782,0.4571455545260605,0.29142901426948586,-0.16571654025657462,11.532571102111456,18.17649551129345,0,0,0,0,0,0,0,0,1,0,0,1
3998850,d8506f45-1807-45c8-8ed8-6bf68633caac,1,36,47,France Women's,Onema Grace Geyoro,Melvine Malard,84.4,5.4,81.8,22,16.802382,7.415505712157163,0.6441484488566991,0.4058549719831696,-0.23829347687352948,1.0091551742255467,1.0033286310479794,-0.005826543177567256,1.5528036872732949,1.847613504210225,0.2948098169369302,1.6940595017118025,4.4559372448673376,1,0,1,1,1,2,1,0,1,0,0,1
3998850,e708fd78-263f-494c-9897-b2cbe9cca2f0,1,36,52,France Women's,Melvine Malard,Amel Majri,79.7,41,100.7,69.4,35.320816,5.143526751161893,0.24051032701488337,0.03091340606538018,-0.2095969209495032,0.7208132065408179,0.16322311691002078,-0.5575900896307971,1.5982570979510582,0.5107542719887354,-1.0875028259623227,5.481204690221324,10.759472504864501,0,0,0,0,1,0,0,0,1,0,0,1
3998850,c67e372e-e859-450d-b733-62e366b7c7f9,1,38,45,France Women's,Alice Sombath,Melween Ndongala,25.2,60.9,36.5,75.4,18.383144,6.382470101640621,0.5746864324154534,0.015370593421280087,-0.5593158389941733,0.93647303218175,0.11339081090619543,-0.8230822212755546,1.240031342014308,0.370455980682724,-0.8695753613315841,2.9728872396580375,13.346320493865054,1,0,2,0,2,0,0,0,1,0,0,1
3998850,a9b6e022-ca34-43af-9cbf-a4f4767c931a,1,38,47,France Women's,Melween Ndongala,Sandie Toletti,42.2,76.2,39.7,63.3,13.140016,2.197476110461764,0.19697745936555533,0.2140620287307809,0.017084569365225566,0.4249337500421543,0.6208163230060295,0.19588257296387523,0.7405021219491363,1.2422256180850133,0.501723496135877,4.960516144763025,5.797778404325761,0,0,1,0,1,1,0,0,1,0,0,1
3998850,73e8ed7a-8aa7-47d7-a250-31590a1c3813,1,38,50,France Women's,Sandie Toletti,Melween Ndongala,40.4,67.4,44.7,75.8,9.436631,0.806811223942077,0.874023969847015,0.429414618517925,-0.44460935132909,1.3910336758216042,0.9939205957405807,-0.39711308008102353,2.0742002226121485,1.7119647689928126,-0.36223545361933596,1.2554147872347168,4.632460000525445,1,0,1,1,2,3,1,0,1,0,0,1
3998850,635bd5bb-683f-45ed-8ff0-5a3be3c0cf59,1,38,53,France Women's,Melween Ndongala,Amel Majri,45.2,75.6,64.1,67.6,20.523401,20.497242854995285,0.8591432785431712,0.5855822646621712,-0.27356101388099996,1.371088529396652,1.320919319934492,-0.05016920946215997,2.0001572212445047,2.3671869540961725,0.36702973285166784,1.7623694289323013,3.4306217963721055,1,0,2,1,2,2,1,0,1,0,0,1
3998850,bdef8271-96e4-430a-b150-488efed363c5,1,38,54,France Women's,Amel Majri,Clara Mateo,64.5,68,75.3,61.6,12.553884,12.517850479882753,0.691306164008036,0.8614465841875135,0.1701404201794775,1.415134969804199,1.5034243866622423,0.08828941685804326,2.4454453079902385,2.359292273836811,-0.08615303415342757,2.7864507190291716,1.3920494296314805,1,1,2,1,2,3,0,0,1,0,0,1
3998850,bffec7b8-20f7-4caf-b6f7-f39d18ac6957,1,38,56,France Women's,Clara Mateo,Onema Grace Geyoro,76.1,61.7,74.5,47.5,14.289857,2.8564100217120796,0.8867242032280493,0.6133078561745458,-0.2734163470535036,1.5257330147525374,1.2093223263496296,-0.31641068840290787,2.377517360491048,2.1415756399246297,-0.23594172056641805,1.2947305874709765,2.1917094725089457,1,1,1,1,3,1,0,0,1,0,0,1
3998850,20f1efd7-cb1c-4620-979c-b29e70b2db76,1,38,58,France Women's,Onema Grace Geyoro,Amel Majri,75.7,46.4,85.6,45.2,9.972462,9.969111720186554,0.8539145629960291,0.8203482951518557,-0.03356626784417338,1.4147522176455967,1.6713128105751416,0.2565605929295449,2.2563922279242705,2.691137002028357,0.4347447741040864,1.093978819231104,2.7341560300445544,1,1,1,1,2,4,0,0,0,0,0,0
3998850,2a4e2675-5359-467b-951a-2f929863322b,1,39,0,France Women's,Amel Majri,Melvine Malard,90.5,42.7,114.1,31,26.341032,18.86179616819114,1.0177946082565932,0.5906160531283153,-0.42717855512827785,1.8842592321177785,1.119177666964665,-0.7650815651531135,2.9327937767451173,1.869155133643658,-1.0636386431014593,1.7255321099057404,2.5622567151005446,1,1,1,1,3,2,0,1,0,0,0,0
3998850,fe230955-c84e-479d-9e28-05d3e45329db,1,40,30,Wales W,Rachel Rowe,Ffion Morgan,56.4,12.1,69.8,18.9,15.026643,14.99637683990835,1.04170478289365,0.8925167932520137,-0.14918798964163638,1.9607996368574128,1.6444097101219768,-0.316389926735436,3.024079631623292,2.743400996161616,-0.2806786354616757,2.4105457892572892,1.3762133669611432,1,1,2,1,4,3,0,1,0,0,0,0
3998850,a457aedd-5ce5-4b2f-a33e-443d246d8bde,1,40,34,France Women's,Onema Grace Geyoro,Amel Majri,53.4,55.3,58.6,56.8,5.4120235,4.677944589288892,1.2528680471442337,0.8148906156546338,-0.4379774314895999,1.993500764554421,1.6904810942077018,-0.30301967034671917,2.8411978808938807,2.8507024286229115,0.009504547729030755,1.4923636492964547,3.2135686325948636,1,0,3,2,3,3,1,0,1,0,0,1
3998850,e85a31c0-eb11-4734-8826-a65fe8da177a,1,40,36,France Women's,Amel Majri,Kadidiatou Diani,60.4,63.7,71.6,75.4,16.196604,4.174978798003487,1.3205280133641621,0.518396905475516,-0.8021311078886462,2.0619667674865236,1.0060258627017444,-1.0559409047847792,3.0516485095669887,1.7785369197546972,-1.2731115898122916,1.0493939494726185,2.605334725031447,1,1,3,1,3,1,0,0,1,0,0,1
3998850,df53fbef-3dea-413d-91c9-b17b9a9ce634,1,40,38,France Women's,Kadidiatou Diani,Amel Majri,70.3,73.6,73.7,65.9,8.417244,6.940221392180163,1.2037552843169512,0.7608357335702384,-0.44291955074671285,1.9086185008214513,1.6663573270474226,-0.24226117377402878,2.736946993916467,2.8143367519307363,0.07738975801426928,2.2777400380312254,4.438990330029221,2,0,3,2,3,4,1,0,1,0,0,1
3998850,8a9f50d8-3588-448d-9506-89d802133f68,1,40,43,France Women's,Amel Majri,Kadidiatou Diani,83.6,51.3,81.4,44.3,7.3375745,-0.7251234402185744,0.9417074506646493,0.8361725514966635,-0.10553489916798586,1.9592761074126948,1.827732964675521,-0.13154314273717382,3.3006847620739506,3.068678655674521,-0.23200610639942942,2.5239104460355617,4.065279803026177,1,0,2,3,4,4,0,0,1,0,0,1
3998850,c9b861bb-34da-4ebe-94d8-feca1cb0ade1,1,40,44,France Women's,Kadidiatou Diani,Amel Majri,80.4,44.3,82.8,53.9,9.895453,0.12068660982475876,1.1950596482114164,1.7559597802987734,0.560900132087357,2.194485148417287,2.612870855632113,0.41838570721482604,3.3926006726123017,3.659945138354126,0.26734446574182424,2.0705033009757465,0.5892078792959095,1,2,3,3,4,4,1,1,1,0,0,1
3998850,3cb8cb26-4586-451f-8c50-a33f07877606,1,40,48,France Women's,Amel Majri,Sandie Toletti,71.3,61.3,64.9,39.6,22.624102,-1.94714820372878,0.11991266570467492,0.046819591868235436,-0.07309307383643948,0.46088246232447,0.22725384162409484,-0.23362862070037516,1.1609320008094541,0.6656277411059621,-0.495304259703492,7.336840215651172,9.769451070413963,0,0,0,0,1,0,0,0,1,0,0,1
3998850,30913d63-b322-4c07-adff-b276b686e582,1,40,52,France Women's,Sandie Toletti,Selma Bacha,65.2,35.9,73.6,3.9,33.084137,-3.836037813923639,0.06816807448692531,0.015431828721405543,-0.052736245765519774,0.2935998155299881,0.10994748112612397,-0.18365233440386414,0.7968856117088845,0.4082508853718537,-0.3886347263370308,8.755799630228134,12.828153923510069,0,0,0,0,0,0,0,0,1,0,0,1
3998850,936c6f80-fda3-4f61-9137-7bce754a4b00,1,40,59,France Women's,Sandie Toletti,Alice Sombath,67.9,23.8,65.2,53,29.324564,-1.7603496108855765,0.40146658642041055,0.014306021750495224,-0.38716056466991533,0.7385967968561005,0.10158214641329678,-0.6370146504428037,1.2724873812507311,0.36547197778212087,-0.9070154034686102,2.949955248690262,13.027915044502759,1,0,1,0,1,0,0,0,1,0,0,1
3998850,bde33dec-d8ad-4f32-8abd-3a27f21535f6,1,42,18,Wales W,Safia Middleton-Patel,Gemma Evans,33.1,47,48.6,39.6,17.175856,15.78035695116779,0.05612838942050179,0.2905509763821363,0.23442258696163448,0.18452303064345343,0.6238464422792237,0.43932341163577027,0.39834477332311025,1.104684641076804,0.7063398677536938,8.649725442821726,4.037659895232907,0,0,0,1,0,1,0,0,1,0,0,1
3998850,1aa203c9-13b2-4dbb-ae33-122d7a4e6dc8,1,42,21,Wales W,Gemma Evans,Josie Green,46,39.6,39,50,12.536347,-7.613868537778487,0.7817589678258255,0.7751625537096369,-0.006596414116188609,1.136370651321054,1.118675282518357,-0.017695368802697065,1.614892618665513,1.5691683503792617,-0.04572426828625131,1.1624051996155833,1.1369505449867112,1,1,1,1,2,1,1,1,0,0,0,0
3998850,3aac896c-d8df-4982-b293-7086cfcfc609,1,42,33,France Women's,Alice Sombath,Melween Ndongala,50.4,75.6,64.6,74.6,14.2351675,12.85913840900669,0.025922764778642082,0.06606576488945215,0.04014300011081007,0.1117400320185275,0.2600734510839721,0.14833341906544462,0.25417363192377207,0.6341143573341431,0.37994072541037105,10.95790124203136,8.643099327330575,0,0,0,0,0,0,0,0,1,0,0,1
3998850,99636932-36e4-4ae0-bca1-f6a66a8521a9,1,42,36,France Women's,Melween Ndongala,Kadidiatou Diani,70.6,75.2,87.6,75.8,17.010586,12.373484891565354,0.32014323714085435,0.5806725654879463,0.26052932834709197,0.6615697228346207,0.9214719381105322,0.2599022152759115,1.237243538373239,1.4802566197961253,0.24301308142288636,3.6826178083156043,1.8669503383766826,0,1,1,1,1,1,0,0,1,0,0,1
3998850,7e5195e7-05cc-4d84-ac8c-d824a2b7f0ab,1,42,40,France Women's,Kadidiatou Diani,Melween Ndongala,83.6,72.4,76.6,76.2,7.964923,-7.784385703795387,0.8077294291942796,0.15057276879172313,-0.6571566604025565,1.3228112084855836,0.45528131485733403,-0.8675298936282496,2.0176885068362007,1.0540705570123126,-0.9636179498238882,1.604205260445684,6.101800801560292,1,0,1,0,3,1,1,0,1,0,0,1
3998850,1b503f59-c1bd-4235-bd39-0a934067d734,1,42,41,France Women's,Melween Ndongala,Alice Sombath,77,76.2,57.8,74.2,19.303886,-14.77335520964612,0.31898130784977047,0.0018381210921547377,-0.3171431867576157,0.6532970863224006,0.026234235408833885,-0.6270628509135667,1.242546960048101,0.12750806985198723,-1.1150388901961137,3.647894161115269,19.072819623319095,0,0,1,0,1,0,0,0,1,0,0,1
3998850,0aed82c4-e08e-4878-bde2-d97b88b7f362,1,42,45,France Women's,Alice Sombath,Thiniba Samoura,56.3,68.8,50.7,43.1,26.303041,0.5387094180978522,0.006588715139514911,0.007501338609161462,0.0009126234696465512,0.05791308192034134,0.07016449193145387,0.012251410011112525,0.21258585329843935,0.25985788783563424,0.04727203453719489,15.32775813190643,15.711220574029674,0,0,0,0,0,0,0,0,1,0,0,1
3998850,2daf9779-565e-4db6-bf25-dc154fe4df80,1,42,52,France Women's,Thiniba Samoura,Kadidiatou Diani,70.2,56.4,88.9,72,24.352617,7.807930771090589,0.7227688160820993,0.16113072974110834,-0.561638086340991,1.023191236891539,0.44160053620946293,-0.5815907006820761,1.5876735586630286,0.9589372333352613,-0.6287363253277674,1.122674746492478,5.781129257054114,1,0,1,0,1,1,1,0,1,0,0,1
3998850,88818c03-19a4-4103-b641-c40445627944,1,42,55,France Women's,Kadidiatou Diani,Melween Ndongala,90.1,73.3,99.9,72.1,9.873196,6.880033188126561,0.44794697471106737,0.3049858463605866,-0.14296112835048075,0.870616524144103,0.7733718879877303,-0.09724463615637269,1.508296589855482,1.4877813444292949,-0.020515245426187212,2.93548291217466,5.376871781531139,1,0,1,0,1,2,0,0,1,0,0,1
3998850,421073c6-9e30-4cf8-830b-22d7e432c551,1,46,26,France Women's,Melvine Malard,Onema Grace Geyoro,23.2,7.8,22.2,14.9,7.170077,1.0455470566816842,0.8855712541718637,0.7464139399225813,-0.13915731424928235,1.407787294952017,1.4083103981706695,0.0005231032186525653,2.192905657774675,2.339879258724098,0.14697360094942313,1.138182862780706,2.0057290801574736,1,1,1,1,2,2,0,0,1,0,0,1
3998850,84e2812e-09a4-40ba-9121-903fd6e9756e,1,46,29,France Women's,Onema Grace Geyoro,Selma Bacha,21.5,4.6,8.6,8.1,13.366376,-11.209297630352324,0.2964395196422361,0.013921886330628323,-0.2825176333116078,0.7074550278281018,0.12989426523972752,-0.5775607625883743,1.3454847861443884,0.47640883707474724,-0.8690759490696411,4.5887366003944585,15.409209363666664,0,0,1,0,1,0,0,0,1,0,0,1
3998850,b1b16f2f-44fc-4e87-b52a-c2e747c367c1,1,46,32,France Women's,Selma Bacha,Thiniba Samoura,8.5,9,7.7,23.6,14.6219015,2.2380207106509147,0.015458470622115852,0.020867804934585264,0.0054093343124694115,0.13256422736980383,0.1409779459956372,0.008413718625833372,0.4704968037092131,0.4641363232403673,-0.006360480468845797,14.30916160235327,12.383134401435736,0,0,0,0,0,0,0,0,1,0,0,1
3998850,90f7f175-53ec-4a94-a444-35a968b33a12,1,46,33,France Women's,Thiniba Samoura,Alice Sombath,7.7,23.8,12.4,55.9,32.442257,4.694037025702883,0.009876691159524371,0.0015861622802844763,-0.008290528879239895,0.08632447633166206,0.020902997603040215,-0.06542147872862183,0.3171794569048076,0.08915184938933303,-0.22802760751547457,14.775950608174231,19.339313521565547,0,0,0,0,0,0,0,0,1,0,0,1
3998850,949f0a81-f374-406e-ba3d-4715c20fd216,1,46,38,France Women's,Alice Sombath,Melween Ndongala,21.9,58.7,43.8,72.8,26.046497,16.906902574324036,0.0039923856916707886,0.013551017484609237,0.009558631792938449,0.04268675942012012,0.08581732659498406,0.043130567174863944,0.18066495167868715,0.2656011871514996,0.08493623547281245,16.75365376063702,13.042514873796865,0,0,0,0,0,0,0,0,1,0,0,1
3998850,276f599e-9e6f-4ae3-891b-c98748cb692a,1,46,44,France Women's,Melween Ndongala,Thiniba Samoura,56.3,70.7,43.1,43.5,30.233755,-6.267656789903555,0.4936490757468559,0.0036076404852497046,-0.4900414352616062,0.9038455129975609,0.0593069445681809,-0.84453856842938,1.451816371757996,0.3123877186576393,-1.1394286531003566,2.713589607160258,19.03301446191342,1,0,1,0,1,0,0,0,1,0,0,1
3998850,acb0b383-273f-4db9-9aa2-f3628d116609,1,46,48,France Women's,Thiniba Samoura,Selma Bacha,45.5,40.9,63.8,5.7,39.672787,8.665250745854152,0.005384945480670676,0.018439939655688388,0.013054994175017712,0.07068145380798738,0.1256141945566477,0.054932740748660336,0.342130649234356,0.46223121798398253,0.12010056874962655,17.64302696957349,12.329401144486324,0,0,0,0,0,0,0,0,0,0,0,0
3998850,41c2cf34-3835-414b-8ebc-86c28d1775bc,1,46,53,France Women's,Melvine Malard,Onema Grace Geyoro,86.2,2.7,83.5,8.7,6.5795135,2.2535326991076374,0.5761450049272985,0.9628958888761806,0.38675088394888213,0.9699107475389603,1.6221300501329172,0.6522193025939569,1.5576651140638038,2.4424316279075593,0.8847665138437555,2.152307286865634,2.684219157374409,1,2,1,2,2,3,0,0,0,0,0,0
3998850,be504dea-e793-421f-8e5c-aa781d94a7a8,1,48,17,Wales W,Safia Middleton-Patel,Josie Green,54.9,50.3,71.4,74.9,29.621107,6.07693632145201,0.003218522862586617,0.15799460667107762,0.154776083808491,0.050329096717432825,0.4120655702125189,0.3617364734950861,0.2805227857428489,0.895633342334343,0.615110556591494,17.99246421302296,5.710879245508183,0,0,0,0,0,1,0,0,1,0,0,1
3998850,64f99dad-74f7-4df7-ad29-48b243d2d9ff,1,48,21,Wales W,Josie Green,Lily Woodham,73.1,77,83.7,77.7,10.623088,7.402578594601167,0.79970651916153,0.3439155549228299,-0.45579096423870014,1.0230720978997132,0.7072971657107052,-0.315774932189008,1.4821837733227128,1.2569064450175444,-0.22527732830516833,0.7591997814421103,3.828268835803138,1,0,1,1,1,1,0,0,1,0,0,1
3998850,6f81d701-43f7-41ed-9028-7a2833231919,1,48,22,Wales W,Lily Woodham,Ffion Morgan,84.3,77.6,99.9,77.6,15.6,9.213022519625802,0.45970133014064385,0.408411349549462,-0.05128998059118184,0.8481345830450702,0.8074584384730299,-0.040676144572040274,1.4134505624681366,1.3873642316185615,-0.026086330849575123,2.950634619658525,3.535255631169353,1,0,1,1,2,2,0,0,0,0,0,0
3998850,c3dddab7-e880-4170-9031-8eb2480af241,1,48,56,France Women's,Clara Mateo,Amel Majri,21.5,16.6,37.7,6.1,19.305182,12.232918741741443,0.9287518851968953,0.5289548856872347,-0.39979699950966063,1.772224458570441,1.0378396175747557,-0.7343848409956852,2.862125598196133,1.8442305767492402,-1.0178950214468927,1.937303671401895,2.5642642743417348,1,1,2,1,2,1,0,0,1,0,0,1
3998850,50f9cb8d-cb1f-42db-bd61-18168c2fd028,1,49,3,France Women's,Melvine Malard,Selma Bacha,41.7,5.4,33.4,8.7,8.931965,-6.4788128569965835,0.06214222750813076,0.006987735638631753,-0.05515449186949901,0.30683788899397113,0.06805118157585145,-0.2387867074181197,0.8414484640856875,0.27846441354106993,-0.5629840505446175,9.94894157043767,15.293927809889002,0,0,0,0,0,0,0,0,1,0,0,1
3998850,a9d98ee8-0389-4b4a-b00a-5b4bd94e96e4,1,49,5,France Women's,Selma Bacha,Alice Sombath,35.4,10.3,40.5,45.2,35.270668,9.991983417642956,0.005011591725422174,0.0008388293371184684,-0.004172762388303705,0.04358547593464904,0.014262779449730742,-0.029322696484918295,0.15789557041398677,0.07020654549229717,-0.0876890249216896,15.908160670423792,21.250509853327962,0,0,0,0,0,0,0,0,1,0,0,1
3998850,0f869274-90ee-4f8d-94c2-17a2f99c44aa,1,49,11,France Women's,Alice Sombath,Selma Bacha,46.8,51.7,55.5,16.4,36.356293,5.447195928509856,0.0091671040544923,0.0051723816593467085,-0.003994722395145592,0.07794381899139041,0.06560757771620981,-0.012336241275180598,0.27160845961143226,0.3054367909817003,0.03382833137026803,15.058709741021334,16.790188436286314,0,0,0,0,0,0,0,0,1,0,0,1
3998850,d05e35dd-f54e-4ee2-9cd0-ae2f137e3bf7,1,49,14,France Women's,Selma Bacha,Sandie Toletti,53.9,15.1,54.6,22,6.935416,2.80255995176573,0.009252426134021765,0.016582163160643783,0.007329737026622018,0.08341768880108046,0.12306377047919011,0.03964608167810965,0.3224519435167369,0.45221400508409443,0.12976206156735753,14.62021015518925,12.814490414904993,0,0,0,0,0,0,0,0,1,0,0,1
3998850,9b8e44d2-eba0-4479-871b-a00ed199cedf,1,49,19,France Women's,Sandie Toletti,Thiniba Samoura,57.2,22.3,56.3,39.3,17.023808,1.542839701844379,0.07766160295309851,0.04163660301061791,-0.0360249999424806,0.3199535473367842,0.21752925653428629,-0.10242429080249793,0.8383006894703524,0.6294483969838075,-0.2088522924865449,8.297711888195984,10.509642688303868,0,0,0,0,0,0,0,0,1,0,0,1
3998850,906d93ec-1150-468e-a605-e0a042e1262c,1,49,48,France Women's,Alice Sombath,Amel Majri,48.7,59.9,53.8,57.6,5.5946403,5.52536074292901,0.8378177188181146,0.5197624614435905,-0.3180552573745241,1.4081930423486513,1.3065870499311811,-0.10160599241747015,2.038142835067908,2.343948275066526,0.3058054399986183,2.770585960029628,5.364746563532613,1,0,2,0,2,3,0,0,1,0,0,1
3998850,cdbbf72d-62d2-4ac0-ae06-e35bfe57a6aa,1,49,51,France Women's,Amel Majri,Melween Ndongala,55.7,56.2,55.5,72.8,16.601204,-6.051481173094885,1.1209535749838566,0.039020116725869275,-1.0819334582579874,1.8634842681908212,0.22683114979646762,-1.6366531183943536,2.772462774720737,0.6866045678814584,-2.0858582068392786,2.210261808338965,11.590313690413772,2,0,2,0,3,0,0,0,0,0,0,0
3998850,0205a3cf-8b97-4fe1-a6f0-23aa4740354b,1,49,54,France Women's,Melween Ndongala,Onema Grace Geyoro,55.7,73.6,68.4,69,13.507405,13.35876050412913,0.18404995229990592,0.9100414187345326,0.7259914664346266,0.48045460944579244,1.2556325544032116,0.7751779449574192,0.9804280738403273,1.8167628975338141,0.8363348236934869,5.451498449334382,0.5788199141240463,0,1,0,1,1,1,0,1,0,0,0,0
3998850,dd73f9d4-b228-4881-b8fe-45339506c06e,1,50,12,France Women's,Amel Majri,Melween Ndongala,82.3,60.8,77.7,70.3,10.555094,-8.9752024297268,1.1829874254743655,0.24125466986188498,-0.9417327556124806,1.9732940880787853,0.6102781867661922,-1.363015901312593,2.961354153244498,1.2656999119877599,-1.6956542412567381,1.8061392319455865,4.716153787861565,2,0,2,1,3,1,0,0,0,0,0,0
3998850,11ad07ee-c04c-4ad3-8cf5-ba058fe8a633,1,50,14,France Women's,Melween Ndongala,Kadidiatou Diani,77.7,71.1,85.8,75.8,9.364828,2.991977951134068,0.430267972731685,0.37427532450988016,-0.05599264822180483,0.7916145253941804,0.8337450977802218,0.04213057238604134,1.3962521452307572,1.4875733165695855,0.09132117133882822,2.780198646355187,4.120779400652778,1,0,1,1,1,2,0,0,0,0,0,0
3998850,d6f4bce7-b42d-427c-a758-f46d413f35af,1,51,13,France Women's,Melween Ndongala,Selma Bacha,77.7,61.3,82.2,74.5,13.945967,-3.816935838544431,0.2099211796058705,0.07396187689659411,-0.1359593027092764,0.4633245380580414,0.25397468022790504,-0.20934985783013638,0.9620461321999606,0.6311807480307664,-0.3308653841691942,4.758381264436559,8.012967411645329,0,0,1,0,1,0,0,0,1,0,0,1
3998850,a0993c37-68f3-435b-a94a-d018d91e4719,2,45,3,France Women's,Alice Sombath,Kadidiatou Diani,43.5,50.6,87.4,63.8,45.841576,36.86753789100985,0.012756998771589737,0.6435252406625492,0.6307682418909595,0.10626400509003105,1.2013777675488027,1.0951137624587717,0.4090952791463983,1.9743043509838802,1.565209071837482,13.84294833160356,3.043114145761428,0,0,0,2,0,2,0,1,1,0,0,1
3998850,ea53154a-464d-4bd8-adf7-1545deeb3c07,2,45,5,France Women's,Kadidiatou Diani,Clara Mateo,87.7,63.6,94.5,57.2,9.338094,9.244548838076774,0.6435249581555241,0.5167282659049098,-0.1267966922506143,1.2013775373626603,1.1246843136101556,-0.07669322375250465,1.9743041236802539,2.061493081472972,0.08718895779271807,3.043118640444444,3.01637730571672,0,0,2,1,2,1,1,0,1,0,0,1
3998850,005d2554-744b-43dd-89c0-3ce9ef9ecc34,2,45,12,France Women's,Alice Sombath,Melween Ndongala,56.6,61.5,72.9,76.1,21.88264,7.603082907438306,0.2362005200020853,0.12714864041452825,-0.10905187958755705,0.5441688690931993,0.40510968523748725,-0.13905918385571203,0.9733566263850857,0.957545765403972,-0.015810860981113728,4.83970105163937,6.56434752890733,0,0,1,0,1,1,0,0,1,0,0,1
3998850,45fd1963-02a8-4ec4-af9a-8eed665c25af,2,45,15,France Women's,Melween Ndongala,Alice Sombath,73.8,76,54.1,69.7,20.682842,-13.71351158653475,0.5998815411263319,0.016773610696852508,-0.5831079304294794,0.9229291239739591,0.13185650268845925,-0.7910726212854998,1.4786100989273498,0.48651801555967644,-0.9920920833676734,1.703899591905527,12.967628272207202,1,0,1,0,1,0,1,0,1,0,0,1
3998850,1afb0f9b-7689-498c-8c30-7cfb1eaa79ce,2,45,18,France Women's,Alice Sombath,Thiniba Samoura,54.8,64.7,46,43.2,23.23123,-4.347352536879313,0.0230234321505955,0.005131423225164578,-0.017892008925430924,0.15043431512471056,0.06062884140124156,-0.089805473723469,0.5141612813090372,0.27068810408836175,-0.2434731772206754,11.783177871354182,17.255987740868278,0,0,0,0,0,0,0,0,1,0,0,1
3998850,3b341b15-5e09-429d-8ae3-7e417cdf8772,2,45,21,France Women's,Thiniba Samoura,Alice Sombath,49.8,45.9,61.1,64.9,22.106335,6.500488868871074,0.013840439491704208,0.06600471573470772,0.05216427624300351,0.10475886838798616,0.24882764540891075,0.14406877702092458,0.3561479192359247,0.6383553918556037,0.28220747261967905,13.955193397537386,8.360139212420831,0,0,0,0,0,0,0,0,1,0,0,1
3998850,2029eadc-5ae8-4bcb-90fe-6dc13c7fc3f1,2,45,34,Wales W,Angharad James,Jessica Fishlock,21.1,27.9,33.8,13.3,19.35071,9.39704160965249,0.9434458667908621,0.16404342710997052,-0.7794024396808915,1.6352221721392064,0.5802089654872632,-1.0550132066519433,2.533937496204614,1.32529740979762,-1.2086400864069942,2.4122703931810143,6.707342559999984,2,0,2,0,2,1,0,0,1,0,0,1
3998850,5b2accba-fb77-4c5e-b13e-7fdc12d68561,2,46,8,France Women's,Alice Sombath,Thiniba Samoura,27.4,68.5,26.1,56.6,11.970798,1.5305660636669671,0.002203339804341809,0.0015288138209053875,-0.0006745259834364217,0.03207917724985859,0.026728768731906168,-0.005350408517952425,0.15330616861725063,0.14186009664186544,-0.011446071975385191,18.975198584286634,20.291279945923765,0,0,0,0,0,0,0,0,1,0,0,1
3998850,3c67f68f-5f06-488d-815a-2195bb0d49b7,2,46,10,France Women's,Thiniba Samoura,Selma Bacha,28.4,46.1,34.4,25.6,21.36001,5.000121731932495,0.0035119860633057286,0.0013202660221134344,-0.0021917200411922942,0.04154861105389817,0.01932398532153453,-0.02222462573236364,0.1829918870656632,0.09320646109477666,-0.08978542597088653,17.31396756056119,19.9006025176779,0,0,0,0,0,0,0,0,1,0,0,1
3998850,de2c3d06-7e1c-4fe8-9557-862802c4c3af,2,46,20,France Women's,Melvine Malard,Selma Bacha,67.2,5.6,55.5,7.2,11.808895,-9.343374047986245,0.34076164514368174,0.06371990419663044,-0.2770417409470513,0.6800041190811035,0.3181039379044342,-0.3619001811766693,1.2244234346045424,0.8730100403016302,-0.3514133943029122,3.5812122614979627,10.313967520340041,0,0,1,0,1,0,0,0,1,0,0,1
3998850,16b82641-92d8-40f6-9a4b-d2a40d343af6,2,46,22,France Women's,Selma Bacha,Thiniba Samoura,54.6,9.2,40.3,25.3,21.533695,-8.754613890752566,0.03707425101646295,0.0047245031481311555,-0.032349747868331793,0.233158674740612,0.06192460804179829,-0.1712340666988137,0.722103479363684,0.3039391464506288,-0.4181643329130552,12.231962138203215,16.776295180830946,0,0,0,0,0,0,0,0,1,0,0,1
3998850,b6d38964-cc46-42e2-b58e-78528de659c4,2,46,24,France Women's,Thiniba Samoura,Alice Sombath,40.4,30.5,45.5,61.1,31.022089,2.7345367608360505,0.008118836068592044,0.006223078596035933,-0.001895757472556111,0.08294479613917533,0.07378698970777321,-0.009157806431402113,0.35815059061255294,0.33759828859253677,-0.020552302020016178,15.088641913425294,16.033294469023154,0,0,0,0,0,0,0,0,1,0,0,1
3998850,910eafee-da7d-49b9-a4dd-597f676ce31a,2,46,28,France Women's,Alice Sombath,Melween Ndongala,52.6,68.3,74.1,78.8,23.926971,12.998276958252347,0.029789817030312152,0.07353933221733669,0.04374951518702454,0.16731236640331684,0.2601646543295503,0.09285228792623348,0.5198721998002062,0.6532565659814064,0.1333843661812002,10.922413167033012,7.989970811414331,0,0,0,0,0,1,0,0,1,0,0,1
3998850,9c718876-51f1-44ae-bed8-606ab2112c4d,2,46,30,France Women's,Melween Ndongala,Onema Grace Geyoro,75.2,78.8,87.4,66.1,17.610508,17.505312376351498,0.11658422954706724,0.6947305011432716,0.5781462715962044,0.3483948400035457,1.2721696548538945,0.9237748148503488,0.8093407252459048,2.09699497290112,1.2876542476552153,6.625710813815487,2.0427740907604877,0,1,0,1,1,2,0,1,1,0,0,1
3998850,93616b58-feb4-4c02-8760-021f56f81aa7,2,46,32,France Women's,Onema Grace Geyoro,Kadidiatou Diani,89.2,69.7,87.4,79.2,9.669023,-8.197280567093962,0.9527181748451925,0.18569108052752115,-0.7670270943176714,1.623657160989957,0.6011885763174711,-1.022468584672486,2.4653017051895305,1.2945877009501732,-1.1707140042393573,2.2035573332638663,7.2067278816616795,1,0,2,0,3,1,0,0,1,0,0,1
3998850,439a0f1b-bbc7-4f3b-b3d7-9ad434d90645,2,46,35,France Women's,Kadidiatou Diani,Melween Ndongala,90.6,79.6,79.7,78.5,10.955364,-6.413965490369769,0.9829185381276982,0.07721869339497243,-0.9056998447327258,1.3442141809973893,0.34669846161192713,-0.9975157193854622,1.924432379171354,0.9568824113781061,-0.9675499677932479,0.5329224122565145,8.647951122013353,1,0,1,0,2,0,1,0,1,0,0,1
3998850,a1dcf4a3-789e-4364-b81d-dec6f8baab11,2,46,37,France Women's,Melween Ndongala,Onema Grace Geyoro,81.3,77.2,84.4,69.7,8.1154175,7.317723205012612,0.1808715452525403,1.0249366824268153,0.8440651371742751,0.5318751122176586,1.691649269152176,1.1597741569345175,1.1925524413923567,2.6125031098662617,1.419950668473905,5.69359240591291,1.3647574326888308,0,1,0,2,1,2,0,1,1,0,0,1
3998850,cd842256-19d2-450f-a4ca-93a6ae311343,2,46,39,France Women's,Onema Grace Geyoro,Sandie Toletti,81.8,67.9,64.5,65.8,17.42699,-13.899871016410032,0.8928190507257858,0.1184251109496628,-0.774393939776123,1.5322024449532934,0.4107116596084748,-1.1214907853448186,2.401066183805389,0.9603140646789873,-1.4407521191264014,1.7796609897698323,7.016566771289123,1,0,2,0,3,1,0,0,1,0,0,1
3998850,f521939b-636b-4027-afb5-53a6c648177a,2,46,42,France Women's,Sandie Toletti,Alice Sombath,63.9,63.6,53.5,64,10.407689,-9.836409827592924,0.1748031914090918,0.023337825432718905,-0.15146536597637292,0.45219611159937717,0.13151634704962328,-0.3206797645497539,0.8996529580241105,0.4077292196688393,-0.4919237383552712,5.481171798927956,11.47566423876708,0,0,0,0,1,0,0,0,1,0,0,1
3998850,0d7a7f32-5b47-42a4-8756-17b4504db492,2,46,45,France Women's,Alice Sombath,Thiniba Samoura,53.4,59.5,46.2,32.4,28.04015,-4.794258510540175,0.021990700670835757,0.003535014874160178,-0.01845568579667558,0.11884163217958414,0.04010910171826658,-0.07873253046131756,0.3252743579651347,0.16593456456112307,-0.15933979340401164,11.71110612631734,17.23783570337682,0,0,0,0,0,0,0,0,1,0,0,1
3998850,11d4ffc1-6817-413e-9f79-b785910f6898,2,46,48,France Women's,Thiniba Samoura,Selma Bacha,49.4,28.2,62.3,6.6,25.158895,4.909618360433768,0.011146390132161458,0.02213124171191394,0.010984851579752482,0.07644099258913171,0.13081216551649713,0.054371172927365416,0.24183407402741827,0.4208968716937956,0.1790627976663773,13.643145480833802,11.746408883337667,0,0,0,0,0,0,0,0,0,0,0,0
3998850,08d72c71-8a8a-44fb-a6f0-4d8e837a09dc,2,46,54,Wales W,Josie Green,Esther Morgan,19.8,63.2,24.3,74.5,12.163059,1.1220086790822563,0.32590116770649874,0.5095151040837924,0.18361393637729367,0.6047362340161861,0.8942229586759665,0.2894867246597803,1.0206037932426717,1.3572211854731144,0.33661739223044274,3.4989641822825335,3.0396881490713215,0,0,1,1,1,2,0,0,1,0,0,1
3998850,9d86f021-7621-4e10-a461-ebb5cc24d2ae,2,46,55,Wales W,Esther Morgan,Rachel Rowe,24.6,74.7,31.3,67.4,9.908582,8.679169856569828,0.5095147787566306,0.24016796210673505,-0.26934681664989557,0.8942226065508726,0.678551796383089,-0.21567081016778356,1.3572208400701156,1.3466048097523817,-0.010616030317733838,3.0396899272111937,5.224065590049467,0,0,1,0,2,1,0,0,0,0,0,0
3998850,4344a9b9-64dd-431d-8e7f-f0264c81d90e,2,47,4,France Women's,Selma Bacha,Melvine Malard,88.3,6.3,99.7,4.7,11.511733,5.545646118800441,0.9082246647090496,0.7409456449079207,-0.16727901980112891,1.2875318579625392,1.2112766432956363,-0.07625521466690288,1.8876528414707356,1.8106520606845597,-0.07700078078617589,0.6680629114149199,2.451016526136432,1,1,1,2,2,2,1,0,1,0,0,1
3998850,210ebfdb-68d1-4dfc-b6c5-ec5eca22563a,2,47,6,France Women's,Melvine Malard,Selma Bacha,101,3.2,94,2.5,7.034913,-4.216221541472812,0.9994309640561966,0.3155356028847988,-0.6838953611713978,1.4311131364114515,0.8047904350617358,-0.6263227013497158,2.0118805783822507,1.5008051888934353,-0.5110753894888154,0.9922213745023495,4.983787110068652,1,0,2,1,2,2,1,0,1,0,0,1
3998850,7965d198-e614-43c5-a820-5727565e5dc4,2,47,9,France Women's,Amel Majri,Melvine Malard,102.1,12.6,115.7,15.2,13.846299,7.5587117018546905,0.7112786916655112,0.2462425011838608,-0.46503619048165035,1.4640394370044922,0.7266476546159444,-0.7373917823885479,2.365458156726071,1.5474103017802705,-0.8180478549458006,3.790909652743393,6.032115330479687,0,0,2,0,3,2,0,0,0,0,0,0
3998850,6da549a6-4417-487d-bd97-a3c8801028e1,2,48,1,Wales W,Ceri Holland,Ffion Morgan,72.5,3,115.1,5.4,42.667553,25.264806114336444,0.46184307915430245,0.16611225473441882,-0.29573082441988363,1.0440028717960643,0.3871013490881787,-0.6569015227078856,1.921940485921326,0.761443783221891,-1.160496702699435,3.4660639148417425,5.4481558538977595,0,0,1,0,2,1,0,0,0,0,0,0
3998850,ae21d7cc-d5e0-4a0b-bf98-e9ace3ef871d,2,48,8,Wales W,Ffion Morgan,Ceri Holland,114.8,7,101.8,16.8,16.280048,3.9202385915492,0.49117441052432204,0.5288239939518342,0.03764958342751218,0.7158661558589574,1.0876359865035896,0.3717698306446322,1.0833971536208877,2.001852762198004,0.9184556085771161,2.167229465822813,2.606782052097049,1,1,1,1,1,1,1,0,0,0,0,0
3998850,1d20f4e1-aeae-488e-8ea0-2895863732c0,2,48,12,France Women's,Alice Sombath,Clara Mateo,11.6,62.6,31.8,67.4,20.762466,18.37284573245455,0.44419180403609193,0.6532885232649288,0.20909671922883688,0.8663374780186572,1.1711975219295294,0.3048600439108722,1.4417432032287705,1.871365749974987,0.42962254674621647,3.2288017752580966,2.2181204009762028,0,1,1,1,2,2,0,0,1,0,0,1
3998850,54485ed9-6523-406a-ae0b-20bc6062c567,2,48,14,France Women's,Clara Mateo,Kadidiatou Diani,30.3,67.9,24.9,76.9,10.495713,-8.06913099625875,0.8506354703710773,0.06357561754335804,-0.7870598528277193,1.4454918012874673,0.3258931247661125,-1.1195986765213548,2.233383298119993,0.9020295181714751,-1.3313537799485178,1.495827208818993,10.18188237960542,1,0,1,0,2,0,1,0,1,0,0,1
3998850,8173d0b1-485f-47d0-a8af-979e4c84bd70,2,48,18,France Women's,Kadidiatou Diani,Amel Majri,29.4,73.5,38,67.4,10.543718,10.138388328604819,0.11180146268630035,0.3505504693266147,0.23874900664031434,0.42807740288922885,0.9590564197541163,0.5309790168648874,1.0589529870041146,1.8602138434642885,0.801260856460174,7.355998477312679,5.393569293074698,0,0,0,0,1,2,0,0,1,0,0,1
3998850,525c0b8a-950f-4729-9fdd-4e9343cffa6f,2,49,32,France Women's,Amel Majri,Clara Mateo,2.7,68.8,18.3,74.9,16.750223,13.262189409179953,1.067375463757973,0.7739458228497753,-0.2934296409081978,1.4816201936323656,1.4196378484368912,-0.06198234519547441,2.093014948520595,2.2382230983281475,0.14520814980755237,0.4723184389396395,2.641291711550333,1,1,1,2,2,2,1,1,1,0,0,1
3998850,b86c1ce2-0c7a-4d2d-86c9-ec1ec59fda63,2,49,34,France Women's,Clara Mateo,Melween Ndongala,18.3,74.9,28.1,62,16.200308,13.025012035815351,0.7739458228497753,0.9687937461807771,0.19484792333100176,1.4196378484368912,1.520560339695319,0.10092249125842767,2.2382230983281475,2.41008602074689,0.17186292241874268,2.641291711550333,0.6495337610641768,1,1,2,1,2,1,1,1,1,0,0,1
3998850,6c6973a6-140f-47c1-b2ad-3a98f8c9c448,2,49,36,France Women's,Melween Ndongala,Kadidiatou Diani,27.7,60.9,39,54,13.24009,12.435700422199972,0.9687933637932459,0.20253479794597085,-0.766258565847275,1.5205600781561268,0.6628493733698866,-0.8577107047862402,2.410085853168175,1.474765370414084,-0.9353204827540909,0.6495351366995792,7.071470346994604,1,0,1,0,1,2,1,0,1,0,0,1
3998850,9dc4de27-e041-443c-a323-3c7f3f34de3e,2,49,39,France Women's,Kadidiatou Diani,Clara Mateo,48.3,64.1,64.8,77.6,21.319006,8.852698907717539,0.566005410778437,0.15056376361518478,-0.41544164716325227,1.3346364866897242,0.5404310875871109,-0.7942053991026133,2.4313728773213144,1.2813723301960898,-1.1500005471252246,3.779924697137764,7.126972940531562,0,0,1,0,2,1,0,0,0,0,0,0
3998850,9df2935d-3f9d-4035-b2d3-3c4e3a57f504,2,50,7,France Women's,Onema Grace Geyoro,Selma Bacha,64.1,28.5,54.1,21.4,12.264175,-11.40393586854912,1.1793572427968224,0.05845871569119084,-1.1208985271056315,1.8380909808132873,0.30361201584814346,-1.5344789649651438,2.6893163266253546,0.8345736759067678,-1.854742650718587,0.858162303822314,10.44283351936279,1,0,2,0,3,0,1,0,1,0,0,1
3998850,1121927a-3f4d-4258-ad42-5493e9e42bbc,2,50,12,France Women's,Selma Bacha,Sandie Toletti,55.2,21.7,60.2,26.4,6.8622155,6.0074712610339205,0.058990973293146634,0.3132088325466445,0.2542178592534979,0.3036833808291631,0.8287394210582457,0.5250560402290827,0.8280629555407358,1.5760861634702268,0.748023207929491,11.115830449480884,5.228821310015787,0,0,0,0,0,2,0,0,1,0,0,1
3998850,c86c18d1-fdf5-46fd-80d8-f9f30d8bd804,2,50,17,France Women's,Sandie Toletti,Selma Bacha,67.9,19.6,75.8,7,14.871785,0.791366322969715,0.245918956547508,0.14509548574672043,-0.10082347080078757,0.6987550404398113,0.47942549853257976,-0.21932954190723153,1.4831340103639412,1.0603774329275584,-0.42275657743638284,5.498658527961621,6.930706310864224,0,0,0,0,1,1,0,0,1,0,0,1
3998850,1676ca2b-58e3-48d4-b3fa-327e9551e3a0,2,50,23,France Women's,Selma Bacha,Thiniba Samoura,68.2,5.4,39.7,18.9,31.535694,-20.733042840230198,0.18093621006305108,0.0026083098090622526,-0.1783279002539888,0.42169281694230754,0.031132321558315742,-0.3905604953839918,0.8136644750513159,0.1439895709811666,-0.6696749040701493,5.248984915330096,17.90610040504581,0,0,0,0,1,0,0,0,1,0,0,1
3998850,20cf3e01-2547-4845-b802-fbd902495037,2,50,29,France Women's,Thiniba Samoura,Alice Sombath,26.7,31.6,39,53.8,25.379717,11.51022514813502,0.00024829366568236103,0.004662217742096806,0.004413924076414445,0.00834331153457048,0.05442902459796761,0.046085713063397135,0.06293651298147462,0.22881432719011463,0.16587781420864,25.323072084232326,17.230357095368085,0,0,0,0,0,0,0,0,1,0,0,1
3998850,78cf8da6-6ac5-41da-8865-c571272b8e5f,2,50,41,France Women's,Selma Bacha,Melvine Malard,92.2,5.6,99.7,3.4,7.816009,2.3762318429922047,0.20667448000696043,0.14771480712022678,-0.05895967288673365,0.6297197952722984,0.47441697907320074,-0.15530281619909764,1.3278394375089138,1.053761697197377,-0.27407774031153687,6.446191388951676,7.15428979570599,0,0,0,0,1,1,0,0,0,0,0,0
3998850,53fea37e-b0e3-41fd-91e0-87a1f55ff371,2,50,43,France Women's,Melvine Malard,Amel Majri,97.9,4.3,100.7,12.6,8.759566,8.47198067003901,0.7564439974987319,1.0549584430316807,0.2985144455329488,1.1783726638911756,1.6403913769420906,0.462018713050915,1.7657164655563777,2.4913106130724616,0.7255941475160839,1.611447830701549,0.8259113067673726,1,1,1,2,2,2,0,0,0,0,0,0
3998850,562df9de-d748-4293-8a47-9f02b0aeb117,2,51,0,France Women's,Amel Majri,Thiniba Samoura,96.9,12.9,79.5,8.3,17.997778,-15.82165609294043,0.5207039522856106,0.009298736378022717,-0.5114052159075879,1.0761463191940308,0.09929070567798397,-0.9768556135160469,1.972251426692086,0.45012533503294877,-1.5221260916591373,2.7258056020007473,16.18595287446403,1,0,1,0,1,0,0,0,1,0,0,1
3998850,9b376f94-6059-4fca-a0e0-5e4779db82f7,2,51,3,France Women's,Thiniba Samoura,Amel Majri,80.7,12.6,93.5,19.7,14.637281,14.527035933955062,0.06394436787337647,1.2580914077618195,1.194147039888443,0.30468000581498034,2.007779407593944,1.7030994017789638,0.8770357267035401,3.0514236221427615,2.1743878954392213,9.28862292648837,0.8034692125249462,0,1,0,2,0,3,0,1,1,0,0,1
3998850,1941632d-8693-47a7-95bb-2ed5d6ac2291,2,51,6,France Women's,Amel Majri,Sandie Toletti,90.4,19.4,78.4,17.8,12.106196,-11.090219507898738,0.8801618697629424,0.046570993504792435,-0.83359087625815,1.4975857908704693,0.2866961413521742,-1.210889649518295,2.4315624702363023,0.9236544450676705,-1.5079080251686319,1.2681247851523936,11.613956314209656,1,0,1,0,3,0,0,0,1,0,0,1
3998850,c59898de-e0d9-4016-9a2a-ec7674d7f6b2,2,51,8,France Women's,Sandie Toletti,Kadidiatou Diani,79.5,19.2,95.3,25.8,17.123083,17.038126013723282,0.12231549465177242,0.788276785636563,0.6659612909847906,0.4882702382875388,1.6831262064826664,1.1948559681951276,1.2654948401057868,2.934509728641185,1.6690148885353981,7.6471662430822445,2.863555634247474,0,1,0,2,1,3,0,0,1,0,0,1
3998850,a41dcc8b-9d34-4396-bb56-b8a263a82374,2,51,9,France Women's,Kadidiatou Diani,Amel Majri,95.3,25.8,98.7,19.6,7.071068,-1.0023438273399279,0.788276785636563,0.8271583727249937,0.0388815870884307,1.6831262064826664,1.6107215007290017,-0.07240470575366476,2.934509728641185,2.662940569189578,-0.271569159451607,2.863555634247474,2.5779345115687766,1,1,2,1,3,4,0,0,1,0,0,1
3998850,c2383dba-1d24-4231-8f68-523cb8e7b9eb,2,51,14,France Women's,Amel Majri,Sandie Toletti,106.8,9.7,94,12.9,13.193938,-4.505009672857284,0.7335775553978559,0.11078729046420598,-0.6227902649336499,1.147854104047933,0.399569871464624,-0.748284232583309,1.6566940134127273,0.9518110803509914,-0.7048829330617359,2.970201907132782,7.550839036552743,1,0,2,0,2,1,0,0,1,0,0,1
3998850,72aec2bb-2b82-4877-b2c8-f07127d4c847,2,51,16,France Women's,Sandie Toletti,Selma Bacha,93,12.7,98.7,8.1,7.324616,0.038955617960930056,0.33535675127967857,0.18051097247510017,-0.1548457788045784,0.7427721924148107,0.5285905854508152,-0.21418160696399557,1.4330683120493994,1.1412443440095126,-0.29182396803988686,3.7421070693180907,6.06896398752209,0,0,1,0,1,1,0,0,1,0,0,1
3998850,688bb6c7-2e1b-4b81-86d5-0017e77b5272,2,51,18,France Women's,Selma Bacha,Kadidiatou Diani,105.7,10.8,105.1,19.4,8.620905,7.089727902876771,0.8667635420944431,0.9254159629609526,0.05865242086650957,1.303443323648937,1.6359983949381216,0.3325550712891847,1.9441897545185933,2.6322791472688536,0.6880893927502603,1.2144349706782902,1.8894815763401283,1,1,1,2,2,3,1,0,1,0,0,1
3998850,302b9b64-6e6c-44b9-ab97-699ed2524f44,2,51,22,Wales W,Ffion Morgan,Safia Middleton-Patel,21.8,53.6,5.3,47.1,17.734148,-15.782258509760652,1.1648071879567847,0.2225776509246904,-0.9422295370320943,1.8206031274432446,0.6024520081134181,-1.2181511193298264,2.6104514189169135,1.2521869111891872,-1.3582645077277262,0.8905755520052613,5.174188823351977,1,0,1,0,3,1,0,1,1,0,0,1
3998850,a102d6ed-b394-40b6-a7a2-1afb06e532fd,2,51,31,France Women's,Pauline Peyraud Magnin,Alice Sombath,36.2,67.8,45.3,68.6,9.1350975,8.303071310015895,0.0003601739004127476,0.00394461284429764,0.0035844389438848922,0.010996948221624659,0.04802022478768536,0.037023276566060706,0.08288767081432487,0.2121617073463244,0.12927403653199954,24.16546144117613,17.16404052285755,0,0,0,0,0,0,0,0,1,0,0,1
3998850,c12b040a-8d02-410d-98fa-1fcde165c9ac,2,51,33,France Women's,Alice Sombath,Thiniba Samoura,45.3,64.5,43.9,41.6,22.942755,2.498320375944715,0.00624629267499002,0.005827508160370235,-0.0004187845146197853,0.06835736303663709,0.06174445597012906,-0.0066129070665080295,0.29249345449999353,0.2582006190781261,-0.03429283542186745,15.823877473217687,16.15712123385978,0,0,0,0,0,0,0,0,1,0,0,1
3998850,26d709f3-12f7-43eb-ac84-6a484ab597e0,2,51,38,France Women's,Thiniba Samoura,Alice Sombath,46.2,41,48.5,59.3,18.44397,-0.25225575265923794,0.013830609861834297,0.00842938359829166,-0.005401226263542638,0.11227401221820256,0.08249396539538843,-0.029780046822814127,0.4083339952151736,0.34049340025831626,-0.06784059495685735,14.009727605793778,14.938936028472346,0,0,0,0,0,0,0,0,1,0,0,1
3998850,d5d2101a-f67c-4ba3-90e6-4ba24398bf36,2,51,41,France Women's,Alice Sombath,Melween Ndongala,51.8,64.4,68.7,77.8,21.5678,8.711129607540322,0.023405381767727485,0.04694248119431459,0.023537099426587108,0.14584439970822283,0.20830636617399867,0.06246196646577584,0.4872945056391877,0.5979453321034527,0.110650826464265,11.651180128606706,9.433357536894402,0,0,0,0,0,0,0,0,0,0,0,0
3998850,baacf063-7eba-4922-959f-356a673a3343,2,51,59,Wales W,Safia Middleton-Patel,Esther Morgan,10.8,44.6,14.4,62.7,18.454538,1.2845756825224441,0.0053590048752622,0.035444368083233625,0.030085363207971425,0.062063697420764494,0.17325066508124937,0.11118696766048487,0.25794441303139387,0.45552121569516857,0.1975768026637747,16.654824091104537,10.627259395893425,0,0,0,0,0,0,0,0,0,0,0,0
3998850,09ea7fdb-9ec7-431b-b121-cf6ad7211c9c,2,52,1,Wales W,Esther Morgan,Safia Middleton-Patel,14.4,63.1,8.7,48.7,15.487091,-3.5424693979803834,0.03544435863660647,0.046379822121794145,0.010935463485187674,0.17325063311823022,0.2086787079691111,0.03542807485088087,0.45552115627699585,0.529486247812202,0.07396509153520614,10.62726003947994,9.707171022296677,0,0,0,0,0,0,0,0,0,0,0,0
3998850,9e334bdf-c367-4598-be60-ef2f0daaf689,2,52,7,France Women's,Clara Mateo,Amel Majri,115.5,25.3,104.3,28.9,11.764353,-3.8542307812720384,0.581687673110151,0.36293290522953603,-0.218754767880615,1.1037754813680918,0.9740889601486555,-0.12968652121943625,1.732315968836577,1.8548756055272126,0.12255963669063563,3.1040735379715234,5.289481724901851,0,0,1,0,3,2,1,0,0,1,1,1
3998850,68fad59a-fbef-4dca-9d06-279d7271afe9,2,53,43,France Women's,Alice Sombath,Sandie Toletti,11.5,50.9,26.1,46.8,15.164762,14.900239610057795,0.000003881518898271925,0.0011408170987149311,0.0011369355798166593,0.0006170199674670552,0.02274544106075325,0.022128421093286197,0.01151944413168946,0.12958957779044025,0.1180701336587508,37.4455454150563,21.29501879207706,0,0,0,0,0,0,0,0,1,0,0,1
3998850,8c3218d8-5ab5-4dc7-9f3c-d7e9e63272b2,2,53,46,France Women's,Sandie Toletti,Onema Grace Geyoro,32.1,45,39.9,38.4,10.217632,7.926113774672572,0.0026797283173664254,0.018280063431563024,0.015600335114196598,0.039002739969235756,0.12591130408654222,0.08690856411730646,0.18502542809561537,0.3905464093164465,0.20552098122083115,19.0107749807304,13.419576054551964,0,0,0,0,0,0,0,0,1,0,0,1
3998850,beb380da-4e37-4ea8-b849-3f747486f58b,2,53,50,France Women's,Onema Grace Geyoro,Amel Majri,42.4,36.1,54.9,26.7,15.640013,11.253226910181638,0.025016540045153635,0.2871819881008386,0.262165448055685,0.18144266966525874,0.7631632183172872,0.5817205486520285,0.6125157014527406,1.4393448736775631,0.8268291722248226,13.154515742234357,5.5785866471539025,0,0,0,0,0,2,0,0,1,0,0,1
3998850,09bd33b1-001a-4217-a501-e132d3f1a4bd,2,53,51,France Women's,Amel Majri,Selma Bacha,54.9,26.7,51.4,5.8,21.191036,-10.207748591819765,0.2871819881008386,0.008969052088418507,-0.2782129360124201,0.7631632183172872,0.08408346943702749,-0.6790797488802597,1.4393448736775631,0.3340003328171767,-1.1053445408603864,5.5785866471539025,15.042232204859198,0,0,0,0,2,0,0,0,1,0,0,1
3998850,00e351e4-39aa-4155-bc16-db5e9cac0195,2,53,53,France Women's,Selma Bacha,Thiniba Samoura,51.9,5.8,43.5,23,19.141579,-2.160813111706318,0.008969052088418507,0.004200927611636223,-0.004768124476782284,0.08408346943702749,0.061919252477198115,-0.022164216959829376,0.3340003328171767,0.3172334635395612,-0.016766869277615504,15.042232204859198,17.576049168609863,0,0,0,0,0,0,0,0,1,0,0,1
3998850,75be33c0-25b1-4248-bdcd-af6fa0e4cf6b,2,53,58,France Women's,Thiniba Samoura,Alice Sombath,46.4,28.9,48.5,53.8,24.988398,1.6127467045165673,0.010224283777657467,0.0226583183803676,0.012434034602710132,0.10003483809354165,0.15556440962982535,0.0555295715362837,0.43097705140788983,0.5448082566868212,0.11383120527893137,14.443574143474434,12.095838859691913,0,0,0,0,0,0,0,0,1,0,0,1
3998850,8992bc0f-9ec8-4df6-8e80-e8db40ab92a0,2,54,2,France Women's,Alice Sombath,Thiniba Samoura,51,52.3,51.6,31.9,20.408821,1.2097952288520162,0.061510362630711114,0.020818495536266426,-0.04069186709444469,0.2548870479788338,0.1357329397700712,-0.11915410820876263,0.7025795378848159,0.47780886158395863,-0.22477067630085723,8.687012619310089,12.044855948250037,0,0,0,0,0,0,0,0,1,0,0,1
3998850,01cf5b20-9163-496a-80ba-89597d486097,2,54,6,France Women's,Thiniba Samoura,Selma Bacha,64.1,23.1,80.2,4.3,24.751768,4.933579016305572,0.13390858707343534,0.09647870673463114,-0.03742988033880419,0.4502131763223984,0.3525318076680809,-0.09768136865431748,1.0867232668295213,0.8821469666923842,-0.204576300137137,6.707095664673911,7.567214952273186,0,0,0,0,1,1,0,0,0,0,0,0
3998850,2638fac3-7b99-4e40-82ad-cea06dc62c65,2,54,8,France Women's,Selma Bacha,Amel Majri,80.2,4.3,91.5,23,21.849028,20.280135329166328,0.09647870673463114,0.5345945714674042,0.43811586473277303,0.3525318076680809,1.1992564837047903,0.8467246760367094,0.8821469666923842,2.1824645576356123,1.300317590943228,7.567214952273186,3.2940857500450664,0,0,0,1,1,2,0,0,0,0,0,0
3998850,78140b5a-0b91-4821-abd6-fd4234809fd2,2,54,24,France Women's,Alice Sombath,Thiniba Samoura,57.3,36.6,61.4,15.2,21.789217,-0.8396357400532679,0.03514795618031509,0.020995648183191686,-0.014152307997123404,0.19850156441301847,0.12103752266999847,-0.07746404174302,0.6073879253289362,0.3932459866974897,-0.21414193863144643,11.162400393968287,11.768989614345726,0,0,0,0,0,0,0,0,1,0,0,1
3998850,7ec5a3bb-90f0-4950-b500-fe2f9a8c67b8,2,54,26,France Women's,Thiniba Samoura,Sandie Toletti,61.8,13.5,69.1,7.6,9.38616,3.6119842404386873,0.025163777361703284,0.023151239103329963,-0.0020125382583733205,0.1331803877388175,0.12495653648234936,-0.008223851256468129,0.4122158148183624,0.38782925406748553,-0.024386560750876862,11.202935913147986,11.457367473914752,0,0,0,0,0,0,0,0,1,0,0,1
3998850,1e893a3f-acd6-4655-8853-1253c97d5492,2,54,29,France Women's,Sandie Toletti,Selma Bacha,72.1,7.2,89.3,2.9,17.729355,9.898896100022924,0.29209697237301807,0.05942646452594914,-0.23267050784706894,0.6165519439135477,0.28851467103825146,-0.32803727287529627,1.1804007351329313,0.8191620650895467,-0.3612386700433846,3.931112191110917,9.313167272687913,0,0,1,0,1,0,0,0,0,0,0,0
3998850,1e20618b-0c56-4606-aa23-7898eeadb4ae,2,54,54,Wales W,Jessica Fishlock,Ffion Morgan,64.3,67.6,95,72.3,31.057688,21.31838604439659,1.4727540350244583,0.861949801711687,-0.6108042333127713,2.015837677054871,1.0386577672497455,-0.9771799098051257,2.596102879674531,1.3271547657036449,-1.2689481139708862,1.4890814574345361,0.5572904355603753,2,1,3,1,3,1,1,1,0,0,0,0
3998850,57201d09-1b23-4c71-96e3-5faec7b5fa6b,2,55,55,Wales W,Josie Green,Lily Woodham,74.6,65.7,63.7,39.4,28.469282,-4.133761571031904,0.4621814657401399,0.19929885046527457,-0.26288261527486534,0.6807909753317523,0.47652343919418133,-0.20426753613757093,1.0384431841946726,0.9302453339303317,-0.10819785026434092,2.3383692419971984,5.074306595104963,1,0,1,0,1,1,1,0,0,0,0,0
3998850,55c7e8e0-b159-40c4-90eb-94a7e82379f4,2,56,12,France Women's,Thiniba Samoura,Pauline Peyraud Magnin,16.5,16.9,13.4,34.4,17.772451,-0.7004913548936855,0.0005071959616832183,0.00026364113081784853,-0.00024355483086536977,0.012805661520230736,0.009019853031023905,-0.003785808489206831,0.08225498657349876,0.06731987130109837,-0.014935115272400393,23.17937813591203,25.4843962702497,0,0,0,0,0,0,0,0,1,0,0,1
3998850,5f6f1107-7fb0-4efd-9b78-a320fb355926,2,56,15,France Women's,Pauline Peyraud Magnin,Alice Sombath,13.6,36.9,23.1,56.1,21.421719,8.21674289836649,0.0002017077920794118,0.0007772390221176532,0.0005755312300382414,0.00772253648706436,0.015342790256177546,0.007620253769113187,0.061225924117074754,0.08815346384757755,0.026927539730502797,26.353050718439963,21.612668850415282,0,0,0,0,0,0,0,0,1,0,0,1
3998850,df7c7ae7-36d6-4c44-a80e-8d93c43ba9ac,2,56,17,France Women's,Alice Sombath,Sandie Toletti,25,55.8,35.6,45,15.132746,11.75695782928166,0.0010474913626840187,0.014443952080608755,0.013396460717924736,0.01933851234644936,0.10284841063150721,0.08350989828505785,0.105194030537824,0.31194027087472365,0.20674624033689964,20.888040884155448,14.064658303380998,0,0,0,0,0,0,0,0,1,0,0,1
3998850,44df7ed1-ff73-4453-8656-5a2e88014670,2,56,21,France Women's,Sandie Toletti,Thiniba Samoura,44.8,44.1,48.5,23,21.421951,1.8184887161720553,0.05797748400603624,0.01139434146526478,-0.046583142540771456,0.27973151611919606,0.10852765035962439,-0.17120386575957167,0.7837128924416905,0.4392710146433178,-0.3444418777983727,9.763368318030809,14.367352908466396,0,0,0,0,0,0,0,0,1,0,0,1
3998850,66944531-3a6e-4508-a079-9f22f6bac8ae,2,56,25,France Women's,Thiniba Samoura,Melvine Malard,55.5,20.4,80,3.2,29.934763,13.059318440132003,0.08656529053515609,0.2129282594035627,0.1263629688684066,0.3336259196597994,0.5121758720167685,0.17854995235696913,0.8853103553475924,1.0189415201590173,0.1336311648114249,7.77598302796382,5.008285527045764,0,0,0,0,1,1,0,0,0,0,0,0
3998850,f9a864bf-d0d7-4103-a877-04e9419ab68e,2,56,55,France Women's,Thiniba Samoura,Pauline Peyraud Magnin,20.9,12,4.6,28,22.840534,-13.042581061993957,0.1989318115452042,0.005394986087127764,-0.19353682545807643,0.3859945114892634,0.05249572890899962,-0.3334987825802638,0.5895613827463473,0.19790704908510542,-0.39165433366124186,4.848028170419976,16.043530367827884,0,0,1,0,1,0,0,0,1,0,0,1
3998850,77338bda-e9b8-40dc-930f-ac49ab8f2fde,2,56,58,France Women's,Pauline Peyraud Magnin,Thiniba Samoura,6,25.5,14.3,11.5,16.275442,5.443612054113871,0.11465799306174222,0.035263190077874054,-0.07939480298386817,0.2930705861908553,0.18186824757165151,-0.11120233861920378,0.5492091870510871,0.48636052261978735,-0.06284866443129977,6.540554619196172,10.951389347734551,0,0,0,0,1,0,1,0,1,0,0,1
3998850,98721217-78ab-44f2-b42b-45580ae318b9,2,57,1,France Women's,Thiniba Samoura,Selma Bacha,13.9,10.8,26.7,3.2,14.886235,9.749549376420177,0.4634579335255174,0.17447145525295304,-0.28898647827256435,0.7400963283836784,0.4454736670822487,-0.2946226613014297,1.1193729774034373,0.8607926596760116,-0.25858031772742573,2.440641282832539,5.5766556653998,1,0,1,0,1,1,1,0,1,0,0,1
3998850,2d0248c0-9d46-43dd-ba13-6392b57dd37c,2,57,4,France Women's,Selma Bacha,Melvine Malard,26.5,2.7,41,3.4,14.516887,13.599074210255026,0.7711183754503487,0.6838599967831794,-0.08725837866716923,1.0090630985905396,1.0455521459398132,0.03648904734927361,1.3558761458885393,1.5624021647198105,0.2065260188312712,0.935640165741734,1.5792061127475938,1,1,1,1,1,2,1,1,0,0,0,0
3998850,2a9331b7-e42f-46e6-b3c5-39c58f3a8b8b,2,58,22,France Women's,Sandie Toletti,Amel Majri,34.4,41.4,56.6,39.3,22.299103,22.207583597085545,0.012555072750497122,1.0180235531115136,1.0054684803610165,0.1167729554892011,1.5704706316228236,1.4536976761336224,0.45942859542502873,2.3210303839476545,1.8616017885226257,14.580938233279118,0.7867976516659657,0,1,0,1,0,3,0,0,1,0,0,1
3998850,fd07ead1-925c-4164-937c-5261f5f61417,2,58,23,France Women's,Amel Majri,Clara Mateo,56.8,39.3,68.7,36.9,12.139605,11.810297097874269,1.0180235599915342,0.4325166784176622,-0.585506881573872,1.5704706589783834,1.0516289761957116,-0.5188416827826718,2.321030419227914,2.023362108944255,-0.29766831028365903,0.7867977049707396,3.8329100045557607,1,0,1,1,3,2,0,0,1,0,0,1
3998850,5c555dce-6ad3-46ec-b8ed-338c21c6153c,2,58,26,France Women's,Clara Mateo,Selma Bacha,61.8,24.9,54.5,13.3,13.705838,-10.605928753924331,0.35823961445496905,0.040174702095523186,-0.31806491235944584,0.9028408247174868,0.21864602494372548,-0.6841947997737614,1.812836563503175,0.6850665214200458,-1.1277700420831291,4.552288563023973,10.835060177321855,0,0,1,0,2,0,0,0,0,0,0,0
3998850,b0243699-2bd1-4ddf-9ba7-821e95759a14,2,58,29,France Women's,Selma Bacha,Amel Majri,59.8,14.4,77.6,22.4,19.515121,19.509389587366485,0.056914242267565904,0.9295830812082871,0.8726688389407212,0.2756546407242508,1.643616865653196,1.3679622249289451,0.7999555949959615,2.695308248592931,1.8953526535969694,9.749416347212877,1.4199495843855505,0,1,0,2,0,2,0,0,0,0,0,0
3998850,eeb813f2-a9b4-414d-af93-a904be68448d,2,59,0,Wales W,Lily Woodham,Josie Green,64.6,24.2,53.9,39.6,18.752333,-8.492183205946645,1.0858336887850173,0.15812104938351504,-0.9277126394015023,1.7473452318172495,0.5810210840426062,-1.1663241477746433,2.5843088038739133,1.3210886240434967,-1.2632201798304166,1.209396687752693,7.466430423029977,1,0,2,0,3,1,1,0,1,0,0,1
3998850,8dc7199c-9618-4a8e-bd7f-c9a16a68fbb5,2,59,13,Wales W,Lily Woodham,Safia Middleton-Patel,65.9,13.6,18.4,22.2,48.272247,-42.94970981625151,0.6496481210027613,0.0027772343543067926,-0.6468708866484545,1.1387029311814776,0.029252805077323904,-1.1094501261041536,1.8341862733614922,0.10999037894631519,-1.724195894415177,2.02482127560803,17.6588990491147,1,0,1,0,2,0,0,0,1,0,0,1
3998850,92fb24c8-57e7-4fb4-9871-c33d6b320723,2,59,18,Wales W,Safia Middleton-Patel,Josie Green,17.3,25.4,27.3,47.1,23.893305,10.761087890781326,0.04651187379503677,0.07181783243763168,0.02530595864259491,0.16026786431120915,0.23236822987976588,0.07210036556855673,0.3344996401800179,0.5074057645245997,0.17290612434458186,9.205596621322481,7.994092993334273,0,0,0,0,0,1,1,0,1,0,0,1
3998850,490289b0-1433-44ec-851d-ac67738325e2,2,59,59,France Women's,Kadidiatou Diani,Onema Grace Geyoro,117.3,75.6,111.2,71.2,7.521303,3.2849614830644995,0.6618871642427993,1.3522073377740123,0.690320173531213,1.149479904523344,1.932099291366597,0.7826193868432532,1.7977497743649602,2.67402875888131,0.8762789845163499,2.7588787450009287,1.0056016641972423,1,1,2,3,2,3,0,1,0,0,0,0
3998850,938d1886-1440-4fbd-a7c5-7572846b710b,2,60,2,Wales W,Ceri Holland,Ffion Morgan,16,11.3,32,26.5,22.068983,18.857905504069777,0.42157354726378404,0.4714341771297527,0.049860629865968675,0.9041797610217743,0.9414170329393103,0.03723727191753601,1.6521570505603491,1.7033361497230082,0.05117909916265906,3.1906267293636335,2.8092849615622835,0,1,1,1,1,1,0,0,1,0,0,1
3998850,1909a686-a3cc-4adf-b26c-0465d3a27399,2,60,8,Wales W,Ffion Morgan,Kayleigh Anne Marie Barton,46.3,36.9,67.6,63.6,34.155235,16.295871781549607,0.7233820547944175,0.07505482055786708,-0.6483272342365505,1.3590329952825098,0.29162115156727536,-1.0674118437152345,2.224649910766444,0.7352029601712669,-1.489446950595177,2.6102578631157667,8.20015202666212,1,0,1,0,3,0,0,0,1,0,0,1
3998850,1cdf8762-4678-4e31-b15b-a63293679a86,2,60,16,Wales W,Kayleigh Anne Marie Barton,Josie Green,81.6,74.2,61.4,65.6,21.954498,-12.526005938455498,0.7022382616822438,0.8030326859898632,0.10079442430761942,1.0986374549293683,0.9665731860838659,-0.13206426884550237,1.6506138484938646,1.3160524553709998,-0.3345613931228648,1.6874491568859324,0.6942785677093285,1,1,1,1,2,1,0,1,1,0,0,1
3998850,d077e4eb-e380-42e1-b059-94d4a1c05343,2,60,18,Wales W,Josie Green,Esther Morgan,61.9,65.2,65.9,76.7,12.175796,-2.0438491709245596,0.8030325692984686,0.14793935820230597,-0.6550932110961626,0.9665731091627168,0.4503795508001781,-0.5161935583625387,1.3160523971001163,0.9274208514357384,-0.38863154566437796,0.6942790100366758,7.296362255344736,1,0,1,0,1,1,1,0,1,0,0,1
3998850,da90b360-9fbd-40c2-815d-5b6ee1a9631a,2,60,20,Wales W,Esther Morgan,Gemma Evans,65.9,76.7,52.1,41,38.274403,-2.5338213222399872,0.4941759988368632,0.009358113117773134,-0.48481788571909007,0.8924661122368724,0.10336519720711557,-0.7891009150297569,1.4028392277474266,0.4408932532534298,-0.9619459744939969,2.956165117599897,15.984775011492081,1,0,1,0,2,0,0,0,1,0,0,1
3998850,cfbfcb64-14d2-4235-992d-787e4770d84e,2,60,25,Wales W,Gemma Evans,Josie Green,52.1,37.1,47.7,56,19.40541,-6.087339282512033,0.06318167047988767,0.02201387560961732,-0.04116779487027035,0.2805467248468561,0.14959103537939372,-0.1309556894674624,0.7666113565965459,0.5000447447865647,-0.2665666118099812,8.856216302003737,13.19493777707214,0,0,0,0,0,0,0,0,1,0,0,1
3998850,21e0863b-7d5f-4e60-a362-af36b106f4a1,2,60,30,Wales W,Josie Green,Esther Morgan,48.4,53.9,50.1,73.1,19.275114,-4.404180110806735,0.1080619689157945,0.048218941601855095,-0.05984302731393941,0.4198514686341594,0.1946692584358436,-0.2251822101983158,0.9941064917689386,0.5016818210844104,-0.4924246706845282,8.00955061284878,9.279007454481155,0,0,0,0,0,0,0,0,1,0,0,1
3998850,49afca3d-1fbf-4ca1-9fa5-67e839ba68dc,2,60,47,France Women's,Thiniba Samoura,Alice Sombath,21.5,24.8,26.3,56.5,32.061348,4.52420803930076,0.00005975959421235423,0.00010506048015231203,0.000045300885939957806,0.0029231061313279402,0.004355499702937331,0.001432393571609391,0.02607071037135934,0.03813714416491229,0.01206643379355295,29.175542422354052,27.51805545041929,0,0,0,0,0,0,0,0,1,0,0,1
3998850,54260e39-72dd-41f4-952c-ca8a47f3f197,2,60,50,France Women's,Alice Sombath,Sandie Toletti,29,54.5,38.3,33.1,23.333452,10.157125668298974,0.0004422153190781782,0.00977932075681838,0.009337105437740202,0.015338825463630615,0.08345168980936331,0.06811286434573269,0.11642746742487657,0.31426495371856844,0.19783748629369186,25.747230429503645,14.327843736256579,0,0,0,0,0,0,0,0,1,0,0,1
3998850,845efc65-ae17-469a-8820-2f1ed6c9cad1,2,60,55,France Women's,Sandie Toletti,Selma Bacha,49.4,28,51.9,10,18.172781,-2.8025507022312297,0.24361907390242354,0.006759974283950515,-0.23685909961847304,0.5455480437570485,0.07473216075515829,-0.47081588300189015,1.0707647636068947,0.32795936613407756,-0.742805397472817,4.414073196683063,16.184306922684257,0,0,1,0,1,0,0,0,1,0,0,1
3998850,8c7a9636-af58-4d3c-a421-dc7e429145df,2,61,1,France Women's,Selma Bacha,Thiniba Samoura,58.7,8.3,46.6,22.6,18.732325,-6.422761420354647,0.036396685336664555,0.006263634666562207,-0.03013305067010235,0.18708190676940933,0.06445855815035673,-0.12262334861905261,0.5708867348617566,0.29911465817151384,-0.2717720766902427,10.366923370536384,15.50835660590428,0,0,0,0,0,0,0,0,1,0,0,1
3998850,732cbac2-4a8b-4fe5-b9f1-e603bfe7eb3e,2,61,3,France Women's,Thiniba Samoura,Alice Sombath,44.8,24.4,46.2,54.5,30.13254,1.5900717150525168,0.005352365789278574,0.006388614839227388,0.0010362490499488137,0.059526095534351904,0.07355956731674256,0.014033471782390651,0.28297738785547233,0.32890733114772763,0.045929943292255304,16.007856237263862,16.95061865843876,0,0,0,0,0,0,0,0,1,0,0,1
3998850,b3227391-b5a6-4011-b8fa-2a6108786d2e,2,61,6,France Women's,Alice Sombath,Onema Grace Geyoro,48.3,56.1,60,65.4,14.945903,8.330480322215735,0.010465628201330589,0.1467773741517893,0.1363117459504587,0.10040952033030011,0.41034084168205814,0.30993132135175805,0.4039147013418818,0.9029958439700329,0.49908114262815106,15.407749778523584,6.048052168645804,0,0,0,0,0,1,0,0,1,0,0,1
3998850,e64ed08a-93a5-447f-b382-6b49973788dd,2,61,8,France Women's,Onema Grace Geyoro,Alice Sombath,59.8,65.4,52.1,59.9,9.462558,-5.416944420756835,0.31879890551935297,0.019142288846331647,-0.29965661667302135,0.5956067142351222,0.1280613383173102,-0.46754537591781203,1.0602948377048615,0.447684653868921,-0.6126101838359406,3.533603131407689,12.323358257759741,0,0,1,0,1,0,0,0,1,0,0,1
3998850,60b22310-3501-454b-8e0f-8b2bc7d0512b,2,61,10,France Women's,Alice Sombath,Onema Grace Geyoro,51.8,61.5,61.4,72.6,14.675489,4.451083611011896,0.026783574856909225,0.12714080190976015,0.10035722705285093,0.15655135472350923,0.35723470236032717,0.20068334763681794,0.5060129340902011,0.7763433144370483,0.2703303803468472,11.25857332959044,6.397168652078136,0,0,0,0,0,1,0,0,1,0,0,1
3998850,a051eee3-d437-48f5-8e2a-be54dcd1b572,2,61,12,France Women's,Onema Grace Geyoro,Kadidiatou Diani,61.4,72.6,78.1,78.3,17.645962,10.29051927396555,0.19789363652776928,0.26461148228888337,0.06671784576111409,0.45599694453641365,0.5740939553086242,0.11809701077221052,0.8827656376907387,1.0845951387645028,0.20182950107376407,5.036101498594503,4.197692806948129,0,0,0,1,1,1,0,0,1,0,0,1
3998850,d3931162-5526-41e8-9a4f-92fcbb934f35,2,61,27,France Women's,Clara Mateo,Onema Grace Geyoro,96.2,64.7,97.6,57.9,6.942622,5.627076149577054,0.47691250576838506,0.8324576793021013,0.3555451735337163,0.9718876411275968,1.5156330073064173,0.5437453661788204,1.8020752245782592,2.5338160458053838,0.7317408212271246,2.7673977716062432,1.8320423994219035,1,1,1,1,1,3,0,0,1,0,0,1
3998850,58128fd5-fbad-44aa-9307-058b0b294e7f,2,61,30,France Women's,Onema Grace Geyoro,Amel Majri,89.6,58.4,92.2,48.9,9.849365,6.344876191245813,0.5911468029406328,0.6859840902191292,0.09483728727849638,1.3258065834876227,1.6493406431238973,0.3235340596362746,2.4032538178358327,2.9127085504578063,0.5094547326219736,3.0127640597418415,4.815078829563989,0,0,1,2,3,4,0,0,1,0,0,1
3998850,7d73af6a-cc17-4e71-9fc8-7710993931a8,2,61,32,France Women's,Amel Majri,Onema Grace Geyoro,91.9,48.8,84.7,53,8.335466,-8.171969251641872,1.2182770644342649,0.1744423924701963,-1.0438346719640685,2.283309158202015,0.7093803684715475,-1.5739287897304677,3.51378245789419,1.749265867803239,-1.7645165900909512,3.039132469499533,7.0767342135999165,0,0,3,0,4,1,0,0,1,0,0,1
3998850,b9d1de2f-1df1-4282-bb68-6fb7eeee191e,2,61,33,France Women's,Onema Grace Geyoro,Selma Bacha,84.5,51.3,80.4,22.1,29.486437,-6.20261379446805,0.18826780395293674,0.015553251176868654,-0.1727145527760681,0.7459024771050036,0.15156602556718385,-0.5943364515378198,1.810825850345503,0.6388926231284268,-1.1719332272170764,6.846876515173598,13.637931819912142,0,0,0,0,1,0,0,0,1,0,0,1
3998850,6bf4ca31-2ac6-42c7-8774-074dc4e54c6d,2,61,40,France Women's,Selma Bacha,Sandie Toletti,87.6,18.9,81.7,27.5,10.429286,-1.6233697644111018,0.32955408974812883,0.10012820327061986,-0.22942588647750897,0.7137146584392832,0.39456908370590776,-0.3191455747333754,1.400309199339652,1.061889185891448,-0.3384200134482038,3.7773768185751493,7.5580704375311685,0,0,1,0,1,1,0,0,1,0,0,1
3998850,01f4b0a6-b36f-44c2-bb21-54422c114c1d,2,61,41,France Women's,Sandie Toletti,Thiniba Samoura,78.8,26.4,72.5,34.1,9.94887,-4.478384655242074,0.09342833172894363,0.011367541450737604,-0.08206079027820602,0.3626772621628762,0.11052172710910756,-0.25215553505376864,0.9803734796536521,0.47399461607860716,-0.5063788635750449,7.602288280428428,14.36544188532733,0,0,0,0,1,0,0,0,1,0,0,1
3998850,0276b26a-456a-4b54-9d60-59f68b5e33e6,2,61,45,France Women's,Thiniba Samoura,Alice Sombath,72,35.3,71.1,56.1,20.819462,-3.252674689918976,0.021309996078965686,0.005278784308766047,-0.016031211770199637,0.16458382732251758,0.06813236008704412,-0.09645146723547346,0.6118535186515052,0.3522444314619633,-0.25960908718954184,12.94641538876573,16.41387605515414,0,0,0,0,0,0,0,0,1,0,0,1
3998850,9ff8c6c4-6ed6-42de-b58e-ecd79d964ab2,2,61,48,France Women's,Alice Sombath,Melween Ndongala,76.5,66,98.7,78.8,25.625769,6.415843952167272,0.06396865182623088,0.015492401581879743,-0.048476250244351135,0.2548443038061493,0.12918383374936593,-0.12566047005678338,0.7008495108434445,0.4973702885970681,-0.20347922224637638,8.468620739331572,13.55054480462878,0,0,0,0,0,0,0,0,1,0,0,1
3998850,274bdd99-ab49-4c7b-8cdf-5906c56c1fe0,2,62,0,France Women's,Clara Mateo,Alice Sombath,103.1,62.7,75.6,58.2,27.86575,-19.6852377727495,0.6011497528351297,0.05644372035844578,-0.5447060324766839,1.2031153000677723,0.2183844887521378,-0.9847308113156346,2.1309167850783055,0.6295352763812131,-1.5013815086970923,3.1637036271220524,8.710526748731002,0,0,2,0,2,0,0,0,1,0,0,1
3998850,de154050-32e2-4b28-b773-734a280bfb8d,2,62,3,France Women's,Alice Sombath,Thiniba Samoura,75.6,58.2,79.7,47.7,11.272089,6.956400326489579,0.06403623194330252,0.3235407428213432,0.2595045108780407,0.23334783750977484,0.7362110763389389,0.5028632388291641,0.651193545290194,1.4876644242374475,0.8364708789472535,8.322156783383909,3.822326134021178,0,0,0,1,0,1,0,0,1,0,0,1
3998850,8dfa458e-ca53-42be-90b6-f0c2c482f8f4,2,62,6,France Women's,Thiniba Samoura,Sandie Toletti,75.6,41.6,80,26.4,15.824033,2.180032510816318,0.808812706998531,0.2198888321560525,-0.5889238748424785,1.1763981631121625,0.6958760460241463,-0.4805221170880162,1.8471587301688726,1.5333472763575149,-0.31381145381135767,0.9491080025879098,6.0215563875738,1,0,1,0,1,1,1,0,1,0,0,1
3998850,f5dabaff-3614-44d1-8e97-abf2494839ba,2,62,10,France Women's,Sandie Toletti,Selma Bacha,78.4,20.6,85.1,10.4,12.203688,0.13909601700132157,0.23396095801028097,0.09908698732302333,-0.13487397068725765,0.5756867018452861,0.4177044317166765,-0.15798227012860966,1.2178913108092897,1.0712908233722789,-0.14660048743701082,4.685711285837434,8.902734693711617,0,0,1,0,1,0,0,0,1,0,0,1
3998850,9af6b354-0899-47be-a7a0-e33560f61301,2,62,17,France Women's,Selma Bacha,Sandie Toletti,85.2,3.6,66.4,15.2,22.090721,-8.700578992876906,0.16546875737566846,0.024280456819135748,-0.14118830055653273,0.4733990255729368,0.15812439132383857,-0.3152746342490982,1.0678507534865147,0.5409553549605899,-0.5268953985259248,5.767016254440558,11.760996445080183,0,0,0,0,1,0,0,0,1,0,0,1
3998850,5aaba983-aba2-4046-8e6b-44a1a2874663,2,62,20,France Women's,Sandie Toletti,Alice Sombath,64.6,23.1,65.4,49.9,26.811937,2.4301069627334755,0.05446528300509183,0.05355414568213566,-0.0009111373229561751,0.2367602887868763,0.23511171077052664,-0.0016485780163496555,0.663453755965763,0.656929838283665,-0.006523917682097924,9.067872100562143,9.281941046530205,0,0,0,0,0,0,0,0,1,0,0,1
3998850,377c4e70-2c7b-47ee-8c8f-04984847df8e,2,62,23,France Women's,Alice Sombath,Kadidiatou Diani,68,53.2,84.7,59.5,17.84881,13.321325151242,0.13852009713009494,0.36893438740031453,0.2304142902702196,0.39183418179725027,1.0550645074657998,0.6632303256685496,0.8949986695820453,2.086953859727144,1.1919551901450987,6.164115972327188,5.2827331143354765,0,0,0,0,1,2,0,0,1,0,0,1
3998850,ab239ca0-9855-49ce-a319-de87d6f2b511,2,62,26,France Women's,Kadidiatou Diani,Clara Mateo,85.8,60.2,93.8,62.6,8.352245,5.119442111128016,0.9076543718393654,0.7757743159355437,-0.13188005590382168,1.6364032416346448,1.520230541080391,-0.11617270055425388,2.683584460291836,2.51745307096444,-0.16613138932739613,1.6360262108349806,3.5931628840256855,1,0,2,3,2,3,1,0,1,0,0,1
3998850,8e0540dc-23ed-49f0-97d1-bf5d6a1ee06d,2,62,32,France Women's,Clara Mateo,Kadidiatou Diani,91.9,65.2,103,57.9,13.28533,13.058305048368489,0.9020817582395194,0.7428052500337385,-0.15927650820578088,1.5193183665951828,1.5698723377629495,0.05055397116776672,2.3562738144550517,2.716700974126724,0.3604271596716724,1.2733787984752425,2.704723301801671,1,1,1,1,4,3,0,0,0,1,1,1
3998850,0c554bad-2258-441c-a1e0-fff5f8f74dff,2,62,35,France Women's,Kadidiatou Diani,Onema Grace Geyoro,114.1,59.2,115.1,42,17.229046,14.793617372204249,1.172506156623269,1.9482954768448464,0.7757893202215773,1.9017257854756076,2.926739230311819,1.0250134448362114,2.9180688073723005,4.053724502996695,1.1356556956243944,0.7521311060639909,0.804590016463956,1,2,1,3,3,5,1,1,0,1,1,1
3998850,e24afe11-d45f-44df-94be-4039d35edea6,2,64,29,France Women's,Selma Bacha,Amel Majri,54.2,13.1,68.6,20.6,16.23607,16.14697609532746,0.520971809329571,0.243293946470225,-0.277677862859346,1.045116389495388,0.7483308886843912,-0.29678550081099686,1.7244860751742475,1.5787729698709376,-0.14571310530330983,3.2032156983382274,6.544539813132897,0,0,1,0,3,2,0,0,1,0,0,1
3998850,c051f908-f912-484b-ab04-2f815b4415e8,2,64,30,France Women's,Amel Majri,Selma Bacha,68.6,20.6,72.1,5.2,15.79272,-4.267601656237275,0.243293946470225,0.16217030718077943,-0.08112363928944558,0.7483308886843912,0.5381510244246394,-0.21017986425975188,1.5787729698709376,1.1737654806457167,-0.4050074892252209,6.544539813132897,7.034186987457245,0,0,0,0,2,1,0,0,1,0,0,1
3998850,2116d258-413c-44c6-a596-58df69c26bc2,2,64,33,France Women's,Selma Bacha,Amel Majri,78.1,4,81.3,17.2,13.582341,10.32445610392169,0.4193158876366,0.3435713380119084,-0.07574454962469157,0.7967120403299877,0.9011753568586036,0.10446331652861596,1.3449407506335083,1.740028338478733,0.3950875878452247,3.055698307947264,4.561402584944522,0,0,1,1,1,1,1,0,0,0,0,0
3998850,e592daf4-54a2-4e14-8dc4-3462325c9fd4,2,66,12,France Women's,Alice Sombath,Thiniba Samoura,52.1,69.2,46.2,52.7,17.523129,-0.972329952194869,0.004961242779119082,0.0032818776783436446,-0.0016793651007754374,0.06340378356361573,0.04688641549431566,-0.01651736806930007,0.28496423995233683,0.22588343428557192,-0.05908080566676491,17.077266021513097,18.898780883627584,0,0,0,0,0,0,0,0,1,0,0,1
3998850,04c01c68-9ce1-4fca-8ae9-074f764dc798,2,66,24,France Women's,Thiniba Samoura,Alice Sombath,49.6,26.4,53,59.2,32.97575,2.004832082495753,0.029873021914906095,0.01814513484796322,-0.011727887066942874,0.17343530236111718,0.12813383975790807,-0.04530146260320911,0.5509331384718753,0.464950102505041,-0.08598303596683432,11.060578956989197,12.481396661007244,0,0,0,0,0,0,0,0,1,0,0,1
3998850,ab394ab0-7dc2-4426-9b2a-b2036d39e271,2,66,27,France Women's,Alice Sombath,Kadidiatou Diani,59.3,69,82,78.5,24.607723,13.176938126422023,0.019879254575841714,0.3513600036064239,0.33148074903058217,0.1469257592424524,0.6256665263311196,0.4787407670886672,0.536572357834662,1.0773812091439234,0.5408088513092615,12.636526330501328,3.235153556899324,0,0,0,1,0,1,0,0,1,0,0,1
3998850,a028308c-4025-47fa-b516-2f79618c470a,2,66,31,France Women's,Kadidiatou Diani,Melween Ndongala,87,78.1,96.3,76.9,9.3771,6.549019728163898,0.349696344634054,0.4563394483013,0.106643103667246,0.7491572406488176,0.9079115046999665,0.1587542640511489,1.3804684672517802,1.5590405730777461,0.17857210582596594,3.6740510103881014,3.169761423610222,0,0,1,1,1,2,0,0,1,0,0,1
3998850,6ef458e8-95fc-4bfb-bbfe-99fffe43232e,2,66,34,France Women's,Melween Ndongala,Alice Sombath,90.3,75.3,67.7,74,22.637358,-16.248003858775583,0.8417160355119734,0.006489745916331398,-0.8352262895956419,1.1834994654375164,0.08197740666913594,-1.1015220587683805,1.8103788467981747,0.39091159720403057,-1.419467249594144,0.7598273265196103,16.50324168917668,1,0,1,0,1,0,1,0,1,0,0,1
3998850,e25c0dd8-9545-44a2-a075-8eddcb2a07e3,2,66,36,France Women's,Alice Sombath,Thiniba Samoura,65.7,71.3,56,54.7,19.226284,-2.991311466746211,0.019884565746286154,0.009024310946819122,-0.010860254799467032,0.1354196190076139,0.08470478671009414,-0.05071483229751976,0.4832942665815304,0.33290837239782045,-0.15038589418370996,12.114153554305755,15.28575454618942,0,0,0,0,0,0,0,0,1,0,0,1
3998850,477bee25-84c6-4239-a6d1-46a41ead5689,2,66,48,France Women's,Kelly Gago,Lou Bogaert,85.8,3.2,78.3,8.1,8.958795,-2.2641484454101004,0.3967612319588044,0.6563543045571408,0.2595930725983364,0.8681652415727373,1.1764654113388975,0.30830016976616015,1.5638430543719797,1.939313073089996,0.3754700187180162,3.749186551263874,2.069597574385861,0,1,1,1,1,2,0,0,1,0,0,1
3998850,12746f89-2471-4745-83bf-260593608e59,2,66,52,France Women's,Kelly Gago,Amel Majri,85.8,1.7,86.3,10.4,8.714356,6.4935009092566744,0.8941415946719161,0.6423523158430609,-0.25178927882885527,1.5058284978677412,1.433510400071415,-0.07231809779632625,2.2757499591340746,2.4779323013377743,0.20218234220369968,2.058307836170035,3.9514875257481075,1,0,2,1,3,3,1,0,1,0,0,1
3998850,395f25e0-64d0-4e00-9ea1-6b8e104d25f7,2,66,54,France Women's,Amel Majri,Onema Grace Geyoro,82.5,10.4,86.3,22.4,12.587296,9.755500667824123,0.7057893032058441,0.7694391117259074,0.0636498085200633,1.4474817568967198,1.588704630489244,0.14122287359252428,2.4667196944552265,2.7087784585935215,0.24205876413829497,2.8566440456022733,2.815314275350875,1,1,2,2,2,2,0,0,1,0,0,1
3998850,83701352-af21-4999-8a4e-dcef447e1449,2,66,55,France Women's,Onema Grace Geyoro,Amel Majri,86.3,22.8,81.8,16,8.15414,-7.278069023480072,0.7694391260298188,0.7090115658790843,-0.06042756015073447,1.588704630599249,1.5081968725852144,-0.08050775801403454,2.708778453492178,2.539080946481378,-0.16969750701080022,2.8153138975883647,3.7470989597192843,1,0,2,2,2,4,0,0,1,0,0,1
3998850,a2456d31-dd77-471f-a5b6-83fa8a732ae8,2,66,56,France Women's,Amel Majri,Sandie Toletti,79.3,14.4,63.8,14.4,15.5,-13.674270070181457,0.8330992628726234,0.03746763008558075,-0.7956316327870426,1.3907540545197505,0.19365535130464528,-1.1970987032151053,2.2402840857310458,0.5458864674550747,-1.694397618275971,1.2464294156084441,11.778842889104958,1,0,1,0,2,0,1,0,1,0,0,1
3998850,c409195d-d6ce-491d-8978-ee7ee0377420,2,66,59,France Women's,Sandie Toletti,Thiniba Samoura,61.2,17.6,56.6,40.5,23.357439,-0.4797974262934446,0.06692012145490817,0.04530569393172748,-0.021614427523180685,0.2515345330979238,0.20103989194917227,-0.05049464114875152,0.5631836425348565,0.5423602913636183,-0.020823351171238236,8.867737572386778,9.734682951898376,0,0,0,0,0,0,0,0,1,0,0,1
3998850,2492fbcb-9fd1-4bb4-8cfc-ffe26797e586,2,67,9,France Women's,Thiniba Samoura,Lou Bogaert,63.5,47.5,66.1,17.2,30.411346,-1.5283128645360975,0.08034786963921127,0.013930061670232724,-0.06641780796897855,0.31619769592935043,0.11389574716269094,-0.2023019487666595,0.8212785650136927,0.4579846310489532,-0.36329393396473947,8.121254395906396,13.334856598117401,0,0,0,0,0,0,0,0,1,0,0,1
3998850,f18df160-697a-48e7-9b22-7a485e88fd11,2,67,12,France Women's,Lou Bogaert,Amel Majri,67.3,14.9,79.5,7.4,14.320964,6.3816024704347285,0.03285974211522172,0.07750007427880438,0.044640332163582666,0.1972095050109096,0.34342735834573335,0.14621785333482373,0.6789479781905539,0.9400124992369515,0.26106452104639766,10.764698214933738,8.818860977658497,0,0,0,0,0,0,0,0,1,0,0,1
3998850,df8ff05f-89b7-4a8e-a610-0d1ad31766a5,2,67,23,France Women's,Clara Mateo,Amel Majri,108.9,10,102.8,15.2,8.01561,1.8068652769084288,0.8081290228226875,1.2411807257550407,0.4330517029323532,1.3995175444661587,1.9068028153073517,0.507285270841193,2.1789468297843118,2.8162823871563405,0.6373355573720287,1.759016400093904,0.6322687085448115,1,1,1,2,3,4,0,0,1,0,0,1
3998850,accb5286-2478-4ff2-b9df-5967e2da137b,2,67,24,France Women's,Amel Majri,Sandie Toletti,102.4,16.5,101.9,4.5,12.010412,-10.487954239990248,1.2411807579991112,0.07008947400237373,-1.1710912839967376,1.90680289658776,0.29469318138648914,-1.6121097152012709,2.8162824827661748,0.7911499846612586,-2.025132498104916,0.6322689698144236,8.561490800426219,1,0,2,0,4,0,0,0,1,0,0,1
3998850,65a444e9-d987-4eb2-8136-370e9a5d792a,2,67,26,France Women's,Sandie Toletti,Lou Bogaert,100.3,4,84.4,10.8,17.293062,-5.005792107267709,0.15945253972380638,0.03393927508846266,-0.12551326463534374,0.41190037780999833,0.2330524102929611,-0.17884796751703724,0.8799109054316879,0.7818831933591086,-0.09802771207257932,5.674686540379707,12.373356231851385,0,0,0,0,1,0,0,0,1,0,0,1
3998850,efddbcf4-52f6-444c-8081-ab26f9f6207f,2,67,28,France Women's,Lou Bogaert,Amel Majri,84.2,10.8,89.6,10.6,5.4037023,3.9073710000712083,0.0848585294351856,0.40818897010878125,0.3233304406735956,0.3968847952170819,0.87343304532064,0.4765482501035581,1.077147880734756,1.6436991499000644,0.5665512691653083,9.37106914556428,3.291491158321126,0,0,0,1,0,1,0,0,1,0,0,1
3998850,423015de-009d-44a7-b812-bf23fe57c887,2,67,29,France Women's,Amel Majri,Lou Bogaert,89.3,10.6,83.3,10.3,6.0074954,-4.705016489278371,0.408188432467782,0.09311269919079966,-0.31507573327698235,0.8734324512271666,0.3955252676667914,-0.4779071835603752,1.643698552148419,1.0539049525830755,-0.5897935995653436,3.2914955261809777,8.037091996373025,0,0,1,0,1,0,0,0,1,0,0,1
3998850,971341a6-faca-44d5-bc7a-c7236aa4ad47,2,67,30,France Women's,Lou Bogaert,Sandie Toletti,83.3,10.3,96.9,2.2,15.829403,2.912526196274378,0.1668851963990399,0.05191682981162668,-0.11496836658741322,0.5425554326847338,0.2751288191448793,-0.26742661353985453,1.2663216678115432,0.8068608686115687,-0.4594607991999745,6.077009334399725,10.479594739796417,0,0,0,0,1,0,0,0,1,0,0,1
3998850,497fb61c-d7aa-44c8-b687-f57400e36b1c,2,67,33,France Women's,Sandie Toletti,Lou Bogaert,94.9,3.8,81.8,3.8,13.1,-8.577210177611967,0.472683102811529,0.02977006539307506,-0.4429130374184539,0.8536305539735887,0.19523301414755997,-0.6583975398260287,1.4623137079652517,0.6541690166344826,-0.8081446913307692,2.611572262072428,12.166675081829217,1,0,1,0,1,0,0,0,1,0,0,1
3998850,47ee23fb-b905-4581-b571-404a97539793,2,67,36,France Women's,Lou Bogaert,Thiniba Samoura,82,7.4,65.5,31.6,29.289759,-5.07598560208573,0.055970351775678016,0.008320262540301585,-0.04765008923537643,0.30000379617854567,0.07788580637112837,-0.22211798980741732,0.8870385774367185,0.34509744800897013,-0.5419411294277484,10.825526482229655,14.706137930199624,0,0,0,0,0,0,0,0,1,0,0,1
3998850,fff75e94-f25c-468f-ba95-78813e18cd7a,2,67,39,France Women's,Thiniba Samoura,Alice Sombath,64.6,37.1,68.4,62,25.188292,-0.6183558726047949,0.028524385729429204,0.008084726958843857,-0.020439658770585345,0.1576575349517656,0.08692604213307512,-0.07073149281869048,0.5182935314470679,0.38974356761963164,-0.12854996382743628,10.961405683767278,15.240183596964588,0,0,0,0,0,0,0,0,1,0,0,1
3998850,37f2faad-be53-4237-8c2e-ead2a13b54e2,2,67,42,France Women's,Alice Sombath,Melween Ndongala,74.1,66.8,91.9,79,21.57962,5.082394568982501,0.025436285542594382,0.10299775905568712,0.07756147351309273,0.1870432402401687,0.33598552367074785,0.14894228343057916,0.6473379756253517,0.8030889446436283,0.15575096901827667,12.39226672974455,7.126915744471592,0,0,0,0,0,1,0,0,1,0,0,1
3998850,118f1535-1a6b-48f4-9ef7-c2ed2313afa6,2,67,45,France Women's,Melween Ndongala,Alice Sombath,91.9,78.8,72.7,76.4,19.349419,-11.777907506534767,0.3947174272846621,0.02406621529497647,-0.3706512119896856,0.8389894206582502,0.16451209688429858,-0.6744773237739516,1.4614180421733787,0.5509256479510531,-0.9104923942223255,3.6048168105523333,12.237863131948693,0,0,1,0,1,0,0,0,1,0,0,1
3998850,2d58478c-cf69-4c4e-bea1-11cfd567ac87,2,67,49,France Women's,Alice Sombath,Thiniba Samoura,69.8,71.7,61.1,50.6,22.823235,-0.47509867064446354,0.04631685280539026,0.01326685561911777,-0.03304999718627249,0.2350812031432772,0.117252048946627,-0.11782915419665022,0.6885333969541128,0.4671100662354805,-0.22142333071863224,9.984167051353916,13.983051679231483,0,0,0,0,0,0,0,0,1,0,0,1
3998850,534118e4-bea4-4cbe-9bd5-f00efab90c80,2,67,56,France Women's,Thiniba Samoura,Lou Bogaert,72,36.8,78.1,10.4,27.095572,-3.1942313103766296,0.9022629153389145,0.014687434309567631,-0.8875754810293468,1.2976583994955075,0.1465129210822477,-1.1511454784132598,1.986092384373864,0.610374074952094,-1.37571830942177,0.7124930984910353,14.110063664652321,1,0,1,0,2,0,0,0,1,0,0,1
3998850,e27710c6-57a6-494e-9631-79dfc968ef72,2,67,58,France Women's,Lou Bogaert,Kelly Gago,79.9,7.6,95.6,2.9,16.38841,7.148947500180078,0.013889569923073315,0.055268500826315306,0.04137893090324199,0.12830052405862596,0.2538656745164346,0.12556515045780864,0.5149870659324344,0.6872998648424378,0.1723127989100034,13.983374062286384,10.440605407160522,0,0,0,0,0,0,0,0,1,0,0,1
3998850,f92437ab-71ea-41f1-b66b-e46b3ae42509,2,68,3,France Women's,Kelly Gago,Onema Grace Geyoro,96.3,10.3,87,14.5,10.204411,-3.707211170480633,0.7915869795600636,0.15276326526751155,-0.6388237142925521,1.3547316202706572,0.550806115261584,-0.8039255050090732,2.117348702106573,1.3148354872190173,-0.8025132148875558,1.6974784624346053,7.156757309211486,1,0,1,0,2,1,1,0,1,0,0,1
3998850,93d0481c-4af9-4318-8c2d-d70b1f21496d,2,68,11,France Women's,Pauline Peyraud Magnin,Thiniba Samoura,46.9,26.7,55.5,17.9,12.304471,6.118984874447975,0.004771756015509876,0.018126605202136714,0.013354849186626837,0.054710225872391514,0.1121273889277415,0.05741716305534999,0.2395205807056742,0.37640954288114153,0.13688896217546734,16.690763387623115,12.21700231204835,0,0,0,0,0,0,0,0,1,0,1,1
3998850,c8436955-78a6-4ff8-85b0-e4f23ea1022f,2,68,16,France Women's,Lou Bogaert,Onema Grace Geyoro,76.7,8.3,100.7,24.1,28.733952,28.657582411697202,0.17126585798828145,0.4717951906515059,0.30052933266322446,0.49699061143194434,0.9424638687474458,0.44547325731550147,1.0822916137920746,1.6016727343380481,0.5193811205459735,5.828770688626153,4.0332040117130274,0,0,0,2,1,2,0,0,0,1,1,1
3998850,2e322b54-c0ea-4c83-a797-f9242a51eeb5,2,68,19,France Women's,Onema Grace Geyoro,Clara Mateo,104.6,25.7,108.4,32.8,8.05295,7.362631959296277,0.5684738888063547,0.5997515796864233,0.0312776908800686,1.0220146692845595,1.313054670673483,0.2910400013889234,1.6131879507027835,2.222372249277198,0.6091842985744145,3.0720235926854342,3.361507001785092,0,0,2,1,2,2,0,0,0,1,1,1
3998850,11ef1114-7dec-49eb-a7d3-a74a16876a7d,2,68,22,Wales W,Esther Morgan,Hannah Cain,6.7,38.3,21.4,56.3,23.239836,13.374522110457804,0.7250989889910853,0.28049814468426326,-0.444600844306822,1.0937052973189179,0.7917707276643537,-0.3019345696545641,1.5720528602498183,1.5317932766892994,-0.04025958356051884,1.3741269278813628,6.238093257599249,1,0,1,0,2,3,0,0,0,0,0,0
3998850,d5162df5-dbfc-43e7-ba9c-f98e11f679ee,2,68,33,France Women's,Onema Grace Geyoro,Lou Bogaert,88.9,21.1,103.7,14.4,16.245922,6.043776083837109,0.22021707126479387,0.14210602581960613,-0.07811104544518774,0.6940299938983517,0.4283654183320952,-0.26566457556625656,1.4858482830569764,1.012340876065036,-0.47350740699194027,6.025116946524955,6.133395147916573,0,0,0,0,1,1,0,0,1,0,0,1
3998850,29fa1f0e-dd33-4837-b8dc-709b1951b5c8,2,68,38,France Women's,Lou Bogaert,Clara Mateo,113.4,11.7,108.9,21.6,10.874742,7.5705875700643155,0.2136236355438513,0.8404241876149272,0.6268005520710759,0.5107081376481319,1.5178527617380748,1.0071446240899429,1.039205807449269,2.383696239908372,1.344490432459103,4.904460316824067,2.58692378003172,0,1,1,2,1,3,0,0,0,0,0,0
3998850,94b17b20-2dd7-48a1-963a-418577171d43,2,69,13,France Women's,Pauline Peyraud Magnin,Alice Sombath,12.7,38.1,18.8,48.8,12.316655,5.734932526564165,0.0005730132146057386,0.001346573192094045,0.0007735599774883065,0.01688534703187292,0.026586883095836213,0.009701536063963293,0.11604618664562293,0.1507548579397233,0.034708671294100366,23.86395259787679,20.626252492304264,0,0,0,0,0,0,0,0,1,0,0,1
3998850,4449c20b-a1bb-4b79-96dc-1c5ea30e7efb,2,69,14,France Women's,Alice Sombath,Sandie Toletti,19.2,48.8,27.2,42.7,10.060318,8.344128139211605,0.0013465725598933958,0.0073097992480552374,0.005963226688161842,0.026586875834670093,0.07866042402343182,0.052073548188761726,0.15075483272836293,0.3043582234075946,0.15360339067923168,20.626253965479187,16.96088663436324,0,0,0,0,0,0,0,0,1,0,0,1
3998850,6dffa6a7-2791-451f-a441-86a829582b28,2,69,19,France Women's,Sandie Toletti,Lou Bogaert,36.3,36.4,50.4,6.9,32.696484,6.707480248351487,0.03972071041190935,0.007892537323709894,-0.03182817308819946,0.2292860900371661,0.08559095228804599,-0.14369513774912013,0.670921296271909,0.38036685086520355,-0.29055444540670544,11.99943072600071,16.69253358347308,0,0,0,0,0,0,0,0,1,0,0,1
3998850,7997561f-e1ce-43e4-bb2b-2169512ff66c,2,69,25,France Women's,Lou Bogaert,Thiniba Samoura,69,7.6,55.7,22.4,19.89799,-6.2436889720366295,0.3564899948320606,0.025071566452338243,-0.33141842837972235,0.7123829949529082,0.1707609597907643,-0.5416220351621439,1.3642715784370878,0.6134727538700648,-0.750798824567023,3.306542754639508,12.100830342192289,0,0,1,0,1,0,0,0,1,0,0,1
3998850,c60a21a8-0a2c-4803-9105-a99b08324ff3,2,69,38,France Women's,Sandie Toletti,Alice Sombath,55.5,45.3,40.6,52.3,16.462381,-15.629674076339185,0.5167304013276971,0.03272203300510681,-0.4840083683225903,1.176083176551721,0.21668903560273736,-0.9593941409489837,2.049341142268937,0.696720592957913,-1.3526205493110242,3.8827891322796284,12.168432177913044,0,0,1,0,2,0,0,0,1,0,0,1
3998850,fba1b116-1ae1-4cb4-b212-b4343f3046b3,2,69,42,France Women's,Alice Sombath,Thiniba Samoura,42.8,50.7,42.7,36.6,14.100354,0.5632506907222279,0.021200513886360788,0.016794223698286957,-0.004406290188073831,0.1651302614171475,0.12161477565350602,-0.04351548576364149,0.5741320460027208,0.4288522590315151,-0.14527978697120575,13.721155917738924,12.833667727899543,0,0,0,0,0,0,0,0,1,0,0,1
3998850,33c65014-867f-4102-97ca-3e3e7b6c8830,2,69,45,France Women's,Thiniba Samoura,Lou Bogaert,43,32.1,48.6,15.9,17.140594,2.046584771390499,0.027316101139447067,0.015095618987005312,-0.012220482152441755,0.16137084990300785,0.11537284425091038,-0.04599800565209747,0.5082663061429608,0.42463381461817,-0.08363249152479074,11.319919384259073,13.153086084765338,0,0,0,0,0,0,0,0,1,0,0,1
3998850,76b783e2-ca3a-4951-8f74-8b2a8fccd5e4,2,69,48,France Women's,Lou Bogaert,Amel Majri,54.3,15.2,66.8,18.8,13.008075,12.956362686654387,0.11686884153759956,0.9224676252411159,0.8055987837035163,0.38108042966223293,1.6225902642511167,1.2415098345888838,0.9214919541685185,2.565866476489426,1.6443745223209074,6.795926328957034,2.582372898755644,0,1,0,2,1,3,0,1,1,0,0,1
3998850,cf9aae25-e205-48cc-b36f-000b739a6a43,2,69,49,France Women's,Amel Majri,Lou Bogaert,66.9,18.9,60.9,9.8,10.9,-9.23044057579174,0.9224677345616827,0.09092628229977937,-0.8315414522619033,1.6225903379031514,0.4136110611062126,-1.208979276796939,2.5658665317867495,1.090980092029349,-1.4748864397574004,2.5823714209826765,9.618045384566527,1,0,2,0,3,0,1,0,1,0,0,1
3998850,d2a54fa7-4a1c-4335-b47e-7e86724a1b7e,2,69,53,France Women's,Lou Bogaert,Kelly Gago,62.5,9.5,71.4,4,10.462314,4.607330005442982,0.36517976844516126,0.1792095624394063,-0.18597020600575495,0.801421926383052,0.5165498166925169,-0.2848721096905351,1.543862398496747,1.1261076416147764,-0.4177547568819706,3.500112685139704,6.077753358822335,0,0,1,0,1,1,0,0,1,0,0,1
3998850,3c0f296e-5993-4f30-962d-7a49d3f78b36,2,69,54,France Women's,Kelly Gago,Amel Majri,72.5,2.9,77.7,12.9,11.271202,10.035111205121815,0.37246733981418817,0.448678976146151,0.07621163633196282,0.7424623869173392,1.1131908457772695,0.3707284588599302,1.3388669433588267,2.123279162189494,0.7844122188306673,3.450825446677437,4.465885932244328,0,0,1,1,1,2,0,0,1,0,0,1
3998850,4d0d7a93-1066-445d-8495-a3ab7bebc4cc,2,70,46,France Women's,Onema Grace Geyoro,Thiniba Samoura,85.1,37.1,74.1,30.5,12.8280945,-11.852526776376706,0.9031085464998034,0.03235215185582106,-0.8707563946439824,1.4149664509282904,0.20113041004980758,-1.213836040878483,2.2111587402638846,0.6638795531507441,-1.5472791871131406,1.1089743937397174,11.231606146720853,1,0,1,0,2,0,1,0,1,0,0,1
3998850,da362412-2dff-4012-9676-e34716dc393f,2,70,53,Wales W,Safia Middleton-Patel,Jessica Fishlock,2.4,47.9,39.1,60,38.64324,34.529523313401626,0.14237616633276837,0.2776390868689861,0.13526292053621772,0.39783841821183585,0.628189275411754,0.2303508571999181,0.7395728618531873,1.0687125748821569,0.3291397130289696,6.7116675592473705,5.2583887326674335,0,0,0,0,1,2,0,0,1,0,0,1
3998850,ff74b448-005b-443a-9009-5270c3e5316b,2,71,5,France Women's,Thiniba Samoura,Sandie Toletti,29.2,22.2,35.3,27.2,7.8873315,6.866547547115061,0.14772126604552852,0.27610056327600324,0.12837929723047473,0.43217774157037503,0.6442733923724517,0.2120956508020767,0.8993675859816632,1.1814482308484897,0.2820806448668265,6.295830939917962,4.530751580892354,0,0,0,1,1,1,0,0,1,0,0,1
3998850,46224dce-9c8f-4574-9900-dd3a06dbc5ee,2,71,10,France Women's,Sandie Toletti,Melween Ndongala,37.7,33.4,40.3,65,31.706781,-0.9647595769423845,0.29506118880722304,0.009491501049843185,-0.28556968775737984,0.7201352923250297,0.10455694518499473,-0.615578347140035,1.3844694706840124,0.4468577483036165,-0.9376117223803959,4.393179194352353,15.72734426970261,0,0,1,0,1,0,0,0,1,0,0,1
3998850,9b8c21bc-02ca-43f3-80c2-bec4aad5ec6e,2,71,15,France Women's,Melween Ndongala,Kadidiatou Diani,52.8,67.2,75,76.2,23.954958,14.742800553153742,0.20750755670918683,0.15059216947922965,-0.056915387229957176,0.4799506504649878,0.36950650901434406,-0.11044414145064374,1.0004656090992812,0.7627098951686859,-0.23775571393059525,4.84044644431374,5.755790933801497,0,0,1,0,1,1,0,0,1,0,1,1
3998850,8f99d95e-84c6-4e88-81bb-b27db75caed1,2,72,9,France Women's,Pauline Peyraud Magnin,Melween Ndongala,6.4,57.1,26.6,64.3,21.444813,18.370480780483064,0.45043908133588845,0.02230791949333983,-0.4281311618425486,0.6209709645627408,0.10839131065325783,-0.512579653909483,0.7570794066874594,0.2906277790710129,-0.46645162761644654,2.3926982375420685,11.439829914478791,1,0,1,0,1,0,0,0,1,0,0,1
3998850,9025025d-572d-4c07-b394-f06002b07a07,2,72,18,France Women's,Sandie Toletti,Thiniba Samoura,49.1,50.7,55.6,26.3,25.25094,5.861762489601375,0.09605254190152593,0.024669148409417994,-0.07138339349210793,0.29250175588935334,0.2004106268006549,-0.09209112908869843,0.7024779852713082,0.7248070092576128,0.02232902398630454,7.110323781436438,13.796615938058618,0,0,0,0,1,0,0,0,1,0,0,1
3998850,b89c3201-54e2-41b4-8b21-28bd00006222,2,72,21,France Women's,Thiniba Samoura,Kelly Gago,62.7,25.2,75.9,8.5,21.28685,4.985837466526121,0.04248959504717787,0.11181877859052808,0.06932918354335021,0.28798272877969194,0.3510347897760321,0.06305206099634014,0.9475011859223553,0.8187098610904677,-0.1287913248318876,11.994536724277287,6.964058044209583,0,0,0,0,0,1,0,0,1,0,0,1
3998850,6c62398d-009b-40f3-8afc-4855216baa6b,2,72,24,France Women's,Kelly Gago,Thiniba Samoura,77.5,8.5,65.9,19.4,15.917601,-4.9884402373986205,0.3609530622916693,0.016123112662267562,-0.3448299496294017,0.6996796477902707,0.13625386676291806,-0.5634257810273526,1.2876373381572237,0.5219073931193055,-0.7657299450379182,3.28411262009834,13.708809611648402,0,0,1,0,1,0,0,0,1,0,0,1
3998850,353bb070-a1df-45ce-a495-23dc298a7f76,2,72,26,France Women's,Thiniba Samoura,Amel Majri,65.1,20.1,73.1,23.7,8.772685,8.743589048898933,0.026324889367237068,0.14984172912452084,0.12351683975728378,0.18298756346914713,0.5618787060949273,0.37889114262578016,0.6333722342328103,1.3168532651420661,0.6834810309092558,12.064776364211298,7.827078383568703,0,0,0,0,0,1,0,0,1,0,0,1
3998850,88210ca1-da61-4ed6-89a7-47b0dfcab55a,2,72,28,France Women's,Amel Majri,Onema Grace Geyoro,76.3,24.2,114.7,21.2,38.51701,26.93579860405068,0.31697040214781064,0.3165228564845453,-0.0004475456632653252,0.8626689579804099,0.6565344466493447,-0.2061345113310652,1.7762796144479889,1.2841191491972985,-0.49216046525069035,4.618734302772481,3.634712453028471,0,0,1,1,1,1,0,0,1,0,0,1
3998850,767f9088-cf36-4290-8248-d9b0dfd46ecb,2,72,36,France Women's,Amel Majri,Kelly Gago,105.2,22.9,94,20.2,11.520851,-10.065620926505908,0.7038232324961238,0.12305538712358864,-0.5807678453725351,1.3545502488465073,0.5193931157544465,-0.8351571330920609,2.301863013222422,1.3328038041604806,-0.9690592090619412,2.142089938904934,8.17907034491382,1,0,1,0,2,0,0,0,1,0,0,1
3998850,9bba486f-fee4-469e-924b-17ad7ec680d6,2,72,39,France Women's,Kelly Gago,Thiniba Samoura,92.6,22.3,77.5,25.8,15.500322,-12.189706327168317,0.22148180450747598,0.011422814885619153,-0.21005898962185682,0.7626915721196638,0.11339982126516815,-0.6492917508544956,1.7018764148967684,0.5066266625017483,-1.19524975239502,7.657818654246228,14.190433902636673,0,0,0,0,2,0,0,0,1,0,0,1
3998850,2bfaba0f-8977-4d71-946a-3a5877105f96,2,72,41,France Women's,Thiniba Samoura,Alice Sombath,77,25.9,66.3,47.4,24.015411,-8.954737085713255,0.046429826590132346,0.0021911335259192457,-0.0442386930642131,0.23372592362298034,0.04102244783468884,-0.1927034757882915,0.7462577629777009,0.23869480552500996,-0.5075629574526909,9.582852380116954,19.462243509348667,0,0,0,0,0,0,0,0,1,0,0,1
3998850,baf57448-d9be-4c9f-84ae-1b951ab56469,2,72,44,France Women's,Alice Sombath,Sandie Toletti,66.4,46.5,83.9,23.3,29.06011,14.2170640157117,0.010015115897074043,0.049872173083322174,0.03985705718624813,0.08633964578311679,0.2575881456426281,0.17124849985951132,0.3383419503887484,0.7710137909755153,0.43267184058676683,14.234423340920312,10.031616819509479,0,0,0,0,0,0,0,0,0,0,0,0
3998850,cb66f14d-0b8d-406f-bc6e-b60e44fef4b5,2,72,49,France Women's,Sandie Toletti,Amel Majri,91.2,24.1,100,23.7,8.809086,7.096599325139842,0.304089257889881,0.9952974481068125,0.6912081902169316,0.9225243397520216,1.7961185994423146,0.8735942596902929,1.9108123134845567,2.804624663814207,0.8938123503296505,5.4957583637050895,3.150136797610098,0,0,0,3,1,3,0,0,0,0,0,0
3998850,22333c77-6f2b-4a0b-8f1c-1f4ef8978742,2,72,53,Wales W,Ceri Holland,Angharad James,30.5,55.1,40.5,35,22.450167,11.107783516039987,0.29708247394975834,0.08046023965179779,-0.21662223429796057,0.7678885876485814,0.41151368772199726,-0.3563748999265841,1.4224895289325694,1.1481220915938835,-0.27436743733868596,5.235966263096578,9.398730840023779,0,0,0,0,2,0,0,0,1,0,0,1
3998850,deee853e-67b3-4e18-96ed-60b48f5ea5a4,2,73,9,France Women's,Pauline Peyraud Magnin,Alice Sombath,13.7,56.3,26.7,57.1,13.024592,12.68835824406166,0.000029499494524083812,0.00039122872393186874,0.00036172922940778496,0.0022806928809583535,0.010768806502440345,0.008488113621481991,0.027716938611326486,0.07317047105250284,0.04545353244117635,31.616365517305013,23.867256001985975,0,0,0,0,0,0,0,0,1,0,0,1
3998850,8b521a57-0870-4fc6-ba70-4ace27912dd7,2,73,14,France Women's,Thiniba Samoura,Sandie Toletti,31.8,44.5,45.2,29.6,20.039211,12.795187412776798,0.001552371674717157,0.013184611311407949,0.011632239636690791,0.027199693383092013,0.08118109058045431,0.053981397197362294,0.13624854910847645,0.24342136887199656,0.10717281976352011,21.218459802598325,13.055677906472956,0,0,0,0,0,0,0,0,1,0,0,1
3998850,88b9c2d0-d04a-4060-8243-0c79559b007e,2,73,17,France Women's,Sandie Toletti,Amel Majri,49.4,28.3,62.9,24.2,14.108863,12.317234439847255,0.05993243291332278,0.45591510325399204,0.39598267034066925,0.30807318491186864,1.1101991335821264,0.8021259486702578,0.8807693781658039,2.0556174412987795,1.1748480631329756,9.808871448051596,4.925289510069067,0,0,0,1,0,3,0,0,1,0,0,1
3998850,ebbe82b3-de74-4167-9aa0-a9fdcf0d11f8,2,73,18,France Women's,Amel Majri,Thiniba Samoura,63,24.2,44,33,20.93896,-17.172384996023375,0.45591524000966177,0.004881232915331255,-0.4510340070943305,1.110199330090701,0.07425754802536984,-1.0359417820653312,2.055617663212443,0.3730702353628647,-1.6825474278495782,4.925288365647737,18.46531865386223,0,0,1,0,3,0,0,0,1,0,0,1
3998850,1736e7ca-a071-4a28-bad4-1e4479c40926,2,73,21,France Women's,Thiniba Samoura,Alice Sombath,43.9,33,50.7,54.8,22.835938,5.558511999528321,0.005167487837228274,0.018337018567921384,0.013169530730693109,0.07587664731201703,0.14115078966095534,0.06527414234893832,0.3756917957895824,0.5242467101262833,0.14855491433670093,17.850808630141053,12.765540627323965,0,0,0,0,0,0,0,0,1,0,0,1
3998850,a590d0ef-d0b4-4dd9-b11f-d2e3baefe047,2,73,23,France Women's,Alice Sombath,Melween Ndongala,50.7,54.8,62.7,76.1,24.447699,3.1390512904130645,0.025966373824653284,0.01614127299083041,-0.009825100833822875,0.1715414512569971,0.11646485641301518,-0.05507659484398192,0.5944741787439172,0.4369734696208031,-0.1575007091231141,11.66034540447216,12.74931893772141,0,0,0,0,0,0,0,0,1,0,0,1
3998850,13b4af70-5b4b-4cd3-b2f8-f2605bf18ec1,2,73,30,France Women's,Kadidiatou Diani,Melween Ndongala,77.5,76.6,68.8,76.6,8.7,-6.848955016549262,1.048182456920605,0.07854063563375421,-0.9696418212868508,1.464359054497482,0.33143632835128795,-1.132922726146194,2.0111765480809365,0.8444536758524963,-1.1667228722284402,1.8766893527659259,9.128400210514164,2,0,2,0,2,0,1,0,1,0,0,1
3998850,4359066c-e2a4-45d1-8344-cfc8818610a5,2,73,32,France Women's,Melween Ndongala,Alice Sombath,67.7,76.6,54.9,69.9,14.447491,-7.803566572383211,0.24481075119525966,0.015960735545937063,-0.2288500156493226,0.5391894585718906,0.1264861628675075,-0.41270329570438313,1.0441810838860874,0.4582513412037061,-0.5859297426823813,4.395829135282841,13.7258500447427,0,0,1,0,1,0,0,0,1,0,0,1
3998850,e3672fa0-cba0-42ca-8893-46b4b378d8ab,2,73,34,France Women's,Alice Sombath,Thiniba Samoura,54.3,68.5,53.2,46.6,21.927608,4.48996579398522,0.028442341969325435,0.012327168786951734,-0.016115173182373703,0.1709705493835992,0.11188340364844836,-0.05908714573515085,0.5500311077694323,0.4306834980481515,-0.11934760972128083,11.262299966824896,14.39997825039769,0,0,0,0,0,0,0,0,1,0,0,1
3998850,54663db8-c77e-45ee-8756-3780df573964,2,73,36,France Women's,Thiniba Samoura,Sandie Toletti,53,44.5,57.2,22.3,22.593805,1.9042636207938841,0.01178105133949135,0.016523323093955336,0.004742271754463985,0.10676013471358657,0.10065202858326003,-0.006108106130326543,0.417768798447948,0.33856504279768057,-0.07920375565026744,14.272275263460756,12.422221688426086,0,0,0,0,0,0,0,0,1,0,0,1
3998850,908aa0d5-795d-408c-834d-1fd8cf8a233b,2,73,43,France Women's,Sandie Toletti,Alice Sombath,62.9,37.5,59.4,58.6,21.388315,-6.235517722147797,0.4874990430236209,0.022432053227187786,-0.46506698979643313,0.8508863262320124,0.16781470822212044,-0.683071618009892,1.432284982488292,0.6032764922573507,-0.8290084902309413,2.453736787470032,12.449741667408187,1,0,1,0,1,0,0,0,1,0,0,1
3998850,f438043b-4f4a-4136-a2da-e3d9dd931a84,2,73,47,France Women's,Alice Sombath,Kadidiatou Diani,71.2,69.4,90,77.6,20.510485,8.870363683160214,0.3889789966269361,0.23418978393111362,-0.15478921269582246,0.76081718011086,0.5655274872925745,-0.19528969281828545,1.363882763312163,1.143356612913782,-0.22052615039838108,3.2101834169786376,4.742422290001721,0,0,1,1,1,1,1,0,1,0,0,1
3998850,e6a104de-441b-461e-9bea-f49329a9594c,2,75,6,Wales W,Ceri Holland,Jessica Fishlock,56.7,3.5,65.2,9.9,10.640018,10.547023060558352,1.2408750758187876,0.7456847913051877,-0.4951902845135999,1.8369313146748414,1.3046529695076134,-0.5322783451672279,2.607669791230643,2.1450234396984156,-0.4626463515322272,0.583305951752835,1.4858636410353268,1,1,2,1,3,1,0,1,0,0,0,0
3998850,e4188b60-b25b-4870-baab-9fd6d60f4d14,2,75,19,Wales W,Gemma Evans,Safia Middleton-Patel,29.2,6.8,12.7,28.5,27.260593,-11.23523964876675,0.09523538900162089,0.022535861605819107,-0.07269952739580178,0.25522850798751384,0.11035787352574802,-0.14487063446176582,0.5011324630641514,0.2989775718264297,-0.20215489123772168,7.065812550660619,11.418994754506912,0,0,0,0,1,0,0,0,1,0,0,1
3998850,3bee90c8-63d7-4630-ad21-adec4789ceee,2,75,23,Wales W,Safia Middleton-Patel,Rachel Rowe,13.7,32.7,54.6,45.6,42.886127,40.91104619261584,0.22776989486075136,0.639637359693999,0.41186746483324765,0.44340550897247183,1.0385617798465296,0.5951562708740579,0.7355270124307044,1.6639100516025904,0.928383039171886,4.472787871865641,1.6649130876208191,0,1,1,1,1,1,1,1,1,0,0,1
3998850,9eeaf926-ad16-4a7b-9981-712f34947ac2,2,75,25,Wales W,Rachel Rowe,Jessica Fishlock,53.8,45.2,62.9,44.7,9.113726,9.110809504677611,0.6610205386106147,0.40539687277638703,-0.2556236658342277,1.0659301184793004,0.9657980760648331,-0.10013204241446727,1.6974286882912413,1.791336204144247,0.09390751585300583,1.5823284777795263,3.9764039254130084,1,0,1,1,1,2,0,0,1,0,0,1
3998850,d2362bc7-d506-4192-b91c-49f62da97e25,2,75,43,France Women's,Amel Majri,Kelly Gago,28.7,25.4,41.6,8,21.660332,7.780832164254221,0.6574838038376447,0.35781963918246595,-0.29966416465517876,1.0838509849832774,0.7486689692048218,-0.3351820157784555,1.6623536596705542,1.3234745806561403,-0.33887907901441383,1.8184199675748023,3.591255765206298,1,0,1,1,2,1,0,0,1,0,0,1
3998850,cda42e2f-4388-4cc8-b238-44e18c872d2b,2,76,44,Wales W,Ffion Morgan,Hannah Cain,90.5,47.3,105.2,66.9,24.5,-0.3128048319030938,0.4581323668593076,0.09944339501907938,-0.3586889718402282,1.151372681333796,0.3514656010392754,-0.7999070802945207,2.174899263938843,0.9020467626343192,-1.272852501304524,3.873745422428454,7.342340479505812,0,0,1,0,1,1,0,0,0,0,0,0
3998850,dbd6747d-2ad3-49c6-9f7e-a7e500910988,2,78,1,France Women's,Alice Sombath,Thiniba Samoura,27.1,59,27,40.1,18.900265,1.8229919585931356,0.0005202363158137536,0.0009520907278884796,0.000431854412074726,0.013976543030480702,0.020800648010437635,0.0068241049799569325,0.08954999336292932,0.12635516889871826,0.036805175535788937,23.983595917625195,21.58801021505068,0,0,0,0,0,0,0,0,1,0,0,1
3998850,08ecfc03-faeb-4546-b0c0-1e30c1961a8e,2,78,4,France Women's,Thiniba Samoura,Lou Bogaert,30.4,37.9,41.6,7.2,32.6792,4.6399014901806055,0.0009505310954048124,0.00199364140851511,0.0010431103131102978,0.02166578866515962,0.029059654846320178,0.007393866181160558,0.13247634492130023,0.14754471260501148,0.015068367683711253,21.83003715459433,18.897148022679882,0,0,0,0,0,0,0,0,1,0,0,1
3998850,211cb985-e587-4d90-aa2a-844d3e0f2f6d,2,78,10,France Women's,Lou Bogaert,Sakina Karchaoui,48.8,7.3,45.1,16.4,9.8234415,-0.18001007747714937,0.0441076113157949,0.0555561052139243,0.011448493898129401,0.2109446019355091,0.2233041860194073,0.0123595840838982,0.5742248149894815,0.5563556135650096,-0.017869201424471903,10.145206083355644,8.9647071607895,0,0,0,0,0,0,0,0,1,0,0,1
3998850,23ceaec8-8080-4e9f-b12e-292001c2c565,2,78,14,France Women's,Sakina Karchaoui,Alice Sombath,44.8,18,42.7,66.6,48.645348,-3.3966741570309438,0.12243078886287655,0.003371547795422066,-0.11905924106745448,0.4245179830971375,0.05256822889539006,-0.3719497542017475,0.9642236907080589,0.28975158354427766,-0.6744721071637813,7.113190139975374,18.2468525048368,0,0,0,0,1,0,0,0,1,0,0,1
3998850,e024b59e-04ce-45c3-af56-775236f3fedc,2,78,21,France Women's,Sandy Baltimore,Lou Bogaert,53.9,45.9,54.7,10.2,35.70896,-5.41554857191754,1.210333174253948,0.07192802982886211,-1.138405144425086,1.708293677434487,0.22780660192244068,-1.4804870755120463,2.290022799782732,0.5270065969027017,-1.7630162028800305,1.2405088272379061,7.934090326541054,2,0,2,0,3,1,0,0,1,0,0,1
3998850,bf2db1fe-fc32-4d9c-b291-fdd4810aa3a9,2,78,29,France Women's,Thiniba Samoura,Alice Sombath,46.4,28.4,52.8,56.5,28.81961,5.312497104959675,0.03395439342234648,0.03194659326309059,-0.0020078001592558833,0.21326516824668412,0.17676785494573272,-0.036497313300951406,0.6622298882306303,0.5722883963135112,-0.08994149191711909,12.181809310203478,10.732764938377438,0,0,0,0,0,0,0,0,1,0,0,1
3998850,aa38a1ab-a73c-4221-8858-991195afa2f8,2,78,34,France Women's,Alice Sombath,Melween Ndongala,64.7,73.7,87,78.8,22.875751,13.82375519019081,0.5272580374345143,0.48064305427795323,-0.04661498315656104,0.7947129507511664,0.7851670873225878,-0.00954586342857866,1.251007412824031,1.2827565892959523,0.031749176471921325,2.0131384122151323,2.337407662999136,1,1,1,1,1,1,1,0,0,0,0,0
3998850,a2f91957-58c9-47a7-86f6-be3161075264,2,79,38,Wales W,Rhiannon Roberts,Lois Joel,21.1,47.1,35.8,54.7,16.548414,13.680962703165264,0.6008501808612433,0.6963556380248793,0.09550545716363601,1.1503769872741647,1.1780574167255382,0.0276804294513735,1.8190019489300298,1.7248752204071145,-0.09412672852291526,3.0161287291278898,3.0579243342402678,0,0,1,2,2,2,0,0,0,0,0,0
3998850,6b3640c5-3ad5-4a7e-a9f7-748c82e3fd92,2,80,42,France Women's,Sakina Karchaoui,Kelly Gago,48.2,26.6,59.4,5.6,23.8,3.3567187327261934,0.14555614624623647,0.22206920543813374,0.07651305919189727,0.4832273911651489,0.5896504070682362,0.10642301590308734,1.154840394406927,1.1794238787891207,0.02458348438219371,6.546967337868557,5.570879894094083,0,0,0,0,1,1,0,0,1,0,0,1
3998850,8cf54422-996d-481e-85f9-8ee3c158bc10,2,80,45,France Women's,Lou Bogaert,Sakina Karchaoui,43.9,16.8,45.7,27.9,11.244999,4.279025513119677,0.02521360864720582,0.08758582275049874,0.062372214103292925,0.16797147699250303,0.3657015054637268,0.19773002847122378,0.5433743466864103,0.9203534057177686,0.3769790590313583,12.180141954480366,8.41442434265799,0,0,0,0,0,0,0,0,0,0,0,0
3998850,e5b42a11-8bfa-4861-baef-c79f52a7e277,2,80,53,Wales W,Jessica Fishlock,Carrie Jones,70.3,52.2,97.8,68.4,31.916924,15.128291119597101,0.42981290575111997,0.07921039808342926,-0.3506025076676907,0.9594888445610843,0.30041070242970974,-0.6590781421313745,1.7316090875657413,0.8040365547311894,-0.9275725328345519,4.083931138416788,7.902057287898202,0,0,1,0,2,1,0,0,0,0,0,0
3998850,26a9801b-4160-4cdf-aa81-8a11f5925549,2,81,46,Wales W,Safia Middleton-Patel,Angharad James,55,47,63.4,57.9,13.761177,6.0128008780592594,0.13195507949148932,0.07946015278105716,-0.05249492671043217,0.3000891808833522,0.3327644138092203,0.0326752329258681,0.49719589697545524,0.8203043151723964,0.3231084181969412,6.077753351005924,9.760453687600892,0,0,0,0,1,0,1,0,1,0,0,1
3998850,1f1eab3a-1eaf-49e2-bd07-d1b7680db52d,2,81,49,Wales W,Angharad James,Ceri Holland,64.9,58.2,76.6,74.2,19.821453,2.7722415481116727,0.6417026331952553,0.01758942312111366,-0.6241132100741417,1.0054847051787852,0.14732997237337733,-0.8581547328054079,1.638448794641974,0.5590472385924741,-1.0794015560494998,1.5595811191703637,13.569283430072923,1,0,1,0,1,0,0,0,1,0,0,1
3998850,fda0daf1-9d33-4d57-b1c0-48f0e4f628d5,2,81,57,Wales W,Ceri Holland,Jessica Fishlock,104.2,70.8,96,53.5,19.144974,7.079841561387077,0.8933538166945988,0.4517971983419958,-0.441556618352603,1.4204208173936836,1.1841629959174147,-0.23625782147626895,1.974129373195454,2.2429160826896473,0.26878670949419337,2.027370016365503,4.414790427291673,1,0,2,1,3,2,0,0,1,0,0,1
3998850,ab31c8e7-4773-4e44-96b3-0922647b9919,2,82,53,France Women's,Alice Sombath,Sakina Karchaoui,23.4,63.7,30.2,53.3,12.425779,8.68524971480413,0.000029517808442803965,0.0014666135745941655,0.0014370957661513615,0.0021882151629320484,0.03296320119824967,0.03077498603531762,0.026361336364789066,0.1950430997089142,0.16868176334412513,31.463416052506226,22.32188610013977,0,0,0,0,0,0,0,0,1,0,0,1
3998850,2c17a6ad-85d9-4846-97ee-3c11e71e5dde,2,82,59,France Women's,Sakina Karchaoui,Kadidiatou Diani,46,39.2,99.4,62.8,58.38253,43.27648665610461,0.1970641452895543,0.7401089303304573,0.543044785040903,0.48214700611867767,0.9871793989729603,0.5050323928542826,0.9758109198126711,1.4469968031427012,0.4711858833300301,5.163833726955575,1.0095437726704033,0,1,0,1,1,1,0,0,1,0,0,1
3998850,ecbac917-9ae1-47a1-b8f1-50dbe85064df,2,83,27,France Women's,Kadidiatou Diani,Melween Ndongala,116.8,75.7,109.9,77.6,7.156815,-3.0897605355792805,0.4967147816273992,0.3620563361880246,-0.1346584454393746,0.77234753195144,0.7886236382293041,0.016276106277864133,1.202068465366346,1.3936684057872937,0.19159994042094763,2.235180258021312,4.136695293824717,1,0,1,1,1,2,0,0,1,0,0,1
3998850,48e5c96f-767f-4a19-bc64-cc087dd9e41e,2,83,30,France Women's,Melween Ndongala,Sandy Baltimore,105.4,78.4,88.8,77.6,16.619267,-7.77711127038414,0.737914497634423,0.10375604124310209,-0.6341584563913208,1.3383775625088796,0.39319638706876986,-0.9451811754401098,2.0366583621338687,0.9599150994325626,-1.076743262701306,2.3179755810333553,7.810219971150723,1,0,1,0,3,1,0,0,1,0,0,1
3998850,746015e2-a94f-4a7d-ae99-2384895072ab,2,83,32,France Women's,Sandy Baltimore,Thiniba Samoura,85.7,77.4,63.3,43.8,40.382175,-6.080273105459163,0.6142643706174385,0.002085911171484212,-0.6121784594459543,0.9461547276371383,0.041079390227528656,-0.9050753374096097,1.50526117079117,0.24422969939055877,-1.2610314714006112,1.671607002936956,19.940334516621313,1,0,1,0,1,0,1,0,1,0,0,1
3998850,5f2a6546-3fe4-4a2a-bb85-23a512ed02a1,2,83,42,Wales W,Lois Joel,Angharad James,37.3,41.9,42.6,52.9,12.210241,4.25418635647334,0.9340678204515371,0.5582057565934438,-0.3758620638580933,1.5369299572787505,1.229560487211161,-0.3073694700675895,2.3339425791459734,2.0991059246985713,-0.2348366544474021,1.8375840572539224,3.9647018272795695,1,0,2,1,2,3,1,0,0,0,0,0
3998850,0f3dfc8a-bbb5-41ad-8500-7c8c99977ada,2,84,15,France Women's,Lou Bogaert,Sakina Karchaoui,68.8,8.5,68,19.2,10.729865,4.108261086476034,0.06791995628034138,0.09515855088266745,0.02723859460232607,0.27426922202207094,0.39590828589948895,0.12163906387741802,0.7468711878979422,1.0271229285704417,0.2802517406724996,8.428742547241603,9.042293553475107,0,0,0,0,0,0,0,0,1,0,0,1
3998850,1c703cbb-0908-42fa-9223-97483ad1ca4c,2,84,18,France Women's,Sakina Karchaoui,Kelly Gago,68.1,19.3,78.9,3.5,19.138443,0.9079462673272332,0.17503958446101558,0.2617746100216997,0.08673502556068413,0.5849187115039435,0.6389947878533828,0.05407607634943934,1.312964656004086,1.2319703443775574,-0.08099431162652859,7.019075514003612,4.692102939184666,0,0,0,1,1,1,0,0,1,0,0,1
3998850,c1e119e7-b6d5-4198-9efa-c4c2e47dbda9,2,84,20,France Women's,Kelly Gago,Lou Bogaert,77.2,6.3,63.4,5.9,13.805796,-11.603473749787454,0.982018681153227,0.20633792739709952,-0.7756807537561274,1.4503242359457675,0.5662389419733518,-0.8840852939724158,2.05103659291839,1.1590756916940086,-0.8919609012243812,1.1439452803006371,5.573653360028942,1,0,2,0,2,1,1,0,1,0,0,1
3998850,81e75635-d182-491f-902b-a3dfb80c43a2,2,84,21,France Women's,Lou Bogaert,Sakina Karchaoui,64,6.3,60.4,15.7,10.0657835,0.9947457601583523,0.4046469867863148,0.09945520947758861,-0.30519177730872615,0.7578366354502913,0.4055855786493796,-0.35225105680091173,1.3207918612756215,1.0285739091984276,-0.2922179520771939,2.990255099037074,8.274276954976852,1,0,1,0,1,0,0,0,1,0,0,1
3998850,404a9840-293d-4e70-9d09-d78c521abe28,2,84,22,France Women's,Sakina Karchaoui,Sandy Baltimore,61.7,15.7,72,14.7,10.34843,8.902069710286163,0.15518497448438287,0.7728632681282769,0.617678293643894,0.4856463662696314,1.4213855739122951,0.9357392076426637,1.063040656401164,2.2635573867117635,1.2005167303105995,6.532612842332848,2.4825655882918145,0,1,0,2,1,2,0,0,1,0,0,1
3998850,04386a88-eea5-4966-a253-153d92e508f3,2,84,23,France Women's,Sandy Baltimore,Lou Bogaert,72,14.7,65.8,5.2,11.344161,-10.15077841221212,0.7728632681282769,0.10580082805455292,-0.667062440073724,1.4213855739122951,0.3862141047463896,-1.0351714691659055,2.2635573867117635,0.9337531481372379,-1.3298042385745257,2.4825655882918145,7.691367323515424,1,0,2,0,2,1,0,0,1,0,0,1
3998850,055c9f8d-c774-4099-a39d-0c60fafba01c,2,84,25,France Women's,Lou Bogaert,Sakina Karchaoui,65,5.1,61.4,15.7,11.194641,1.6998381907121285,0.10814086787650011,0.0784175913290762,-0.029723276547423905,0.386155905231055,0.3801641712442218,-0.00599173398683317,0.9245560103440954,1.013940780418608,0.08938477007451262,7.61996484371989,10.153229971230525,0,0,0,0,1,0,0,0,1,0,0,1
3998850,dc453901-2e75-4fb0-b398-f45b1f9d59f8,2,84,36,France Women's,Kadidiatou Diani,Melween Ndongala,89.2,65.8,96.5,76.6,13.03572,-3.316838745362695,1.2155709341466008,0.09458220607487738,-1.1209887280717235,1.8914544372361282,0.4029715454665359,-1.4884828917695923,2.752302401014346,1.0102682051201235,-1.7420341958942225,1.2495385668489072,8.63699961420363,1,0,2,0,3,0,0,0,1,1,1,1
3998850,1f2c9d3d-7a91-4b80-8b5d-7fa44a44bb59,2,84,38,France Women's,Melween Ndongala,Sakina Karchaoui,96.2,78,89.6,64.1,15.387333,6.0439875453376715,0.3476054076635284,0.36689143683628694,0.019286029172758568,0.7549612435208499,0.9953728885592686,0.24041164503841872,1.3846980628858072,2.014717669236848,0.6300196063510406,3.675962757778679,4.951349688750762,0,0,1,1,1,2,0,0,1,1,1,1
3998850,7b210f1c-5645-4c31-855f-adf6253c1e52,2,84,57,France Women's,Melween Ndongala,Sandy Baltimore,84.5,50.3,91.5,30.6,20.906698,6.953871631545002,0.7442210309694927,0.5458129846776558,-0.19840804629183684,1.0991765247500196,1.4056554212816055,0.3064788965315859,1.8397722196761186,2.6100078552741155,0.7702356355979969,1.0443505345934634,5.352690610598131,1,0,1,0,1,3,1,0,1,0,0,1
3998850,24e93f14-8816-44dd-aec1-8f985da0e24f,2,84,59,France Women's,Sandy Baltimore,Kelly Gago,91.5,31,102.1,14.6,19.527416,-1.1863339864959705,1.2088789951562402,0.03174573637133208,-1.1771332587849082,2.0994208204593545,0.20243026925488358,-1.896990551204471,3.1907607161145832,0.6900872764131752,-2.500673439701408,2.0677635097081213,11.310812585369847,2,0,2,0,3,0,0,0,1,0,0,1
3998850,acca0c7c-85a9-49e2-8433-0ff90bebb26a,2,85,1,France Women's,Kelly Gago,Amel Majri,104.4,14.2,109.4,47.3,33.475513,17.279117937916098,0.038304428835957784,1.4663050567237643,1.4280006278878066,0.21902789317162308,2.3132951096885153,2.0942672165168923,0.7115109694893248,3.3481148874586792,2.6366039179693543,10.615064324121699,0.9708011575997963,0,2,0,2,0,5,0,0,1,0,0,1
3998850,463162dc-5a33-4efa-b24e-d091f6c85a05,2,85,16,France Women's,Amel Majri,Melween Ndongala,88.8,61.1,91.3,75.3,14.418391,-7.829864408381027,0.672087759457013,0.11162949130102927,-0.5604582681559838,1.2901044117048739,0.3790420592930252,-0.9110623524118486,2.2200116633085893,0.9203834425077092,-1.29962822080088,2.109665507760309,7.054312889726206,1,0,1,0,2,1,0,0,1,0,1,1
3998850,6c40bb6a-a1f3-48ea-ae0f-4c3f1b09b78d,2,85,17,France Women's,Melween Ndongala,Kadidiatou Diani,91.3,75.5,102.1,76.1,10.816654,5.3560233628430325,0.1611847311542319,0.18026925257225124,0.019084521418019335,0.4658016243185973,0.5189222986125342,0.053120674293936965,1.037052201841723,1.1060291221411507,0.0689769202994277,5.908859362097609,6.162764347539997,0,0,0,0,1,1,0,0,1,0,1,1
3998850,5d550a62-9aad-4242-a72b-518988d15806,2,85,21,France Women's,Kadidiatou Diani,Sakina Karchaoui,100,67.9,97.8,59.4,8.780091,4.845778909981842,1.1547978575919593,1.2002381527257946,0.045440295133835296,1.798960018852825,2.061014342837687,0.26205432398486184,2.6263002903136,3.058354515129638,0.43205422481603817,1.3929151259460357,1.9190606865828683,2,1,2,3,3,5,1,1,0,1,1,1
3998850,b4ba73e2-a346-4822-a423-9c425279fc23,2,85,21,France Women's,Sakina Karchaoui,Kadidiatou Diani,96.6,58.5,105,59.9,8.515867,4.9096109721101975,1.2506127016176458,1.6642408152622012,0.41362811364455543,2.131362332759842,2.489428498430891,0.3580661656710489,3.140133568040626,3.4385635997159256,0.29843003167529947,2.026780985680138,0.8497717226260959,1,2,3,4,5,4,0,0,0,1,1,1
3998850,60f08c17-7785-4291-a28d-36a9e57a1367,2,86,59,France Women's,Sakina Karchaoui,Alice Sombath,51.1,25.4,49,54.8,29.474905,-2.0962389999341724,0.22720614697584024,0.025928303938802227,-0.20127784303703802,0.6388476552765029,0.17604585308510778,-0.4628018021913951,1.3166925513567813,0.6320291516019869,-0.6846633997547944,5.243991595526106,11.664278092233483,0,0,0,0,1,0,0,0,1,0,0,1
3998850,873f6892-f7fe-4ba0-880b-4cba74106e19,2,87,11,France Women's,Kelly Gago,Sandy Baltimore,101.6,11.5,114.9,25,18.950989,18.08029550003107,0.1521123020801498,0.33384202586825684,0.18172972378810703,0.3631386301553916,0.9327587376613341,0.5696201075059425,0.73158492608027,1.9262622291387592,1.1946773030584892,5.707597491654331,5.140412188565932,0,0,0,0,1,2,0,0,0,1,1,1
3998850,981aba0e-33e7-470b-b3e5-bdadab7fe9bc,2,87,14,France Women's,Sandy Baltimore,Marie-Antoinette Katoto,117.6,26.3,114.3,35.4,9.679876,6.584014383350808,0.4840744281228251,1.9357627058511817,1.4516882777283566,1.207464736747616,3.1811200357393914,1.9736552989917755,2.327587330891946,4.503626796479545,2.176039465587599,3.567409734975402,1.96707811328628,0,2,1,4,1,6,0,0,0,1,1,1
3998850,60fd900c-630d-4be8-8de8-a08c9419ee66,2,88,27,France Women's,Amel Majri,Alice Sombath,66.8,77.2,50.7,72.7,16.717056,-11.71159508809022,0.28173446388063805,0.019102900283544697,-0.26263156359709333,0.6045096984564143,0.12097410233701683,-0.4835355961193975,1.1460634863769394,0.4181204690759538,-0.7279430173009857,4.042387218390138,12.104559800812417,0,0,1,0,1,0,0,0,1,0,0,1
3998850,a00c5821-ddd3-4bfb-8b81-e7a7f981c956,2,88,34,France Women's,Sakina Karchaoui,Lou Bogaert,55.6,21.9,67.6,6.4,19.602295,4.6479676352007075,0.6471866845253984,0.05179751412493034,-0.595389170400468,0.9334651499297073,0.24608076171237467,-0.6873843882173326,1.39655251032133,0.6664687421226485,-0.7300837681986816,1.4548079563666891,9.81329019842524,1,0,1,0,1,0,1,0,0,0,0,0
3998850,74baa9b3-1561-4f32-b071-5372e1f45baa,2,88,37,France Women's,Lou Bogaert,Kelly Gago,69.2,6.3,84.7,10.3,16.00781,14.829507958762001,0.42793565545543566,0.5763972395967143,0.14846158414127864,0.79277766841616,0.9073985629248779,0.11462089450871782,1.335475169507136,1.460962428757167,0.1254872592500309,2.96303481697147,1.8479848209392147,1,1,1,1,1,1,0,1,0,0,0,0
3998850,428745d4-ce05-4a21-ac1b-7614a635f076,2,88,42,Wales W,Josie Green,Safia Middleton-Patel,25.7,49.9,5.6,38.6,23.05862,-19.590318923827112,0.9202880762327936,0.06266230250476167,-0.857625773728032,1.3950732020786234,0.21843461978469267,-1.1766385822939307,1.938344023172565,0.5315529498386631,-1.406791073333902,1.0935806868143771,8.390201754691933,1,0,1,0,2,0,0,1,1,0,0,1
3998850,6500a2e0-2dc8-4e9f-bb21-8444e143e16d,2,88,43,Wales W,Safia Middleton-Patel,Esther Morgan,5.8,37.6,21.8,27.6,18.867962,15.245420212082877,0.06266229692752258,0.76511051017704,0.7024482132495175,0.2184346083597399,1.048107476629325,0.8296728682695851,0.5315529330090628,1.4582751883427,0.9267222553336373,8.390202022990064,1.0918657427607203,0,1,0,1,0,1,1,0,0,0,0,0
3998850,eda4db2f-d6d8-4f65-aa84-aebffb71bb7b,2,88,45,Wales W,Esther Morgan,Carrie Jones,20.7,27.7,34.8,75.6,49.932156,7.720374987242636,0.7651106169515974,0.7108159598897005,-0.054294657061896956,1.0481075658706651,0.8903843636386825,-0.15772320223198266,1.4582752480813028,1.1843355945568965,-0.2739396535244063,1.0918653701368175,1.0627527053414945,1,1,1,1,1,1,0,1,0,0,0,0
3998850,b19e1b74-d231-4e32-bd35-0f4abadfadbb,2,89,26,France Women's,Sandy Baltimore,Thiniba Samoura,75.9,10.2,50.3,12.5,25.703114,-21.704375209096277,0.9590995259283022,0.0120401668283737,-0.9470593590999284,1.558824360523743,0.11790878385142285,-1.4409155766723203,2.3757919878967586,0.4526991213233111,-1.9230928665734475,1.2515516161933717,15.179844881022072,1,0,1,0,3,0,1,0,1,0,0,1
3998850,8953cb7a-72e6-4470-8794-3c6ba6951297,2,89,29,France Women's,Thiniba Samoura,Alice Sombath,48.2,15.7,46.8,48.7,33.029682,2.085398488107458,0.03582277057369601,0.010289863922568627,-0.025532906651127382,0.20642921447832896,0.10376604180503768,-0.10266317267329128,0.6278410309093346,0.43757748546189235,-0.19026354544744228,10.770791911985013,15.052819855309254,0,0,0,0,0,0,0,0,1,0,0,1
3998850,f524d36a-0c1b-43dc-8e87-12f9331a7099,2,89,32,France Women's,Alice Sombath,Thiniba Samoura,47.2,49.5,51.1,19.3,30.45078,1.4748942880862757,0.02818348260088148,0.028607749930342038,0.00042426732946055853,0.1786621480793786,0.16235997092116172,-0.016302177158216885,0.5867691897742606,0.524386843055505,-0.062382346718755644,12.513858212312256,11.020127229904617,0,0,0,0,0,0,0,0,1,0,0,1
3998850,91115645-078f-48a9-84c2-b1c534e84fec,2,89,36,France Women's,Thiniba Samoura,Kelly Gago,61.9,20.6,78,7.7,20.63056,8.26946097163406,0.7530234872707606,0.09595558578167979,-0.6570679014890808,1.0121638247334348,0.39658085204716426,-0.6155829726862705,1.5498824530370527,1.0139073588000105,-0.5359750942370423,0.9420095400133518,8.209628307327476,1,0,1,0,1,0,1,0,0,0,0,0
3998850,fa7655c6-b030-4745-9d50-0edbc3253a24,2,89,58,Wales W,Josie Green,Lois Joel,38.3,58.7,74.1,57.2,35.83141,34.79593368072984,0.40452595362659405,0.4117984638553198,0.00727251022872577,0.7375404777160949,1.00680632750845,0.2692658497923551,1.2186849620087084,1.8277240805400843,0.6090391185313759,2.9445740406308185,4.925666075518628,1,0,1,1,1,3,1,0,0,0,0,0
3998850,9a9d096b-a6f2-4851-a257-85d9dfb3ced8,2,90,1,France Women's,Thiniba Samoura,Lou Bogaert,34,24.2,39.3,11.1,14.131525,1.720624333836497,0.41050022255764174,0.13683442554102926,-0.2736657970166125,0.8512566449037876,0.4323151837274861,-0.4189414611763015,1.389981691636554,0.9055697443918211,-0.4844119472447328,3.8705680999506984,6.81399077185869,0,0,1,0,2,1,0,0,1,0,0,1
3998850,89b11e96-cea6-43d1-9271-0adc242d739e,2,90,3,France Women's,Lou Bogaert,Sakina Karchaoui,39.7,10.2,43.1,22.5,12.76127,6.7851222795442965,0.2726002803850188,0.25434214453344617,-0.018258135851572654,0.6628865089035004,0.764978567816704,0.10209205891320361,1.169397657689661,1.4897774253674256,0.32037976767776466,6.0056307303574,6.544320366837181,0,0,0,0,2,2,0,0,0,0,0,0
3998850,eb287454-f514-4a7c-9e97-db6d68066360,2,90,5,France Women's,Sakina Karchaoui,Kadidiatou Diani,48.2,25.8,85.8,65.8,54.897724,30.35054172608129,0.8904541911902312,0.14295671699698445,-0.7474974741932467,1.430373869733461,0.3358482432702793,-1.0945256264631817,2.279689324930587,0.6500068079664925,-1.6296825169640947,0.890012503911052,5.862136821340293,1,0,1,0,2,1,0,0,0,0,0,0
3998850,36b16cc8-5050-4845-a76c-796c007e8a9f,2,90,20,Wales W,Sophie Louise Ingle,Ceri Holland,45.5,13.9,58.4,2,17.550499,6.561699982746262,0.6951933819574718,0.7381238242235859,0.04293044226611409,1.1202491751427561,1.0938134900996934,-0.026435685043062707,1.7313874425510751,1.573237912606159,-0.15814952994491605,1.6282886485511607,1.3167966302710576,1,1,1,1,2,2,0,0,0,0,0,0
3998850,f2501b41-cff4-470a-bddd-a94f7723fa80,2,90,48,France Women's,Sandy Baltimore,Lou Bogaert,82,50.3,82.8,28.3,22.01454,0.3746440467043186,0.5325432202147743,0.08195801800645647,-0.4505852022083178,1.2431147894347483,0.3304049869729872,-0.912709802461761,2.2983634804652437,0.8721515766002342,-1.4262119038650094,4.548799788738183,8.057285700863353,0,0,1,0,3,0,0,0,1,0,0,1
3998850,a3f2c873-5997-414f-9a6a-0aa103f3151c,2,90,52,France Women's,Lou Bogaert,Sandy Baltimore,85.7,25.8,92.6,30.2,8.18352,8.02334517754873,0.3629926382164424,0.5176774914479016,0.15468485323145925,0.7646201848429119,1.2400768661828931,0.4754566813399812,1.4041415041932712,2.22138957223128,0.8172480680380088,3.512859915385839,5.2660311613764135,0,0,1,0,1,3,0,0,1,0,0,1
3998850,bfe4aed3-2b4b-46bc-a646-285315b22627,2,90,53,France Women's,Sandy Baltimore,Kelly Gago,92.6,30.2,102.9,9.7,22.9421,-5.692412336042704,0.5176774914479016,0.06775894871956449,-0.44991854272833715,1.2400768661828931,0.2835090288384526,-0.9565678373444406,2.22138957223128,0.7582250308201064,-1.4631645414111736,5.2660311613764135,8.736999039946646,0,0,0,0,3,0,0,0,1,0,0,1
3998850,47e2b0bf-5b4e-487c-bf4f-d79b59df3be4,2,90,56,France Women's,Kelly Gago,Sakina Karchaoui,102.9,9.7,89.9,8.6,13.046455,-8.704540975899057,0.44662583909946485,0.13548791290133735,-0.3111379261981275,0.8960799215210375,0.4513328144266252,-0.44474710709441234,1.5462915231272496,1.030580761568607,-0.5157107615586427,3.2679570182670235,6.816058337720083,0,0,1,0,2,1,0,0,1,0,0,1
3998850,f1fbabaf-2169-461d-a373-229c8ce2099d,2,90,59,France Women's,Sakina Karchaoui,Kelly Gago,101.3,9.9,93.8,7.3,7.937884,-6.465574410725878,1.215270427208339,0.08424604115676719,-1.1310243860515719,1.7071434717855873,0.36377738419307226,-1.343366087592515,2.2931732683707113,0.9100973540445987,-1.3830759143261127,1.180507673885868,9.112901285348373,2,0,2,0,3,0,1,0,1,0,0,1
3998850,fe2b76f4-4693-4202-b3d5-b14cc4e5adcd,2,91,1,France Women's,Kelly Gago,Sandy Baltimore,93.2,7.2,90,16,9.36376,3.937836118298925,0.12052152817974948,0.48755938970178503,0.36703786152203555,0.4506614002966925,1.1529201099251434,0.7022587096284509,1.0771493293925911,2.1017135344906634,1.0245642050980723,7.635613950255946,4.198241860737788,0,0,0,1,1,3,0,0,1,0,0,1
3998850,b6d6436e-ace7-481a-9e3e-bc205314e9aa,2,91,3,France Women's,Sandy Baltimore,Sakina Karchaoui,91.7,14.6,105.7,13.4,14.051334,7.826798555123631,1.845598432998894,0.3083043553629484,-1.5372940776359454,2.3718511033085905,0.8612228360889808,-1.5106282672196096,3.002295820986362,1.680980946444127,-1.3213148745422352,0.8429580158812492,5.879385562381545,3,0,3,0,3,2,1,0,0,0,0,0
3998850,3ba2df47-dd39-4aeb-97ae-2543b08e22fd,2,91,41,Wales W,Rhiannon Roberts,Carrie Jones,31.8,60.7,45.1,71.6,17.19593,9.303411472791112,0.5329249931394472,0.20959156844039475,-0.32333342469905246,1.173495659822899,0.668189391964126,-0.505306267858773,1.988406129752543,1.4245428172702133,-0.5638633124823298,4.841804035098266,6.01882709462755,0,0,2,0,3,1,0,0,0,0,0,0
3998850,73d927ff-aa11-4aad-9533-c66b47a2ffc5,2,92,25,France Women's,Alice Sombath,Melween Ndongala,38.6,50,49.4,73.3,25.681316,3.9526779975068536,0.02605425788400253,0.018033894654833953,-0.008020363229168579,0.16296189938771763,0.1414637449192009,-0.021498154468516717,0.5366408267202681,0.5110635299691683,-0.025577296751099876,11.481836071753808,13.184223872877231,0,0,0,0,0,0,0,0,1,0,0,1
3998850,5f198497-13b1-4fcf-b9e3-4a675fec4094,2,92,28,France Women's,Melween Ndongala,Kadidiatou Diani,52,73.7,69.4,76.2,17.57868,13.676867880220954,0.039021302402556995,0.35117111137309126,0.31214980897053424,0.2193057282357597,0.7137769731412767,0.4944712449055171,0.67747448028101,1.2413784042117018,0.5639039239306918,10.52571794509316,3.811045631120064,0,0,0,1,0,1,0,0,1,0,0,1
3998850,ec5dce4e-6683-4025-88b5-0383064eb7ae,2,92,31,France Women's,Kadidiatou Diani,Melween Ndongala,65.8,77.6,56.7,77,9.119759,-7.355318681296012,0.7297373980188994,0.2065359630125083,-0.523201435006391,1.185553220736306,0.5468224955303628,-0.6387307252059432,1.7689960841208463,1.1118558747513463,-0.6571402093695,2.0627590545210026,5.250700996036261,1,0,2,0,2,1,1,0,1,0,0,1
3998850,89211489-f80c-4d03-8f36-eb2f52cc3541,2,92,32,France Women's,Melween Ndongala,Alice Sombath,55.9,77,40.7,66.9,18.249657,-9.72605404311227,0.477584085504424,0.008572598166436898,-0.4690114873379871,0.8695267276858919,0.09428125293855677,-0.7752454747473352,1.445206832705597,0.4081572247041903,-1.0370496080014067,2.5745950735817558,15.795207395800713,1,0,1,0,1,0,1,0,1,0,0,1
3998850,59283575-f284-4e81-bde3-99aa71fd483f,2,92,41,France Women's,Thiniba Samoura,Lou Bogaert,61.9,24.1,70.6,4.3,21.627066,-0.7132015652121098,0.41292113324419477,0.11463686501715024,-0.2982842682270445,0.7825626981003589,0.41633443592833913,-0.3662282621720198,1.406138807301368,0.9952140827921124,-0.41092472450925566,3.003496382106595,7.438478304468284,0,0,1,0,1,1,0,0,1,0,0,1
3998850,ff35ee24-3610-4f3a-8998-5b8a6d94aa31,2,92,43,France Women's,Lou Bogaert,Kelly Gago,71.2,4.5,79.2,3.5,8.062258,5.602558526337177,0.1646604481168526,0.6709885691617727,0.5063281210449202,0.5096413692666562,1.1734600077945547,0.6638186385278986,1.1216175153038332,1.8154065767955385,0.6937890614917053,6.194320833125076,3.177160962477176,0,0,0,2,1,2,0,0,1,0,0,1
3998850,76d58e36-28cc-4583-9836-363f041ac468,2,93,4,France Women's,Thiniba Samoura,Alice Sombath,63,8.9,61,33.4,24.581497,5.5643445596540815,0.10550729372450188,0.03681714416461098,-0.06869014955989089,0.3928783983467559,0.23150300502808294,-0.16137539331867298,1.0023813690820538,0.7745255364344824,-0.22785583264757137,7.354072730970529,11.561603176423636,0,0,0,0,1,0,0,0,1,0,0,1
3998850,fbb09786-36cf-44a0-94e0-978a5efd7be4,2,93,7,France Women's,Alice Sombath,Melween Ndongala,62.9,42.9,67.6,71.1,28.588984,-3.760549475299399,0.12759641792894,0.03213854120875215,-0.09545787672018785,0.407954326224344,0.17046074595546698,-0.23749358026887704,0.9780954155010155,0.5424730327642637,-0.4356223827367518,6.660260165582793,10.633295116018015,0,0,0,0,1,0,0,0,0,0,0,0
3998850,9ed5a123-a63b-462c-83da-a5f291bc4224,2,93,49,France Women's,Kadidiatou Diani,Melween Ndongala,93.6,71.1,95.2,62.1,9.141116,7.576021896262162,1.0350147844978284,1.5309815956354553,0.495966811137627,1.715313386686696,2.541784959249999,0.8264715725633027,2.6541918823144957,3.7330738048544205,1.0788819225399249,2.1035236187032216,1.072907449201237,2,1,2,3,2,5,0,1,1,0,0,1
3998850,3e55671e-0efc-41fa-923e-d51e5c19f342,2,93,50,France Women's,Melween Ndongala,Sakina Karchaoui,95.2,63.5,84.5,68.9,11.985408,-11.610568686346731,1.3966109227530727,0.30302910620953605,-1.0935818165435367,2.4902658436133662,0.8696440139541514,-1.620621829659215,3.7397030050440723,1.8490767880727375,-1.8906262169713348,2.1620561106415357,4.731243590886146,1,0,4,1,5,1,1,0,1,0,0,1
3998850,c875b4f5-9525-41bc-96d0-8f7a6ffc23f4,2,93,52,France Women's,Sakina Karchaoui,Thiniba Samoura,78.7,69.3,67.7,41.7,29.711277,-1.6898888023718612,0.2629144873304204,0.007160101984269792,-0.2557543853461506,0.6430245319187275,0.0970734088004932,-0.5459511231182343,1.3699213744746594,0.4710515443744693,-0.8988698301001902,4.344883434311341,16.99877986914965,0,0,1,0,1,0,0,0,1,0,0,1
3998850,2c19a68c-fa07-4d0a-9c0d-ec003974c488,2,93,57,France Women's,Thiniba Samoura,Lou Bogaert,81.8,37.8,98.2,12.5,30.150455,3.1707065310755453,0.22885766055637344,0.028643007436990033,-0.2002146531193834,0.7246011688785796,0.19658483635453983,-0.5280163325240398,1.6574643748442823,0.6746662567747054,-0.982798118069577,5.54222638636835,11.91357174149777,0,0,0,0,1,0,0,0,1,0,0,1