match_id,pass_id,period,minute,second,team,passer,receiver,start_x,start_y,end_x,end_y,pass_length,progression,p_start_tau3,p_end_tau3,pt_tau3,p_start_tau5,p_end_tau5,pt_tau5,p_start_tau8,p_end_tau8,pt_tau8,nearest_start,nearest_end,n3_start,n3_end,n5_start,n5_end,n8_start,n8_end,passer_under_pressure,receiver_under_pressure,retained5,shot5,shot10,good5
3998848,ba6c4595-59fb-4002-80c0-6707af8c2ba0,1,0,4,Poland Women's,Oliwia Woś,Adriana Achcińska,34.5,34,64.8,54.2,36.41607,28.71307484963426,0.07329016902740691,0.15736501062758063,0.08407484160017371,0.25619606938035927,0.4795088714184296,0.22331280203807036,0.5865540843105512,1.1150717428381403,0.528517658527589,8.141101843710748,5.9966109118334785,0,0,0,0,0,1,0,0,0,0,0,0
3998848,c757cabc-3774-4af2-b95d-6fcdb59bf54d,1,0,10,Sweden Women's,Julia Zigiotti-Olme,Ingrid Filippa Angeldal,46.8,30,52.9,41,12.5781555,6.772451393482456,1.027280195233112,0.18961257741448365,-0.8376676178186284,1.5616033950793307,0.7150606992466243,-0.8465426958327064,2.352415415200366,1.6047751967512396,-0.7476402184491262,0.5950212397435461,7.858031510514479,1,0,1,0,3,1,0,0,0,0,0,0
3998848,8a4d1537-1d4a-4507-b171-adedb02834b4,1,0,27,Poland Women's,Oliwia Woś,Kinga Szemik,31.8,21.6,25.7,37.1,16.657131,-4.245746569788295,0.006069421479445926,0.003929080378884992,-0.002140341100560934,0.07188445115964023,0.048302498981162074,-0.02358195217847816,0.3150337960462078,0.22009797926777017,-0.09493581677843763,16.831321884557497,17.58691715430826,0,0,0,0,0,0,0,0,1,0,0,1
3998848,816f6330-ff10-4531-8e4c-f453cf63e253,1,0,30,Poland Women's,Kinga Szemik,Tanja Pawollek,25.2,36.5,38.6,39.4,13.710216,13.462376430506666,0.09705284308653447,0.3759217776529173,0.27886893456638284,0.2973576725959139,0.8023377536610694,0.5049800810651555,0.6294812711028498,1.4577870567181703,0.8283057856153205,7.294040673776807,3.411179418409555,0,0,0,1,1,1,0,1,1,0,0,1
3998848,397d30c6-280f-4df7-8c0a-a38093743542,1,0,31,Poland Women's,Tanja Pawollek,Kinga Szemik,38.7,39.4,25.2,33,14.940214,-13.75587351243658,0.3759218197886928,0.012118579676566023,-0.3638032401121268,0.8023377702541983,0.10298607944896201,-0.6993516908052363,1.4577870259782635,0.3879311229084162,-1.0698559030698473,3.4111790305525265,14.904978631573307,0,0,1,0,1,0,1,0,0,0,0,0
3998848,880173f3-66a0-49b2-9530-03751743a9c5,1,0,32,Poland Women's,Kinga Szemik,Oliwia Woś,25.2,33,28,19.9,13.395895,0.8879754730647988,0.012118579676566023,0.014421075486593262,0.0023024958100272396,0.10298607944896201,0.1165805763852501,0.013594496936288086,0.3879311229084162,0.4415573595101257,0.05362623660170951,14.904978631573307,13.368598690647618,0,0,0,0,0,0,0,0,0,0,0,0
3998848,eb8be814-9e6c-4376-ae7c-7d6294e79d70,1,1,10,Sweden Women's,Amanda Nildén,Madelen Fatimma Maria Janogy,76.9,4.8,78.4,13.1,8.434453,6.107971472830684,0.3542672344001096,0.3568665919763653,0.0025993575762556786,0.623582558809742,0.8313670400925541,0.20778448128281213,1.0303681968636185,1.4895696206689761,0.45920142380535767,3.2196443752421193,4.6454907061086805,0,0,1,1,1,2,0,0,1,0,1,1
3998848,88af7e8c-1b67-4525-8905-2c42d7237992,1,1,15,Sweden Women's,Madelen Fatimma Maria Janogy,Amanda Nildén,89,3.8,94.4,3.6,5.4037023,3.1588400098250276,0.5076142636888679,0.9183713411517602,0.41075707746289236,0.846710549570303,1.2714295464620606,0.4247189968917576,1.321616588323187,1.7437535796067265,0.42213699128353954,2.32716590919379,0.8530226712817991,1,1,1,1,1,2,0,1,1,0,1,1
3998848,cbbd2413-5e10-43b5-b8f7-95668bfde849,1,1,56,Sweden Women's,Ingrid Filippa Angeldal,Johanna Rytting-Kaneryd,93.5,61.9,116.2,63.3,22.743132,10.770353079420648,0.4056656566122495,0.41974620126067946,0.014080544648429949,0.9594859769089694,0.7830405247017989,-0.17644545220717056,1.6955538938755035,1.409088515767396,-0.28646537810810746,4.908034753040074,2.8284636798444818,0,1,1,1,3,1,0,0,0,1,1,1
3998848,862673d2-767b-455a-be08-1cf51ae260d0,1,1,59,Sweden Women's,Johanna Rytting-Kaneryd,Kosovare Asllani,116.2,63.3,113,42.4,21.143557,16.207837681583626,0.692609435800893,1.0800212901675033,0.3874118543666103,1.0753912963914636,2.1612018411209806,1.085810544729517,1.750820056791559,3.3951153413623305,1.6442952845707715,1.3427821132092672,2.319751467863624,1,1,1,1,1,4,0,0,0,1,1,1
3998848,9e5185a5-1027-4d22-b001-8eb629bd9d2e,1,2,57,Poland Women's,Kinga Szemik,Sylwia Matysik,5.8,37.3,15,75.3,39.097828,3.4569611867668044,0.017701206746947622,0.015351496763229305,-0.002349709983718317,0.12295760766246046,0.0874313449813041,-0.035526262681156356,0.38906827712208647,0.2508976558307067,-0.13817062129137975,12.894199828867936,12.574985546587166,0,0,0,0,0,0,0,0,0,0,0,0
3998848,10c19f37-4eb4-42c1-9718-14ca43b7876f,1,3,9,Sweden Women's,Johanna Rytting-Kaneryd,Amanda Nildén,80.3,21.4,89.3,4.8,18.882797,-2.865661068494191,0.49466006046854066,0.10029205019974367,-0.394368010268797,1.1440511628525027,0.33337114037605264,-0.8106800224764501,2.1709171415955852,0.8015202075050761,-1.369396934090509,3.2050947526340945,7.258130015235034,0,0,1,0,1,1,0,0,1,0,0,1
3998848,7299b2a5-85f5-4626-b069-769edd386182,1,3,13,Sweden Women's,Amanda Nildén,Ingrid Filippa Angeldal,85.6,3.8,78.7,25.8,23.05667,6.264972148123668,0.8590997993672899,0.44476499993456603,-0.41433479943272383,1.051734949965098,0.8346555353970172,-0.2170794145680809,1.4921795837048628,1.596192482501726,0.10401289879686315,0.5195671483919109,2.6533546005799424,1,1,1,1,1,1,0,0,1,0,0,1
3998848,13e4e8cc-83ea-4f0b-aaad-44baa135e3cd,1,3,22,Poland Women's,Paulina Tomasiak,Ewa Pajor,52.1,26.1,63.4,23.4,11.61809,10.324086833738448,0.5557379304936543,0.9918339343777386,0.4360960038840843,0.9775859269647139,1.846908828486145,0.8693229015214311,1.6605003719418159,2.7857100186925634,1.1252096467507475,2.0704054510431,2.3279333581910766,1,1,1,2,1,4,1,0,1,0,0,1
3998848,0e855919-d2ed-4aab-9f06-62e1c7c58c0a,1,3,27,Poland Women's,Ewa Pajor,Paulina Tomasiak,68.5,15.9,63.4,7.1,10.171038,-8.607316574372113,0.8999083693178404,0.18758683370621115,-0.7123215356116293,1.457222827344815,0.5677473094430124,-0.8894755179018025,2.16827978233298,1.183883897599959,-0.9843958847330208,1.5902734932037885,6.569309669432161,1,0,2,0,2,1,1,0,1,0,0,1
3998848,f1ada77c-b271-4105-a153-467237a1a957,1,3,31,Sweden Women's,Ingrid Filippa Angeldal,Johanna Rytting-Kaneryd,52.8,76.6,82.1,79.5,29.443165,21.778828095209448,0.5253529206171623,0.015243534563567987,-0.5101093860535943,1.1343671360928371,0.11440593922774676,-1.0199611968650903,1.8511517692193662,0.4292699100161749,-1.4218818592031912,4.279160994692394,12.936893735238817,0,0,1,0,3,0,0,0,1,0,0,1
3998848,48454364-84ca-49c3-8a3c-e3df1ccf184d,1,3,49,Sweden Women's,Julia Zigiotti-Olme,Johanna Rytting-Kaneryd,72.2,53.1,93.9,73.9,30.058775,6.779178697118937,0.09151612408428543,0.06884874449325629,-0.022667379591029144,0.3837186792314124,0.3161418917792026,-0.0675767874522098,0.9455253626717772,0.8288078654175484,-0.11671749725422886,8.4995401925041,9.466252918878133,0,0,0,0,0,0,0,0,1,0,1,1
3998848,0e3b8410-727e-419f-9cda-242823e484d1,1,3,59,Sweden Women's,Johanna Rytting-Kaneryd,Ingrid Filippa Angeldal,110.5,58.7,104.1,48,12.467959,3.17558943733707,0.5329599710904682,1.070822811164575,0.5378628400741068,1.3228551579295433,2.0146646840144227,0.6918095260848793,2.4874458633517174,3.2700611917883387,0.7826153284366213,3.8574197320598818,1.6844985343531031,0,1,1,2,3,4,0,1,0,1,1,1
3998848,1a1647e9-b935-4e50-8853-545570621126,1,4,42,Poland Women's,Dominika Grabowska,Martyna Wiankowska,75.4,25.3,79.8,35.3,10.9252,6.48627073971663,1.0827440998284976,0.5672321569661776,-0.51551194286232,1.9685944965247797,1.4228255062380106,-0.5457689902867691,3.0496904704984136,2.556563579254426,-0.4931268912439877,2.613103728171143,4.425649932465788,2,0,2,1,3,3,0,0,0,1,1,1
3998848,9bcc8c45-e536-4b66-b474-5834951f8400,1,5,4,Sweden Women's,Julia Zigiotti-Olme,Johanna Rytting-Kaneryd,37.1,60.5,54.2,78.4,24.755201,9.211772129918302,0.03517896864724636,0.06743195210641077,0.032252983459164414,0.22790950859941475,0.29312166129515965,0.0652121526957449,0.6753398962784134,0.7472082644696483,0.07186836819123488,12.816213774439879,9.152477853052215,0,0,0,0,0,0,0,0,1,0,0,1
3998848,1eeb8bab-471b-4d30-9349-37a19de1e157,1,5,8,Sweden Women's,Johanna Rytting-Kaneryd,Hanna Lundkvist,58.1,78.8,50.5,77.3,7.746612,-5.821623104019196,0.40053410885489754,0.043782110002889674,-0.35675199885200787,0.6535532924854234,0.1805531646266958,-0.4730001278587276,1.0423819607581613,0.5027499057713315,-0.5396320549868298,2.807731358162628,9.478702828310752,1,0,1,0,1,0,0,0,1,0,0,1
3998848,1004e8ee-e3a2-4a93-94ae-e004e2be09ba,1,5,10,Sweden Women's,Hanna Lundkvist,Julia Zigiotti-Olme,50.5,77.3,56.6,61.5,16.936647,11.930417502556338,0.03853287993936034,0.1207529730199517,0.08222009308059136,0.17527917888118255,0.4869636902829905,0.311684511401808,0.49643661194852945,1.1338950270145562,0.6374584150660267,9.96660839147364,9.269704605496269,0,0,0,0,0,0,0,0,0,0,0,0
3998848,3904d941-3424-4b18-9319-b89eb150ebe5,1,5,12,Sweden Women's,Julia Zigiotti-Olme,Johanna Rytting-Kaneryd,56.4,61.8,69.5,77.6,20.524376,4.272048279870496,0.3131216216504548,0.044037085063451026,-0.2690845365870038,0.796228243844753,0.2426166823231486,-0.5536115615216044,1.5197803418327243,0.7178494476942151,-0.8019308941385092,5.217410326636417,10.69577570897568,0,0,0,0,2,0,0,0,0,0,0,0
3998848,f1174064-a374-411c-8b43-cb001794ddda,1,5,40,Poland Women's,Kinga Szemik,Oliwia Woś,25.2,30.3,30.2,21.4,10.20833,3.5889109958832535,0.0017493702043313913,0.051841615420551365,0.05009224521621997,0.028991858554171024,0.1789139096375468,0.14992205108337578,0.14139332998857912,0.394789321168657,0.2533959911800779,20.410461134018203,8.904606683125499,0,0,0,0,0,0,0,0,1,0,0,1
3998848,22243c25-5584-412d-bfaa-9eeea113b1b1,1,5,41,Poland Women's,Oliwia Woś,Kinga Szemik,30.4,21.6,21.9,32.5,13.822446,-6.916503102086395,0.05184162673456281,0.01956561370286359,-0.03227601303169922,0.17891393130220792,0.11986169224977818,-0.05905223905242975,0.394789346159976,0.3529028574245794,-0.04188648873539663,8.904606019499694,12.459995219184254,0,0,0,0,0,0,0,0,1,0,0,1
3998848,0b0e58e0-dac5-4ff4-a9f4-a7bf31c81e6f,1,5,43,Poland Women's,Kinga Szemik,Oliwia Woś,21.9,32.5,27,20.2,13.315405,3.301895955390279,0.032463137189191214,0.11855551289446564,0.08609237570527442,0.1684947019748737,0.30275036923638066,0.13425566726150695,0.45276846416763433,0.5813695532067404,0.1286010890391061,11.126831884752862,6.436474480415739,0,0,0,0,0,1,0,0,1,0,0,1
3998848,658637ec-9e82-4be7-86dd-b0538b01414b,1,5,45,Poland Women's,Oliwia Woś,Kinga Szemik,27,20.6,15.4,33.9,17.647945,-9.775822378771025,0.18005632552629994,0.07881477664891387,-0.10124154887738607,0.3872048699099907,0.30604053864529845,-0.08116433126469225,0.6743030184082163,0.6847565666569497,0.010453548248733457,5.178704000619285,9.270783905214175,0,0,0,0,1,0,0,1,1,0,0,1
3998848,4a81fd08-e808-4369-8969-93fc2b8224d5,1,5,47,Poland Women's,Kinga Szemik,Oliwia Woś,14.4,32.6,17.8,15.5,17.434736,0.763339651102541,0.28579697854254016,0.01521227503086062,-0.2705847035116795,0.6347185596485801,0.0958772500493306,-0.5388413095992496,1.0582510426602856,0.30495165612527514,-0.7532993865350104,4.642106099850666,12.714037134718966,0,0,1,0,1,0,1,0,1,0,0,1
3998848,b3f81a3d-9aa3-40d9-a986-4d20b8672039,1,5,51,Poland Women's,Oliwia Woś,Ewa Pajor,30,13.3,59.4,23.4,31.086493,31.044518307431375,0.17339929957967767,1.0574809015068123,0.8840816019271346,0.4296416059347331,1.4774995509014768,1.0478579449667436,0.8754283373151238,2.016466337527206,1.1410380002120823,5.3921498360280475,0.8241460923961238,0,1,0,2,1,2,0,0,1,0,0,1
3998848,44e9bb89-7a45-4db1-adf4-af55d399ad6e,1,5,53,Poland Women's,Ewa Pajor,Dominika Grabowska,59,23.1,53,26.5,6.8963757,-5.048755167570263,1.057481096067904,0.5613295163273576,-0.49615157974054636,1.4774996248133272,1.2599545917126163,-0.21754503310071094,2.016466330759104,2.222908939959271,0.20644260920016722,0.8241449745417234,3.7087916683367355,1,0,2,1,2,2,1,0,1,0,0,1
3998848,5a91a08d-797d-430a-b359-8785150d2457,1,5,58,Poland Women's,Sylwia Matysik,Nadia Krezyman,60.2,52.9,87.5,70.8,32.64506,16.399568983552676,0.008847204952534948,0.1066884078692805,0.09784120291674554,0.09873756482984387,0.2839420526452456,0.18520448781540172,0.43088289497008225,0.5805015490449464,0.1496186540748642,16.415494217185838,6.748195935522756,0,0,0,0,0,1,0,0,1,0,0,1
3998848,f0270877-349f-4842-9122-d537a04ee0fd,1,6,33,Sweden Women's,Amanda Nildén,Gun Nathalie Björn,33.8,12.5,25.9,55,43.228,-4.807707670637839,0.4453844632369989,0.02223522261280412,-0.42314924062419473,0.728657311868529,0.12036033082216772,-0.6082969810463613,1.1060184858306845,0.3663052137134877,-0.7397132721171968,2.5686567855146905,11.535868756359832,1,0,1,0,1,0,0,0,1,0,0,1
3998848,e549d39d-edd2-476b-a6fa-7beb3d7d36c8,1,6,37,Sweden Women's,Gun Nathalie Björn,Hanna Lundkvist,31.6,56.3,54.6,77.6,31.347887,14.452024196375376,0.025912653893713774,0.05942022795262118,0.033507574058907405,0.1304508777568904,0.23167898984123203,0.10122811208434163,0.37901727499216975,0.5552695291118193,0.1762522541196495,11.067833125398062,8.932711092041925,0,0,0,0,0,0,0,0,1,0,0,1
3998848,64e39869-6245-4339-aba4-717be1f24fa4,1,6,50,Sweden Women's,Kosovare Asllani,Julia Zigiotti-Olme,54.6,54.8,48.2,50,8,-5.439324332775271,0.9334775427920099,0.7917462678429702,-0.1417312749490397,1.4831788666255485,1.2325685660738501,-0.2506103005516984,2.2000654017390144,1.8403590095153062,-0.35970639222370826,1.2348788885921282,1.2569663751183775,1,1,2,1,2,2,0,0,1,0,0,1
3998848,708ab95a-8f12-48ea-9344-ac149825a56e,1,6,52,Sweden Women's,Julia Zigiotti-Olme,Amanda Ilestedt,48.2,50,37.7,41,13.829317,-9.81304096180466,0.7218821460185986,0.00843514025372637,-0.7134470057648722,1.1756496094534272,0.09681951917744823,-1.078830090275979,1.7946556046546605,0.42016719760555893,-1.3744884070491015,1.5715222619247695,15.604575788584018,1,0,1,0,2,0,0,0,1,0,0,1
3998848,206a25a3-9d60-441e-a584-fbe2882045a3,1,6,55,Sweden Women's,Amanda Ilestedt,Julia Zigiotti-Olme,38.5,42.1,47.2,50.5,12.093387,7.973736728111533,0.008489805495951918,0.035201647538849384,0.026711842042897466,0.09925023720177809,0.2466006040919609,0.14735036689018283,0.4311988912461499,0.7721335585685716,0.34093466732242167,15.730141259035278,13.129737161782911,0,0,0,0,0,0,0,0,1,0,0,1
3998848,6a315c28-31d9-4479-859a-8ac11f855ef3,1,6,58,Sweden Women's,Julia Zigiotti-Olme,Hanna Lundkvist,55.1,52.6,68.1,76.3,27.031279,2.776974705605298,0.16088593052944317,0.04561636356874709,-0.11526956696069607,0.531287860021782,0.21535128791694425,-0.3159365721048377,1.1560375318118845,0.6098288545060825,-0.546208677305802,6.60407078359817,9.72004002254452,0,0,0,0,1,0,0,0,1,0,0,1
3998848,2ed7d55c-f3a4-48b4-add1-c5acda18b36c,1,7,20,Sweden Women's,Madelen Fatimma Maria Janogy,Kosovare Asllani,83.8,16.2,111,20.4,27.522354,21.75540487556836,0.7597551562347368,1.2076528002113323,0.4478976439765955,1.3004102173941567,1.6652450981933649,0.3648348807992081,2.06541137671651,2.309462273602793,0.24405089688628312,1.609248911773831,1.1031092297412783,1,2,1,2,2,2,0,0,0,0,0,0
3998848,e5532fbb-dae9-4991-a473-07b53cccfd4e,1,7,38,Poland Women's,Paulina Tomasiak,Martyna Wiankowska,45.6,4.4,29.3,3.1,16.351759,-15.440240661480942,0.25276894916281956,0.01683380720062209,-0.23593514196219748,0.5984106663933623,0.11997522168860998,-0.4784354447047523,1.1072971381721983,0.4322456551655427,-0.6750514830066556,4.8192725719701945,12.643779335897452,0,0,1,0,1,0,0,0,1,0,0,1
3998848,e356141c-4613-40a9-8b65-2f6dc581e295,1,7,42,Poland Women's,Martyna Wiankowska,Paulina Tomasiak,30,3.4,43.4,0.7,13.669309,11.064134687997182,0.7471568372197593,0.3998366443162303,-0.34732019290352906,0.9142958039952572,0.6656883674728559,-0.24860743652240136,1.2408249319097906,1.0572533775640192,-0.18357155434577144,0.9002415578880655,2.8479627687834608,1,1,1,1,1,1,1,0,0,0,0,0
3998848,383d9b56-35a1-49f1-80ee-876c7387d1e2,1,8,18,Sweden Women's,Julia Zigiotti-Olme,Hanna Lundkvist,70,65.3,67.6,77.3,12.237647,-8.283397648723145,0.781052291453171,0.20945966812280276,-0.5715926233303683,1.2515553896998535,0.6033992147779887,-0.6481561749218647,1.9077409174235498,1.2280074417098206,-0.6797334757137292,1.4451322590228077,6.887823258856304,1,0,1,0,2,2,0,0,1,0,0,1
3998848,aef785be-10a3-459c-aa34-da683362fb03,1,8,21,Sweden Women's,Hanna Lundkvist,Gun Nathalie Björn,59,77,48,74.3,11.326517,-8.408444278798186,0.07397723539731586,0.008601273608585073,-0.06537596178873079,0.335972528301595,0.09078660217941852,-0.2451859261221765,0.820569580832714,0.3580252227131513,-0.46254435811956274,10.000308265866442,15.99419424445184,0,0,0,0,0,0,0,0,1,0,0,1
3998848,331c99f2-95e4-418d-be9d-7ac348435aea,1,8,24,Sweden Women's,Gun Nathalie Björn,Amanda Ilestedt,47.8,72.6,45.6,32.3,40.360004,4.421291661969718,0.007569408430504434,0.001964232567104169,-0.005605175863400265,0.08584527599691665,0.029424606037519892,-0.05642066995939675,0.3490637662163777,0.1483660955097179,-0.20069767070665978,16.805486880008583,19.05183257285588,0,0,0,0,0,0,0,0,1,0,0,1
3998848,348f7c62-26f5-486d-a9de-f43fb22b2613,1,8,30,Sweden Women's,Amanda Ilestedt,Gun Nathalie Björn,48,33.7,56.4,54,21.969297,7.152445937898875,0.012207971404395621,0.015550914140955566,0.0033429427365599448,0.09413761415752943,0.12838917096408753,0.0342515568065581,0.37594456721723424,0.49146864573764626,0.11552407852041202,13.457943261877677,13.497853674893708,0,0,0,0,0,0,0,0,1,0,0,1
3998848,efb3cde5-cd9e-4f9b-b98e-b4b8da95d7fb,1,8,34,Sweden Women's,Ingrid Filippa Angeldal,Johanna Rytting-Kaneryd,71,72.1,88.6,78.1,18.594624,9.206485222302405,0.6355153213689948,0.04548799073277676,-0.590027330636218,0.9391864566788141,0.22151069542510302,-0.717675761253711,1.4043975807668159,0.6078835377478242,-0.7965140430189916,1.61495508444039,10.066299199026089,1,0,1,0,1,0,0,0,1,0,0,1
3998848,95894125-4f8e-4998-b177-abb174340e23,1,8,40,Sweden Women's,Hanna Lundkvist,Johanna Rytting-Kaneryd,106.4,66.8,100,78.1,12.986531,-12.977052124836561,0.46672008080471833,0.1944659922697106,-0.27225408853500777,0.8828569200645004,0.4749771182486594,-0.40787980181584105,1.4488380326614851,0.9451269341333851,-0.5037110985281,3.2872957834996828,5.169297181989239,0,0,1,0,2,1,0,0,1,0,0,1
3998848,77d951de-222b-4d6a-87e5-28213b663aa8,1,8,53,Sweden Women's,Ingrid Filippa Angeldal,Johanna Rytting-Kaneryd,114.5,65.6,117.9,53,13.050671,13.01563243847578,0.5777448538749315,1.2631434614382848,0.6853986075633534,1.1476802891489655,2.230839793425867,1.0831595042769013,1.9632816521038485,3.5060330911343236,1.542751439030475,2.839084798929806,0.8772642329399449,1,1,1,1,2,5,0,1,0,0,0,0
3998848,58f23cc0-9ece-41a7-83d0-399002edf575,1,9,3,Sweden Women's,Jennifer Miley Falk,Gun Nathalie Björn,45.8,39.2,52.9,53.4,15.876082,5.779390182935572,0.00118656466719479,0.005322583335365114,0.004136018668170324,0.017562035359178208,0.043218877393346136,0.025656842034167928,0.07995751339785001,0.14037699009266183,0.06041947669481182,20.210078943275246,15.707389512403791,0,0,0,0,0,0,0,0,1,0,0,1
3998848,84a16f46-9a66-4527-9ef9-fcc75389eb2f,1,9,7,Sweden Women's,Gun Nathalie Björn,Julia Zigiotti-Olme,53,53.6,67.1,51.3,14.286357,14.272928320034012,0.011742210628911313,0.19704657855925725,0.18530436793034594,0.0818355910828461,0.6285815941303318,0.5467460030474857,0.2764947105469,1.291448915358864,1.014954204811964,13.473282428601713,6.597021911318957,0,0,0,0,0,1,0,0,1,0,0,1
3998848,1b6f47bb-bc38-4342-973d-b2dc1c0fb240,1,9,9,Sweden Women's,Julia Zigiotti-Olme,Hanna Lundkvist,66.9,53.4,88.4,78.4,32.973473,5.034204842713741,0.22394176037189617,0.06975791290189953,-0.15418384746999664,0.6128009790972264,0.283207066925413,-0.32959391217181344,1.2478050270998187,0.7313531523352966,-0.516451874764522,5.24332719234436,8.751711328563205,0,0,0,0,1,0,0,0,1,0,0,1
3998848,4ec42a25-e24b-4ddc-8531-0341b91b429a,1,9,29,Sweden Women's,Amanda Ilestedt,Amanda Nildén,78.1,38.2,84.4,21.4,17.942408,1.7724907556069383,0.36770745146399597,0.30498677865984164,-0.06272067280415433,0.7728318191694333,0.6186403826640563,-0.15419143650537703,1.4574699939638889,1.1858089330239332,-0.2716610609399557,3.7084017531835247,3.7472348908751694,0,0,1,1,2,1,0,1,0,0,0,0
3998848,3f1ee454-0bde-4113-90c9-dd281ceed8a9,1,10,11,Poland Women's,Adriana Achcińska,Kinga Szemik,33.1,65.3,9.9,40.9,33.668976,-19.59566771748048,0.4675935233697931,0.0020214846144060816,-0.465572038755387,0.9221170652924219,0.03408036231618549,-0.8880367029762364,1.3999479582236942,0.1829918476196964,-1.2169561106039979,3.5680824693768574,19.436947765374427,0,0,1,0,2,0,0,0,1,0,0,1
3998848,21aff567-9d3f-4ecf-a1d2-fcd0c94ec725,1,10,16,Poland Women's,Kinga Szemik,Oliwia Woś,15,42.8,23.8,16.8,27.448862,6.0793558221258905,0.3299563774808143,0.018740670138209865,-0.31121570734260445,0.5822778054058363,0.14006336423107094,-0.4422144411747654,0.9087740442891147,0.4495824490683813,-0.4591915952207334,3.441790955580884,14.294348108686444,0,0,1,0,1,0,1,0,1,0,0,1
3998848,dddad60a-1fb3-4461-a78a-832c33510f16,1,10,51,Sweden Women's,Emma Stina Blackstenius,Kosovare Asllani,68.3,24.9,63.5,25.9,4.9030604,-4.372804908613645,1.304331759254114,1.1106752191430649,-0.19365654011104905,1.9550950347859677,1.914180144565462,-0.04091489022050565,2.912936386453131,2.9149710386804206,0.0020346522272896017,1.4368609170325464,1.494243439571951,2,1,2,2,2,3,1,0,1,0,0,1
3998848,df4ab48b-656a-448b-94e8-2b98ede0c616,1,10,53,Sweden Women's,Kosovare Asllani,Johanna Rytting-Kaneryd,63.2,26.5,70.8,34.1,10.748023,8.829777292953196,1.2750610795713644,0.2968196912376671,-0.9782413883336973,2.0277086159834963,0.9577987164281598,-1.0699098995553364,2.98344388391796,2.0394401851744375,-0.9440036987435225,0.7944687454364531,5.730624988091267,1,0,2,0,4,1,0,0,1,0,0,1
3998848,d2dd143a-6101-4c5a-a773-cd8bbc6b4ef3,1,10,57,Sweden Women's,Johanna Rytting-Kaneryd,Ingrid Filippa Angeldal,87.5,43.8,93.5,56,13.595588,1.765786341233646,1.2474691663222932,0.294799697304659,-0.9526694690176343,2.099176514459925,0.8069323140414443,-1.2922442004184806,3.1914703223895033,1.6012001313981747,-1.5902701909913286,0.8349237641609343,5.147419298375054,1,0,1,0,4,1,0,0,0,0,0,0
3998848,970784e1-3aa6-4d45-9e34-561984d02070,1,11,3,Poland Women's,Dominika Grabowska,Nadia Krezyman,32.1,32.9,43.8,68.4,37.378338,6.865925956396737,0.13902958674875635,0.2067423305952455,0.06771274384648915,0.5851425340056923,0.5040736431176376,-0.08106889088805469,1.441597601363272,1.017534441353011,-0.4240631600102611,8.276886526065415,5.037057238536888,0,0,0,0,0,1,0,0,1,0,0,1
3998848,61d95302-244e-45c3-865a-d9c355cfff8c,1,11,7,Poland Women's,Nadia Krezyman,Sylwia Matysik,43.4,68,34.5,58,13.386934,-5.817098710955335,0.3879081144700125,0.19368328787096767,-0.19422482659904483,0.7401193365427833,0.5554277626344106,-0.18469157390837265,1.2915556973531255,1.2338892791501634,-0.05766641820296203,3.1535419304327474,5.3482072340103235,0,0,1,0,1,1,0,0,1,0,0,1
3998848,6fc5e4e5-1f3e-424b-a64a-3b4983d29a9b,1,11,8,Poland Women's,Sylwia Matysik,Ewa Pajor,34.5,58,63.1,46.7,30.751423,30.08108923273931,0.19368328787096767,0.444446317806373,0.25076302993540533,0.5554277626344106,1.0773507487829264,0.5219229861485157,1.2338892791501634,2.073085816242773,0.8391965370926098,5.3482072340103235,4.0859791424504435,0,0,0,1,1,2,0,0,1,0,0,1
3998848,66f12afa-3844-4db8-a7d3-5b1c24143f81,1,11,18,Poland Women's,Nadia Krezyman,Tanja Pawollek,63.7,73.9,63.4,53.8,20.10224,7.460291729832491,0.6740247629674238,1.0224012186515288,0.348376455684105,0.9275990812512299,1.5023887503012021,0.5747896690499722,1.406772085872412,2.3849039104112855,0.9781318245388735,1.26526383212287,0.4798082319791698,1,1,1,1,1,2,0,0,0,0,0,0
3998848,223e4415-001a-48d4-ae89-69907ca41947,1,11,20,Poland Women's,Tanja Pawollek,Adriana Achcińska,63.5,53.9,58.9,52.5,4.8083262,-4.180829459825155,1.0224019744938682,0.2911676979835776,-0.7312342765102906,1.5023892400239767,0.8523182134529226,-0.6500710265710541,2.3849042585467912,1.8114193330151598,-0.5734849255316314,0.4798054901270659,5.315417426607117,1,0,1,0,2,1,1,0,0,0,0,0
3998848,7cc5de86-9236-40af-a469-8a8bafdd1628,1,11,29,Sweden Women's,Hanna Lundkvist,Gun Nathalie Björn,26.5,60.1,23.7,56,4.9648767,-1.9840500632758733,0.9451573499415941,0.6422901500764524,-0.30286719986514166,1.138320045663976,1.026605305819995,-0.11171473984398084,1.4271341620781384,1.4121089680998562,-0.01502519397828217,0.34888223906429056,2.667899750868607,1,1,1,2,1,2,0,0,1,0,0,1
3998848,85a53a98-e5a1-45fa-ae9a-29dcf8f03020,1,11,29,Sweden Women's,Gun Nathalie Björn,Julia Zigiotti-Olme,23.7,56,37.5,48.5,15.706368,14.683408253086938,0.6572546146121646,0.08716651806212161,-0.570088096550043,1.047053943759862,0.3720407273435411,-0.675013216416321,1.4376745134131168,0.8766018499098327,-0.5610726635032841,2.7144370598790486,9.204162243806074,1,0,2,0,2,0,0,0,1,0,0,1
3998848,29d72e4b-e4c5-49e0-8bb1-750abc64358e,1,11,31,Sweden Women's,Julia Zigiotti-Olme,Hanna Lundkvist,37.2,48.6,36.8,66.4,17.804493,-4.0426086671413515,0.08868295323300472,0.2631892488780911,0.17450629564508635,0.3923872634738573,0.5595806745769062,0.16719341110304892,0.9642627743978062,1.051898693655686,0.08763591925787984,9.204161278215686,4.181890251625498,0,0,0,1,0,1,0,0,0,0,0,0
3998848,0ffbc2dc-df13-4df1-9569-fba0550fd43f,1,12,3,Sweden Women's,Julia Zigiotti-Olme,Ingrid Filippa Angeldal,79.1,31.4,81.5,48.4,17.168575,2.388667366200508,0.5232140491503678,0.18612351544873562,-0.3370905337016322,1.0829792397464748,0.6646234234124155,-0.41835581633405927,1.9179423821338462,1.559593410107941,-0.3583489720259052,3.7547097318470795,6.619645396695409,0,0,2,0,2,1,0,0,1,0,1,1
3998848,4d0248f7-238b-42b7-b18f-c1ea3bba0941,1,13,4,Sweden Women's,Julia Zigiotti-Olme,Amanda Nildén,16.5,11.5,13.1,3.8,8.417244,-5.510746001814525,0.3646056764726185,0.13505421850723173,-0.22955145796538676,0.8107904120236573,0.4341288776541964,-0.3766615343694609,1.3954496018172162,0.8990373145666204,-0.49641228725059583,4.550014418785112,6.970821563656977,0,0,1,0,2,1,0,0,1,0,0,1
3998848,7018fb82-b7ec-47c9-926f-372faa649043,1,13,7,Sweden Women's,Amanda Nildén,Emma Stina Blackstenius,18.2,2.8,55.6,9.3,37.960636,37.04076247285258,0.7841367696876265,0.974877529552733,0.19074075986510652,1.1091281866900338,1.309439546290256,0.20031135960022217,1.597456984641962,1.78804340468212,0.19058642004015813,1.0127760481841286,0.5679844065207187,1,1,1,1,1,2,0,1,1,0,0,1
3998848,5fe41893-bd81-43ca-af26-a2bc9f906344,1,13,17,Poland Women's,Martyna Wiankowska,Kinga Szemik,35.9,19.6,10.5,34.3,29.347061,-23.10942058721257,0.17432923883023194,0.0004233228888615079,-0.17390591594137042,0.4840820737352463,0.01479129173606844,-0.46929078199917784,1.0176580948881107,0.11463637219458449,-0.9030217226935262,5.672471495040867,25.172066091624952,0,0,0,0,1,0,0,0,1,0,0,1
3998848,513289d7-de84-4cde-88f0-c0c7946aa021,1,13,23,Poland Women's,Kinga Szemik,Oliwia Woś,14.2,34.4,18.4,24.6,10.662083,3.1876022549477057,0.007365409540028179,0.013901034614206605,0.006535625074178426,0.07105093564959174,0.09059090142954182,0.019539965779950083,0.2646201316051233,0.28660379559018373,0.02198366398506041,16.498354724051786,13.050952794813243,0,0,0,0,0,0,0,0,1,0,0,1
3998848,fbb0e5bb-d1f1-4f1c-8b5c-913ced00b2eb,1,13,25,Poland Women's,Oliwia Woś,Kinga Szemik,18,24.3,12.7,35.8,12.662543,-4.180956746402387,0.05424755521407405,0.06672069899046039,0.012473143776386336,0.19538542881821683,0.2517829331036761,0.05639750428545928,0.4473745069938763,0.560194893132533,0.11282038613865669,8.846105943088897,8.869361305753351,0,0,0,0,0,0,0,1,1,0,0,1
3998848,e68111c8-4eac-47f8-968b-a12e0dc44354,1,13,27,Poland Women's,Kinga Szemik,Oliwia Woś,12.6,35.1,16.3,20.6,14.964625,2.012668162881198,0.272678364678486,0.03112456837066663,-0.24155379630781937,0.5435424705746693,0.139997183661873,-0.40354528691279634,0.8744560252282921,0.3842059446322044,-0.4902500805960877,4.165881389055006,10.466638070035245,0,0,1,0,1,0,1,0,0,0,0,0
3998848,eed18f5f-7895-4219-967d-9643634c2bd1,1,13,39,Sweden Women's,Amanda Ilestedt,Gun Nathalie Björn,46.5,46.5,50.5,57.7,11.892855,2.0683778019319448,0.010960322148902149,0.017060733104239313,0.006100410955337164,0.09122628362944253,0.13610668925949318,0.04488040563005065,0.34164561142280003,0.4588362686425869,0.11719065721978689,13.9707695931865,14.474384273857307,0,0,0,0,0,0,0,0,1,0,0,1
3998848,33cd72bf-4472-46df-9056-11e693af1104,1,13,43,Sweden Women's,Gun Nathalie Björn,Hanna Lundkvist,64,56.7,77,77.7,24.698177,1.2506107148701773,0.39041578208931854,0.03358051722192639,-0.35683526486739214,0.8884409694738475,0.21210159694715844,-0.6763393725266891,1.5977926987405895,0.6669956638480201,-0.9307970348925694,4.40207736032201,11.777125819216561,0,0,1,0,2,0,0,0,1,0,0,1
3998848,ec2cdf56-06ae-4cdc-a1a8-a8fc2cdc1cf4,1,13,48,Sweden Women's,Hanna Lundkvist,Johanna Rytting-Kaneryd,92,76.1,85.3,75.2,6.7601776,-3.7420350086566856,0.48098636608037926,0.3935774242187393,-0.08740894186163994,0.8765430215016039,0.7471455016567782,-0.12939751984482573,1.473356706772256,1.3293455127954765,-0.14401119397677942,2.560338235620177,3.0257998803465957,1,0,1,1,1,1,0,0,1,0,0,1
3998848,f95da402-0b06-49fd-adf9-02d5b476be1f,1,13,49,Sweden Women's,Johanna Rytting-Kaneryd,Gun Nathalie Björn,83.9,73.3,71.7,55.5,21.57962,-1.6129926907473262,0.4566111411009796,0.029328364341656084,-0.4272827767593235,0.8607135257434854,0.1821315462555272,-0.6785819794879582,1.5122329001252788,0.6022210092269457,-0.9100118908983331,2.67941009772306,11.317928387329395,1,0,1,0,1,0,0,0,1,0,0,1
3998848,2565c81b-3629-4b20-a3bc-25069af735e2,1,13,52,Sweden Women's,Gun Nathalie Björn,Amanda Ilestedt,71.4,55,66.3,36.6,19.093716,-2.9453606683965035,0.05560920121143334,0.019735050145434942,-0.035874151065998394,0.25866303371178184,0.11344503880135923,-0.14521799491042262,0.7358816926107136,0.38535212238007466,-0.3505295702306389,9.25796292769261,11.872926296419353,0,0,0,0,0,0,0,0,1,0,0,1
3998848,87cded5a-39f0-4f5b-912d-71cfad862535,1,13,55,Sweden Women's,Amanda Ilestedt,Julia Zigiotti-Olme,65.4,31.4,76.5,37.9,12.863126,11.72247979488126,0.17236988186791988,0.3123266922273451,0.13995681035942523,0.4141112383260682,0.844449848255179,0.43033860992911077,0.8807596784301995,1.726297269119473,0.8455375906892734,5.363239458547643,5.1046308257847945,0,0,0,0,1,2,0,0,1,0,0,1
3998848,402527cf-9525-4948-b3a9-e6c8f21b89eb,1,14,1,Sweden Women's,Jennifer Miley Falk,Gun Nathalie Björn,27.8,43.7,38.3,63.2,22.147234,7.3440631464541895,0.1008346288368297,0.009805243057575803,-0.0910293857792539,0.25244444724691073,0.06235553621242638,-0.19008891103448436,0.42301292668660234,0.17652120619089592,-0.24649172049570642,6.882820326879978,13.874514091485441,0,0,0,0,1,0,0,0,1,0,0,1
3998848,c3db9144-cdb9-43d2-b44c-6598f741c74a,1,14,7,Sweden Women's,Gun Nathalie Björn,Ingrid Filippa Angeldal,41.3,66.6,48.7,63.3,8.1024685,8.063229810500232,0.04471534107595607,0.3730405271435101,0.328325186067554,0.23281649181348207,0.7140671921351667,0.4812507003216846,0.6108878192737381,1.171394660424158,0.5605068411504199,10.862788607699198,3.297316818346475,0,0,0,1,0,1,0,0,1,0,0,1
3998848,f64846dd-9f69-4919-846c-74fbcb9464ee,1,14,7,Sweden Women's,Ingrid Filippa Angeldal,Gun Nathalie Björn,48.8,63.3,42.9,72.1,10.5948105,-8.599902088114092,0.47561415850781874,0.06157323337480365,-0.4140409251330151,0.8098468398950569,0.2731785473853223,-0.5366682925097346,1.2519035088292545,0.6662850091224023,-0.5856184997068522,2.5111297857677797,9.572756869775741,1,0,1,0,1,0,0,0,1,0,0,1
3998848,84657b60-0c5a-4a1f-bc67-8a3cd3413f9f,1,14,13,Sweden Women's,Gun Nathalie Björn,Ingrid Filippa Angeldal,47.7,69.8,61.1,60.2,16.483932,15.933007643265725,0.07791780199650115,0.44949570860696203,0.37157790661046086,0.3068530618259511,1.0271339607009544,0.7202808988750034,0.7509755476440445,1.7490876251782435,0.998112077534199,8.329789551476901,4.567690231613846,0,0,0,1,0,2,0,0,1,0,0,1
3998848,69e57f0f-08d4-4483-b465-e63afe088989,1,14,15,Sweden Women's,Ingrid Filippa Angeldal,Hanna Lundkvist,63.1,59.6,84.6,77.7,28.104448,8.46605838617819,0.9725650421645357,0.03630845629257434,-0.9362565858719614,1.5997738125062013,0.19094971752276177,-1.4088240949834396,2.3693913293262465,0.6013620350959717,-1.7680292942302747,1.3707689603559567,10.36219172991449,1,0,2,0,3,0,1,0,1,0,0,1
3998848,e137d3d8-cd8b-4e84-ba85-e295822903ff,1,14,26,Poland Women's,Tanja Pawollek,Ewa Pajor,20.5,25.5,46.9,3,34.687317,18.62046274952536,0.4992454063503363,0.5233239128112666,0.024078506460930238,1.191004128149683,0.8218973884234023,-0.3691067397262807,2.083185839868712,1.3444165642863743,-0.7387692755823378,4.907676515429087,2.0434164324602757,0,1,1,1,3,1,0,0,1,0,0,1
3998848,207bd1bc-8147-4b71-9137-84308ed6aa30,1,14,32,Poland Women's,Ewa Pajor,Nadia Krezyman,56.6,4.7,109.4,63.4,78.952705,46.8758905162788,0.4127187435964577,0.07914982210449928,-0.33356892149195844,0.9178588745848879,0.23354050194632422,-0.6843183726385637,1.632751125120482,0.48381636783658316,-1.1489347572838988,3.691331141957758,7.634999358463097,0,0,1,0,1,1,0,0,1,0,1,1
3998848,dcabd958-4cd5-4762-bf38-a61809d436ac,1,15,22,Sweden Women's,Ingrid Filippa Angeldal,Hanna Lundkvist,47.7,29.4,43.2,60.5,31.423876,-6.416021250268116,0.8827058816968768,0.0073721118491154765,-0.8753337698477613,1.3809644936269276,0.07894154758679311,-1.3020229460401345,2.171904346081261,0.34973334323625094,-1.82217100284501,1.1229203872705817,15.393339003116413,1,0,1,0,2,0,0,0,1,0,0,1
3998848,9244cd7e-5e0b-491d-85e9-1f114bb0478d,1,15,28,Sweden Women's,Hanna Lundkvist,Ingrid Filippa Angeldal,49.8,58.5,54.2,46.5,12.781237,6.4764938062828605,0.01648531911947054,0.12406605515063826,0.10758073603116772,0.14523639173179476,0.4613439253328163,0.31610753360102156,0.547078102594517,1.0994401133299918,0.5523620107354749,13.744815605292061,8.152020835646448,0,0,0,0,0,0,0,0,1,0,0,1
3998848,b736007f-36f0-44ac-8534-a51dc31ff906,1,15,51,Sweden Women's,Gun Nathalie Björn,Ingrid Filippa Angeldal,33.6,69.2,48,70.1,14.428098,13.16236105730485,0.12887790678475058,0.05145940251853641,-0.07741850426621417,0.386808559562973,0.23863232921552946,-0.14817623034744354,0.7368762695628138,0.6216566881560984,-0.1152195814067154,7.780343454248956,9.81473569740524,0,0,0,0,1,0,0,0,1,0,0,1
3998848,2310abe6-9c6d-40e8-bced-bdb3baa59e6d,1,15,54,Sweden Women's,Ingrid Filippa Angeldal,Emma Stina Blackstenius,51.6,69.8,114.3,57.8,63.837997,55.919278997366746,0.08560370406991351,0.8253686505011487,0.7397649464312352,0.3429068477520452,1.07448751783682,0.7315806700847749,0.8299257016778748,1.533444824602778,0.7035191229249033,9.469197620246227,0.7065104502940873,0,1,0,1,0,1,0,1,1,0,0,1
3998848,01ce5269-70f6-4607-9bee-8d44c12e1d2a,1,16,17,Poland Women's,Nadia Krezyman,Sylwia Matysik,77.9,75.1,65.4,70.4,13.3544,-7.679969762437189,0.3033059653748769,0.1849448488076638,-0.11836111656721313,0.5855611575372475,0.4869584923815285,-0.09860266515571897,0.982572402986944,1.0062853208089713,0.023712917822027224,3.794735219927075,5.472144267837241,0,0,1,0,1,1,0,0,0,0,0,0
3998848,e4add663-ea9b-4148-94d4-baafba46b869,1,16,34,Poland Women's,Adriana Achcińska,Paulina Tomasiak,65,60.8,102.8,15.1,59.307083,28.538686926044583,0.2874491904100109,0.5880398609850203,0.3005906705750094,0.7839126962963645,0.7678597568200173,-0.016052939476347228,1.6203593255396382,1.0135195620379296,-0.6068397635017087,4.719268932191609,1.6127431586106546,0,1,1,1,1,1,0,1,0,0,0,0
3998848,086871fa-0838-4827-a8dc-e951ded42083,1,17,9,Poland Women's,Dominika Grabowska,Martyna Wiankowska,104.6,9.9,102.3,2.1,8.132035,-8.018618395137047,0.6261930828806348,0.14130196008159318,-0.4848911227990416,1.2092806960569447,0.4602657969786251,-0.7490148990783196,2.013299405712685,1.036178232742093,-0.9771211729705922,2.6480391786507496,7.289466321176676,1,0,1,0,2,1,0,0,1,0,0,1
3998848,2e42267f-6d0b-4df7-bdf6-e7dbca022b6d,1,17,11,Poland Women's,Martyna Wiankowska,Nadia Krezyman,103.2,2.1,106,41.8,39.79862,27.341363825646084,0.4317291055896671,1.1507900714594206,0.7190609658697535,0.8557742911738027,1.8122920703007925,0.9565177791269899,1.4403170524232065,2.5894279411776298,1.1491108887544232,3.7539259663687083,1.2888324966748481,0,1,1,2,2,2,1,0,1,0,0,1
3998848,ab7f9f5f-7fa3-4be2-898f-4a109674dd13,1,17,22,Poland Women's,Oliwia Woś,Emilia Urszula Szymczak,56.5,26.5,48.3,51.1,25.930677,-7.634937208192483,0.022444610837938948,0.008060597438240533,-0.014384013399698414,0.1551751720585073,0.0679469052285001,-0.08722826683000721,0.4952242390163369,0.2463976416187942,-0.24882659739754268,12.974198427933267,14.821084175216592,0,0,0,0,0,0,0,0,1,0,0,1
3998848,73851c0f-a964-44d6-8ecf-29e932035eb5,1,17,25,Poland Women's,Emilia Urszula Szymczak,Oliwia Woś,48.3,51.5,51.1,25.1,26.548069,2.123694677675587,0.02417437088649793,0.012862302439615694,-0.011312068446882238,0.13128979352512246,0.10619572187123773,-0.025094071653884734,0.3740477135428684,0.40517365310349474,0.031125939560626315,11.534706220017853,13.695527420380232,0,0,0,0,0,0,0,0,1,0,0,1
3998848,68481153-d774-426d-9ab7-fe2804d367e1,1,17,28,Poland Women's,Oliwia Woś,Kinga Szemik,51,25.1,29.8,37.7,24.66171,-19.63888051407031,0.07957836327055993,0.0032086849231999478,-0.07636967834735998,0.2643398081331756,0.03968272567955104,-0.22465708245362453,0.6218340348633521,0.1686495660849773,-0.4531844687783748,7.7381789988843455,17.8130189652432,0,0,0,0,1,0,0,0,1,0,0,1
3998848,c7cd4802-de02-444f-80c1-7011b03b4462,1,17,33,Poland Women's,Kinga Szemik,Ewa Pajor,35.7,39.8,83.9,47,48.73479,47.527829113229494,0.044196518602059254,0.7052590062941642,0.661062487692105,0.1981050397903885,1.271678236077384,1.0735731962869954,0.4849877425581418,2.0599281257367528,1.5749403831786108,10.172052608498689,1.9174066388590614,0,1,0,1,0,2,0,0,0,0,0,0
3998848,23a7bcdd-f188-4523-9e99-8b05888dc5a6,1,17,44,Sweden Women's,Amanda Nildén,Julia Zigiotti-Olme,27.6,21.4,37.1,28.6,11.920151,10.573323085323196,0.047729992439634175,0.27075340909306056,0.2230234166534264,0.2458332378368558,0.6657357000178242,0.41990246218096844,0.6240068009841709,1.1380753516009108,0.5140685506167398,11.707957610356866,6.136442726179214,0,0,0,0,0,2,0,0,1,0,0,1
3998848,b3c3ad35-bf16-40dd-b6e6-7e0d3bdb43ad,1,17,47,Sweden Women's,Julia Zigiotti-Olme,Ingrid Filippa Angeldal,37.1,28.7,44.7,40.3,13.867949,8.366002658387572,0.6423755648881032,0.1964134027149282,-0.445962162173175,0.9700845742155035,0.5406224072652657,-0.42946216695023787,1.358462876651708,1.107515818768173,-0.2509470578835349,1.633367983575499,5.4271409501085595,1,0,1,0,1,1,0,0,1,0,0,1
3998848,67c4a3ad-5343-440b-bf03-c21ad146cb5a,1,17,49,Sweden Women's,Ingrid Filippa Angeldal,Johanna Rytting-Kaneryd,45.1,40.7,63.6,73.7,37.831863,9.20205331188582,0.37445951979671455,0.06412783144973462,-0.31033168834697994,0.8330960547220979,0.24602768780389558,-0.5870683669182023,1.5293338299445325,0.5973553498272737,-0.9319784801172588,3.682842855819287,8.686597193478255,0,0,1,0,1,0,0,0,1,0,0,1
3998848,2c45bf05-d5c9-435f-9a88-71a1ff5c2e3b,1,17,58,Sweden Women's,Johanna Rytting-Kaneryd,Emma Stina Blackstenius,105.7,62.9,108.8,46.7,16.493938,13.947094487321777,0.34305915553550215,0.8440231819672372,0.5009640264317351,0.6960288107031956,1.7509764766625562,1.0549476659593606,1.252028748603498,2.916299634119367,1.6642708855158692,3.5267645062740067,3.377311780098957,0,0,1,2,1,3,1,0,0,0,0,0
3998848,79f902b8-b850-42a0-8c5b-5b551cc55cdb,1,18,8,Poland Women's,Nadia Krezyman,Sylwia Matysik,21.1,73.7,20.6,68.1,5.6222773,1.1884232077534023,0.5083942295550752,0.09909737861908813,-0.40929685093598706,0.752011142834763,0.3561267580935798,-0.3958843847411832,1.0747128834568185,0.816928491816634,-0.2577843916401845,2.1264911466366456,7.514079800715967,1,0,1,0,1,1,0,0,1,0,0,1
3998848,310721c8-36e2-4c0d-b27a-e03de0a1df1e,1,18,10,Poland Women's,Sylwia Matysik,Adriana Achcińska,20.6,68.1,35.9,58.8,17.904749,17.119854226154146,0.09071122578832816,0.6790623342279871,0.588351108439659,0.34834598058800603,1.2420711572506276,0.8937251766626215,0.8173180976216231,1.9789509382356134,1.1616328406139904,7.914676516005921,2.929610411102792,0,1,0,2,1,2,0,0,1,0,0,1
3998848,05c9a2cc-f833-4eac-8012-e0f40ec04b9f,1,18,11,Poland Women's,Adriana Achcińska,Tanja Pawollek,36.2,56.9,28.1,45,14.395138,-6.548783367225155,1.3852585723940467,0.15945633751865973,-1.225802234875387,1.865610965329179,0.5666659158594989,-1.2989450494696801,2.510190479449416,1.2980018778652584,-1.2121886015841574,1.1655212991510762,6.77961740988335,2,0,2,0,2,1,1,0,1,0,0,1
3998848,2cf8911f-d998-4ba9-ab2a-af79133920ab,1,18,27,Sweden Women's,Jennifer Miley Falk,Julia Zigiotti-Olme,16.3,27.6,30.6,32.7,15.182226,14.741190677156368,0.18220084057131963,0.04815083785649344,-0.1340500027148262,0.3904854610519948,0.20839760306684457,-0.1820878579851502,0.6468288839843351,0.48208026057699416,-0.16474862340734098,5.169940388505249,10.0759769316906,0,0,0,0,1,0,0,0,1,0,0,1
3998848,fa9fab35-67f2-483f-9e41-c9243190977f,1,18,31,Sweden Women's,Julia Zigiotti-Olme,Ingrid Filippa Angeldal,35.8,32.7,45.1,55.1,24.253866,8.10891964256902,0.054371950134873434,0.056245915115133674,0.0018739649802602398,0.21317713902884294,0.266349274085443,0.05317213505660007,0.47866104031893336,0.6873500991731923,0.20868905885425898,9.200606884917496,9.922189166051647,0,0,0,0,0,0,0,0,1,0,0,1
3998848,1a39c6d4-6e49-43e5-8161-38d08eb5efbe,1,18,34,Sweden Women's,Ingrid Filippa Angeldal,Kosovare Asllani,45.6,54.8,65.9,54.1,20.312065,19.950517022152063,0.08728722536141,0.6040581227991053,0.5167708974376953,0.3360276672820355,1.1036872800585233,0.7676596127764879,0.783789981162381,1.7166097409633234,0.9328197598009424,8.282145739232295,2.479909354250664,0,1,0,1,0,2,0,0,1,0,0,1
3998848,0c87b489-a4a7-4e66-af41-715fbc2dda01,1,19,52,Sweden Women's,Ingrid Filippa Angeldal,Hanna Lundkvist,66.3,71.1,62.9,77.6,7.33553,-6.312281612506801,0.647083966792637,0.11124859760664242,-0.5358353691859946,0.9827722640548492,0.34111468912328796,-0.6416575749315612,1.4916949413511038,0.7490036661896927,-0.7426912751614111,1.5757435296322164,6.949219606078073,1,0,1,0,1,1,0,0,1,0,0,1
3998848,2f5f8e29-1194-4b7e-b0e3-9c26052dc4cc,1,19,56,Sweden Women's,Gun Nathalie Björn,Amanda Ilestedt,52.9,53.6,52.9,25.8,27.8,-0.1217070085656502,0.011584699419208845,0.0023519692046586427,-0.009232730214550202,0.10188278661791828,0.037610669771228025,-0.06427211684669025,0.3755352804162923,0.20459104981484552,-0.17094423060144678,14.35844444388192,19.07855619429435,0,0,0,0,0,0,0,0,1,0,0,1
3998848,43278f5a-d642-4fb9-b106-c878a4ec4abd,1,19,59,Sweden Women's,Amanda Ilestedt,Amanda Nildén,55.3,23.9,70.1,6.2,23.072277,6.403273003290792,0.007789802507632736,0.32846380093460853,0.3206739984269758,0.09047011353876995,0.5637302980393339,0.473260184500564,0.39972251243165163,0.928630505155811,0.5289079927241593,17.50335182818288,3.3791453660228052,0,0,0,1,0,1,0,0,0,0,0,0
3998848,68231367-6693-4c71-b503-188469c423d8,1,20,43,Poland Women's,Martyna Wiankowska,Paulina Tomasiak,46.8,7.5,56.2,2.1,10.840664,5.882358107283181,0.7346905272334585,0.3266938121298695,-0.40799671510358904,1.1179214593600075,0.700918064849586,-0.41700339451042157,1.745175498544244,1.3317941229579797,-0.4133813755862643,1.2112553600893365,3.67800486058125,1,0,1,1,1,1,0,0,0,0,0,0
3998848,a2da1ddb-c4ab-4b8c-9050-d3ccb16c5016,1,20,56,Sweden Women's,Ingrid Filippa Angeldal,Johanna Rytting-Kaneryd,71.9,75.4,82.1,77.7,10.456099,6.264981620605553,0.954552235791208,0.13197762086535758,-0.8225746149258504,1.3142309619796255,0.47860488583879357,-0.835626076140832,1.771051261955958,1.0410044956616247,-0.7300467662943333,0.90040783331898,8.01485455021752,1,0,2,0,2,0,0,0,1,0,0,1
3998848,60980db5-f3bb-4753-a626-9fbff6fbbc99,1,21,26,Sweden Women's,Johanna Rytting-Kaneryd,Hanna Lundkvist,103.7,78,97.1,78.8,6.6483083,-3.705458868250254,0.6778132668532685,0.18711919093266316,-0.4906940759206053,1.0403811097705038,0.5417708623456297,-0.49861024742487414,1.5122357600796765,1.0835194891026063,-0.4287162709770702,1.7428873411915204,6.922411292193198,1,0,1,0,2,2,0,0,1,0,1,1
3998848,35143d77-c30b-48bf-8f5d-42fdf2f9000b,1,21,27,Sweden Women's,Hanna Lundkvist,Johanna Rytting-Kaneryd,97.1,78.8,102.1,78,5.063596,3.0489759918693196,0.529293243172002,0.8331261857412201,0.3038329425692181,0.9351453025299972,1.2539124696177206,0.31876716708772346,1.4636790771457888,1.703854723712406,0.24017564656661716,2.6555847288376087,2.639396310081508,1,2,1,2,2,2,0,0,0,1,1,1
3998848,6f2c94c0-89a0-4d70-8648-8aff2c2df10d,1,21,28,Sweden Women's,Johanna Rytting-Kaneryd,Ingrid Filippa Angeldal,102.3,78,103.7,69.2,8.910667,8.478601582412722,0.9804010709162922,0.772180547097543,-0.20822052381874923,1.4019479156222385,1.3424386555880174,-0.05950926003422108,1.8468759362060914,1.956107350093124,0.10923141388703272,1.876879092874909,2.63776841856335,2,1,2,2,2,3,0,1,0,1,1,1
3998848,701edd7a-f2f4-4396-a472-43bad9f9d5f4,1,21,31,Sweden Women's,Ingrid Filippa Angeldal,Emma Stina Blackstenius,116.1,64.6,113,44.3,20.535336,16.69199810720903,1.0791149780901894,1.3677693950881247,0.28865441699793526,1.4300246312636071,2.2776096401677823,0.8475850089041752,2.027473299421853,3.395651886808157,1.368178587386304,0.34711097349695885,0.8082390941919273,1,1,1,2,2,4,0,0,0,1,1,1
3998848,26329e60-27b5-4c09-b7ab-3f566fc9a897,1,23,2,Poland Women's,Oliwia Woś,Sylwia Matysik,9.9,22.4,32.9,69.4,52.3259,19.569777806155003,0.15255168243165157,0.042688051517104884,-0.10986363091454668,0.3444077200669476,0.15827454475851016,-0.18613317530843743,0.5980319159239315,0.36402788479778914,-0.23400403112614232,5.674720467176974,9.482831600264756,0,0,0,0,1,0,0,0,0,0,0,0
3998848,acf84af3-b947-4aa4-b538-075abbbb64c9,1,23,9,Sweden Women's,Madelen Fatimma Maria Janogy,Ingrid Filippa Angeldal,72.8,15.6,71,28,12.529964,2.6858003673767783,0.7173832840065946,0.1649585854053121,-0.5524246986012824,1.0268832836267952,0.6016224670659513,-0.4252608165608438,1.468133935559395,1.3735419609435275,-0.09459197461586744,1.3097146693316166,7.319966537801009,1,0,1,0,1,1,0,0,1,0,0,1
3998848,1b0a7dd6-2367-45a0-87f7-232178ccd884,1,23,11,Sweden Women's,Ingrid Filippa Angeldal,Kosovare Asllani,70.8,26.7,84.8,37.2,17.5,15.654781009447511,0.5205559082878258,0.23040435671503573,-0.2901515515727901,1.1041957420869164,0.7725912358316617,-0.3316045062552547,2.0110308722895125,1.7384525936655733,-0.27257827862393924,2.7554049793112,6.561723313223123,1,0,1,0,1,1,0,0,1,0,0,1
3998848,86a13fbe-2249-459a-8332-d9feb324f181,1,23,21,Sweden Women's,Hanna Lundkvist,Julia Zigiotti-Olme,53.7,70.1,51.1,58.1,12.278437,1.575002724294876,0.20389921498839134,0.9239595116260365,0.7200602966376451,0.5170749235012027,1.2750280933336804,0.7579531698324777,0.952713631964172,1.6823022778139363,0.7295886458497642,5.429507136302403,0.9700230955224808,0,1,0,1,1,2,0,1,1,0,0,1
3998848,af8eb6e5-560b-48da-ba93-dace63a042e3,1,23,22,Sweden Women's,Julia Zigiotti-Olme,Gun Nathalie Björn,50.9,58.2,41.2,70.8,15.9012575,-13.14880697430236,1.1164651618374402,0.016823393119180484,-1.0996417687182596,1.4160819690804778,0.1286661226294816,-1.2874158464509962,1.7870168716441532,0.4240464962860926,-1.3629703753580606,0.3372279230599224,13.751086797001774,1,0,2,0,2,0,0,0,1,0,0,1
3998848,1f388d99-ac3e-4b38-b75e-6258defd7018,1,23,34,Sweden Women's,Kosovare Asllani,Madelen Fatimma Maria Janogy,76.7,29.2,102.8,8.7,33.18825,8.911998741259211,0.39165698859993253,0.015334987844411778,-0.37632200075552075,0.9349539860457561,0.11468930139823945,-0.8202646846475167,1.8326812057683983,0.41667431875690636,-1.416006887011492,4.152895088365653,13.419058145198212,0,0,1,0,2,0,0,0,1,0,0,1
3998848,00955bdf-0805-45cf-a874-c1cbe856d977,1,24,10,Sweden Women's,Hanna Lundkvist,Julia Zigiotti-Olme,40.5,75.7,38.1,57.2,18.655025,3.461187672965181,0.046875115703830766,0.06588093163488491,0.019005815931054146,0.2347153392612676,0.27253010676069506,0.03781476749942744,0.6211643220748149,0.6908058595294894,0.0696415374546745,10.519160635106953,8.849275602019286,0,0,0,0,0,0,0,0,1,0,0,1
3998848,8deb004e-2b3d-4584-9fb6-94f051de5180,1,24,15,Sweden Women's,Julia Zigiotti-Olme,Amanda Nildén,54.3,36.1,50.6,17.5,18.964441,-7.1405681146199385,0.3961895713472928,0.0058552568909835965,-0.39033431445630923,0.8052804308401453,0.06395307948864329,-0.7413273513515021,1.4374725960113035,0.2687746354070153,-1.1686979606042882,3.174209540416223,17.12029116081281,0,0,1,0,1,0,0,0,1,0,0,1
3998848,5d850f6f-cdfb-4e71-96c6-8ddb119b9cec,1,24,19,Sweden Women's,Amanda Nildén,Julia Zigiotti-Olme,56,15.6,56.6,26.9,11.315918,3.7542571303144143,0.04454013500010558,0.05517279727479601,0.010632662274690431,0.18938738544966868,0.2981479252986034,0.10876053984893472,0.5051471795504594,0.8361654087855293,0.33101822923506985,9.582202914602604,11.404076177027715,0,0,0,0,0,0,0,0,1,0,0,1
3998848,6e6e0266-b401-42d9-bab2-bf7a0010efc7,1,24,23,Sweden Women's,Julia Zigiotti-Olme,Gun Nathalie Björn,59.9,30.6,57.1,53.7,23.269077,-3.544017857029509,0.2267456010243831,0.013692213296569378,-0.2130533877278137,0.5694991526477603,0.12962616364198948,-0.4398729890057708,1.1941333530162035,0.521892863094121,-0.6722404899220825,4.80271965380433,15.184839069740287,0,0,1,0,1,0,0,0,0,0,0,0
3998848,3504fc99-b98a-4537-b7ca-7e77601e0e15,1,24,26,Sweden Women's,Gun Nathalie Björn,Kosovare Asllani,67.7,53,85.6,45.8,19.293781,19.00593791640189,0.12089293004641122,0.7282047383270339,0.6073118082806227,0.48545765734217017,1.5475572978428052,1.062099640500635,1.2066746317214632,2.773497322389108,1.566822690667645,9.226356383678512,2.3697258787929085,0,1,0,1,0,2,0,1,0,0,0,0
3998848,4da88b11-0caa-45eb-b50f-d5bcae7a7593,1,24,36,Poland Women's,Nadia Krezyman,Tanja Pawollek,35.7,52.5,38.6,32.9,19.81338,3.5126538232986917,1.006370733524407,0.09446278988698704,-0.9119079436374199,1.7107655250530183,0.4585803334436553,-1.252185191609363,2.4751554157691023,1.187229696957846,-1.2879257188112563,2.408356327488428,10.198574297320672,1,0,3,0,3,0,0,0,1,0,0,1
3998848,94ce4ef8-75cf-4515-9a91-1c342902ffa1,1,24,40,Poland Women's,Tanja Pawollek,Oliwia Woś,39.1,31,25.3,29.8,13.852076,-13.848651012870533,0.284576409598598,0.02560879800925585,-0.2589676115893421,0.7222584399413122,0.15998195217413042,-0.5622764877671818,1.414414207201351,0.527559252038283,-0.886854955163068,4.613701951275834,11.59826952172927,0,0,1,0,1,0,0,0,1,0,0,1
3998848,b7450b23-35e1-43e9-bd08-5ff9ed53057e,1,24,42,Poland Women's,Oliwia Woś,Kinga Szemik,23.9,30.2,15,35.7,10.462314,-8.489615302052329,0.04278548106848528,0.014054330885835525,-0.028731150182649753,0.20160170626994445,0.1085835423212989,-0.09301816394864555,0.5780333110178126,0.3770786737469151,-0.20095463727089752,9.781693023927268,14.757236600420748,0,0,0,0,0,0,0,0,1,0,0,1
3998848,61c72d31-419c-4a1c-bd31-44516e8f08ad,1,24,46,Poland Women's,Kinga Szemik,Dominika Grabowska,14.4,36.8,52.1,25.7,39.30013,36.258993252257014,0.1736986678174121,0.41317957204997463,0.23948090423256252,0.4319665402824447,0.8669133124146993,0.4349467721322546,0.812052297496728,1.4873438411695017,0.6752915436727737,5.59917846435004,3.4048972458849898,0,0,0,1,1,1,1,0,0,0,0,0
3998848,8cc2da8b-16cb-42e2-b7a0-962aed835ad4,1,24,49,Poland Women's,Dominika Grabowska,Paulina Tomasiak,50.5,23.9,56.5,4.4,20.402206,-1.4579689542733263,0.41317954880160784,0.12396039304597435,-0.2892191557556335,0.8669133244957246,0.4217385307794333,-0.44517479371629126,1.4873438809389015,0.974314486309506,-0.5130293946293955,3.404897782014694,6.9801130495190264,0,0,1,0,1,1,0,0,0,0,0,0
3998848,868bb365-cec4-4821-9ade-4e271b19fe10,1,25,12,Poland Women's,Oliwia Woś,Kinga Szemik,34.1,17.8,24.2,31,16.5,-7.4995074186094115,0.0167984730148453,0.0027598351526343995,-0.0140386378622109,0.11869589260384251,0.038077960886035656,-0.08061793171780686,0.403988128690193,0.16760269873999717,-0.23638542995019585,12.72084891324105,19.01141819418092,0,0,0,0,0,0,0,0,1,0,0,1
3998848,18d4a7dc-bcdf-4f68-82f2-216c916a83c9,1,25,16,Poland Women's,Kinga Szemik,Oliwia Woś,24.6,31.2,31.2,12.1,20.208166,2.7252058383263034,0.02485702732333382,0.015907157877546745,-0.008949869445787073,0.10896060696703012,0.09941770523360437,-0.009542901733425757,0.25020353777037874,0.3143115138862816,0.06410797611590285,11.083844330236742,12.59633378166144,0,0,0,0,0,0,0,0,1,0,0,1
3998848,c180fc38-0ffb-4640-9a87-bdb1c211d418,1,25,20,Poland Women's,Oliwia Woś,Paulina Tomasiak,36.3,11.7,65.5,8.9,29.333939,25.605669463063556,0.3989371468069904,0.5122572905989754,0.11332014379198502,0.6454125600184855,0.8110857000588683,0.1656731400403828,1.0061247437526346,1.2964873038447189,0.2903625600920843,2.8079937366314796,2.1394049385465856,1,1,1,1,1,1,0,1,1,0,0,1
3998848,390b6642-c6ca-4b69-847d-61925da972d8,1,25,29,Poland Women's,Ewa Pajor,Sylwia Matysik,65.4,32.6,57.6,52.3,21.18797,-8.501524246201512,1.1760572798966304,0.05854504889825165,-1.1175122309983787,1.801265409360755,0.28230954020488963,-1.5189558691558653,2.651276123686638,0.8157959352879883,-1.8354801883986496,1.2418217060578418,9.418620505524927,2,0,2,0,3,0,1,0,1,0,0,1
3998848,a6e973fa-199e-4d6c-8382-a6d689b0370f,1,25,32,Poland Women's,Sylwia Matysik,Nadia Krezyman,62.3,54.9,77.5,76.3,26.24881,3.700567093010555,0.4147623458796423,0.08469982979265091,-0.3300625160869914,0.7237942495147373,0.2656771607795161,-0.45811708873522117,1.3047646440822764,0.6082948445613013,-0.6964697995209751,2.748183897270919,7.516888262478518,1,0,1,0,1,1,0,0,0,0,0,0
3998848,9b58c71c-a705-481d-828a-f1096a47adbd,1,25,53,Sweden Women's,Amanda Ilestedt,Gun Nathalie Björn,29.2,16,29.2,49,33,2.6733172693957243,0.0033820483852682877,0.00041841344223329314,-0.0029636349430349944,0.05407977162294683,0.013958968308700049,-0.040120803314246785,0.27967147693711575,0.10833609490644586,-0.1713353820306699,18.33424174633758,24.619639862686267,0,0,0,0,0,0,0,0,1,0,0,1
3998848,e4d289a1-e0e8-45e5-b0bf-a944fdc5844f,1,25,58,Sweden Women's,Gun Nathalie Björn,Hanna Lundkvist,40.1,53.7,63.9,74.7,31.740196,15.101638145783156,0.001289621409938453,0.031231743843462317,0.029942122433523864,0.03020850413701229,0.17095643945240033,0.14074793531538804,0.19137920217343077,0.529033935538125,0.3376547333646943,21.657922189216112,10.838267409453518,0,0,0,0,0,0,0,0,1,0,0,1
3998848,67f01f1d-0611-46e9-afe7-4a2f489b65bb,1,26,2,Sweden Women's,Hanna Lundkvist,Johanna Rytting-Kaneryd,69.4,77.7,81.8,79,12.467959,8.50874251493154,0.6304846414780548,0.13732581125489654,-0.4931588302231583,0.8009832815654917,0.3929738366443245,-0.4080094449211672,1.063447408723702,0.8279591754988859,-0.23548823322481616,1.3988181851448784,6.326104805351843,1,0,1,0,1,1,0,0,1,0,0,1
3998848,b45e9409-08b4-4651-b83b-067ecfc12c16,1,26,8,Sweden Women's,Johanna Rytting-Kaneryd,Kosovare Asllani,82.1,60.6,93.5,56,12.293088,12.181029971408226,0.4690268616580981,1.1540508123180027,0.6850239506599045,1.1698251295367552,2.008774575236055,0.8389494456992999,2.119760953455671,3.029098437491122,0.9093374840354507,3.8187252263832856,2.1750253443546,0,2,1,2,1,3,0,0,0,0,0,0
3998848,f2732ed6-f7a0-41ba-b1a2-7dcf82f8817d,1,26,12,Poland Women's,Adriana Achcińska,Ewa Pajor,40.7,30.8,42.7,48.1,17.415224,2.1086589586096096,1.1645962397523513,0.5628531225648852,-0.6017431171874661,1.7650214005227856,1.1550290254242939,-0.6099923750984917,2.534367920997356,2.0301670554056637,-0.5042008655916925,1.446438671175922,2.7954604616821994,2,1,2,1,3,2,1,0,0,0,0,0
3998848,3cf52d5f-6da0-4fab-b63c-c7b3330f5c33,1,26,50,Poland Women's,Oliwia Woś,Kinga Szemik,30.4,22.4,18.4,41.9,22.896505,-10.30555252541238,0.050578434954773925,0.014196451914025762,-0.03638198304074816,0.20187181448981237,0.1031816251069224,-0.09869018938288997,0.5233098631630954,0.32223586211318933,-0.20107400104990603,9.112053955746033,14.51680357288323,0,0,0,0,0,0,0,0,1,0,0,1
3998848,d264b641-5cd7-4e08-a609-b92c4dc586cf,1,26,53,Poland Women's,Kinga Szemik,Oliwia Woś,19.7,41.2,30.4,14.5,28.764214,7.1491941162014,0.06936658127838397,0.01589705354468472,-0.05346952773369924,0.25048697100166545,0.0996331367967175,-0.15085383420494797,0.5330755712922479,0.30099826351444187,-0.23207730777780605,8.57902584476503,12.74229859457714,0,0,0,0,0,0,1,0,0,0,0,0
3998848,1e2d26f9-d084-49f6-af90-1e24912bf1ba,1,27,10,Sweden Women's,Amanda Ilestedt,Julia Zigiotti-Olme,43.3,31.4,51.3,42.4,13.601471,8.438723670807718,0.003174584425718083,0.05729176654232652,0.05411718211660844,0.053467172646162096,0.2712020945356795,0.2177349218895174,0.28503653629583364,0.7916155185104689,0.5065789822146352,19.23904748049219,9.144705664453626,0,0,0,0,0,0,0,0,1,0,0,1
3998848,3c70bbc5-48f2-4412-ae5f-1b1122abe300,1,27,13,Sweden Women's,Julia Zigiotti-Olme,Johanna Rytting-Kaneryd,54.2,43.8,77.7,77.6,41.166615,9.314140587147406,0.20257227195848287,0.2236372379259694,0.021064965967486526,0.4885293203419699,0.46473791158003913,-0.023791408761930755,1.0246790150403138,0.8543407211317815,-0.17033829390853228,4.96752546640109,4.569635565057366,0,0,1,1,1,1,0,0,1,0,0,1
3998848,22888d42-c005-4d3e-b959-5a96fb793484,1,27,17,Sweden Women's,Johanna Rytting-Kaneryd,Hanna Lundkvist,75.6,78.4,66.2,77.6,9.433981,-6.934920795645439,0.6695095834389766,0.029657940766045474,-0.6398516426729312,1.0108488329622103,0.1663502608949729,-0.8444985720672373,1.542044756750772,0.5205750993669406,-1.0214696573838316,1.5004054763046764,10.979051058155989,1,0,1,0,1,0,1,0,1,0,0,1
3998848,2faddaeb-40fd-42c9-8e09-2c28eb037fa3,1,27,21,Sweden Women's,Hanna Lundkvist,Julia Zigiotti-Olme,66.2,77.3,66.9,69.4,7.930952,4.769770602458742,0.04143186969752053,0.33842116048950865,0.2969892907919881,0.2290518556298077,0.7984648760257311,0.5694130203959235,0.6689257973315434,1.418358273306718,0.7494324759751745,10.66598046023567,4.555544557324771,0,0,0,1,0,2,0,0,1,0,0,1
3998848,51c47f44-0d67-4243-9bc9-0080811caae4,1,27,24,Sweden Women's,Julia Zigiotti-Olme,Johanna Rytting-Kaneryd,69.8,72.2,76.9,78.1,9.231468,2.1137638805720727,0.5062864722590124,0.6736487560774471,0.16736228381843476,0.9877136551604749,1.1925400776536719,0.20482642249319694,1.5869792883648408,1.770271300114148,0.1832920117493071,4.174303066902941,2.885888816884631,0,1,2,2,2,3,0,1,1,0,1,1
3998848,d59ce610-a241-48f7-9ceb-9285d59dd3f5,1,27,25,Sweden Women's,Johanna Rytting-Kaneryd,Ingrid Filippa Angeldal,77,78.5,84.6,71.1,10.607545,10.596179702773831,0.6736490721326884,0.19408187565369087,-0.4795671964789976,1.192540390191305,0.6636377859839517,-0.5289026042073532,1.7702715823414024,1.4081179784998126,-0.3621536038415898,2.885886711040272,7.147798754871367,1,0,2,0,3,1,1,0,1,0,1,1
3998848,d784d1b7-c5bd-4f33-8af5-3254782d91ce,1,27,28,Sweden Women's,Ingrid Filippa Angeldal,Kosovare Asllani,92.5,68.5,111.5,60.4,20.65454,17.5042926966257,0.6448267410336853,0.14582263916072855,-0.49900410187295674,1.3048969417922123,0.5756949107308019,-0.7292020310614103,2.1066404719561005,1.3714641671721433,-0.7351763047839572,3.5779768398032465,8.50671901396976,0,0,2,0,3,0,0,0,0,1,1,1
3998848,fd430b34-f14e-4606-95f6-982d3a8f868d,1,27,31,Sweden Women's,Kosovare Asllani,Emma Stina Blackstenius,118.4,58.8,114.5,40.8,18.417654,13.310084971477105,0.48803015294466884,1.6450045255485488,1.15697437260388,1.12734424797603,2.7239372964385424,1.5965930484625124,2.054209399479529,3.840399582394633,1.786190182915104,3.5995588628145136,2.4157044405908255,0,2,1,4,2,5,0,0,0,1,1,1
3998848,1c7abaff-fd16-40a2-82de-d5ca03c543c9,1,30,37,Sweden Women's,Amanda Nildén,Amanda Ilestedt,25.9,14.3,27.6,30.2,15.9906225,4.628155582110196,0.0009409546474470681,0.00019212085756362108,-0.000748833789883447,0.015280628415833357,0.0058903989480667334,-0.009390229467766624,0.0732973476299705,0.04039619348756763,-0.032901154142402876,20.905846846993885,25.672157752470675,0,0,0,0,0,0,0,0,1,0,0,1
3998848,21bfe761-1b9b-4514-b813-8aaa011ef3e7,1,30,40,Sweden Women's,Amanda Ilestedt,Gun Nathalie Björn,26.9,30.4,29.9,56.3,26.073166,2.031096018200799,0.00008962760959834038,0.000005995020016309926,-0.00008363258958203046,0.0037279071612516495,0.0009540616471389554,-0.0027738455141126943,0.030350488122899248,0.016687851408748483,-0.013662636714150765,27.959541427833067,37.2078704475436,0,0,0,0,0,0,0,0,1,0,0,1
3998848,40f68d33-abae-4bb9-85e3-ec2c33d5c1c1,1,30,44,Sweden Women's,Gun Nathalie Björn,Hanna Lundkvist,41.7,56.8,58.5,77,26.27318,8.309811347721222,0.0019410733911237317,0.11838666651030369,0.11644559311917996,0.037097356173880366,0.31410482611792423,0.27700746994404385,0.21173080329373728,0.6619450759282096,0.45021427263447233,20.401712780896027,6.456868170287425,0,0,0,0,0,1,0,0,1,0,0,1
3998848,9f59a2ae-9ab6-45bb-86e2-bc4c713b4a90,1,30,46,Sweden Women's,Hanna Lundkvist,Gun Nathalie Björn,58.5,76.3,47,60.6,19.461243,-4.437042188615791,0.3638960476044757,0.0010292971802261198,-0.3628667504242496,0.5753000492523083,0.021269185271118776,-0.5540308639811895,0.8514936023959709,0.11685982446633982,-0.7346337779296311,3.0471719499616507,22.54228259272131,0,0,1,0,1,0,0,0,1,0,0,1
3998848,0f72bb70-f607-4d79-8217-1663f88ebf78,1,30,50,Sweden Women's,Gun Nathalie Björn,Amanda Ilestedt,49.8,57.8,50.9,30.2,27.621912,2.630068631869406,0.0037593409306735243,0.004610116266373826,0.0008507753357003016,0.049758839846953576,0.0515287792296185,0.0017699393826649257,0.22384282195867788,0.2338499954225211,0.010007173463843222,17.66437901428255,16.518506917288907,0,0,0,0,0,0,0,0,0,0,0,0
3998848,ed9a32bd-05d4-4fb4-8115-ee4fe60f8366,1,31,17,Poland Women's,Emilia Urszula Szymczak,Kinga Szemik,17,63.5,16.4,43.5,20.008999,1.987712511689935,0.029684291618029796,0.004995778702554556,-0.02468851291547524,0.12864588487271203,0.05165280468233256,-0.07699308019037947,0.34417280502250824,0.22582846034614454,-0.1183443446763637,10.566637532204275,16.11611142102613,0,0,0,0,0,0,0,0,1,0,0,1
3998848,5595c80a-25f2-4a35-b49e-2b6bae769339,1,31,20,Poland Women's,Kinga Szemik,Oliwia Woś,18.7,41.3,28.4,17.4,25.79341,6.961534169116959,0.03367999315215219,0.013124183244763674,-0.02055580990738852,0.15250265597639587,0.11977755076157243,-0.03272510521482344,0.4210205347933042,0.4419014750819,0.020880940288595773,10.305261869717935,14.746118152120587,0,0,0,0,0,0,1,0,1,0,0,1
3998848,4623f1f8-617d-4bf0-96db-81a5bfce3cbb,1,31,23,Poland Women's,Oliwia Woś,Kinga Szemik,28.4,17.4,16.3,37.7,23.632605,-9.378696084873297,0.0477338884021029,0.0632873239693764,0.015553435567273503,0.21840822887034914,0.22570224797071656,0.0072940191003674215,0.5962499389038974,0.5184832175913694,-0.07776672131252804,9.56556791833281,8.506850124518406,0,0,0,0,0,0,0,0,1,0,0,1
3998848,aa4a889f-51a6-4e81-a476-13e69ae3c041,1,31,27,Poland Women's,Kinga Szemik,Oliwia Woś,15.6,32.2,21.1,6.2,26.575365,0.17470714642921337,0.568368312461466,0.11700375282315059,-0.45136455963831545,0.8182092801408406,0.32886644281087574,-0.48934283732996486,1.1388142574056432,0.7013118778360006,-0.43750237956964266,1.8288938069790732,6.552484487065884,1,0,1,0,1,1,1,0,0,0,0,0
3998848,6f023a8a-5fa5-4e09-9622-a17b1f19c5d6,1,31,32,Sweden Women's,Gun Nathalie Björn,Julia Zigiotti-Olme,65.3,57,70.1,53.4,6,5.612917869281773,0.7857427960122341,0.6453124902584648,-0.14043030575376925,1.21064134207188,1.2079436927085005,-0.002697649363379462,1.7434775827516875,1.9350945658626877,0.19161698311100017,2.143966078180639,2.7215368685150407,1,1,2,1,2,2,0,0,1,0,0,1
3998848,cd8d0e13-7f58-4f1d-a794-56c4b8930cd5,1,31,35,Sweden Women's,Julia Zigiotti-Olme,Madelen Fatimma Maria Janogy,72.2,49.9,77.7,36.5,14.484819,6.369892518527422,0.9236028241047096,0.5165745266249847,-0.4070282974797249,1.4396720393196678,1.233269928582695,-0.2064021107369729,2.188903862627497,2.2934872456220785,0.1045833829945817,1.1568094401312103,3.6067634592945623,1,0,2,1,2,2,1,0,1,0,0,1
3998848,6a2bb643-aca1-413d-b007-1bf11f560c09,1,33,6,Sweden Women's,Kosovare Asllani,Amanda Nildén,93.9,6,89.3,2.4,5.841233,-5.678531860830596,0.7355027002143472,0.5133933404006019,-0.22210935981374524,1.2481749529699475,0.9790055079874196,-0.26916944498252793,1.9730176291083423,1.6458723524783523,-0.32714527662999004,2.0669916385211513,3.0562213296169976,1,0,2,1,2,2,0,0,0,0,0,0
3998848,fbf37c39-f2f8-45b1-b221-8603cc6393aa,1,33,37,Poland Women's,Oliwia Woś,Dominika Grabowska,6.8,18.8,46,27.1,40.069065,40.05207412972459,0.35582444097294585,1.069339078272483,0.7135146372995371,0.5598106534526119,1.5051794895115993,0.9453688360589874,0.8063149647183524,2.0904792498396274,1.2841642851212751,3.110514929650903,0.47390452839309916,0,1,1,1,1,3,0,0,0,0,0,0
3998848,f15aacbe-53d2-498f-be51-6b60ac4ad04b,1,33,53,Sweden Women's,Hanna Lundkvist,Johanna Rytting-Kaneryd,70.5,74,78.1,77.7,8.45281,3.6880651472933508,0.7527306058197579,0.3921589195736539,-0.36057168624610403,1.2773507271571762,0.9204623084811442,-0.35688841867603205,1.9239777109559935,1.6318604111521546,-0.2921172998038388,1.9711611724222045,5.052252151404569,1,0,1,0,2,2,0,0,1,0,0,1
3998848,4c1826bf-bca0-4065-bc01-7965b31e1d66,1,34,3,Sweden Women's,Ingrid Filippa Angeldal,Gun Nathalie Björn,82.1,69.4,69.1,68.4,13.038404,-10.320620155359535,0.8762783785365341,0.027341078976123926,-0.8489372995604102,1.30903512587807,0.17706756236650878,-1.1319675635115611,1.8902937160034348,0.5552959595260223,-1.3349977564774125,0.9251053049068192,12.051790155034679,1,0,1,0,2,0,0,0,1,0,1,1
3998848,27f415d9-bca7-411d-99db-0dd860df4d84,1,34,7,Sweden Women's,Gun Nathalie Björn,Johanna Rytting-Kaneryd,77.9,69.4,94.5,78,18.695454,5.5865124979826035,0.4057740314156551,0.22116482885728775,-0.18460920255836735,0.814324552997544,0.5766379519321644,-0.23768660106537964,1.4429807069964369,1.1619750324607325,-0.28100567453570435,3.147630762315357,5.089059478958804,0,0,1,0,1,1,0,0,0,1,1,1
3998848,b8587ef3-86d8-46c0-b3d0-539f78018f9e,1,34,10,Sweden Women's,Johanna Rytting-Kaneryd,Emma Stina Blackstenius,106.4,77,110,48.4,28.825684,26.36043716544819,0.2855723337388228,1.3873129902888097,1.101740656549987,0.6316880891190371,2.4808801658565125,1.8491920767374754,1.1660552616320363,3.8076968070391746,2.641641545407138,4.355373358407389,1.54858407017679,0,1,1,3,1,5,0,0,0,1,1,1
3998848,1a90eb64-b021-4888-bfbf-48439f4a50f9,1,35,26,Sweden Women's,Hanna Lundkvist,Gun Nathalie Björn,65.7,66,56.4,66,9.3,-8.505505038657219,0.6675170798869943,0.1949676739330148,-0.47254940595397943,1.1150263669015579,0.5483013625014871,-0.5667250044000708,1.7417891708524806,1.127611763624193,-0.6141774072282877,1.7956074342559574,5.780229036289371,1,0,1,0,1,1,1,0,1,0,0,1
3998848,93fb94fb-964a-4bfa-9599-46b1bf394b5b,1,35,30,Sweden Women's,Gun Nathalie Björn,Amanda Ilestedt,56,61.5,48,40.7,22.285421,-4.488589507969451,0.7823265812352718,0.013681418597458186,-0.7686451626378136,1.1687339411068707,0.11413436840565008,-1.0545995727012205,1.707951824237449,0.4166207335885025,-1.2913310906489466,1.178147136154014,13.758776120469205,1,0,1,0,2,0,0,0,1,0,0,1
3998848,9fe07e03-7bff-4919-a110-18b358a9a4af,1,35,32,Sweden Women's,Amanda Ilestedt,Amanda Nildén,48.4,34.1,58.4,18,18.952837,6.431972851738408,0.028286920576530074,0.022654542617864547,-0.005632377958665526,0.16857495549132614,0.1329637521901095,-0.03561120330121664,0.5575586329981462,0.428964684167063,-0.12859394883108322,11.141176101668748,11.66180387662629,0,0,0,0,0,0,0,0,1,0,0,1
3998848,7fa0c808-7dca-4ba4-ab8f-4ebddef7cd74,1,35,35,Sweden Women's,Amanda Nildén,Emma Stina Blackstenius,63.5,15.3,107.9,14.9,44.401802,33.79880291968227,0.09494786755746983,0.6683913511686352,0.5734434836111654,0.3005898343661794,1.0278605799512825,0.7272707455851031,0.7178024514141275,1.5349164738416576,0.8171140224275302,7.216013437788646,1.7915498789485962,0,1,0,1,1,2,0,1,1,0,0,1
3998848,8814b59a-d8e1-4d89-9aef-a57afb34aad1,1,35,48,Sweden Women's,Gun Nathalie Björn,Ingrid Filippa Angeldal,69.8,52.3,86.5,55.8,17.062824,14.645877292684858,0.13315925652031774,0.6860603402824366,0.5529010837621189,0.3478434686009199,1.4129609102637177,1.0651174416627978,0.6899459787439822,2.366149574933063,1.6762035961890809,6.186010319063743,2.6004708636152,0,1,0,1,1,2,0,1,1,0,0,1
3998848,e33b7ddd-e3ec-439a-9eba-4535926792ed,1,35,51,Sweden Women's,Ingrid Filippa Angeldal,Johanna Rytting-Kaneryd,91.3,56.8,112.6,61.3,21.770163,10.706689966485492,0.6799822798309757,0.3356203135137954,-0.3443619663171803,1.401774845098559,0.7368655927483909,-0.6649092523501681,2.382476935354029,1.4901035782894978,-0.8923733570645311,2.866877861184335,3.618988458467955,1,0,1,1,3,1,0,0,1,0,0,1
3998848,88e8c3b4-4b12-4b31-9b20-c76e555c7e90,1,35,57,Poland Women's,Adriana Achcińska,Paulina Tomasiak,9.5,46,14,50.4,6.293648,4.153809277355094,0.7759224089019844,0.37404302037784665,-0.40187938852413774,1.1648698326367128,0.8561798506777827,-0.30868998195893016,1.7495815547275764,1.4991857501825767,-0.25039580454499966,1.1567179856420358,4.815166633720521,1,0,1,1,2,2,0,0,0,0,0,0
3998848,3ca2ca64-6d33-41aa-8ffc-38ad7aa41488,1,38,1,Sweden Women's,Amanda Ilestedt,Ingrid Filippa Angeldal,48,19.4,53.9,34.8,16.491512,8.584761410476588,0.00560126038000864,0.04110275772559607,0.035501497345587434,0.0575836236742195,0.2004271797018256,0.14284355602760612,0.24451512416251733,0.6010931896125739,0.35657806545005655,15.907723149402795,9.949391548053933,0,0,0,0,0,0,0,0,1,0,0,1
3998848,34b5669d-d6bd-444f-a278-7d3b00edfc35,1,38,4,Sweden Women's,Ingrid Filippa Angeldal,Gun Nathalie Björn,56.7,39.2,62.2,54.6,16.352676,3.6896208472556964,0.2992043208947686,0.16750831025897914,-0.13169601063578948,0.5772072801131197,0.4990957091820624,-0.0781115709310573,1.0388012382169036,1.0686913647484473,0.02989012653154366,3.745638119519585,6.092586451939666,0,0,1,0,1,1,0,0,1,0,0,1
3998848,89fa1b0b-50f4-4362-9566-d9072ed07972,1,38,6,Sweden Women's,Gun Nathalie Björn,Hanna Lundkvist,64.7,56.3,69.4,74.5,18.797073,-3.5899907350270794,0.3676958649271059,0.04835505590469278,-0.3193408090224131,0.7640727115558784,0.22188216381635717,-0.5421905477395212,1.3492599101109735,0.6243596685039717,-0.7249002416070017,3.5068037928672386,9.464425023566397,0,0,1,0,1,0,0,0,1,0,0,1
3998848,dbc57755-4da9-4f62-b575-85f65c76adea,1,38,9,Sweden Women's,Hanna Lundkvist,Gun Nathalie Björn,69.4,74.5,62.1,64.6,12.300406,-1.6669963137097028,0.05115850877117349,0.03195202379702905,-0.01920648497414444,0.23456410830047655,0.19058508524688145,-0.04397902305359511,0.644414217352571,0.5660420305244701,-0.07837218682810088,9.429851622077818,11.760147114079398,0,0,0,0,0,0,0,0,1,0,0,1
3998848,577c77c1-37a8-4dcd-996f-aa902ba1eeff,1,38,36,Poland Women's,Sylwia Matysik,Emilia Urszula Szymczak,15.9,74.2,6.1,55.6,21.023796,-5.389394349883801,0.026182349604449165,0.024249496104199287,-0.001932853500249878,0.13607313171809912,0.11622208422998435,-0.019851047488114767,0.37613075977909444,0.31710994639235807,-0.05902081338673637,11.247550181768553,11.194476925356621,0,0,0,0,0,0,0,0,1,0,0,1
3998848,f3cbcf48-48b8-405a-8a6b-37c0c9ceff0c,1,38,39,Poland Women's,Emilia Urszula Szymczak,Oliwia Woś,6.3,53.2,14,20.9,33.20512,6.75660594857878,0.12108952907292515,0.017720791041164464,-0.10336873803176069,0.29947046897312724,0.10012581720351287,-0.19934465176961436,0.5572584913743692,0.3077605965844397,-0.2494978947899295,6.358279008899547,12.176132064412407,0,0,0,0,1,0,0,0,0,0,0,0
3998848,2b96402f-f9f6-4e53-adc8-01f36fb41ec9,1,38,46,Sweden Women's,Hanna Lundkvist,Julia Zigiotti-Olme,59,63.9,58,49.9,14.035668,2.729531877891354,0.3105062595571248,0.32810756664931756,0.017601307092192764,0.8049025211807322,0.9030673429506719,0.09816482176993968,1.492559978695019,1.7021914191248366,0.20963144042981763,6.038544097731474,6.289915051994338,0,0,0,0,2,2,0,0,1,0,0,1
3998848,ac49508a-712c-4256-a5a0-3678886bf1ac,1,38,48,Sweden Women's,Julia Zigiotti-Olme,Hanna Lundkvist,58.1,51.7,64.7,76.1,25.276867,-3.04410768831508,0.6753141706970761,0.07282481708196564,-0.6024893536151105,1.3170117367260323,0.2869644016262463,-1.030047335099786,2.10728122313827,0.7409263982879486,-1.3663548248503214,2.8022287684384692,8.358052041241171,1,0,1,0,2,0,0,0,1,0,0,1
3998848,2563af38-8d4b-47cc-8548-49606391c35c,1,38,51,Sweden Women's,Hanna Lundkvist,Johanna Rytting-Kaneryd,67.3,76.7,85.1,77.3,17.81011,13.138471148896983,0.2522527251944862,0.19954647829540773,-0.05270624689907849,0.5072368794740422,0.4938028732494385,-0.013434006224603667,0.9390543899488543,1.0008338242352204,0.06177943428636612,4.212681050259706,5.076969522906377,0,0,1,0,1,1,0,0,1,0,0,1
3998848,d0e1b10b-a13b-41d2-8390-bdd834896cad,1,38,56,Sweden Women's,Johanna Rytting-Kaneryd,Ingrid Filippa Angeldal,94.8,75.7,92.1,67,9.109336,4.872790999816722,0.665260689239525,0.4290546010156552,-0.2362060882238698,1.195267230356499,1.1589300674577079,-0.03633716289879119,1.873401885414332,2.15521980437464,0.28181791896030806,2.712430976397262,5.839549802996308,1,0,2,0,2,3,0,0,0,0,0,0
3998848,0181c413-cf49-4a0a-8fcc-fc0f0e931627,1,39,26,Poland Women's,Oliwia Woś,Sylwia Matysik,6.3,27.4,33.9,72.8,53.131157,22.259981935731332,0.02623975658464263,0.4837719798904673,0.45753222330582466,0.12552367604381484,0.6673957336813332,0.5418720576375183,0.331908960787348,0.8667905902246126,0.5348816294372646,11.026449131633468,2.1877001059786574,0,1,0,1,0,1,0,1,1,0,0,1
3998848,b0ec6400-92c1-449b-a48a-883db79e955b,1,39,29,Poland Women's,Sylwia Matysik,Dominika Grabowska,33.6,73.2,52.5,55,26.23833,23.41258683451865,0.4837728709224016,1.001561134114478,0.5177882631920763,0.6673964236118155,1.3593490200332436,0.6919525964214281,0.8667910324406322,1.8284462986211063,0.9616552661804741,2.1876945432508412,1.032114866084581,1,1,1,2,1,2,1,0,1,0,0,1
3998848,576ff13d-c49d-4a8e-a8c6-62bbe8733d12,1,39,32,Poland Women's,Dominika Grabowska,Ewa Pajor,52.5,54.7,60.9,48.8,10.264989,9.330556022638653,1.0015610362374385,0.971977496003254,-0.029583540234184524,1.3593489682744093,1.6596468112459892,0.3002978429715799,1.8284462664997407,2.417661740238299,0.5892154737385582,1.0321155815666665,2.9600518707580767,1,1,2,3,2,3,0,0,1,0,0,1
3998848,dde8a778-ac69-41ce-aadf-47132a150ec6,1,39,33,Poland Women's,Ewa Pajor,Dominika Grabowska,60.7,49.1,51,54.2,10.959015,-10.451841310761722,0.9719774597460406,0.8563763325874489,-0.11560112715859161,1.6596468061487584,1.5353741169428528,-0.12427268920590562,2.417661757610861,2.3774151597872364,-0.04024659782362461,2.960052880249955,2.419690539077988,1,1,3,2,3,3,0,0,1,0,0,1
3998848,07e94446-86db-48af-ab34-dbf237bcd9bd,1,39,35,Poland Women's,Dominika Grabowska,Sylwia Matysik,50.7,54.7,43.4,67.7,14.909393,-10.612651843056994,1.1697467561800923,0.20645498207265162,-0.9632917741074407,1.8062355111048989,0.6490188586601213,-1.1572166524447776,2.5882092403243164,1.3305364027944753,-1.2576728375298412,1.2996409676634109,7.180955471376616,1,0,2,0,3,2,1,0,0,0,0,0
3998848,2a6a5002-8172-41f2-a999-0b1e470617ef,1,39,38,Poland Women's,Sylwia Matysik,Paulina Tomasiak,46.5,69.6,59.9,75.5,14.641379,9.434842481132137,0.32153388443015146,0.3515681774828889,0.030034293052737415,0.6338197233018272,0.7069476169722233,0.07312789367039607,1.1367939388230235,1.2099024021685822,0.07310846334555876,3.570697498879586,3.7346336653871366,0,0,1,1,1,1,0,0,0,0,0,0
3998848,9b93f7ad-910f-4204-9315-a32989f11c36,1,40,49,Poland Women's,Oliwia Woś,Martyna Wiankowska,37.6,32.6,52.5,7.9,28.846144,7.987651304773877,0.002704515755475492,0.004014199035936272,0.0013096832804607799,0.035662574733109874,0.0468559918076923,0.011193417074582428,0.1793738014624259,0.2165045771784294,0.03713077571600351,17.910031503127442,16.860685506270833,0,0,0,0,0,0,0,0,1,0,0,1
3998848,3a5c10d6-31f9-4ad7-a3c0-6070cfbf1047,1,40,52,Poland Women's,Martyna Wiankowska,Oliwia Woś,52.5,7.9,41.4,23.7,19.309324,-5.52838594601721,0.025613505336047494,0.0012694810734309701,-0.024344024262616525,0.13809281965021233,0.024918643976137286,-0.11317417567407505,0.4114462421707991,0.14173224139092752,-0.2697140007798716,11.221950206739509,20.83093712709033,0,0,0,0,0,0,0,0,1,0,0,1
3998848,2fd394ac-a252-40a3-a774-08f9776bd2a0,1,40,54,Poland Women's,Oliwia Woś,Emilia Urszula Szymczak,40.5,24.6,36.7,54.3,29.94211,-3.540682206880305,0.0016252149751293486,0.0008632100721328339,-0.0007620049029965147,0.02866432792482773,0.01473794141782586,-0.013926386507001872,0.15484291442931597,0.07635986818298744,-0.07848304624632853,19.91723261719987,21.16771384258759,0,0,0,0,0,0,0,0,1,0,0,1
3998848,724dc337-bdf9-4cc4-ab34-132c4edceb71,1,40,59,Poland Women's,Emilia Urszula Szymczak,Oliwia Woś,46.9,56.9,42,23.8,33.460724,-4.63641863549914,0.12261511963144235,0.031080553474918067,-0.09153456615652428,0.35073649001075424,0.14688431359348553,-0.20385217641726872,0.7316242751146856,0.4238272360028877,-0.30779703911179795,6.545256586078685,10.513200230928932,0,0,0,0,1,0,0,0,1,0,0,1
3998848,98239201-7817-45bc-bd2e-e5e59e51706f,1,41,2,Poland Women's,Oliwia Woś,Kinga Szemik,42,23.8,29.3,34.4,16.54237,-11.208166481930604,0.031080553474918067,0.00889323620189218,-0.022187317273025885,0.14688431359348553,0.07961594221155326,-0.06726837138193227,0.4238272360028877,0.29400559742961185,-0.12982163857327583,10.513200230928932,16.043957365512657,0,0,0,0,0,0,0,0,1,0,0,1
3998848,03e6c22c-e783-4287-b420-82644aee5bdf,1,41,4,Poland Women's,Kinga Szemik,Tanja Pawollek,29.3,34.4,46.5,40.4,18.216476,17.37162474886334,0.04020575421219731,0.15777022460744886,0.11756447039525154,0.18539985149779586,0.5184848303680419,0.3330849788702461,0.48697792073130697,1.0960835311133188,0.6091056103820118,10.21881101770351,6.857771800727386,0,0,0,0,0,1,0,0,0,0,0,0
3998848,7aaf7730-5b5d-42ed-b075-d38f766302c4,1,41,17,Sweden Women's,Johanna Rytting-Kaneryd,Ingrid Filippa Angeldal,83.9,72.2,109.6,60.9,28.074543,25.029470776814904,0.594218582525227,0.6434420233138044,0.04922344078857743,1.2880285375907505,1.1503955546858162,-0.1376329829049343,2.1745513119848194,1.9184036116187515,-0.25614770036606793,3.9635672976220877,2.104682263221005,0,1,1,1,3,2,0,0,1,0,0,1
3998848,9412a27f-6e35-4d42-be7d-ccef3f2e3289,1,41,24,Sweden Women's,Ingrid Filippa Angeldal,Hanna Lundkvist,109.2,61.3,102.7,60.9,6.512296,-3.2495800322408854,0.6101110651023435,0.3680835873973207,-0.24202747770502275,1.205704733152203,0.9567527880682032,-0.24895194508399987,2.11641075964103,1.8537528406559727,-0.2626579189850575,2.320212652316627,5.330303373946925,1,0,1,0,2,2,0,0,1,0,0,1
3998848,a49ba5a9-f187-4216-a93e-9b9405e83fcb,1,42,0,Poland Women's,Kinga Szemik,Oliwia Woś,12.6,43.7,15.4,26.7,17.229046,2.0215505646155947,0.018650007550248857,0.009759269325023544,-0.008890738225225313,0.11945478335033392,0.06962154589797907,-0.04983323745235485,0.3601343186486965,0.23145600195212795,-0.12867831669656854,12.774791035974813,13.998418418022991,0,0,0,0,0,0,0,0,1,0,0,1
3998848,e44e6038-190a-4164-9337-82113de62aa1,1,42,3,Poland Women's,Oliwia Woś,Kinga Szemik,14,27,7.7,39.5,13.997857,-5.506918485651198,0.1736165210216398,0.08740279064254339,-0.08621373037909641,0.3667592032902942,0.3008863171942083,-0.06587288609608594,0.6064766114069804,0.6186817122686402,0.012205100861659823,5.2744061230735815,8.41836375246078,0,0,0,0,1,0,0,1,1,0,0,1
3998848,bc0e4d53-b6f2-4113-8f17-42f4ee2d2357,1,42,5,Poland Women's,Kinga Szemik,Emilia Urszula Szymczak,6.4,41.3,9.6,67.3,26.196182,-0.11788885770396007,0.3967739478030111,0.014943638863966434,-0.3818303089390447,0.6852966202042795,0.10419604812486728,-0.5811005720794122,0.994410103446949,0.3373761270329864,-0.6570339764139626,3.0939234735827537,13.147650317011994,0,0,1,0,1,0,1,0,1,0,0,1
3998848,8d82d5fd-8794-4139-8332-614d067041a7,1,42,9,Poland Women's,Emilia Urszula Szymczak,Adriana Achcińska,17.8,70.7,37.2,60.7,21.825672,21.363146864050535,0.13036811961984054,0.12886647909137422,-0.0015016405284663248,0.33779110287775305,0.46869969852029825,0.1309085956425452,0.6566815605635372,1.0620732766026304,0.4053917160390932,6.209216356436172,8.291897203828478,0,0,0,0,1,0,0,0,1,0,0,1
3998848,6f1e287e-7c92-427a-90a4-a48e8a0ff882,1,42,12,Poland Women's,Adriana Achcińska,Kinga Szemik,33.9,66.8,10.9,50.4,28.248186,-19.42001808193895,0.6654789295309926,0.0076506371001535175,-0.6578282924308391,1.1634525985444928,0.07408010917513705,-1.0893724893693557,1.7144664584744729,0.2889522238122831,-1.4255142346621898,3.017814487867767,15.74316625200827,0,0,2,0,2,0,0,0,1,0,0,1
3998848,82c98ad2-d861-4798-b887-ae06abe5806d,1,42,18,Poland Women's,Kinga Szemik,Oliwia Woś,14.7,49.9,20.1,23.3,27.142586,4.478132640495744,0.04635944136882048,0.0058990003680520426,-0.04046044100076844,0.19982285209706874,0.06631676775128198,-0.13350608434578676,0.5022653287004263,0.2824841143167489,-0.21978121438367737,9.720715572981094,16.35240442265494,0,0,0,0,0,0,0,0,1,0,0,1
3998848,93aef756-5bdd-4b9b-ac19-dc86af8f2ddf,1,42,28,Sweden Women's,Gun Nathalie Björn,Emma Stina Blackstenius,79.6,55.1,106.6,48.4,27.818878,27.314505572195536,1.09986979225585,0.3691338912681072,-0.7307359009877428,1.5757521806917354,0.981529107072604,-0.5942230736191314,2.3015001881291006,1.8768718564589504,-0.42462833167015024,0.3738924824473497,5.546270889495068,1,0,1,0,3,2,1,0,0,1,1,1
3998848,17de8c77-5864-48cf-bfd5-2eb82df8bb6a,1,43,48,Poland Women's,Kinga Szemik,Martyna Wiankowska,6.3,44.2,30.7,0.3,50.225193,16.05047719365217,0.016637973278044116,0.16062837917302444,0.14399040589498033,0.1168006112081305,0.34611345389849685,0.22931284269036634,0.3864147263054657,0.5896625202907496,0.20324779398528392,13.109647675456772,5.495441422354044,0,0,0,0,0,1,0,0,0,0,0,0
3998848,e215614e-9b39-416b-8376-feb283f79d63,1,44,1,Sweden Women's,Gun Nathalie Björn,Johanna Rytting-Kaneryd,71.9,69.7,95.4,76.7,24.5204,12.348512815337962,0.7616591574950197,0.1134026950783027,-0.648256462416717,1.101893306958825,0.4876030569135114,-0.6142902500453136,1.639783939084771,1.1756343005224048,-0.46414963856236624,1.1062697950289755,9.751637794968254,1,0,1,0,1,0,0,0,1,1,1,1
3998848,692b10bb-fce5-4dc3-a585-87c44431be61,1,44,6,Sweden Women's,Johanna Rytting-Kaneryd,Emma Stina Blackstenius,109.6,68.7,113.1,39.5,29.409012,23.60812601683737,0.2578140032975675,1.3157444104040144,1.0579304071064468,0.7257952159514723,2.3832858829371912,1.6574906669857188,1.496428132685132,3.6426951215942385,2.1462669889091064,6.371463881385397,2.468076437251799,0,2,0,3,2,5,0,0,0,1,1,1
3998848,9d2fe1af-1c9f-4cb3-a82d-18daf371cc9c,1,44,37,Poland Women's,Kinga Szemik,Oliwia Woś,8.1,40.2,11.2,20.6,19.84364,1.384116549842929,0.15069970221273205,0.07705759063539042,-0.07364211157734163,0.34534232037600787,0.2513228525025722,-0.09401946787343568,0.6112873332685027,0.530497571491553,-0.08078976177694974,5.718488034519872,7.9201234519519215,0,0,0,0,1,1,1,0,0,0,0,0
3998848,c0f5bbf6-efde-4327-9ab7-4303fe065fc2,1,44,47,Sweden Women's,Ingrid Filippa Angeldal,Kosovare Asllani,77.4,63.9,98.2,74.7,23.436724,7.8667627974457375,0.7991977804916065,0.28340243653295244,-0.515795343958654,1.469581222534497,0.6555798882164473,-0.8140013343180498,2.2772773662898893,1.2695494365452544,-1.0077279297446349,2.7581210709355437,4.202195549494248,1,0,2,1,3,1,0,0,1,0,0,1
3998848,e44cf1da-386c-486f-b258-427f72c41078,1,44,50,Sweden Women's,Kosovare Asllani,Johanna Rytting-Kaneryd,98.2,74.7,106.1,66.8,11.172287,10.789398877880426,0.5930811613745347,0.43968602044798466,-0.15339514092655004,1.030423991205134,1.037745405978,0.007321414772865964,1.6481402847111315,1.8973062705446095,0.24916598583347804,2.1314392375494733,4.680547569679884,1,0,1,1,2,2,0,0,1,0,0,1
3998848,ce487aee-e63f-4e8b-a1df-137246131f50,1,44,59,Sweden Women's,Johanna Rytting-Kaneryd,Hanna Lundkvist,103.8,65.1,104.7,77.6,12.532358,-10.719817072481028,0.5893102947396188,0.049557091842454444,-0.5397532028971643,1.1807040411219611,0.2495007554087477,-0.9312032857132134,2.1029053805131097,0.7350668223209776,-1.367838558192132,2.579099756836364,10.221703949420064,1,0,1,0,2,0,0,0,0,0,0,0
3998848,98eb178f-993a-4af6-9334-2976118857c6,1,45,24,Poland Women's,Adriana Achcińska,Sylwia Matysik,68.2,72.7,76.5,74.9,8.586617,5.48819241227195,0.11383921171294865,0.15790586368676107,0.04406665197381242,0.3353182619996297,0.5013538145417519,0.16603555254212216,0.7564723441975438,1.077165277960176,0.3206929337626321,6.692133952864273,7.149761632187554,0,0,0,0,1,1,0,0,0,0,0,0
3998848,afb134d5-2c2d-4911-bf62-f3e92488f8a3,1,45,58,Poland Women's,Paulina Tomasiak,Dominika Grabowska,90.2,75.9,90.8,56.2,19.709135,13.263911533401028,0.5676023189508065,0.45538101269918463,-0.11222130625162186,1.1087243408055611,1.1599927476740548,0.051268406868493654,1.8498793381488605,2.191681371753954,0.3418020336050933,2.759419330790222,4.408665162625355,1,0,1,1,2,2,0,0,0,0,0,0
3998848,002f9706-7688-4100-a51c-0bd3ddc51b02,1,46,44,Poland Women's,Paulina Tomasiak,Martyna Wiankowska,67.2,53.3,69.6,25.3,28.102669,1.9493342475369388,0.5178320841741881,0.012407336005882282,-0.5054247481683058,1.1365426688959925,0.13682612607506026,-0.9997165428209323,1.9550331989273926,0.5644721235875112,-1.3905610753398814,4.014354004575357,15.816834468290313,0,0,1,0,3,0,0,0,1,0,0,1
3998848,432866b4-1236-4b6e-84b4-fec6f1a1f5d0,1,46,48,Poland Women's,Martyna Wiankowska,Nadia Krezyman,83,21,100.9,8.9,21.606018,5.096419507097863,0.2554387278644233,0.08455978269820283,-0.17087894516622046,0.6130454881724441,0.2974009909134898,-0.31564449725895427,1.2022236905341896,0.7137281946154752,-0.48849549591871444,4.452954751682338,7.81296941331321,0,0,1,0,1,1,0,0,1,0,0,1
3998848,86f84d9e-c171-4070-9154-02196e9475a3,1,46,53,Poland Women's,Nadia Krezyman,Dominika Grabowska,105,20.6,101.1,12.1,9.352005,-9.176318810108999,1.1256797289747025,0.3772246002580529,-0.7484551287166497,1.7122127903475306,0.9090585750388076,-0.803154215308723,2.5262943041891956,1.629384253888551,-0.8969100503006446,1.1315649004054176,5.263645874088795,1,0,2,0,2,3,0,0,0,0,0,0
3998848,19367fc5-844d-4193-9d67-b665fdade80e,1,47,43,Sweden Women's,Ingrid Filippa Angeldal,Amanda Ilestedt,49.2,44.7,34,31.6,20.066141,-15.45342743127462,1.0351663749652573,0.12707328857435912,-0.9080930863908983,1.397626769397418,0.35341149452434273,-1.0442152748730753,2.0314467449131413,0.7585754745558466,-1.2728712703572946,0.2619933253773923,6.33705616626115,1,0,1,0,2,1,0,0,0,0,0,0
3998848,5c5f00e6-47cd-4f6e-ac00-5b6ff93cb966,2,45,3,Sweden Women's,Gun Nathalie Björn,Hanna Lundkvist,43.1,38.9,49.3,63,24.884735,2.5607755553872806,0.03219873322676481,0.00512637132120963,-0.02707236190555518,0.14139081412888416,0.0645929706181903,-0.07679784351069385,0.40719032476286576,0.2916766291462098,-0.11551369561665598,10.3391151515563,17.946829350126496,0,0,0,0,0,0,0,0,1,0,0,1
3998848,f12c45dc-e6ee-43b8-a031-2d82baf21f5d,2,45,52,Sweden Women's,Julia Zigiotti-Olme,Hanna Lundkvist,55.2,65.8,63.3,73.8,11.384639,3.7371830220245386,0.284472328886667,0.4110450281594132,0.12657269927274617,0.6287169668147772,0.909442473185337,0.2807255063705598,1.0566149691686741,1.5578333240444322,0.501218354875758,4.701006607689428,4.018741914370507,0,0,1,1,2,2,0,0,1,0,0,1
3998848,9cfd0aa4-87dc-4df0-a267-527fbf335faa,2,45,54,Sweden Women's,Hanna Lundkvist,Gun Nathalie Björn,61.6,72.4,28.5,58.8,35.785053,-26.625774677370813,1.109790656853067,0.0013116460636865982,-1.1084790107893805,1.5172364308971609,0.018650479252611346,-1.4985859516445494,2.039915486645819,0.08301971680577579,-1.956895769840043,0.5460477961794152,19.909417180157615,1,0,2,0,2,0,0,0,1,0,0,1
3998848,5dec231b-581d-4af0-99a4-a4e27d73c1c5,2,46,5,Sweden Women's,Gun Nathalie Björn,Johanna Rytting-Kaneryd,57.4,58.6,76.5,76.8,26.38276,8.326845509466942,0.10958039732998885,0.13347729621667775,0.023896898886688903,0.4121081447529727,0.41927441417250966,0.007166269419536964,0.973382199576608,0.9608144104778359,-0.012567789098772097,7.659296500044492,6.602956672970308,0,0,0,0,1,1,0,0,0,0,0,0
3998848,6a91897c-5002-4ce5-92d3-64e537051e9b,2,46,27,Poland Women's,Ewelina Kamczyk,Martyna Wiankowska,10.8,41.2,15.9,25.1,16.888458,4.0456689057955515,0.791686243039044,0.39060295852662813,-0.40108328451241587,1.334881516339121,0.8479242394744644,-0.4869572768646566,2.0093142177259162,1.5061506741755613,-0.503163543550355,1.5303273282232255,3.6118793076367584,1,0,1,1,2,1,0,0,1,0,0,1
3998848,b5336f38-f661-4043-9ff6-7ddd87b56fb3,2,46,32,Sweden Women's,Jonna Ann-Charlotte Andersson,Gun Nathalie Björn,83.3,37.3,67.5,41.3,16.298466,-15.716907998065878,0.5999516416048525,0.07621026694215599,-0.5237413746626964,1.0897821667600347,0.3054189733739306,-0.7843631933861042,1.8399749672925272,0.7610147723164487,-1.0789601949760785,2.0887745663361263,8.616373825980645,1,0,1,0,1,0,0,0,1,0,0,1
3998848,f214b6f6-d6f3-4ab7-892f-11a386a443ff,2,46,35,Sweden Women's,Gun Nathalie Björn,Hanna Lundkvist,70.1,45.7,76.9,68.6,23.88828,-1.5014162530265125,0.5098361725395709,0.024580734679436247,-0.4852554378601347,0.830335704535211,0.1767713495901396,-0.6535643549450714,1.3817615195420814,0.6345708127655993,-0.747190706776482,2.184767826454172,12.042488030749373,1,0,1,0,1,0,1,0,1,0,0,1
3998848,cbf9d6e5-aec1-41f0-9bbc-517a185c299f,2,46,39,Sweden Women's,Hanna Lundkvist,Johanna Rytting-Kaneryd,84.3,65.8,103,67.6,18.78643,11.63147838998298,0.17272407505610954,0.46971050640732304,0.2969864313512135,0.46974313664571604,0.8399626342608685,0.37021949761515244,1.0361907577844247,1.4125395150587432,0.3763487572743185,5.557595028980908,2.557253460211791,0,1,0,1,1,1,0,0,1,0,0,1
3998848,895e912e-cbe8-4a0b-b926-5b19c66b66dd,2,46,55,Sweden Women's,Jennifer Miley Falk,Gun Nathalie Björn,34.7,29,44.2,46.5,19.912308,9.928153506454109,0.0009477956446171496,0.008330381950328014,0.007382586305710865,0.01734066353763902,0.07618126792924787,0.05884060439160885,0.09538645567082467,0.2745056255429023,0.17911916987207765,21.025641644105004,16.284369033014837,0,0,0,0,0,0,0,0,1,0,0,1
3998848,0cae1a92-0038-4d04-8fca-4fb436065a79,2,47,3,Sweden Women's,Hanna Lundkvist,Ingrid Filippa Angeldal,61.7,64.8,84.1,70.2,23.041702,16.44236605710708,0.02491074812562126,0.09763730353357225,0.07272655540795099,0.1633533886924759,0.3353217884441248,0.1719683997516489,0.549683262328615,0.830251538166134,0.280568275837519,12.737252380864492,7.37043532650062,0,0,0,0,0,1,0,0,1,0,0,1
3998848,0f694e3d-f1b5-4e80-b505-82e3f401746e,2,47,14,Sweden Women's,Jonna Ann-Charlotte Andersson,Emma Stina Blackstenius,106.4,18.4,111.5,43.1,25.221024,16.477238184656084,0.8862936238064786,1.203472140267267,0.31717851646078843,1.3799752641544403,2.4715729856645625,1.0915977215101222,2.164999643465778,3.9109610415138176,1.7459613980480397,1.4467508761362224,3.2652845347731474,1,0,2,2,2,6,0,0,1,1,1,1
3998848,b88bfcd3-f955-4c66-a826-8aff4df574a5,2,47,29,Poland Women's,Ewelina Kamczyk,Ewa Pajor,53.8,35,107.3,61.9,59.88205,41.07255038615576,0.375511539339635,0.07795893314812576,-0.29755260619150925,0.8952066194350313,0.27042458770118216,-0.6247820317338492,1.7688577616399312,0.6677832786865315,-1.1010744829533996,3.7008879495626794,7.869230524860635,0,0,1,0,1,1,0,0,0,1,1,1
3998848,0f20e593-d1b4-4003-a162-dfde65c88737,2,47,58,Sweden Women's,Hanna Lundkvist,Ingrid Filippa Angeldal,34.9,67.2,61.7,67.8,26.806715,24.75226896218058,0.013365544422891078,0.18779907095445747,0.17443352653156638,0.10467771894437958,0.40718831234548264,0.3025105934011031,0.3717415353570883,0.7398210734531783,0.36807953809608995,13.724281356239455,5.078295690406636,0,0,0,0,0,1,0,0,1,0,0,1
3998848,77bfe6f3-922d-4459-ae82-484488cafe69,2,48,2,Sweden Women's,Ingrid Filippa Angeldal,Johanna Rytting-Kaneryd,69.7,68.2,108.5,63.8,39.048687,31.232929521031398,0.43557615454777165,0.2638708801767694,-0.17170527437100225,0.7245723502171374,0.5651499128238195,-0.15942243739331785,1.1441101043687123,1.0389676397766963,-0.10514246459201604,2.6445802456666927,4.315527856005738,1,0,1,1,1,1,0,0,0,0,0,0
3998848,1ad7dafa-7fbb-4b95-9b4d-04003bfcfd44,2,48,11,Poland Women's,Oliwia Woś,Ewelina Kamczyk,12.5,27.6,31.7,30.2,19.375242,19.370636199064705,0.04573987516242236,0.387048550080188,0.3413086749177657,0.25565020105737,0.65304823162626,0.39739803056889,0.7301060467552043,1.090271188509338,0.3601651417541336,10.761949684750823,2.9191819828377255,0,1,0,1,0,1,0,0,0,0,0,0
3998848,87474cf1-8db0-4f3e-aca5-0424ec2f8c66,2,48,35,Poland Women's,Martyna Wiankowska,Kinga Szemik,37.2,22.1,22.3,34.2,19.19427,-13.159258329828177,0.016290797397420266,0.00264384242398887,-0.013646954973431396,0.1302793675578123,0.035734524250391045,-0.09454484330742126,0.4557408323077128,0.18060968681019254,-0.27513114549752027,14.61723458140973,18.136098922487992,0,0,0,0,0,0,0,0,1,0,0,1
3998848,56e82c09-f003-4850-b14b-4e9c5cecdbd1,2,48,45,Poland Women's,Sylwia Matysik,Oliwia Woś,43.4,71.3,27.9,40.4,34.56964,-9.352756856034134,0.4140736879687313,0.003622951130850419,-0.41045073683788086,0.7926758759084247,0.05552771168260516,-0.7371481642258195,1.3191570384508473,0.2781128659709159,-1.0410441724799315,3.054642616887191,18.84360966638165,0,0,1,0,1,0,1,0,1,0,0,1
3998848,8da061ab-81ec-484e-a448-8f0ea013b6c6,2,48,49,Poland Women's,Oliwia Woś,Natalia Padilla-Bidas,35.3,39.2,64.5,76.8,47.606724,18.111811473433846,0.0847978553014981,0.01827757044901378,-0.06652028485248432,0.2893690337498658,0.1089495871657466,-0.18041944658411918,0.6911594117230966,0.3548298413951543,-0.3363295703279423,7.63086224937239,12.157970799179889,0,0,0,0,1,0,0,0,1,0,0,1
3998848,9737f069-8b2b-40ee-afc8-ac11e189d563,2,48,57,Poland Women's,Sylwia Matysik,Ewa Pajor,91.6,69.9,103.8,44.8,27.907885,24.341814533782323,0.25787872433588466,0.7827160833582376,0.524837359022353,0.725114440791198,1.1156613295724902,0.3905468887812922,1.3958086517095492,1.7176001286940217,0.3217914769844725,5.767082769018366,0.9239864974182932,0,1,0,1,1,1,0,1,1,0,1,1
3998848,282e8b7c-73ac-44ab-a71c-10dd72433678,2,49,55,Poland Women's,Ewelina Kamczyk,Ewa Pajor,107.7,70.3,113.5,46.8,24.205164,23.294463765738197,0.4195524969078257,1.4138560771563087,0.994303580248483,0.8749506495985958,2.4772925737973996,1.6023419241988037,1.587686626284998,3.6402257764494697,2.0525391501644714,3.4805006338971984,1.6814246452596724,0,1,1,3,2,5,0,0,1,0,0,1
3998848,9bb92ed8-c9eb-4629-bf0b-be265a2f7cb6,2,50,2,Poland Women's,Natalia Padilla-Bidas,Sylwia Matysik,91.6,11.9,64.1,30,32.922028,-16.835314261178418,0.4070024626513871,0.0031545523878155424,-0.4038479102635716,0.6869460185044053,0.04881211913292345,-0.6381338993714818,1.1437371156368026,0.2571675270459574,-0.8865695885908451,2.8085573921253,19.281460831770573,1,0,1,0,1,0,0,0,0,0,0,0
3998848,066cc80a-38da-42d3-98e9-c5c0d7a71e87,2,50,6,Poland Women's,Sylwia Matysik,Paulina Tomasiak,63.1,36.8,98.6,70.1,48.673813,20.057946912659176,0.020268165330776668,0.8442401605150456,0.8239719951842689,0.15093060973633327,1.0281003081143227,0.8771696983779895,0.5077737659977025,1.3691520760369247,0.8613783100392222,13.700258669797705,0.5850153909289554,0,1,0,1,0,1,0,0,0,0,0,0
3998848,f2e9551a-059b-40a9-9c33-b9dd84256999,2,51,12,Poland Women's,Ewelina Kamczyk,Martyna Wiankowska,94,19.1,90.6,7.1,12.472369,-10.763409692992,0.33934520604559565,0.16152679994397887,-0.17781840610161678,0.8430174060415159,0.47587019840337874,-0.36714720763813713,1.626701288971131,1.0174616446525109,-0.6092396443186201,4.403558275311504,6.294081887703301,0,0,1,0,2,1,0,0,0,0,0,0
3998848,c6db7e18-a76f-48ec-8193-c5f173c35e57,2,51,14,Poland Women's,Martyna Wiankowska,Ewelina Kamczyk,90,9.3,84,19.9,12.180312,1.6930580547059293,0.15646004153905974,0.44946148030333904,0.2930014387642793,0.47146646099335066,0.8884824608022623,0.4170159998089117,1.0204324099073339,1.54614916747059,0.5257167575632562,6.483609125182197,3.0512379888427823,0,0,0,1,1,1,0,0,0,0,0,0
3998848,16f05c0c-62c9-44c7-8a36-dc807ad43b72,2,51,26,Sweden Women's,Emma Stina Blackstenius,Julia Zigiotti-Olme,71.7,32.3,61.7,37.7,11.364858,-9.435433948222666,1.0361318741766647,0.36235586560344096,-0.6737760085732238,1.6450274649167824,0.787403243415195,-0.8576242215015875,2.6365619656513126,1.5136153943815427,-1.12294657126977,0.5244578197237674,3.6276819194830403,1,0,1,1,2,1,0,0,1,0,0,1
3998848,92629603-56a7-4651-bf20-9ab789b8776f,2,51,31,Sweden Women's,Julia Zigiotti-Olme,Gun Nathalie Björn,59.2,30.7,58.6,45.3,14.612324,-0.12116735606389284,0.20354826149408806,0.03713077636227956,-0.16641748513180848,0.47117982087210436,0.2219098587903702,-0.24926996208173416,0.9410318650096953,0.6762823037819148,-0.2647495612277805,4.901257839984241,11.706616811773937,0,0,1,0,1,0,0,0,1,0,1,1
3998848,00afc75d-0b34-4f29-a013-ff21a94dd8ca,2,51,34,Sweden Women's,Gun Nathalie Björn,Johanna Rytting-Kaneryd,63.9,49.9,86.6,73.2,32.52968,9.873308484461752,0.12345583244594636,0.016351645188286038,-0.10710418725766033,0.450024030782115,0.13609422076233774,-0.31392981001977727,1.070114220828365,0.5014443044981511,-0.5686699163302138,7.829032007950165,14.573650965705067,0,0,0,0,1,0,0,0,1,0,1,1
3998848,80bfbc33-7558-4b30-9117-5023605f12ae,2,51,37,Sweden Women's,Johanna Rytting-Kaneryd,Ingrid Filippa Angeldal,93.2,67.8,96.8,53.8,14.455449,11.620431623055087,0.13630837270661478,0.8245940811160581,0.6882857084094434,0.47025507238068026,1.5828887403232867,1.1126336679426065,1.0692531617614858,2.54804429891842,1.4787911371569344,7.399004756615372,2.8827842642320483,0,1,0,2,1,4,0,0,0,1,1,1
3998848,88303db4-6f2f-4d6b-b5c3-29c9e1778313,2,51,38,Sweden Women's,Ingrid Filippa Angeldal,Johanna Rytting-Kaneryd,97.4,52.9,113.3,56.4,16.280663,8.306678126623392,0.8245941105577942,0.3090433732831374,-0.5155507372746568,1.58288872813198,0.7448673040318152,-0.8380214241001647,2.5480443367096717,1.5409224964172978,-1.0071218402923738,2.8827820542182314,4.007591688096938,1,0,2,1,4,1,0,0,0,1,1,1
3998848,65e123df-bcd8-4f00-bf21-39b25951a64b,2,51,41,Sweden Women's,Johanna Rytting-Kaneryd,Kosovare Asllani,116.5,55.4,113.1,38.1,17.63094,8.635904907716705,0.29030716691089903,1.618808905057808,1.328501738146909,0.7270113411041921,2.562429828109423,1.835418487005231,1.5404162929793563,3.7760245138308632,2.235608220851507,4.183347524207561,0.9597197057353573,0,2,1,2,1,4,0,0,0,1,1,1
3998848,d9211f2d-b262-4d49-9ddc-62b01577449c,2,52,52,Poland Women's,Tanja Pawollek,Emilia Urszula Szymczak,35.6,44.6,31.1,65.1,20.988092,-7.850167137747036,0.15147623175734107,0.010716690151793185,-0.14075954160554788,0.49125845424579206,0.08953478410326811,-0.40172367014252397,1.0363582314655544,0.32750237909715,-0.7088558523684043,6.940417619062949,14.778345394009571,0,0,0,0,1,0,0,0,1,0,0,1
3998848,89256480-6a87-48d6-b14c-fd94c88ee852,2,52,55,Poland Women's,Emilia Urszula Szymczak,Oliwia Woś,33.7,62.7,26.9,21.7,41.560078,-5.6459740070333595,0.20122379363195875,0.001738151859207095,-0.19948564177275166,0.4379001125031332,0.034761328891259095,-0.4031387836118741,0.7898267602220257,0.20665421400970163,-0.5831725462123241,4.912000825672003,20.11668819632457,0,0,1,0,1,0,0,0,1,0,0,1
3998848,04a3ead4-0f57-4620-af40-fca5dfd92d61,2,53,0,Poland Women's,Oliwia Woś,Ewa Pajor,42.2,23.3,63.3,33.2,23.307081,22.465864120789746,0.254750531275632,0.4931724225575731,0.23842189128194108,0.5136506654684239,1.0765598029856314,0.5629091375172075,0.9471070188562101,1.983360251800896,1.0362532329446859,4.175730246070695,3.154251999653796,0,0,1,1,1,2,0,0,0,0,0,0
3998848,18e3b413-6c1d-4046-8e75-048a145ad991,2,53,17,Sweden Women's,Hanna Lundkvist,Johanna Rytting-Kaneryd,56.6,70,78.9,74,22.655905,16.799065200336138,0.11870211341576407,0.05153808241009965,-0.06716403100566443,0.3726637175516024,0.24661849771648742,-0.12604521983511496,0.8245211594310858,0.6952579230594994,-0.12926323637158643,7.04303439090057,9.694976643030776,0,0,0,0,1,0,0,0,1,0,0,1
3998848,6afa2a69-6799-4caf-9e2f-e8e74e7b46cd,2,53,20,Sweden Women's,Johanna Rytting-Kaneryd,Ingrid Filippa Angeldal,88.6,66.4,92,53.5,13.34054,9.938845867307009,0.7934978095149581,0.8704372687037228,0.07693945918876477,1.1540230190604626,1.599471566000729,0.4454485469402665,1.7598641626168852,2.6172573490762647,0.8573931864593796,0.9867558854453863,1.8500836870849688,1,1,1,1,1,4,0,1,0,0,0,0
3998848,eec6381c-3530-49d5-89b9-3196dad1b25d,2,53,22,Sweden Women's,Ingrid Filippa Angeldal,Kosovare Asllani,92.8,52.3,103,49.7,10.526158,10.27911556740689,0.9586239445599382,0.6508285551461236,-0.30779538941381457,1.637655912263687,1.585567585103362,-0.052088327160324965,2.6310273118363443,2.9201142454850255,0.2890869336486812,1.2015576381768436,3.603948911293505,1,0,1,1,4,3,0,0,0,0,0,0
3998848,343c3ea8-b60e-430f-9d5d-797d4030a8a6,2,53,26,Poland Women's,Adriana Achcińska,Ewelina Kamczyk,28.9,26.8,38.2,36.4,13.366002,10.172165085590407,0.48805002761546173,0.4974452292677882,0.00939520165232649,1.1112105209173626,1.0201425707924323,-0.0910679501249303,2.0168591980139094,1.7674660379793208,-0.24939316003458867,3.4767350490333504,2.871777550173657,0,1,1,1,2,1,0,0,1,0,0,1
3998848,c0ae6dd3-19df-4cdc-8b14-ccb7fc55d25f,2,53,41,Sweden Women's,Madelen Fatimma Maria Janogy,Jonna Ann-Charlotte Andersson,51.2,13.6,41.2,10.4,10.499524,-10.484758298241772,0.11431027422057566,0.09114804952198101,-0.02316222469859465,0.4227824699728295,0.34471139186485333,-0.07807107810797614,0.9928327520293341,0.828125211973796,-0.16470754005553812,7.658871269338918,8.354948001458657,0,0,0,0,1,0,0,0,1,0,0,1
3998848,714fcf7f-8c04-402e-a12d-067e12037291,2,53,43,Sweden Women's,Jonna Ann-Charlotte Andersson,Jennifer Miley Falk,41.6,10.2,12.6,32.3,36.461075,-23.803148100060085,0.3850795220324069,0.002707117545798607,-0.3823724044866083,0.738139302880707,0.028807413613417477,-0.7093318892672895,1.2162947078949904,0.10894070153560433,-1.107354006359386,3.493370929905455,17.735612539168955,0,0,1,0,2,0,0,0,1,0,0,1
3998848,7c5c8522-0479-414c-9ac1-42457144c7c2,2,53,47,Sweden Women's,Jennifer Miley Falk,Gun Nathalie Björn,13.6,35.7,32.9,46.7,22.214634,19.129541418986136,0.0021028099162279045,0.008432572595039739,0.006329762678811834,0.024755973538879147,0.06967713682205773,0.04492116328317858,0.09909460391972735,0.2379556102652171,0.13886100634548976,18.49344231991334,14.791825047273269,0,0,0,0,0,0,0,0,1,0,0,1
3998848,7d03fd57-0a8c-473e-86b6-b8ef42ebea4d,2,53,52,Sweden Women's,Gun Nathalie Björn,Johanna Rytting-Kaneryd,50.6,53.7,80.3,72,34.88524,19.748232495581902,0.08703955788195539,0.026385872449740663,-0.06065368543221472,0.37847551980503596,0.1688125745485554,-0.20966294525648058,0.9542008602244816,0.5513859723430667,-0.40281488788141484,8.708484980910615,12.13813411186829,0,0,0,0,0,0,0,0,0,0,0,0
3998848,d811ef42-f03b-45dd-9ed1-5c63fecc6a50,2,54,0,Poland Women's,Natalia Padilla-Bidas,Ewelina Kamczyk,29.5,36,35.4,32,7.1281133,5.610945897402544,0.652898363149564,0.39645153825051127,-0.2564468248990527,1.0969011577395473,0.9332370501692473,-0.16366410757030003,1.8317151653133426,1.716670049995096,-0.11504511531824657,1.6022172804242714,4.113308345884353,1,0,1,1,1,2,0,0,1,0,0,1
3998848,de7d3eee-571a-4e91-8881-839d090f5993,2,54,3,Poland Women's,Ewelina Kamczyk,Natalia Padilla-Bidas,42.4,31.4,42.8,44.4,13.006152,0.7498051211481425,0.7699837298782435,0.15516709117087757,-0.6148166387073659,1.2906639642589672,0.6250944121081833,-0.665569552150784,1.9882671454208272,1.5054784717544876,-0.4827886736663396,2.7639379684090004,7.67665273648389,1,0,2,0,2,1,0,0,1,0,0,1
3998848,0cca4645-d4d8-4eea-9314-f2c3e3383ea2,2,54,5,Poland Women's,Natalia Padilla-Bidas,Paulina Tomasiak,57.2,44.2,57.8,72.8,28.606293,-7.378129476165384,0.42062368048584214,0.041009134432669674,-0.37961454605317246,1.0203082782307944,0.20675065405818355,-0.8135576241726108,2.0223604560242516,0.6390256289983394,-1.3833348270259123,4.088030509182005,10.044030720006605,0,0,1,0,2,0,0,0,1,0,0,1
3998848,825043b0-9e52-4ab0-8703-1d5b943b37e4,2,54,8,Poland Women's,Paulina Tomasiak,Sylwia Matysik,57.4,70.9,48.4,65.5,10.495713,-6.194369735484699,0.0692077917602507,0.03459697630012418,-0.03461081546012652,0.298403344333893,0.23190969742948458,-0.0664936469044084,0.7974165953059151,0.7251800020769141,-0.072236593229001,8.69311228651863,12.190013215457181,0,0,0,0,0,0,0,0,1,0,0,1
3998848,b0a62d79-c0ad-4f54-8cdd-d23f708f191b,2,54,13,Poland Women's,Sylwia Matysik,Adriana Achcińska,56.8,59.5,63.3,47.4,13.735355,8.959073987739295,0.3451111139884425,0.25779598726216507,-0.08731512672627745,0.8570738629456975,0.890832054769493,0.03375819182379547,1.6342272334469206,1.9558288288685348,0.32160159542161426,4.476544484559467,6.526440948345959,0,0,1,0,2,1,0,0,1,0,0,1
3998848,e6cbbb81-1ac8-4eb4-9348-41d8c00f51a9,2,54,15,Poland Women's,Adriana Achcińska,Oliwia Woś,59.1,46.6,43.4,33,20.771374,-15.662586880686312,0.3786495517377922,0.005404586302149396,-0.3732449654356428,1.0840907066680425,0.07474333950734717,-1.0093473671606954,2.1368206836481396,0.35638269225535085,-1.7804379913927888,6.281207480549414,18.48685164547248,0,0,0,0,3,0,0,0,1,0,0,1
3998848,2f88c971-8d5f-4dd1-9308-562f8a5daf98,2,54,21,Poland Women's,Oliwia Woś,Kinga Szemik,44.2,33.8,26.9,43.4,19.785095,-17.108923777182767,0.030519511384498356,0.0006211754240791547,-0.0298983359604192,0.1771431779996487,0.014875405706019014,-0.1622677722936297,0.567961616474726,0.1010080139929092,-0.4669536024818168,10.985830133431884,22.488044603255908,0,0,0,0,0,0,0,0,1,0,0,1
3998848,521e657d-2eff-4219-9ef0-ebe61ab444a5,2,54,25,Poland Women's,Kinga Szemik,Oliwia Woś,28.7,44.6,36.6,27.4,18.927494,7.069379765117645,0.0061876555872973985,0.14038384049182914,0.13419618490453175,0.06340075839269754,0.34092628143421744,0.2775255230415199,0.2563793784193246,0.6521332414124068,0.3957538629930822,16.19317697220154,5.940161958480872,0,0,0,0,0,1,0,0,1,0,0,1
3998848,0578b5a0-d0fd-4a32-a4c8-c7106dab5a90,2,54,27,Poland Women's,Oliwia Woś,Kinga Szemik,36.2,27.6,25.3,42.4,18.380697,-10.017952134807118,0.14038373408645785,0.032406524824302056,-0.10797720926215579,0.34092612958857604,0.1558198603793448,-0.18510626920923123,0.6521330667402742,0.42347732975880864,-0.22865573698146552,5.940164241060995,10.605463075806181,0,0,0,0,1,0,0,0,1,0,0,1
3998848,a5947c30-97c1-4ac1-b031-f0b4cc73d8bc,2,54,30,Poland Women's,Kinga Szemik,Oliwia Woś,25.1,42.4,25.7,13.5,28.906227,-3.022400824770898,0.23890649234628428,0.03393117833415498,-0.2049753140121293,0.4981745882168064,0.161485699753466,-0.3366888884633404,0.8568840386471694,0.44220950641356527,-0.4146745322336042,4.484340947983216,10.412293133357164,0,0,1,0,1,0,1,0,1,0,0,1
3998848,6a6aafbe-d65e-437c-8af7-e7e69c146725,2,54,42,Poland Women's,Emilia Urszula Szymczak,Adriana Achcińska,58,33.6,60.1,47.8,14.354442,1.9237356437240862,0.354542849173582,0.5683665313660252,0.21382368219244324,0.9354089554097054,1.0999978371499972,0.16458888174029185,1.8780149509023805,1.9042516989877551,0.026236748085374684,5.315139368341137,3.554580264940248,0,0,0,2,2,2,0,0,1,0,0,1
3998848,abc58724-5275-4299-9386-33e6ff3fd4b2,2,55,2,Poland Women's,Sylwia Matysik,Paulina Tomasiak,67.9,75.6,84,77.8,16.249615,10.901267816106511,0.31354619113288296,0.041558635062541247,-0.2719875560703417,0.5123783681333965,0.2119177879877682,-0.3004605801456284,0.7178029263382961,0.5668250323013886,-0.15097789403690753,3.487758966033255,10.483244953246304,0,0,1,0,1,0,0,0,0,0,0,0
3998848,d6dbe3d4-5df3-401f-a4b3-bff76b9b82ba,2,56,51,Sweden Women's,Jennifer Miley Falk,Emma Stina Blackstenius,7.8,38.7,62.1,26.4,55.675667,52.73173754625836,0.2707012914668963,1.089942931555549,0.8192416400886529,0.4966645716771676,1.7922588062626583,1.2955942345854907,0.7872929054851038,2.613322670838523,1.8260297653534194,3.9650656790389127,1.9331680482356042,0,2,1,2,1,2,0,0,0,0,0,0
3998848,9797dd59-c2f9-4ee5-a911-505c86c11449,2,56,56,Poland Women's,Adriana Achcińska,Oliwia Woś,54,45.8,33.5,38.6,21.727633,-20.256970390711203,0.6646950560569632,0.027974457983440525,-0.6367205980735227,1.2307741662392582,0.16097675078231327,-1.069797415456945,1.8601841333155529,0.486795889144924,-1.3733882441706289,2.9657613491397297,11.220727010089083,1,0,1,0,3,0,0,0,1,0,0,1
3998848,cf481fde-0eb1-4e89-8472-ffe715d3ae47,2,57,0,Poland Women's,Oliwia Woś,Kinga Szemik,32.1,35.8,18.5,41.2,14.63284,-13.506809257748529,0.0541786777916346,0.015005021272435588,-0.03917365651919901,0.22109127391735175,0.08595153720065755,-0.13513973671669421,0.5607337913795515,0.2543688794363421,-0.30636491194320936,9.041363095866199,12.632181180178051,0,0,0,0,0,0,0,0,1,0,0,1
3998848,d69a5a7e-25d8-44ea-be76-7fcb650bb9cd,2,57,3,Poland Women's,Kinga Szemik,Tanja Pawollek,21.1,41.6,40.2,45.6,19.514353,18.91669160719242,0.01869779404770178,0.23060370838836447,0.2119059143406627,0.10952986447896483,0.692453823121423,0.5829239586424582,0.3334964026349587,1.3527961174023901,1.0192997147674314,12.179982507640267,6.766504543193864,0,0,0,0,0,2,0,0,1,0,0,1
3998848,0d2b585b-224d-4b42-8da9-f45e3ddbf7a7,2,57,5,Poland Women's,Tanja Pawollek,Kinga Szemik,32.9,47.2,15.9,45.2,17.117243,-16.832711873757603,0.424367830130689,0.026366785866468723,-0.3980010442642203,0.9442118268026845,0.16783677689895254,-0.7763750499037319,1.603345180254881,0.5206866893453443,-1.0826584909095367,3.6827071141889802,11.918399035577474,0,0,1,0,1,0,0,0,1,0,0,1
3998848,634876f2-2b48-4cf8-a09f-e424259fbeac,2,57,33,Poland Women's,Ewelina Kamczyk,Sylwia Matysik,87.6,69.9,82.4,77.8,9.457801,-9.22783182263779,0.1720443445862964,0.0263715981316098,-0.14567274645468659,0.6348136158793307,0.20749923042722115,-0.42731438545210954,1.4635946871234902,0.7286424014368534,-0.7349522856866367,7.25245437633624,13.077684100977288,0,0,0,0,1,0,0,0,1,0,0,1
3998848,1d2a2d8f-3862-47a3-b91a-8d280208a9e5,2,57,37,Poland Women's,Sylwia Matysik,Paulina Tomasiak,83,77.4,91.6,77,8.609298,5.966606135421635,0.109925631033545,0.5392426216934068,0.42931699065986173,0.41449496501212413,0.9945457950476122,0.5800508300354881,1.0318684898748156,1.6154802667968484,0.5836117769220328,7.437211969471275,2.9469294190689745,0,1,0,1,1,2,0,1,1,0,0,1
3998848,b0b7c8ac-cdab-477f-9f28-8b28561e705f,2,57,41,Poland Women's,Paulina Tomasiak,Ewelina Kamczyk,83.4,75.6,84,67.3,8.321658,5.877368782508341,0.9256856763958106,0.7874835648281953,-0.1382021115676153,1.3771451017819851,1.5335132305508141,0.156368128768829,2.074379019181213,2.4926112771599818,0.41823225797876873,0.8197613012313734,2.5740775967220384,1,1,1,2,2,2,1,1,1,0,0,1
3998848,bd730fdb-923e-4bfc-8359-0ae858443184,2,59,31,Sweden Women's,Ingrid Filippa Angeldal,Hanna Lundkvist,58,37.5,41.8,62,29.371586,-19.185323680378453,0.8837024824956468,0.11248647789349354,-0.7712160046021532,1.6558437731374378,0.3583515831047204,-1.2974921900327174,2.501095876355054,0.8068810619315557,-1.6942148144234985,3.4751029840539873,6.927736104657383,0,0,2,0,4,1,0,0,1,0,0,1
3998848,ff334c78-e82a-4d2b-9b1a-824cd4e66b2a,2,59,34,Sweden Women's,Hanna Lundkvist,Johanna Rytting-Kaneryd,38.4,60.4,63.5,75.1,29.0878,17.596243697519725,0.4810156725011901,0.35113247794615277,-0.12988319455503733,0.7133979561451221,0.6237456729205699,-0.08965228322455221,1.0132403161769847,1.0243872910030858,0.011146974826101053,2.2492772364417695,3.254783799500926,1,0,1,1,1,1,1,0,1,0,0,1
3998848,02c39f03-2ceb-4efc-a307-88efcab9ca7f,2,59,41,Sweden Women's,Hanna Lundkvist,Julia Zigiotti-Olme,36.7,64.8,43.8,50.1,16.324827,10.04690503840908,0.17953183358406835,0.15303191207018826,-0.026499921513880087,0.4935136025606649,0.5895373437303606,0.0960237411696957,0.9785156104070004,1.306867834299013,0.3283522238920126,5.940295622179104,8.007966581602608,0,0,0,0,1,0,0,0,1,0,0,1
3998848,c49aadd0-0147-4276-9cce-58bd5601defb,2,59,44,Sweden Women's,Julia Zigiotti-Olme,Hanna Lundkvist,41.4,57.6,35.9,65.8,9.873702,-7.422076104833025,0.644036876032911,0.030046292233147316,-0.6139905837997637,1.061349892009023,0.17937867008614197,-0.881971221922881,1.6721892608281097,0.535048147242595,-1.1371411135855147,1.6525044915422702,11.41000995927444,1,0,1,0,1,0,1,0,1,0,0,1
3998848,b9eef57d-304d-4c54-a0bd-bdd7c857bd8f,2,59,54,Sweden Women's,Amanda Ilestedt,Gun Nathalie Björn,49.6,25.6,50.8,50.9,25.328442,1.8044429590163702,0.02192210770415139,0.0677725611887283,0.04585045348457692,0.1491687363524646,0.27026562820973515,0.12109689185727054,0.5186076499318145,0.6786951307650435,0.160087480833229,11.999511071925248,8.555240337229618,0,0,0,0,0,0,0,0,1,0,1,1
3998848,340782d8-0f4a-4f22-8654-a967bc1ecb58,2,60,3,Sweden Women's,Ingrid Filippa Angeldal,Johanna Rytting-Kaneryd,103.2,55.4,115.3,55.4,12.1,6.689106646434968,1.092119971970182,0.5545431229343918,-0.5375768490357902,1.735259750822112,1.1988561532320858,-0.5364035975900261,2.5979939151770046,2.1798520393169385,-0.4181418758600661,1.9102660342081532,3.067526676286583,1,0,3,1,3,2,0,0,0,1,1,1
3998848,24c704ab-1508-4a0d-8a72-1cfed5bed3bd,2,60,4,Sweden Women's,Johanna Rytting-Kaneryd,Emma Stina Blackstenius,116.7,51.3,113.8,46.6,5.5226803,2.716615541441218,0.5763481758168311,1.7595690749220219,1.1832208991051907,1.2622503915745893,2.8939809266459777,1.6317305350713884,2.3204375424878885,4.180028311167779,1.8595907686798903,2.6428846968101216,0.648828916186043,1,1,1,3,1,6,0,1,0,1,1,1
3998848,61cf2bee-aec1-4786-9de1-a9fd8216576a,2,60,21,Poland Women's,Kinga Szemik,Tanja Pawollek,9,42.4,21.1,38.8,12.624183,12.118663101293421,0.65275052935138,0.04108818441647953,-0.6116623449349005,0.8496360785019706,0.2385539487070798,-0.6110821297948908,1.0840992445973456,0.667328018162559,-0.4167712264347866,1.354626577771805,11.408029990696903,1,0,1,0,1,0,1,0,1,0,0,1
3998848,af877435-0d52-4be5-8b85-bb97211cd5cc,2,60,27,Poland Women's,Tanja Pawollek,Emilia Urszula Szymczak,34.3,39,20.7,55.1,21.07534,-14.735691170011691,0.5688701283812938,0.012814910475705354,-0.5560552179055884,0.9656085347628581,0.09684897794050382,-0.8687595568223543,1.5244496910857948,0.3398642392165019,-1.1845854518692929,2.0804913191933436,13.544383592669018,1,0,1,0,1,0,0,0,1,0,0,1
3998848,878eec8e-1ad8-4618-bdda-b8ebf2954ee6,2,60,33,Poland Women's,Emilia Urszula Szymczak,Oliwia Woś,22.5,54.1,23.5,25.5,28.617477,0.9309651755424966,0.05518695312727015,0.04993800905800497,-0.005248944069265182,0.21560054903201406,0.19334454217322505,-0.022256006858789007,0.5749358174026764,0.4903854293593803,-0.08455038804329612,8.835122997927373,9.08688506093361,0,0,0,0,0,0,0,0,1,0,0,1
3998848,3a15efe3-b5e2-43f6-95f4-d44743447463,2,60,35,Poland Women's,Oliwia Woś,Kinga Szemik,23.1,25.7,13.3,41,18.16948,-8.755209160251312,0.4378615396559091,0.02526638541094856,-0.41259515424496057,0.6622726427431482,0.15451270176415635,-0.5077599409789919,0.9760759431339815,0.4603373179673417,-0.5157386251666398,2.5079034182545312,12.316643799271702,1,0,1,0,1,0,1,0,1,0,0,1
3998848,f53c224c-f06c-413c-acc5-8cdfbaa4fccd,2,60,38,Poland Women's,Kinga Szemik,Ewelina Kamczyk,15.6,41.9,50,22.1,39.691307,32.164883036394315,0.1165360027973246,0.7800756552793892,0.6635396524820646,0.3420479782785585,1.1360821215339505,0.794034143255392,0.7296621241692296,1.6759196351237604,0.9462575109545308,6.732592464697838,1.0723551205157589,0,1,0,1,1,1,1,1,1,0,0,1
3998848,74668541-eaa7-47c0-8b36-f1a08b886f8f,2,61,49,Poland Women's,Tanja Pawollek,Ewelina Kamczyk,93.6,57.9,93.8,45.8,12.101653,5.0619316221124,0.8854949932595534,0.48536174923423003,-0.40013324402532335,1.8475643723814776,1.3915929426350233,-0.4559714297464543,3.030168533509599,2.670965406308529,-0.35920312720107006,2.4894702024713946,5.03759236711556,1,0,1,0,4,2,1,0,0,1,1,1
3998848,945457b7-253c-4d0b-ae41-c70264d42db8,2,64,49,Sweden Women's,Jonna Ann-Charlotte Andersson,Ingrid Filippa Angeldal,98.2,6.1,111.3,16.8,16.914492,15.526855392333221,0.4452936554325815,0.5592229880709482,0.11392933263836669,0.6949619479189024,0.9032805532253517,0.2083186053064493,1.02655496890689,1.4290454611905927,0.4024904922837027,2.5371948310157424,2.001637309618451,1,1,1,1,1,1,0,1,1,0,0,1
3998848,e32a98b1-4afd-4227-aa1e-b510e51deb41,2,64,59,Sweden Women's,Hanna Lundkvist,Jonna Ann-Charlotte Andersson,71.1,21.2,77.3,2.9,19.321749,-4.176483456052701,0.3071116203575027,0.0032535800747836244,-0.3038580402827191,0.6498200628052603,0.048945136118233104,-0.6008749266870271,1.1374169985004159,0.2412752879882542,-0.8961417105121616,4.072994519754167,18.36108768638005,0,0,1,0,1,0,0,0,1,0,0,1
3998848,5843bae2-2799-4a67-bfe5-ad73e8b7f3c1,2,65,2,Sweden Women's,Jonna Ann-Charlotte Andersson,Kosovare Asllani,77.3,3.7,97.6,4.3,20.308865,13.898865621508612,0.014563410802532963,0.08883311551188508,0.07426970470935212,0.10117040215666108,0.31649773218745847,0.2153273300307974,0.34806758943947447,0.7278188092599455,0.379751219820471,12.976681754715262,8.349022961311665,0,0,0,0,0,0,0,0,1,0,0,1
3998848,1ebb936b-dd64-4fea-902f-c1da4b1444e9,2,65,6,Sweden Women's,Kosovare Asllani,Ingrid Filippa Angeldal,104.6,10.4,96.6,17.6,10.762899,0.9732410508629883,0.3041530224212496,0.6521970289110373,0.34804400648978767,0.8019197788494736,1.3978373371635588,0.5959175583140852,1.4824555478559946,2.2413727284103424,0.7589171805543478,6.41007900784932,4.283938805405725,0,0,0,1,2,4,0,0,1,0,1,1
3998848,2003dea9-a4cc-4319-ae55-a4e45bb5538b,2,65,7,Sweden Women's,Ingrid Filippa Angeldal,Jonna Ann-Charlotte Andersson,97.4,18.2,91.2,4.9,14.674127,-14.002556784050821,0.7509308912624097,0.078586199398227,-0.6723446918641828,1.5219768329623995,0.30846521485358647,-1.213511618108813,2.362474000538809,0.7764193091839289,-1.5860546913548803,4.321275326576889,8.153713348388244,0,0,2,0,4,0,0,0,1,1,1,1
3998848,0283c7b0-a465-45ca-ba35-f2724880357f,2,65,45,Poland Women's,Oliwia Woś,Sylwia Matysik,4,31,29.3,76.6,52.148346,18.542428188708627,0.03328708257868793,0.08068125906132627,0.047394176482638335,0.14437571930219237,0.23615246220154237,0.09177674289935,0.37403272025997536,0.4878114510582301,0.11377873079825473,10.27123530227587,7.585172805606719,0,0,0,0,0,1,0,0,1,0,0,1
3998848,cb6cd0b9-10f1-446b-9e52-b3d55701e669,2,66,39,Sweden Women's,Hanna Lundkvist,Ingrid Filippa Angeldal,74.9,26.2,82.5,21.6,8.883693,5.393152410633654,0.6855543606070893,0.3711102270320245,-0.3144441335750648,1.1278808539902874,1.0935648989417146,-0.034315955048572766,1.916226906641398,2.213966608010912,0.297739701369514,1.50972375342461,5.574958805787617,1,0,1,0,1,3,0,0,1,0,0,1
3998848,222e2d1d-7cd4-4613-a6b4-5817914945ad,2,66,41,Sweden Women's,Ingrid Filippa Angeldal,Kosovare Asllani,82.1,20.8,93.8,26.8,13.148765,13.148531797273659,0.7180382646081562,0.5899460827095365,-0.1280921818986197,1.438114965980653,1.4713222086012832,0.03320724262063024,2.5618329327011073,2.70973963554282,0.1479067028417127,2.0098878955488404,3.6772744442964074,1,0,1,1,2,3,0,0,0,0,0,0
3998848,9e743e16-7da6-41a0-862d-7947e63cfd51,2,66,42,Sweden Women's,Kosovare Asllani,Ingrid Filippa Angeldal,92.2,22.8,84.5,18.8,8.676981,-8.657726340151534,1.0270651815475642,0.6485041213674888,-0.3785610601800754,1.8395038774987398,1.4021583125947288,-0.437345564904011,3.0271005601591043,2.492595020126886,-0.5345055400322183,0.8258888576304053,2.7400933359199264,1,1,1,1,1,2,0,0,0,0,0,0
3998848,9c9d3529-a16d-43ee-8eca-0d437db66f9a,2,66,47,Poland Women's,Sylwia Matysik,Natalia Padilla-Bidas,11.4,58.1,27.3,67.5,18.470787,13.40498240195943,0.5386374124268412,0.21462028971295122,-0.32401712271388994,1.1297893860647794,0.7185190834116574,-0.41127030265312203,1.894328601951695,1.5941620811949018,-0.3001665207567932,3.042715314996126,6.790151926272978,0,0,1,0,2,2,1,0,0,0,0,0
3998848,ff206f57-eaaf-405e-8686-1517669f6907,2,66,49,Poland Women's,Natalia Padilla-Bidas,Sylwia Matysik,22.1,65.1,12.5,68.9,10.324728,-10.250521112122982,1.1403292476472322,0.35292771512087584,-0.7874015325263564,1.739774022804308,0.7757666468698982,-0.9640073759344098,2.4911652938080304,1.4146626812072487,-1.0765026126007817,0.8826534432797153,3.7169508601427963,1,0,1,1,3,1,0,0,0,0,0,0
3998848,41f944a7-344b-4c6f-8aab-f3c848a482b6,2,68,50,Poland Women's,Ewelina Kamczyk,Sylwia Matysik,49.6,74.2,42,77.8,8.409518,-8.409150393605444,1.2449367521192047,0.37726132581531396,-0.8676754263038908,1.9740526853788998,0.9382608782662128,-1.035791807112687,2.89567890542528,1.8136957121212365,-1.0819831933040434,1.8556814464481628,5.02194116368504,2,0,3,0,3,2,0,0,0,0,0,0
3998848,f21db0bd-7a80-4c87-8b15-6fdeb8db6384,2,70,49,Poland Women's,Tanja Pawollek,Adriana Achcińska,73.1,70.1,68.5,63.9,7.7201037,-1.04743303000771,0.22898602448684863,0.24462553849128357,0.015639514004434946,0.7745863130447344,0.6971039644668724,-0.07748234857786196,1.6866278914926942,1.4646889002933843,-0.22193899119930993,6.774594588897431,5.4558000698451465,0,0,0,0,1,1,0,0,1,0,0,1
3998848,7b207754-e5e4-446d-929e-ccb0d1c85ce8,2,71,7,Poland Women's,Wiktoria Zieniewicz,Oliwia Woś,63.1,24.1,51.2,25.9,12.035364,-11.150202779835276,0.6267626667136913,0.05288789330974688,-0.5738747734039444,1.1247214396989682,0.2443662158522357,-0.8803552238467325,1.9766931286808653,0.6447654126694985,-1.331927716011367,1.8624715962573386,10.181118519413982,1,0,1,0,1,0,0,0,1,0,0,1
3998848,cbd1a17c-d08e-47da-abea-8456a2392ca1,2,71,10,Poland Women's,Oliwia Woś,Kinga Szemik,48.4,31.2,27.3,49.2,27.734636,-21.01665259971685,0.11856322917592045,0.003265478285501504,-0.11529775089041895,0.35445159947239135,0.04298105037096591,-0.31147054910142546,0.7618666163181398,0.19132899914979873,-0.5705376171683411,6.79843538078993,18.47566160628441,0,0,0,0,1,0,0,0,1,0,0,1
3998848,de289c12-2640-4d5d-bbac-91cc7254d744,2,71,59,Poland Women's,Tanja Pawollek,Paulina Tomasiak,51,21.9,60.5,8.5,16.425894,4.010649544181987,0.5654136872380209,0.21382694527785578,-0.3515867419601651,1.2169671919896496,0.7164772651671744,-0.5004899268224753,2.0762847516106544,1.5578840919685968,-0.5184006596420576,4.091089775031998,6.616476401171171,0,0,2,0,2,1,0,0,1,0,0,1
3998848,801c3e1e-f97b-4814-9e11-7f747eb3c45f,2,72,20,Sweden Women's,Gun Nathalie Björn,Hanna Lundkvist,35.5,64,42.2,75,12.879829,2.5319307454362416,0.8955396383469809,0.12606279076468363,-0.7694768475822973,1.1832175460577932,0.37079889743246225,-0.8124186486253309,1.6232334064541047,0.7472427140563346,-0.8759906923977702,0.5924923107167918,6.7046992339220965,1,0,1,0,1,1,0,0,1,0,0,1
3998848,2fce8311-9963-4f07-8b65-487e66a25831,2,72,37,Poland Women's,Adriana Achcińska,Ewelina Kamczyk,57.6,16.1,57.8,25.7,9.602083,2.997786123205131,0.8313874272072821,0.4473395699774556,-0.3840478572298265,1.2292768909394325,0.9023229258413002,-0.32695396509813224,1.7099165122280662,1.523899548248302,-0.1860169639797642,1.452494194302518,3.2856241932018446,1,0,2,1,2,2,0,1,0,0,0,0
3998848,9b4c1c44-2cbd-4186-8efe-226d673751e9,2,72,44,Sweden Women's,Emma Stina Blackstenius,Madelen Fatimma Maria Janogy,68.1,30.9,83.1,10.6,25.240643,5.511558564683156,0.9225996607380038,0.44653934169541365,-0.47606031904259016,1.483991196444544,0.8429473706083938,-0.6410438258361503,2.3244593557492355,1.3907035896182263,-0.9337557661310092,1.1161133611293772,3.1062916920038623,1,0,1,1,2,2,0,0,1,0,0,1
3998848,8af70c3c-087d-4d97-8036-8d2d4b7c9350,2,72,52,Sweden Women's,Madelen Fatimma Maria Janogy,Jonna Ann-Charlotte Andersson,99.6,19.4,111.9,9.4,15.852129,-2.662186754390447,0.8071810517560459,0.3772395988085396,-0.42994145294750635,1.3134212130122949,0.6892610638914076,-0.6241601491208872,2.0372238415147494,1.21902087879031,-0.8182029627244394,1.4397576696486705,3.1244056933316906,1,0,1,1,2,1,0,0,0,0,0,0
3998848,e4a53688-94ec-4422-be6d-3363f9ed4fbc,2,72,54,Sweden Women's,Jonna Ann-Charlotte Andersson,Lina Mona Andréa Hurtig,114.7,8.8,109.5,35.1,26.809141,20.059897029563523,0.40967558383520325,1.6097642778277619,1.2000886939925586,0.7335823665327984,2.6830114524759447,1.9494290859431462,1.2991834861044902,3.928879164464442,2.6296956783599517,2.875305633323784,1.9766097997033452,1,3,1,3,1,5,0,0,0,0,0,0
3998848,800ce46a-7e71-4d10-88b5-aa5dbb6c8ced,2,73,28,Poland Women's,Oliwia Woś,Wiktoria Zieniewicz,12.3,25.7,27.7,7.9,23.537205,10.922635896244884,0.13716225660462059,0.28085744785851474,0.14369519125389416,0.32056335090400845,0.4956861511238376,0.17512280021982918,0.5782544973289373,0.7712491199185313,0.192994622589594,5.9774573144224625,3.831336724935145,0,0,0,1,1,1,0,0,0,0,0,0
3998848,06192f46-5951-4283-9feb-8d5ca4ad39f4,2,73,35,Sweden Women's,Madelen Fatimma Maria Janogy,Lina Mona Andréa Hurtig,85.6,33.5,84.8,43.7,10.231324,-0.385212831438956,0.5638167611748098,0.7170142073706398,0.15319744619582998,1.1273689679774017,1.441668754865688,0.3142997868882862,2.0419964307040903,2.440826472870886,0.39883004216679563,2.3734569362688682,2.8750530697581334,1,1,1,2,1,3,0,0,1,0,0,1
3998848,fabc9737-baa7-489a-b558-254c8932a1e5,2,73,37,Sweden Women's,Lina Mona Andréa Hurtig,Ingrid Filippa Angeldal,86,45.5,89.2,54.2,9.269844,0.5262021594521542,0.7170138012060497,0.4615026283590024,-0.25551117284704733,1.4416684585244146,1.1515067191941333,-0.29016173933028133,2.4408263381144435,2.194920687367253,-0.2459056507471904,2.8750556729396015,3.769015556983799,1,0,2,1,3,2,0,0,1,0,0,1
3998848,402c8eea-760e-4f75-8b55-19ae0b03c35b,2,73,41,Sweden Women's,Ingrid Filippa Angeldal,Johanna Rytting-Kaneryd,93.2,53.3,110.7,67.8,22.726637,0.6043922685208933,1.3018169741354524,0.07166798489753164,-1.2301489892379207,2.0433404621151805,0.3517896260115161,-1.6915508361036644,2.9685254810485935,0.9782958503428161,-1.9902296307057774,1.6923761577969556,10.474645964661626,2,0,2,0,3,0,0,0,1,0,0,1
3998848,930d8c3c-7ad1-418b-9051-b519633bb676,2,73,46,Sweden Women's,Johanna Rytting-Kaneryd,Jonna Ann-Charlotte Andersson,116.5,55,102.8,13.6,43.607914,-16.105807148543402,0.4919310774573812,0.5759284261385873,0.08399734868120612,1.095955130117735,0.7909778138606386,-0.30497731625709645,2.0563998393392198,1.2008260530277757,-0.8555737863114441,3.1088685901120656,1.6836010142507472,0,1,1,1,2,1,0,1,0,0,0,0
3998848,594e6a01-e15d-47d9-bd0f-2d586d87e3de,2,74,8,Poland Women's,Ewelina Kamczyk,Paulina Tomasiak,87.6,21.7,91.4,4.9,17.224401,-8.065708890786567,0.524496139482077,0.09362039633282056,-0.4308757431492564,0.8845360884157026,0.29907899766939555,-0.585457090746307,1.3886918481630255,0.6372399181679301,-0.7514519299950954,2.2828915729838597,7.554584657377052,1,0,1,0,1,1,1,0,0,0,0,0
3998848,cfb47fe9-f9ad-451a-a8d9-ec9932265d03,2,74,11,Poland Women's,Paulina Tomasiak,Ewelina Kamczyk,94.2,13.7,96,25.1,11.54123,8.592888992970899,0.5437293637590825,0.3351902199081055,-0.20853914385097705,0.8232118658034291,0.8163385169610526,-0.006873348842376448,1.1826670477528731,1.5212602935875772,0.33859324583470407,2.055199374890803,5.1015748132255325,1,0,1,0,1,2,0,0,0,0,0,0
3998848,e54113d8-e126-4956-a70b-13afb4d7c9d0,2,74,58,Poland Women's,Kinga Szemik,Oliwia Woś,9.2,33.8,21.1,26.3,14.066272,11.128951218978031,0.14206120244185128,0.2757851569994404,0.13372395455758912,0.3386949906083579,0.7167658369776322,0.3780708463692743,0.6447965556584956,1.308414242179437,0.6636176865209413,5.889358887354213,5.041402902059225,0,0,0,0,1,1,1,0,1,0,0,1
3998848,c53efd63-4362-4a8b-bad0-836393de21cb,2,75,1,Poland Women's,Oliwia Woś,Paulina Tomasiak,14.5,25.5,35.1,9.5,26.083712,16.279478573265465,0.7027669594219949,0.40375750509622754,-0.2990094543257673,1.115693267609796,0.7805340665255643,-0.3351592010842316,1.621495485028823,1.3158175374252676,-0.3056779476035554,1.6137316839370008,3.351794637950154,1,0,1,1,2,2,1,0,1,0,0,1
3998848,f7e41805-cccd-4dd2-bb1e-fcb29b0e2f42,2,75,8,Poland Women's,Tanja Pawollek,Ewelina Kamczyk,33.3,29.4,43.8,44.8,18.638937,10.994546594797725,0.5593473720433156,0.11463653661501338,-0.44471083542830225,1.2099961834460258,0.4585479339502232,-0.7514482494958026,2.035263255459393,1.1017589807466184,-0.9335042747127744,3.425371741128942,8.149045109069386,0,0,1,0,2,0,0,0,1,0,0,1
3998848,56e4171e-a5a0-4b14-9044-e18ede3589c7,2,75,17,Poland Women's,Ewelina Kamczyk,Natalia Padilla-Bidas,89.2,50.3,104.9,70.3,25.426168,-1.3774917522506271,1.7286949511356047,0.07899126623836188,-1.6497036848972428,2.3261133423073725,0.2966293782890158,-2.0294839640183566,3.152781992301985,0.7938776395745091,-2.358904352727476,0.7131450548437694,7.89724917588526,2,0,2,0,2,1,1,0,0,0,0,0
3998848,67be9d87-52d3-4d54-906b-2bf896a8eed9,2,75,32,Sweden Women's,Gun Nathalie Björn,Hanna Ulrika Bennison,16.3,48.1,26.7,37.7,14.707821,10.687519069857132,0.03613650176087561,0.45241733746952656,0.41628083570865093,0.19509411733597318,0.8844091277313201,0.6893150103953469,0.522636210877275,1.4798073344883331,0.9571711236110582,11.846236341896518,2.9861496083918895,0,1,0,1,0,1,0,0,1,0,0,1
3998848,c3bf5e58-d2e6-4b7b-ab70-4f3ee8fd4dcc,2,75,35,Sweden Women's,Hanna Ulrika Bennison,Hanna Lundkvist,26.5,45.7,22.3,62.4,17.220047,-6.561391747883405,0.5898146209790525,0.028559002222728433,-0.561255618756324,1.035932660813543,0.16004140434849673,-0.8758912564650463,1.5874415802977397,0.4465902372787899,-1.1408513430189497,2.7657248042763745,11.695858850937595,1,0,1,0,2,0,0,0,1,0,0,1
3998848,0ad05d1e-3663-4f26-9304-6003eab79e19,2,75,37,Sweden Women's,Hanna Lundkvist,Hanna Ulrika Bennison,24.5,61.4,36.9,54.8,14.047064,13.460688079068078,0.05725358628112102,0.39113074998493014,0.3338771637038091,0.234312633908169,0.8934259855492064,0.6591133516410373,0.5578516868813748,1.5285343420791448,0.9706826551977701,9.218691222602654,4.176577600659532,0,0,0,1,0,2,0,0,1,0,0,1
3998848,e6bcfccc-81f3-48cb-bdf7-14430bb71749,2,75,39,Sweden Women's,Hanna Ulrika Bennison,Ingrid Filippa Angeldal,35.3,54,46.2,66.8,16.812199,7.333752120264094,0.7005918814545339,0.19901754198340002,-0.5015743394711338,1.2662098545201557,0.5716792021800381,-0.6945306523401176,1.8885092134673815,1.1087695736882734,-0.7797396397791081,3.2788273894239883,6.4556496025183225,0,0,2,0,2,1,1,0,1,0,0,1
3998848,582eebb9-abd0-4ada-bae2-0745bc18a83d,2,75,43,Sweden Women's,Ingrid Filippa Angeldal,Johanna Rytting-Kaneryd,69.3,61.6,90.8,68.4,22.549723,14.376157800579492,0.6514444202047733,0.351554102803023,-0.2998903174017503,1.0788251830051354,0.6379922302857579,-0.4408329527193775,1.7065872562422328,1.1078351001001088,-0.5987521561421241,1.7298778372768433,3.251587860619096,1,0,1,1,1,1,0,1,0,0,0,0
3998848,12975fe2-6ed0-4cfa-9b0f-a4b012b96416,2,78,20,Poland Women's,Kinga Szemik,Oliwia Woś,17.9,43.6,20.5,19.5,24.239843,0.5735857762201704,0.07856302735308307,0.014381066489966506,-0.06418196086311656,0.27559924180900214,0.10616528072823532,-0.1694339610807668,0.6151796703584818,0.3706716493900884,-0.24450802096839336,8.23378753150696,13.253330167253699,0,0,0,0,0,0,1,0,1,0,0,1
3998848,3bded1ae-1c3a-4625-81b6-c039b094b09b,2,78,25,Poland Women's,Oliwia Woś,Ewa Pajor,23.9,18.7,65.3,23.9,41.725292,41.412038306067835,0.36233762656925445,0.9295900881093151,0.5672524615400607,0.6199827276969369,1.4119260534466944,0.7919433257497576,0.9979523411285294,2.0807248877794247,1.0827725466508953,3.119115286668846,1.0184494853958364,0,1,1,1,1,2,0,0,0,0,0,0
3998848,ff2acc4f-35c7-449e-9fa8-b869940762c9,2,78,31,Sweden Women's,Fridolina Rolfö,Lina Mona Andréa Hurtig,65.1,37.3,68.1,50.1,13.146863,2.0927304310593584,0.44093824742865356,0.6653889198479943,0.22445067241934075,1.0101388242834508,1.2369266858223007,0.2267878615388499,1.8521508357500989,2.0376025269655136,0.18545169121541472,3.6285306109825877,2.5139987516481663,0,1,1,1,2,2,0,0,1,0,0,1
3998848,fba56417-3c37-4edb-a30d-15bf6a702dd1,2,78,36,Sweden Women's,Lina Mona Andréa Hurtig,Hanna Ulrika Bennison,64.7,35.3,62.7,33.5,2.6907248,-2.168125811306112,0.2951851747555967,0.3098607651985237,0.014675590442926989,0.8814462493638412,0.8312220093704019,-0.05022423999343928,1.7989300983059935,1.6392711590812885,-0.15965893922470498,5.822236946531505,5.180471525985626,0,0,0,0,2,2,0,0,1,0,0,1
3998848,5fced7a6-16db-4af8-b3de-29397a9e71ef,2,78,40,Sweden Women's,Hanna Ulrika Bennison,Gun Nathalie Björn,60.4,34.5,51,51.5,19.425756,-10.098531926159552,1.061246622300461,0.015178305586983054,-1.046068316713478,1.5343198406706948,0.13560458968663783,-1.398715250984057,2.240110657643025,0.5164824700682727,-1.7236281875747523,0.8508985014495257,13.882999067197211,1,0,2,0,2,0,0,0,1,0,0,1
3998848,0eb5fb5e-658d-4994-9e03-f3ab56275de1,2,78,43,Sweden Women's,Gun Nathalie Björn,Ingrid Filippa Angeldal,51.4,52.1,61.4,54.4,10.261091,9.315603998183462,0.021708560215687046,0.17569995665183555,0.1539913964361485,0.16610197601222673,0.5266445303202614,0.3605425543080346,0.5891900334926162,1.1228234878712446,0.5336334543786284,12.732402275521647,6.141057037284084,0,0,0,0,0,1,0,0,1,0,0,1
3998848,6f1baa35-bbaa-4e7b-a7e9-dd6379ce5523,2,78,47,Sweden Women's,Ingrid Filippa Angeldal,Gun Nathalie Björn,66.3,51.3,53.6,50.3,12.739309,-12.318079635379576,1.276014031816762,0.0503919503699294,-1.2256220814468326,1.8729613962569716,0.23775334189906483,-1.6352080543579066,2.5603665310797985,0.6759268410397983,-1.8844396900400002,1.447189077560688,9.586727055935562,1,0,3,0,3,0,0,0,1,0,0,1
3998848,1fee699e-2244-43ba-a4aa-b0fb84ed9186,2,78,51,Sweden Women's,Gun Nathalie Björn,Hanna Lundkvist,57,52.7,78.1,76.2,31.58259,8.895407998726725,0.02898170553657543,0.0959336140056666,0.06695190846909117,0.19334437554944722,0.28017161081651526,0.08682723526706804,0.6257845385394459,0.6330431731889444,0.007258634649498497,13.168083768295524,7.108045023342621,0,0,0,0,0,1,0,0,1,0,0,1
3998848,41c50af8-79d3-458e-9d05-49a87b5402f7,2,78,54,Sweden Women's,Hanna Lundkvist,Johanna Rytting-Kaneryd,79.1,74.2,93.2,74,14.1014185,10.022138562227163,0.2789164170131659,0.2553268217486301,-0.0235895952645358,0.5342093250873619,0.5723799609590606,0.03817063587169878,0.9543506449008508,1.056591260582704,0.10224061568185316,3.903871024564518,4.523621474996701,0,0,1,1,1,1,0,0,1,0,1,1
3998848,662f0ff8-cf07-4951-b0ec-1d051906d886,2,78,55,Sweden Women's,Johanna Rytting-Kaneryd,Lina Mona Andréa Hurtig,93.2,74,92.4,61,13.024592,8.611663135792384,0.2553268217486301,0.5330112999317526,0.2776844781831225,0.5723799609590606,1.0252795018060004,0.45289954084693973,1.056591260582704,1.7330638115569539,0.67647255097425,4.523621474996701,2.7508239519510727,0,1,1,1,1,2,0,0,1,0,1,1
3998848,765e836f-b89a-4af9-8876-c749743d7b19,2,78,55,Sweden Women's,Lina Mona Andréa Hurtig,Johanna Rytting-Kaneryd,92.6,63.2,113.5,68.4,21.537178,6.768302147358426,0.5330115936037626,0.6479662869545965,0.11495469335083386,1.0252796909764412,0.95525141795811,-0.07002827301833126,1.7330639052105807,1.4798025621718942,-0.2532613430386865,2.750821456331574,1.540078169298548,1,1,1,1,2,1,0,0,1,0,1,1
3998848,311dec18-abfa-47b4-b2e2-7cd5c59edbe6,2,79,31,Poland Women's,Oliwia Woś,Wiktoria Zieniewicz,20.3,23.1,36.4,2.6,26.066454,9.537706794186974,0.4888099604098883,0.07778974321795305,-0.4110202171919352,0.7072754024466787,0.22863186331694477,-0.478643539129734,0.9857541293685897,0.45883989397911273,-0.526914235389477,2.18607195493818,7.690187496668533,1,0,1,0,1,1,0,0,1,0,1,1
3998848,71a9e2c0-3cd4-4463-91ba-a5d404675f2f,2,80,6,Poland Women's,Milena Kokosz,Tanja Pawollek,46.2,58.9,41.6,49,10.916501,-2.7332001497977956,1.0105944117161656,0.7799944809509077,-0.23059993076525787,1.7786987987000202,1.4761574935033592,-0.302541305196661,2.7040228047946915,2.349522605652869,-0.3545001991418224,1.7896925258817054,2.33946792335954,1,1,2,1,4,3,1,0,1,0,0,1
3998848,9cee195d-09a3-461f-b4ea-753619de250c,2,80,7,Poland Women's,Tanja Pawollek,Oliwia Woś,39.8,46.2,29.9,37.2,13.379462,-9.70420283441922,1.0315893290389333,0.047486192880157894,-0.9841031361587754,1.673688462400319,0.2724081090111245,-1.4012803533891944,2.4923775775022006,0.7969485996663003,-1.6954289778359004,1.089281582345083,10.953615674534062,1,0,1,0,3,0,1,0,1,0,0,1
3998848,5bffc387-f275-4dfd-9da1-f2d0ab433627,2,80,10,Poland Women's,Oliwia Woś,Natalia Padilla-Bidas,32.1,33.8,76.7,6.3,52.39666,33.24963378490331,0.25988146901816017,0.16928267560800167,-0.0905987934101585,0.6278712790593072,0.3719696711581807,-0.2559016079011265,1.225304572353116,0.6797049814716221,-0.5455995908814939,4.50089153204126,5.35816528400612,0,0,1,0,1,1,0,0,0,0,0,0
3998848,a635b892-6ac7-4edb-afb9-1e8cd4e0effd,2,80,21,Sweden Women's,Hanna Ulrika Bennison,Emma Stina Blackstenius,70.5,69,103,51.9,36.724106,36.618272392942785,0.31150211101562,1.0898930097310253,0.7783908987154053,0.6414116242522968,1.5051040921927568,0.86369246794046,1.1619383933231617,2.064033579189913,0.9020951858667514,3.7902171476878372,1.6632641424603158,0,2,1,2,1,2,0,1,1,0,0,1
3998848,8f800e0d-55b5-4ef1-aafb-c52a16bf761f,2,80,28,Sweden Women's,Emma Stina Blackstenius,Johanna Rytting-Kaneryd,107.6,55.4,99.4,59,8.955445,-8.252578248488376,0.9423447705102436,0.09986446329526079,-0.8424803072149828,1.5658581678105536,0.5073378609652949,-1.0585203068452587,2.4480609153746076,1.3780083977574318,-1.0700525176171758,1.9021708411065381,9.638448060906132,1,0,2,0,2,0,0,0,0,0,0,0
3998848,f8c111a4-2747-4a04-8fe5-cf998a1fddfb,2,81,56,Sweden Women's,Fridolina Rolfö,Hanna Ulrika Bennison,41.8,5.5,39.4,13.4,8.256513,0.5962497891316474,0.34578508521668017,1.3141040139192433,0.9683189287025631,0.7819946310381554,1.9314547245141809,1.1494600934760255,1.349032250697103,2.6023779913043734,1.2533457406072703,4.569965097927758,0.9820364622370595,0,2,1,2,2,4,0,0,0,0,0,0
3998848,297a9c38-a44d-40a2-a130-9b44234831af,2,83,2,Sweden Women's,Jonna Ann-Charlotte Andersson,Fridolina Rolfö,46,3.7,56.6,3.5,10.601887,9.267777587025392,0.14235715442439176,0.10296063829885635,-0.03939651612553541,0.349247529636629,0.360492375051491,0.011244845414862037,0.6981440487978244,0.8266560912440957,0.12851204244627124,5.902357701022182,7.85743561895666,0,0,0,0,1,1,0,0,1,0,0,1
3998848,94261d3b-f573-40ad-9c63-7926e8bb0583,2,83,11,Sweden Women's,Hanna Ulrika Bennison,Johanna Rytting-Kaneryd,63.5,41.3,84.3,74,38.75474,7.2149537733155995,0.3954213571022066,0.0223863752930879,-0.3730349818091187,0.8127897627066749,0.14897992550014177,-0.6638098372065331,1.444057079600179,0.4954499676614632,-0.9486071119387158,3.2504249502798825,12.76963286104346,0,0,1,0,1,0,0,0,0,0,0,0
3998848,d0364205-74c4-4ea0-82cf-39690b4248a8,2,83,24,Poland Women's,Ewelina Kamczyk,Sylwia Matysik,26.7,43.6,35.4,66.9,24.87127,4.595726483948027,1.2263893828336878,0.3394473149351853,-0.8869420678985025,1.9615909232681379,0.7483015025024666,-1.2132894207656713,2.7637135984727492,1.4259303605563654,-1.3377832379163839,1.433046449288473,3.6784877430297387,1,0,3,1,3,1,1,0,1,0,0,1
3998848,de099c91-915f-4255-ac8e-cc9eb46cdb65,2,83,39,Poland Women's,Milena Kokosz,Oliwia Woś,53.4,58.7,39.4,45,19.588007,-11.5794364857246,1.6266069740231146,0.033346607243943206,-1.5932603667791714,2.271998598787999,0.21075929570567892,-2.06123930308232,2.8921323447773313,0.6321426915975572,-2.2599896531797743,1.0600468198696995,12.663249667288666,2,0,3,0,4,0,0,0,1,0,0,1
3998848,75ce5e79-5583-45c4-955b-5a2bf0f39d88,2,83,42,Poland Women's,Oliwia Woś,Wiktoria Zieniewicz,49,33,64.3,20.3,19.884165,12.26310526748943,0.32236122699151054,0.016698052234792458,-0.30566317475671806,0.6905232152277142,0.14097201669621362,-0.5495511985315006,1.2606841270665026,0.5208700357080147,-0.7398140913584879,3.7991323087582844,14.761907640703576,0,0,1,0,1,0,0,0,0,0,0,0
3998848,c6fbb0b7-32d9-41fb-b911-5224198aa6a6,2,84,2,Sweden Women's,Gun Nathalie Björn,Hanna Lundkvist,21.3,51.7,24.1,66.6,15.160805,-0.1296554897236888,0.19832986849049994,0.05877081169736331,-0.13955905679313663,0.5156348344094707,0.25294200109232334,-0.2626928333171473,0.9448627404416137,0.6007081408776752,-0.34415459956393846,5.568561112881506,10.148566596145944,0,0,0,0,1,0,0,0,0,0,0,0
3998848,b78ae2bf-7785-4f90-8f80-7b9a12a51cb2,2,84,9,Poland Women's,Milena Kokosz,Tanja Pawollek,60.9,23.1,56.6,9.7,14.073024,-8.799560054976844,0.5374856480234348,0.3473357002361111,-0.1901499477873237,1.0732006570772383,0.7482702651159799,-0.3249303919612584,1.7927037774948267,1.3099792818543323,-0.48272449564049436,2.9795965340857347,3.8530561008535025,1,0,1,1,2,1,0,0,0,0,0,0
3998848,f36f2119-3462-481f-9a01-4cdd36c38859,2,84,12,Poland Women's,Tanja Pawollek,Natalia Padilla-Bidas,51.7,2.8,69.7,4.7,18.1,16.3229510420965,0.4139588338594235,0.8023382002740778,0.38837936641465426,0.7050076497132161,1.1152009052584546,0.41019325554523856,1.1206808453970596,1.6585963538137452,0.5379155084166856,2.800013685683063,0.92927262479029,1,1,1,1,1,1,0,1,0,0,0,0
3998848,e16d95e6-8f7b-4249-b8d5-a9d9e4ea129b,2,85,13,Sweden Women's,Gun Nathalie Björn,Hanna Ulrika Bennison,16.3,47.3,26.1,36.9,14.289857,10.005468047004612,0.11169507717002494,0.6331161290279187,0.5214210518578938,0.35261523770412273,1.076746450069917,0.7241312123657944,0.7715129851468151,1.5914287073790676,0.8199157222322525,6.94817397267017,2.120852045086838,0,1,0,1,1,2,0,0,0,0,0,0
3998848,de93111f-f202-438c-bff8-a46d70245637,2,87,4,Sweden Women's,Fridolina Rolfö,Amanda Ilestedt,63.1,41.7,54.8,45.9,9.302151,-8.541013831667357,0.5077202575127683,0.12891916163662515,-0.37880109587614313,0.9362837603209353,0.42167587268102874,-0.5146078876399065,1.620855471320231,0.9679368481537524,-0.6529186231664786,2.4110182644123657,7.027803498815264,1,0,1,0,1,1,0,0,0,0,0,0
3998848,ba45e41b-a0da-4af6-a56c-3e7db94e4f0c,2,87,15,Poland Women's,Ewelina Kamczyk,Ewa Pajor,90.6,20.7,100.6,21.9,10.071743,8.636445304436684,1.0378275425151144,0.8045875323361519,-0.23324001017896256,1.6202818273964892,1.3443988792458823,-0.2758829481506069,2.385258673637447,1.9945475260823349,-0.39071114755511216,0.888960855914587,2.4566446531914976,1,1,1,2,3,2,1,0,0,0,0,0
3998848,a028a9bb-9864-40d7-b9a4-146b52527b47,2,88,24,Sweden Women's,Ellen Wangerheim,Lina Mona Andréa Hurtig,77.3,48.5,75.5,43.1,5.6920996,-1.0700471745590079,0.4264245032963472,0.7426838210749124,0.3162593177785652,0.8989828336513446,1.3846974684123408,0.4857146347609962,1.6316525643863082,2.2662981638684916,0.6346455994821834,3.1110986183860727,1.7556074130926582,0,1,1,1,1,1,0,0,0,0,0,0
3998848,cbb480bc-5c57-4668-a784-597a5cdfd4a2,2,90,11,Sweden Women's,Lina Mona Andréa Hurtig,Fridolina Rolfö,86,4.1,82.5,12,8.640602,2.644913134196784,0.32051847191700694,0.43747227863157245,0.11695380671456551,0.7618232817120167,1.0635144475975566,0.3016911658855399,1.3903921957599512,1.8340711355583856,0.4436789397984344,4.363231761640495,4.714309988860414,0,0,1,1,1,3,0,0,1,0,0,1
3998848,d082911b-e953-45ab-bb80-5e7a5f680eed,2,91,10,Poland Women's,Kinga Szemik,Oliwia Woś,18.3,32.8,23.1,20.1,13.576818,3.0322559616985103,0.3860808364646842,0.05009895496067909,-0.3359818815040051,0.6583249862879718,0.24452913605243148,-0.4137958502355403,1.0444525883090274,0.6660946917500358,-0.37835789655899166,2.9840893637389296,10.0009115794583,1,0,1,0,1,0,1,0,1,0,0,1
3998848,3ff45987-ad05-459c-85a2-311b6efc71e6,2,91,22,Sweden Women's,Amanda Ilestedt,Hanna Ulrika Bennison,34.3,28.2,41.4,4.9,24.35775,0.42737187759888684,0.904810245221136,0.2831687164674566,-0.6216415287536794,1.4044639688145308,0.6524363033052286,-0.7520276655093022,2.083515243756097,1.208585328038895,-0.8749299157172019,1.0580295772051707,4.235007161541044,1,0,1,1,2,1,0,0,1,0,0,1
3998848,05fbf063-bf8c-474e-b2b6-b4d6c09d5a1d,2,91,25,Sweden Women's,Hanna Ulrika Bennison,Ellen Wangerheim,43.2,3.7,70.1,11.6,28.036049,27.53086591822344,0.4537666717279562,0.21078778967006234,-0.24297888205789386,0.847363015590573,0.5716727801521462,-0.27569023543842686,1.4055884624861605,1.1719680120531466,-0.23362045043301394,2.7458651875293376,5.356551612310958,1,0,1,0,1,1,0,0,1,0,0,1
3998848,127a1be9-91e2-49ef-8baa-7380f9cfbc1e,2,92,24,Poland Women's,Wiktoria Zieniewicz,Kinga Szemik,41,44,18.5,43,22.522211,-22.443124294626585,0.20679222041608644,0.006902917234904361,-0.1998893031811821,0.4902092831325397,0.05802993393822789,-0.4321793491943118,0.912605965164751,0.20515945325158402,-0.707446511913167,5.019075889641103,15.113921365808244,0,0,0,0,1,0,0,0,1,0,0,1
3998848,7b8180ac-73d1-4b0d-8523-86e96f7ae735,2,92,27,Poland Women's,Kinga Szemik,Oliwia Woś,20.1,42.8,35.6,39.6,15.826876,15.538283673992822,0.10673235250992977,0.06562190636249976,-0.04111044614743001,0.26120269236326804,0.29476389384579627,0.033561201482528225,0.43212662998425994,0.6965664173281964,0.2644397873439364,6.712292869817526,10.152581189272842,0,0,0,0,1,0,1,0,1,0,0,1
3998848,555540ff-1799-4853-97d7-8c892a5b0eeb,2,92,44,Poland Women's,Sylwia Matysik,Weronika Zawistowska,43.2,29.4,62.5,17.5,22.673773,15.782614260425518,0.4250490391922296,0.3296368875009457,-0.09541215169128386,1.0133807545733338,0.6345849989865062,-0.37879575558682754,1.7519601734689345,1.1471829432911742,-0.6047772301777603,4.662163424058136,3.478233185794965,0,0,1,1,2,1,0,0,1,0,0,1
3998848,b0475a11-5d89-48f9-94bc-87c0810b5d85,2,92,48,Poland Women's,Ewelina Kamczyk,Tanja Pawollek,63.7,30.2,63.5,42.2,12.001667,0.6037503154828912,0.9169152630747146,0.4700644008149669,-0.4468508622597477,1.6691427636218112,0.9580082076694345,-0.7111345559523767,2.6010450538094188,1.7214624816279116,-0.8795825721815071,2.8357939234592355,3.012011039347097,1,0,2,1,3,1,0,0,1,0,1,1
3998848,61d1af67-a811-44ae-a42c-2f735f6bd801,2,93,5,Sweden Women's,Fridolina Rolfö,Johanna Rytting-Kaneryd,26.3,29.2,29.5,49.9,20.945883,3.280476983108258,0.33201571520775297,0.21042602298824464,-0.12158969221950833,0.8218573579743097,0.6636337021290475,-0.1582236558452622,1.599692595397437,1.4020969722985375,-0.19759562309889955,4.088063918209074,6.989639030913927,0,0,1,0,1,2,0,0,1,0,0,1
3998848,f08140a8-ac22-4024-af3f-ac6658e4df18,2,93,12,Sweden Women's,Johanna Rytting-Kaneryd,Lina Mona Andréa Hurtig,52,70.6,90.8,63.4,39.462387,37.14857509345353,0.8345418801452256,0.16966232477427723,-0.6648795553709483,1.2831656081539973,0.39064295589167103,-0.8925226522623262,1.8668971582227578,0.7680373727314564,-1.0988597854913014,1.5380665229776898,5.3844660462684,1,0,2,0,2,1,0,0,1,0,0,1
3998848,c6da1572-ede6-4d59-a03a-5972ce4e8753,2,93,51,Poland Women's,Natalia Padilla-Bidas,Sylwia Matysik,56.2,46.4,49.6,70.7,25.18035,-12.682469599057129,1.0445155521963279,0.2516639968275219,-0.792851555368806,1.5587972313454554,0.5730146463890452,-0.9857825849564102,2.3044675675254798,1.0766410821182069,-1.227826485407273,0.8130796716402611,4.496163477142085,1,0,2,1,2,1,0,0,1,0,0,1
3998849,9ac5144c-0392-4bf6-a0cd-5ea93d8ff229,1,1,11,Germany Women's,Lea Schüller,Klara Bühl,94.2,38.1,107.3,27,17.170322,7.695984281519252,0.7322988576525746,0.2271649436352631,-0.5051339140173116,1.3100691520093481,0.6892800779037528,-0.6207890741055954,2.124314998581565,1.4600383307927682,-0.6642766677887968,1.9897690977727616,5.91270779015509,1,0,1,0,2,1,0,0,1,1,1,1
3998849,9170f831-acf9-44c0-95ec-410f9788e7ca,1,1,22,Germany Women's,Sarai Linder,Janina Minge,84,14.4,63.7,34.9,28.850304,-12.356322113585016,0.49603630492906864,0.03738738227646071,-0.4586489226526079,0.8990870169602279,0.16566664484531127,-0.7334203721149166,1.5815829245854598,0.4694473099286875,-1.1121356146567722,2.4485624812614244,9.969740148484943,1,0,1,0,1,0,0,0,1,0,0,1
3998849,d557b593-ac8c-42ea-9a4a-435fe33d1342,1,1,25,Germany Women's,Janina Minge,Carlotta Wamser,59.4,41.9,64.5,65.9,24.535892,-0.6161196595934229,0.044822955832090484,0.00861359410680762,-0.036209361725282864,0.18991236727284871,0.08890054929010499,-0.10101181798274372,0.5206463879272908,0.36954916849255126,-0.15109721943473953,9.470560417787627,15.564339106571333,0,0,0,0,0,0,0,0,1,0,0,1
3998849,ddde00ef-e94f-4c20-82ac-5267ea6d431a,1,1,29,Germany Women's,Carlotta Wamser,Janina Minge,70.9,67.6,60.3,57.9,14.368368,-6.000185657960905,0.15845458158469805,0.05299580065777903,-0.10545878092691902,0.4807827593877146,0.25136128923186424,-0.22942147015585035,1.041118199191236,0.7271750445053239,-0.31394315468591205,6.297361498654496,9.326713408572799,0,0,0,0,1,0,0,0,1,0,0,1
3998849,d0c5dd58-677f-48c0-895a-944404deda43,1,1,31,Germany Women's,Janina Minge,Rebecca Knaak,60.3,57.9,58.5,19.2,38.741837,-2.596427074660646,0.12454312990597467,0.011002842055446764,-0.11354028785052792,0.3935559417563433,0.0997498243412559,-0.2938061174150874,0.9407321966296299,0.423337759727982,-0.5173944369016479,6.548789690220205,14.140395835536257,0,0,0,0,1,0,0,0,1,0,0,1
3998849,35d531fc-be3d-4b99-a285-59210c96b46d,1,1,34,Germany Women's,Rebecca Knaak,Sarai Linder,62,12.7,70.3,2.1,13.462912,1.6017440724214396,0.029078491860542045,0.09624437530726239,0.06716588344672034,0.1685815963327408,0.3093308583643514,0.14074926203161062,0.5611789413240416,0.7458329905464205,0.18465404922237894,11.074603406075365,7.20816061561998,0,0,0,0,0,1,0,0,1,0,0,1
3998849,c6d0186f-e206-4f56-826b-a676fd828536,1,1,37,Germany Women's,Sarai Linder,Ann-Katrin Berger,64.9,4,35.6,32.4,40.805023,-18.92348259346933,0.19154780279910186,0.011214476528052965,-0.1803333262710489,0.4684791421883646,0.08394032436657801,-0.3845388178217866,0.9338549800242036,0.3117610551062462,-0.6220939249179575,5.23296660581401,13.688300952865442,0,0,0,0,1,0,0,0,1,0,0,1
3998849,3b421746-4de5-4850-b56a-3dff9ee34a7c,1,1,42,Germany Women's,Ann-Katrin Berger,Janina Minge,33.9,32.9,36.2,51.4,18.642426,1.820382089092334,0.20178795012164283,0.03282435567485175,-0.16896359444679107,0.4140382043224308,0.1682290474363009,-0.24580915688612992,0.7009496140592592,0.4349238932109197,-0.2660257208483395,4.846976466084427,11.428865337469379,0,0,1,0,1,0,0,0,0,0,0,0
3998849,be3c9ac5-66a0-425b-9f59-49f2ea76d9cf,1,1,48,Denmark Women's,Emma Snerle,Sara Holmgaard,51.4,31.5,54.5,13.1,18.659313,-1.6840176470178392,0.2981367732902446,0.5879001279166827,0.28976335462643804,0.9248766976471263,1.1939093415619857,0.26903264391485937,1.8704363649176747,2.0477371460593963,0.17730078114172154,6.92143419915768,2.797196772501917,0,1,0,1,2,2,0,0,0,0,0,0
3998849,7d70df0f-74ac-4faa-b013-024431ded0c8,1,1,54,Germany Women's,Sjoeke Nüsken,Elisa Senß,55.4,52.4,58.5,51.8,3.1575308,3.1575267442928663,0.9698846100529152,0.9889339172327594,0.01904930717984421,1.691380449808599,1.7213035866363435,0.029923136827744612,2.663410920251532,2.7166416432161045,0.05323072296457232,1.427226055339672,1.3855847236074434,1,1,1,1,4,4,0,0,1,0,0,1
3998849,c0bb8abf-885e-4fe0-a832-4c41cf273546,1,1,59,Germany Women's,Sarai Linder,Klara Bühl,55.6,11.8,72.7,3.4,19.051771,10.496855026162152,0.009080637872704318,0.2145936340204051,0.20551299614770077,0.08365933631307504,0.4496178916025398,0.36595855528946475,0.36935067743622746,0.8178111777521729,0.4484605003159455,14.497730259224593,4.7075462414649545,0,0,0,1,0,1,0,1,0,0,0,0
3998849,a75902b5-fb6d-4006-aca6-9b1037b29e9e,1,2,21,Germany Women's,Rebecca Knaak,Klara Bühl,28.8,3.5,56.5,2.4,27.721832,24.435748987451234,0.12230984133154069,0.5032678072696124,0.38095796593807174,0.4246251127289839,0.7974391694176007,0.37281405668861684,0.9301830999799416,1.2849648465587944,0.35478174657885275,7.605759282147244,2.2028241108686437,0,1,0,1,1,1,0,0,1,0,0,1
3998849,544354f1-0d3c-4ff9-956c-906ad8ff119b,1,2,23,Germany Women's,Klara Bühl,Linda Dallmann,57,1.4,50.6,8.1,9.265528,-2.4956542735842504,0.503267821401128,0.7501964015019416,0.24692858010081353,0.7974391824809474,1.1850963519178754,0.3876571694369281,1.2849648594610705,1.908742370316851,0.6237775108557804,2.202824025414177,1.2515499111235666,1,1,1,1,1,1,0,0,1,0,0,1
3998849,e348cb52-21f7-403f-8fc1-cc999828f8c5,1,2,26,Germany Women's,Linda Dallmann,Elisa Senß,51.6,9.7,41.6,18.2,13.124405,-6.563681904467188,0.46815761227519576,0.14483469578442584,-0.32332291649076994,0.9974837177633543,0.4652292568620827,-0.5322544609012716,1.832913315867211,1.1241486075021323,-0.7087647083650788,3.51907811526648,6.250006962877067,0,0,1,0,2,1,0,0,1,0,0,1
3998849,3427ff2f-507b-4b58-8ce2-be03ec700deb,1,2,28,Germany Women's,Elisa Senß,Ann-Katrin Berger,41.6,18.2,18,35.5,29.26175,-20.724773288992466,0.40106100181757015,0.00021280103913943107,-0.4008482007784307,0.798195326528273,0.008202244948328923,-0.7899930815799441,1.4560596221733202,0.07370808164825975,-1.3823515405250604,3.1578299337344835,25.879500130845148,0,0,1,0,1,0,0,0,1,0,0,1
3998849,9301a569-8aeb-4219-bc0f-04e866c9f4d9,1,2,31,Germany Women's,Ann-Katrin Berger,Janina Minge,18,35.5,29.8,46.1,15.861904,11.693187891403,0.00018153869700459756,0.0016352015433888055,0.001453662846384208,0.007579524002668989,0.027792297060883563,0.020212773058214575,0.07056432078698202,0.16312612646969488,0.09256180568271286,26.485389253142788,19.514147090605952,0,0,0,0,0,0,0,0,1,0,0,1
3998849,03470659-d3bf-4429-8a20-3d3a8910f7e5,1,2,38,Germany Women's,Janina Minge,Rebecca Knaak,44,56.5,41.9,25.8,30.77174,-1.6099175103958459,0.08023510631753471,0.01932117239372582,-0.06091393392380889,0.29710606416781016,0.12755967542786548,-0.16954638873994468,0.7724254182867568,0.46913193696165656,-0.30329348132510026,7.825428746396479,12.127307293499316,0,0,0,0,1,0,0,0,1,0,0,1
3998849,9b02f5b9-58d5-4f1c-acd3-dd5f5ebb8a08,1,2,42,Germany Women's,Rebecca Knaak,Sarai Linder,48.2,16.1,69.8,1.4,26.127571,12.348750219228648,0.016901437615463335,0.1674159148847547,0.15051447726929137,0.12291585612161848,0.4146662948722261,0.29175043875060763,0.4760953661401029,0.844782756676072,0.36868739053596916,12.643662041393595,5.555934172470853,0,0,0,0,0,1,0,0,1,0,0,1
3998849,726caf9e-a150-4bda-afd0-80363eacd1c3,1,2,44,Germany Women's,Sarai Linder,Klara Bühl,74.5,2.3,84,5.2,9.932774,9.018904014230117,0.3910516757036306,0.4091207261028171,0.018069050399186493,0.6671485758919596,0.9248340723527277,0.2576854964607681,1.0959820743904634,1.6266087156020836,0.5306266412116203,2.9490634033541516,4.342348425129951,1,0,1,1,1,2,0,1,1,0,0,1
3998849,a2602fe2-7a9e-4ada-855f-7ff47f148015,1,2,49,Germany Women's,Klara Bühl,Sjoeke Nüsken,87,17.9,85.9,48.7,30.819637,4.52429249620149,0.6496873638634839,0.12336773803761124,-0.5263196258258727,1.15072716659043,0.4822867311007454,-0.6684404354896846,2.006353751975172,1.2318708844600246,-0.7744828675151476,1.6961187790891443,7.832806327778769,1,0,1,0,1,1,0,0,1,0,0,1
3998849,c81e9e32-3ae6-46a5-9976-477dcd617ece,1,2,53,Germany Women's,Sjoeke Nüsken,Elisa Senß,86.3,49.9,85.3,35.2,14.733974,0.09365046807449318,0.27479564590338595,0.3029113204537213,0.028115674550335368,0.7639801209014753,0.8338130157077679,0.06983289480629262,1.6055742670275845,1.7441928413525518,0.13861857432496727,5.146756947265442,5.565398738480246,0,0,0,0,1,2,0,0,1,0,0,1
3998849,476af61d-cff8-4984-8007-08dd83572635,1,2,55,Germany Women's,Elisa Senß,Sarai Linder,85.3,35.2,87.5,17.7,17.637743,-4.384556418893077,0.4299661347079998,0.18920264327021277,-0.24076349143778705,1.0257924219976575,0.49297286667692525,-0.5328195553207322,1.9917334038955705,1.1018097780924272,-0.8899236258031433,4.165796007141653,5.218435179609855,0,0,1,0,2,1,0,0,1,0,0,1
3998849,c3fb4ca9-5d04-460d-bcc6-29777ff7af81,1,3,0,Germany Women's,Sarai Linder,Rebecca Knaak,78.1,14,61,17.7,17.495714,-13.762329347134227,0.2743272110366612,0.02343646782147084,-0.25089074321519034,0.5994276256311745,0.15995521962439924,-0.43947240600677523,1.1901438293820465,0.5464287153220582,-0.6437151140599884,4.078278528580773,12.009854740637799,0,0,1,0,1,0,0,0,1,0,0,1
3998849,6104c8f9-9005-4caf-a3f0-081f7942e21e,1,3,3,Germany Women's,Rebecca Knaak,Janina Minge,61.2,17.7,55.8,52.2,34.92005,-2.462265656791324,0.09761206936065711,0.05233266243802986,-0.045279406922627254,0.3313915571784781,0.20146806709916298,-0.12992349007931514,0.8153752346531198,0.5153140501813266,-0.3000611844717932,7.292491690079981,8.968606897654377,0,0,0,0,1,0,0,0,1,0,0,1
3998849,a61e8bbe-a04a-44fa-b644-f6c57520da99,1,3,6,Germany Women's,Janina Minge,Ann-Katrin Berger,48.2,50.1,33.4,34.7,21.358839,-14.255134642303247,0.1826306600313336,0.0019490158446112057,-0.1806816441867224,0.4070270582021825,0.033403391728746956,-0.37362366647343553,0.781368830703497,0.18593786671282947,-0.5954309639906676,5.156009463655626,19.913699697014952,0,0,0,0,1,0,0,0,1,0,0,1
3998849,1064177c-8535-4e86-917c-50101524043f,1,3,12,Germany Women's,Ann-Katrin Berger,Rebecca Knaak,38.3,36.4,43.3,16.1,20.906698,1.4418626524044669,0.038676958910882145,0.016762481568878697,-0.021914477342003448,0.18906543840088116,0.10790707391019501,-0.08115836449068616,0.5394788554160573,0.37928805999383886,-0.16019079542221848,10.240772443695244,12.452507067665305,0,0,0,0,0,0,0,0,1,0,0,1
3998849,1f2f0601-72b4-493a-97d5-d7fc5fbaa0a2,1,3,15,Germany Women's,Rebecca Knaak,Ann-Katrin Berger,43.3,16.1,35,36.7,22.209232,-4.7266212522559385,0.014950622958568666,0.0026303721225675414,-0.012320250836001124,0.10079510753189637,0.04130707661055783,-0.05948803092133854,0.36593219992505094,0.21457661264100425,-0.1513555872840467,12.777060700260076,19.63368299266227,0,0,0,0,0,0,0,0,1,0,0,1
3998849,cf37f685-d367-4226-90aa-b297515f4e70,1,3,42,Germany Women's,Elisa Senß,Lea Schüller,40.9,3.3,49.7,5.5,9.070832,8.889938532157899,0.29978095465594423,0.950897601620259,0.6511166469643148,0.7812899171423815,1.3718552777120852,0.5905653605697037,1.4591336179232357,2.089163190628725,0.6300295727054892,6.078224973270615,0.5108534736187179,0,1,0,1,2,1,0,1,1,0,0,1
3998849,d18f5289-c93b-44ca-b62e-db8616f96d12,1,3,46,Germany Women's,Klara Bühl,Lea Schüller,59.1,3.1,62.6,5.7,4.360046,4.339475579004301,0.6060952791977128,1.5581472660929028,0.95205198689519,1.1858394141648847,2.1982681429392725,1.0124287287743878,1.8803144274298478,2.8683626316702546,0.9880482042404068,3.414553119370446,0.8428856496877035,0,2,2,3,3,4,1,1,1,0,0,1
3998849,9daa0342-b8df-44f4-9f2d-da57bdd7ae23,1,3,48,Germany Women's,Lea Schüller,Linda Dallmann,61.2,2.4,52.7,11.4,12.379418,-3.330910613674149,1.6114384890529558,0.3386353642270381,-1.2728031248259177,2.336775718527671,1.01203081938521,-1.324744899142461,3.041116904037198,2.0509403216507014,-0.9901765823864968,1.6102000177054385,6.504156217665797,2,0,4,0,4,3,0,0,1,0,0,1
3998849,8996833a-21be-44cc-8721-fb81503e46bf,1,3,58,Germany Women's,Linda Dallmann,Sjoeke Nüsken,92.5,34.8,92.5,40,5.2,0.4873185568035474,0.9740292578443992,0.6755518942887937,-0.2984773635556055,1.9899093731648998,1.5887055606579197,-0.4012038125069801,3.2589206960089148,2.8464720272163087,-0.4124486687926061,2.582459743060008,3.012821782017415,1,0,1,1,4,2,0,0,0,0,0,0
3998849,4967dea1-7784-4817-af18-3e009120d4a1,1,5,52,Germany Women's,Janina Minge,Rebecca Knaak,55.8,58.7,54.4,34.3,24.44013,1.0208327656121838,0.0321034632048267,0.009674787394037501,-0.022428675810789202,0.19473465837167037,0.08998154816455774,-0.10475311020711263,0.610161487157536,0.37670065574952116,-0.23346083140801488,11.356191026802886,14.505812654677657,0,0,0,0,0,0,0,0,1,0,0,1
3998849,8cb96891-1d18-47b7-921b-d3e4f55078ab,1,5,57,Germany Women's,Rebecca Knaak,Janina Minge,57.9,27.9,56,52,24.17478,-1.8474390514702037,0.06916289987010765,0.011847449993679062,-0.05731544987642859,0.24878759478732043,0.0849678012300211,-0.16381979355729934,0.6210605826111283,0.3005289236009518,-0.3205316590101765,8.180654871164611,13.528528220699352,0,0,0,0,0,0,0,0,1,0,0,1
3998849,d44eb525-74ae-4f0b-b7c7-78f7a8d7c8f6,1,6,2,Germany Women's,Janina Minge,Jule Brand,71.4,54.6,90.3,54.2,18.904232,17.82558552885785,0.30017072122124155,1.0086457102568684,0.7084749890356269,0.6613066866384553,1.6664385910545065,1.0051319044160514,1.2873771110155052,2.5781298154219963,1.290752704406491,3.9226351597396785,1.2428335995804818,0,1,1,2,1,2,0,1,0,0,0,0
3998849,649ef537-a2e3-4894-b4a0-952038a3f68a,1,6,11,Denmark Women's,Emma Snerle,Stine Ballisager Pedersen,39.7,29.9,25.8,38.2,16.189503,-13.28450780180654,0.5542496333277307,0.13188258221493715,-0.42236705111279355,1.0731288276723396,0.40645007575817593,-0.6666787519141637,1.849043160266085,0.8970957969920619,-0.9519473632740232,2.4732677203532156,6.690371115806209,1,0,1,0,1,1,1,0,1,0,0,1
3998849,90d51235-93e5-47ac-a692-ea2795a1b405,1,6,14,Denmark Women's,Stine Ballisager Pedersen,Frederikke Thøgersen,24.6,43.4,31.7,74,31.412895,0.840855241479673,0.39798156005832697,0.0505180501606784,-0.34746350989764857,0.6621653063924217,0.1919226039551336,-0.47024270243728805,1.0751184820017419,0.47121338574514315,-0.6039050962565987,2.8409263571742804,9.08891576104299,1,0,1,0,1,0,0,0,1,0,0,1
3998849,8e463d00-ed17-46d5-8482-980dff9a115f,1,6,17,Denmark Women's,Frederikke Thøgersen,Janni Thomsen,34,77.5,49.6,68.1,18.213182,18.019449455354504,0.5390021538618134,0.8226294713807447,0.28362731751893133,0.737510683706238,1.1457922562811425,0.4082815725749045,1.002929842633863,1.7420393286125422,0.7391094859786791,1.884725713621934,0.793790479442509,1,1,1,1,1,1,0,1,0,0,0,0
3998849,b725fa34-9b11-4554-8f20-3d19ddd4b5eb,1,6,55,Denmark Women's,Janni Thomsen,Frederikke Thøgersen,111.4,75.9,105.7,78.7,6.3505907,-4.341769358637848,0.9174344738520558,1.092985026585001,0.17555055273294518,1.251809237894415,1.4767666921749818,0.2249574542805668,1.776175521093755,1.927613043341522,0.15143752224776685,0.6937811389081584,1.5095001927661122,1,2,1,2,2,2,0,1,1,0,0,1
3998849,07b5ecd0-9653-4886-865e-39782d9dc1d5,1,6,56,Denmark Women's,Frederikke Thøgersen,Emma Snerle,104.8,77.8,95.1,72.6,11.005907,-0.2799547805633935,1.0929854611860252,0.18605536775583909,-0.9069300934301862,1.476767211321065,0.5729689327531959,-0.9037982785678691,1.92761363206231,1.1910295961151938,-0.7365840359471163,1.5095045461940024,6.810405336136973,2,0,2,0,2,1,1,0,1,0,0,1
3998849,c52c70bb-7cda-47d0-b1b2-2c21a0ea1270,1,6,58,Denmark Women's,Emma Snerle,Janni Thomsen,95.1,72.6,111.9,71.3,16.850222,8.690480107596393,0.18605536775583909,0.16812613388480327,-0.017929233871035816,0.5729689327531959,0.5098683646890327,-0.0631005680641632,1.1910295961151938,1.1074430879713693,-0.08358650814382451,6.810405336136973,6.261917151633645,0,0,0,0,1,1,0,0,1,0,0,1
3998849,7b344f60-ed80-4673-a461-735c462ef88f,1,8,21,Denmark Women's,Stine Ballisager Pedersen,Katrine Veje,24.3,42.5,28.8,23.8,19.233824,3.105006895633238,0.005232857349860538,0.00923083962009562,0.003997982270235082,0.06790676742286937,0.07742337217351855,0.00951660475064918,0.3083435406031352,0.2787126720392908,-0.029630868563844392,18.03583314332816,14.693273619629588,0,0,0,0,0,0,0,0,1,0,0,1
3998849,668d63eb-0fd8-4bc8-9f84-9f048ba94124,1,8,23,Denmark Women's,Katrine Veje,Sara Holmgaard,28.8,23.8,50.1,6.1,27.694405,14.94096326804474,0.01926547623064928,0.07902954234775697,0.05976406611710769,0.11783128669655327,0.2680926727363188,0.15026138603976555,0.3617227801147734,0.6229418548671668,0.2612190747523934,12.26750043933362,7.848881246754481,0,0,0,0,0,1,0,0,1,0,0,1
3998849,36fd3794-9c79-49ba-a022-6d2e64191b6e,1,8,27,Denmark Women's,Sara Holmgaard,Katrine Veje,46.3,11.1,32.9,25.7,19.817163,-9.102320690797029,0.7746526029891506,0.016125614932193624,-0.758526988056957,1.0222141378674008,0.12366505349653462,-0.8985490843708661,1.3754884848699476,0.43618774430633533,-0.9393007405636122,0.9889230697851961,13.055381595610617,1,0,1,0,1,0,1,0,1,0,0,1
3998849,d8914da7-b744-4db0-a71f-9d60ffc43c70,1,8,30,Denmark Women's,Katrine Veje,Stine Ballisager Pedersen,32.9,25.7,27.4,43.4,18.534832,-4.396322960023113,0.03388708450613133,0.005476493735898212,-0.028410590770233116,0.17654743755289945,0.06902502588776008,-0.10752241166513937,0.5171650326362491,0.3169315389672743,-0.20023349366897486,10.555756054147919,16.658665233291927,0,0,0,0,0,0,0,0,1,0,0,1
3998849,bafd1ee4-d869-4f21-876f-d0b2adef3594,1,8,36,Denmark Women's,Stine Ballisager Pedersen,Katrine Veje,36.1,50.6,32.4,37.5,13.612494,-3.0687105337537304,0.05686030457548994,0.01965266705493326,-0.03720763752055668,0.2697751423864597,0.1370385175314663,-0.13273662485499343,0.7623209423612634,0.4589719900502584,-0.30334895231100495,9.381134922416768,12.747555219747642,0,0,0,0,0,0,0,0,1,0,0,1
3998849,a4c7a408-5497-4fa0-a5b0-eca367bf9380,1,8,39,Denmark Women's,Katrine Veje,Stine Ballisager Pedersen,32.4,37.5,27.9,47.9,11.331814,-4.8025293134739115,0.10873372090520522,0.01577546560404472,-0.0929582553011605,0.38345980076844655,0.12294257281483054,-0.260517227953616,0.8773159970557697,0.4341243269054929,-0.4431916701502768,8.606053608365404,13.545706956189374,0,0,0,0,0,0,0,0,1,0,0,1
3998849,76087930-4a7d-4b81-871d-c9234c83e816,1,8,42,Denmark Women's,Stine Ballisager Pedersen,Karen Holmgaard,27.9,47.9,48.5,7,45.79487,13.690179720695056,0.020941650341122033,0.014102778058077763,-0.00683887228304427,0.1487263080516015,0.11464761150378505,-0.03407869654781645,0.49457496743625046,0.41303171529018684,-0.08154325214606362,12.734948496565098,13.916505055826173,0,0,0,0,0,0,0,0,0,0,0,0
3998849,a341d1de-0464-414f-a161-3e7d58409102,1,9,0,Denmark Women's,Emma Snerle,Katrine Veje,51.1,11.5,42.8,6.8,9.538343,-9.474396224128327,0.6388897780411259,0.10382872717964098,-0.5350610508614849,1.3200839664492732,0.45691505838804963,-0.8631689080612235,2.214298000480001,1.127087127035487,-1.0872108734445138,3.4762795345803226,9.321373652642754,0,0,1,0,3,0,0,0,1,0,0,1
3998849,244e58dc-2423-4624-ae74-fa3762bae2de,1,9,2,Denmark Women's,Katrine Veje,Emma Snerle,42.8,6.8,51.1,20.5,16.018114,12.42989804302708,0.19585651203552917,0.2906685503682489,0.09481203833271973,0.6318176612206273,0.852069875883661,0.22025221466303369,1.3461323868723463,1.7574379273224217,0.4113055404500754,6.434925673105015,5.092115391411044,0,0,0,0,1,1,0,0,1,0,0,1
3998849,dd6f74ee-b758-42a3-8c35-72bffce4cd65,1,9,4,Denmark Women's,Emma Snerle,Janni Thomsen,51.1,20.3,61.2,39.2,21.429419,12.855565603455503,0.5916399533569073,0.7130286273740821,0.12138867401717479,1.151133816060257,1.0356657968710028,-0.11546801918925431,2.055001960305172,1.6458547948791944,-0.40914716542597773,2.2369129734470983,1.1902456698317405,1,1,1,1,1,1,0,1,1,0,0,1
3998849,9b0e5d26-e4f3-49cc-8a79-d3d4e4cccdd8,1,9,20,Denmark Women's,Katrine Veje,Karen Holmgaard,79.5,10.1,74,20.3,11.588356,0.30055094111884273,0.08201286715092446,0.20812474311826248,0.12611187596733803,0.3078957178262683,0.5880534455919658,0.28015772776569753,0.8016958012234982,1.271733947395115,0.4700381461716169,7.885101777991166,5.855279072426358,0,0,0,0,1,1,0,0,1,0,0,1
3998849,16a16698-df04-4bda-aca3-fcc013285d84,1,9,21,Denmark Women's,Karen Holmgaard,Katrine Veje,74,20.3,73.7,8.2,12.103719,-6.127880275683886,0.44684306996551804,0.14203942925112847,-0.3048036407143896,0.8754890835708347,0.43264669918512294,-0.4428423843857117,1.541162242233897,0.9468704858575999,-0.5942917563762972,3.3100581636915485,6.669700030347844,0,0,1,0,2,1,0,0,1,0,0,1
3998849,6ad1a962-c1cf-4e19-9b7f-097c161d4461,1,9,24,Denmark Women's,Katrine Veje,Emma Snerle,71.1,14.3,70,25.2,10.955364,3.097779169171659,0.5726577254859287,0.6439349634135223,0.07127723792759355,0.9266360515350653,1.194406918258464,0.26777086672339867,1.4952635995999557,2.0499879424691505,0.5547243428691948,1.9532235764841823,2.139951976234029,1,1,1,1,1,2,0,1,1,0,0,1
3998849,54ad6339-0502-4c99-873c-b734af173039,1,9,26,Denmark Women's,Emma Snerle,Stine Ballisager Pedersen,65,22.4,42.1,16.9,23.55122,-23.505434442849875,1.0811475480011419,0.02363316258592652,-1.0575143854152154,1.5401674101285636,0.14268804702029636,-1.3974793631082671,2.209742440708619,0.4401390323273608,-1.769603408381258,0.5685955647170915,11.760237312557507,1,0,1,0,2,0,1,0,1,0,0,1
3998849,199765d3-f4bb-4550-8ba7-37bfbe234d15,1,9,28,Denmark Women's,Stine Ballisager Pedersen,Maja Bay Østergaard,35,21.9,19.9,38.3,22.292824,-13.208680974235946,0.2425445425883607,0.07200439359591077,-0.17054014899244993,0.46818471438866466,0.23481196124920328,-0.23337275313946138,0.7897816882301482,0.5096356192724835,-0.2801460689576647,4.289286485851931,8.030833024631113,0,0,1,0,1,0,0,1,1,0,0,1
3998849,f6c4f69a-cf9c-40c2-85db-a8e9f78f1de8,1,9,33,Denmark Women's,Maja Bay Østergaard,Amalie Jørgensen Vangsgaard,18.9,44.6,67.2,41.5,48.39938,48.38329223649479,0.6412620003873764,0.9218141652239338,0.2805521648365574,0.844512049087944,1.3722372992112608,0.5277252501233168,1.123869607544423,1.9849386521175205,0.8610690445730975,1.4017045037662461,1.3485437924576853,1,1,1,2,1,2,0,0,0,0,0,0
3998849,30cc79c1-8ec2-43ce-a98f-1fe6c8634668,1,9,41,Germany Women's,Sarai Linder,Rebecca Knaak,26.9,15,14.7,23.2,14.69966,-10.233564863081455,0.5105026571324702,0.09145659088043635,-0.4190460662520339,0.7324303303951887,0.3037045131277231,-0.42872581726746556,1.0805130465261705,0.696371602119931,-0.38414144440623954,2.0511356134390604,7.446492366126417,1,0,1,0,1,1,0,0,0,0,0,0
3998849,d3cbd0c4-07db-41d2-9059-0da04423e183,1,10,4,Germany Women's,Ann-Katrin Berger,Rebecca Knaak,15.6,40,25,18.5,23.46508,6.997484632069174,0.05346196093029062,0.04984946829534992,-0.003612492634940699,0.231514340344601,0.18827445150234784,-0.04323988884225316,0.6094802622875113,0.4544798963712044,-0.1550003659163069,9.240358430266696,9.116976490861335,0,0,0,0,0,0,0,0,1,0,0,1
3998849,c49de80e-4c63-4105-816f-09555830f761,1,10,8,Germany Women's,Rebecca Knaak,Sarai Linder,35,12.1,46.6,1.7,15.5794735,6.670173693887094,0.33221479900347,0.17051412860675855,-0.16170067039671146,0.5968579816759365,0.4317858919767327,-0.16507208969920378,1.0031055620450733,0.8716713999019696,-0.13143416214310366,3.4083876505663953,5.532299856063453,0,0,1,0,1,1,0,0,1,0,0,1
3998849,c250dca1-e47a-4264-8102-0c7e7508415a,1,10,10,Germany Women's,Sarai Linder,Ann-Katrin Berger,41.9,3,12.7,20.1,33.83859,-22.70861919761235,0.4226534762743512,0.0021337355014795566,-0.42051974077287163,0.7267938415952544,0.0330370616161768,-0.6937567799790776,1.1651146726264954,0.18019681846333765,-0.9849178541631577,2.7915196578425374,18.802921636863147,1,0,1,0,1,0,0,0,1,0,0,1
3998849,601a6fd9-144d-452b-afc8-24d5668f5ce7,1,10,15,Germany Women's,Ann-Katrin Berger,Janina Minge,13.5,32.4,29.2,73.3,43.809814,10.057179847571234,0.01669996935205382,0.07166866669329418,0.05496869734124036,0.1097393525271467,0.26858230193297533,0.15884294940582863,0.36264128750404456,0.6059327429654507,0.24329145546140618,12.611828215543051,8.860383588344554,0,0,0,0,0,0,0,0,1,0,0,1
3998849,04e632c4-99fd-424c-b913-148bce4d9b12,1,10,19,Germany Women's,Janina Minge,Jule Brand,32.4,72.8,47.7,70.5,15.47191,15.069302289653237,0.21570513323013912,0.553757868540381,0.3380527353102419,0.5063443696063068,1.0585331354636867,0.5521887658573799,0.8778895821566584,1.6819352573917068,0.8040456752350484,5.286317132295263,2.8029357161412736,0,1,0,1,1,2,0,0,1,0,0,1
3998849,f064abe3-89f2-4bd2-b207-5b1c8caddb20,1,10,20,Germany Women's,Jule Brand,Carlotta Wamser,47.7,70.5,47,77.1,6.6370173,-3.41657361976921,0.553757868540381,0.4627297622216723,-0.09102810631870872,1.0585331354636867,0.9733519349612285,-0.08518120050245814,1.6819352573917068,1.5858483799222607,-0.09608687746944611,2.8029357161412736,4.0469286553259005,1,0,1,1,2,3,0,0,1,0,1,1
3998849,8cf8a9d8-fa99-40b1-b078-c3c3fd0e04b3,1,10,23,Germany Women's,Linda Dallmann,Elisa Senß,62,65.8,53.2,60.5,10.272779,-6.395371144388804,1.23380612343436,0.9507137224122225,-0.2830924010221375,1.8279614412461775,1.4665547164894555,-0.3614067247567221,2.5153060069844106,2.2426578005086317,-0.2726482064757789,1.7112353150548205,0.8013365829138196,2,1,2,1,3,2,0,0,1,0,1,1
3998849,9dbbb4b4-9d85-4ab8-8b30-0d66bd552c8c,1,10,24,Germany Women's,Elisa Senß,Klara Bühl,52.9,61.2,99.6,27,57.883762,46.179301934984196,0.9507136638635285,0.9652986328300666,0.014584968966538048,1.4665546297391168,1.2660389703525976,-0.20051565938651916,2.2426577082959747,1.6762940079116333,-0.5663637003843414,0.8013366404270528,0.6793022702108149,1,1,1,1,2,2,0,1,0,1,1,1
3998849,10bcd2de-a45a-4836-ad4a-6419aa39df3b,1,11,47,Germany Women's,Ann-Katrin Berger,Carlotta Wamser,63.8,32.4,66.4,62.6,30.311714,-1.4582007379800146,0.007603786099542856,0.025645491350367176,0.018041705250824318,0.08043756268874641,0.15119691745183322,0.07075935476308681,0.367961804668037,0.5247803019085331,0.15681849724049607,15.157471860899998,11.275575654596603,0,0,0,0,0,0,0,0,1,0,0,1
3998849,80bfaba9-1783-4fe7-b587-e9eee8901648,1,11,50,Germany Women's,Carlotta Wamser,Sjoeke Nüsken,70.4,65.5,83.7,62.6,13.612494,13.01067098063887,0.07563764962494322,0.7779399828055683,0.7023023331806251,0.27820852598798673,1.2555656261181734,0.9773571001301866,0.7403487501697241,2.0265948276669965,1.2862460774972724,7.9792862713176556,1.2724652462643926,0,1,0,1,1,1,0,1,1,0,0,1
3998849,e31e4613-1266-4d22-8c5a-55d0c2cd4851,1,11,52,Germany Women's,Sjoeke Nüsken,Carlotta Wamser,82,64.3,72.1,74.2,14.000714,-13.750859450161279,0.8193031500064921,0.15594169126077215,-0.66336145874572,1.3026517011892569,0.4704891925719079,-0.832162508617349,2.020166128692653,1.022217765369839,-0.9979483633228141,1.2631881060426506,6.3518024797326715,1,0,1,0,2,1,0,0,1,0,0,1
3998849,ff9b0eba-d724-4d1f-af0e-6e8319b8da66,1,11,54,Germany Women's,Carlotta Wamser,Elisa Senß,64.6,71.2,51.6,62.6,15.587174,-8.45549113701496,0.21230155906145742,0.16878311695028594,-0.04351844211117148,0.4894597063407994,0.4058038396451765,-0.08365586669562286,0.9381312033561013,0.7672057831318188,-0.1709254202242826,4.8717449629977585,5.5115889310675055,0,0,1,0,1,1,0,0,1,0,0,1
3998849,8860a225-56f9-41e3-a4c7-4b245387f47d,1,12,4,Germany Women's,Janina Minge,Carlotta Wamser,46.6,54.9,58.2,71.7,20.41568,5.441105424841027,0.023750052222838127,0.010481914202311345,-0.013268138020526782,0.14828931590485528,0.09325343997531237,-0.05503587592954291,0.4837481569989818,0.38081522591062006,-0.10293293108836177,12.026461821224496,14.386796959324268,0,0,0,0,0,0,0,0,0,0,0,0
3998849,20e17b31-e05b-43f2-9800-53a08a7cc6dc,1,12,22,Denmark Women's,Karen Holmgaard,Katrine Veje,48.2,11.1,40.2,9.9,8.089499,-7.8900439756021115,0.6277813383773724,0.6171740385533129,-0.010607299824059502,1.057265972569394,0.9063090467859148,-0.1509569257834792,1.75625024529276,1.3970190489083096,-0.35923119638445034,1.7772887605436203,1.5925484574674047,1,1,1,1,1,1,0,1,0,0,0,0
3998849,9716f2cc-8119-4769-944f-389e1668362c,1,12,42,Germany Women's,Janina Minge,Carlotta Wamser,56,67.6,64.1,75,10.971326,3.7445432820655213,0.31703854148523064,0.16475682703949798,-0.15228171444573266,0.7008946571476287,0.43541226338370453,-0.26548239376392413,1.2957643303201505,0.8934078934666486,-0.40235643685350186,3.9241555127021694,5.713027550288928,0,0,1,0,1,1,0,0,1,0,0,1
3998849,dc0ad02e-ad9f-4476-96d5-e5f639ca602d,1,12,44,Germany Women's,Carlotta Wamser,Janina Minge,61.2,76.2,53.2,69.8,10.244999,-4.095771132800351,0.4846709244784595,0.15814429274558223,-0.32652663173287727,0.8156294948929047,0.48914799864170727,-0.32648149625119743,1.291157529000645,1.0420563108324716,-0.24910121816817332,2.4560339227430497,6.731313428997259,1,0,1,0,1,1,1,0,1,0,0,1
3998849,9ed6d83e-afc0-4989-8435-c38c6645e02c,1,12,46,Germany Women's,Janina Minge,Rebecca Knaak,51.8,64.5,48.9,29.5,35.119938,0.596030299680848,0.11009516013426497,0.0111158131025837,-0.09897934703168126,0.44654971334847104,0.11352878382856005,-0.333020929519911,1.0635744500515663,0.49075029029139405,-0.5728241597601722,9.10132634365897,14.689317204178446,0,0,0,0,0,0,0,0,0,0,0,0
3998849,d2bd2e9c-bd20-4617-af3e-ebf530796212,1,13,24,Germany Women's,Elisa Senß,Carlotta Wamser,56.3,42.6,73,69.1,31.323154,8.473657815302197,0.022122113350596027,0.01111266350460227,-0.011009449845993757,0.14336744784802613,0.09821061642650715,-0.04515683142151898,0.4955370895151166,0.39312889847671334,-0.10240819103840326,12.089239779228194,14.627430904431488,0,0,0,0,0,0,0,0,1,0,0,1
3998849,2f407288-0796-4a97-b7f2-ae455f541c8a,1,13,28,Germany Women's,Carlotta Wamser,Sjoeke Nüsken,81.8,69.7,100.8,64.8,19.621672,17.023618465777147,0.3433881205180898,1.1601625742905342,0.8167744537724444,0.6088046886393519,1.7042774991844296,1.0954728105450777,1.0654963891766245,2.435312724997832,1.3698163358212077,3.277716074695071,0.6742448747110142,0,1,1,2,1,3,0,0,0,0,0,0
3998849,76ec1a97-90f4-4676-87d3-4af33bf8b452,1,14,3,Denmark Women's,Emma Snerle,Katrine Veje,63.1,10.3,62.9,3.9,6.4031243,-3.369681346345203,0.4045595310888395,0.3481305924452567,-0.05642893864358284,0.7302221552413625,0.6125296867309449,-0.11769246851041759,1.2620697868384723,1.0664870053666413,-0.19558278147183095,2.8982144681624535,3.225833556544633,1,0,1,1,1,1,0,0,0,0,0,0
3998849,5cd964bb-0e1c-4cee-b7d4-d9f057a1394c,1,14,4,Denmark Women's,Katrine Veje,Emma Snerle,62.9,3.9,61.9,13.7,9.850888,3.7791834318324007,0.3449233444257534,0.31980037615864465,-0.025122968267108747,0.5806378503448676,0.7108179494671706,0.130180099122303,0.950395697314705,1.3804494534099838,0.43005375609527885,3.225833556544633,3.7979202386284032,0,0,1,1,1,1,0,0,0,0,0,0
3998849,206cfffa-3d2b-4897-99a8-f0c8bd9ed021,1,14,31,Germany Women's,Sjoeke Nüsken,Rebecca Knaak,60.1,2.6,42.8,1.9,17.314156,-15.472712793638848,0.5756489422232192,0.011421814132101074,-0.5642271280911181,0.9966142597523622,0.09111171341121546,-0.9055025463411467,1.5643517573084804,0.34150413845475214,-1.2228476188537283,2.615081004023054,13.94199048266225,1,0,1,0,2,0,0,0,1,0,0,1
3998849,5e673ed6-939a-4878-a4dd-542af1120dfd,1,14,39,Germany Women's,Janina Minge,Rebecca Knaak,40.9,36.7,45.7,17,20.27634,1.3903395313517137,0.0764751504307921,0.06481813587757589,-0.011657014553216216,0.2736393548794646,0.22925589846420497,-0.04438345641525965,0.6773052720491205,0.5872208322702,-0.09008443977892044,7.986330316847103,8.30881799575049,0,0,0,0,1,0,0,0,1,0,0,1
3998849,34018eff-c269-46a6-9194-8e3711d094db,1,14,42,Germany Women's,Rebecca Knaak,Sarai Linder,45.7,17,62.6,3.1,21.881956,9.540867851177381,0.24040454186153054,0.09067187672270809,-0.14973266513882244,0.47259599345630404,0.31566198959056513,-0.1569340038657389,0.8597881159075074,0.7808886177884796,-0.07889949811902774,4.313709716306114,7.5270166558352205,0,0,1,0,1,1,0,0,0,0,0,0
3998849,fe4a204f-c16f-40ea-bc43-b47f76a5e1ad,1,14,44,Germany Women's,Sarai Linder,Sjoeke Nüsken,62.4,4,55.3,16.6,14.46271,-0.8768619950564016,0.5519000625534989,0.5490841547343951,-0.002815907819103791,0.9083832607002853,1.1324427214882313,0.22405946078794603,1.4889736787530696,1.9777893524307186,0.488815673677649,2.0423086444918765,2.8612880477604716,1,1,1,1,1,2,1,1,0,0,0,0
3998849,f7abdcbb-3d45-400e-96c4-78973c190c8c,1,14,58,Germany Women's,Sarai Linder,Klara Bühl,73.8,4,84.6,2.4,10.917875,6.927727389065055,0.2276571312903392,0.3376350793400807,0.10997794804974148,0.4948065076560548,0.6904745563542676,0.1956680486982128,0.9100420264615482,1.1596293571384662,0.24958733067691796,4.674140669962658,4.1075844356642355,0,0,1,1,1,2,0,0,1,0,0,1
3998849,2732408f-a491-49fb-8032-ddb4627cdd2f,1,15,4,Denmark Women's,Emma Skou Færge,Janni Thomsen,4.7,79.1,21.3,77,16.732304,16.342074832411043,0.6114186873747313,0.46028979583046437,-0.1511288915442669,0.7844018361088942,0.7676865554426565,-0.01671528066623773,0.9882601119815618,1.2012177053549498,0.21295759337338793,1.5018883586805507,2.5470049856809163,1,1,1,1,1,1,1,0,1,0,0,1
3998849,c4bbf9d0-d10c-4493-8343-7191f1093d55,1,15,10,Denmark Women's,Frederikke Thøgersen,Pernille Mosegaard Harder,13,77.1,34.7,60.5,27.321238,25.520540099173942,0.8270506603500684,0.8073516170090104,-0.019699043341057987,1.2950218535452425,1.2653796705521179,-0.0296421829931246,1.7805278715689299,1.897479598853281,0.11695172728435121,2.105669398239145,1.780027890408091,1,1,2,2,2,2,0,1,1,0,0,1
3998849,4a3627e2-f3bd-469c-a9cc-fb748a033be2,1,15,15,Germany Women's,Sarai Linder,Janina Minge,79.9,10.7,62.7,25.5,22.690968,-9.44230548290912,0.1817657306088484,0.005901175167439121,-0.17586455544140928,0.5837038063394364,0.06345393472885628,-0.5202498716105801,1.3048388125922863,0.3002425326560851,-1.0045962799362012,6.1132858964619095,15.691342893157405,0,0,0,0,1,0,0,0,1,0,0,1
3998849,c816cfe7-feaf-42fc-8ce2-a32069ca5eef,1,15,22,Germany Women's,Janina Minge,Jule Brand,73.5,38.8,76.9,55.3,16.84666,0.7803744283518697,0.18697844193377944,0.4490970596061559,0.2621186176723765,0.6640134875077681,1.0419564176626437,0.37794293015487557,1.5603944633982418,1.9586662630954823,0.39827179969724047,7.02024433595789,3.784480746475871,0,0,0,1,1,2,0,0,0,0,0,0
3998849,07d5b8c8-af0a-46ff-8fbc-bddcf25a21cf,1,15,26,Denmark Women's,Pernille Mosegaard Harder,Karen Holmgaard,43.5,50.8,42.8,41.1,9.7252245,0.05075536538357994,0.6879947487150619,0.5341027943848092,-0.1538919543302527,1.1758484752442213,1.0829304411111966,-0.09291803413302469,2.005527054362697,1.879881015335334,-0.12564603902736282,1.5891630118641011,3.868616062731463,1,0,1,2,1,2,0,0,1,0,0,1
3998849,751c2a9e-ac03-4af1-9c65-04ebb30f301e,1,15,30,Denmark Women's,Karen Holmgaard,Katrine Veje,38.7,35.6,41.4,20.5,15.339492,0.4362021851434008,0.6792169422383874,0.3122264518843053,-0.36699049035408204,1.2410681820497114,0.6962138634377232,-0.5448543186119882,1.9575715534905396,1.2602469033676351,-0.6973246501229045,2.944480729203378,4.164973476387034,1,0,2,1,2,1,0,0,0,0,0,0
3998849,4679af8e-a0d4-4d66-88cb-e3255ebfb428,1,15,41,Germany Women's,Ann-Katrin Berger,Rebecca Knaak,26.3,46.1,28.9,31.7,14.63284,2.4210296998270024,0.0008612460258545667,0.0017207663054803206,0.0008595202796257539,0.021004157891228052,0.0318345120888305,0.010830354197602449,0.1315753166506877,0.1706656523502012,0.039090335699513507,22.361618098373576,20.29031813543609,0,0,0,0,0,0,0,0,1,0,0,1
3998849,b4c0ec45-31f7-46c7-8253-9f70f25e7c9c,1,15,43,Germany Women's,Rebecca Knaak,Sarai Linder,32.9,23.9,41.8,13.7,13.536986,6.0713834053194375,0.002563203561372645,0.016114004434482736,0.013550800873110091,0.04010526065107618,0.10239612927285893,0.06229086862178275,0.19576152629208307,0.33271436697664236,0.1369528406845593,19.306253869136068,12.621729497435759,0,0,0,0,0,0,0,0,1,0,0,1
3998849,3e3addf9-17d8-42f1-99b1-76da17751fb4,1,15,50,Germany Women's,Rebecca Knaak,Janina Minge,41.4,26.5,39.9,58,31.535694,-2.346639150736067,0.06781450884944361,0.006497757696420228,-0.06131675115302338,0.27393954850194024,0.05610794818941997,-0.21783160031252027,0.7316870551724249,0.20121350262166104,-0.5304735525507639,8.445772356350755,15.303281631484051,0,0,0,0,0,0,0,0,1,0,0,1
3998849,7db12cb1-270e-4feb-835f-e47900de4df1,1,15,54,Germany Women's,Janina Minge,Rebecca Knaak,39.9,58,40.9,35.9,22.122612,2.891377283208868,0.041941084590693345,0.054927100880892636,0.012986016290199291,0.20084625257493174,0.22361466603859417,0.02276841346366243,0.55869289124706,0.6086976073390825,0.050004716092022505,9.931204051185025,8.889704312955422,0,0,0,0,0,0,0,0,1,0,0,1
3998849,d6aa9f69-c0ba-404a-925c-8d85358c05f9,1,15,57,Germany Women's,Rebecca Knaak,Sjoeke Nüsken,42.6,29.1,55.5,29.1,12.9,12.749214014697088,0.09848828140269282,0.2983024057020903,0.1998141242993975,0.2988018226027993,0.7806778276663239,0.48187600506352457,0.7009471622787711,1.5022720584415898,0.8013248961628188,7.054829704475262,5.808449804018196,0,0,0,0,1,2,0,0,0,0,0,0
3998849,94444193-25e8-483a-8b56-8518c977b32d,1,15,59,Germany Women's,Sjoeke Nüsken,Klara Bühl,55.3,21.1,69.7,1.2,24.563591,3.878184294032522,0.6276535159559653,0.2733810099270124,-0.3542725060289529,1.1091007595663247,0.5199978962787257,-0.589102863287599,1.7918373539148635,0.9270374293648358,-0.8647999245500277,2.3344334205846082,3.952559113266428,1,0,1,1,2,1,0,0,0,0,0,0
3998849,f3d0a0cb-df6c-4ca6-a368-c87486626e74,1,16,36,Denmark Women's,Pernille Mosegaard Harder,Sara Holmgaard,68.3,5.9,72.4,4.2,4.438468,2.3729746178311473,0.5465857594721306,0.8597388946260021,0.31315313515387144,0.8439907534966884,1.203936873048144,0.3599461195514555,1.2653847486359746,1.6272205020867327,0.36183575345075814,2.0595430488097537,1.306492891352501,1,1,1,2,1,2,0,1,0,0,0,0
3998849,8e8f1cda-06d3-4722-95ec-63bfbe32ced6,1,16,47,Denmark Women's,Emma Snerle,Karen Holmgaard,66,21.9,58.9,27.6,9.104943,-5.392869536423376,1.2328784583471233,0.14611716711529016,-1.0867612912318332,1.6532760259907449,0.5001633343024423,-1.1531126916883025,2.1978516239288184,1.181049538798302,-1.0168020851305164,0.9041812600728377,6.583805794851156,2,0,2,0,2,1,0,0,1,0,0,1
3998849,41e4221f-ccf3-4ca8-a0b7-92d7732d02b0,1,16,51,Denmark Women's,Karen Holmgaard,Emma Skou Færge,56.3,43.7,47.5,63.1,21.302582,-12.283763229102831,0.5189622730794922,0.07530722542263411,-0.44365504765685804,0.9677818416964555,0.28117899706677585,-0.6866028446296797,1.7231867414278281,0.7252095322445012,-0.9979772091833269,2.413113823633292,8.110277421641321,1,0,1,0,1,0,0,0,0,0,0,0
3998849,e2a494a9-6cca-470d-a2e2-8813a9ac62db,1,17,9,Germany Women's,Linda Dallmann,Carlotta Wamser,99.6,35.9,91.1,58.2,23.865038,-13.345399550490093,0.9892730473108252,0.02786337066080077,-0.9614096766500244,1.9543688484835582,0.2299123252672402,-1.724456523216318,3.1749675040712857,0.8238628675904711,-2.3511046364808146,1.9945391142536224,13.691393490366528,1,0,2,0,3,0,0,0,1,0,0,1
3998849,b293a033-21e6-4230-be3c-920412436a94,1,17,14,Germany Women's,Carlotta Wamser,Jule Brand,98.4,55.1,106.2,63.2,11.244999,-0.6393774473847138,0.5706982178675646,0.26513910846856376,-0.30555910939900083,1.1471462758798698,0.7056649450483752,-0.44148133083149466,2.0328517702797786,1.4389422383584616,-0.593909531921317,2.6805535414451414,5.101099847714002,1,0,1,0,2,1,0,0,1,0,1,1
3998849,76c8a2a0-cd0e-47c5-8616-5df5896f6951,1,17,21,Germany Women's,Jule Brand,Klara Bühl,101.5,53,102.2,37.5,15.515799,4.636133660993952,1.1022752745098348,1.262921151312253,0.16064587680241815,1.8713466057899537,2.2804491416029085,0.40910253581295475,2.9417398189855963,3.4897920874353194,0.5480522684497231,0.8460296679619879,1.3358043709845582,1,1,1,1,4,4,0,0,0,1,1,1
3998849,a32a18d4-815c-4fea-8c4b-4e16e4a9adf3,1,23,18,Germany Women's,Janina Minge,Rebecca Knaak,50.9,52.3,49,27.4,24.972385,-1.923180413459761,0.17525842518598903,0.0514776859663781,-0.12378073921961093,0.4192772072303476,0.19382500460630733,-0.22545220262404028,0.8662376266621554,0.5247785772604665,-0.3414590494016889,5.325119860605462,8.95670587144473,0,0,0,0,1,0,0,0,1,0,0,1
3998849,735684a8-0363-4141-9c62-0f7c13719cd3,1,23,24,Germany Women's,Rebecca Knaak,Janina Minge,49,27.4,41.8,57.5,30.949152,-8.024838550361395,0.1510944830137445,0.01758896551786528,-0.13350551749587922,0.3922147082813864,0.10686171481131618,-0.2853529934700702,0.8463940086133694,0.36055745530152344,-0.485836553311846,5.818390386288315,12.249209552696172,0,0,0,0,1,0,0,0,1,0,0,1
3998849,4ff50c1e-f9e6-4b90-89d7-b066beb8f0ca,1,23,27,Germany Women's,Janina Minge,Ann-Katrin Berger,41.8,57.5,26.9,37.4,25.020391,-13.002098032529332,0.20690287486874798,0.0010159764486470534,-0.2058868984201009,0.42373722398595925,0.022829877927768187,-0.40090734605819106,0.759978830768904,0.14896721667007012,-0.611011614098834,4.754700588908175,22.128939997755253,0,0,1,0,1,0,0,0,1,0,0,1
3998849,5b270a08-044e-420a-8f75-ca39f72e1b13,1,23,32,Germany Women's,Ann-Katrin Berger,Sjoeke Nüsken,26.9,37.4,45.7,40.5,19.053871,18.834615622651427,0.0036955053979025377,0.2528226896163486,0.24912718421844604,0.05045752974652039,0.5980282669830924,0.547570737236572,0.2467548915165629,1.1279594393235677,0.8812045478070047,18.408681017676944,4.545045086639544,0,0,0,1,0,1,0,0,0,0,0,0
3998849,e59369b8-e902-4c3e-a6c0-ab73ae09f649,1,27,8,Germany Women's,Sarai Linder,Linda Dallmann,33.1,5.4,54.2,26.3,29.698822,26.323774416536537,0.5321774229641179,1.0746055942320902,0.5424281712679724,1.011813473525475,1.673578231095707,0.6617647575702321,1.6819913443523369,2.4529718460196865,0.7709805016673497,2.8005775551333225,1.7114713120140885,1,2,1,2,2,2,0,1,1,0,0,1
3998849,11b4904d-748b-492e-b783-8de3fd2f0d35,1,27,14,Denmark Women's,Frederikke Thøgersen,Maja Bay Østergaard,36.8,69.5,8.5,47,36.154392,-23.44443343586562,0.7654967270899605,0.000514808017225122,-0.7649819190727354,0.9819932835781401,0.01849496182500373,-0.9634983217531363,1.3430353109318764,0.13880611046343364,-1.2042292004684427,0.906251172802729,26.51558930780085,1,0,1,0,1,0,0,0,1,0,0,1
3998849,fda1fce8-ee68-4ea7-8b7c-07b44470f141,1,27,19,Denmark Women's,Maja Bay Østergaard,Emma Skou Færge,9,46.3,16.3,68.1,22.98978,3.7388894766939416,0.0025022063951800166,0.007948018237612766,0.005445811842432749,0.040545982178598935,0.07741320096112855,0.03686721878252962,0.21125366505671986,0.2985218551796886,0.08726819012296874,19.016823250333065,16.344040051280693,0,0,0,0,0,0,0,0,1,0,0,1
3998849,5114eead-3d3c-4da4-a462-fc769f885eef,1,28,5,Denmark Women's,Sara Holmgaard,Emma Snerle,67.2,18.6,63.8,25.5,7.692204,-1.0684940428800402,0.6443096314823067,0.7924161744755269,0.14810654299322024,1.1905873856817966,1.5325988472171022,0.3420114615353056,1.854762033256724,2.498608580871916,0.6438465476151918,3.1089352244041715,2.949908726202721,0,1,2,2,2,3,0,0,1,0,0,1
3998849,34ad43f9-21c5-403c-a2c7-ad6bc3acc53b,1,28,21,Denmark Women's,Karen Holmgaard,Stine Ballisager Pedersen,49.7,29.9,30.9,36.4,19.891958,-18.150869984691795,0.1851124450602197,0.003517127889295394,-0.1815953171709243,0.6602440022975888,0.056358347502443965,-0.6038856547951449,1.4139402073847596,0.27490575126050687,-1.1390344561242527,7.7414331399165235,18.93524027127731,0,0,0,0,1,0,0,0,1,0,0,1
3998849,f3f41eca-40ca-4621-b572-0e79a7c22af4,1,28,24,Denmark Women's,Stine Ballisager Pedersen,Karen Holmgaard,30.9,36.6,41.1,32.4,11.030866,9.899659514346652,0.013323248591823343,0.2063510207107802,0.19302777211895686,0.11825304682813188,0.6328038491139618,0.51455080228583,0.42764565830668844,1.2595323514059655,0.8318866930992771,14.198848579735008,6.941380962780207,0,0,0,0,0,1,0,0,1,0,0,1
3998849,5305d2db-9145-44dd-b60f-0b5a6f3dcc6c,1,28,27,Denmark Women's,Karen Holmgaard,Katrine Veje,41.1,32.4,29.3,28.6,12.396773,-12.148432610225356,0.20209642278963486,0.016365074191423388,-0.18573134859821147,0.635676969769903,0.12118478956572375,-0.5144921802041792,1.2679296606956894,0.4278198162541298,-0.8401098444415596,7.6520472051834485,12.899286008971117,0,0,0,0,2,0,0,0,1,0,0,1
3998849,4e953880-5e6e-4288-a134-0f55ab6b7ad1,1,28,33,Denmark Women's,Karen Holmgaard,Emma Skou Færge,45.6,27.9,29,44.2,23.26478,-15.719354974247551,0.5686613133879495,0.012773875924046909,-0.5558874374639026,0.9457059781872704,0.09913444544629,-0.8465715327409804,1.5132906960079175,0.3837992976732141,-1.1294913983347035,1.997513023001972,13.370583782725154,1,0,1,0,1,0,0,0,1,0,0,1
3998849,7fbe0799-7aac-4aaa-869e-67d0958328cf,1,28,40,Denmark Women's,Emma Skou Færge,Janni Thomsen,36.6,54.1,50.6,60.5,15.393505,12.219084069575388,0.05785055373723991,0.5197124562775428,0.4618619025403029,0.2701180887758843,0.9154534997894137,0.6453354110135294,0.7537841499488294,1.4365474758963002,0.6827633259474708,9.174126651030281,2.6592841303243597,0,1,0,1,0,2,0,1,1,0,0,1
3998849,256e9f74-f94a-4c18-ae8c-4263d8801bc1,1,28,44,Denmark Women's,Janni Thomsen,Pernille Mosegaard Harder,50.1,51.9,68.8,35,25.205158,19.462150733194918,0.8688614732495521,0.5353398210605901,-0.333521652188962,1.3519329168774747,1.0124693174508201,-0.3394635994266546,2.064183900638579,1.7981932297086458,-0.26599067092993334,1.0356289806691708,2.3911516002477473,1,1,1,1,2,1,1,1,1,0,1,1
3998849,2c62f3cc-7440-46a3-9a91-f8b4a796b17f,1,29,35,Germany Women's,Janina Minge,Jule Brand,52,50.8,61.7,69.1,20.711832,3.6932694870910012,0.3331160447924103,0.2506789036540687,-0.08243714113834161,0.7997779252816503,0.5427977697777943,-0.256980155503856,1.5406617176924546,1.0243455365529095,-0.5163161811395451,4.118057308056545,4.348299939541299,0,0,1,1,1,1,0,0,1,0,0,1
3998849,93c0cdcb-5eba-4c17-b6b0-44fb49cb55b9,1,29,38,Germany Women's,Jule Brand,Carlotta Wamser,56.8,60.6,48.2,70.7,13.265368,-11.615412495128055,0.8818073753641998,0.04966987177690925,-0.8321375035872906,1.3840546441108323,0.2483832588652949,-1.1356713852455376,1.9930166276515289,0.6875206870589767,-1.3054959405925521,2.4246644993719526,10.86102481735101,2,0,2,0,2,0,0,0,1,0,0,1
3998849,5a192b24-ad85-45e8-9f63-1252daf3765c,1,29,42,Germany Women's,Carlotta Wamser,Janina Minge,48.2,70.7,47.7,56.7,14.008925,3.8843244961771006,0.07270818632426074,0.04441251808134536,-0.02829566824291538,0.29952598683471504,0.23873206617980897,-0.060793920654906075,0.7468701684889103,0.7227908240514863,-0.02407934443742399,9.067952721602024,10.101098161954754,0,0,0,0,0,0,0,0,1,0,0,1
3998849,181722a2-abec-4ee7-a9be-24e0a412d318,1,29,44,Germany Women's,Janina Minge,Elisa Senß,47.7,56.7,57.5,48.7,12.650692,11.101023881985888,0.09557868975820237,0.4769508353616784,0.38137214560347604,0.3550086159491795,1.1274153700461398,0.7724067540969604,0.9080050225440155,2.0690526576348103,1.1610476350907948,7.477849041515649,5.009496104021582,0,0,0,0,1,3,0,0,1,0,0,1
3998849,c0336cba-4f5a-4c0d-8b71-8b1ab75bc47e,1,29,46,Germany Women's,Elisa Senß,Janina Minge,57.4,47.8,47.1,56.3,13.3544,-11.615996044806622,0.6987347594791136,0.09956659268889771,-0.5991681667902159,1.3461391108831213,0.36805326243805997,-0.9780858484450614,2.223996702199618,0.8910404248243836,-1.3329562773752346,3.253978167537381,8.429733280549424,0,0,2,0,3,0,0,0,1,0,0,1
3998849,af32fd9d-fc6b-4d7b-855d-6ec5367c0f6d,1,29,48,Germany Women's,Janina Minge,Rebecca Knaak,47.1,56.3,46.6,21.7,34.60361,-0.946810066596484,0.08267514111485812,0.009015637861605396,-0.07365950325325273,0.3274975499524443,0.08612056496466206,-0.24137698498778223,0.818057206959912,0.3748086467055319,-0.44324856025438014,8.92044002313025,14.637662108426452,0,0,0,0,0,0,0,0,1,0,0,1
3998849,3bebcbfd-961a-484e-91a6-e2c7cd735156,1,29,54,Germany Women's,Rebecca Knaak,Janina Minge,57.9,14.4,41.4,40,30.45669,-11.430289564417507,0.1982691581747081,0.06842291864818684,-0.12984623952652127,0.468201919835291,0.21219806055270635,-0.2560038592825847,0.9790373192051324,0.46714720502421675,-0.5118901141809156,4.990536242199633,8.06157104588948,0,0,1,0,1,0,0,0,1,0,0,1
3998849,c170f713-71ee-44b9-906a-63b86aa48345,1,29,56,Germany Women's,Janina Minge,Ann-Katrin Berger,40.9,40,24.6,32.2,18.07014,-16.6183368012629,0.07775008845591086,0.0015326815143025339,-0.07621740694160832,0.22835654166385264,0.023975744423816902,-0.20438079724003574,0.48544848690294945,0.13035327769731947,-0.35509520920563,7.676979621316762,19.568554322357038,0,0,0,0,1,0,0,0,1,0,0,1
3998849,99a96231-8adb-444e-a0ac-a257d1a1afcc,1,29,59,Germany Women's,Ann-Katrin Berger,Janina Minge,24.6,32.2,34.1,55.1,24.792337,8.501251319116676,0.0013488905124686118,0.007163180289863476,0.005814289777394864,0.024896891566942733,0.0710412277752908,0.04614433620834807,0.14343161377749009,0.3043637115247122,0.1609320977472221,20.268615566362072,15.272882797939378,0,0,0,0,0,0,0,0,1,0,0,1
3998849,be25ed90-a7b0-4483-8742-cf71662cd4f0,1,30,4,Germany Women's,Janina Minge,Jule Brand,55.8,66.9,76.8,65.7,21.034258,19.341240717886876,0.20554110178055987,0.23289392644415835,0.02735282466359848,0.5056258833137947,0.7086349358996236,0.2030090525858289,0.9928984564421872,1.5223701149059468,0.5294716584637595,5.111291148353181,6.155158071428167,0,0,0,0,1,2,0,0,1,0,0,1
3998849,f0a72fc2-b32c-43a4-abd7-b8bd43a401df,1,30,8,Germany Women's,Jule Brand,Elisa Senß,79,58,73.8,47.7,11.5381975,-2.0600451288200716,0.4169456485457171,0.11288694028802074,-0.3040587082576963,0.8922616554672584,0.4901267310573306,-0.4021349244099278,1.689769489166661,1.2880439869688955,-0.4017255021977655,3.2028153201849032,8.460626803683112,0,0,1,0,1,0,0,0,0,0,0,0
3998849,48c2b000-c59b-4181-b785-aed7c77dc2d7,1,30,10,Germany Women's,Elisa Senß,Klara Bühl,75.9,39.3,93.2,4,39.31132,-0.7747299984194598,0.45649477960285234,0.043075253298910175,-0.4134195263039422,0.97469856929818,0.18274860551432948,-0.7919499637838505,1.8269145265554776,0.5083494553184403,-1.3185650712370371,3.2795294105075032,9.585188150205429,0,0,1,0,2,0,0,0,1,0,0,1
3998849,677dcded-5570-403f-8c21-75bb63f21361,1,30,19,Germany Women's,Klara Bühl,Sarai Linder,110.5,12.3,90.6,12,19.902262,-11.316216091495285,0.6275989561272609,0.030170644002399917,-0.597428312124861,0.9582781927551156,0.2060481516991714,-0.7522300410559442,1.5274656143012708,0.7384828281355368,-0.788982786165734,1.6481123160009679,11.488368029003167,1,0,1,0,1,0,0,0,1,0,0,1
3998849,5905f051-8d07-429f-b285-7ba165104314,1,30,25,Germany Women's,Sarai Linder,Rebecca Knaak,96.5,2.3,76.8,12,21.958597,-7.055938971869416,0.28096326446651965,0.003125119187696778,-0.2778381452788229,0.6145506209524263,0.04889762221645834,-0.565652998735968,1.0653222052888214,0.2791593950089224,-0.786162810279899,4.867514583688752,17.901328996375845,0,0,1,0,2,0,0,0,1,0,0,1
3998849,d68ff64e-beaf-4230-9024-e38aab4f1203,1,30,28,Germany Women's,Rebecca Knaak,Sarai Linder,76.8,12,88,3.5,14.060227,2.9392621408587516,0.007607378140375031,0.05825411404634998,0.05064673590597495,0.08613876893026226,0.2534446801745755,0.16730591124431324,0.4037046526696647,0.6795694504910524,0.27586479782138773,15.398458747572736,9.503965918470756,0,0,0,0,0,0,0,0,0,0,0,0
3998849,cede26a9-f926-4b90-b4bc-0bfe66a971c9,1,30,30,Germany Women's,Sarai Linder,Linda Dallmann,88.2,3.5,100,13.9,15.728954,15.527848624111364,0.36898575158338487,0.5385388734034443,0.16955312182005944,0.7189505721503957,1.0179183507960643,0.2989677786456686,1.225528394376066,1.77358503661483,0.548056642238764,3.5370905296453397,2.5743962203603235,0,1,1,1,1,2,0,0,0,0,0,0
3998849,b86f2fb2-f65f-4677-a92b-898158c297cb,1,30,32,Germany Women's,Linda Dallmann,Klara Bühl,99.5,13.3,97.6,3,10.473777,-9.590138265865633,0.7289286234926049,0.2681130903871079,-0.460815533105497,1.305823957034768,0.6592499909401758,-0.6465739660945923,2.0080871209997495,1.223024887358065,-0.7850622336416846,2.967429184788129,5.155565604684145,1,0,2,0,3,2,0,0,0,0,0,0
3998849,80668103-e091-491e-a907-bdf9c30b5e2c,1,31,16,Germany Women's,Ann-Katrin Berger,Rebecca Knaak,12.5,47.3,19.6,28.1,20.47071,6.644805881572282,0.00813545554701257,0.007726600872225681,-0.0004088546747868897,0.05841392883951394,0.06141244900948776,0.0029985201699738173,0.19013377486032496,0.21647044540886995,0.026336670548544994,14.456525597919756,14.731239976640046,0,0,0,0,0,0,0,0,1,0,0,1
3998849,9a1c9c1e-865e-48df-bb23-be4b7981238f,1,31,20,Germany Women's,Rebecca Knaak,Elisa Senß,19.8,27.4,35.2,37.9,18.638937,16.16310995048042,0.01156947832005069,0.2950642697344776,0.2834947914144269,0.0784384532143165,0.6462149783074309,0.5677765250931144,0.2524482576077569,1.1059775698379897,0.8535293122302328,13.527155484331727,4.280536074239747,0,0,0,1,0,1,0,0,1,0,0,1
3998849,6696e9e7-7668-48ed-b9fe-f9a87ebf71f8,1,31,23,Germany Women's,Elisa Senß,Janina Minge,36.6,42.5,32.1,59.1,17.199127,-6.513747386399814,0.30062708752077144,0.009898225841002087,-0.29072886167976936,0.7019612535873676,0.09634799645818777,-0.6056132571291798,1.260919072167377,0.38664580291294687,-0.8742732692544302,5.052311471319854,14.704206658260924,0,0,0,0,2,0,0,0,1,0,0,1
3998849,8020cec9-a0ca-4f98-954f-be87869e317c,1,31,27,Germany Women's,Janina Minge,Rebecca Knaak,38.1,62.2,40.4,23.7,38.56864,3.603696139877414,0.01722859400084984,0.009141008947156793,-0.008087585053693048,0.13156588847735445,0.0857029704214917,-0.04586291805586275,0.4874804134448771,0.3907720677141693,-0.0967083457307078,12.830528818998834,14.453542224061168,0,0,0,0,0,0,0,0,1,0,0,1
3998849,19179c08-852e-49f2-b2f9-73a38a71c32c,1,31,31,Germany Women's,Rebecca Knaak,Linda Dallmann,44.9,20.3,58.2,11.4,16.003124,9.54385011430847,0.020859882280498426,0.2501592800206771,0.22929939774017868,0.13483798322568974,0.6111326756803982,0.47629469245470846,0.4944458468884753,1.2451312847777927,0.7506854378893173,11.952940725303424,4.690169867035313,0,0,0,1,0,1,0,0,1,0,0,1
3998849,cc1dc4af-8a1e-4e52-8e55-36ecf127f355,1,31,33,Germany Women's,Linda Dallmann,Rebecca Knaak,58.4,11.3,43.5,11.4,14.900335,-13.71364617068565,0.17671201118295934,0.05090544575293053,-0.12580656543002883,0.4898911611368661,0.20855099080309106,-0.281340170333775,1.0553511125418604,0.552488823687383,-0.5028622888544775,5.789377772461419,9.233350699475842,0,0,0,0,1,0,0,0,1,0,0,1
3998849,59101a28-4263-43c6-96fe-18d963b3280b,1,31,36,Germany Women's,Rebecca Knaak,Ann-Katrin Berger,43.5,11.4,31.2,30,22.299103,-7.68993555111139,0.10976747604287275,0.002079484595254768,-0.10768799144761798,0.30318111476165993,0.03382544656272959,-0.26935566819893036,0.6537552583510757,0.16969583518232095,-0.4840594231687548,6.698953824647768,20.185041324067402,0,0,0,0,1,0,0,0,1,0,0,1
3998849,8eb4db2a-4902-417a-8f43-c90989873168,1,31,40,Germany Women's,Ann-Katrin Berger,Janina Minge,34.1,34.5,41.2,58,24.549135,5.246199229618213,0.0052086851691660555,0.053275279686305896,0.04806659451713984,0.05503266293662086,0.20073179038866867,0.14569912745204783,0.20998042975206424,0.5178652607994759,0.3078848310474117,16.79863588294192,8.884463257820753,0,0,0,0,0,0,0,0,1,0,0,1
3998849,bc7e552a-8dc8-419b-9da0-7bf4081ba504,1,31,49,Germany Women's,Ann-Katrin Berger,Elisa Senß,32.9,38.8,53,43.5,20.642189,20.01691034029713,0.0009441492901428032,0.3717892095557708,0.370845060265628,0.02439444273726992,0.8245006187648706,0.8001061760276007,0.16443768715596063,1.453054176710603,1.2886164895546424,22.563255767670707,3.796352234587775,0,0,0,1,0,1,0,0,1,0,0,1
3998849,29ac0909-66b0-4380-b832-ce91cc04604c,1,31,51,Germany Women's,Elisa Senß,Janina Minge,50.8,47.7,43,71.2,24.760654,-13.453846339127864,0.6935743828867575,0.005582461579625457,-0.687991921307132,1.1200664768557111,0.06736562085438419,-1.052700856001327,1.6833043279249933,0.2956121763303867,-1.3876921515946066,1.6926941111498184,17.238555276744496,1,0,1,0,2,0,1,0,1,0,0,1
3998849,4281afdb-6dbd-448e-9aad-3b6de3c14a80,1,31,55,Germany Women's,Janina Minge,Carlotta Wamser,49,69.1,63.4,73.6,15.086749,10.910185448287436,0.02229618187962816,0.016708948210645592,-0.005587233668982568,0.13568272814893823,0.12338953920900174,-0.012293188939936486,0.4413215526412328,0.4265026459389759,-0.014818906702256884,11.77119007458653,13.57476250800114,0,0,0,0,0,0,0,0,1,0,0,1
3998849,197ff1cd-873b-4bce-926a-3097aaa10dfc,1,31,58,Germany Women's,Carlotta Wamser,Lea Schüller,69.3,71.2,89.4,62.6,21.862526,21.489885857388558,0.1974831223988628,0.8539978303027222,0.6565147079038595,0.4729555514296468,1.2330407584888632,0.7600852070592163,0.9205327897776,1.965788922404244,1.045256132626644,5.145761861696607,0.7284181872325806,0,1,0,1,1,1,0,1,0,0,0,0
3998849,957e8273-80f7-4f80-a206-4f17d8e1d61b,1,31,59,Germany Women's,Lea Schüller,Sjoeke Nüsken,90.6,62.7,89.1,66.4,3.992493,-3.498333275647852,1.0233304065580522,0.9054657521991272,-0.11786465435892501,1.4421810688120036,1.579956449878679,0.1377753810666753,2.1987381496900382,2.4356298217986287,0.23689167210859052,0.34498367833138815,2.5969332420666063,1,1,1,2,2,3,0,0,0,0,0,0
3998849,1f767efa-57ba-4f25-aad8-54659e399fa0,1,32,26,Germany Women's,Carlotta Wamser,Janina Minge,52.2,66.9,60.1,72.6,9.741663,4.744860682659578,0.021005799295647682,0.049538809541707876,0.028533010246060194,0.12815099186139883,0.2458443337376872,0.11769334187628835,0.41414529780543974,0.6818915300117865,0.26774623220634675,11.953429669936114,10.206752479084965,0,0,0,0,0,0,0,0,1,0,0,1
3998849,ec6ed177-10ed-43a7-befe-8b7f70545371,1,32,31,Germany Women's,Janina Minge,Rebecca Knaak,56,62.9,53.2,37.3,25.75267,1.1190542153555043,0.1300222316887751,0.025567665745353928,-0.10445456594342117,0.48741831707813527,0.15276283767830875,-0.33465547939982654,1.1742344622574163,0.5437116367020786,-0.6305228255553378,7.253360096532855,11.286243472759669,0,0,0,0,1,0,0,0,1,0,0,1
3998849,adc746e4-2172-4e14-bad2-e6e60c34db44,1,32,34,Germany Women's,Rebecca Knaak,Sarai Linder,54.2,26.2,64.8,8.8,20.374495,3.824285111981233,0.05299444467604443,0.06226063167148647,0.009266186995442037,0.23489361438100445,0.2545856050802492,0.019691990699244738,0.6947244293238115,0.7046027217401688,0.009878292416357293,9.140526276741012,8.609999916608452,0,0,0,0,0,0,0,0,1,0,0,1
3998849,12dddd9b-cc6d-4b16-9f39-f9ed7839e27c,1,32,37,Germany Women's,Sarai Linder,Rebecca Knaak,64.8,8.8,51.6,17.5,15.809175,-8.598369674900646,0.21740157105157404,0.036687602585493306,-0.18071396846608073,0.5130113234569095,0.20785979353117862,-0.30515152992573086,1.0218894658109106,0.6308803709337443,-0.3910090948771663,4.859584219341235,11.15361391353116,0,0,1,0,1,0,0,0,1,0,0,1
3998849,3acc2a1d-d849-460b-9496-fc0ab7787b74,1,32,41,Germany Women's,Rebecca Knaak,Klara Bühl,55.3,23.4,72.1,5.2,24.768528,7.588742865375892,0.1095674528673656,0.12195229911070461,0.012384846243339007,0.3591152336699611,0.3742452698187559,0.015130036148794768,0.8573643489558618,0.8845944024338761,0.027230053478014327,6.9757446090861155,6.533530608392086,0,0,0,0,1,1,0,0,1,0,0,1
3998849,5ccab637-d536-465c-be55-5f262a333f8d,1,32,48,Germany Women's,Sarai Linder,Rebecca Knaak,83,7.5,64.8,8.1,18.209887,-14.50778036764715,0.5068302756762463,0.011390596320722705,-0.4954396793555236,0.8988838465754682,0.10021270484305889,-0.7986711417324093,1.5121401789040776,0.40213647806768105,-1.1100037008363965,2.3949524402499605,14.311714422898667,1,0,1,0,1,0,0,0,1,0,0,1
3998849,7889982d-3ab7-4ce6-8a10-abd0d0890185,1,32,51,Germany Women's,Rebecca Knaak,Klara Bühl,70.9,4.7,82.1,2.4,11.4337225,7.085324279583823,0.015515425235929092,0.10980915713738411,0.09429373190145501,0.11937044119319999,0.36132032383877194,0.24194988264557193,0.4577224585313726,0.8581711466687808,0.4004486881374082,13.030503367219408,7.012639068572933,0,0,0,0,0,1,0,0,1,0,0,1
3998849,5c4bf06b-df43-4edf-9a13-d200e35cb2d4,1,35,0,Germany Women's,Klara Bühl,Rebecca Knaak,73.5,2.4,56,5.7,17.808426,-12.812164459687693,0.909964995093522,0.016787217566845144,-0.8931777775266769,1.3663562432539418,0.11989067122814516,-1.2464655720257967,1.9739857756613883,0.42817358418585694,-1.5458121914755314,1.7746836545425886,12.827823690024832,1,0,2,0,2,0,1,0,1,0,0,1
3998849,0f8d8186-c2b2-4433-9bc0-0ba5c0aec4c5,1,35,3,Germany Women's,Rebecca Knaak,Janina Minge,56.1,13.3,53.9,34.3,21.114923,2.908571955934221,0.035108263540739135,0.0018572946705349219,-0.03325096887020421,0.17540188819492913,0.03926137283413986,-0.13614051536078928,0.5295926564788582,0.23806627876726225,-0.29152637771159595,10.309531209442511,20.479116312864914,0,0,0,0,0,0,0,0,1,0,0,1
3998849,beffa88c-fbbc-4842-ab0b-0a15aa70f754,1,35,9,Germany Women's,Janina Minge,Carlotta Wamser,68.8,51.8,76.8,68.8,18.788294,0.6222351703925639,0.06813914628599654,0.17311367982174936,0.10497453353575281,0.34498329768353914,0.40548832084398995,0.06050502316045081,0.9875163623513353,0.8271980785375233,-0.16031828381381208,9.600830867938772,5.334673290235497,0,0,0,0,0,1,0,0,0,0,0,0
3998849,ebe9f8ce-7b3f-4698-aa3b-0fbea5840502,1,35,15,Denmark Women's,Katrine Veje,Emma Snerle,24.1,19.8,29.5,23.1,6.328507,5.939902680780392,0.818756466623633,0.4244098011646309,-0.3943466654590021,1.1085305323377204,0.9720630834609986,-0.1364674488767218,1.5767102359147158,1.650538597946806,0.07382836203209009,0.7849146174518101,4.37323955015734,1,0,1,1,1,2,1,0,1,0,0,1
3998849,34b2ed18-003b-4d1d-98a3-3f5d0e7dff6e,1,35,15,Denmark Women's,Emma Snerle,Karen Holmgaard,29.5,23.1,17.5,25.2,12.182364,-11.498542051806737,0.4244098011646309,0.0856379947406417,-0.3387718064239892,0.9720630834609986,0.36691151970615166,-0.6051515637548469,1.650538597946806,0.9317511951906526,-0.7187874027561533,4.37323955015734,8.902627097519755,0,0,1,0,2,0,0,0,1,0,0,1
3998849,1c44d387-b62a-42bc-86d0-ed1c727c578d,1,35,32,Germany Women's,Janina Minge,Rebecca Knaak,70.7,56.7,63.4,37.8,20.2608,-4.591034983386365,0.0655402119004492,0.02415127693599442,-0.04138893496445478,0.3259846464954293,0.14528758698945213,-0.18069705950597717,0.9014895305236794,0.5231312919116061,-0.3783582386120733,9.703358239748683,11.403536130849272,0,0,0,0,0,0,0,0,1,0,0,1
3998849,6a9179d6-85c9-4e09-a54e-fc9a2efea562,1,35,34,Germany Women's,Rebecca Knaak,Janina Minge,63.4,37.8,65.7,53,15.373029,0.8082524964586355,0.029080288961913763,0.07042219305202098,0.04134190409010721,0.16150212532858127,0.2847335622021821,0.12323143687360083,0.5549087135787761,0.7364706654903576,0.18156195191158142,10.845406443931124,8.526914693519558,0,0,0,0,0,0,0,0,1,0,0,1
3998849,0b98e3af-23ec-4b8f-9770-d6cd4f8df6f4,1,35,37,Germany Women's,Janina Minge,Elisa Senß,65.7,52.8,70.7,46.1,8.3600235,6.112310498391366,0.23639431880562412,0.5184290803760628,0.2820347615704387,0.543696480385434,1.0605222747210794,0.5168257943356455,1.04773040265748,1.7806383407898159,0.7329079381323358,4.619591872786681,4.242666033626978,0,0,1,2,1,2,0,0,0,0,0,0
3998849,47fb5d0e-de05-435a-8f0b-2d68a0f149ab,1,35,39,Germany Women's,Elisa Senß,Lea Schüller,78,46.3,90.8,45.1,12.856127,12.827840704375006,1.3125526833856624,0.9239349726860849,-0.3886177106995775,2.000945284397911,1.7257326639093966,-0.2752126204885146,2.8279044015608488,2.8127598344600244,-0.015144567100824347,0.7872485034151798,1.7524534095516766,1,1,2,1,4,3,0,0,0,0,0,0
3998849,3f61b155-f1ca-4ac8-a76d-dd84d7b6f3cc,1,35,40,Germany Women's,Lea Schüller,Linda Dallmann,88.5,44.2,88.4,52.2,8.000625,-2.094526819055332,0.9239353282534858,0.6131184306504721,-0.3108168976030137,1.7257327185247096,1.512509134592368,-0.21322358393234153,2.8127597568687683,2.7302533458796994,-0.08250641098906897,1.7524497021884045,4.789563552616866,1,0,1,1,3,3,0,0,0,0,0,0
3998849,ab1db71e-bd8c-4f7a-8514-47d530720fbe,1,35,43,Denmark Women's,Emma Snerle,Karen Holmgaard,30.3,35,31.6,24.5,10.58017,0.09065201811321799,0.6057119201243287,0.2674924594414569,-0.33821946068287184,1.165354005650062,0.7702141217195712,-0.3951398839304908,1.8677671846387576,1.5863905746358715,-0.28137661000288605,3.522354016636367,5.169401582918635,0,0,2,0,2,1,0,0,1,0,0,1
3998849,912980d3-44f4-427d-b990-cbb20aa03a30,1,35,45,Denmark Women's,Karen Holmgaard,Pernille Mosegaard Harder,30.9,22.7,44,39.4,21.224985,14.761611255352634,0.5473522538068224,0.7806439895036887,0.23329173569686634,1.081883295764008,1.2471123730167506,0.1652290772527425,1.8810745425029278,2.0424105906838195,0.16133604818089164,2.603640377022284,1.1407469964473858,1,1,1,1,2,1,0,1,1,0,0,1
3998849,b6ada0dd-47ed-467f-bc6b-38fd3d648da3,1,35,48,Denmark Women's,Pernille Mosegaard Harder,Sara Holmgaard,45.2,25.5,64.3,4.2,28.60944,9.97969057446376,0.8853947558633606,0.38173099603342153,-0.503663759829939,1.49417287030866,0.811028163872912,-0.6831447064357481,2.383962307689267,1.4252926337791205,-0.9586696739101463,1.2309058960255788,4.649692347271922,1,0,1,1,2,2,0,0,0,0,0,0
3998849,dc7d4cba-4f91-478a-a2d1-81f82748b543,1,35,55,Germany Women's,Carlotta Wamser,Sjoeke Nüsken,42.8,51.3,43.7,37.1,14.228493,1.6675334105290744,0.5929182684544005,0.10746777084356314,-0.4854504976108374,1.0999569418836896,0.3699767180596535,-0.7299802238240362,1.7950089267321814,0.8933823716135035,-0.9016265551186778,2.514624030043028,7.168578804100808,1,0,1,0,2,1,0,0,1,0,0,1
3998849,58364775-b1c8-458b-b7a5-8fe493d1d235,1,36,7,Germany Women's,Sarai Linder,Rebecca Knaak,51.1,19.9,46.4,31.5,12.515989,-2.317202880604853,0.05273392837055704,0.01510869036785437,-0.03762523800270268,0.25256054266906985,0.11630944506430424,-0.13625109760476561,0.7268401901813532,0.4407295243005432,-0.28611066588080997,9.590428869989426,13.147738481804664,0,0,0,0,0,0,0,0,1,0,0,1
3998849,5d811f7c-d61c-4da6-9805-72f25e488660,1,36,10,Germany Women's,Rebecca Knaak,Elisa Senß,52,35.5,63.1,40,11.977479,11.248734397639403,0.06460566646450269,0.4927813048640523,0.42817563839954964,0.2725270180240473,1.0666910056741838,0.7941639876501365,0.7436550531627336,1.8877849134138032,1.1441298602510694,8.668514927596988,3.7047087803097463,0,0,0,1,0,2,0,0,1,0,0,1
3998849,d8e12a68-316c-41bf-8cba-72164e9dc4ea,1,36,12,Germany Women's,Elisa Senß,Rebecca Knaak,63.1,40,50.3,31.4,15.420765,-13.328555445772928,0.4927813048640523,0.03010980687183775,-0.4626714979922146,1.0666910056741838,0.18185274852779465,-0.8848382571463892,1.8877849134138032,0.5862280827459013,-1.3015568306679017,3.7047087803097463,11.276252967993049,0,0,1,0,2,0,0,0,1,0,0,1
3998849,bb09bd1e-4773-42cd-8f5d-1f0803b52f5e,1,36,14,Germany Women's,Rebecca Knaak,Sjoeke Nüsken,53.7,34.3,63.2,15.6,20.974747,4.725480626757303,0.06648178265046924,0.037953514346230594,-0.028528268304238644,0.2675793416180981,0.22217510859237438,-0.04540423302572372,0.7177156569765407,0.7007617348657663,-0.0169539221107744,8.485150700695089,11.158759815375156,0,0,0,0,0,0,0,0,1,0,0,1
3998849,e1cb1893-b5c3-4365-9cdc-a3d482dd5108,1,36,23,Germany Women's,Elisa Senß,Linda Dallmann,67.4,27.6,84,31.4,17.029387,17.028864946626847,0.16637477643731532,0.38066773436045287,0.21429295792313754,0.590567317508141,1.0080069712442086,0.4174396537360676,1.3506369351616174,2.0296654175987734,0.679028482437156,7.387007678921905,4.348175709942663,0,0,0,1,1,2,0,0,1,0,0,1
3998849,0d744be7-5b63-40a2-b74d-745b65742150,1,36,29,Germany Women's,Linda Dallmann,Carlotta Wamser,89.6,40.5,90.3,52.3,11.8207445,-1.7421168305712378,0.6951558493687702,0.2579088770217072,-0.437246972347063,1.180199823201803,0.7226145337999783,-0.45758528940182464,1.9847571345891466,1.5800751263243626,-0.40468200826478395,1.677373883128203,4.821150335377285,1,0,1,1,2,1,0,0,1,0,0,1
3998849,c86283d8-edd7-4a9c-b091-5a6e837dcea9,1,36,34,Germany Women's,Carlotta Wamser,Sjoeke Nüsken,92.9,43.1,86.6,27.9,16.453875,-8.247487082710947,0.5653879237314507,0.11431018876541764,-0.4510777349660331,1.4299460328445632,0.5105257316367642,-0.919420301207799,2.635941221268607,1.336547804250665,-1.2993934170179418,4.674061861795235,8.714410999019197,0,0,1,0,3,0,0,0,1,0,0,1
3998849,24a3e63f-bac4-4238-81ec-1be0bb82e3e7,1,36,35,Germany Women's,Sjoeke Nüsken,Sarai Linder,86.6,27.9,94.3,10.7,18.844893,-3.4498768679562772,0.19180141547428892,0.09207562955319891,-0.09972578592109001,0.6320519354173614,0.3385863168968851,-0.29346561852047626,1.494670334431848,0.8678337287244403,-0.6268366057074076,5.916909968720199,7.68193276141041,0,0,0,0,1,1,0,0,0,0,0,0
3998849,857f00e0-0065-4ed9-baf7-3c3ba4069ec3,1,36,37,Germany Women's,Sarai Linder,Klara Bühl,94.3,10.7,111.1,5.4,17.616186,3.2477731306357427,0.26188258969450656,0.060006253769124385,-0.20187633592538218,0.6249590638216534,0.2515098790149204,-0.37344918480673306,1.2453616929217746,0.6837977493458925,-0.561563943575882,4.532529124853881,8.889318206477919,0,0,1,0,1,0,0,0,0,0,0,0
3998849,3625cd67-ec85-483c-aa5e-005bedc4e6f5,1,41,58,Denmark Women's,Pernille Mosegaard Harder,Amalie Jørgensen Vangsgaard,57,6.5,68.8,12.5,13.237824,13.235098316972639,1.0452437734352205,0.8135291290407536,-0.23171464439446687,1.540768792728627,1.4382072816448215,-0.10256151108380562,2.382538160225843,2.40305069530956,0.020512535083716976,0.45204045979215407,1.50431642702158,1,1,1,1,2,2,1,1,0,0,0,0
3998849,78d64f76-3704-4869-b206-26f73b1b24ea,1,42,21,Germany Women's,Linda Dallmann,Carlotta Wamser,57,68.4,54.4,76.1,8.127115,-5.771605822249768,1.05466418558948,0.6350750345270297,-0.4195891510624503,1.7845019141808323,1.2851011003960453,-0.49940081378478696,2.7174762533293575,2.160301412206562,-0.5571748411227957,1.1825647989826364,3.7934879993973714,1,0,1,2,3,3,0,0,1,0,0,1
3998849,1784ef10-e2bf-4581-b49d-7158ea5c3548,1,42,21,Germany Women's,Carlotta Wamser,Janina Minge,54.8,75.9,39.2,69.8,16.750223,-11.689980015075733,0.6350756460738886,0.07274760435641923,-0.5623280417174693,1.2851018651596808,0.3241823325572024,-0.9609195326024784,2.160302240406458,0.8482349876482502,-1.3120672527582078,3.7934847819753688,8.835155738083543,0,0,2,0,3,0,0,0,1,0,0,1
3998849,42fcc499-a223-4381-93b0-5e7e20cd80ff,1,42,35,Germany Women's,Klara Bühl,Elisa Senß,91.7,17.5,89.2,28.2,10.988175,3.171365220327587,0.9790121381890129,0.37755472417357994,-0.601457414015433,1.7494086637344042,1.1070843788320248,-0.6423242849023794,2.7381229874018223,2.2424750003805545,-0.4956479870212678,2.4164933347513604,5.968736363267158,1,0,2,0,3,3,0,0,1,0,1,1
3998849,ae0df2ad-c1e4-4cb3-b93f-1ecdea678d1a,1,42,38,Germany Women's,Elisa Senß,Carlotta Wamser,88.7,36.9,90.1,51.5,14.666969,-0.5821532896382138,0.40686964025211303,0.196286907479938,-0.21058273277217504,0.9521110863764691,0.5865825396924786,-0.3655285466839905,1.9103211361584593,1.3780943705485111,-0.5322267656099482,3.3295920883222783,5.3777764794674985,0,0,1,0,1,1,0,0,1,0,1,1
3998849,07c6fba2-3f00-4471-99a9-7db7f6cc90ab,1,42,39,Germany Women's,Carlotta Wamser,Elisa Senß,90.1,51.5,89.2,40.4,11.136427,1.2326957444379474,0.21037049841801947,0.3558143977867417,0.1454438993687222,0.6020685885369064,1.0111079102456537,0.40903932170874735,1.3946091916617922,2.103971102853923,0.709361911192131,5.10054720728733,5.599081247393887,0,0,0,0,1,2,0,0,1,0,1,1
3998849,ee3e752a-3e52-4624-9370-5a87253ace31,1,42,41,Germany Women's,Elisa Senß,Carlotta Wamser,89.2,40.4,89.2,56.1,15.7,-3.9515391513724154,0.3558143977867417,0.1496597329365156,-0.20615466485022607,1.0111079102456537,0.6027631298121803,-0.40834478043347344,2.103971102853923,1.541367204753275,-0.5626038981006483,5.599081247393887,7.155256331612874,0,0,0,0,2,1,0,0,1,1,1,1
3998849,48758053-5003-4877-9749-f8e1fdf533a4,1,42,54,Germany Women's,Rebecca Knaak,Janina Minge,83,23.2,75.9,38.6,16.95789,-3.4867641246148366,0.24139311757240162,0.07855525780489958,-0.16283785976750204,0.6732966976948352,0.3032808149704349,-0.37001588272440034,1.4370918379695108,0.8344001643206376,-0.6026916736488732,5.70266268716343,7.929235148734822,0,0,0,0,2,1,0,0,1,0,0,1
3998849,61b46f2e-30df-44b8-b509-cc9d00c9dd47,1,42,57,Germany Women's,Janina Minge,Sarai Linder,75.9,38.6,87.3,6.6,33.969986,-2.6201624318868255,0.22492211584669108,0.021325628163522074,-0.20359648768316901,0.5504194445060381,0.16198233019249764,-0.38843711431354044,1.1393644234956912,0.5932311190576407,-0.5461333044380505,4.865980245425356,12.711648724357138,0,0,1,0,1,0,0,0,0,0,0,0
3998849,d48c4b21-ecd7-4d89-9cd1-370f30fc5271,1,43,35,Denmark Women's,Pernille Mosegaard Harder,Amalie Jørgensen Vangsgaard,73,27.8,84.9,27.9,11.90042,11.430515602236063,1.5829342255280638,0.7446818630131634,-0.8382523625149004,2.323187421039329,1.4177495386890284,-0.9054378823503006,3.322885242150999,2.322556244298867,-1.0003289978521321,0.5108730713083642,2.2247089112323093,2,1,2,1,4,2,1,0,0,1,1,1
3998849,c1ba8d65-e0ec-4834-b0dc-b41bb708b91d,1,43,36,Denmark Women's,Amalie Jørgensen Vangsgaard,Sara Holmgaard,84.9,27.9,105.1,21.9,21.072256,13.683103294323374,0.7446818630131634,0.8359821695993422,0.09130030658617883,1.4177495386890284,1.1862652996436487,-0.23148423904537974,2.322556244298867,1.7306141334455454,-0.5919421108533216,2.2247089112323093,0.926886639490323,1,1,1,1,2,2,0,0,0,1,1,1
3998849,a8c4a760-1f58-43d7-ab01-d1d44732fc06,1,44,41,Germany Women's,Jule Brand,Klara Bühl,87.2,42.8,91.1,24.4,18.808775,0.07770576719256894,0.2380552663824554,0.06897986946476808,-0.1690753969176873,0.8600915404308207,0.4070015860396426,-0.4530899543911781,1.9171393654347637,1.203607101885533,-0.7135322635492307,6.789932600875882,10.873393245763802,0,0,0,0,1,0,0,0,1,1,1,1
3998849,8065d810-98f4-42c6-a586-324c074f1821,1,45,10,Germany Women's,Sarai Linder,Rebecca Knaak,70.9,5,61.7,16.8,14.96262,-2.448875459630777,0.04406449527606233,0.03216676740497112,-0.01189772787109121,0.24004128311515807,0.19613061087065425,-0.04391067224450382,0.7300493852380406,0.6464987046759951,-0.08355068056204551,11.207819466738835,11.158724862422995,0,0,0,0,0,0,0,0,1,0,0,1
3998849,27487177-777f-495c-bff7-a20dd76b781d,1,45,12,Germany Women's,Rebecca Knaak,Janina Minge,62.4,24.8,57.5,55.6,31.187338,-4.8456611638353735,0.07075726423547517,0.00518971238468527,-0.0655675518507899,0.3143920108345083,0.07693030590154333,-0.23746170493296498,0.8595395436713983,0.39854589249968475,-0.46099365117171354,8.887950499621988,17.812394284990244,0,0,0,0,0,0,0,0,1,0,0,1
3998849,fb8aae45-94a2-4308-b495-f7049d919305,1,45,16,Germany Women's,Janina Minge,Sjoeke Nüsken,65.5,60.6,87.5,59.6,22.022715,20.310547985720042,0.019232727862547937,0.41270431886732084,0.3934715910047729,0.16502411027121305,0.9820589680475085,0.8170348577762954,0.6330633246832689,1.8398805546786967,1.2068172299954278,13.842789926011504,4.397770004327827,0,0,0,1,0,2,0,0,1,0,0,1
3998849,99e1dc16-ac39-42bb-87b3-9d6fcb02091e,1,45,19,Germany Women's,Sjoeke Nüsken,Carlotta Wamser,89.6,69,84,75,8.207314,-8.19575358825027,0.27252082820616386,0.14481889127491435,-0.1277019369312495,0.713363349357019,0.46519525671767076,-0.2481680926393482,1.4478287432883987,1.0429626122225548,-0.4048661310658439,5.012468266541575,6.661672148042078,0,0,0,0,1,1,0,0,1,0,0,1
3998849,579fb1d6-1786-4f2e-b6e5-e2985f2e11bd,1,45,21,Germany Women's,Carlotta Wamser,Janina Minge,82.1,75.9,73.6,75.2,8.528775,-6.03723939439319,0.5195449101183528,0.157376815702876,-0.3621680944154768,0.9139654496723376,0.45563001622638544,-0.4583354334459522,1.5106704589324662,0.9898208334356662,-0.5208496254968,2.3967016587312013,6.0930145961350215,1,0,1,0,1,1,1,0,1,0,0,1
3998849,fc0083c0-3ead-43b0-bc49-23fd032f4ca3,1,45,23,Germany Women's,Janina Minge,Rebecca Knaak,73.6,74.7,63.1,44.9,31.595728,0.8294607657969806,0.3087830906240419,0.006306347195994477,-0.3024767434280474,0.6327883684606609,0.07688089347356226,-0.5559074749870986,1.1640273820310807,0.39138567966443805,-0.7726417023666426,3.7905470582555134,15.870843964169453,0,0,1,0,1,0,0,0,1,0,0,1
3998849,47085f05-fa7d-49ae-b7f4-b0ff4d1cc5a9,1,45,27,Germany Women's,Rebecca Knaak,Klara Bühl,66.5,35.5,84.9,12.8,29.220713,9.283401107012615,0.01452638630139796,0.07181688954795043,0.05729050324655247,0.12971207689139294,0.3127030777424237,0.18299100085103073,0.5358760929136722,0.8565279882536538,0.3206518953399816,13.657437683560808,8.660958733120832,0,0,0,0,0,0,0,0,1,0,1,1
3998849,8ae5fdb5-28af-4576-8ee0-659721bca9b5,1,45,41,Germany Women's,Klara Bühl,Sarai Linder,104.3,30.5,113.3,17.9,15.484185,-4.742812235430122,1.7569006530404454,0.12511447657019464,-1.6317861764702508,3.1682310820074537,0.48289299338311964,-2.6853380886243343,4.66427017280694,1.2708954112743458,-3.393374761532594,1.3810849419487103,7.084599106770378,1,0,3,0,8,1,1,0,0,0,0,0
3998849,72ab736f-aa50-4969-a8e2-6424898c09d9,1,46,29,Germany Women's,Sjoeke Nüsken,Klara Bühl,117.5,49.7,112.1,71.6,22.555931,-22.555548867866587,2.211059178404391,0.10318064075780613,-2.107878537646585,3.6113410514940476,0.3318416537994996,-3.279499397694548,5.13446866949649,0.8473920063069509,-4.28707666318954,0.8627959145253111,7.0317955480899945,2,0,3,0,6,1,1,0,0,0,0,0
3998849,520a7fb9-8008-4891-90c6-e92624f443d2,1,47,6,Germany Women's,Linda Dallmann,Sarai Linder,100.5,17.9,84.6,26,17.844326,-8.594795664323748,0.32716918590571015,0.026235956626398212,-0.30093322927931193,0.6565187463075253,0.15807902121028458,-0.49843972509724066,1.3073927690834775,0.5573733475508519,-0.7500194215326256,3.5050684801517993,11.218588488836488,0,0,1,0,1,0,0,0,0,1,1,1
3998849,9c2a7aa1-2bb3-4f77-a617-896874c49ad9,1,47,40,Denmark Women's,Karen Holmgaard,Amalie Jørgensen Vangsgaard,61.2,16.7,70.4,16.5,9.202173,8.362735912038218,1.9328280732540546,1.5276957380534175,-0.4051323352006371,2.6050544019417963,2.308463383375773,-0.2965910185660232,3.554928102928181,3.3019663377230715,-0.2529617652051095,0.4629130735574827,0.8173071068962768,3,2,3,2,3,3,0,1,0,0,0,0
3998849,09397d80-590b-4551-ba25-1661129fafa5,1,47,42,Denmark Women's,Amalie Jørgensen Vangsgaard,Pernille Mosegaard Harder,70.4,14.6,67.2,9.2,6.276942,-5.401355394391437,1.4221316451852781,1.4666927188574639,0.04456107367218576,2.342034721785113,2.3126048400555614,-0.02942988172955152,3.4485732051460616,3.354635967768298,-0.0939372373777636,0.8783948206670106,2.1037139950060086,1,3,2,3,4,3,0,0,0,0,0,0
3998849,9e16df66-5e05-4255-acf1-ade82f34cada,1,48,35,Germany Women's,Janina Minge,Sarai Linder,50.1,64.3,54.9,33.1,31.567072,8.53873135346484,0.026526175911892852,0.008164013982935243,-0.018362161928957607,0.1689701690575983,0.09334655391570652,-0.07562361514189177,0.5040735653695999,0.42691014488997914,-0.07716342047962077,12.821882047239333,15.55998113330779,0,0,0,0,0,0,0,0,1,0,0,1
3998849,f2021b21-445e-4f23-a5b3-2d1fd1a03196,1,48,41,Germany Women's,Sarai Linder,Jule Brand,67.9,14.6,71.7,7.5,8.05295,-0.2545229719842368,0.03751993140162757,0.40502644695024514,0.3675065155486176,0.253670032949597,0.6618448834745743,0.40817485052497726,0.8300673440191859,1.1054744306519726,0.2754070866327867,11.63794746399392,2.760502719003829,0,1,0,1,0,1,0,1,1,0,0,1
3998849,bc6a1434-88ec-432d-baed-b8934714a34a,1,48,42,Germany Women's,Jule Brand,Rebecca Knaak,69.7,9.2,57.2,23,18.619614,-6.079520166548029,0.5405826975521608,0.02251848217027649,-0.5180642153818843,0.7905036780277946,0.15176428256404426,-0.6387393954637504,1.2378877304290619,0.5482259119419395,-0.6896618184871224,1.9001176756277802,11.862196733392404,1,0,1,0,1,0,0,0,1,0,0,1
3998849,101aede0-cd7a-4a9e-8072-dacb2c019dbb,1,48,45,Germany Women's,Rebecca Knaak,Klara Bühl,62.6,27.9,95.3,72.6,55.383934,17.760997519093678,0.14579013893827605,0.270365479567837,0.12457534062956097,0.42666216237934856,0.48864710809709044,0.06198494571774188,0.9811997853266049,0.8141009634925997,-0.16709882183400515,6.0726889337819605,3.944378781089471,0,0,0,1,1,1,0,0,0,0,0,0
3998849,44a6b194-cd64-4a17-866e-e1c7b4024474,1,49,7,Germany Women's,Elisa Senß,Carlotta Wamser,97.6,68.1,105,73.6,9.220087,-0.8605585472806894,0.4639157332390518,0.3291104806541491,-0.13480525258490267,1.018453835728473,0.8455581228728207,-0.1728957128556522,1.9452787537131957,1.6194708804053284,-0.3258078733078673,2.9292852028559015,5.481075784557288,1,0,1,0,1,2,0,0,0,0,0,0
3998849,4ff104ed-51fe-41cc-96d3-fa771bae9521,1,49,23,Germany Women's,Sjoeke Nüsken,Klara Bühl,92.4,72.1,104.7,70,12.477981,8.65777610501523,1.1398922323833864,0.8852033488212229,-0.25468888356216357,1.6618573578752809,1.3472073037804535,-0.3146500540948274,2.4133343343316356,2.122712483334451,-0.2906218509971845,0.9130812164474518,0.8373098942465625,1,1,2,1,2,2,1,1,0,0,0,0
3998849,6ba813f5-d563-4642-9191-3355b2a59493,1,49,42,Germany Women's,Janina Minge,Carlotta Wamser,82.8,71.9,90.6,72.1,7.8025637,5.475635741636459,0.19544149326015975,0.297552605128611,0.10211111186845123,0.47001475571007995,0.773507027193635,0.303492271483555,0.9738266183257325,1.4735161024705363,0.49968948414480385,5.057877709476258,5.831449949147653,0,0,0,0,1,2,0,0,0,0,0,0
3998849,4dc75f5a-cf21-4a33-87bd-518adb69e46b,1,49,45,Germany Women's,Carlotta Wamser,Klara Bühl,90.6,72.1,99.5,75.9,9.677293,2.188176980675472,0.5550181628817654,0.5918156904350869,0.03679752755332144,1.1223487665251595,1.1047929343179381,-0.017555832207221345,1.8812706484418547,1.798425953645849,-0.08284469479600576,2.9485713615395484,3.073452573336464,1,0,1,2,2,2,0,0,0,0,0,0
3998849,b8b5b03d-c4ed-4ae7-8c83-8613eb904a5c,1,49,45,Germany Women's,Klara Bühl,Carlotta Wamser,99.1,75.9,85.9,76.4,13.209466,-8.336967493191374,0.5918157051729298,0.26261031516379774,-0.32920539000913207,1.1047929186863201,0.7865399848342215,-0.31825293385209863,1.7984259176444883,1.570565658225585,-0.22786025941890342,3.073451848258502,6.243606906651632,0,0,2,0,2,1,0,0,0,0,0,0
3998849,de64a063-4302-482e-aba9-6ad17c41d29c,1,50,18,Germany Women's,Janina Minge,Rebecca Knaak,32.1,70.5,35.5,37.6,33.07522,8.507097711934875,0.003272584555033764,0.0027177483332687883,-0.0005548362217649757,0.04209633229845496,0.03963489928855758,-0.0024614330098973805,0.19874824259927695,0.19969691865264155,0.0009486760533645999,17.625226597834935,18.27360957223651,0,0,0,0,0,0,0,0,1,0,0,1
3998849,591e0e5a-0240-42cc-820a-46bc8a878538,1,50,23,Germany Women's,Sarai Linder,Rebecca Knaak,53.7,9.2,44.5,18.2,12.87012,-5.479361366276521,0.1545400760248163,0.00881027705830664,-0.14572979896650964,0.3564176544479818,0.1011687515275978,-0.255248902920384,0.6925472025628487,0.4457035495907707,-0.24684365297207805,5.635349500689227,15.777788091832933,0,0,0,0,1,0,0,0,1,0,0,1
3998849,721da287-77e2-42f1-8195-7679c0f53cdb,1,50,28,Germany Women's,Rebecca Knaak,Sjoeke Nüsken,48.5,31.2,55.8,26.3,8.792042,6.394015773886423,0.05083564531589398,0.21859935111696116,0.16776370580106717,0.24466010058818263,0.606038842201266,0.36137874161308337,0.7064534587184214,1.2265922954118327,0.5201388366934113,9.459016791028418,6.7228463624104275,0,0,0,0,0,2,0,0,0,0,0,0
3998849,0c87b0a5-53c6-4e3c-9ae9-4f94001dbd1c,1,50,30,Germany Women's,Sjoeke Nüsken,Sarai Linder,56.5,19.7,63.4,3.4,17.700283,-0.7367872415066046,0.3241084577844569,0.2818753488438715,-0.04223310894058541,0.682472598817976,0.5731492994532621,-0.10932329936471386,1.257895745612474,1.0353519468635524,-0.2225437987489216,3.865135746076661,4.03040888522573,0,0,1,1,1,1,0,0,0,0,0,0
3998849,01736d88-b623-4bf7-b110-bd2dd619fb65,1,50,34,Denmark Women's,Janni Thomsen,Frederikke Thøgersen,48.5,71.8,42.8,76.8,7.5822163,-7.269663146215365,0.8407621517652543,0.5830758494476678,-0.2576863023175865,1.2550398969780237,0.8805340779902144,-0.3745058189878092,1.8030125875733591,1.317243921602356,-0.4857686659710032,1.7252648014739818,1.8618431362926307,1,1,2,1,2,1,1,0,0,0,0,0
3998849,a3662d0c-d3cf-4e42-94d6-355d9c23f2ec,1,50,35,Denmark Women's,Frederikke Thøgersen,Karen Holmgaard,43.3,77.5,41.4,63.5,14.128341,3.338603341158617,0.5830755576922191,0.10215237492340468,-0.4809231827688144,0.8805337972172306,0.46260051824895254,-0.41793327896827803,1.3172436378329875,1.1918909138863654,-0.1253527239466221,1.8618445851020837,8.998043466254206,1,0,1,0,1,0,0,0,0,0,0,0
3998849,80f9fa32-b3e4-40f5-b428-b30914079f56,1,50,42,Germany Women's,Janina Minge,Klara Bühl,52.7,35.7,64.5,51.5,19.720041,10.758309829829344,0.09600333463866245,0.09583871965407481,-0.000164614984587641,0.4407616738349176,0.3574119179769641,-0.08334975585795351,1.0971733843053868,0.8893838362591977,-0.2077895480461891,9.92099046614385,7.692059943074951,0,0,0,0,0,1,0,0,1,0,0,1
3998849,87593e88-a405-4215-90c3-a3b9b61007ab,1,50,48,Germany Women's,Klara Bühl,Elisa Senß,77.8,53,77.6,37.4,15.601282,1.677350468170701,0.33989795923745414,0.5335354961704352,0.19363753693298102,0.8585480397290477,1.1782468430342468,0.31969880330519906,1.6916105884646269,2.1211911237725736,0.4295805353079467,4.544409568409758,4.081656902524691,0,0,1,2,2,2,0,0,1,0,0,1
3998849,0c1e76c8-47ef-4f11-8e97-578423f52195,1,50,50,Germany Women's,Elisa Senß,Sarai Linder,78.1,37.8,84.9,6.2,32.323364,-6.770611705282917,0.5005706863894192,0.12417062194048867,-0.3764000644489305,1.1066517450813478,0.33363833607196725,-0.7730134090093805,2.05564373087477,0.7445295975838798,-1.3111141332908902,3.215095980856113,6.336029742948953,0,0,1,0,2,1,0,0,1,0,0,1
3998849,28288e4a-2ee7-40fd-ac15-d74812d8f942,1,50,53,Germany Women's,Sarai Linder,Jule Brand,84.9,5.7,105.3,4.2,20.455072,10.375954148352477,0.2615052622225468,0.4074969249156717,0.1459916626931249,0.5100530610684066,0.758470840441549,0.24841777937314236,0.9370330182203668,1.283142099346429,0.3461090811260623,4.082855977694961,3.055778779342301,0,0,1,1,1,1,0,0,1,0,0,1
3998849,ff4e2bfe-4609-44f4-b65e-68759c8ab579,1,51,8,Germany Women's,Carlotta Wamser,Janina Minge,83.2,62.7,65.2,59.8,18.232115,-15.029253086874505,0.2677745060889244,0.29175932933941956,0.02398482325049517,0.5578647638717577,0.5752265843917159,0.01736182051995827,1.0561482039570356,0.9863430167224353,-0.06980518723460027,4.135307501147127,3.9417901593983524,0,0,1,1,1,1,0,0,1,0,0,1
3998849,39f34741-d183-42d4-b2b4-82e8f90f09f4,1,51,13,Germany Women's,Janina Minge,Elisa Senß,77.6,53.4,76.8,39,14.422205,1.2554939409336043,0.3384541262057357,0.10647149637686854,-0.23198262982886714,0.7580952791703689,0.503667379111008,-0.2544279000593609,1.4763891661328081,1.3450762093538369,-0.13131295677897126,3.7143645618346652,10.185579874127702,0,0,1,0,1,0,0,0,1,0,0,1
3998849,06619bf2-50d5-4946-8895-c7fc832b16c0,1,51,15,Germany Women's,Elisa Senß,Sarai Linder,76.8,39,84.2,5.4,34.40523,-6.575976120178517,0.17492427682351833,0.002057648633576151,-0.17286662818994217,0.6435164762823611,0.039339344973341114,-0.60417713130902,1.5329931947048714,0.24108807449970265,-1.2919051202051688,6.984477479757575,19.84518677704723,0,0,0,0,1,0,0,0,1,0,0,1
3998849,ddaba84f-4557-43bf-b3d9-b02490c70160,1,51,23,Germany Women's,Sarai Linder,Jule Brand,110.4,3.6,101.5,7.8,9.84124,0.5085533010786705,0.6444990920843267,0.2640208983168906,-0.3804781937674361,1.0085222254947046,0.5951358939466946,-0.41338633154800997,1.4893927064984225,1.1509306507023187,-0.3384620557961038,2.077871762362915,4.5272478107092065,1,0,1,1,2,1,0,0,1,0,0,1
3998849,eca7141f-6e95-4809-8235-030fcc5bb874,1,51,29,Germany Women's,Elisa Senß,Rebecca Knaak,87.8,22,77.3,12.7,14.026403,-13.791595287536637,0.48842089290860924,0.008269105553293474,-0.4801517873553158,0.8109218041260486,0.0795065815316474,-0.7314152225944013,1.4550219719861988,0.36489594311876844,-1.0901260288674304,2.257788184479624,14.71661584213197,1,0,1,0,1,0,0,0,1,0,0,1
3998849,4842e01b-458f-491e-b82f-7727b204df15,1,51,49,Denmark Women's,Sara Holmgaard,Katrine Veje,52.7,29.3,42.5,21,13.150285,-11.649764001296077,0.5124065147907712,0.04421894103982972,-0.46818757375094144,0.9771922249211309,0.20176551974332124,-0.7754267051778096,1.6724434584407462,0.5752271003394529,-1.0972163581012933,2.8749465938783962,9.635459149520244,1,0,1,0,2,0,0,0,1,0,0,1
3998849,ca500140-63e8-4bed-80d1-0e95ad952a94,1,51,53,Denmark Women's,Katrine Veje,Stine Ballisager Pedersen,42.5,21.5,31.4,42.8,24.018744,-8.966757891337807,0.2536827883418501,0.002736504499558764,-0.25094628384229134,0.5014304646191127,0.03935336128559509,-0.4620771033335176,0.8812230484755632,0.20937710387506342,-0.6718459446004998,4.1871220625058845,18.035554728484467,0,0,1,0,1,0,0,0,1,0,0,1
3998849,8cb3ac9b-79b7-4475-9cfa-07301cea4c83,2,45,1,Germany Women's,Elisa Senß,Rebecca Knaak,50,38.8,42,37.1,8.178631,-8.043606680334818,0.04390315202828416,0.006039459305824344,-0.03786369272245982,0.22408704161015752,0.06277235995046158,-0.16131468165969592,0.6990041236078022,0.2902421371277758,-0.4087619864800264,9.874735569351033,15.746171229150653,0,0,0,0,0,0,0,0,1,0,0,1
3998849,45ac26a2-2db4-464c-a771-4eb47b5b23c7,2,45,3,Germany Women's,Rebecca Knaak,Jule Brand,40.6,36,82.9,61.1,49.18638,36.82025133581456,0.07746620961570516,0.7509004528431671,0.6734342432274619,0.23674076815685482,1.2003876820777202,0.9636469139208653,0.5414917986576002,1.8994476924361725,1.3579558937785723,7.713386073238619,1.352352310569456,0,1,0,1,1,1,0,0,1,0,0,1
3998849,0ecdc0fd-fdb4-422b-bd35-8fcf8d708493,2,45,7,Germany Women's,Jule Brand,Carlotta Wamser,82.9,61.1,68.5,77.3,21.67487,-20.908395012990567,0.7509004528431671,0.0353522633411917,-0.7155481895019754,1.2003876820777202,0.18316910000970069,-1.0172185820680195,1.8994476924361725,0.5590747046548866,-1.340372987781286,1.352352310569456,10.50898896112938,1,0,1,0,1,0,1,0,1,0,0,1
3998849,c7359d74-d9f6-4695-bd4e-77bd55b3ff8f,2,45,12,Germany Women's,Carlotta Wamser,Janina Minge,70.9,78.5,58.7,72.6,13.551753,-7.035069832180895,0.11622674231235476,0.01298919876419215,-0.10323754354816261,0.3413832607300283,0.1077159494414864,-0.2336673112885419,0.7816960122397789,0.4223806414168396,-0.3593153708229393,6.634941387821701,13.743776003218363,0,0,0,0,1,0,0,0,1,0,0,1
3998849,2b6cf0ac-5e71-4bf0-afcd-eea6c14d9bb3,2,45,14,Germany Women's,Janina Minge,Rebecca Knaak,58.5,71.2,57.6,41.1,30.113453,6.551816244619019,0.015321537729066425,0.09624443958078563,0.0809229018517192,0.1150034183728582,0.319713753036122,0.20471033466326377,0.43774526041701156,0.7958523274642859,0.35810706704727435,12.974425572478623,7.238025129232482,0,0,0,0,0,1,0,0,1,0,0,1
3998849,03a2269a-d4be-43f0-8d03-4bc131e83da9,2,45,18,Germany Women's,Rebecca Knaak,Sarai Linder,57.4,37.4,72.5,6.9,34.03322,4.758720108104598,0.5756656664795653,0.04220218051623311,-0.5334634859633322,0.7964182782267337,0.1640466646802211,-0.6323716135465126,1.1814609259441529,0.4300452865091597,-0.7514156394349931,1.6927657226081427,9.528750363374321,1,0,1,0,1,0,0,0,1,0,0,1
3998849,49c822fc-6b8e-481a-9ac5-547c4ca28094,2,45,24,Germany Women's,Elisa Senß,Rebecca Knaak,65.6,14.3,51.1,13.8,14.508618,-13.54810668040004,0.535418353446022,0.01801223825369902,-0.5174061151923229,0.9269904001002,0.1268690954267265,-0.8001213046734734,1.533504722572816,0.412077212736588,-1.121427509836228,2.3551168633803763,13.566890119513067,1,0,1,0,1,0,0,0,1,0,0,1
3998849,b8b849a1-2060-4b7a-b846-17a22aae91ef,2,45,28,Germany Women's,Rebecca Knaak,Sarai Linder,58.5,14.6,78.8,4.3,22.763567,12.023375016493851,0.360574217707392,0.6693266930256748,0.3087524753182828,0.6085438695034372,0.8746279702836877,0.26608410078025047,0.9462512757547075,1.2541654661107693,0.3079141903560618,3.146985514040814,1.2456238288117918,0,1,1,1,1,1,0,1,1,0,0,1
3998849,8bda9421-9457-471c-a24a-28171f64cb28,2,45,32,Germany Women's,Sarai Linder,Rebecca Knaak,70.3,3.2,55,6.1,15.572412,-11.46783602172465,0.7727626170048513,0.36586152077569434,-0.40690109622915693,1.1612564167764678,0.6580133728481276,-0.5032430439283403,1.693180645500304,1.0815863000233348,-0.6115943454769692,1.2905600653834945,3.168344041348401,1,0,1,1,2,1,1,0,1,0,0,1
3998849,71678e53-ab8e-4108-9299-1ae940fa910e,2,45,39,Germany Women's,Elisa Senß,Ann-Katrin Berger,56.7,4.8,24.6,21.7,36.27699,-24.71054030196501,0.6922080369663638,0.00006058997779772245,-0.6921474469885661,1.043606731168678,0.003978647083529359,-1.0396280840851486,1.5190651812293026,0.04499443079655737,-1.4740707504327453,1.4749483041290825,29.802329044326118,1,0,1,0,1,0,1,0,1,0,0,1
3998849,f4608cda-c092-4869-a537-5a69f8844337,2,45,43,Germany Women's,Ann-Katrin Berger,Janina Minge,22.8,24.1,35.7,51.2,30.013664,13.451122902216795,0.000030511360078172567,0.003588506034355157,0.0035579946742769846,0.002460477425594067,0.03677865898398189,0.03431818155838782,0.02982670386878941,0.15393285750972335,0.12410615364093394,31.897463147466812,16.921561064576135,0,0,0,0,0,0,0,0,1,0,0,1
3998849,647125a3-b20d-4b02-990d-8a4b20b087c2,2,45,47,Germany Women's,Janina Minge,Carlotta Wamser,37.7,58.1,49.9,75.5,21.250883,5.690378500804954,0.007132725264357452,0.13956059792638018,0.13242787266202272,0.06141983486672822,0.3560429106651925,0.29462307579846425,0.2518645281302928,0.7248762269037737,0.4730116987734809,14.932326600278582,6.003022250252529,0,0,0,0,0,1,0,0,1,0,0,1
3998849,92ed0574-b169-4c92-ade1-5f8d418d9128,2,45,49,Germany Women's,Carlotta Wamser,Janina Minge,49.9,72.4,37,61.1,17.149343,-8.414553162173462,0.33385600009951266,0.03583280363219736,-0.2980231964673153,0.6237796178362496,0.1680545413071108,-0.45572507652913874,1.046957796534997,0.4858356868580555,-0.5611221096769414,3.4747179397506374,10.199373038109664,0,0,1,0,1,0,0,0,1,0,0,1
3998849,67ca8278-71c2-4e10-bda6-0a515178da88,2,45,51,Germany Women's,Janina Minge,Ann-Katrin Berger,37.9,61.3,29.7,32.7,29.752312,-5.776550916202595,0.6916396158327103,0.08647761682229715,-0.6051619990104131,0.8542791246771805,0.25561626349399846,-0.598662861183182,1.1419284565826535,0.5129417002809026,-0.6289867563017509,1.1219148415082072,7.442939076602797,1,0,1,0,1,1,1,0,1,0,0,1
3998849,7deebdff-b4eb-4c16-b701-8486eda507c2,2,45,54,Germany Women's,Ann-Katrin Berger,Rebecca Knaak,29.7,32.4,36.1,21.2,12.899612,4.638737388982406,0.08647761969594117,0.2140183231811213,0.12754070348518012,0.2556162651641499,0.4013870540263714,0.1457707888622215,0.512941696681952,0.5973802829983168,0.0844385863163648,7.442938950995015,4.627148819065451,0,0,0,1,1,1,0,0,1,0,0,1
3998849,403bb0c2-4227-4774-b313-90f6d788daf8,2,45,55,Germany Women's,Rebecca Knaak,Ann-Katrin Berger,35.5,21.4,20.6,27.2,15.9890585,-13.697869187665887,0.21401837239137253,0.0028516407381280248,-0.2111667316532445,0.40138710952603845,0.03778997322935997,-0.3635971362966785,0.5973803350978125,0.17462502982201072,-0.4227553052758018,4.627148129351186,18.12700703625441,0,0,1,0,1,0,0,0,1,0,0,1
3998849,93d592b8-b1e5-4de8-a61d-b9714ebbc8cf,2,46,0,Germany Women's,Ann-Katrin Berger,Elisa Senß,20,31.6,36.3,28.9,16.522106,15.919366320281881,0.001697093524280987,0.14581170337373647,0.14411460984945548,0.030265601681922043,0.44022726482880903,0.409961663146887,0.16117732260429518,0.8763427084819693,0.7151653858776741,20.249168331978424,7.662413705019255,0,0,0,0,0,1,0,0,1,0,0,1
3998849,a833e5be-3dcf-4798-90d7-e6ba48dad297,2,46,2,Germany Women's,Elisa Senß,Sjoeke Nüsken,36.3,29.4,42.6,45.7,17.475124,6.7589368678336115,0.21565881412205593,0.34872471593187054,0.13306590180981462,0.5375452360127332,0.8088148509665694,0.27126961495383617,0.9791014769794179,1.3987523780210573,0.4196509010416395,5.517081668723071,4.636196413764325,0,0,0,1,1,2,0,0,1,0,0,1
3998849,e3e59446-48f2-43b8-83e2-94f16cb48f02,2,46,4,Germany Women's,Sjoeke Nüsken,Ann-Katrin Berger,35.5,45.8,16.9,40.5,19.340372,-18.402393053775157,0.34501570581808827,0.0018670256451278136,-0.34314868017296046,0.8072103789253274,0.037513001516707056,-0.7696973774086204,1.3996201127229688,0.2137029131499688,-1.185917199573,4.655432014477775,20.91248477154611,0,0,1,0,2,0,0,0,1,0,0,1
3998849,1fbaf7fa-43df-4c28-b10b-e790f20f41f4,2,46,8,Germany Women's,Ann-Katrin Berger,Klara Bühl,21.7,40.2,56.5,16,42.38726,30.416111065746364,0.0039499614122806255,0.05160826972743128,0.04765830831515065,0.05532451464248909,0.2169830934751268,0.1616585788326377,0.2682954394982562,0.5602749892500429,0.29197954975178675,17.74121264693087,9.36307603991413,0,0,0,0,0,0,0,0,1,0,0,1
3998849,687ddcc6-9ff0-4c93-9f9d-f6ea04a4b7b6,2,46,16,Germany Women's,Klara Bühl,Linda Dallmann,77.1,24.1,85.7,42.3,20.12958,11.37469406614369,0.47854509860020555,0.4364839201846613,-0.04206117841554424,0.8939060703874401,0.9522440430219853,0.05833797263454521,1.5336999387312158,1.8493532857036585,0.31565334697244274,2.7652373317839336,3.071485372866715,1,0,1,1,1,1,0,0,1,0,1,1
3998849,7eb17a26-4115-47e8-a6dc-516e35ab0b22,2,46,27,Denmark Women's,Sara Holmgaard,Pernille Mosegaard Harder,15.4,28.3,33.8,25.3,18.642962,17.807876385974936,0.6391127989921371,0.634493067404816,-0.0046197315873210965,1.2822796127347875,1.3612788218991128,0.07899920916432523,2.2188105283555943,2.358190266777324,0.13937973842172946,2.535893765776571,3.356434092814168,1,0,1,2,2,2,0,0,1,0,0,1
3998849,6a923f90-9f90-4dd7-af77-26adc648c85a,2,46,28,Denmark Women's,Pernille Mosegaard Harder,Amalie Jørgensen Vangsgaard,35,25.3,47,35.9,16.011246,13.146706491334001,0.8079681032071875,0.7692660518107794,-0.03870205139640803,1.5978725019023654,1.2330994743509522,-0.36477302755141316,2.6024150440519396,2.0160561459249804,-0.5863588981269592,3.341031190074045,1.1841269832401586,0,1,2,1,3,1,0,1,1,0,0,1
3998849,c3570d30-2ca7-4428-8b08-5da3afa45752,2,47,16,Germany Women's,Ann-Katrin Berger,Carlotta Wamser,35.9,31.8,49.7,74.3,44.684338,6.277463976210456,0.0009536852823259238,0.010712373687570378,0.009758688405244454,0.019248652837595727,0.07209355474794492,0.05284490191034919,0.10751140133463016,0.2310304030697065,0.12351900173507635,21.491485189579183,13.68405043183029,0,0,0,0,0,0,0,0,1,0,0,1
3998849,adc6c969-8789-4663-aa56-719e8ffc98ba,2,47,28,Germany Women's,Carlotta Wamser,Janina Minge,56.5,78.5,43.2,61.5,21.584486,-5.493000701993807,0.1444907603797462,0.004597337750202309,-0.1398934226295439,0.4206389765507646,0.05539607290952638,-0.36524290364123824,0.8243173170209946,0.2533372951200118,-0.5709800219009828,6.8335824098976685,16.639274693817,0,0,0,0,1,0,0,0,1,0,0,1
3998849,1ac5123e-5a38-4724-b7bd-1707709e15bf,2,47,33,Germany Women's,Janina Minge,Sjoeke Nüsken,51.1,55.3,58.7,45.3,12.560255,9.04963279092253,0.0563811411129127,0.7645987444900425,0.7082176033771298,0.250782478529131,1.2230154510089555,0.9722329724798244,0.6822310429968239,1.8783381732686737,1.1961071302718498,9.044946407408403,1.5384259524659547,0,1,0,1,0,2,0,1,1,0,0,1
3998849,423159bf-29aa-4912-9277-6cbac8e6aea8,2,47,36,Germany Women's,Janina Minge,Carlotta Wamser,49.9,54.8,57.6,74.8,21.431053,0.19742379075037775,0.049950953908681026,0.16764344849671559,0.11769249458803456,0.2486153551991148,0.4028985279967132,0.15428317279759843,0.6990569711790858,0.792936443560725,0.09387947238163918,10.391956790640018,5.467925317518987,0,0,0,0,0,1,0,0,1,0,0,1
3998849,b6998a0e-2240-48f4-bb5d-62738ee66335,2,47,39,Germany Women's,Carlotta Wamser,Elisa Senß,57.4,67.7,62.5,43.1,25.123096,10.871224983858866,0.6699346506585931,0.5204291858185698,-0.14950546484002336,1.0689248054937057,0.9780887978305599,-0.09083600766314581,1.6648422098871567,1.6232585118555156,-0.04158369803164108,1.6767365748852703,2.912440028236285,1,1,1,1,2,2,0,0,0,0,0,0
3998849,8a2e4adc-6cbf-4c9f-9f8d-e422239f7ded,2,49,5,Germany Women's,Ann-Katrin Berger,Rebecca Knaak,4.6,40.5,19.9,11,33.231613,11.184913613071302,0.046023908961416345,0.02965900378946234,-0.016364905171954006,0.19912523813624863,0.15031140813853544,-0.04881382999771319,0.5129347587191758,0.4550364632621787,-0.057898295456997095,9.657825219940113,10.718809615168126,0,0,0,0,0,0,0,0,0,0,0,0
3998849,ce007ced-e1b5-40c7-a32a-921d6bb0dcda,2,49,15,Denmark Women's,Stine Ballisager Pedersen,Emma Skou Færge,29.7,57.8,50,65.3,21.641165,17.605874490742295,0.40981898547995543,0.5452438143847818,0.13542482890482632,0.6649590966357579,0.9950062924958063,0.3300471958600484,1.0359151790284888,1.6861752344407848,0.6502600554122959,2.7564067752912256,2.3225681653332964,1,1,1,1,1,1,1,0,0,0,0,0
3998849,e8ffa4f2-bdbe-454d-a0f7-2191713692e3,2,49,17,Denmark Women's,Emma Skou Færge,Pernille Mosegaard Harder,50,65.3,64.5,61.6,14.964625,14.876680309391332,0.5452438143847818,1.0887714863342173,0.5435276719494355,0.9950062924958063,1.6331066445021944,0.6381003520063881,1.6861752344407848,2.434702625847455,0.7485273914066701,2.3225681653332964,0.5204759737486028,1,1,1,1,1,2,0,0,0,0,0,0
3998849,60303e0d-021b-49b8-8d6b-5230579e16ab,2,49,18,Denmark Women's,Pernille Mosegaard Harder,Amalie Jørgensen Vangsgaard,64.7,61.1,71.8,69.3,10.846659,2.781855522321109,1.08877212694755,0.45687995031660256,-0.6318921766309475,1.6331069736540167,0.7968973596708909,-0.8362096139831258,2.4347027342436722,1.3408091914714904,-1.0938935427721819,0.5204734791705639,2.5625099133920286,1,1,1,1,2,1,0,0,0,0,0,0
3998849,116b36d7-39df-41ae-9c8d-9259a23ee157,2,49,22,Germany Women's,Sarai Linder,Ann-Katrin Berger,42.4,14.1,12.2,32.7,35.468296,-26.238758789573737,0.5349650422098428,0.00004127765830755363,-0.5349237645515352,1.0201447347804455,0.0037093047512960454,-1.0164354300291496,1.6117079855706091,0.04867646667905928,-1.5630315188915498,3.85251947426204,32.136169625456546,0,0,2,0,2,0,0,0,1,0,0,1
3998849,ed71a1ad-c41b-4463-8c78-3f831b59f69a,2,49,26,Germany Women's,Ann-Katrin Berger,Janina Minge,15.1,32.2,28.2,40.9,15.725775,13.385179081068827,0.00014012521233503416,0.0031815652475998425,0.0030414400352648083,0.006998734555297593,0.04111006160457438,0.03411132704927679,0.06931425865535773,0.20012886545836128,0.13081460680300355,27.50486134908983,17.546623268354157,0,0,0,0,0,0,0,0,1,0,0,1
3998849,a2681251-d50b-4240-8ee3-8d640b98b901,2,49,28,Germany Women's,Janina Minge,Sjoeke Nüsken,29.9,41.9,48.3,47.5,19.233305,18.028838819863026,0.010152612666255653,0.2698039084254891,0.25965129575923346,0.0796731865247471,0.7160922851493586,0.6364190986246115,0.30686728070812586,1.402905755502604,1.0960384747944782,13.955226257195575,5.807132250997249,0,0,0,0,0,2,0,0,1,0,0,1
3998849,0a1deaa3-58e0-4ad2-b438-192e52eb3dec,2,49,30,Germany Women's,Sjoeke Nüsken,Janina Minge,44.6,50.8,30.3,50,14.32236,-14.086144620401427,0.6016776052564928,0.019367577779981583,-0.5823100274765113,1.0648355221344588,0.13609437376104194,-0.9287411483734168,1.6805492668181456,0.46270772478799177,-1.2178415420301538,2.846267855062939,13.128125106462392,1,0,2,0,2,0,1,0,1,0,0,1
3998849,ee7e05d0-3611-47ae-9462-343fe2385907,2,49,32,Germany Women's,Janina Minge,Rebecca Knaak,31.1,47.5,35.9,28.3,19.790907,4.305853472113043,0.017830918131531714,0.007541538049630415,-0.010289380081901299,0.12798920523669574,0.06964530678295536,-0.058343898453740384,0.45438364721244096,0.29252081835791266,-0.1618628288545283,12.672643415633974,14.939189883991238,0,0,0,0,0,0,0,0,1,0,0,1
3998849,2cca956e-787c-49a8-a511-147eb7c8e24f,2,49,36,Germany Women's,Rebecca Knaak,Sarai Linder,42.8,23.1,57,3.5,24.203306,6.218476116311891,0.009914126532672433,0.3204374152060461,0.31052328867337364,0.08016218092714666,0.5361109589350694,0.4559487780079228,0.31391228298367535,0.8339672384637794,0.520054955480104,14.059773542211028,3.432112982032566,0,0,0,1,0,1,0,0,1,0,0,1
3998849,3e289743-c619-4ee6-a669-9a9d18a641fa,2,49,37,Germany Women's,Sarai Linder,Rebecca Knaak,57,3.5,37.9,10.8,20.447495,-14.328425348010583,0.3204374152060461,0.0016454504712045137,-0.31879196473484156,0.5361109589350694,0.029565699643051942,-0.5065452592920175,0.8339672384637794,0.17339048335222648,-0.6605767551115529,3.432112982032566,19.785316425904607,0,0,1,0,1,0,0,0,1,0,0,1
3998849,b4d2a352-6604-4761-b5bc-6e72ce2e148c,2,49,41,Germany Women's,Rebecca Knaak,Elisa Senß,43.8,14.1,62.5,10.6,19.024721,15.901104160616427,0.029225197230890818,0.4137508865214493,0.38452568929055847,0.1314246627913662,0.8216878038982222,0.6902631411068559,0.3580165920317654,1.3231475155621795,0.9651309235304141,10.6367443560108,3.470312930287361,0,0,0,1,0,2,0,0,1,0,0,1
3998849,ad108021-aeb9-4dc8-8515-12ec06806f1c,2,49,43,Germany Women's,Elisa Senß,Rebecca Knaak,58.7,9.7,37.5,21.4,24.214252,-16.191064277848852,0.6575605458722293,0.09050760888117836,-0.567052936991051,0.9945142198327772,0.27630324025302055,-0.7182109795797567,1.412105642579343,0.622894460208265,-0.789211182371078,1.6776304062829135,7.308192233474887,1,0,1,0,2,1,1,0,1,0,0,1
3998849,dd0523c5-8c76-4148-b60e-b5f5271b916f,2,49,46,Germany Women's,Rebecca Knaak,Ann-Katrin Berger,35.7,22.3,22.2,31.6,16.393291,-12.021928489155073,0.0924693318537807,0.007484358475510127,-0.08498497337827057,0.2782253725844641,0.06625593049164318,-0.21196944209282093,0.6263520091728245,0.26036927828259054,-0.365982730890234,7.224278608916189,15.026311359824028,0,0,0,0,1,0,0,0,1,0,0,1
3998849,54c78f12-b5a4-4cf5-a57c-8960d2fdb229,2,49,50,Germany Women's,Ann-Katrin Berger,Janina Minge,21.7,36.7,36.1,75.7,41.57355,7.1758827519593495,0.003079789480365176,0.04624933412730439,0.043169544646939215,0.042801352874928617,0.17077385782155596,0.12797250494662735,0.20647494463593047,0.42551621356048797,0.2190412689245575,18.120798870538298,9.244093140221453,0,0,0,0,0,0,0,0,0,0,0,0
3998849,e40e799f-16e4-499f-97ad-bcdca20d140f,2,49,53,Germany Women's,Janina Minge,Jule Brand,44.8,75.5,64.7,68,21.266405,21.173627823894037,0.1723964451742658,1.0448569915639203,0.8724605463896545,0.3860439773098964,1.5485871742142163,1.1625431969043198,0.7278253865994556,2.2111825677422865,1.4833571811428308,5.3289917178225075,1.0664129230881918,0,1,0,2,1,2,0,1,0,0,0,0
3998849,4ac6018a-e115-4376-a9e4-db32b682cc4d,2,50,21,Germany Women's,Jule Brand,Sjoeke Nüsken,85.7,60.4,94.2,52.6,11.536464,11.195652570644203,0.7826798194510762,0.6912135426435302,-0.09146627680754604,1.4227180102316652,1.6997348070282066,0.27701679679654134,2.3590032447874263,3.0417998035385083,0.682796558751082,1.8335173376963714,4.3012352877729985,1,0,1,1,3,4,0,0,1,0,0,1
3998849,14ec8d62-09f3-47ba-896d-2cf6018458d5,2,50,23,Germany Women's,Sjoeke Nüsken,Jule Brand,97,49.8,95.8,42.3,7.595393,0.6917481751695647,1.0171921783379532,1.1364460289848992,0.11925385064694605,2.122860793948838,2.085192643349871,-0.03766815059896711,3.5221292389609604,3.4363268662652513,-0.08580237269570912,3.1983394093368602,1.0619843275279213,0,1,2,2,5,2,1,0,1,0,0,1
3998849,90bc2b07-477c-410c-a641-4d01bb41936b,2,50,31,Germany Women's,Rebecca Knaak,Klara Bühl,77.2,20.3,99.3,5.1,26.822565,6.539045987526293,0.12847294053205083,0.18993238802272053,0.0614594474906697,0.33254661338750363,0.4485294041644282,0.11598279077692458,0.7442839532499379,0.9342695982726643,0.1899856450227264,6.1994734585212665,5.106011207851232,0,0,0,0,1,1,0,0,1,0,1,1
3998849,a009b02b-e72a-4f5a-89dc-9fb3c266d466,2,51,4,Germany Women's,Sarai Linder,Ann-Katrin Berger,34.6,11.7,12.5,31.8,29.8734,-17.845352207680392,0.4106147748591199,0.000731666231952785,-0.4098831086271671,0.6919492191840928,0.01903096313679788,-0.6729182560472949,1.1099990495932262,0.13496530610860072,-0.9750337434846255,2.8142611997340596,22.434909091273212,1,0,1,0,1,0,0,0,1,0,0,1
3998849,7b8da4f9-bfef-4089-938f-c57936a17025,2,51,9,Germany Women's,Ann-Katrin Berger,Janina Minge,15.7,38.2,29.5,52.8,20.089798,12.914819805585338,0.0005659299340645215,0.0020454752348400464,0.0014795453007755248,0.014541495034627528,0.033932318283344504,0.019390823248716976,0.10443411593587011,0.18775822464205819,0.08332410870618807,22.71980270021567,19.149320726451624,0,0,0,0,0,0,0,0,1,0,0,1
3998849,110b239d-c22d-4b2a-a6ec-8cb020bdbaf5,2,51,13,Germany Women's,Janina Minge,Elisa Senß,36.8,56.2,50.3,48.8,15.395129,14.509164381425407,0.07383655868201279,0.28647345222791964,0.21263689354590687,0.24724883962905503,0.8005773271000749,0.5533284874710198,0.6067295893846166,1.582724815172312,0.9759952257876953,7.909234046472164,5.557460849491331,0,0,0,0,1,2,0,0,1,0,0,1
3998849,56cf066d-f8b9-4a80-a5a0-09b8c9a9f3eb,2,51,15,Germany Women's,Elisa Senß,Jule Brand,50.1,56.2,57.4,61.9,9.261749,5.432492215919353,1.2277727255050834,0.46508496823195006,-0.7626877572731334,1.6784776823609464,1.0946325184346508,-0.5838451639262956,2.350626376523656,2.021416282677791,-0.3292100938458651,0.8825370786300204,3.6519716868599943,2,0,2,1,2,1,1,0,1,0,0,1
3998849,fa86d78b-21a9-4f3b-a99a-df4fea9666e6,2,51,21,Germany Women's,Jule Brand,Sjoeke Nüsken,65.6,41.5,79.6,20.7,25.072695,9.647358270587759,0.3956112742900182,0.07345770397657801,-0.32215357031344016,1.070809452242497,0.3227444759229189,-0.748064976319578,2.0998329268864384,0.8921252078127585,-1.2077077190736798,5.119746762024652,8.528125051749193,0,0,0,0,2,0,0,0,1,0,0,1
3998849,59eb1987-b5a6-425b-8105-66cf9aaa4472,2,51,25,Germany Women's,Sjoeke Nüsken,Sarai Linder,85.1,16.8,92,4.5,14.103191,-3.3057464389126636,0.10211350613899611,0.19360021918598905,0.09148671304699293,0.38569202900354727,0.46503979943140744,0.07934777042786018,0.958556801044661,0.9124690437540893,-0.046087757290571685,7.804686347397586,5.157297817788007,0,0,0,0,1,1,0,0,1,0,0,1
3998849,726179c8-e230-44d5-8b0c-78e101d7867a,2,51,26,Germany Women's,Sarai Linder,Klara Bühl,92,4.8,105.9,3.5,13.960659,5.849455150000473,0.4131784194095612,0.41726534532006404,0.004086925910502859,0.7059392625281903,0.8031693363198497,0.09723007379165938,1.1508433349891274,1.3080802942775123,0.15723695928838488,2.8025179629080665,3.309860025044831,1,0,1,1,1,2,0,0,1,0,0,1
3998849,965ffb6a-e205-4523-b22f-1d3d32eb5d8a,2,51,33,Denmark Women's,Janni Thomsen,Frederikke Thøgersen,3.1,59.4,9.7,74.2,16.204937,3.0183873168112285,0.42663312664272063,0.5694017869204647,0.1427686602777441,0.9306642839186777,0.9303966846593866,-0.00026759925929109585,1.6040160498026048,1.4664127304591386,-0.13760331934346626,4.031436856529975,1.9773182849961952,0,1,1,1,2,1,0,0,1,0,0,1
3998849,c8d95afd-df2a-419c-9349-a4b9c05e5a12,2,51,38,Germany Women's,Sarai Linder,Rebecca Knaak,84.7,5.7,77.6,4.1,7.278049,-6.337196262776679,0.6484851784964182,0.05515074077692496,-0.5933344377194932,0.8191299394550885,0.2811788082393831,-0.5379511312157054,1.0903474775127986,0.8150594260866454,-0.2752880514261532,1.3173994666658428,10.107229607498276,1,0,1,0,1,0,0,0,1,0,0,1
3998849,450e68ed-bf21-4b1d-bc45-4481d0131943,2,51,42,Germany Women's,Rebecca Knaak,Elisa Senß,77.8,7.3,72,27.4,20.920086,3.760406051622148,0.11731871570900251,0.16119908087344234,0.04388036516443983,0.44215807604211116,0.5700718276873098,0.12791375164519864,1.0958381191904387,1.3370250632314804,0.24118694404104168,7.371701717736651,7.126642423675245,0,0,0,0,1,1,0,0,1,0,0,1
3998849,8fcc8199-6a42-4528-9c36-606144194632,2,51,47,Germany Women's,Elisa Senß,Janina Minge,73.5,40.2,64,35.6,10.555094,-9.672161075571225,0.27240621372010276,0.017461341866286673,-0.2549448718538161,0.7547565664028977,0.14480654450676503,-0.6099500218961327,1.5569331449057082,0.556386477819005,-1.0005466670867031,5.863954166152326,13.274144784692645,0,0,0,0,2,0,0,0,1,0,0,1
3998849,7f9f09db-6f0d-4778-8037-21e66ffc509f,2,51,50,Germany Women's,Janina Minge,Rebecca Knaak,64,35.6,70.7,20.3,16.702694,3.082290748732426,0.03975138685687245,0.05394710986551051,0.014195723008638063,0.23130988223624005,0.24322256517201415,0.011912682935774105,0.7233943707333989,0.7085835429857751,-0.014810827747623767,10.642478152858926,9.120318319628636,0,0,0,0,0,0,0,0,1,0,0,1
3998849,06ff010d-a1e4-4b4e-bfc0-cdac12ad6670,2,51,52,Germany Women's,Rebecca Knaak,Klara Bühl,73.1,16.8,90.2,3,21.973848,4.816153401934962,0.23252779353125821,0.03452962409895351,-0.1979981694323047,0.5408809221986642,0.2296114898020569,-0.3112694323966073,1.1370843048011983,0.7385087119961131,-0.39857559280508514,4.555184047685701,12.23914208826476,0,0,1,0,1,0,0,0,1,0,0,1
3998849,0ef84b5b-311e-4c6b-9da1-2c12583db0c7,2,51,58,Germany Women's,Klara Bühl,Sjoeke Nüsken,98.8,23.4,90.6,25.1,8.374366,-6.034303391265617,1.5192279697040214,0.3836025790737153,-1.135625390630306,2.333043589366111,1.1181673521779123,-1.2148762371881987,3.344045535210944,2.2639599191628283,-1.0800856160481156,1.9687883174054694,5.239258832323862,3,0,3,0,4,2,0,0,1,0,0,1
3998849,d98e4f6a-7649-4958-8250-ecf398e0b62b,2,51,59,Germany Women's,Sjoeke Nüsken,Elisa Senß,90.8,25.3,91.7,42.7,17.42326,4.2629293677388915,0.5480121512543744,0.26624242014196764,-0.2817697311124068,1.310673541616444,0.9069907868897913,-0.4036827547266526,2.448430970381231,2.0523873967153468,-0.3960435736658843,3.5774568845971357,5.928467283965346,0,0,1,0,2,1,0,0,1,0,0,1
3998849,a98d9884-64bf-483f-a82f-704872da22ae,2,52,2,Germany Women's,Elisa Senß,Carlotta Wamser,89.9,43.3,93.5,58.6,15.717824,-2.0957147418735147,0.6799683597776535,0.21724739530480058,-0.4627209644728529,1.3636504060380015,0.5969399507827978,-0.7667104552552036,2.453022832651787,1.3317650778891745,-1.1212577547626124,2.3206668434593976,5.0620480700960195,1,0,1,0,2,1,0,0,0,0,0,0
3998849,a9f2e296-9b02-418a-8d8a-b50aff54f80c,2,57,6,Germany Women's,Ann-Katrin Berger,Rebecca Knaak,8.6,40,23.5,10.5,33.04936,10.491625719170386,0.042130209158135,0.07341621401887494,0.03128600486073994,0.18810262773835357,0.2231881150745204,0.03508548733616684,0.4944378978535128,0.4939472690562282,-0.0004906287972845647,9.846787917293097,7.853753998053499,0,0,0,0,0,1,0,0,1,0,0,1
3998849,4f6f279f-2fd8-474a-9b18-06f473565d74,2,57,25,Germany Women's,Elisa Senß,Sarai Linder,86.5,3.9,97.5,7.9,11.7046995,10.048704278658377,0.27091061261539195,0.9787201715450585,0.7078095589296666,0.5171340563086572,1.430837835541985,0.9137037792333279,0.9354519230016117,2.0091882428564,1.0737363198547882,3.97185181748581,1.2981836698093159,0,1,1,2,1,2,0,0,1,0,0,1
3998849,08c30dae-c206-4d86-ae29-62c6b57f62fd,2,57,27,Germany Women's,Sarai Linder,Klara Bühl,96,9.5,97.4,14.3,5,4.586906823354859,1.326788598460014,0.6784966308696938,-0.6482919675903203,1.8062293056529666,1.4253753779873348,-0.38085392766563175,2.456167131453598,2.3959094613495244,-0.06025767010407357,0.7141348216814376,3.5654834015579446,2,0,2,1,3,4,1,0,0,0,0,0
3998849,878c2534-9b7d-4833-9ceb-e626c024ff86,2,57,46,Germany Women's,Janina Minge,Elisa Senß,48.9,49.4,58.7,38.2,14.882204,10.39226483479711,0.04272149301498454,0.21340343959556743,0.1706819465805829,0.23187277978271098,0.761496566019551,0.52962378623684,0.717143082018248,1.685833068517092,0.968689986498844,10.302799552750516,7.43391311089404,0,0,0,0,0,1,0,0,1,0,0,1
3998849,d6a4caf8-74af-4927-bca6-ab18f392b41b,2,57,55,Germany Women's,Rebecca Knaak,Ann-Katrin Berger,42.8,23.9,30.1,41.3,21.54182,-11.048445258405323,0.16712289349295836,0.003877190223904349,-0.16324570326905402,0.3866849335315653,0.05211024272782062,-0.3345746908037447,0.7553927856572461,0.25213657774001264,-0.5032562079172335,5.420130412173632,18.513332900766894,0,0,0,0,1,0,0,0,1,0,0,1
3998849,322ab3ad-353d-4b8b-8db6-f3a646ae596e,2,58,0,Germany Women's,Ann-Katrin Berger,Janina Minge,30.1,41.3,35.7,61.3,20.769209,2.9601032719635896,0.04077375434361575,0.13492395896292309,0.09415020461930734,0.18602820622747185,0.33785353829878256,0.15182533207131071,0.5114698175694312,0.6883250814062049,0.17685526383677364,9.936975812275275,6.061914950312862,0,0,0,0,0,1,0,0,1,0,0,1
3998849,b11cbb95-030b-438d-9df8-9fee3d9e7c3f,2,58,3,Germany Women's,Janina Minge,Ann-Katrin Berger,33.7,61.1,19.5,45.1,21.392523,-11.78732520841534,0.300155204810232,0.19944481137299833,-0.10071039343723368,0.5446472104071958,0.4250279997556043,-0.11961921065159148,0.9111653718225078,0.7345963605645999,-0.17656901125790792,3.6738218955564177,4.9300997021518045,0,0,1,1,1,1,0,1,1,0,0,1
3998849,3ce3e79a-60b3-4c84-aca8-5099f534aea8,2,58,7,Germany Women's,Ann-Katrin Berger,Rebecca Knaak,16.2,45.7,28.6,29.4,20.480478,11.943777253531564,0.08121974887908671,0.006997296810330369,-0.07422245206875634,0.2795717472372873,0.07158663384382308,-0.2079851133934642,0.6328513794077728,0.2757431575441258,-0.357108221863647,7.845403975963126,16.9025982221294,0,0,0,0,1,0,0,0,1,0,0,1
3998849,0069315d-8ec8-439e-9ca7-3db9304c88e1,2,58,10,Germany Women's,Rebecca Knaak,Sjoeke Nüsken,35.7,25.7,56.5,4.8,29.486437,12.900618853291775,0.014181194557513554,0.010018783461417808,-0.0041624110960957455,0.10554541764004398,0.08730860500481195,-0.018236812635232025,0.3450638588959472,0.3494151265354842,0.004351267639536971,14.805177456041232,14.282531156468124,0,0,0,0,0,0,0,0,1,0,0,1
3998849,380b1b9e-5df3-4b5c-b8bb-80d4fd4cabb5,2,58,37,Germany Women's,Elisa Senß,Linda Dallmann,79.6,61.7,90.4,58.6,11.236102,10.900190170954907,0.6989705079759374,0.6043514187869211,-0.09461908918901629,1.3523364466922332,1.4592564452519416,0.10691999855970846,2.3403143924487986,2.6161937120837013,0.27587931963490275,2.1697997092656456,4.325082611820366,1,0,1,1,2,4,0,0,1,0,0,1
3998849,46ce6cb5-a8e5-4541-855a-eb274a2b875f,2,58,47,Germany Women's,Linda Dallmann,Elisa Senß,77.2,62.6,79,54.9,7.9075913,4.776910381737437,0.5660136837914516,0.8494263468548472,0.28341266306339563,1.2119960114914579,1.641898499588726,0.42990248809726817,2.1139924036887594,2.6624150083185283,0.5484226046297689,4.162005722783413,3.014822447411066,0,0,2,2,2,3,0,0,1,0,0,1
3998849,cfc21818-a46a-48af-841c-34a00513d645,2,58,49,Germany Women's,Elisa Senß,Janina Minge,77.4,61.5,58,71.2,21.68986,-21.689754599601436,0.966128341954436,0.05741594690118853,-0.9087123950532474,1.6975061716945712,0.2613366233006895,-1.4361695483938817,2.5789371683388618,0.7297520143353733,-1.8491851540034885,2.288468602269631,9.21272361700591,1,0,2,0,3,0,1,0,1,0,0,1
3998849,f76c819f-5657-42a6-993d-cf79b2a00646,2,58,53,Germany Women's,Janina Minge,Ann-Katrin Berger,57,70.2,42.8,50.8,24.04163,-8.087339798763225,0.2295373785411889,0.0011019435203962085,-0.2284354350207927,0.5360176348313292,0.02738152947296158,-0.5086361053583677,1.0431437738306624,0.18540724357382884,-0.8577365302568335,4.744947388281881,22.775190560476357,0,0,1,0,1,0,0,0,1,0,0,1
3998849,4b1c647e-be53-4bfb-a1bb-779d4e5068a5,2,58,57,Germany Women's,Ann-Katrin Berger,Rebecca Knaak,43,42.5,51.3,20.1,23.88828,5.5164519206327896,0.002514073459679403,0.01359018152884255,0.011076108069163147,0.04287494856677859,0.08490600620056717,0.042031057633788574,0.2300888430072377,0.28048348725392747,0.05039464424668977,19.799754008635798,12.957960413096972,0,0,0,0,0,0,0,0,1,0,0,1
3998849,1a497d38-bdaf-459a-b1a3-4e2300cad2ae,2,58,59,Germany Women's,Rebecca Knaak,Sarai Linder,55.8,18.1,70.7,3.3,21.00119,6.372120576797542,0.027292366902249236,0.02819710264539673,0.0009047357431474952,0.1251098319679557,0.16668685681208462,0.041577024844128924,0.34387043781258164,0.5353592834258628,0.19148884561328117,10.8422160399257,11.288995450882949,0,0,0,0,0,0,0,0,1,0,0,1
3998849,9447c9a4-3bb5-4463-b92a-50b7a784740f,2,59,2,Germany Women's,Sarai Linder,Rebecca Knaak,70.5,7.3,50.5,9.9,20.168291,-16.41239025483167,0.5040919351118396,0.0053445693019606565,-0.49874736580987894,0.8249866765539492,0.062004683833842826,-0.7629819927201064,1.3235933549051733,0.2690625126460303,-1.054530842259143,2.281827327521582,17.519333330444077,1,0,1,0,1,0,0,0,1,0,0,1
3998849,e7ca2e0e-0cbb-4bdb-89cb-9abcaa248467,2,59,6,Germany Women's,Rebecca Knaak,Ann-Katrin Berger,56.7,13.4,44.1,39.5,28.982237,-7.239794303897597,0.16294242649609467,0.007765945575272534,-0.15517648092082215,0.3801035296256866,0.07657174896831129,-0.3035317806573753,0.7380610517622223,0.3078416593292803,-0.43021939243294194,5.503922580380667,16.037469639787503,0,0,0,0,1,0,0,0,1,0,0,1
3998849,15a4bfa1-29a7-4586-b51b-4bc1652ca767,2,59,9,Germany Women's,Ann-Katrin Berger,Janina Minge,44.1,39.8,51.7,67.9,29.109621,2.121540283973431,0.00710523884298704,0.009082399203926138,0.0019771603609390976,0.07319744801537696,0.08353321686949634,0.010335768854119382,0.2933064970823982,0.34447094589307997,0.05116444881068177,16.81858358873506,14.62286494344619,0,0,0,0,0,0,0,0,1,0,0,1
3998849,89e30e39-f500-41f3-bd15-c673a6e813f7,2,59,12,Germany Women's,Janina Minge,Sjoeke Nüsken,57.4,68.2,63.8,46.9,22.240728,12.036583381241108,0.07545377287463842,0.24241164138049634,0.16695786850585792,0.2792170255627109,0.719745365544897,0.4405283399821861,0.7211995929644224,1.497045185930168,0.7758455929657457,8.01979337889019,5.825480074780702,0,0,0,0,0,1,0,0,1,0,0,1
3998849,5bf81abf-8213-431a-b55b-03607432c593,2,59,15,Germany Women's,Sjoeke Nüsken,Janina Minge,65.1,55.9,56.7,63.7,11.462984,-10.435169589413654,1.2112076441071595,0.05150353089647078,-1.1597041132106887,1.7811106287351222,0.2668302298887696,-1.5142803988463527,2.5362383767487513,0.7776185566557351,-1.758619820093016,1.6410790356609484,9.888611945462976,2,0,2,0,2,0,0,0,1,0,0,1
3998849,08e3ef95-ce5c-4b74-9290-28d2f289c41f,2,59,21,Germany Women's,Rebecca Knaak,Klara Bühl,77.8,24.5,105.5,11.4,30.641476,12.890820787398312,0.1331289844273284,0.5180733448453825,0.3849443604180541,0.5258287848761254,0.9183422184154589,0.39251343353933354,1.307817601100086,1.5135490378967826,0.2057314367966967,7.807502352953095,2.69082932766449,0,1,0,1,1,2,0,1,0,0,0,0
3998849,f4d31f4b-dc15-4899-9bd9-56f350f0f5d0,2,59,33,Denmark Women's,Frederikke Thøgersen,Amalie Jørgensen Vangsgaard,14.6,72.2,40.1,72.4,25.500784,23.98957918153681,0.667821749757725,1.0831545639718885,0.41533281421416346,0.8420047704287688,1.421988652719875,0.5799838822911063,1.126214692904803,1.8285748175723608,0.7023601246675579,1.2345413662659936,0.6420350700090482,1,1,1,2,1,2,0,0,1,0,0,1
3998849,febe2525-1519-47c3-8422-358c3c6726b1,2,59,48,Denmark Women's,Karen Holmgaard,Stine Ballisager Pedersen,29.9,26.8,21.9,26.1,8.030566,-8.018074566964316,0.7847391877930538,0.23327428190004929,-0.5514649058930046,1.1619157431634635,0.5696684234360293,-0.5922473197274342,1.675074971690821,1.073589010289299,-0.601485961401522,1.3125788033513281,4.96661767231417,1,0,1,1,2,1,0,0,0,0,0,0
3998849,e0b0b216-7eed-441f-bf01-7ec10660ae0a,2,59,50,Denmark Women's,Stine Ballisager Pedersen,Emma Snerle,21.7,27.9,29.7,40.1,14.589037,8.74185494986476,0.5437997157708148,0.4627223278661893,-0.08107738790462549,0.9178447554917921,1.01866125522206,0.10081649973026785,1.446568046363948,1.7994901439810664,0.35292209761711835,2.2050526581971464,3.2795208297754437,1,0,1,1,1,1,1,0,0,0,0,0
3998849,7101539f-7da8-4bb5-949a-b923b6702da8,2,61,0,Germany Women's,Rebecca Knaak,Elisa Senß,21.1,24.5,37,23.7,15.920113,15.521841863685012,0.0695807394518181,0.08637635695521263,0.016795617503394533,0.266031409720188,0.37704581386617314,0.11101440414598512,0.6734377510388874,0.9360498954970438,0.2626121444581564,8.379586913246369,8.70579308189429,0,0,0,0,0,0,0,0,0,0,0,0
3998849,84b1423c-7dfe-474c-8c85-6bd02c359143,2,61,3,Germany Women's,Elisa Senß,Klara Bühl,42.4,22.3,69.5,7.9,30.68827,19.754411038638537,0.5408443251094984,0.7080891107007763,0.16724478559127787,0.8764163329590959,1.0033284619432314,0.1269121289841355,1.4322376335535665,1.4926147803537764,0.06037714680020989,2.019194238496274,1.2220312955076944,1,1,1,1,1,1,0,0,0,0,0,0
3998849,c577fb5b-2fec-43af-a153-e114afb4f0d4,2,61,25,Denmark Women's,Stine Ballisager Pedersen,Sara Holmgaard,70.6,18.8,76.2,8.2,11.988328,-0.3696584271017045,0.3522977740239817,0.4103289881759775,0.0580312141519958,0.8056598380367521,0.8136513179111655,0.007991479874413399,1.5159457826693101,1.3627437137919511,-0.153202068877359,3.9844596253068865,3.709424382135379,0,0,1,1,1,2,0,0,0,0,0,0
3998849,5a979f27-7dc2-47c5-ba61-f2c2fc782cca,2,61,31,Germany Women's,Elisa Senß,Jule Brand,43.2,51.2,55.6,59.5,14.921461,10.324852732126573,0.11008574220024729,0.4528666628834572,0.3427809206832099,0.5262213275940362,1.128038932573861,0.6018176049798247,1.3096920901391094,2.1302280493622074,0.8205359592230981,10.289757531968434,4.733396173056685,0,0,0,1,0,3,0,0,1,0,0,1
3998849,250000ef-5c5c-45f1-9c89-8c08007f2c38,2,61,36,Denmark Women's,Katrine Veje,Emma Snerle,54.5,18,61.6,31,14.812494,10.006524025219413,0.4591334849633931,0.7372204403550608,0.2780869553916677,1.0666862035066644,1.3736722402758716,0.3069860367692072,1.947291674748519,2.2404383744569705,0.29314669970845153,3.66080230181528,2.571842210339735,0,1,1,1,2,3,0,0,1,0,0,1
3998849,debf8924-d63c-4dd2-a47f-3ffb9ddef9cc,2,61,44,Germany Women's,Ann-Katrin Berger,Janina Minge,14.7,46,28.2,56.8,17.288435,12.146206817695699,0.0005385718008165916,0.00420302183706569,0.003664450036249098,0.013934771544108633,0.05134193722533096,0.03740716568122233,0.09494294733677337,0.24352503615530352,0.14858208881853013,23.031740210723253,16.814494037516255,0,0,0,0,0,0,0,0,1,0,0,1
3998849,6129188f-36ef-43e8-8db6-97f578565f9c,2,61,47,Germany Women's,Janina Minge,Carlotta Wamser,29,61.7,40.8,77.9,20.041956,5.750340707190304,0.005765579625518281,0.13897176131223554,0.13320618168671727,0.06517553046842718,0.34025684793623007,0.2750813174678029,0.2960661985866649,0.6577003520089618,0.36163415342229693,16.043249202806162,5.981115458473724,0,0,0,0,0,1,0,0,1,0,0,1
3998849,3cc07a4d-efa7-4d94-a9ce-a7f1bc8c95ff,2,61,48,Germany Women's,Carlotta Wamser,Janina Minge,41.4,77.9,29.5,63.3,18.835339,-6.19091317296224,0.13897167539453112,0.009551416676516556,-0.12942025871801457,0.3402567284894674,0.0920087713797777,-0.24824795710968972,0.6577002222450191,0.3768102411922245,-0.2808899810527946,5.981117337042483,15.211955128823748,0,0,0,0,1,0,0,0,1,0,0,1
3998849,f9d40984-30b6-4aa4-a5c9-c024a1760c39,2,61,51,Germany Women's,Janina Minge,Ann-Katrin Berger,29.3,61.1,23.6,40.7,21.18136,-3.2805784225466965,0.018336807128252607,0.00398630259738448,-0.014350504530868127,0.11420393133163277,0.05127902440323904,-0.06292490692839373,0.3871669988671863,0.23982663209008642,-0.14734036677709988,12.190536388811848,17.796900804681037,0,0,0,0,0,0,0,0,1,0,0,1
3998849,95e24df2-9934-497d-b821-f425323949d9,2,61,55,Germany Women's,Ann-Katrin Berger,Rebecca Knaak,27.5,40.2,30.8,17.2,23.235533,0.4324151126461828,0.009588153723007323,0.006571087695160513,-0.0030170660278468096,0.09019838172997974,0.06696763134365656,-0.023230750386323176,0.3560938548396745,0.2913200988377476,-0.06477375600192686,15.86657833963529,15.533198355622115,0,0,0,0,0,0,0,0,0,0,0,0
3998849,53f4b62e-6267-4da0-ad6d-b18e166e3e53,2,62,4,Germany Women's,Ann-Katrin Berger,Janina Minge,23.6,38.1,30,59.9,22.720036,4.244919028539954,0.008034818629103381,0.003571279440161984,-0.004463539188941398,0.07899583325603149,0.04639841400464138,-0.032597419251390106,0.31989670532678754,0.23330034530374538,-0.08659636002304216,16.581705323952505,17.354126717243627,0,0,0,0,0,0,0,0,1,0,0,1
3998849,cf9f26a1-f158-4334-998c-80bdb7ee3092,2,62,11,Germany Women's,Janina Minge,Carlotta Wamser,56.9,71.4,63.4,77.9,9.192389,2.363665089147659,0.35029495073763695,0.16752424240001693,-0.18277070833762002,0.7734849618957633,0.477217919674912,-0.2962670422208513,1.4391880644581359,1.0180487344613804,-0.4211393299967554,3.6808790482172435,5.858952472570407,0,0,1,0,1,1,0,0,0,0,0,0
3998849,42d5b46a-60de-46bb-a1c5-7cab7272ec5d,2,62,19,Denmark Women's,Sanne Troelsgaard-Nielsen,Sara Holmgaard,68.6,9.7,76,3.1,9.915645,2.2413341425303344,0.5950822151972458,0.10358237817081184,-0.49149983702643396,1.2970287970264993,0.4644123119886545,-0.8326164850378448,2.247996402459677,1.1481705490096539,-1.099825853450023,3.205087000000368,10.402729214669886,0,0,1,0,2,0,0,0,0,0,0,0
3998849,4b7cb3c2-1dc4-4a49-8503-e9b0c6922816,2,62,28,Germany Women's,Sarai Linder,Janina Minge,37.7,38.7,28.8,49.1,13.688316,-9.342611076449018,0.7334721855976807,0.03398184604518576,-0.699490339552495,1.3366776171533457,0.24776060881442036,-1.0889170083389252,2.1039891504857584,0.804874182031549,-1.2991149684542094,1.9959985416875972,13.15345535757872,1,0,1,0,2,0,1,0,1,0,0,1
3998849,f423af5b-3a42-4dad-b87f-4d0318f5c96d,2,62,32,Germany Women's,Janina Minge,Rebecca Knaak,29.1,49.1,34.3,30.9,18.928286,5.172580356750615,0.029832322350646843,0.020498004345471187,-0.009334318005175656,0.20998863678891214,0.14271275375482867,-0.06727588303408347,0.6939496814759448,0.48329461313916056,-0.21065506833678427,12.682101414609203,13.441939498729372,0,0,0,0,0,0,0,0,1,0,0,1
3998849,19bf01c3-4f4a-4c2d-a45d-92bd8f468925,2,62,35,Germany Women's,Rebecca Knaak,Klara Bühl,36.5,26.5,56.1,7.9,27.020733,13.074697721018268,0.022956033876719233,0.0038073770240469053,-0.01914865685267233,0.14717988382476657,0.043278169477124845,-0.10390171434764173,0.462191689350351,0.199448720216844,-0.262742969133507,13.187593762696233,16.921194803484212,0,0,0,0,0,0,0,0,1,0,0,1
3998849,84a982a4-d90c-4b5c-9674-9410389ce557,2,62,43,Germany Women's,Klara Bühl,Rebecca Knaak,77.4,13.8,64.2,13.8,13.2,-11.632790351613643,0.45640212566431526,0.04542202815542849,-0.41098009750888675,0.7487137516045169,0.21989625975081994,-0.528817491853697,1.2388620230424372,0.6180756423455472,-0.62078638069689,2.475656142657369,10.135297992235088,1,0,1,0,1,0,0,0,1,0,0,1
3998849,ac6796ee-e63d-4c43-a176-14c53165feb0,2,62,45,Germany Women's,Rebecca Knaak,Klara Bühl,65.6,15.2,79.8,7.5,16.153328,8.09208908651609,0.15620964757546504,0.0613207185042414,-0.09488892907122365,0.47099160201854673,0.25867011881729984,-0.21232148320124689,0.9874594901810414,0.7041317555102105,-0.28332773467083094,7.684165629976225,8.811560957390304,0,0,0,0,2,0,0,0,1,0,0,1
3998849,4e6f3702-de0b-4b60-88d9-12e4a2619253,2,63,29,Germany Women's,Klara Bühl,Elisa Senß,55.6,10.6,55.4,20.5,9.90202,3.3145428429735517,0.2092381584844224,0.4061362165931378,0.1968980581087154,0.5333757894597991,0.8782369547980969,0.3448611653382978,0.983849975949091,1.5093237729729598,0.5254737970238689,6.290322844619325,4.1029338485534455,0,0,0,1,2,2,0,0,1,0,0,1
3998849,0e9495e1-749a-4ed4-a6be-1161b8996876,2,63,30,Germany Women's,Elisa Senß,Linda Dallmann,55.4,21.2,66.3,24.1,11.279184,11.27554778282196,0.5188078460775526,0.7535740609895903,0.23476621491203775,1.042189927239111,1.3524427991576395,0.31025287191852846,1.709344212113362,2.2594195640380237,0.5500753519246617,3.3897094976203386,1.629072991650177,0,1,1,1,2,1,0,0,1,0,0,1
3998849,5c76ae6e-d5a4-4c96-a1d4-9105507bb8a7,2,63,33,Germany Women's,Linda Dallmann,Elisa Senß,62.9,18,57.8,22.9,7.072482,-3.3161670835018526,0.6743320391909876,0.28351957109376147,-0.39081246809722614,1.259437809344931,0.878796644324774,-0.380641165020157,2.108216514748735,1.8046839307581861,-0.3035325839905487,2.0223115550529878,5.640506257030461,1,0,1,0,2,1,0,0,1,0,0,1
3998849,65164bd3-18f0-425d-a980-a050890d519e,2,63,35,Germany Women's,Elisa Senß,Carlotta Wamser,57.8,22.9,64.2,70.4,47.92922,0.9640657119363354,0.42547970259378465,0.08087764347684875,-0.34460205911693587,1.0664136233619717,0.25104446278132836,-0.8153691605806432,1.9945597442843828,0.5851937597138266,-1.4093659845705562,4.23953611957572,7.604192112541871,0,0,1,0,2,1,0,0,1,0,0,1
3998849,3da6a49b-6492-41b6-9eb1-bd0eebc129ba,2,63,39,Germany Women's,Carlotta Wamser,Jule Brand,64.3,73.5,83.1,68.6,19.428072,18.312134870679913,0.435944813556537,0.6536070085996599,0.2176621950431229,0.6506837195074893,0.9172779939896016,0.26659427448211237,0.9745387475079675,1.3336908810076775,0.35915213349971,2.508830234405001,1.404631800858699,1,1,1,1,1,1,0,0,1,0,0,1
3998849,4a32075b-c514-43e3-90ce-292ea20d0153,2,63,45,Germany Women's,Jule Brand,Sjoeke Nüsken,84.9,52.2,93.8,53,8.935883,7.911884188340586,0.628751168877626,0.5889440206878476,-0.039807148189778485,1.4365441692169594,1.470970447176629,0.03442627795966957,2.551096606587528,2.673137028461244,0.12204042187371611,3.8758777399513287,4.574748582027607,0,0,1,1,3,2,0,0,1,0,0,1
3998849,c7fd46ed-0186-4fdb-9262-93921099fd91,2,63,50,Denmark Women's,Cornelia Kramer,Frederikke Thøgersen,9.1,54.7,16,74.8,21.251352,2.2021516531703043,0.3806681248325338,0.4495441011909231,0.06887597635838927,0.7503904792203888,0.783999348665876,0.03360886944548713,1.290050132875509,1.1890000740765274,-0.10105005879898155,3.3883489074232496,2.8391034807296682,0,1,1,1,1,1,0,0,1,0,0,1
3998849,baef8326-4a59-4f45-a7c7-a4de04fd5233,2,64,8,Germany Women's,Rebecca Knaak,Janina Minge,85.3,9.5,71.1,25.1,21.095022,-4.92074579942755,0.040642774481092186,0.023418999195389124,-0.017223775285703062,0.2168088267068304,0.16483603660641793,-0.051972790100412475,0.6567637451934141,0.5820538778443507,-0.07470986734906337,10.700623192658187,12.52102927724604,0,0,0,0,0,0,0,0,1,0,0,1
3998849,d8b566f3-f1c1-4239-9dbc-cf8643503412,2,64,11,Germany Women's,Janina Minge,Carlotta Wamser,71.1,30.5,71.8,62.1,31.607752,-3.2107391186483625,0.05419567534379495,0.024155244722105295,-0.030040430621689655,0.2540057313093877,0.15799373633265232,-0.09601199497673538,0.7415423554049785,0.5502751576229975,-0.19126719778198098,9.342952991372217,11.976686958494684,0,0,0,0,0,0,0,0,1,0,0,1
3998849,e31f9169-7354-41ab-b4cb-4b1094a562ba,2,64,14,Germany Women's,Carlotta Wamser,Sjoeke Nüsken,76.2,62.3,84.6,56.2,10.381233,10.219368622970606,0.06090643639952687,0.4332115809137999,0.37230514451427305,0.262340890089142,1.0466532470086984,0.7843123569195565,0.7380718583700833,1.9536194703491911,1.2155476119791078,8.903998563376685,4.720426523208547,0,0,0,1,0,3,0,0,1,0,0,1
3998849,eee23be1-e296-4718-b0e1-7ecefebd71ed,2,64,15,Germany Women's,Sjoeke Nüsken,Carlotta Wamser,84.6,56.2,78.8,71.5,16.362457,-12.931513643621209,0.4332115809137999,0.18354343118034114,-0.24966814973345877,1.0466532470086984,0.488246721997626,-0.5584065250110725,1.9536194703491911,1.0382190353457001,-0.915400435003491,4.720426523208547,5.469760947698045,0,0,1,0,3,1,0,0,1,0,0,1
3998849,d6080cb4-45aa-4c6c-b1c5-93c4f224a49e,2,64,17,Germany Women's,Carlotta Wamser,Jule Brand,79.6,73.2,91.9,78.1,13.24009,4.949965590817236,0.3297338905231169,0.13064789991501696,-0.19908599060809995,0.6670101078573799,0.4386709996034287,-0.2283391082539512,1.2118738064633943,1.0046229152409918,-0.20725089122240248,3.641046833512718,6.8420299118954695,0,0,1,0,1,1,0,0,1,0,0,1
3998849,406d2a9e-64de-4c93-9405-5ebbaa7d8d78,2,64,22,Germany Women's,Jule Brand,Sjoeke Nüsken,92.8,69.9,105.3,77.7,14.733974,-0.04364195835680107,0.5015699885247119,0.08125736755902509,-0.42031262096568683,1.068515976205441,0.3465655580681141,-0.7219504181373269,1.9245185275153884,0.8999153567622731,-1.0246031707531154,2.9972116539441767,9.67626240232867,1,0,1,0,1,0,0,0,1,0,0,1
3998849,17a4acc8-761d-4f6d-b3f2-c76e9c2ba0e9,2,64,44,Germany Women's,Ann-Katrin Berger,Rebecca Knaak,29.1,57.9,41.6,38.3,23.24672,14.227240127417033,0.0003215296573465502,0.0022987823856183425,0.0019772527282717924,0.009903678183214998,0.03183701212734636,0.021933333944131363,0.07059112317904236,0.14561287541190723,0.07502175223286488,24.654631440964135,18.6695642399921,0,0,0,0,0,0,0,0,1,0,0,1
3998849,c9aa28e8-81bf-45be-b806-68a40c1c07c4,2,64,50,Germany Women's,Rebecca Knaak,Klara Bühl,49.7,24.3,58.7,10.8,16.224981,4.132387637878736,0.01694309488198966,0.05994321665471472,0.04300012177272506,0.12502185377761565,0.21673582816698345,0.09171397438936779,0.43483748151042945,0.5342126534162143,0.09937517190578482,13.224127031423409,8.557981974993988,0,0,0,0,0,0,0,0,1,0,0,1
3998849,2f4502e5-a80d-4fcb-993b-5adf71a50088,2,64,52,Germany Women's,Klara Bühl,Rebecca Knaak,57.4,11,50.9,17.8,9.406913,-3.5875641991567306,0.03578656640631061,0.037922644055274256,0.002136077648963647,0.1716370641439937,0.19427566557543832,0.02263860143144461,0.4767880634462299,0.5707159125177333,0.09392784907150342,10.303627495875388,10.33871756674252,0,0,0,0,0,0,0,0,1,0,0,1
3998849,a5feba71-a559-43fb-b3ba-29a640768402,2,64,55,Germany Women's,Rebecca Knaak,Klara Bühl,55.4,21.4,63.6,9.2,14.69966,2.962436465361634,0.07965201621694049,0.030499813499964775,-0.04915220271697571,0.2982717084966163,0.16914487129683073,-0.12912683719978554,0.7516044626968927,0.5110899395546891,-0.24051452314220367,8.021529177907194,11.107757557420587,0,0,0,0,0,0,0,0,1,0,0,1
3998849,ff3969ba-a71d-465b-9908-b6c2f40b990f,2,64,59,Germany Women's,Klara Bühl,Elisa Senß,69.7,9.7,65.8,22.7,13.572398,1.8271814189111097,0.20414559886104164,0.4144714596775329,0.21032586081649127,0.5510035180119379,0.9301137350174007,0.37911021700546277,1.173466357313251,1.6914530704822925,0.5179867131690414,5.223703739890797,4.525577517351789,0,0,0,1,1,2,0,0,1,0,0,1
3998849,f7abc92d-431b-4742-b298-aac1565d3ed2,2,65,0,Germany Women's,Elisa Senß,Ann-Katrin Berger,65.1,22.9,42.6,42.3,29.708754,-19.932687344131722,0.6937283420986161,0.002946696037536065,-0.6907816460610801,1.1979429521919223,0.046950656695655554,-1.1509922954962668,1.8448884122682185,0.2456783632598326,-1.599210049008386,2.618419661116592,18.913174908973776,1,0,2,0,2,0,0,0,1,0,0,1
3998849,555c876c-dd70-4194-8811-b3b3fcb3d3e8,2,65,3,Germany Women's,Ann-Katrin Berger,Janina Minge,42.6,45.1,49.2,59.3,15.658863,4.184396275053572,0.003925725795113343,0.018912332148913406,0.014986606353800063,0.051711305847334264,0.10281034786727496,0.05109904201994069,0.2538055679668572,0.3292328972448151,0.07542732927795787,17.412332063532105,11.937760390476155,0,0,0,0,0,0,0,0,1,0,0,1
3998849,c61af04b-54cb-4a24-aaa3-761defc41980,2,65,8,Germany Women's,Carlotta Wamser,Janina Minge,57.8,77,50.3,68.8,11.112605,-3.0427914292414897,0.47906453207898225,0.08024741932309624,-0.398817112755886,0.7843984292009849,0.3192639502019428,-0.4651344789990421,1.2057012079587337,0.7856473102539883,-0.42005389770474544,2.472434507656773,9.111262689412058,1,0,1,0,1,0,0,0,1,0,0,1
3998849,52c59cf0-50f0-413a-ac26-4ca09d1bbd5a,2,65,11,Germany Women's,Janina Minge,Rebecca Knaak,51.5,67.9,58,34.2,34.32113,11.693210748613588,0.08464632506868663,0.1882970966528417,0.10365077158415506,0.3306357397682835,0.4242491195285003,0.09361337976021683,0.8273496383075605,0.8234168560860355,-0.003932782221524933,8.04005279863937,5.091470958800258,0,0,0,0,0,1,0,0,1,0,0,1
3998849,d32506c1-a6ef-4a6c-9e33-a801cd251985,2,65,13,Germany Women's,Rebecca Knaak,Ann-Katrin Berger,57,34.2,41.2,41.7,17.489712,-15.551914636938882,0.1882970966528417,0.005594194589195315,-0.18270290206364637,0.4242491195285003,0.06233088620910018,-0.36191823331940015,0.8234168560860355,0.2753084253747186,-0.5481084307113169,5.091470958800258,16.64258944847555,0,0,0,0,1,0,0,0,1,0,0,1
3998849,2f39ecb1-b976-4a4c-af32-20b93afd9663,2,65,15,Germany Women's,Ann-Katrin Berger,Rebecca Knaak,42.4,42.3,56.3,21.2,25.266975,11.217739217725125,0.00673070768997388,0.10646009589869089,0.099729388208717,0.07002293614988364,0.3238944074687853,0.25387147131890164,0.2966433546352684,0.7254993089483628,0.42885595431309437,16.17191136731444,6.9343382303867065,0,0,0,0,0,1,0,0,1,0,0,1
3998849,f22387e5-d00a-4f4b-9c61-5364d877ecda,2,65,27,Germany Women's,Jule Brand,Lea Schüller,101.2,40.5,108.7,34.1,9.859513,6.059098976849844,0.6313010141832204,0.8823929163075875,0.25109190212436716,1.3711849936551317,1.6298466522053794,0.2586616585502477,2.380934136651925,2.539240266790773,0.15830613013884776,3.6989581754686296,2.2325553627289776,0,1,2,2,3,3,0,0,0,1,1,1
3998849,6b27e588-55b0-4b3e-8dfd-8bd808712d4d,2,68,52,Denmark Women's,Emma Skou Færge,Pernille Mosegaard Harder,44.3,39.4,71.8,23,32.0189,24.592300485559676,0.25596225175734555,0.17628355594419026,-0.07967869581315529,0.531394013110502,0.578341349180452,0.04694733606994994,0.9379280439786983,1.32335643110739,0.38542838712869165,4.31749252295086,7.207521421939808,0,0,1,0,1,2,0,0,0,0,0,0
3998849,c8512409-ecc7-4763-9b82-0902ab5f794c,2,68,56,Germany Women's,Sjoeke Nüsken,Jule Brand,38.3,55.5,43,58.1,5.3712196,4.058585016767978,1.0438181579304537,0.6743959099435244,-0.36942224798692935,1.5070358796469823,1.2167628776169113,-0.290273002030071,2.190173044421899,1.9473263900275055,-0.24284665439439368,0.39503240425728486,2.1588575368085343,1,1,1,1,1,2,0,1,1,0,0,1
3998849,2673cf6b-4d35-447b-a937-3654d05261fb,2,69,0,Germany Women's,Jule Brand,Carlotta Wamser,44.3,62.1,62.5,72.8,21.112318,12.662646093454114,0.5973382086155243,0.06252535191343628,-0.534812856702088,1.2831396393922985,0.34498526862404594,-0.9381543707682525,2.184122283000318,1.0091364417918498,-1.1749858412084684,3.212476230403529,10.386749586395863,0,0,1,0,3,0,0,0,1,0,1,1
3998849,66af902e-ea9e-414e-a03f-c3bb1f0f367e,2,69,7,Germany Women's,Carlotta Wamser,Lea Schüller,92.8,62.3,110.8,41.4,27.582785,25.866946755214723,0.27002715561914015,0.9618037918164919,0.6917766361973517,0.8029350506940544,1.7511222855828568,0.9481872348888024,1.625552610709336,2.7894505169750095,1.1638979062656734,5.885376529117007,1.6848734460103223,0,1,0,2,1,3,0,0,0,1,1,1
3998849,6c0f6e37-e4aa-49ec-91be-81f479d8fd70,2,74,55,Germany Women's,Ann-Katrin Berger,Rebecca Knaak,4.2,40.5,15.5,21.4,22.19234,9.658675097939508,0.11219212646482697,0.0648639477236453,-0.04732817874118167,0.312412865898822,0.219923673392526,-0.092489192506296,0.6491700873397039,0.5262793295886682,-0.12289075775103575,6.6683188317688655,8.267424979469268,0,0,0,0,1,0,0,0,1,0,0,1
3998849,099f7cc8-68d8-4a0b-9710-e69622e70aa3,2,75,7,Germany Women's,Giovanna Hoffmann,Klara Bühl,90.1,9,111.2,13.4,21.553886,15.051975573180858,0.39604148685934654,0.3098856022377969,-0.08615588462154966,0.831238424811819,0.6628703612761315,-0.16836806353568745,1.4496519430877652,1.2449722948202397,-0.2046796482675255,3.581196340160273,3.959324721507003,0,0,1,1,1,1,0,0,1,0,1,1
3998849,27011134-5b0a-4829-85c9-26b772816186,2,75,59,Germany Women's,Giovanna Hoffmann,Jule Brand,71.3,75,64.5,77.5,7.2449985,-7.00893036188377,0.4320698675527902,0.6262383608257455,0.19416849327295527,1.0121630913047108,1.1987488131839397,0.18658572187922884,1.8606738577885251,2.0219504826676413,0.1612766248791162,4.815707311380904,3.317218463101021,0,0,1,2,2,2,0,0,1,0,0,1
3998849,26b61a62-2148-4545-86c1-bd9679ededaa,2,75,59,Germany Women's,Jule Brand,Laura Freigang,64.5,77.5,64,73.2,4.3289723,1.8795741962083383,0.6262383608257455,0.5919452076498655,-0.03429315317588,1.1987488131839397,1.3268083230602603,0.12805950987632064,2.0219504826676413,2.340232410447205,0.31828192777956366,3.317218463101021,4.535778770218816,0,0,2,1,2,3,0,0,1,0,0,1
3998849,15f6162a-650c-4e8e-b83d-67ab9c7b82bd,2,76,1,Germany Women's,Laura Freigang,Carlotta Wamser,64.2,75.7,55.4,77.5,8.982204,-8.45248643153353,0.962646559066243,0.22159141496208573,-0.7410551441041573,1.7530993577819307,0.7586733042731328,-0.9944260535087979,2.7398856297781684,1.6585192966556106,-1.0813663331225578,2.2289682478725927,6.575015288926489,1,0,3,0,3,1,0,0,1,0,0,1
3998849,4f505597-ce4d-4ec4-af5a-004896556e8d,2,76,3,Germany Women's,Carlotta Wamser,Janina Minge,54.1,77.5,37.9,72.1,17.0763,-12.329698639961336,0.4649952985003496,0.09294832861201738,-0.3720469698883322,0.9827332341345518,0.33050215691133444,-0.6522310772232174,1.804723132260884,0.8174639492960958,-0.9872591829647883,2.9052493690584122,7.495669334110494,1,0,1,0,1,1,1,0,1,0,0,1
3998849,f7cab46a-95cf-49ec-9de4-9d835c021f0c,2,76,4,Germany Women's,Janina Minge,Jule Brand,36.8,73.5,72.2,73.2,35.40127,31.492455525644644,0.18235575180653849,0.9514144977237294,0.7690587459171909,0.4387355397961803,1.2893040694783968,0.8505685296822165,0.8815118915257772,1.8442631627171275,0.9627512711913503,5.255621268688224,0.5702229363657195,0,1,0,1,1,2,0,0,1,0,0,1
3998849,c768972d-b42d-4031-917f-d62e948f36b4,2,76,21,Germany Women's,Elisa Senß,Sarai Linder,71.8,20.5,65.6,7.7,14.222517,-11.271403901560156,0.4751552308661434,0.12688672637945758,-0.34826850448668584,0.827442577486185,0.3643876691483837,-0.4630549083378013,1.374426864819697,0.8178917243956176,-0.5565351404240793,2.518837789708203,6.384758606023773,1,0,1,0,1,1,0,0,1,0,0,1
3998849,344eb1ca-dfd9-4cff-a079-fc7a8c29b84c,2,76,24,Germany Women's,Sarai Linder,Ann-Katrin Berger,63.6,7.5,28.8,34.2,43.862625,-26.290388401722424,0.621211107871887,0.006612912665614255,-0.6145981952062728,0.8644527795036159,0.05621735222895269,-0.8082354272746632,1.2506130253100394,0.20036314129800786,-1.0502498840120316,1.5200880022233416,15.22545100726246,1,0,1,0,1,0,0,0,0,0,0,0
3998849,57711485-4ea4-4c55-aade-1e3aa1f2ee19,2,76,49,Denmark Women's,Stine Ballisager Pedersen,Katrine Veje,37.7,42.1,34.4,23.7,18.693583,-4.811320905953778,0.11047160848679635,0.034777018462707296,-0.07569459002408906,0.3512790412016717,0.17044714823978938,-0.18083189296188232,0.8188831916251106,0.4946430459494439,-0.32424014567566667,6.882123077636724,10.468803717726324,0,0,0,0,1,0,0,0,1,0,0,1
3998849,ce4f5748-06d8-4f24-87c6-a2c04059bf5a,2,76,54,Denmark Women's,Katrine Veje,Emma Skou Færge,46.6,41.8,41.3,64.1,22.92117,-8.885283298621928,1.2719934449036074,0.14799278332479163,-1.1240006615788158,1.770406261958976,0.39170590235269637,-1.3787003596062797,2.3495139721055143,0.832578905317656,-1.5169350667878583,1.5783415419405473,5.904263067534824,2,0,2,0,3,1,1,0,1,0,0,1
3998849,7d4d0a03-34e0-4c76-9947-b0ad2f759c68,2,76,56,Denmark Women's,Emma Skou Færge,Frederikke Thøgersen,41.3,64.3,55.9,74.2,17.64001,9.713191688241906,0.14799290465544535,0.24477360501110854,0.09678070035566319,0.39170611243959585,0.6597664762626246,0.2680603638230288,0.8325792073491215,1.3005789229710383,0.4679997156219168,5.904260699141221,5.987127866808739,0,0,0,0,1,2,0,0,1,0,0,1
3998849,eaa63d4c-895e-4e80-a335-ee4519647e8c,2,77,3,Denmark Women's,Emma Skou Færge,Frederikke Thøgersen,35,76.8,37.2,67.1,9.946356,5.50214606673957,0.18918777817328628,0.2363886573589682,0.047200879185681915,0.4111988510201481,0.6683155997303325,0.2571167487101844,0.7655023845310157,1.3309535208423755,0.5654511363113598,5.043215678323695,5.998022671584086,0,0,0,0,1,2,0,0,1,0,0,1
3998849,08931dfd-8559-4b9d-a516-a940de48dc71,2,77,5,Denmark Women's,Frederikke Thøgersen,Emma Skou Færge,39.5,68.2,47.4,73.6,9.5692215,5.298232947805815,0.53147974617923,0.6108118729270758,0.07933212674784584,1.0226079767112763,1.141246050434846,0.11863807372356971,1.675779403557287,1.8287955655570343,0.1530161619997472,3.3543513997840186,2.9975609121544387,0,1,1,2,2,2,1,0,1,0,0,1
3998849,f1fde656-cd49-4feb-957e-247d59d9ec2a,2,77,8,Denmark Women's,Emma Skou Færge,Sanne Troelsgaard-Nielsen,49,69.5,48.1,56.5,13.0311165,3.115690201795047,0.8579532295557526,0.24533357770900646,-0.6126196518467462,1.60402821638965,0.9007833246310816,-0.7032448917585684,2.4839232334306245,1.9707170116363715,-0.513206221794253,3.0969235105165187,7.29736671248842,0,0,2,0,3,1,1,0,1,0,0,1
3998849,0068b337-2344-4360-9565-9b1cf5a7088c,2,77,10,Denmark Women's,Sanne Troelsgaard-Nielsen,Josefine Hasbo,50,55.2,51.2,29.7,25.52822,2.064547530172362,0.4722122878900724,0.013830959329006381,-0.45838132856106606,1.273620247648222,0.15516697592278128,-1.1184532717254405,2.437463290330894,0.6657841708031244,-1.7716791195277697,5.046586242783292,15.042407110733638,0,0,0,0,3,0,0,0,1,0,0,1
3998849,7a860b9f-4513-49bb-a3e7-fd0e8bbb2b4f,2,80,5,Denmark Women's,Emma Skou Færge,Signe Kallesøe Bruun,21.3,67.1,64.5,70.2,43.311085,39.16825026143044,0.011991722952532638,1.102126007991929,1.0901342850393965,0.08029917380815635,1.5203988719513517,1.4400996981431953,0.2754476270610015,2.2427033812037105,1.967255754142709,13.349851362445426,0.17525828614630165,0,1,0,1,0,2,0,0,1,0,0,1
3998849,e70c4254-b456-4895-a42d-2245038dc863,2,80,10,Germany Women's,Sjoeke Nüsken,Elisa Senß,48.3,12.5,48.7,26.5,14.005713,4.226041392666744,0.8339141462253221,0.7810750510488867,-0.05283909517643537,1.4200827583167388,1.4658520720690276,0.045769313752288765,2.10370294163292,2.3083968847212297,0.2046939430883099,2.525924675334888,1.9933398257447388,1,1,2,1,3,2,1,0,0,0,0,0
3998849,f527e054-34b3-403a-aa46-fff7ea86edac,2,80,14,Denmark Women's,Cornelia Kramer,Pernille Mosegaard Harder,78.9,55.4,78.3,63.3,7.922752,-3.8775491486192806,1.2164969916309107,1.0543900678447045,-0.16210692378620628,1.7989357989336048,1.7052179952624866,-0.09371780367111815,2.5607116501399325,2.550938579255784,-0.00977307088414836,0.49795142416962357,1.140303393224743,1,1,1,2,3,3,1,0,1,0,0,1
3998849,64be03dc-8673-45de-a146-5958d4af3693,2,81,0,Germany Women's,Janina Minge,Sarai Linder,35.3,12.3,44.3,6.7,10.6,6.4138766971107515,0.18581840534300698,0.026299508704249356,-0.15951889663875762,0.3857849062218703,0.1431810191155151,-0.2426038871063552,0.6524767911087596,0.4018469067907005,-0.25062988431805905,5.073194845598007,11.550657543174808,0,0,0,0,1,0,0,0,1,0,0,1
3998849,e3c4674e-341b-4c20-815b-0042a27d51ea,2,81,5,Germany Women's,Janina Minge,Sarai Linder,34.6,11.2,44.3,5.3,11.353414,6.851342465289434,0.07317817353438284,0.026358258585049362,-0.04681991494933348,0.23010538072095052,0.16889281740581719,-0.061212563315133334,0.4904953965914761,0.4985099190458484,0.008014522454372286,7.916948444005115,12.964132850321331,0,0,0,0,1,0,0,0,1,0,0,1
3998849,ac549522-1d62-47e1-ad6b-dda05463c6cb,2,81,7,Germany Women's,Sarai Linder,Janina Minge,44.3,5,28.6,12.1,17.230787,-12.163854095026693,0.13869568829942147,0.08614179060801315,-0.05255389769140832,0.39268006002807665,0.2591096297566683,-0.13357043027140836,0.8077375925921334,0.5808014330387155,-0.22693615955341795,6.268727733431206,7.4088357579499124,0,0,0,0,1,1,0,0,1,0,0,1
3998849,aa334516-e03f-432a-80c3-7f43280b7545,2,81,10,Germany Women's,Janina Minge,Ann-Katrin Berger,21.7,13.4,7.6,34.7,25.544079,-10.689479719923924,0.23432094279215793,0.10419728747203057,-0.13012365532012737,0.44161724988073225,0.30095097843982677,-0.1406662714409055,0.7217723765057247,0.5896633283377777,-0.132109048167947,4.367524051159763,7.019154146759755,0,0,1,0,1,1,0,0,1,0,0,1
3998849,df670c35-49cf-49ef-9220-7fd85e300559,2,81,12,Germany Women's,Ann-Katrin Berger,Kathrin Julia Hendrich,7.8,35.2,15.1,59.7,25.564428,5.568845892241569,0.10419727834349932,0.006791844149973185,-0.09740543419352612,0.3009509631956635,0.06522817923321933,-0.23572278396244417,0.5896633102920825,0.2762117845006686,-0.31345152579141394,7.0191544163768675,15.274491755345547,0,0,0,0,1,0,0,0,1,0,0,1
3998849,832ff2ad-7ccc-43a8-a678-5af9d1000abf,2,81,20,Germany Women's,Sjoeke Nüsken,Janina Minge,27.2,56.9,24.4,23.6,33.41751,-2.6701994026377065,0.7198543503619154,0.06899857703296362,-0.6508557733289517,1.0716376915584815,0.25873695781027906,-0.8129007337482025,1.6092080577212033,0.6001653244069427,-1.0090427333142606,1.2753954180753342,8.539009346397615,1,0,1,0,1,0,0,0,1,0,0,1
3998849,9e08bf5c-70ae-4173-b5dd-72726c3f56f6,2,81,24,Germany Women's,Janina Minge,Ann-Katrin Berger,23.2,28.7,12.4,38.2,14.383672,-10.157730715268897,0.3778067391353696,0.01862102831475661,-0.359185710820613,0.6848405850414903,0.1232843206495155,-0.5615562643919747,1.0707599729603057,0.40199419351544446,-0.6687657794448612,3.240477857434317,12.464059620321207,0,0,1,0,1,0,0,0,1,0,0,1
3998849,2122332b-6940-424f-b307-fcdd99ca5f2b,2,81,43,Germany Women's,Sarai Linder,Janina Minge,26.2,8.3,13.9,10.8,12.551494,-11.032996641708678,0.2741431214842328,0.16047052299003747,-0.11367259849419534,0.655577266149862,0.4781320210993354,-0.1774452450505266,1.3060949767684231,0.9997560450067436,-0.3063389317616795,4.387495931218266,6.417736176990529,0,0,1,0,1,1,0,0,1,0,0,1
3998849,ca810474-58ad-4010-aac4-8d17467d7e6f,2,81,46,Germany Women's,Janina Minge,Ann-Katrin Berger,13.9,12.8,3.6,32.7,22.407587,-7.09763846615985,0.3966516774941631,0.05188175976773653,-0.34476991772642657,0.7294262421689734,0.21566011537632013,-0.5137661267926533,1.2211863383682653,0.5733705982721137,-0.6478157400961516,3.0462197448908936,9.12448661829542,0,0,1,0,1,0,0,1,1,0,0,1
3998849,d31072ce-2c63-46d1-b3f5-bf10a765c276,2,81,52,Germany Women's,Ann-Katrin Berger,Giovanna Hoffmann,8.8,34.2,52.3,21.9,45.205532,41.27334236518563,0.4952894020930344,0.23496985310917723,-0.2603195489838572,0.7339780763362063,0.615128359626377,-0.11884971670982925,1.0679396841883957,1.2703838981058224,0.20244421391742673,2.1867793871926406,4.939246381751548,1,0,1,1,1,1,1,0,0,0,0,0
3998849,3066912a-1412-49bf-81fb-a72abdae9265,2,82,18,Germany Women's,Laura Freigang,Elisa Senß,65.8,22.5,57.8,21.6,8.050466,-7.909316298123102,1.052339105052533,0.4288157061195842,-0.6235233989329488,1.4958665871027472,1.1749133326877246,-0.32095325441502265,2.258827904668334,2.2139676748621,-0.04486022980623394,0.4149027415910235,4.923031857189138,1,0,1,1,2,2,0,0,0,0,0,0
3998849,1838b0ec-7e96-4e7b-ae9a-c0229aa6db64,2,82,19,Germany Women's,Elisa Senß,Sjoeke Nüsken,57.8,21.6,57.4,34.7,13.106106,2.0405137006341363,0.4288157061195842,0.26627778514326733,-0.16253792097631686,1.1749133326877246,0.9162955146045334,-0.2586178180831912,2.2139676748621,1.9665536217909616,-0.24741405307113862,4.923031857189138,7.747113310165162,0,0,1,0,2,1,0,0,1,0,0,1
3998849,6c61bfa5-2aed-4205-b29f-35db24a1b19e,2,82,21,Germany Women's,Sjoeke Nüsken,Carlotta Wamser,64,36.7,72.7,69.2,33.644318,0.5100090773225574,0.37065711579256544,0.04679868234659222,-0.3238584334459732,1.00713710271952,0.21741562713640794,-0.789721475583112,2.044310885741209,0.6339969234723052,-1.410313962268904,4.312493202410193,9.557690740181238,0,0,1,0,1,0,0,0,1,0,0,1
3998849,54e88312-a9d3-48c5-a21d-a76b117e0f4a,2,82,30,Germany Women's,Carlotta Wamser,Laura Freigang,96.4,60.3,103.5,45.5,16.414932,13.737040806968576,0.613664159559358,1.1248100104332348,0.5111458508738768,1.0118107637669338,1.9310378351263247,0.9192270713593909,1.6442881784584988,3.0750461248683316,1.4307579464098328,1.9338953069116807,0.9598309770970052,1,1,1,2,2,3,0,0,1,0,0,1
3998849,eb695cee-a398-4510-b517-5b10fc27736b,2,82,31,Germany Women's,Laura Freigang,Sjoeke Nüsken,103.7,43.1,96.4,46.2,7.930952,-7.808652831815934,1.1248107274446935,0.33710198466312863,-0.7877087427815648,1.9310384604659823,1.0966284752180537,-0.8344099852479285,3.0750466258520808,2.317115161788458,-0.7579314640636228,0.9598288538403884,6.312427808065003,1,0,2,0,3,2,0,0,0,0,0,0
3998849,3c278ff5-46f1-4146-9b30-2679d7a948a7,2,82,32,Germany Women's,Sjoeke Nüsken,Carlotta Wamser,93.5,46.4,89.1,56.2,10.742439,-7.627231903707504,0.7626007835803768,0.149570776161138,-0.6130300074192387,1.5945067938397448,0.5289389981545041,-1.0655677956852407,2.7926847364086567,1.2961152190030827,-1.496569517405574,2.224000443266011,6.504641684727715,1,0,1,0,3,1,0,0,1,0,0,1
3998849,e0126d18-f0f8-4666-8bcc-e972a5e04c86,2,82,34,Germany Women's,Carlotta Wamser,Jule Brand,90.1,55.1,104.3,72.1,22.150394,-2.237170571627587,0.2688505040655459,0.21687098303091135,-0.051979521034634546,0.7038201890585651,0.5611695062861108,-0.1426506827724543,1.4984045577849672,1.1718507096699573,-0.32655384811500987,4.4923754110539775,5.116968843540292,0,0,1,0,1,1,0,0,1,0,0,1
3998849,c922182b-7a66-4be8-a8c4-6391465d02eb,2,82,47,Germany Women's,Carlotta Wamser,Klara Bühl,95,76.3,113.4,67.2,20.527298,16.086673501302368,0.4659788051524982,0.3257535589901265,-0.1402252461623717,0.8008895255539236,0.7357764226715797,-0.06511310288234384,1.2550520594204906,1.3802762668339668,0.12522420741347617,2.763510434426172,4.27639694621035,1,0,1,1,1,2,0,0,1,0,1,1
3998849,0ee81747-6bb1-4923-8058-0e0cb7428c60,2,83,6,Denmark Women's,Maja Bay Østergaard,Stine Ballisager Pedersen,9.7,47.7,10,34.3,13.4033575,0.42085752846888624,0.004088012679253364,0.0019586088220147992,-0.0021294038572385646,0.05440447726244813,0.03313653955533596,-0.021267937707112175,0.2539281734797491,0.17683861173381155,-0.07708956174593756,17.529910688220806,19.547548426158336,0,0,0,0,0,0,0,0,1,0,0,1
3998849,f07e0a81-29ae-4659-a0fa-31115639a4ef,2,83,13,Denmark Women's,Josefine Hasbo,Sara Holmgaard,42.3,23,63.1,2,29.557402,11.115686660782515,0.8002508989615217,0.13621050995096873,-0.664040389010553,1.1015400996939981,0.35245629363988845,-0.7490838060541096,1.5413855576001736,0.723865333946642,-0.8175202236535316,1.0329946275232762,6.086293750636489,1,0,1,0,2,1,0,0,0,0,0,0
3998849,36eda903-af54-4ed5-8433-9fa501b3ccd9,2,83,17,Denmark Women's,Sara Holmgaard,Pernille Mosegaard Harder,62.3,2.4,63.8,5.8,3.7161808,3.0816598755541094,0.615011511214501,1.1367631029702345,0.5217515917557335,0.9506198751721486,1.4803131167801824,0.5296932416080338,1.3973853877532871,1.9391722033639611,0.541786815610674,1.87688096277903,0.5019168300490185,1,1,1,2,2,2,1,0,0,0,0,0
3998849,17f69b99-bed0-404f-a7b1-8ce7e09c4484,2,83,22,Germany Women's,Laura Freigang,Sarai Linder,63.4,52.2,57.2,20.3,32.49692,-7.91748527133457,0.1720605218172339,0.0595864781436837,-0.11247404367355021,0.628483441884539,0.25810573517758695,-0.370377706706952,1.4030101703418947,0.6681926053793765,-0.7348175649625182,7.738926223948691,9.747165423139318,0,0,0,0,1,0,0,0,1,0,0,1
3998849,2d55949a-2fa0-44f0-bc79-30d94f9c4b38,2,83,28,Germany Women's,Sarai Linder,Janina Minge,61.8,18.8,43.8,22.1,18.3,-16.333257924749148,0.20464206352931516,0.03414425002583418,-0.17049781350348098,0.5196158236411649,0.1457346224824393,-0.3738812011587256,0.9570073858782472,0.4017640219782568,-0.5552433638999904,6.068881598384375,10.167807902521467,0,0,0,0,2,0,0,0,1,0,0,1
3998849,60011058-1ef3-4855-b4f5-e03b302a7806,2,83,32,Germany Women's,Janina Minge,Ann-Katrin Berger,43,23.9,24.6,39.1,23.866295,-16.739068649006796,0.09631791942433489,0.0009438276817578371,-0.09537409174257705,0.2745996111119878,0.021672207549636235,-0.25292740356235155,0.5991184021436091,0.13169130643198945,-0.46742709571161967,7.065752610002982,22.439814083014124,0,0,0,0,1,0,0,0,0,0,0,0
3998849,2b369959-7e5d-430a-bcf0-c05899d7ac62,2,83,45,Denmark Women's,Maja Bay Østergaard,Emma Skou Færge,15.3,51.2,23.3,56.7,9.708244,7.165898433432517,0.00022989287417666285,0.0006720372810236426,0.00044214440684697977,0.007643565507188097,0.016437114681903314,0.008793549174715217,0.0582900092549411,0.09940685478460826,0.041116845529667156,25.36600595470619,23.60299952022904,0,0,0,0,0,0,0,0,1,0,0,1
3998849,08e87ba6-9e01-49e5-8130-a28796734a1a,2,83,49,Denmark Women's,Emma Skou Færge,Sanne Troelsgaard-Nielsen,29.9,57.6,48.3,57.2,18.404346,18.068701919920244,0.009347165796626446,0.1666346865673255,0.15728752077069905,0.07591674031474276,0.4986000586327051,0.42268331831796235,0.27568386087339836,1.0268670031503215,0.7511831422769232,14.406935993087139,6.168994877687461,0,0,0,0,0,1,0,0,0,0,0,0
3998849,d0382d84-e8ac-4326-a765-d718531d8d9e,2,83,51,Denmark Women's,Sanne Troelsgaard-Nielsen,Frederikke Thøgersen,48.3,58.4,50.8,74.8,16.589455,-3.434294165101875,0.2847662937004778,0.15624898884619998,-0.12851730485427781,0.6634826971700256,0.48115706556467497,-0.18232563160535065,1.1957044629345517,0.9900099759912957,-0.20569448694325598,4.4320229827621285,6.654058350924009,0,0,1,0,1,1,0,0,0,0,0,0
3998849,ebdf3001-e2ed-4a52-9e49-a63ad18df8ef,2,83,57,Germany Women's,Sjoeke Nüsken,Sarai Linder,63.2,13.2,58.7,4.8,9.5294285,-7.882456610468196,0.5403123049721642,0.25419170909844435,-0.28612059587371985,1.0795921127793844,0.6184973900333384,-0.461094722746046,1.7237334750636226,1.186232736163388,-0.5375007389002346,3.7971593163705633,4.740629809298767,0,0,1,1,3,1,0,0,1,0,0,1
3998849,17f04ddb-a716-42d4-b77c-e396221429e1,2,83,58,Germany Women's,Sarai Linder,Klara Bühl,58.7,4.8,71.5,3.5,12.865847,9.987469572895158,0.25419170909844435,0.4044798826915487,0.15028817359310437,0.6184973900333384,0.8812058017347025,0.26270841170136416,1.186232736163388,1.5472927349342558,0.3610599987708678,4.740629809298767,3.640266491511269,0,0,1,1,1,1,0,0,1,0,0,1
3998849,a75aa50f-cf61-463e-ac4c-2b6292a20c0d,2,83,59,Germany Women's,Klara Bühl,Sjoeke Nüsken,71.5,3.5,68.7,10.5,7.539231,1.5228908201157765,0.4044798826915487,0.5729914591233337,0.168511576431785,0.8812058017347025,1.252660584464679,0.37145478272997645,1.5472927349342558,2.0351933246426004,0.4879005897083446,3.640266491511269,4.7871703263131815,0,0,1,1,1,4,0,0,0,0,0,0
3998849,7df425e2-3140-4b43-9417-b206db72fc78,2,85,16,Germany Women's,Laura Freigang,Sarai Linder,78.6,13.4,64.9,3.3,17.020576,-16.994531952291098,0.8509849876815252,0.36886402972299065,-0.48212095795853455,1.4285062643342803,0.8286874035253183,-0.599818860808962,2.2521921832504006,1.4246143999465666,-0.827577783303834,1.6622853549172543,4.808285939711755,1,0,2,1,2,2,0,0,1,0,0,1
3998849,abd73e59-7584-4cc9-af1b-6bebfaec369d,2,85,17,Germany Women's,Sarai Linder,Kathrin Julia Hendrich,64.7,3.3,56.5,38.5,36.142494,2.85230928926012,0.38990262639384576,0.13633185829653413,-0.2535707680973116,0.8551902632605246,0.3654766476513475,-0.4897136156091771,1.4475611326264286,0.7986244980225263,-0.6489366346039023,4.7735662076671685,6.088690851727751,0,0,1,0,2,1,0,0,1,0,0,1
3998849,6ce5b256-e4b9-42dd-9cbe-feb04455ed7c,2,85,20,Germany Women's,Kathrin Julia Hendrich,Carlotta Wamser,56.5,40.5,63.6,61.3,21.9784,3.2139099543462066,0.3802699407971839,0.052778190827602475,-0.3274917499695814,0.6465052334713806,0.2458825227529098,-0.4006227107184708,1.0907974654625483,0.6862208280079269,-0.40457663745462136,2.9648986490153115,9.560585252208604,1,0,1,0,1,0,1,0,1,0,0,1
3998849,8823b1fb-fc7c-40aa-9cf7-ec1358428354,2,85,25,Germany Women's,Carlotta Wamser,Sjoeke Nüsken,63.8,60.7,65.3,53,7.8447433,3.667412727242777,0.2253001578333657,0.30439857184934555,0.07909841401597983,0.5950407846800844,0.8462970350932117,0.2512562504131274,1.2367935034560982,1.7321466710861988,0.4953531676301006,5.110640242856214,5.063234290690802,0,0,0,0,1,2,0,0,1,0,0,1
3998849,ee3e202b-26e7-47ca-acbb-0dd611227a6b,2,85,28,Germany Women's,Sjoeke Nüsken,Ann-Katrin Berger,58.5,56.2,23.8,43.7,36.882786,-32.67325022823895,0.43816418926717376,0.02145365334160104,-0.4167105359255727,0.9691675126366932,0.1193858973902687,-0.8497816152464245,1.7977802461356407,0.3463797979688723,-1.4514004481667684,3.2769968031789465,11.781665867357999,0,0,1,0,1,0,0,1,0,0,0,0
3998849,4bc5488a-baf0-405b-9134-a631a6d33b4c,2,85,34,Germany Women's,Ann-Katrin Berger,Laura Freigang,29.1,39.1,70.9,48.6,42.865955,41.056987998488694,0.42077380108470935,0.6838125323286157,0.26303873124390637,0.671936744449968,1.1518901384934674,0.47995339404349946,0.9898024360331698,1.842257198883206,0.8524547628500362,2.685425364265045,1.64220508900311,1,1,1,1,1,1,1,0,0,0,0,0
3998849,4dc11433-5de7-4d7f-a462-d1e452414457,2,85,43,Denmark Women's,Maja Bay Østergaard,Emma Skou Færge,7.3,41.2,14.2,58.7,18.811167,5.266498290144554,0.003605323753034756,0.00041247343221121615,-0.00319285032082354,0.048214580763883144,0.01497094804609402,-0.03324363271778912,0.2223695946962559,0.11675115938878014,-0.10561843530747575,18.53377612957644,25.808499083997283,0,0,0,0,0,0,0,0,1,0,0,1
3998849,0668d19a-bba8-4f9e-bc07-4d349686b8a1,2,85,56,Denmark Women's,Frederikke Thøgersen,Pernille Mosegaard Harder,63.8,74,78,58,21.392523,19.989758294376614,0.4100314497790482,0.3272765024804659,-0.0827549472985823,0.8859174744585272,0.8256879132256854,-0.060229561232841844,1.4936005224314934,1.6366469096135838,0.1430463871820904,4.277111268321173,5.50371967361732,0,0,1,0,2,2,0,0,0,0,0,0
3998849,977375c6-d0bb-4413-ad3c-ee4adbdc835c,2,86,3,Germany Women's,Kathrin Julia Hendrich,Elisa Senß,35.3,28.9,41.8,35.4,9.192389,7.0890581537619255,0.9815883651147393,0.9827518292626758,0.0011634641479364438,1.630545850939659,1.826242493381968,0.195696642442309,2.3877715965414223,2.7455393274246997,0.3577677308832774,1.8424676541390925,3.3333484301929284,1,0,2,2,3,4,0,0,1,0,0,1
3998849,5c4a1dca-c7aa-4e7e-b181-b677ed9dee0c,2,86,4,Germany Women's,Elisa Senß,Sjoeke Nüsken,43.2,34.6,44.8,26.1,8.649278,0.5157579482636123,1.2957204297355303,0.6384789872411589,-0.6572414424943713,2.104249968951949,1.4340981388133904,-0.6701518301385587,2.974059555158823,2.386622648224756,-0.5874369069340668,1.4384376499003955,3.9997171168988754,1,0,2,1,4,3,1,0,1,0,0,1
3998849,5532b866-cfe5-47b5-bdfe-f64df8dca5c2,2,86,14,Germany Women's,Klara Bühl,Sarai Linder,71.6,10.8,58.7,7.5,13.315405,-12.856462484649889,0.2692407223769582,0.008841719910951621,-0.26039900246600656,0.6569197121373268,0.09933870295940025,-0.5575810091779265,1.2181139233167484,0.42956570760316476,-0.7885482157135837,4.811241316336752,15.917905394814847,0,0,1,0,1,0,0,0,1,0,0,1
3998849,29bc3d1a-63c8-4c15-ab2a-64963c5aa414,2,86,16,Germany Women's,Sarai Linder,Janina Minge,58.5,7.7,47.6,11.9,11.681182,-8.195788574984874,0.010085143291086089,0.004413496931153128,-0.005671646359932961,0.11011601059778314,0.05327275127489081,-0.05684325932289233,0.4622296856462743,0.25009101493856883,-0.21213867070770548,16.15512641343257,16.92255723575075,0,0,0,0,0,0,0,0,1,0,0,1
3998849,40b7d9f3-23b5-4093-ae17-5a90a3480cd5,2,86,20,Germany Women's,Janina Minge,Sarai Linder,48.1,13.2,62.5,7.5,15.487091,10.683102887347985,0.0045489094109865,0.002456101626465433,-0.0020928077845210674,0.05176935282383966,0.03968750064592317,-0.012081852177916491,0.23114496642860397,0.21771808891371733,-0.013426877514886637,16.652606557134362,18.780431551410715,0,0,0,0,0,0,0,0,1,0,0,1
3998849,c9fdadce-9ecc-4fda-bc31-2e00b75251b5,2,86,25,Germany Women's,Sarai Linder,Janina Minge,71.5,7.7,43,10.3,28.618351,-24.258065906481214,0.11001018394637005,0.042680156906405205,-0.06733002703996485,0.4128724956635897,0.1682259292218082,-0.24464656644178148,1.0075153325514492,0.4237710021104685,-0.5837443304409807,7.67812932889171,9.539319753696608,0,0,0,0,1,0,0,0,1,0,0,1
3998849,e57c1a87-a315-4421-969b-44f31c5ac3da,2,86,29,Germany Women's,Janina Minge,Ann-Katrin Berger,42.6,10.3,21.3,32,30.406908,-16.12103027840584,0.11030116245825174,0.0010381588194684984,-0.10926300363878323,0.280422677481878,0.019315168341771754,-0.2611075091401062,0.5248637825322363,0.11300303876503046,-0.41186074376720583,6.636368855965195,20.77563392406058,0,0,0,0,1,0,0,0,1,0,0,1
3998849,e65a17e6-007b-4b53-a66f-cba64933bb30,2,86,34,Germany Women's,Ann-Katrin Berger,Sarai Linder,26.4,34.9,51.7,8.1,36.85553,18.356480656740104,0.04765903456055887,0.18208120908266248,0.13442217452210362,0.18738129483827543,0.39037093252909033,0.2029896376908149,0.4705705205017551,0.7076428091147596,0.23707228861300456,9.245471440088236,5.141855348756527,0,0,0,0,0,1,1,0,1,0,0,1
3998849,1bd07d46-64d6-49d2-bba2-b4ccd770aba0,2,86,38,Germany Women's,Sarai Linder,Janina Minge,49.9,9.7,34.5,10.6,15.426276,-14.045362775633137,0.6062439640574122,0.004345343938569608,-0.6018986201188427,0.80558907237627,0.0656599853234809,-0.739929087052789,1.110937827305245,0.320947913615833,-0.789989913689412,1.5382316850594533,19.326325177199905,1,0,1,0,1,0,1,0,1,0,0,1
3998849,1c3ba71c-d595-479e-94a5-0e6676d4db49,2,86,41,Germany Women's,Janina Minge,Ann-Katrin Berger,34.6,11.7,14.2,31.8,28.63861,-16.15035522351559,0.015463584267571655,0.002400667823537831,-0.013062916444033824,0.11714906694569201,0.033858469451242705,-0.08329059749444931,0.4238510577960621,0.17680396905921805,-0.24704708873684403,13.245309366604584,18.38166139415748,0,0,0,0,0,0,0,0,1,0,0,1
3998849,9173a582-e797-4b8d-8fb2-2222d351a298,2,86,49,Germany Women's,Ann-Katrin Berger,Klara Bühl,19.9,38.2,48.9,15.8,36.64369,25.010590173065523,0.29384996677091274,0.357265049999632,0.06341508322871925,0.5170657205904673,0.640262262824877,0.12319654223440968,0.8443942153335562,1.0944373099838365,0.2500430946502803,3.698549830457223,3.1891617963694703,0,0,1,1,1,1,0,1,1,0,0,1
3998849,0e97c40f-0fe9-4fde-afc8-a358cb8ed296,2,86,56,Germany Women's,Klara Bühl,Sarai Linder,78.8,22.9,117.8,10.6,40.893642,15.125536736843667,0.400924213740305,0.018678517387032897,-0.3822456963532721,0.9245139839728057,0.10359293526432649,-0.8209210487084793,1.635863176462556,0.327746479631322,-1.308116696831234,4.520818690264031,11.996730135687406,0,0,1,0,2,0,0,0,1,0,0,1
3998849,d2114414-3892-4679-bdb6-a0313e7684a9,2,87,6,Germany Women's,Sjoeke Nüsken,Klara Bühl,86.5,24.1,91.5,9.2,15.716552,-4.881158390986741,1.0291431895773213,0.07014119438049232,-0.9590019951968289,1.4097808159741956,0.2994374061582779,-1.1103434098159177,2.1635893939411375,0.8383186672855584,-1.325270726655579,0.2805897117853005,8.533823426568667,1,0,1,0,2,0,0,0,1,0,0,1
3998849,9c5d0ea0-a658-4941-bfa6-facbd990ecdd,2,87,16,Germany Women's,Carlotta Wamser,Kathrin Julia Hendrich,64.3,36.2,53.2,40.5,11.903781,-10.972398727946867,0.401719297022217,0.09883060240259829,-0.3028886946196187,0.8697949920676383,0.42347613463607814,-0.4463188574315602,1.5148244300802476,0.9920917864219153,-0.5227326436583323,4.132356825925629,9.788933756142251,0,0,1,0,2,0,1,0,1,0,0,1
3998849,9cfc156f-fae7-4ccf-b279-0c29d8fddf0d,2,87,19,Germany Women's,Kathrin Julia Hendrich,Klara Bühl,52.9,40.5,70.3,20.3,26.660833,13.639913780040828,0.6292832269213589,0.03151934147406213,-0.5977638854472968,1.078833425716412,0.19925112841278478,-0.8795822973036272,1.7006181850794266,0.6514089873404358,-1.0492091977389908,1.9250891114514368,11.156251826030372,1,0,1,0,1,0,0,0,1,0,0,1
3998849,f7d50e3b-96a9-4c1e-8c4c-ff25a4883700,2,87,27,Germany Women's,Klara Bühl,Jule Brand,95.6,42.7,96.6,68.4,25.719448,-12.249438798819089,0.6325100746952528,0.06000557244739777,-0.572504502247855,1.3361923385201355,0.25135590356415216,-1.0848364349559834,2.3225389102314296,0.7153175431707508,-1.6072213670606788,2.554082736121925,8.754149687986894,1,0,1,0,2,0,0,0,0,0,0,0
3998849,609dbe13-f818-4b24-8635-7758ec6977a9,2,87,31,Germany Women's,Jule Brand,Carlotta Wamser,96.6,68.4,87.5,62.6,10.7912,-2.787107605831821,0.19726594225867833,0.04294168390962152,-0.1543242583490568,0.4965932662512421,0.19576384962248208,-0.30082941662876006,1.0560138523999276,0.5825660272177301,-0.4734478251821975,5.134730748481387,9.653371025906432,0,0,0,0,1,0,0,0,0,0,0,0
3998849,98827724-6166-4b6a-92f5-9f1faf235b57,2,88,12,Germany Women's,Carlotta Wamser,Kathrin Julia Hendrich,72.5,70.4,65.1,64.1,9.718539,-3.561693891450325,0.23646513893841542,0.0809123315169065,-0.15555280742150893,0.5169829400404508,0.3354169018854718,-0.18156603815497896,0.9753608473119818,0.874485093716222,-0.10087575359575984,4.558191771254815,8.387660726783043,0,0,1,0,1,0,0,0,1,0,0,1
3998849,789c8a59-c411-4945-9cb5-32919116396b,2,88,13,Germany Women's,Kathrin Julia Hendrich,Carlotta Wamser,65.1,63.5,69.5,75.5,12.781237,-2.0110760861269767,0.0809123322312658,0.02744511065681744,-0.05346722157444836,0.33541692166286996,0.15735303026281489,-0.17806389140005507,0.8744851487515322,0.5056184980748162,-0.368866650676716,8.387661067974273,11.223783598949847,0,0,0,0,0,0,0,0,1,0,0,1
3998849,0052c89c-71b5-49b5-b778-b60f7c10ceaf,2,88,15,Germany Women's,Carlotta Wamser,Elisa Senß,69.5,75.5,70.7,64.2,11.363538,6.809943086556693,0.17696656366135163,0.15627943391269722,-0.020687129748654415,0.43983904620606495,0.5838864380847031,0.14404739187863813,0.8968239032641598,1.3497256002910332,0.45290169702687333,5.395249787677432,7.894859036502372,0,0,0,0,1,1,0,0,1,0,0,1
3998849,5a9cd231-79b4-4a61-827c-fd48393f819c,2,88,18,Germany Women's,Elisa Senß,Carlotta Wamser,70.7,64.1,69.8,76.5,12.432618,-7.191505621658514,0.17234297438209986,0.06252320519037396,-0.1098197691917259,0.636337926668737,0.26816745530645564,-0.36817047136228137,1.4277023956720223,0.7354861182279526,-0.6922162774440697,8.77455699126245,8.77427756121663,0,0,0,0,0,0,0,0,1,0,0,1
3998849,946a6839-1dfd-4ee5-8712-f99837bf0b52,2,88,20,Germany Women's,Carlotta Wamser,Elisa Senß,69.8,76.5,69.8,64.8,11.7,6.075033720863225,0.18351629895647403,0.5475426621098469,0.3640263631533729,0.4782459796068804,1.1867869856794822,0.7085410060726017,1.0186352585399365,2.0299984615798925,1.011363203039956,5.340714604984009,3.892424732268119,0,0,0,1,1,2,0,0,1,0,0,1
3998849,9f2a2bc6-f9e9-4f7f-9227-a431aedce8b0,2,88,22,Germany Women's,Elisa Senß,Carlotta Wamser,69.8,64.8,70.1,77,12.203688,-6.129145338464859,0.775222428568765,0.1520704469196769,-0.6231519816490881,1.4098730124488486,0.45919586506479065,-0.9506771473840578,2.212641576495258,1.037127973525594,-1.1755136029696638,2.2396355483058406,6.0349266695907176,1,0,2,0,2,1,0,0,1,0,0,1
3998849,cae0bf19-d39a-4604-bc9c-57b7acf9d7ae,2,88,25,Germany Women's,Carlotta Wamser,Ann-Katrin Berger,57.8,76.5,28.4,48.6,40.531097,-19.884243140113895,0.2651360140690205,0.0295956639539414,-0.2355403501150791,0.726705716360236,0.14878034718846742,-0.5779253691717685,1.418562081354494,0.41240970866756194,-1.006152372686932,5.671946675361138,10.908833121390314,0,0,0,0,2,0,0,0,1,0,0,1
3998849,1b621efb-26e0-4a31-a539-825619bf4f38,2,88,30,Germany Women's,Ann-Katrin Berger,Janina Minge,26.2,44.9,35.7,24.7,22.32241,8.250713051470356,0.6476630636637576,0.00492417331616496,-0.6427388903475926,0.8121088640296407,0.05705095862981432,-0.7550579053998263,1.0199918284391407,0.24951675301875825,-0.7704750754203824,1.3246787505673885,16.936152304044022,1,0,1,0,1,0,1,0,1,0,0,1
3998849,5cc79779-3379-471b-a867-0ba3f77f0ecc,2,88,34,Germany Women's,Janina Minge,Sjoeke Nüsken,43.6,23.9,62.4,36,22.357325,20.33925200421016,0.027680357681810014,0.36433394207270176,0.33665358439089177,0.17555863076443443,0.8591033398296108,0.6835447090651764,0.5494370102134186,1.6050054494105372,1.0555684391971187,11.962961419649533,4.442358238275875,0,0,0,1,0,2,0,0,1,0,0,1
3998849,4367a45d-ac4e-4056-b919-50fc227c4421,2,88,37,Germany Women's,Sjoeke Nüsken,Janina Minge,58.8,37.1,49.5,21.4,18.24774,-11.643674010076332,0.9099842994463874,0.18905274443070183,-0.7209315550156855,1.525104176482922,0.4441608080090911,-1.080943368473831,2.304913533372785,0.9125649085158748,-1.3923486248569104,1.7347683718291902,5.096689584745878,1,0,1,0,3,1,0,0,1,0,0,1
3998849,b44c3290-82a5-480b-af90-f0c58eb3c095,2,88,44,Germany Women's,Ann-Katrin Berger,Kathrin Julia Hendrich,22,30.5,36.3,56.6,29.760712,13.129141659034929,0.06918748183998606,0.004083569604377431,-0.06510391223560863,0.21629798961532812,0.04634316847820785,-0.16995482113712027,0.4674317885627941,0.2038567304483698,-0.2635750581144243,8.043917862306804,16.870981028619955,0,0,0,0,0,0,1,0,1,0,0,1
3998849,a7f73323-171d-43b9-b538-7d4f48121f71,2,88,50,Germany Women's,Kathrin Julia Hendrich,Jule Brand,59,56.9,70.9,77.9,24.137316,1.271825964879035,0.16335490713379824,0.007869068135658413,-0.15548583899813984,0.5319926914373226,0.07733185304610202,-0.4546608383912206,1.1256185405483865,0.3328046584105801,-0.7928138821378063,6.8156870385502115,14.967599104137621,0,0,0,0,1,0,0,0,1,0,0,1
3998849,3316a3d2-de5d-4964-bd62-3c6bd86899c5,2,88,56,Germany Women's,Sjoeke Nüsken,Laura Freigang,86.7,77.7,104.5,69.9,19.43399,16.62211792437661,0.5740276571802062,0.2869420902695728,-0.2870855669106334,0.9169485917357042,0.7955516650403669,-0.1213969266953373,1.4231059594635116,1.5161454617643986,0.09303950230088698,1.9462416895848782,5.515480861279262,1,0,1,0,1,1,0,0,1,0,0,1
3998849,f665c620-db19-45b6-8d1f-950548642b01,2,89,3,Germany Women's,Laura Freigang,Carlotta Wamser,97,77.9,71.6,73.7,25.744902,-14.643745450210886,0.5209069504640169,0.023308819224705787,-0.4975981312393111,0.8643551048016451,0.16025259610549145,-0.7041025086961537,1.397953864547257,0.5472140862905701,-0.8507397782566868,2.2068686567012437,12.181598223977142,1,0,1,0,1,0,1,0,1,0,0,1
3998849,76a34500-b85c-4f14-91dc-88954c3bea74,2,89,10,Germany Women's,Carlotta Wamser,Laura Freigang,62.4,68.2,79.1,75.2,18.107733,10.171114586734923,0.284052421142737,0.0406650079988987,-0.24338741314383827,0.6779843935254406,0.2356370458789644,-0.4423473476464762,1.2925040232471507,0.7030007415227362,-0.5895032817244146,4.479467559581409,11.50136387526044,0,0,1,0,1,0,0,0,1,0,1,1
3998849,45bfd818-7dd0-4acd-883b-465bad8df253,2,89,13,Germany Women's,Laura Freigang,Sjoeke Nüsken,84.4,73.4,83.9,60.7,12.709839,7.201461911868066,0.12187644350784821,0.2826556697624836,0.16077922625463537,0.43116859200135577,0.721360318875202,0.29019172687384626,0.996402757326863,1.470275762307562,0.47387300498069895,8.506659157553042,4.515527398512202,0,0,0,1,0,1,0,0,1,0,1,1
3998849,8f39fc9c-d98f-4ae4-b255-9e2e22a04f7f,2,90,1,Germany Women's,Ann-Katrin Berger,Giovanna Hoffmann,4.9,24.1,49.5,24.1,44.6,43.92228808324086,0.06790291415196757,1.0545556271199248,0.9866527129679572,0.254788046328131,1.2993595681333336,1.0445715218052025,0.5916074411417395,1.6462756218666408,1.0546681807249012,8.570698940908818,0.26849283550262176,0,1,0,1,0,2,1,1,1,0,0,1
3998849,dacef969-5c9d-41df-9d11-b200752389b6,2,92,15,Denmark Women's,Emma Skou Færge,Signe Kallesøe Bruun,41.3,60.7,89.1,39.9,52.129456,50.47661620249562,0.10760306588232421,0.8917857538155731,0.784182687933249,0.3701089182682405,1.4536481628941966,1.0835392446259562,0.8330961782793797,2.2421275296382213,1.4090313513588417,7.525161884841911,1.0906501216721511,0,1,0,1,1,3,0,0,0,0,0,0
3998849,6db19742-9f47-4d58-a835-0e8fd761e0b0,2,93,7,Germany Women's,Klara Bühl,Laura Freigang,71.8,25.9,77.2,35.2,10.754069,7.151698108100945,1.115056275267004,1.0172014484314476,-0.09785482683555635,1.7725658104775974,1.6186954845530714,-0.15387032592452599,2.768469229487006,2.487758292635517,-0.28071093685148885,0.6206342123171906,0.9181490405803613,1,1,1,1,2,2,0,1,1,0,0,1
3998849,cf7c1b60-5c1f-4951-8219-594a406d8140,2,94,26,Germany Women's,Laura Freigang,Sarai Linder,96.8,8.7,91.9,2.8,7.66942,-7.659653414520243,1.254244570189467,0.14163175812084164,-1.1126128120686252,1.9772796087860025,0.49448967101121105,-1.4827899377747915,2.7976025164086256,1.1368984236280226,-1.660704092780603,1.6514524756955826,7.059853279137307,1,0,3,0,4,1,0,0,1,0,0,1
3998849,09a69454-8da1-4bca-9537-79212b808f51,2,94,30,Germany Women's,Sarai Linder,Ann-Katrin Berger,78.2,4.5,20.4,26.5,61.84529,-45.67015853466767,0.4342928725645919,0.02390372291297106,-0.4103891496516209,0.8768756207631023,0.109771318370637,-0.7671043023924653,1.5561326433736393,0.2757255021260904,-1.2804071412475488,3.0392310983437865,11.211595351653319,0,0,1,0,1,0,0,1,1,0,0,1
3998849,ece48f35-1d2e-438a-b153-46181d23ca3f,2,94,35,Germany Women's,Ann-Katrin Berger,Carlotta Wamser,20.2,26.5,29.3,48.2,23.53083,9.639018846598475,0.0239037139689478,0.05164294561222202,0.027739231643274218,0.10977129375881974,0.22262459444783902,0.11285330068901929,0.2757254636175251,0.5600515794273199,0.2843261158097948,11.211596474334032,9.588748097674365,0,0,0,0,0,0,1,0,1,0,0,1
3998849,98e9f9f1-c982-439f-b7b3-240b059384f1,2,94,39,Germany Women's,Carlotta Wamser,Elisa Senß,29.3,48.2,42.4,31,21.620592,12.949754344443889,0.3481000801052069,0.6761178741338683,0.3280177940286614,0.6863973895725421,1.1771750694400425,0.4907776798675003,1.1410623497124721,1.8650821420195902,0.7240197923071181,3.5877795978369105,2.0592497929613245,0,1,1,1,1,2,0,0,1,0,0,1
3998849,fb80df77-201f-47e4-93f3-c21b8c2ab250,2,94,43,Denmark Women's,Nadia Nadim,Josefine Hasbo,71.6,33.4,63.6,36.3,8.509406,-7.673307663000131,0.9813220506650991,0.3961366159599725,-0.5851854347051266,1.3393844463614981,1.0058912313971353,-0.3334932149643628,1.989881325451017,1.9101918047527453,-0.07968952069827173,0.4065595422270631,5.262656983457324,1,0,1,0,2,2,0,0,1,0,0,1
3998849,2bd77a94-c517-49de-9384-486f41365ba2,2,94,47,Germany Women's,Elisa Senß,Sjoeke Nüsken,47.7,38.7,49.2,31,7.8447433,0.941944981510531,0.7682094775868069,0.6972782802487485,-0.07093119733805842,1.5158692189321672,1.4068845191760433,-0.1089846997561239,2.4302315227607174,2.267648463856695,-0.16258305890402225,3.412366400410236,3.1216725842126083,0,0,2,1,2,3,0,0,0,0,0,0
3998849,1ab17b11-d64f-47b0-8ad2-488ba8aeefd0,2,94,48,Germany Women's,Sjoeke Nüsken,Sarai Linder,49.2,31,57.6,8.8,23.736048,1.6044205895585577,0.8670657406025748,0.02115950127008069,-0.8459062393324941,1.5752587404477094,0.15323168647213986,-1.4220270539755695,2.3959804742007327,0.5436323681498236,-1.852348106050909,2.5704406696602002,12.578339433627265,1,0,2,0,3,0,0,0,1,0,0,1
3998849,0ffd0a73-9e05-4da9-9818-28b2dd5c7c12,2,94,50,Germany Women's,Sarai Linder,Klara Bühl,57.8,7.9,84.7,4.5,27.11402,19.93128279684708,0.010581658746540634,0.013396069781714039,0.002814411035173405,0.11159209844554312,0.0979374475939367,-0.013654650851606415,0.4823140559415543,0.3658521281812208,-0.11646192776033348,14.906156910204638,13.199058521388634,0,0,0,0,0,0,0,0,1,0,0,1
3998849,6c2ae32f-5c77-4044-b38a-a5f953c911c0,2,95,31,Germany Women's,Laura Freigang,Klara Bühl,111.2,77.7,116.8,72.1,7.9195957,6.4543271194853205,0.4519292662949121,0.1709553722556202,-0.28097389403929185,0.6259338129639338,0.35447424321490073,-0.27145956974903307,0.8235610166693011,0.6224141961594524,-0.20114682050984878,2.3829441632218913,5.300672565718048,1,0,1,0,1,1,1,0,0,1,1,1
3998849,52b3b972-6956-4aa4-b30a-9bda359f218b,2,96,27,Germany Women's,Ann-Katrin Berger,Laura Freigang,9.1,51.2,45,58.9,36.71648,34.11937206665284,0.034877547059324325,0.9654399922642476,0.9305624452049233,0.1589010424053741,1.4636954756588423,1.3047944332534682,0.4269371832779587,2.233841766450761,1.8069045831728023,10.222510306794321,0.6441176353575112,0,1,0,1,0,1,0,0,1,0,0,1
3998849,f5cf67e8-893b-41da-b33c-fb4cc2ce5511,2,96,35,Germany Women's,Giovanna Hoffmann,Jule Brand,63.8,55.3,64,44.5,10.801851,2.064916369591195,0.9821334422597577,1.0089505612481882,0.026817118988430422,1.63569274007609,1.469719660674746,-0.16597307940134387,2.4987150621869505,2.1958876568173333,-0.30282740536961716,2.334715965595086,0.5165334701863585,2,1,2,1,2,2,0,0,1,0,0,1
3998849,dceb7a65-a678-4354-afb3-8b7a113ea5a9,2,96,38,Germany Women's,Jule Brand,Sarai Linder,64.2,36.4,64.7,8.1,28.304417,-7.925200820497359,0.8917798199532734,0.05101399433959385,-0.8407658256136795,1.3721643602285771,0.22371868149382165,-1.1484456787347554,2.035264786194686,0.6284642710054654,-1.4068005151892207,1.487514946071464,9.284170975030328,1,0,2,0,2,0,0,0,1,0,0,1
3998849,1b0203b9-ca93-4780-9713-7425e22681ae,2,96,48,Germany Women's,Janina Minge,Ann-Katrin Berger,29,20.5,12.4,35.2,22.173182,-14.64117307412667,0.12158740069125991,0.011884141177543543,-0.10970325951371637,0.290623925165922,0.07901553835725118,-0.21160838680867083,0.5283644832083572,0.2536885443269136,-0.27467593888144354,6.325923301521923,13.41933686477406,0,0,0,0,1,0,0,0,1,0,0,1
3998849,ebf359a7-b50a-48b1-b8ab-d8f5f57f66ba,2,97,0,Germany Women's,Jule Brand,Sarai Linder,50.5,4.5,47.9,11.9,7.8434687,0.6593578264474615,0.46309760072342526,0.05140372829654332,-0.41169387242688193,0.6350970047242911,0.2094802464798695,-0.4256167582444216,0.8033193568556733,0.5408888832624206,-0.2624304735932528,2.3100554490642353,9.145988104710568,1,0,1,0,1,0,0,0,1,0,0,1
3998849,e4d14f09-b50d-4803-bc98-a063b423c0f8,2,97,1,Germany Women's,Sarai Linder,Janina Minge,47.9,11.7,37.5,10.3,10.493808,-10.22803137508933,0.051403730312209454,0.006677933136797459,-0.044725797175411995,0.20948024943930152,0.06966430371204167,-0.13981594572725986,0.540888884357256,0.2912112361112195,-0.2496776482460365,9.145987964146867,16.144685110497168,0,0,0,0,0,0,0,0,1,0,0,1
3998849,b8f9ae30-4489-4885-912d-c4e88a069b6e,2,97,6,Germany Women's,Janina Minge,Ann-Katrin Berger,35.1,10.5,15.5,25.4,24.62052,-15.635834167596812,0.06947578903370591,0.023239416850275522,-0.04623637218343039,0.22601163779192604,0.11584884567689208,-0.11016279211503396,0.5275595899317033,0.3288660115791885,-0.19869357835251478,8.04765920926191,11.347795044033495,0,0,0,0,0,0,0,0,1,0,0,1
3998849,23b11b07-a287-47b7-b383-5eae7e2b593e,2,97,19,Germany Women's,Jule Brand,Giovanna Hoffmann,72.5,18.3,84.7,17.8,12.210241,10.521546390810698,0.3478184729845435,0.2830209508098067,-0.06479752217473678,0.8664282437035712,0.8607071578330336,-0.005721085870537546,1.6778524129857668,1.7326594966938813,0.05480708370811449,4.184068197449934,6.4550074077081,0,0,1,0,1,1,0,0,1,0,0,1
3998849,c458f8b7-037d-41db-8610-2738a2ceb62c,2,97,23,Germany Women's,Giovanna Hoffmann,Carlotta Wamser,83.9,26.3,77.8,51.8,26.219458,-5.206543215878483,0.3193037799154463,0.08740240843197011,-0.23190137148347617,0.752892458850646,0.40866317225220045,-0.3442292865984456,1.4423312228966925,1.091474056382018,-0.35085716651467447,4.228608593465578,9.788266174894071,0,0,1,0,1,0,0,0,0,0,0,0
3998849,770038c6-c1ee-4d98-a8d2-c0ca279aa1b4,2,97,26,Germany Women's,Carlotta Wamser,Sjoeke Nüsken,79.1,52.6,87.9,45.7,11.182576,10.19469850960401,0.22614377527125415,0.9455293891318426,0.7193856138605884,0.695343521868077,1.6005568189025143,0.9052132970344373,1.4738313309998234,2.4780306516976998,1.0041993206978763,5.893322590098161,1.9830527514354606,0,1,0,2,1,2,0,1,0,0,0,0
3998849,7d368622-ca68-4d19-bd87-fbd0ded833b4,2,97,29,Denmark Women's,Josefine Hasbo,Sanne Troelsgaard-Nielsen,28.1,37.8,27.9,41.6,3.8052595,-0.18756768959612202,0.7450774496895225,0.8404111838301548,0.09533373414063229,1.2763630950177471,1.455351415133543,0.1789883201157958,1.9898845591958993,2.1932587831545223,0.20337422395862292,1.7351965615007419,2.9138940647547575,1,1,1,2,2,3,0,0,1,0,0,1
3998849,38da53dd-936d-49de-8958-678f9e40adf7,2,97,41,Germany Women's,Laura Freigang,Klara Bühl,84.2,39.5,97.7,18.3,25.133444,4.6879005025523774,0.42924379299490617,0.11108809589753182,-0.31815569709737435,1.0945562170856673,0.34666304925648156,-0.7478931678291858,2.0167020205789177,0.833872589390575,-1.1828294311883427,5.2992841588639825,6.796434273782921,0,0,0,0,2,1,0,0,0,1,1,1
3998849,f722576b-a301-426f-a9cd-4c50d7ef2512,2,98,53,Germany Women's,Klara Bühl,Sjoeke Nüsken,103.9,10.8,89.1,31.6,25.528025,1.3230157296946814,1.0909113061445503,0.21461885839710854,-0.8762924477474419,1.7533542981000778,0.6616190227686715,-1.0917352753314065,2.6053826284597696,1.4520195268521672,-1.1533631016076025,1.0777377455251531,5.956278159892703,1,0,1,0,4,1,1,0,1,0,0,1
3998849,07a28916-bbee-4306-a6c5-5e9975c6f41b,2,98,56,Germany Women's,Sjoeke Nüsken,Cora Zicai,86.7,38.3,104.3,66,32.81844,2.9708446821750343,0.42795787993384987,0.0890934592596255,-0.3388644206742244,0.8872266693647166,0.31215672229032176,-0.5750699470743948,1.7019049186752597,0.7748638745397217,-0.927041044135538,3.0020535581121144,7.6959503545734735,0,0,1,0,1,1,0,0,1,0,0,1
3998849,8a403fe9-e6ec-424e-b897-23027fdc2268,2,99,3,Germany Women's,Cora Zicai,Carlotta Wamser,105.1,58.4,96.8,67.2,12.096694,-12.073885236947323,0.7024646451768447,0.11691694136803482,-0.5855477038088099,1.1977797621885704,0.39587432752261575,-0.8019054346659547,1.9218833785511837,0.9240350495552938,-0.9978483289958899,2.397248418482478,8.224215735467077,1,0,2,0,2,0,0,0,1,0,0,1
3998849,ce7a10bd-0412-4cef-a76f-3cf6357520de,2,99,7,Germany Women's,Carlotta Wamser,Cora Zicai,97.5,67,103.1,76.3,10.855874,-4.8951052107947675,0.5060541241231635,0.1627839505108749,-0.3432701736122886,0.8526047613302559,0.4491629044344421,-0.40344185689581374,1.3709937119120088,0.8755383504025016,-0.4954553615095072,2.3864209579257065,6.493243011536053,1,0,1,0,1,1,0,0,0,0,0,0
3998849,8ac4f85e-25c8-45bc-80f9-c3c273d37666,2,99,13,Denmark Women's,Sara Holmgaard,Nadia Nadim,8.7,3.1,48.5,19.2,42.933086,42.79339099114496,0.45267432508770167,0.9153359784979801,0.46266165341027843,0.6816215724860627,1.1464718218946146,0.4648502494085519,0.988737474215666,1.535274226180783,0.546536751965117,2.4362115471474786,0.5035741089229376,1,1,1,1,1,1,1,0,1,0,0,1
3998849,179c7f71-932e-4161-a348-7072f44f88a9,2,99,15,Denmark Women's,Nadia Nadim,Pernille Mosegaard Harder,48.5,19.4,57.7,16.4,9.676776,7.788207929216611,0.9153358806481419,0.35115634811515367,-0.5641795325329881,1.146471742678201,0.7973609746321614,-0.3491107680460396,1.5352741628930835,1.4336128952924454,-0.1016612676006381,0.5035744048473084,4.358505511728151,1,0,1,1,1,2,0,0,1,0,0,1
3998849,80355def-692a-4fe1-a1db-151810cab236,2,99,53,Germany Women's,Giovanna Hoffmann,Laura Freigang,70.5,61.9,84.9,45.7,21.67487,18.56837242642586,0.8545527494318397,0.314127149270444,-0.5404256001613956,1.5852550094855948,0.926950142415349,-0.6583048670702458,2.4505605450750707,1.852209697310839,-0.5983508477642316,3.167225951311582,5.292555143503338,0,0,2,0,3,1,0,0,1,0,0,1
3998849,ae9ad2cc-0620-458c-87ff-65cb32b5421d,2,99,58,Germany Women's,Laura Freigang,Klara Bühl,92.2,33.4,105.3,21.6,17.63094,5.021705785810656,0.3653101106636481,0.32571952320150527,-0.039590587462142834,0.9453213205270228,0.70861582047257,-0.2367055000544528,1.8169884916960517,1.3286637379554793,-0.4883247537405724,4.568916918463892,3.920550346483906,0,0,1,1,2,1,0,0,1,0,0,1
3998849,4924d362-d867-4016-ad1d-42c2f415d79b,2,100,11,Germany Women's,Laura Freigang,Sjoeke Nüsken,85.1,28.7,84.9,42.9,14.201408,1.4641870656646034,0.09068477153456017,0.17306187299328454,0.08237710145872437,0.38899822819380475,0.6051456579183783,0.21614742972457351,1.0372247558533711,1.456104699197335,0.41887994334396383,9.225866142848668,6.621802353902869,0,0,0,0,0,1,0,0,1,0,0,1
3998849,8455d2b6-1b44-47a4-afcf-d73a9b0a23d8,2,100,16,Germany Women's,Sjoeke Nüsken,Laura Freigang,84.9,43.1,92.8,32,13.624243,6.884556434939288,0.4061043854150448,0.6747655538345069,0.2686611684194621,0.9086458569120548,1.4160130864919043,0.5073672295798495,1.7971506409815599,2.5064521660235224,0.7093015250419625,3.2299000009886645,2.9130089909411194,0,1,1,2,1,2,0,0,0,0,0,0
3998849,02184667-3928-4028-adec-2440fa9fb919,2,100,18,Germany Women's,Laura Freigang,Klara Bühl,92.8,31.8,103.9,9,25.35843,-6.522350950572996,0.6338207325553932,0.1284421752906299,-0.5053785572647633,1.3013267315459789,0.36449020650291114,-0.9368365250430677,2.344681251280651,0.8317501259141586,-1.5129311253664923,2.3489064152284906,6.317123949966979,1,0,1,0,2,1,0,0,1,0,0,1
3998849,7d610ca4-0e23-45a0-8ede-809fe1769155,2,100,33,Germany Women's,Klara Bühl,Sjoeke Nüsken,108.1,11.2,93.7,20.1,16.92838,-1.818621968831426,0.4838849609777737,0.352709756480923,-0.13117520449685072,0.9684378904344885,0.8213213225461948,-0.14711656788829364,1.637227131030696,1.581597156626075,-0.05562997440462114,3.2197577357499876,3.799522449396369,0,0,1,1,2,1,0,0,0,0,0,0
3998846,322da78e-df88-4a37-9157-4ef6dcb794b8,1,0,5,Italy Women's,Martina Lenzini,Arianna Caruso,47.5,76.8,62.9,79,15.556349,12.157179517876315,0.1792232512073492,0.3695870072475948,0.1903637560402456,0.40232105584326017,0.6754473784038244,0.27312632256056424,0.7804567019868913,1.194420773373128,0.4139640713862367,5.214419966379286,3.133254490309466,0,0,0,1,1,1,0,0,0,0,0,0
3998846,de0d09d8-509a-4041-9f00-880d9e5bc01c,1,2,1,Portugal Women's,Diana Catarina Ribeiro Gomes,Ana Borges,6.9,51.9,19.1,77.2,28.087898,6.1852531113616465,0.01168887209681426,0.0005006647563691416,-0.011188207340445117,0.08150280233748036,0.010653509587334192,-0.07084929275014618,0.2750786103229983,0.06265800373358936,-0.21242060658940892,13.49021921959047,22.80272587039484,0,0,0,0,0,0,0,0,0,0,0,0
3998846,2354068e-dc37-4970-a357-774cb8f2ca3e,1,2,44,Italy Women's,Emma Severini,Elena Linari,62.9,12.7,55.5,4.3,11.194641,-10.43008947269535,1.1389201238777689,0.37187674225988826,-0.7670433816178805,1.8694911376345322,0.8907611954168219,-0.9787299422177104,2.683036614611688,1.6050651675913412,-1.077971447020347,1.7507326710842117,4.266802802488249,1,0,2,1,4,2,1,0,0,0,0,0
3998846,6f44a05b-507d-4be2-8d5b-6b0064d5a4a9,1,3,26,Portugal Women's,Francisca Ramos Ribeiro Nazareth Sousa,Joana Filipa Gaspar Silva Marchão,43.1,66.2,35.3,28.1,38.89023,-4.291173632488963,1.002634371513865,0.01402822153476354,-0.9886061499791015,1.6533006997822879,0.13423407217142233,-1.5190666276108655,2.4575810028054934,0.5186066503655481,-1.9389743524399452,1.208895843008692,15.15185326579417,1,0,2,0,2,0,0,0,1,0,0,1
3998846,bd4f300d-f728-4d62-becc-c8950f9130b9,1,3,37,Portugal Women's,Diana Micaela Abreu de Sousa e Silva,Joana Filipa Gaspar Silva Marchão,95.7,19.3,107,15.8,11.829624,4.450754455486532,0.6675484253023612,0.3054032184694812,-0.36214520683288004,1.2766105010730087,0.8346205079826187,-0.44198999309039,2.091112545697973,1.6315278208899138,-0.4595847248080591,2.4746209579381873,5.441593464027298,1,0,1,0,2,2,0,0,0,0,0,0
3998846,bc0c79b2-3013-4881-92ef-8ef268fbefa0,1,4,13,Portugal Women's,Andreia Alexandra Norton,Ana Borges,92.8,73.9,108.8,69.9,16.492422,11.534375726932595,0.7372166980121543,0.47685481130613466,-0.2603618867060196,1.1418964931905555,0.8707950150050934,-0.27110147818546215,1.8492136016984904,1.5712279307532144,-0.27798567094527593,1.2050404935996881,2.4888484192221765,1,1,1,1,1,1,0,0,0,0,0,0
3998846,377983cd-b208-407f-aec4-94278f2de6ad,1,4,55,Portugal Women's,Ana Borges,Fátima Alexandra Figueira Pinto,77.7,77.2,71.7,67.2,11.661903,0.898331484636735,0.12586214972809506,1.0034653021350237,0.8776031524069287,0.4312708305397381,1.4090691538694513,0.9777983233297132,0.9758351794028322,2.02911267638896,1.0532774969861278,7.924484709039638,0.7006472097555493,0,1,0,1,1,2,0,0,0,0,0,0
3998846,caa153bf-0516-461a-9683-65442179f33e,1,4,57,Portugal Women's,Fátima Alexandra Figueira Pinto,Ana Borges,71.8,67,72.8,76.8,9.850888,-4.603398994783625,1.0034662739124058,0.3487861896744244,-0.6546800842379814,1.4090694147885372,0.788632230908348,-0.6204371838801892,2.029112464794477,1.4223811785573868,-0.6067312862370904,0.7006417728904146,4.957340050191968,1,0,1,1,2,2,0,0,0,0,0,0
3998846,7db6bfe0-c93c-431e-9454-012cdbcb5c33,1,5,23,Portugal Women's,Diana Micaela Abreu de Sousa e Silva,Andreia Alexandra Norton,73.4,57.2,72,70.2,13.075168,-7.03720993293134,0.4945538657026442,0.3287032284293761,-0.1658506372732681,1.0931145282800405,0.8201954143912779,-0.27291911388876267,1.9795108261425527,1.5484669273470568,-0.4310438987954959,3.264367525737492,4.632089978479181,0,0,1,1,2,1,0,0,1,0,0,1
3998846,3146f7ac-fa77-4840-81fe-0218f68da319,1,5,36,Italy Women's,Emma Severini,Elena Linari,38.3,7.7,27.2,8.2,11.111256,-10.244125672731755,0.6873222726131736,0.04918538407707962,-0.638136888536094,1.126346905483586,0.2938914597507986,-0.8324554457327873,1.7195266377759784,0.8506441724322836,-0.8688824653436947,1.78244602734461,11.768621695862004,1,0,1,0,2,0,0,0,1,0,0,1
3998846,55f828a3-af89-4801-af30-cf6371df8f10,1,5,39,Italy Women's,Elena Linari,Manuela Giugliano,26.9,8.2,29.5,14.3,6.6309876,4.302774983279207,0.1756103934123337,0.2603316566173881,0.08472126320505441,0.48026712519384435,0.7848305567527009,0.3045634315588565,1.016954260632658,1.551873010221465,0.534918749588807,5.552911333593567,6.605381744912946,0,0,0,0,1,2,0,0,0,0,0,0
3998846,f3784179-fc9d-431f-b416-5b1bc96f14b8,1,5,40,Italy Women's,Manuela Giugliano,Lucia Di Guglielmo,27.2,19.5,36.5,68.4,49.7765,6.839746138980942,0.4602268839360194,0.0012009282512443484,-0.45902595568477506,0.9630518734805044,0.024805016338973564,-0.9382468571415308,1.6496899914605834,0.15032572315490406,-1.4993642683056794,3.311592601924571,21.33324604487205,0,0,1,0,2,0,0,0,1,0,0,1
3998846,5b1a46c4-cb26-49b0-a034-b6093d1d3d86,1,5,51,Italy Women's,Lucia Di Guglielmo,Arianna Caruso,88.1,72.6,91.7,76.7,5.456189,-0.733074202136315,0.6660293959396789,0.7104646783062315,0.044435282366552586,1.1986745166415584,1.179132024876383,-0.019542491765175418,1.9490649535381193,1.801385721240811,-0.14767923229730817,2.21289794400586,3.0643055029981694,1,0,1,2,2,2,0,0,0,0,0,0
3998846,314a2ea9-9212-4aaa-b203-52aff3345666,1,6,13,Portugal Women's,Joana Filipa Gaspar Silva Marchão,Fátima Alexandra Figueira Pinto,22,3.4,26.1,18.9,16.03309,8.370004492041275,0.3310337692273664,0.24742588431430995,-0.08360788491305643,0.6564992701087096,0.6740662693246171,0.01756699921590754,1.1162449494038293,1.3138481413198613,0.19760319191603193,3.7363345283348264,5.61591722007576,0,0,1,0,1,1,0,0,1,0,0,1
3998846,3026a6b8-96b3-42eb-935c-902ccb32cee9,1,6,18,Portugal Women's,Fátima Alexandra Figueira Pinto,Carole da Silva Costa,39.8,13.8,25.5,17.9,14.876156,-12.678695946092105,0.6026138595085944,0.012012330356623656,-0.5906015291519707,1.1437109757783894,0.1123761439515465,-1.031334831826843,1.8773772614026283,0.44536729060110936,-1.432009970801519,2.4253915644831197,14.375214202707403,1,0,1,0,2,0,0,0,1,0,0,1
3998846,fe8e83c2-2962-4f17-8817-314049311a56,1,6,22,Portugal Women's,Carole da Silva Costa,Diana Catarina Ribeiro Gomes,27.7,20.1,21.8,45.9,26.466017,-3.95621432624435,0.04617264558606348,0.007300678930355799,-0.03887196665570768,0.22584578996905405,0.06817898397817092,-0.15766680599088312,0.6499882622107371,0.26048995359640736,-0.38949830861432977,9.810287527732829,15.283578524519358,0,0,0,0,0,0,0,0,1,0,0,1
3998846,3c49906f-b64d-4112-9570-a10f0db1c47d,1,6,25,Portugal Women's,Diana Catarina Ribeiro Gomes,Ana Borges,22.9,48,40.8,73.6,31.237318,11.396447810702725,0.00318096602250047,0.006260443157329934,0.0030794771348294637,0.0406799708916553,0.05500485864974261,0.01432488775808731,0.17342008400549266,0.21332249709284196,0.03990241308734929,18.172785808812563,15.352235138967444,0,0,0,0,0,0,0,0,0,0,0,0
3998846,b5ad87dd-d7d4-4b57-9e36-d919b1d38add,1,6,39,Italy Women's,Elena Linari,Lisa Boattin,45.3,5.9,53.6,3.5,8.640023,6.344390304057214,0.221986954515355,0.13295137966144197,-0.08903557485391303,0.5130218526020878,0.4615693081089157,-0.05145254449317205,0.9638030404639291,0.9803018775378002,0.01649883707387112,4.768706306523574,8.565419420321078,0,0,1,0,1,0,0,0,1,0,0,1
3998846,10077976-9552-46bc-8025-587055a51abc,1,6,52,Italy Women's,Lucia Di Guglielmo,Martina Lenzini,75.4,68.8,64.7,62.4,12.467959,-6.573989754241886,0.4246589699933109,0.26170775200296703,-0.16295121799034384,0.8836422156727982,0.5914210801031031,-0.2922211355696951,1.5608308558591897,1.162897432356105,-0.3979334235030847,3.409034013031234,4.307354467687308,0,0,1,1,2,1,0,0,1,0,0,1
3998846,d2ed5bd5-1753-430d-b59f-d156383daa6f,1,6,55,Italy Women's,Martina Lenzini,Lucia Di Guglielmo,69.7,67.5,69.6,75.5,8.000625,-4.320857346427026,0.9943882118336145,0.32110171045891356,-0.6732865013747009,1.4638774176003038,0.7759563468737304,-0.6879210707265734,2.1189876561546637,1.463687911781502,-0.6552997443731616,0.9807523967136063,5.320556566255865,1,0,2,0,2,2,0,0,1,0,0,1
3998846,961143e9-27ef-46d0-ab0a-f91e3b6dc8bc,1,6,57,Italy Women's,Lucia Di Guglielmo,Laura Giuliani,65.3,74.1,33.6,58.3,35.419346,-23.858245661541275,0.3852435213325191,0.11312354985777891,-0.2721199714747402,0.8884856690115014,0.27710859625662343,-0.611377072754878,1.6289046721706408,0.5076501618718756,-1.1212545102987652,4.122430070234249,6.541073632904217,0,0,1,0,2,1,0,1,1,0,0,1
3998846,c1f9d803-b45e-41dc-87a8-a26b88b650d3,1,7,0,Italy Women's,Laura Giuliani,Elena Linari,33.8,57.9,48.8,32.1,29.843592,16.40198003559307,0.11312356816628868,0.0017173895369481066,-0.11140617862934057,0.27710862106723494,0.03513969192178297,-0.24196892914545198,0.5076501795462957,0.20788558229568624,-0.29976459725060944,6.541073145592223,20.85733825724522,0,0,0,0,1,0,1,0,1,0,0,1
3998846,e0f74d75-b367-4f28-8570-afd845a87d3f,1,7,5,Italy Women's,Elena Linari,Manuela Giugliano,62.4,26.2,68.4,40.5,15.50774,7.627637512054648,0.05323319631698758,0.7575787692918685,0.704345572974881,0.27773711527422146,1.2474578101177152,0.9697206948434938,0.8222485422345153,2.0917897720404857,1.2695412298059705,9.981884830751921,1.236254265486829,0,1,0,1,0,1,0,1,1,0,0,1
3998846,c2249e96-ebec-4c20-a791-db75f686daf5,1,7,6,Italy Women's,Manuela Giugliano,Elena Linari,69.2,40.5,66.8,21.3,19.349419,-5.588407484701108,0.757577919414694,0.07656735977006927,-0.6810105596446248,1.2474573285064527,0.3333396387561598,-0.914117689750293,2.0917896334049098,0.9162046205221885,-1.1755850128827212,1.2362582998416118,8.436277523494427,1,0,1,0,1,0,1,0,1,0,1,1
3998846,8ad619d4-93b7-41f9-b231-debc57224509,1,7,9,Italy Women's,Elena Linari,Cristiana Girelli,68.8,20.3,93.8,29.1,26.503584,26.482256122462353,0.2451488802264638,0.9261359883928088,0.680987108166345,0.5895866639962984,1.5117852074853704,0.9221985434890719,1.194406467759929,2.5051276901008444,1.3107212223409153,4.638050947486982,0.7859683892936847,0,1,1,1,1,1,0,1,1,0,1,1
3998846,ac4d8f30-25d1-4ce9-8d53-70bf78dce8d6,1,8,17,Italy Women's,Manuela Giugliano,Cristiana Girelli,104,7.7,114.1,37.5,31.46506,29.63785774400141,0.07139145038554397,1.548616243372526,1.477224792986982,0.23779481041939118,2.925038645247031,2.68724383482764,0.6175067273109104,4.4671209249233375,3.849614197612427,7.982586273433336,2.031904891500889,0,1,0,3,1,6,0,1,0,1,1,1
3998846,ff37e3d0-5a68-4196-8d65-cd328398c84d,1,9,0,Portugal Women's,Diana Catarina Ribeiro Gomes,Ana Borges,7.3,59.2,21,76.4,21.989315,8.844128261721579,0.6084566109716781,0.20253541791111357,-0.40592119306056457,0.7608026250053197,0.4476925170680642,-0.3131101079372555,0.9540335215466856,0.7872083124896683,-0.16682520905701737,1.494027154073162,4.972083307910055,1,0,1,1,1,1,1,0,0,0,0,0
3998846,21a1c4bb-823a-4647-a1be-78434560c348,1,9,5,Italy Women's,Manuela Giugliano,Arianna Caruso,87.3,16.6,80.7,27.5,12.742449,-1.029955733185183,1.295352558658766,0.24082429531418398,-1.054528263344582,1.961834201660589,0.8151998050500306,-1.1466343966105583,2.755219370209973,1.7411106228163196,-1.0141087473936536,1.7396281339628534,7.978017167249184,2,0,3,0,3,1,0,0,0,0,0,0
3998846,f83d92e4-3d16-4acd-b5eb-fc1e3e34a795,1,9,8,Italy Women's,Arianna Caruso,Lucia Di Guglielmo,81.3,29,84.6,53.8,25.018593,2.2382102203787824,0.35165952089334673,0.20669377607904837,-0.14496574481429836,1.061951147369636,0.6782726897101612,-0.3836784576594747,2.147490293389005,1.5462905779079459,-0.6011997154810591,5.956833087693064,6.311149531276394,0,0,0,0,2,1,0,0,0,0,0,0
3998846,e47171ff-3528-405d-9b18-dfbbaed0602c,1,9,48,Portugal Women's,Joana Filipa Gaspar Silva Marchão,Francisca Ramos Ribeiro Nazareth Sousa,43.5,2.3,54.4,11.9,14.524806,13.920003977908905,0.0038953902569097577,1.1555067329350026,1.151611342678093,0.051265572713066455,1.5884698647564284,1.537204292043362,0.2531680315142356,2.2217284843185414,1.9685604528043057,17.249762908537615,0.4440970812983194,0,1,0,2,0,2,0,1,1,0,0,1
3998846,cc4de6a0-8fa3-476b-a909-05f278934e41,1,9,49,Portugal Women's,Francisca Ramos Ribeiro Nazareth Sousa,Joana Filipa Gaspar Silva Marchão,54.4,11.9,48.4,1.5,12.006665,-9.929540298500072,1.0537257167563185,0.07267514604044494,-0.9810505707158736,1.5173937531701047,0.30678530566678697,-1.2106084475033176,2.1585347154596164,0.7820171699014852,-1.3765175455581313,0.8638505033276888,9.685508871279447,1,0,2,0,2,0,0,0,1,0,0,1
3998846,75281f63-755a-4a5f-b7c2-a2b8983caea9,1,9,54,Portugal Women's,Fátima Alexandra Figueira Pinto,Ana Borges,52.3,27.1,50.4,60.3,33.254322,-3.5819327026649717,0.8959100156366817,0.024060889252125635,-0.871849126384556,1.4218018126984846,0.1524675563920093,-1.2693342563064753,2.164501044898555,0.517861155943701,-1.6466398889548541,1.0495333042250292,11.726295244738983,1,0,1,0,2,0,1,0,1,0,0,1
3998846,37c81068-bea5-4f5d-9de1-87045ed69686,1,9,57,Portugal Women's,Ana Borges,Andreia Alexandra Norton,57.7,62.5,71.7,60.3,14.1718025,13.845951714053264,0.29960750905307604,0.7096365035891139,0.41002899453603786,0.5975594015018595,1.145725347147361,0.5481659456455015,1.1285428725782838,1.7861506122943143,0.6576077397160305,3.766155248672197,1.7266827008127772,0,1,1,1,1,2,0,0,1,0,0,1
3998846,3677e8bc-a14a-4b7e-b677-2a6c58dc22a4,1,10,1,Portugal Women's,Andreia Alexandra Norton,Diana Catarina Ribeiro Gomes,61.3,66.2,40.5,64.3,20.886599,-18.8492147926423,0.5086157893494786,0.29127524088855355,-0.21734054846092504,0.8486110747840637,0.576671870441839,-0.27193920434222474,1.347535610070658,1.0014007292295677,-0.34613488084109023,2.316866073380134,3.838802750207224,1,0,1,1,1,1,0,0,1,0,0,1
3998846,3bf72649-c22c-476b-85b6-e9e1bfc629db,1,10,3,Portugal Women's,Diana Catarina Ribeiro Gomes,Patricia Isabel Sousa Barros Morais,40.5,64.3,14.8,47.2,30.869078,-22.31523927964284,0.29127524088855355,0.08709931985802996,-0.2041759210305236,0.576671870441839,0.24573723181154197,-0.33093463863029704,1.0014007292295677,0.491974033306673,-0.5094266959228947,3.838802750207224,7.347203162044572,0,0,1,0,1,1,0,1,1,0,0,1
3998846,b94be06f-de09-4aab-b78f-1d8e2eb8cf9b,1,10,30,Italy Women's,Lisa Boattin,Manuela Giugliano,38.1,12.7,47.7,11.5,9.674709,8.615702706866827,0.45928412607765234,0.492296193741795,0.033012067664142664,0.8866014581279573,0.9409144388217024,0.05431298069374513,1.458660305660816,1.5555343176095364,0.09687401194872036,3.1415850478636127,3.1517475025026176,0,0,1,1,2,2,0,0,1,0,0,1
3998846,797af566-4f71-414a-8523-ea7c8e4d77a0,1,10,31,Italy Women's,Manuela Giugliano,Lisa Boattin,47.7,11.5,44.9,20.7,9.6166525,0.17416531937583102,0.492296193741795,0.42198533235740077,-0.07031086138439424,0.9409144388217024,1.0794332640124815,0.13851882519077907,1.5555343176095364,1.9526347257199537,0.39710040811041725,3.1517475025026176,4.717483842013727,0,0,1,1,2,2,0,0,1,0,0,1
3998846,0d28e0df-7ce6-41c4-ab2d-fbf2fafbc275,1,10,32,Italy Women's,Lisa Boattin,Arianna Caruso,48.3,23.8,43.3,27.5,6.2201285,-4.204557278435487,1.087025849448064,1.043354956303114,-0.043670893144950096,1.8126431012513973,1.7483776011666896,-0.06426550008470766,2.6721873843336277,2.697108278279888,0.024920893946260403,1.4036142035183978,1.07302901396989,1,1,1,2,4,2,1,0,1,0,0,1
3998846,47707c90-4ffa-49f9-b1fb-acd9c3d0e501,1,10,52,Portugal Women's,Francisca Ramos Ribeiro Nazareth Sousa,Tatiana Vanessa Ferreira Pinto,98.4,55.9,100.2,46.3,9.767292,6.042960318899823,0.9539530007431423,0.9370015795609103,-0.01695142118223192,1.7229477558024395,1.8288371143257285,0.10588935852328896,2.8289445877719746,2.9717360874481136,0.14279149967613902,1.1420446252285743,2.4480070966408047,1,1,1,2,2,4,1,0,1,0,0,1
3998846,86097f9a-07c8-42b9-87a9-85fe8ba9dd7c,1,11,0,Italy Women's,Arianna Caruso,Cristiana Girelli,36.5,7.3,40.8,12.3,6.5946946,5.770343381905377,0.9272962852025081,1.1386081928693883,0.21131190766688024,1.5164176186799814,1.9150117149948258,0.39859409631484444,2.236563855025176,2.7489554526969577,0.5123915976717819,2.531266066443656,1.8396573644637306,2,1,2,3,2,4,0,0,0,0,0,0
3998846,bad7265b-2071-48a1-b42c-8f92a0b7ec1f,1,11,55,Portugal Women's,Joana Filipa Gaspar Silva Marchão,Carole da Silva Costa,30.6,10.7,24.5,26.7,17.123375,-2.3427218587933254,0.20712345382246214,0.03678863659448157,-0.17033481722798058,0.4339335917038627,0.21350752089991082,-0.22042607080395188,0.7534339223030236,0.6126377676401853,-0.14079615466283835,4.806851450878171,11.067214201301892,0,0,1,0,1,0,0,0,1,0,0,1
3998846,b2458be3-b787-4b73-b6ae-c73fac1a90cf,1,11,57,Portugal Women's,Carole da Silva Costa,Tatiana Vanessa Ferreira Pinto,25.3,32.6,48,21.4,25.312645,20.62498271413692,0.2605435642501449,0.5900088437293141,0.32946527947916915,0.57710847612894,1.0434987402163831,0.4663902640874431,1.0876162232276063,1.5728126207717394,0.48519639754413313,4.266840986936648,3.5697779446362534,0,0,1,2,1,2,0,0,0,0,0,0
3998846,824cb546-27a2-4631-af60-001af457b988,1,12,10,Italy Women's,Lucia Di Guglielmo,Arianna Caruso,57.2,54.6,60.8,48.3,7.256032,4.695791585220547,0.09773004870240355,0.8496752294609736,0.7519451807585701,0.4094147745590149,1.5129086569298011,1.1034938823707863,1.0168591115645365,2.374109635970045,1.3572505244055084,9.531058851883817,1.918324704549561,0,1,0,1,0,3,0,0,1,0,0,1
3998846,f5f1e5a3-7f27-4f34-acd4-f2b34bac4d75,1,12,10,Italy Women's,Arianna Caruso,Lucia Di Guglielmo,60.4,48.7,58.2,57.1,8.683317,-3.8905128538629725,0.8496750140423868,0.25980822496994865,-0.5898667890724381,1.5129084770560968,0.8077167573478162,-0.7051917197082805,2.3741094723123943,1.6798518543052001,-0.6942576180071942,1.9183258887478842,7.001643755629368,1,0,1,0,3,2,0,0,1,0,0,1
3998846,d9ce20a0-d168-4149-a88e-808b5427f655,1,12,12,Italy Women's,Lucia Di Guglielmo,Sofia Cantore,60.9,60.8,74.8,77.6,21.804815,3.8588541474981355,0.1751406239690673,0.011457738690656827,-0.16368288527841046,0.6382713632846733,0.09960189783017646,-0.5386694654544968,1.4541197596741688,0.4115614177651223,-1.0425583419090465,8.414984071212867,14.048045784729002,0,0,0,0,0,0,0,0,0,0,0,0
3998846,de4ee232-dde6-470d-8d5d-6363070554c1,1,12,24,Portugal Women's,Francisca Ramos Ribeiro Nazareth Sousa,Fátima Alexandra Figueira Pinto,38,22.6,33.7,20.5,4.7853947,-4.6498746732340805,0.37020079827842794,0.12042223444709427,-0.24977856383133368,0.8651562387618296,0.42278119356221094,-0.4423750451996186,1.5228030088847635,0.9801502917693882,-0.5426527171153753,4.766417744959652,7.1361530227600305,0,0,1,0,2,1,0,0,1,0,0,1
3998846,0de7a2f1-ec58-4452-a8dc-5ea60d99a6b7,1,12,26,Portugal Women's,Fátima Alexandra Figueira Pinto,Joana Filipa Gaspar Silva Marchão,33.3,20.5,39.6,2.7,18.882002,0.23487743350594315,0.18759632072370566,0.014478685040368098,-0.17311763568333757,0.4692214860371362,0.12240201159639995,-0.34681947444073624,0.950441950832407,0.4519522257038414,-0.4984897251285656,5.249600755238165,14.620215562634268,0,0,0,0,1,0,0,0,1,0,0,1
3998846,24a1479e-10d0-4d3d-b895-7953cfa03541,1,12,28,Portugal Women's,Joana Filipa Gaspar Silva Marchão,Carole da Silva Costa,39.6,2.7,26.5,17.1,19.467152,-7.632516034514637,0.02105842812613538,0.013816635382457847,-0.007241792743677533,0.14805232304448726,0.10164669662356303,-0.04640562642092423,0.4956179194819704,0.38132543133609176,-0.11429248814587867,13.229487566066618,13.118177828211634,0,0,0,0,0,0,0,0,1,0,0,1
3998846,0afbaa9a-b4e1-4154-a9c9-3e684fe5581d,1,12,30,Portugal Women's,Carole da Silva Costa,Diana Catarina Ribeiro Gomes,26.3,18.1,22,35.7,18.11767,-1.8690348133442427,0.021663624742843317,0.005635242060942008,-0.01602838268190131,0.1349716736308965,0.06755562876276361,-0.06741604486813288,0.44675724424435226,0.3069089861655886,-0.13984825807876367,11.833718494599674,17.500168436863966,0,0,0,0,0,0,0,0,1,0,0,1
3998846,b44d73cc-ca2b-4f2e-8ead-b8fabb5e6050,1,12,34,Portugal Women's,Diana Catarina Ribeiro Gomes,Carole da Silva Costa,26.3,41.8,27.1,25.9,15.920113,-0.2466416233366573,0.007215925256986912,0.03771133242369482,0.03049540716670791,0.08208099918649814,0.17808436377752349,0.09600336459102535,0.35787841251722446,0.5123098022024084,0.15443138968518394,16.92703568205674,10.049483387834796,0,0,0,0,0,0,0,0,1,0,0,1
3998846,5e4ceba7-67a5-4798-a50b-a6e583dbea92,1,12,36,Portugal Women's,Carole da Silva Costa,Diana Catarina Ribeiro Gomes,27.1,25.8,26.7,43.5,17.70452,0.6133616469709438,0.08457539501311291,0.029970184401342848,-0.054605210611770066,0.27160796305465995,0.1814789358591255,-0.09012902719553445,0.6342582073172679,0.5431670484169869,-0.09109115890028097,7.5277539516742005,11.972479796968734,0,0,0,0,1,0,0,0,1,0,0,1
3998846,c2fcb238-82cd-45cd-b570-928ebbe7c0cc,1,12,41,Portugal Women's,Fátima Alexandra Figueira Pinto,Patricia Isabel Sousa Barros Morais,37.5,40,9.9,39.2,27.611591,-27.602906410321424,0.6313619574429093,0.008034851304385682,-0.6233271061385237,1.0761217474411113,0.07436065756189283,-1.0017610898792184,1.6731913765815212,0.29106657785985895,-1.3821247987216623,2.022971689194625,15.132801060999688,1,0,1,0,2,0,1,0,0,0,0,0
3998846,fe6179da-d349-40a5-8932-1d89d04e8b93,1,14,15,Italy Women's,Martina Lenzini,Manuela Giugliano,51.4,31.7,48.3,67.5,35.933968,-7.692548772744729,0.29450228313732624,0.005527591796195197,-0.288974691341131,0.4807710183120389,0.054101762823782845,-0.42666925548825607,0.641350348839109,0.23668670530038036,-0.40466364353872863,3.667442069712791,15.742309871852889,0,0,1,0,1,0,0,0,1,0,0,1
3998846,a62ac08a-9bf8-417f-957a-123b3b0a17c4,1,14,21,Italy Women's,Manuela Giugliano,Cristiana Girelli,65.5,69.8,92.4,51.6,32.478455,32.176531189786324,0.2713712880460529,0.9541204435732275,0.6827491555271745,0.5518463184698537,1.4273819313376732,0.8755356128678196,1.0655785772896114,2.226229125325104,1.1606505480354927,4.011037604820705,0.587093490083648,0,1,1,1,1,1,0,0,0,0,0,0
3998846,26a62218-fd6e-4922-b1e2-c8b6487c7291,1,15,31,Italy Women's,Lucia Di Guglielmo,Sofia Cantore,92.2,79.4,104.6,73.7,13.647344,11.168337163919226,0.35687437457550536,0.7180578007851904,0.3611834262096851,0.8661305857986703,1.1860239088335571,0.3198933230348868,1.586151650937043,1.8392956555807218,0.2531440046436788,5.266508059385095,1.9674864219231774,0,1,0,1,2,2,0,0,1,0,0,1
3998846,d6a5533f-67c1-4db1-90b8-1fbfebbb1ac0,1,17,33,Portugal Women's,Ana Ines Palma Capeta,Francisca Ramos Ribeiro Nazareth Sousa,27.5,33,57,27.1,30.084215,28.45733317141149,0.8275306192499715,1.1914699030754572,0.3639392838254857,1.7638680950142447,2.268599095315542,0.5047310003012975,2.9007194494753876,3.5626087841302643,0.6618893346548766,3.321329367455316,2.2049163729387784,0,1,2,2,3,5,0,1,1,0,0,1
3998846,5fe2cfb4-9bf8-4f45-ba56-ddf98633e192,1,17,49,Portugal Women's,Joana Filipa Gaspar Silva Marchão,Fátima Alexandra Figueira Pinto,60.9,1.1,54.8,6.6,8.213404,-2.503848427277944,0.3240750399515811,0.5853470980234872,0.26127205807190607,0.6755771509552488,1.0250054693375155,0.3494283183822666,1.239476533965877,1.7195782607760268,0.48010172681014973,3.6815187188481455,2.0425951459480993,0,1,1,1,1,1,0,1,1,0,0,1
3998846,90c55500-5869-4730-b061-da2b66fc1650,1,17,51,Portugal Women's,Fátima Alexandra Figueira Pinto,Carole da Silva Costa,54.8,6.7,39.8,2.7,15.524175,-15.2380473572224,0.5853471129352282,0.017189221426857557,-0.5681578915083707,1.0250054808566411,0.10980502927943135,-0.9152004515772098,1.719578270005586,0.3825213507949089,-1.337056919210677,2.042595054604447,12.384689673337617,1,0,1,0,1,0,1,0,1,0,0,1
3998846,17729cc1-c4b7-4b15-821b-1cab35501900,1,17,54,Portugal Women's,Carole da Silva Costa,Diana Catarina Ribeiro Gomes,38,4.6,30.2,26.2,22.96519,-1.5392205072508602,0.0162661221710424,0.04259526988187688,0.026329147710834482,0.11417364464064647,0.18273925669180968,0.06856561205116321,0.417482706230555,0.4877667817713396,0.07028407554078459,12.655948281597821,9.690975010696194,0,0,0,0,0,0,0,0,1,0,0,1
3998846,d8aee780-dfd7-48ba-99c9-9415f2a057d8,1,17,56,Portugal Women's,Diana Catarina Ribeiro Gomes,Joana Filipa Gaspar Silva Marchão,32.5,23.2,48.4,3.3,25.471945,8.640451357447844,0.16020778440234282,0.44789736682496023,0.28768958242261744,0.3935499987032632,0.7520733927412467,0.35852339403798356,0.7637580720544498,1.272641195754876,0.5088831237004262,5.667409194296118,2.5533631031932287,0,1,0,1,1,1,0,0,1,0,0,1
3998846,01be410d-e252-4c4c-a191-2de490a037a8,1,17,58,Portugal Women's,Joana Filipa Gaspar Silva Marchão,Diana Micaela Abreu de Sousa e Silva,48.2,3.7,66.8,22.4,26.375177,24.418818410352138,0.44789743964088163,0.8897560650726996,0.4418586254318179,0.7520734579665517,1.5499991972011293,0.7979257392345777,1.272641249162982,2.483882475169948,1.2112412260069663,2.5533626052436476,1.478961686311766,1,1,1,1,1,3,0,1,1,0,0,1
3998846,5f4820dd-59b9-4f9d-89a4-fd623720137c,1,18,6,Portugal Women's,Diana Micaela Abreu de Sousa e Silva,Ana Borges,62.7,43.1,64.6,65.6,22.58008,-3.6450500166541104,0.4196118797135995,0.03301109352880536,-0.3866007861847941,0.9231683017116313,0.15902744995578577,-0.7641408517558456,1.7458501973845604,0.48614789347465054,-1.2597023039099098,3.1931044350332862,10.387399868058102,0,0,1,0,1,0,0,0,1,0,0,1
3998846,c3736948-fbf4-44cd-af22-e0773b735687,1,18,9,Portugal Women's,Ana Borges,Diana Micaela Abreu de Sousa e Silva,71.7,72,79.3,46.3,26.800186,16.75396857653393,0.154956858231645,0.8461774451400302,0.6912205869083852,0.3703636481869544,1.3254860439274705,0.9551223957405162,0.7493143838337958,2.146134507290265,1.396820123456469,5.656611142767582,1.1436414947197384,0,1,0,1,1,2,0,1,0,0,0,0
3998846,38524587-c8c9-40fc-aa0a-555a1cfa1670,1,18,11,Portugal Women's,Diana Micaela Abreu de Sousa e Silva,Andreia Alexandra Norton,79.5,46.3,83.2,64,18.082588,-2.9474255645386194,0.8461779094424547,0.43434034286077877,-0.411837566581676,1.3254863434291932,1.1113635524388632,-0.21412279099033005,2.1461347680752096,2.0514748972745744,-0.0946598708006352,1.1436389179875688,5.852184130728002,1,0,1,0,2,3,1,0,0,0,0,0
3998846,209b1730-f98f-419b-ab23-d6acf349582f,1,18,12,Portugal Women's,Andreia Alexandra Norton,Ana Ines Palma Capeta,84.4,64.3,92.8,48.2,18.15957,14.693630678337822,0.781785557450247,1.3851578690982707,0.6033723116480236,1.5225900193535287,2.4759253461999884,0.9533353268464597,2.473911645006873,3.7462954081632263,1.2723837631563533,2.68151230695804,1.9455101245249493,1,1,1,3,4,5,1,0,0,0,0,0
3998846,35ede811-2d7e-4030-b1c2-f49ce1fb4a4b,1,18,15,Italy Women's,Elena Linari,Cristiana Girelli,22.4,32.3,29.9,24.2,11.0390215,6.428408652605654,0.8734896896002056,0.6131311547856326,-0.26035853481457294,1.5278482187097628,1.0666037962108912,-0.46124442249887165,2.304902338374297,1.7380719145349486,-0.5668304238393482,2.0946074769188705,1.9568066989489292,1,1,2,1,2,1,1,0,1,0,0,1
3998846,10d46925-938e-4a41-b501-924b30e7d72a,1,18,17,Italy Women's,Cristiana Girelli,Lisa Boattin,28.7,23.7,20.3,22.3,8.515867,-8.515349793020619,0.6259703465630388,0.22065611643440491,-0.40531423012863393,1.236401073812372,0.6675025594797461,-0.568898514332626,2.079619618165261,1.3892660530895737,-0.6903535650756871,2.639693333049432,6.292959054922634,1,0,1,0,2,1,0,0,1,0,0,1
3998846,9158c4b7-f737-42cf-b3d3-2cce7396f1a8,1,18,18,Italy Women's,Lisa Boattin,Manuela Giugliano,20.3,22.3,37.1,30.7,18.78297,17.83895333331246,0.22065611643440491,0.2598463624947153,0.03919024606031041,0.6675025594797461,0.805917623073647,0.13841506359390088,1.3892660530895737,1.6774766074190925,0.2882105543295188,6.292959054922634,6.252198231304605,0,0,0,0,1,2,0,0,1,0,0,1
3998846,7e107668-28f0-41ea-b5f6-92af65ab3385,1,18,27,Italy Women's,Lisa Boattin,Elena Linari,45.1,11.9,23.8,25.7,25.379717,-17.259405629449006,0.9878497618981181,0.010604200465557137,-0.977245561432561,1.6689662100704523,0.10392217332365952,-1.5650440367467928,2.633342544790691,0.4097843564236955,-2.2235581883669955,1.6973545516651256,15.419390555248969,1,0,2,0,2,0,0,0,1,0,0,1
3998846,b997ba4d-d527-4244-bc20-4ec4f09637ad,1,18,30,Italy Women's,Elena Linari,Martina Lenzini,23.8,25.8,30.8,57.9,32.854374,6.26408347872524,0.010604201312271631,0.049918418137642084,0.03931421682537045,0.1039221790906923,0.18331234609053704,0.07939016699984473,0.40978437098188614,0.4684359359679792,0.058651564986093085,15.419390818599025,9.024899085493413,0,0,0,0,0,0,0,0,1,0,0,1
3998846,ce0d4958-e90f-40a6-8d25-19c636552468,1,18,36,Italy Women's,Cecilia Salvai,Arianna Caruso,30.7,43.8,51.7,55,23.8,19.453066069676055,0.3332073780146589,0.706676831330208,0.3734694533155491,0.682068332250186,1.1512898114467405,0.46922147919655444,1.167751126466644,1.788624905496553,0.620873779029909,3.889622988069036,1.5892352155618545,0,1,1,1,1,2,0,1,1,0,0,1
3998846,78c8a1a9-2aa3-41e7-85af-8ccf49034764,1,18,39,Italy Women's,Arianna Caruso,Cristiana Girelli,55.7,48.3,72.1,34.2,21.62799,16.583608539687255,0.9565912164861139,0.6544103939923703,-0.30218082249374356,1.6998157790911006,1.265717159629798,-0.43409861946130257,2.7586055915382786,2.147426140888526,-0.6111794506497525,2.362180240578166,2.3929665020498145,2,1,2,1,2,2,0,0,1,0,0,1
3998846,13fa4bfe-418f-41df-b3c7-a6a7e50ce211,1,18,42,Italy Women's,Sofia Cantore,Lisa Boattin,71.2,32.1,79.2,12.3,21.355093,0.12070896641343154,0.4980225602805491,0.0460149248347421,-0.45200763544580697,1.1547071520595649,0.19550108601177926,-0.9592060660477856,2.0492727568964684,0.5585333661723773,-1.4907393907240911,3.9260623125693974,9.371682188957054,0,0,1,0,2,0,0,0,1,0,0,1
3998846,80ea09d5-6090-4d1a-bc2f-8550323d41b4,1,18,45,Italy Women's,Lisa Boattin,Sofia Cantore,83.3,12.9,98.1,16.1,15.141994,13.204913073192593,0.2990378262186769,0.5405207222046609,0.24148289598598394,0.5509137806717348,1.0671868623537843,0.5162730816820496,0.9838786872377857,1.8098088315135692,0.8259301442757835,3.6697612229491963,3.340358885100133,0,0,1,1,1,2,0,0,1,0,0,1
3998846,205fc132-94b7-4576-8dda-b62448791098,1,18,51,Italy Women's,Sofia Cantore,Lisa Boattin,107.5,11.5,95.2,15.3,12.873616,-3.8811244543977494,0.7494154620001242,0.13976139870643994,-0.6096540632936842,1.1810097006479157,0.5189831163597818,-0.6620265842881339,1.7563766090425794,1.2425430353158033,-0.5138335737267761,1.9935828949319812,7.350352534044078,1,0,2,0,2,1,1,0,1,0,0,1
3998846,55de73fe-bcaf-4bee-bc5e-5a8547b328ab,1,20,25,Portugal Women's,Francisca Ramos Ribeiro Nazareth Sousa,Ana Borges,34.7,77.8,29.1,76.6,5.7271285,-4.691468958549734,1.3746335043927675,0.8202469032616468,-0.5543866011311207,1.829143611397233,1.4294743571327782,-0.3996692542644549,2.386886258578764,2.1159527998355476,-0.27093345874321617,0.8581853913525493,2.272634593951697,2,1,2,2,2,3,1,1,0,0,0,0
3998846,b3b61a0f-d318-4934-847c-c1a1547cf2de,1,20,37,Italy Women's,Emma Severini,Lisa Boattin,103,9,104.9,2.7,6.5802736,-4.885187776190065,0.3822980943720718,0.3524076802567045,-0.029890414115367303,0.9969892427089999,0.8502519940272629,-0.146737248681737,1.8373764973227362,1.56000952067057,-0.27736697665216625,6.0038502056011565,4.4322113551232585,0,0,0,1,3,1,0,0,0,0,0,0
3998846,047f29c0-c51f-41d8-bba4-b1a721f3bbc9,1,20,38,Italy Women's,Lisa Boattin,Cristiana Girelli,104.8,2.6,105.3,15.4,12.809762,11.71332175155262,0.47810143877716466,1.1304988481344689,0.6523974093573042,0.9882913780385837,1.7408669553181446,0.7525755772795609,1.678948405815443,2.6008885936440933,0.9219401878286504,3.2615801811064364,0.8278620404214073,0,1,1,2,1,2,1,1,0,0,0,0
3998846,bbcb2c69-4165-4f07-9d68-988a0142a1bc,1,21,14,Portugal Women's,Diana Micaela Abreu de Sousa e Silva,Joana Filipa Gaspar Silva Marchão,40.1,19.7,29.2,12.8,12.900388,-12.34803503127877,0.9410960337487019,0.11740807492374519,-0.8236879588249567,1.3593695678723525,0.41420176675845616,-0.9451678011138964,1.832165241425934,0.9102212763805599,-0.921943965045374,1.5882490326108856,7.887801044663316,1,0,2,0,2,1,1,0,1,0,0,1
3998846,ba13a24c-91df-48ce-ab6c-c4e1659eb7d8,1,21,16,Portugal Women's,Joana Filipa Gaspar Silva Marchão,Tatiana Vanessa Ferreira Pinto,28.8,10.9,50,6.7,21.612034,18.213058926776185,0.2578129710006563,0.1110362982328741,-0.14677667276778222,0.6212388618211289,0.4050065692928848,-0.21623229252824405,1.1410659690255716,0.9540532830575835,-0.18701268596798803,4.759420316228952,7.498786340528746,0,0,1,0,1,1,0,0,1,0,0,1
3998846,e3506438-408c-4bee-927b-9bc84b06e1d5,1,21,18,Portugal Women's,Tatiana Vanessa Ferreira Pinto,Diana Micaela Abreu de Sousa e Silva,48.8,6.6,43.1,21.4,15.859697,-0.4726733828688907,0.670388275148361,0.27172202736266055,-0.3986662477857004,1.148002971327189,0.7645903199047575,-0.38341265142243164,1.7487462941256804,1.5818202838527053,-0.16692601027297505,2.0288590682632397,4.836198490577608,1,0,1,1,2,1,1,0,1,0,0,1
3998846,467685f1-82e3-4fc9-8312-e7747e0cf34b,1,21,25,Portugal Women's,Diana Micaela Abreu de Sousa e Silva,Ana Borges,55.4,51.4,51.3,60.3,9.79898,-6.038272533255537,1.0101181026579114,0.5265550930213109,-0.4835630096366005,1.5341744427543094,1.013538327212566,-0.5206361155417434,2.224966701757543,1.649200611261023,-0.57576609049652,2.120003456113224,2.9617254533781825,2,1,2,1,2,3,1,0,1,0,0,1
3998846,ea088047-4b12-49ad-9767-e0166ffc1f03,1,21,25,Portugal Women's,Ana Borges,Diana Catarina Ribeiro Gomes,50.9,60.7,35.5,57.2,15.79272,-14.09886313091323,0.526554878549729,0.050774253760180334,-0.4757806247895487,1.0135381612115428,0.21474000155883372,-0.7987981596527092,1.6492004982347952,0.5793990355464615,-1.0698014626883336,2.9617274400899274,9.17187654026141,1,0,1,0,3,0,0,0,1,0,0,1
3998846,b88939e9-a1f8-4253-8a16-02e25b56c8fd,1,21,29,Portugal Women's,Diana Catarina Ribeiro Gomes,Carole da Silva Costa,27.5,49.6,27.1,24.7,24.903214,-1.1546457977363644,0.028307968267706818,0.004969681865120407,-0.023338286402586412,0.1387506586479465,0.050155098334674325,-0.08859556031327218,0.37361738278542495,0.21343524386609206,-0.1601821389193329,10.918605340360617,16.105885152263983,0,0,0,0,0,0,0,0,1,0,0,1
3998846,cecb5132-1827-45c2-b80b-25f326d84d6f,1,21,32,Portugal Women's,Carole da Silva Costa,Joana Filipa Gaspar Silva Marchão,29.2,21.4,42.7,1.5,24.047037,6.328440185409775,0.011232793190782606,0.0006752325864564965,-0.01055756060432611,0.08069624026551141,0.01702028782486666,-0.06367595244064475,0.28394998945972477,0.11390580600272154,-0.17004418345700323,13.63077544193887,22.8470843384694,0,0,0,0,0,0,0,0,1,0,0,1
3998846,2aab0740-e537-463b-87f7-9651472102b6,1,21,40,Portugal Women's,Carole da Silva Costa,Francisca Ramos Ribeiro Nazareth Sousa,41.3,8.9,49.3,2.5,10.244999,4.5924816152564745,0.15541234606312887,0.03428581101790164,-0.12112653504522723,0.3716924739343752,0.16666672110429023,-0.20502575283008498,0.7091840588089486,0.4545400503452809,-0.25464400846366775,5.6627688263864515,10.540531348167795,0,0,0,0,1,0,0,0,1,0,0,1
3998846,ac9ebe84-39fb-4a1c-a419-58b8e3659470,1,22,5,Portugal Women's,Ana Ines Palma Capeta,Carole da Silva Costa,105,13.6,85.6,8.2,20.137527,-16.48276380860581,1.1183202659316758,0.041677945963400465,-1.0766423199682753,1.8225668426209567,0.26040643787855844,-1.5621604047423983,2.7781777120279583,0.8430748726509308,-1.9351028393770275,0.7150901037657399,10.605465528313331,1,0,1,0,3,0,0,0,1,1,1,1
3998846,9cb05674-079b-4358-94c8-302575926543,1,22,13,Portugal Women's,Andreia Alexandra Norton,Joana Filipa Gaspar Silva Marchão,100.6,20.5,105,1.7,19.30803,-13.626045809150778,0.9320006503765274,0.03635180366902506,-0.8956488467075023,1.777355379900968,0.20454576580860814,-1.57280961409236,2.841620684104361,0.6531269030562992,-2.188493781048062,2.6916586081733036,10.588451467253783,1,0,2,0,3,0,0,0,0,0,0,0
3998846,03f3ff95-e7a4-4c16-9678-eccfb6a4ca24,1,22,15,Portugal Women's,Joana Filipa Gaspar Silva Marchão,Andreia Alexandra Norton,106.1,2.1,102.5,8.9,7.694154,4.682980802807997,0.11088314246156095,0.3601851579782527,0.24930201551669173,0.3485515298476187,0.9067519883152538,0.5582004584676351,0.8262750264432275,1.7164553256512383,0.8901802992080108,6.866917699938216,4.862878656558818,0,0,0,1,1,2,0,0,0,0,0,0
3998846,a4e24e16-6a3c-4afe-959f-768994d955b3,1,22,54,Portugal Women's,Francisca Ramos Ribeiro Nazareth Sousa,Ana Borges,110.4,77.4,87.9,67.8,24.46242,-3.852257984411793,0.2484942418629415,0.08356095368274523,-0.16493328818019626,0.445549480834366,0.2956679428645278,-0.14988153796983822,0.7212729427179638,0.767462423771209,0.04618948105324516,4.180445450493228,7.719360738423913,0,0,1,0,1,1,0,0,1,0,0,1
3998846,b908f627-3afc-479c-8c2e-f050dfd6c9f8,1,22,58,Portugal Women's,Ana Borges,Joana Filipa Gaspar Silva Marchão,89.3,70.3,105.7,66.2,16.904734,13.285990449516284,0.721701412108645,0.5360800593636103,-0.18562135274503477,0.9261943510019153,0.9238338679853259,-0.002360483016589421,1.3590706184309287,1.5888941625568287,0.2298235441259,1.0270541906664192,2.2212670046529417,1,1,1,1,1,1,0,1,1,0,0,1
3998846,265dc582-5931-4668-876a-b1b6c9afbd0c,1,23,8,Portugal Women's,Tatiana Vanessa Ferreira Pinto,Ana Borges,65,54.1,68,70.9,17.065756,-3.709492877307852,0.33962613105982364,0.3335671380758523,-0.006058992983971334,0.6125328077538971,0.6830986345680888,0.07056582681419177,1.0230663168531298,1.1794465606167215,0.15638024376359172,3.3532098051785906,3.9121022942753654,0,0,1,1,1,1,0,0,1,0,0,1
3998846,d2f2e544-79de-455f-a4b2-8e1ca04f9613,1,23,9,Portugal Women's,Ana Borges,Tatiana Vanessa Ferreira Pinto,68,70.3,47.4,56.8,24.629454,-14.334652282782208,0.33356728425446364,0.007047937636674891,-0.32651934661778875,0.6830987975808225,0.07717867133039906,-0.6059201262504235,1.179446725001956,0.301473531951605,-0.877973193050351,3.9121007770757177,16.637768357245072,0,0,1,0,1,0,0,0,1,0,0,1
3998846,296a964e-aeae-41b2-b66a-920990f19d6d,1,23,22,Portugal Women's,Andreia Alexandra Norton,Fátima Alexandra Figueira Pinto,72.8,3.8,68,7.9,6.3126855,-1.6263761037401423,0.07570949947858031,0.1115684259356645,0.03585892645708419,0.2595007540988489,0.41678318635348555,0.15728243225463667,0.6347781331853065,0.9918156359288997,0.35703750274359314,7.8829595714818,8.712315436465126,0,0,0,0,1,0,0,0,1,0,0,1
3998846,03681e4a-4167-447f-a5b5-5d67b3ed4ec6,1,23,24,Portugal Women's,Fátima Alexandra Figueira Pinto,Diana Catarina Ribeiro Gomes,68.4,8.7,59.2,3.4,10.617438,-10.615132803788633,0.11156840509500383,0.008746839883116272,-0.10282156521188757,0.41678313448362797,0.08510582065281429,-0.33167731383081367,0.9918155532486331,0.3469304288728356,-0.6448851243757976,8.712315039458385,15.424900948789043,0,0,0,0,0,0,0,0,1,0,0,1
3998846,c8fb11b0-ec23-499e-986c-6550017f2e0f,1,23,30,Portugal Women's,Carole da Silva Costa,Diana Catarina Ribeiro Gomes,54.1,33,55.8,11.3,21.766487,-4.052307716103996,0.06118875438798378,0.08778935072593819,0.026600596337954405,0.2925188323143386,0.33516352365832985,0.04264469134399124,0.7725258186232038,0.8212032856542696,0.04867746703106579,10.3818453845158,8.022773899639553,0,0,0,0,0,0,0,0,1,0,0,1
3998846,4c595aad-949c-4c68-a06b-335afc75d754,1,23,32,Portugal Women's,Diana Catarina Ribeiro Gomes,Joana Filipa Gaspar Silva Marchão,57,11.9,63.6,3.3,10.840664,1.6933782013772856,0.38088375671671865,0.19043792436985316,-0.1904458323468655,0.7317579129989252,0.5419220248508093,-0.18983588814811592,1.2842919270656874,1.1287247150971071,-0.15556721196858025,3.2179743062486397,5.981664449313324,0,0,1,0,1,1,0,0,1,0,0,1
3998846,6f80fd1a-a7b0-4abf-8331-183937962199,1,23,35,Portugal Women's,Joana Filipa Gaspar Silva Marchão,Francisca Ramos Ribeiro Nazareth Sousa,64.2,1.5,70.3,8.2,9.060905,8.79019719439853,0.38284924653621616,0.529848397099514,0.14699915056329788,0.7273524620766304,1.0958471830984775,0.3684947210218471,1.2730502645204824,1.9155565260479321,0.6425062615274497,3.122102477956099,2.6663834547804313,0,1,1,1,1,1,0,0,1,0,0,1
3998846,dfdcd2c4-31d1-4cf0-a542-6537b8b6a88e,1,23,37,Portugal Women's,Francisca Ramos Ribeiro Nazareth Sousa,Carole da Silva Costa,68.7,8.6,50,32.4,30.26764,-10.264459224685616,1.0355172362773961,0.010689249191093594,-1.0248279870863026,1.5574534147708514,0.10357681459199208,-1.4538766001788592,2.3192182552772445,0.4200550624023097,-1.8991631928749348,0.5534016310701995,14.635863086937167,1,0,1,0,2,0,1,0,1,0,0,1
3998846,1a70c251-266c-431d-bfdb-2ccfd8ce86b1,1,23,40,Portugal Women's,Carole da Silva Costa,Ana Borges,50.8,36.1,56.4,56,20.67293,3.728106949338155,0.03818644874508814,0.00794579327033854,-0.030240655474749602,0.2007620026575297,0.07441737708872048,-0.1263446255688092,0.5831776844081416,0.31774455362372356,-0.265433130784418,10.462430659313021,15.014093993879717,0,0,0,0,0,0,0,0,1,0,0,1
3998846,7f9d936c-be97-4cea-a491-134844c63bad,1,23,53,Italy Women's,Emma Severini,Sofia Cantore,29.3,9.2,49.4,8.8,20.10398,18.600112461463965,0.5574945980228796,0.8722339154436479,0.3147393174207683,0.9925192500077057,1.160529390838358,0.16801014083065235,1.492485914235561,1.6544557361243133,0.1619698218887522,3.177383189835319,0.6681096152075346,0,1,2,1,2,1,0,1,1,0,0,1
3998846,89e67ce3-7737-4c46-b425-a4db5456015a,1,23,57,Italy Women's,Sofia Cantore,Lisa Boattin,42.2,3.9,22.3,9.8,20.756205,-16.493669362388374,1.0168259403542568,0.0439435071994748,-0.972882433154782,1.72273181068769,0.20075380469729767,-1.5219780059903925,2.4998800259984932,0.5928295492907878,-1.9070504767077054,1.926080086915529,9.579271211187965,1,0,2,0,3,0,1,0,1,0,0,1
3998846,cf47f191-245d-46d3-8d3c-0abd8b8bb7bf,1,23,59,Italy Women's,Lisa Boattin,Elena Linari,21.8,13.5,16.4,21.7,9.81835,-3.4910678484765043,0.10887039692699735,0.048625777434717944,-0.060244619492279404,0.3290424878320885,0.24946443457803305,-0.07957805325405545,0.7431409277013021,0.6611411338346379,-0.08199979386666423,6.825002812383462,10.508622377010287,0,0,0,0,1,0,0,0,1,0,0,1
3998846,03a15600-b773-45a8-a4a2-2a18491f4052,1,24,3,Italy Women's,Elena Linari,Lucia Di Guglielmo,15.4,24.2,31.9,63.6,42.715454,14.580382633448494,0.021701827928203837,0.007552522590538691,-0.014149305337665147,0.1633057011487658,0.07203262982016108,-0.09127307132860472,0.5408038962368819,0.2877577337884966,-0.25304616244838524,14.083264309483505,15.575322621846706,0,0,0,0,0,0,0,0,1,0,0,1
3998846,8744b190-7434-492a-999f-b9342c8e910e,1,24,10,Italy Women's,Lucia Di Guglielmo,Martina Lenzini,43.1,68.8,32.6,63.3,11.85327,-8.336397328852556,0.03561854147424577,0.053886384814976304,0.018267843340730533,0.1973673357249487,0.21261426650898557,0.015246930784036883,0.5690021250611227,0.5642790232935304,-0.004723101767592275,12.075204490026143,8.916131461926591,0,0,0,0,0,0,0,0,1,0,0,1
3998846,37081284-d33c-486f-9aaa-b26554371a7a,1,24,12,Italy Women's,Martina Lenzini,Cecilia Salvai,32.6,62.6,32.4,45.3,17.301155,2.514507318917552,0.08882729710047381,0.03441911804764003,-0.05440817905283378,0.29468203880596094,0.2265012399407792,-0.06818079886518175,0.7132153873945678,0.7078900570276547,-0.0053253303669130725,7.438083221697768,12.521266083785543,0,0,0,0,1,0,0,0,1,0,0,1
3998846,b6be91ca-d338-4041-bdce-24a42db4fcd4,1,24,16,Italy Women's,Cecilia Salvai,Elena Linari,34,43.7,45.2,21,25.312645,8.904171548899996,0.10743637992672297,0.10316165530741728,-0.004274724619305698,0.42493534862352705,0.3561946592621199,-0.06874068936140715,0.9989142514407973,0.8694993480815918,-0.12941490335920547,9.04599045147579,7.273615597473868,0,0,0,0,0,1,0,0,0,0,0,0
3998846,5c6fb150-212c-44f2-b778-81d475b34ffa,1,24,46,Portugal Women's,Diana Catarina Ribeiro Gomes,Ana Borges,40.8,49.5,43.8,70.8,21.510231,-2.4215684037555008,0.04763884672875492,0.02532993081982435,-0.022308915908930572,0.2310533225872334,0.13701159998718934,-0.09404172260004406,0.6068185426127894,0.3921632358408718,-0.21465530677191763,10.03336038012123,11.420535698060725,0,0,0,0,0,0,0,0,0,0,0,0
3998846,fde2466e-08f3-4bc7-825d-f4191dd2dff3,1,24,48,Portugal Women's,Ana Borges,Fátima Alexandra Figueira Pinto,44.1,70.8,56.2,54,20.703865,16.593241045039164,0.07153399570771436,1.0330214712853056,0.9614874755775913,0.2476581092694449,1.5447147636971357,1.2970566544276907,0.5553621739646412,2.1473474196189932,1.5919852456543522,8.189947543395187,1.3214639422868442,0,1,0,2,0,2,0,0,0,0,0,0
3998846,a0962c96-a7f6-4e28-aff2-41d307854f65,1,24,53,Italy Women's,Lisa Boattin,Sofia Cantore,53.9,12.8,65.3,11.4,11.485643,9.752016407026211,0.12319092544262168,0.39842656125043924,0.27523563580781757,0.38737469491751786,0.8502202039773192,0.4628455090598014,0.8861913104536104,1.4896458456323265,0.6034545351787161,6.661455292417042,3.8687989443894844,0,0,0,1,1,2,0,0,0,0,0,0
3998846,74cf8415-695c-4157-97cb-bea22a1a7fe3,1,26,13,Italy Women's,Elena Linari,Cecilia Salvai,50,17.3,47.5,30.6,13.532923,0.4818143914662727,0.009551376451637455,0.026656176379881595,0.017104799928244138,0.07771607221013156,0.17080674165303256,0.093090669442901,0.28016765628937756,0.4948307570926877,0.21466310080331014,14.274204726347863,12.48592325122585,0,0,0,0,0,0,0,0,1,0,0,1
3998846,bbfe74da-af66-44ee-8979-31142a6c3389,1,26,19,Italy Women's,Cecilia Salvai,Elena Linari,55.2,26.3,65.1,16.2,14.142842,6.395532338265241,0.3246491828961339,0.018440091695343868,-0.30620909120079004,0.7267448784537334,0.1640220240040952,-0.5627228544496381,1.3097880845752425,0.6292863201562803,-0.6805017644189623,4.005216942712682,13.984134112990906,0,0,1,0,1,0,0,0,0,0,0,0
3998846,313b0606-9fa2-4473-9969-8a6ddd5b8d8c,1,26,34,Italy Women's,Cristiana Girelli,Emma Severini,90.7,14.6,96.7,16.5,6.293648,5.684026588284588,0.3938004486424465,0.4851039722543791,0.09130352361193261,0.9222272811451133,1.0465724835874337,0.12434520244232039,1.7519697500792264,1.8079657349647391,0.05599598488551272,3.653951685659292,3.947085307779443,0,0,1,1,1,2,0,0,1,0,0,1
3998846,785c5eb5-ffc1-44b6-8d59-1024e49c89c2,1,27,3,Portugal Women's,Tatiana Vanessa Ferreira Pinto,Andreia Alexandra Norton,43.8,59.6,43.3,44.7,14.908387,1.8364983589417534,1.2179650167062408,0.32996390126315517,-0.8880011154430856,1.9496891542348118,0.7935548507646348,-1.156134303470177,2.8704199252815656,1.538250954033977,-1.3321689712475886,0.7149571364353309,4.04485846437685,1,0,2,1,3,1,0,0,1,0,0,1
3998846,cce4a938-cf03-4fe1-8222-b8d4fc9c6169,1,27,5,Portugal Women's,Andreia Alexandra Norton,Joana Filipa Gaspar Silva Marchão,44,41.3,61.4,15.8,30.87086,12.610802151258355,0.25081197273995715,0.01878723297545314,-0.232024739764504,0.6218833275050382,0.13086758913847443,-0.49101573836656376,1.2562407369298196,0.446915376568769,-0.8093253603610506,4.59182007642649,12.85651750416051,0,0,1,0,1,0,0,0,1,0,0,1
3998846,5244ded5-0bc5-498d-ba34-ea216a517fcd,1,27,10,Portugal Women's,Joana Filipa Gaspar Silva Marchão,Francisca Ramos Ribeiro Nazareth Sousa,74.7,18.4,86.6,31,17.331186,15.59482507574998,0.05794963951813073,0.5403577374937795,0.48240809797564876,0.2713058261459802,1.338123676054584,1.0668178499086038,0.7411286650229496,2.412361391922268,1.6712327268993186,10.010622198303613,4.713483786223071,0,0,0,1,0,2,0,0,1,0,0,1
3998846,061b18d5-3aa8-4a93-b17c-f40d13a1b858,1,27,14,Portugal Women's,Francisca Ramos Ribeiro Nazareth Sousa,Tatiana Vanessa Ferreira Pinto,90.3,40.3,88.9,49.5,9.305912,-2.817094943527689,1.4320049390183056,0.210777967197066,-1.2212269718212396,2.3186173884076995,0.6985044039540318,-1.6201129844536677,3.343122104692939,1.5419363583057304,-1.8011857463872085,1.9634477351548045,6.237734804547103,2,0,3,0,3,1,1,0,0,0,0,0
3998846,33543fe8-e8ac-4483-9957-4e23a5fc4507,1,27,18,Portugal Women's,Tatiana Vanessa Ferreira Pinto,Francisca Ramos Ribeiro Nazareth Sousa,92.1,49.3,91.9,40.6,8.702298,1.3027772755724065,0.5712429785790102,0.630458594159374,0.05921561558036381,1.2330239092916473,1.480447156709576,0.24742324741792876,2.266855803752232,2.736142881614376,0.46928707786214385,2.7330325242320974,2.801938978151157,1,1,1,1,2,2,0,0,0,0,0,0
3998846,ca132ed6-e7ca-4142-8a44-00958ce2b314,1,27,21,Italy Women's,Cristiana Girelli,Lisa Boattin,28.2,14.4,19.4,14.8,8.809086,-8.405568886385112,0.5084018253450543,0.17977193658606438,-0.3286298887589899,0.8973435693360594,0.46134270638497255,-0.43600086295108686,1.4420607870308944,0.9474245004666787,-0.49463628656421565,2.5157529709891957,5.392343064875823,1,0,1,0,1,1,0,0,0,0,0,0
3998846,28dfde6f-bb93-454a-a38c-a5e2a5943d4c,1,27,22,Italy Women's,Lisa Boattin,Emma Severini,19.4,14.8,27.6,18.7,9.080198,8.884987968603795,0.17977193658606438,0.7299023166451494,0.550130380059085,0.46134270638497255,1.1964163008491213,0.7350735944641488,0.9474245004666787,1.8390431713264372,0.8916186708597585,5.392343064875823,1.6376069130549187,0,1,0,1,1,2,0,1,0,0,0,0
3998846,70a46780-3d12-495f-9c7c-680f5c2bec73,1,27,23,Italy Women's,Emma Severini,Cristiana Girelli,28.2,17.6,33.3,2.2,16.222515,-0.08848328657568061,0.7299023624320548,0.20941649822669786,-0.5204858642053569,1.1964163290448226,0.5436314833672556,-0.652784845677567,1.8390431920417187,1.0642748919022622,-0.7747683001394565,1.6376066299543768,5.3036675203569335,1,0,1,0,2,1,1,0,0,0,0,0
3998846,ea5ba778-827e-4418-9367-91ef14d17f1d,1,27,33,Portugal Women's,Fátima Alexandra Figueira Pinto,Ana Borges,71.9,63.2,75.6,78.3,15.546704,-5.233877383676003,0.3936692692043186,0.10029062541899121,-0.2933786437853274,0.8294611563732267,0.3286266825347497,-0.500834473838477,1.457681514247512,0.7663391225728683,-0.6913423916746436,3.70023548657632,7.253500637529169,0,0,1,0,2,1,0,0,0,0,0,0
3998846,bb181bbc-5366-4029-8de9-d808e69ddd08,1,27,34,Portugal Women's,Ana Borges,Fátima Alexandra Figueira Pinto,75.8,78.3,71.9,62.8,15.983116,5.255136674230883,0.20213770540997453,0.2840173320186214,0.08187962660864687,0.48566748762798095,0.7389623950272295,0.25329490739924854,1.017414741176527,1.5019347451332479,0.4845200039567208,4.9820747904803,4.718547329677025,0,0,1,1,1,1,0,0,0,0,0,0
3998846,294c1cef-9bd8-423f-8678-f2c9e655c524,1,27,55,Portugal Women's,Ana Ines Palma Capeta,Ana Borges,104.2,77.9,94.1,78.7,10.131634,-5.505616625438364,0.9069955622800683,0.25294424091029016,-0.6540513213697781,1.312388026769845,0.6535537254402177,-0.6588343013296272,1.9025019439008166,1.310583166372414,-0.5919187775284027,1.1487421760750647,5.014977384625328,1,0,2,0,2,1,1,0,0,0,0,0
3998846,89160d10-13f2-4bc8-b125-ab2628be20b9,1,28,3,Italy Women's,Emma Severini,Manuela Giugliano,30.1,1.6,30.8,9.3,7.731753,3.422510476227714,0.8031031970866629,0.6476155817754806,-0.15548761531118227,1.2814889204172408,1.3958667767569661,0.1143778563397253,1.9386566271065497,2.361970658631151,0.4233140315246011,2.069924202002894,3.458886080207508,1,0,2,1,2,3,0,0,1,0,0,1
3998846,fced394e-5a65-4c94-85af-504881d0927f,1,28,5,Italy Women's,Manuela Giugliano,Cristiana Girelli,32.2,8.9,46.6,9.1,14.401389,13.506318591112048,1.0961242778517262,1.1072552994429523,0.011131021591226142,1.8165795443251131,1.5909844013700678,-0.22559514295504535,2.694847149381063,2.300881304859527,-0.39396584452153594,1.3835343029561813,0.3387101108375368,1,1,2,1,4,3,1,1,1,0,0,1
3998846,c7a13b59-2c73-427f-bdd4-53e03702e48d,1,28,6,Italy Women's,Cristiana Girelli,Emma Severini,46.8,8.4,47.3,2.5,5.9211483,-2.0722908895304357,1.1072552455386393,0.4918213105147127,-0.6154339350239266,1.5909844203645198,0.9330582252374533,-0.6579261951270665,2.3008813720106,1.5166585863256816,-0.7842227856849184,0.33871043319689054,2.8908096559474408,1,1,1,1,3,2,1,0,1,0,0,1
3998846,8874b052-c5d1-4745-b10a-4355f1ef5f4a,1,28,52,Portugal Women's,Ana Ines Palma Capeta,Diana Micaela Abreu de Sousa e Silva,75.4,76.5,82.2,60,17.846289,14.866736408072263,0.6633038720763481,0.6848267832256596,0.021522911149311486,1.1783183068393708,1.2963885372596855,0.11807023042031473,1.967827668896354,2.148880874409976,0.18105320551362203,1.9379722743662893,2.948690697447449,1,1,1,2,2,2,0,0,0,0,0,0
3998846,a5107af7-1c7e-4763-b8a2-00f48e3498f1,1,29,11,Italy Women's,Cecilia Salvai,Cristiana Girelli,32.1,29.7,68.7,18.9,38.16019,33.031600808548475,0.07362078996456917,1.0052774164066494,0.9316566264420802,0.3063499741403901,1.6899180087248546,1.3835680345844645,0.747692010951573,2.5170720862756126,1.7693800753240396,8.848556425344416,2.2538439405162065,0,1,0,2,0,3,0,0,1,0,0,1
3998846,4b800a15-b121-439b-a99f-668c042665da,1,29,13,Italy Women's,Cristiana Girelli,Sofia Cantore,68.7,18.9,74.9,32.4,14.8556385,9.733939474002511,1.0052774164066494,1.1131271922539805,0.10784977584733113,1.6899180087248546,1.6948233141813098,0.004905305456455178,2.5170720862756126,2.502894647809171,-0.014177438466441483,2.2538439405162065,0.6006541361398082,1,1,2,1,3,3,0,0,1,0,0,1
3998846,0dff4f3d-0341-4de6-9bd6-17262b296f48,1,29,23,Portugal Women's,Fátima Alexandra Figueira Pinto,Ana Borges,42.4,41.2,28.5,49.2,16.037767,-14.352072781401745,0.24985585798209783,0.34556743729561695,0.09571157931351912,0.7693498745735858,0.7526407780591262,-0.01670909651445962,1.5552912747152745,1.3177107842923113,-0.23758049042296325,6.033178326345309,4.114713391198312,0,0,0,1,1,2,0,0,1,0,0,1
3998846,2d856917-2fe4-4612-be2b-f3f7b19e4d62,1,29,29,Portugal Women's,Fátima Alexandra Figueira Pinto,Joana Filipa Gaspar Silva Marchão,33.7,37.6,40.6,12.9,25.645662,2.435987718585892,0.5857287068818321,0.18016133491901018,-0.4055673719628219,1.2143821137360806,0.4350938107884538,-0.7792883029476267,2.0274121272005576,0.871743205574265,-1.1556689216262925,3.7587047525471036,5.305132547630577,0,0,1,0,3,1,0,0,1,0,0,1
3998846,aaa1aa6b-fa1b-428a-926e-e27e90d81774,1,30,28,Portugal Women's,Joana Filipa Gaspar Silva Marchão,Carole da Silva Costa,22.5,3.1,10.6,15.4,17.11432,-7.882679499559501,0.07804569868827409,0.012677341528637,-0.06536835715963708,0.28621138430210163,0.09972964944948493,-0.1864817348526167,0.6545124133022302,0.36118233304014996,-0.29333008026208024,8.48476162161851,13.859623426981793,0,0,0,0,0,0,0,0,1,0,0,1
3998846,44c41b19-b13d-4829-b9e2-ebc76bf7901b,1,30,31,Portugal Women's,Carole da Silva Costa,Patricia Isabel Sousa Barros Morais,11.1,15.8,4.7,31.2,16.67693,-4.078844037568487,0.01599099204960246,0.0128023926389248,-0.0031885994106776606,0.11399151270978342,0.0912289635576196,-0.022762549152163816,0.3938841275486898,0.3031937600589819,-0.09069036748970788,13.000792410134263,13.504211818029543,0,0,0,0,0,0,0,0,1,0,0,1
3998846,b01a717a-dd1f-4e33-b1d5-a11e6dc00b53,1,30,33,Portugal Women's,Patricia Isabel Sousa Barros Morais,Carole da Silva Costa,4.7,31.2,10.2,12.7,19.300259,2.492369308523976,0.0128023926389248,0.08831712969525495,0.07551473705633015,0.0912289635576196,0.27863268503890803,0.18740372148128842,0.3031937600589819,0.6157718713064584,0.3125781112474765,13.504211818029543,7.45483491500203,0,0,0,0,0,1,0,0,1,0,0,1
3998846,0274f6b4-f4e2-4675-85b8-c1193b82a8e5,1,30,36,Portugal Women's,Carole da Silva Costa,Joana Filipa Gaspar Silva Marchão,10.7,12.7,21.2,1.2,15.572412,6.512240005377549,0.23796816726816017,0.11287031132489406,-0.1250978559432661,0.4854912128589239,0.3609273525086667,-0.12456386035025718,0.8435207713587513,0.766971495936213,-0.0765492754225382,4.41142806932362,7.365388537983807,0,0,1,0,1,1,0,0,1,0,0,1
3998846,38f07e56-0ab7-4a78-bc80-c0f05fa98a13,1,30,38,Portugal Women's,Joana Filipa Gaspar Silva Marchão,Andreia Alexandra Norton,21.2,1.2,34.9,0.8,13.705838,12.451110225538969,0.4978714408220278,0.5937072888703833,0.09583584804835549,0.8255472169875023,0.971490041203091,0.14594282421558868,1.3045245042154907,1.5135686052778672,0.20904410106237648,2.3633482865835256,1.930666920346582,1,1,1,1,1,1,0,1,1,0,0,1
3998846,9e8e32d3-32a8-4918-8d55-673196e5e1ba,1,30,41,Portugal Women's,Andreia Alexandra Norton,Diana Micaela Abreu de Sousa e Silva,34.6,0.8,61.4,3.7,26.956446,25.034802410251743,0.8719446693409707,0.7279029230926654,-0.14404174624830535,1.4734801464881855,1.1566445733053836,-0.31683557318280187,2.1826149571571616,1.7845377519559347,-0.3980772052012269,1.9569074254093617,1.469074925713615,1,1,2,1,3,2,1,1,1,0,0,1
3998846,e1d1a251-60d9-4fb9-9c1b-7e9facc0dc7e,1,30,45,Portugal Women's,Diana Micaela Abreu de Sousa e Silva,Ana Ines Palma Capeta,65.3,5.6,94.1,15.8,30.552904,29.171283560246927,0.8876702834939595,0.31747121159450276,-0.5701990718994567,1.3632892537640546,0.7622908282718192,-0.6009984254922355,2.004440285967794,1.3790367223700628,-0.6254035635977313,1.0904176722166643,4.546742551223092,1,0,1,1,2,1,0,0,0,0,0,0
3998846,77f60c96-1c30-4fd9-b2ca-4bef7b5b0d7c,1,30,58,Italy Women's,Cecilia Salvai,Lisa Boattin,38.3,39.3,28.5,20.1,21.556438,-11.935988885681596,1.2781436583624248,0.008121765296585263,-1.2700218930658396,1.9688865641741806,0.09325756695626594,-1.8756289972179148,2.887874462397301,0.3993081135937107,-2.48856634880359,0.4473400067657492,17.28924953736545,1,0,2,0,4,0,1,0,1,0,0,1
3998846,048b5342-5e18-4327-9cfe-55fa6da62448,1,31,7,Italy Women's,Cristiana Girelli,Manuela Giugliano,68.7,21,65.8,29.2,8.6977005,-0.560056614981491,1.4865093807058352,0.3826201305770597,-1.1038892501287756,2.0047795981597187,1.0541641996243205,-0.9506153985353982,2.5853992019116983,2.03568581324704,-0.5497133886646584,0.7802357622256234,5.385261330696202,2,0,3,0,3,3,1,0,1,0,0,1
3998846,2deb2d81-cb60-410a-afa4-e6e33c6cfbcb,1,31,9,Italy Women's,Manuela Giugliano,Lucia Di Guglielmo,69.4,30.6,75.8,49.6,20.04894,6.235196075132663,0.9436207449148742,0.7325692667834884,-0.2110514781313858,1.680559595547808,1.105893243878353,-0.574666351669455,2.6254413429942978,1.7458858590920185,-0.8795554839022792,2.0378891806084347,1.2507399328857107,1,1,2,1,3,1,1,1,1,0,0,1
3998846,e6434719-8e31-49cf-8c17-b1e5d204bf1d,1,31,14,Italy Women's,Manuela Giugliano,Arianna Caruso,81.1,40.9,96.2,60.6,24.821362,7.433434205754146,0.7909634423829637,0.13783983847858186,-0.6531236039043818,1.77226882298871,0.41161967733783034,-1.3606491456508798,2.972371351399903,0.9482372342463921,-2.024134117153511,3.6717669071933905,6.257636492804945,0,0,2,0,4,1,0,0,1,0,1,1
3998846,25afd962-b64f-4894-99d7-dfc697b70a9e,1,31,30,Portugal Women's,Ana Borges,Ana Ines Palma Capeta,23.7,47.9,36.7,48.1,13.001538,12.93060513083914,0.6558276469229672,0.6795340288185888,0.023706381895621575,1.3811214031245345,1.5225233416167876,0.14140193849225313,2.317298865247251,2.6467186389497575,0.32941977370250664,3.119332491536936,4.178756398915593,0,0,1,2,3,4,1,0,0,0,0,0
3998846,2648345b-6d68-4737-a781-ed494d46abbc,1,32,1,Portugal Women's,Ana Ines Palma Capeta,Francisca Ramos Ribeiro Nazareth Sousa,58.2,76.2,63.5,62.8,14.410066,10.694860954412313,1.1143339310693017,1.0443648432686143,-0.06996908780068734,1.6372190474938093,1.955047140848311,0.3178280933545017,2.4219223606393836,3.088768439560855,0.6668460789214712,0.7651880044815481,2.3238025394295976,1,1,2,2,2,4,1,0,1,0,0,1
3998846,5952d6d1-36e1-465d-b3ad-f2c2339d3cab,1,32,6,Portugal Women's,Francisca Ramos Ribeiro Nazareth Sousa,Joana Filipa Gaspar Silva Marchão,55.2,54.8,51.4,28,27.068062,-3.1730149802485386,0.9815753613445508,0.01964662045606037,-0.9619287408884905,1.5546682445963314,0.15014184560570806,-1.4045263989906234,2.3734444201311726,0.527628372981503,-1.8458160471496696,0.769097487175127,13.10792005049547,1,0,1,0,3,0,1,0,0,0,0,0
3998846,2f368334-a1b7-44be-bfd9-f0d236a33532,1,35,3,Italy Women's,Cecilia Salvai,Laura Giuliani,17.3,52.1,18.4,36.3,15.838244,1.742997920229726,0.0017471552014290627,0.00027560718934954205,-0.0014715480120795206,0.022151283291241466,0.007314326207727032,-0.014836957083514433,0.09244305877185038,0.04624970354548277,-0.04619335522636761,19.049299238850388,24.589601798973163,0,0,0,0,0,0,0,0,1,0,0,1
3998846,e4c50bf9-de10-4a38-8bbe-1b9db7306d9e,1,35,5,Italy Women's,Laura Giuliani,Manuela Giugliano,19.8,34.5,37.7,16.4,25.456238,14.733955398555821,0.00027807354510579535,0.0012470699764230231,0.0009689964313172278,0.007353528910426353,0.023806063084511307,0.016452534174084953,0.0464044764960595,0.1252769548159767,0.0788724783199172,24.56287478556223,21.70857260864858,0,0,0,0,0,0,0,0,1,0,0,1
3998846,0a822659-1879-4ec8-a6a4-c5f1c757f2c2,1,35,12,Italy Women's,Manuela Giugliano,Lisa Boattin,59.8,15.5,72.9,2.5,18.455622,4.789388950633885,0.09248406675063457,0.16873798443698007,0.0762539176863455,0.3262533030622168,0.48007882602669594,0.15382552296447916,0.8185503994991308,1.059109088036954,0.24055868853782325,7.501208590857593,5.7617589452680305,0,0,0,0,1,1,0,0,1,0,0,1
3998846,de6277b8-ac01-49c0-a007-3a2e08c44bfb,1,35,25,Italy Women's,Elena Linari,Martina Lenzini,62.1,15.8,68.1,52.3,36.989864,9.416280346247184,0.008484498752376139,0.03332119813139996,0.024836699379023816,0.06600478104470484,0.16605449500077166,0.10004971395606682,0.22304279954192713,0.5275075034552238,0.30446470391329666,14.510339817643766,10.355310299861166,0,0,0,0,0,0,0,0,1,0,1,1
3998846,9b4d4fca-8ade-436e-ad69-31b5f8d1cdd1,1,35,29,Italy Women's,Martina Lenzini,Manuela Giugliano,68.8,52.1,71.2,41.1,11.258775,3.7979642298495335,0.06975019369797097,0.0757784242398883,0.006028230541917326,0.25104419515571025,0.34674619501504367,0.09570199985933342,0.6778921140452805,0.9536106990350703,0.27571858498978985,8.096871383700043,9.060702245119256,0,0,0,0,0,0,0,0,1,0,1,1
3998846,dca5e821-d9b6-4c41-900a-6c79e462d43b,1,35,31,Italy Women's,Manuela Giugliano,Lisa Boattin,72.2,41.1,85.7,5.4,38.167263,-0.9074638189674147,0.1600532557215281,0.003924067977685569,-0.15612918774384252,0.5317921119010681,0.05535959176508537,-0.47643252013598275,1.227265273296817,0.300368803472967,-0.92689646982385,6.628420279226506,17.29254092898474,0,0,0,0,1,0,0,0,1,1,1,1
3998846,7cb92ad1-f1d8-4bf6-9b03-acac2a1c5a9b,1,35,35,Italy Women's,Lisa Boattin,Cristiana Girelli,88.5,9.7,107.6,42.4,37.869514,31.077313715130522,0.05003885889535669,1.4419411203953378,1.3919022614999812,0.23103825787304152,2.137069572102731,1.9060313142296894,0.6751920681394171,3.0123992024294752,2.337207134290058,9.416772196554847,0.471837867118831,0,1,0,3,0,3,0,0,0,1,1,1
3998846,7d82ae69-3182-4b7a-a1c0-710344e82be6,1,36,41,Italy Women's,Elena Linari,Manuela Giugliano,36.7,18.5,44.7,29.5,13.601471,10.001331260571376,0.3454924101977842,0.31526506224188716,-0.030227347955897044,0.8325836873196302,0.9781940404009468,0.14561035308131665,1.464384011845118,1.9001798110439942,0.43579579919887634,4.983061227197032,6.268634693102307,0,0,1,0,2,1,0,0,1,0,0,1
3998846,0779b4ba-ccd5-4c19-adc2-6d83fc25fdad,1,36,51,Italy Women's,Lucia Di Guglielmo,Arianna Caruso,78.1,77.7,77.6,73.4,4.3289723,2.3888161190852983,0.3303166152068103,0.7476900443871108,0.4173734291803005,0.6603580476447726,1.2879599371074055,0.627601889462633,1.2539173868805822,2.1714412657039417,0.9175238788233595,3.5133464423235305,1.493589412057226,0,1,1,1,1,2,0,1,0,0,0,0
3998846,e327ffa9-5129-4d3e-a74e-040a4dea30e7,1,36,56,Portugal Women's,Tatiana Vanessa Ferreira Pinto,Diana Micaela Abreu de Sousa e Silva,49.7,8.1,49.7,24.3,16.2,5.167294725220543,1.7856662005041397,0.5644937007822297,-1.22117249972191,2.3021030266993736,1.2997055295313005,-1.0023974971680731,2.820933214602679,2.1998096312103494,-0.6211235833923294,0.9606092829395807,4.694454326907073,2,0,3,1,3,3,1,0,1,0,0,1
3998846,dd80903f-e6c1-4cee-8eb2-067d28c9ede8,1,36,59,Portugal Women's,Diana Micaela Abreu de Sousa e Silva,Carole da Silva Costa,49.7,24.3,35.4,18.2,15.546704,-15.331809450399689,0.5644937007822297,0.09793186914847576,-0.466561831633754,1.2997055295313005,0.36693842257817705,-0.9327671069531234,2.1998096312103494,0.9252805631558667,-1.2745290680544827,4.694454326907073,7.518724700279168,0,0,1,0,3,1,0,0,1,0,0,1
3998846,23ff977e-4196-47cb-bd9d-389f9e747dfc,1,37,2,Portugal Women's,Carole da Silva Costa,Joana Filipa Gaspar Silva Marchão,32.1,20,49.1,1.5,25.12469,9.467857167949774,0.05168744804004728,0.014507504346524277,-0.037179943693523,0.24719917368356367,0.09621497675086872,-0.15098419693269494,0.6920049828532853,0.3334988552708452,-0.35850612758244005,9.479062787394254,12.880871926458482,0,0,0,0,0,0,0,0,1,0,0,1
3998846,6e13c6be-1356-4ba8-af74-e77d51eb7daa,1,37,13,Portugal Women's,Carole da Silva Costa,Diana Catarina Ribeiro Gomes,33.8,16.3,24.4,48.1,33.160217,-6.5438212468912695,0.05050169602256947,0.2763859518766631,0.2258842558540936,0.21986671421718584,0.47999219171320423,0.2601254774960184,0.6122791925100922,0.7187983428491356,0.10651915033904336,9.246877756403341,3.868948087183369,0,0,0,1,0,1,0,0,1,0,0,1
3998846,110863c6-016e-4893-aef5-e977c5920856,1,37,16,Portugal Women's,Diana Catarina Ribeiro Gomes,Ana Ines Palma Capeta,25,48.3,65.3,54.5,40.774136,38.77266807391762,0.2763859561025059,0.365221239938026,0.08883528383552014,0.47999219617710637,0.9380852130384083,0.45809301686130194,0.7187983461167375,1.7539015679167955,1.035103221800058,3.8689480417859814,4.956715037344692,0,0,1,1,1,2,0,0,1,0,0,1
3998846,d237e7ac-e2f7-4799-b17e-835804ea6a4d,1,37,19,Portugal Women's,Ana Ines Palma Capeta,Francisca Ramos Ribeiro Nazareth Sousa,65.3,54.5,67.4,42.8,11.886968,3.9147495931123117,0.365221239938026,0.2158763440713711,-0.14934489586665492,0.9380852130384083,0.6783592751547165,-0.2597259378836918,1.7539015679167955,1.5847145179578186,-0.16918704995897693,4.956715037344692,5.277134739050736,0,0,1,0,2,1,0,0,1,0,0,1
3998846,8b3571a2-be39-49cd-96f5-8dd5611a8c3b,1,37,28,Portugal Women's,Francisca Ramos Ribeiro Nazareth Sousa,Ana Borges,73.6,62.7,68.1,70.5,9.544108,-8.543398731268077,0.7126646525166224,0.10518266355428271,-0.6074819889623396,1.2223325113545935,0.45508988390581173,-0.7672426274487818,2.120213719948749,1.182519206097422,-0.9376945138513273,1.4171842281765834,8.550582639701446,1,0,1,0,1,0,1,0,1,0,0,1
3998846,b070dab1-4861-46cd-8339-76d35e0240e6,1,37,30,Portugal Women's,Ana Borges,Andreia Alexandra Norton,69,71,74.5,75.3,6.981404,2.0948209536007383,0.1150884321812914,0.13526437476027448,0.020175942578983072,0.48113717755329927,0.41624585043314083,-0.06489132712015844,1.2175602345789844,0.9952417588332594,-0.22231847574572505,9.06064731413469,6.335806226495042,0,0,0,0,0,1,0,0,0,0,0,0
3998846,85e090ef-06fa-49d9-8036-2c4b330584c8,1,37,34,Portugal Women's,Andreia Alexandra Norton,Ana Borges,77,75.8,86.3,76.9,9.364828,5.979129684425921,0.47235276374301904,0.25675941850486106,-0.21559334523815799,0.786198706741314,0.6378309775421479,-0.14836772919916608,1.35109126394566,1.2451327782129402,-0.10595848573271982,2.370578596888988,5.678292801203376,1,0,1,0,1,2,0,0,0,0,0,0
3998846,1f6bce6f-0d0d-4740-ab53-5c9fea148365,1,37,36,Italy Women's,Lisa Boattin,Manuela Giugliano,30.8,6.8,35.3,18,12.070211,7.667635098672093,0.5654933547848476,0.3286976526683958,-0.23679570211645184,0.9535297933917637,0.9137872820922486,-0.039742511299515115,1.4888501688521472,1.7690992996673536,0.2802491308152064,2.295492701310851,5.9742192437014445,1,0,1,0,2,2,0,0,1,0,0,1
3998846,06ea32ff-649f-4a47-8474-1ba41937adce,1,37,38,Italy Women's,Manuela Giugliano,Sofia Cantore,35.3,18,52.5,23.8,18.151585,18.09372894028955,0.6379313925540601,0.8243643738420626,0.18643298128800256,1.2961659916443926,1.1198729855594822,-0.1762930060849104,2.1287445277976698,1.7591109022078606,-0.36963362558980917,3.3973392319287794,0.7014592126789333,0,1,2,1,2,1,0,1,1,0,0,1
3998846,7226672c-92ec-4eb6-81d3-ab2fe6ddaf80,1,37,43,Italy Women's,Manuela Giugliano,Lisa Boattin,40.8,18.9,32.2,14.9,9.484725,-9.354812524804075,1.0221232789173678,0.07870279648892688,-0.9434204824284409,1.947911501426226,0.40595858876978286,-1.541952912656443,3.066078205220207,1.1207799095783622,-1.945298295641845,2.9336506645683165,10.006091163386824,2,0,2,0,4,0,0,0,1,0,0,1
3998846,3794fd3b-6a41-4aeb-be6b-471c28fce68f,1,37,45,Italy Women's,Lisa Boattin,Martina Lenzini,35.3,12.1,30.1,62.4,50.568073,-3.471846632311312,0.27481393014308825,0.0016443197902410026,-0.27316961035284726,0.6796722282797261,0.02466917226592361,-0.6550030560138025,1.3857153146584216,0.13420179738753807,-1.2515135172708836,4.417936301873598,19.33181064353587,0,0,1,0,1,0,0,0,1,0,0,1
3998846,e91b332d-2515-48b3-8433-321a14a8d34f,1,37,52,Italy Women's,Martina Lenzini,Cecilia Salvai,51.1,63.3,49.3,47.1,16.299694,1.6774616090295353,0.042979041200569085,0.02865517306441848,-0.014323868136150605,0.1805186152561871,0.19531060011087914,0.014791984854692047,0.4908795057640252,0.6162509905230081,0.1253714847589829,9.558222862430762,12.589911278201505,0,0,0,0,0,0,0,0,1,0,0,1
3998846,99039702-3358-4cb8-a788-faff9bde6a5d,1,37,56,Italy Women's,Cecilia Salvai,Lisa Boattin,53.6,47.3,70.8,6.6,44.185177,7.334118202777233,0.1258182326085895,0.0017705382408096846,-0.1240476943677798,0.44333063906431514,0.03588585813545231,-0.4074447809288628,0.9913257666391376,0.23254093855438293,-0.7587848280847547,7.9741788996359375,19.965879025923552,0,0,0,0,1,0,0,0,1,0,0,1
3998846,b63e3ad7-b14a-460d-8e0a-ce5393f0f3cb,1,38,3,Italy Women's,Lisa Boattin,Cristiana Girelli,79.2,14.1,107.4,19.4,28.693727,24.178616015404415,0.1775813524381703,0.6272190374699184,0.44963768503174806,0.5227695521216222,1.0156651830644015,0.4928956309427792,1.1032382608782485,1.6133495030171334,0.5101112421388849,6.190780970799124,1.8797312818089242,0,1,0,1,1,2,0,0,1,0,0,1
3998846,b3b197c8-7149-4f13-b8f3-1c1ef0917b07,1,38,21,Italy Women's,Cecilia Salvai,Elena Linari,53.7,28.1,65.8,14.8,17.980545,7.587583618632067,0.06987585813832894,0.0535547432199765,-0.016321114918352447,0.2758078038068114,0.2618322458565106,-0.01397555795030081,0.6564708319077113,0.7171785858167748,0.06070775390906358,8.625384136640925,10.063226318198508,0,0,0,0,0,0,0,0,1,0,0,1
3998846,5b028a65-c45e-4db1-b7e6-a0697d40ee99,1,38,25,Italy Women's,Elena Linari,Lisa Boattin,72.9,13,81.1,17.4,9.305912,9.30150023788412,0.7001489312526213,0.5419989230888606,-0.1581500081637608,1.1495786361346374,1.3751693964201128,0.22559076028547542,1.8350965352755757,2.469110427579601,0.6340138923040255,1.6735635685207706,5.594900932109103,1,0,1,0,2,4,1,0,0,0,0,0
3998846,14e532aa-4ee7-4d09-921e-dd058e79545a,1,38,35,Portugal Women's,Andreia Alexandra Norton,Ana Ines Palma Capeta,21.4,77.4,40.6,77.2,19.201042,17.772443096518614,0.32604644071080513,0.538136242929749,0.2120898022189439,0.7489506997566148,0.8662014025538108,0.11725070279719607,1.368100738187029,1.39709001487335,0.02898927668632112,4.793084133529825,2.051157629173503,0,1,1,1,2,1,0,1,0,0,0,0
3998846,a2c4baea-2493-4326-ad0d-e023d4858b27,1,39,13,Italy Women's,Elena Linari,Lisa Boattin,52.9,8.4,57.3,3.6,6.511528,1.6685243213049148,0.5166950570613901,0.42111908699493966,-0.09557597006645041,1.0131424846496435,0.9174815325297093,-0.0956609521199342,1.6872107856255998,1.638488155861664,-0.04872262976393582,2.9387757510169106,3.43234233226418,1,0,1,1,2,1,0,0,1,0,0,1
3998846,46369b35-d3b5-433d-9e88-186061cb41c2,1,39,14,Italy Women's,Lisa Boattin,Elena Linari,57.3,3.6,45,7.3,12.844454,-9.318640907802916,0.42111908699493966,0.3581104496513213,-0.06300863734361833,0.9174815325297093,0.7948948470335395,-0.1225866854961698,1.638488155861664,1.4190188313545007,-0.21946932450716328,3.43234233226418,3.8858895122246957,0,0,1,1,1,1,0,0,1,0,0,1
3998846,ac08344c-72b8-422f-b347-fdf3c5723acb,1,39,17,Italy Women's,Elena Linari,Laura Giuliani,42.4,10.3,16.4,33.3,34.713108,-20.727014845279555,0.4399746473008514,0.001166407598232936,-0.43880823970261845,0.8701028141700751,0.024116429615525743,-0.8459863845545493,1.4677387141207021,0.1474275461277693,-1.320311167992933,3.1306258337227253,20.870799568433767,0,0,1,0,1,0,0,0,1,0,0,1
3998846,d30c9bd8-0728-4429-9cb2-fdc59ad5c865,1,39,26,Italy Women's,Laura Giuliani,Cristiana Girelli,21.8,36.8,63.5,30.9,42.11532,41.02398472762994,0.15426435236874,1.0875717524065147,0.9333074000377747,0.3763441210799393,1.8073952969599496,1.4310511758800102,0.6970349871730761,2.774037564402128,2.077002577229052,5.7497931243290665,1.4790892668392757,0,1,0,2,1,2,1,0,0,0,0,0
3998846,30460182-51cd-487e-80ed-55fa0856954d,1,39,34,Portugal Women's,Andreia Alexandra Norton,Francisca Ramos Ribeiro Nazareth Sousa,54.8,57.5,53.6,43.1,14.449913,1.0353781957388577,0.8601085144492698,1.0807508905942298,0.22064237614495996,1.4969418364199665,1.6574736650635185,0.16053182864355198,2.46107813873344,2.521432707702871,0.06035456896943092,1.3447932771688946,0.8364681174905878,1,1,1,2,3,2,0,0,0,0,0,0
3998846,cd47b404-c2a1-4fde-8db1-26fe5bbcff06,1,40,36,Portugal Women's,Carole da Silva Costa,Diana Catarina Ribeiro Gomes,48.1,19.7,41.1,39.6,21.09526,-4.190238273301759,0.39579286634766075,0.027570809858583675,-0.3682220564890771,0.617043734247027,0.14647063087206091,-0.47057310337496605,0.9384903567808673,0.4276512348879623,-0.510839121892905,2.8068766804957566,11.185459424765881,1,0,1,0,1,0,0,0,1,0,0,1
3998846,cdce12d3-75fe-4823-b476-3f5658511333,1,40,39,Portugal Women's,Diana Catarina Ribeiro Gomes,Ana Borges,41.7,45.8,51.3,69.2,25.292686,3.866480118323807,0.3633451453475595,0.049806926179797976,-0.31353821916776153,0.5932019549809023,0.21209012636303498,-0.38111182861786735,0.9366626918458469,0.5597266678399152,-0.37693602400593174,3.0645746289468727,9.29899029174195,0,0,1,0,1,0,0,0,0,0,0,0
3998846,e62d64e5-c8d8-41c8-ade6-f79cbc3670e8,1,40,41,Portugal Women's,Ana Borges,Andreia Alexandra Norton,51.8,70.8,66.2,72.6,14.512064,11.926066451687241,0.2506612779445051,0.16432878594322398,-0.08633249200128112,0.5088786864980304,0.5464511240884893,0.03757243759045892,0.8995572741882354,1.1664233939909263,0.2668661198026909,4.256313261869825,8.0212368875598,0,0,1,0,1,0,0,0,0,0,0,0
3998846,f3232224-809f-4bb9-a398-b8f8926e3805,1,40,52,Italy Women's,Manuela Giugliano,Elena Linari,35.4,9.6,41.8,2.5,9.558765,3.1696381196805703,0.5304399219281146,0.3198088364539558,-0.21063108547415882,0.9330725309258783,0.7944886687929837,-0.13858386213289453,1.3534195673373026,1.4461123302899668,0.09269276295266415,3.009081535414579,5.2933191646802635,0,0,1,0,2,2,0,0,0,0,0,0
3998846,6a627b40-8536-4b23-8c83-e2783a944f3d,1,40,55,Italy Women's,Elena Linari,Manuela Giugliano,42.7,5,52,25.6,22.601992,15.346537413780254,0.8110504448208099,0.6498759572194804,-0.16117448760132946,1.3955351031074046,1.3070290990973015,-0.08850600401010311,2.1274599448444076,2.3392498823205012,0.21178993747609365,2.8262532004006804,2.300195489722492,1,1,2,1,2,3,0,0,0,0,0,0
3998846,d6d3fa97-55e9-496f-a286-f76880a90cbc,1,40,59,Portugal Women's,Tatiana Vanessa Ferreira Pinto,Diana Micaela Abreu de Sousa e Silva,64.4,44,72,47.9,8.542248,7.09793884581903,0.7917195343276417,0.6088387448657768,-0.18288078946186492,1.2603610353192893,1.3393248033009837,0.07896376798169435,1.9386227019559361,2.2317080703386574,0.29308536838272126,1.5469207947251788,3.72414169239575,1,0,1,1,2,3,1,0,1,0,0,1
3998846,41bad1bf-4952-4cd1-a447-ae7ca72487cb,1,41,2,Portugal Women's,Diana Micaela Abreu de Sousa e Silva,Andreia Alexandra Norton,64.4,51.8,67.8,68.7,17.238619,-2.731171872310192,0.8702903237064876,0.6665596361178903,-0.20373068758859736,1.4079354281542193,1.0179924829020888,-0.3899429452521306,2.177166891255851,1.5405811105301923,-0.6365857807256587,1.7613676167152152,1.5866726462672238,1,1,2,1,2,1,1,0,1,0,0,1
3998846,88941e79-f5db-4405-b50c-0e8afc438573,1,41,17,Italy Women's,Lisa Boattin,Manuela Giugliano,50.2,22.9,51.1,30.8,7.9511003,2.352598032041513,0.47040018806413786,0.24341658263421917,-0.2269836054299187,0.9876778532171602,0.78926465523196,-0.19841319798520018,1.7730364205592506,1.7068354896448288,-0.06620093091442181,3.384501817979444,7.09638711345381,0,0,1,0,2,2,0,0,1,0,0,1
3998846,8c788f32-6cc0-4440-9181-de382b2256ef,1,41,20,Italy Women's,Manuela Giugliano,Lucia Di Guglielmo,55.3,30.9,64.4,58.8,29.34655,6.64440104439462,0.520784534802178,0.058743850863374344,-0.46204068393880365,1.2208068466640738,0.25812421691806126,-0.9626826297460125,2.213658938378016,0.7566113568343944,-1.4570475815436215,4.6584405792668635,8.839885972841152,0,0,1,0,3,0,0,0,1,0,0,1
3998846,dcf6a9b1-df62-4886-ad33-0c843b5fee28,1,41,41,Italy Women's,Laura Giuliani,Cecilia Salvai,31.5,27.7,48.8,31.1,17.63094,17.596563564304418,0.0007105766567166756,0.0629705104263899,0.062259933769673224,0.01291119860856774,0.23024617740352074,0.217334978794953,0.06597115704905857,0.4996140490643518,0.43364289201529327,21.74830117506033,8.694066058017508,0,0,0,0,0,0,0,0,1,0,0,1
3998846,73687da2-f07e-4d9a-9872-174d1cdabab1,1,41,44,Italy Women's,Cecilia Salvai,Manuela Giugliano,50.9,31.1,60.3,32.5,9.503683,9.501536070479858,0.12490217854821871,0.35356597729181244,0.22866379874359372,0.3657427517970653,0.8005870969113925,0.43484434511432724,0.7339018432270106,1.2955674053115809,0.5616655620845703,6.663624635137699,4.749297789669699,0,0,0,1,1,2,0,0,1,0,0,1
3998846,44fc29ec-4320-4c9f-8020-b3eb66221bee,1,41,44,Italy Women's,Manuela Giugliano,Cecilia Salvai,60.3,32.5,52.1,30.9,8.354639,-8.337818670863328,0.35356597729181244,0.11177963615913435,-0.2417863411326781,0.8005870969113925,0.38391973625687803,-0.4166673606545145,1.2955674053115809,0.8546760583201956,-0.4408913469913853,4.749297789669699,7.384883444602354,0,0,1,0,2,1,0,0,1,0,0,1
3998846,029299ab-6536-4d5c-8ba4-902c55ba73fe,1,41,47,Italy Women's,Cecilia Salvai,Manuela Giugliano,51.6,30.9,67.6,14.6,22.840534,10.771074569300367,0.16247854273620832,0.2455704119834477,0.08309186924723938,0.492680782657671,0.7094112478231792,0.2167304651655082,1.0563490574609133,1.5230307922725796,0.4666817348116663,6.311910280341654,5.733322212902499,0,0,0,0,1,2,0,0,1,0,0,1
3998846,b8a182ec-eb2e-43fb-a0be-d3557a5752c7,1,41,50,Italy Women's,Manuela Giugliano,Lisa Boattin,70.6,8.6,84.8,4.5,14.780054,8.541876492467651,0.1289132855530808,0.08634963209340059,-0.042563653459680204,0.44492564869646783,0.3517248777706162,-0.09320077092585166,1.0894570946118254,0.8854647193604813,-0.20399237525134406,6.811424388033446,8.355727552947913,0,0,0,0,1,0,0,0,0,0,0,0
3998846,df9690dc-3dbf-41ce-9119-1aa91bda2eef,1,41,52,Italy Women's,Lisa Boattin,Cristiana Girelli,86.1,8,93.7,19.4,13.701095,13.210365976966656,0.420966103001299,0.66581059206431,0.24484448906301104,0.8099387523685384,1.217127166083301,0.40718841371476255,1.4103389606843446,2.0711413259941334,0.6608023653097888,2.973992258162108,2.1581259633477274,1,1,1,1,1,2,0,0,0,0,0,0
3998846,145c82a9-8dca-42a5-b213-6ef2130aa5bf,1,44,4,Portugal Women's,Joana Filipa Gaspar Silva Marchão,Carole da Silva Costa,20.9,3.8,11.8,13.6,13.373481,-5.869404986643758,0.07670500867856042,0.012992600212404311,-0.06371240846615611,0.24327747315457132,0.09122600728520873,-0.15205146586936258,0.5526849927509595,0.315484703035409,-0.23720028971555052,7.771731213060315,13.321955090121582,0,0,0,0,1,0,0,0,1,0,0,1
3998846,6b37530d-c56a-48fd-868b-4446e8185846,1,44,7,Portugal Women's,Carole da Silva Costa,Diana Catarina Ribeiro Gomes,11.8,19,25,57.3,40.510864,13.656691345470648,0.019094333475784406,0.07328792541207113,0.05419359193628673,0.12412630425460777,0.2704162736307714,0.14628996937616365,0.3837031355550109,0.5852983872648397,0.20159525170982884,12.817103570912705,8.843109378902035,0,0,0,0,0,0,0,0,0,0,0,0
3998846,129c1886-de3e-4a71-8be9-7a5a8a208f24,1,44,22,Italy Women's,Manuela Giugliano,Elena Linari,38.1,7.3,33.8,1.3,7.3817344,-6.302048706817644,0.23852200486500663,0.1347672825605068,-0.10375472230449984,0.5932620280567644,0.42881253520443097,-0.16444949285233346,1.0332739599650136,0.887476775912969,-0.14579718405204456,5.995264234259086,7.3281549515442235,0,0,0,0,2,1,0,0,1,0,0,1
3998846,65ac3eab-d1af-4aa1-912a-66d1bd6bec41,1,44,24,Italy Women's,Elena Linari,Cristiana Girelli,35.4,2,49.8,21.9,24.563591,20.246577094043474,0.13722696340632495,0.6926215449603406,0.5553945815540156,0.47374517948539746,1.1783550929148041,0.7046099134294066,0.9847700332094267,1.8522913873044575,0.8675213540950308,8.33574784090257,1.7601109575261626,0,1,0,1,0,2,0,0,1,0,0,1
3998846,49295d07-08cb-41ac-a060-7c42b86c2124,1,44,27,Italy Women's,Cristiana Girelli,Emma Severini,49.1,17.3,58.7,13.7,10.252805,7.741608856720646,1.032548882628777,0.34878284962624184,-0.6837660330025351,1.6457381588405962,0.9329045839699874,-0.7128335748706087,2.297312364865198,1.8341650557009004,-0.46314730916429747,1.64684350171064,4.967951629593337,1,0,2,1,3,2,0,0,1,0,1,1
3998846,52c9fcda-9cc6-484f-a65e-874dfbe3aed8,1,44,28,Italy Women's,Emma Severini,Lisa Boattin,58.7,13.7,62.4,1.6,12.653063,-2.522911426625143,0.34878284962624184,0.47807634973960583,0.129293500113364,0.9329045839699874,0.8519157996656765,-0.08098878430431089,1.8341650557009004,1.4589316435482906,-0.37523341215260975,4.967951629593337,2.5391973965853953,0,1,1,1,2,1,0,1,1,0,1,1
3998846,b7e843aa-b41b-4fba-afba-0d23863f7e8a,1,44,29,Italy Women's,Lisa Boattin,Emma Severini,62.4,1.6,63.3,9.8,8.249243,4.985398323022778,0.47807634973960583,0.44687499441872663,-0.0312013553208792,0.8519157996656765,1.089392699414021,0.23747689974834452,1.4589316435482906,1.989767522864669,0.5308358793163783,2.5391973965853953,4.851995948988409,1,0,1,1,1,2,1,0,1,0,1,1
3998846,a214deb7-b417-498f-87fb-308bebe7c56d,1,44,32,Italy Women's,Emma Severini,Sofia Cantore,75.4,12.1,96,11,20.629349,14.964638606879419,0.6132222044364402,0.15556564414019944,-0.4576565602962407,1.375052793786125,0.5579223339125583,-0.8171304598735667,2.2937672172402404,1.266837935636629,-1.0269292816036113,4.119547233338871,7.656039674413945,0,0,1,0,4,1,0,0,1,1,1,1
3998846,664943bb-1f69-4fad-8ee5-ea5993b77aaa,1,44,37,Italy Women's,Sofia Cantore,Cristiana Girelli,118.1,21.9,112.1,37.6,16.807438,9.942937960169246,0.3644004650085693,1.2754392675277948,0.9110388025192255,0.8381690863362536,2.2964426908760482,1.4582736045397946,1.6363745300733739,3.3725862853148807,1.7362117552415068,3.6797722575234246,1.7174761864841288,0,1,1,3,1,4,0,1,0,1,1,1
3998846,dd994dd3-cc2a-47ed-b3b7-5cca1aa8ec19,1,45,32,Italy Women's,Cecilia Salvai,Martina Lenzini,57.1,39.3,47.3,49.1,13.859293,-10.363423820792825,0.37670639812263895,0.05759066489981608,-0.3191157332228229,0.988541057369029,0.24506702976180225,-0.7434740276072267,1.8937065862870248,0.6806479007003355,-1.2130586855866894,5.47334796222166,8.896631618190716,0,0,0,0,2,0,0,0,1,0,0,1
3998846,f2f02031-a822-478e-b558-fae656b535b5,1,45,35,Italy Women's,Martina Lenzini,Elena Linari,47.3,49.1,56.1,26,24.719425,7.851647866369092,0.09564909037675504,0.0324704600290595,-0.06317863034769554,0.3292611509498758,0.18249058315735386,-0.14677056779252193,0.8089870134296276,0.5793766194938612,-0.22961039393576643,7.363005513823577,10.755164795383077,0,0,0,0,1,0,0,0,1,0,0,1
3998846,c18080b9-ad9a-406a-b79b-d8cff8ef9ba0,1,45,38,Italy Women's,Elena Linari,Lisa Boattin,64.2,26,78.1,5,25.183527,2.9345075708610864,0.7873351037976982,0.011716287197083185,-0.775618816600615,1.0918991883766762,0.11711742000186158,-0.9747817683748147,1.7213856854698202,0.48920966570353247,-1.2321760197662877,0.8830497250680648,14.569147851932978,1,0,1,0,1,0,1,0,1,0,0,1
3998846,292b5bdb-6f55-4e0b-9917-1b0320acedeb,1,45,43,Italy Women's,Lisa Boattin,Sofia Cantore,88.9,12.5,100.8,11,11.994165,6.734696512849787,0.14649501683461286,0.3338850306722487,0.18739001383763582,0.47760933959981455,0.7487966542434269,0.27118731464361234,1.1563588841625263,1.385732384796017,0.2293735006334907,6.223283954048079,4.5267995117723165,0,0,0,1,1,2,0,0,0,0,0,0
3998846,2511f711-eee4-4a2d-bb2b-d15d4ed5db93,1,45,49,Portugal Women's,Andreia Alexandra Norton,Ana Ines Palma Capeta,38.3,71.9,42.7,76.5,6.3655324,2.2227476686218353,0.9339199975761665,1.2335590922794901,0.2996390947033236,1.2718256290187395,1.8526342232653907,0.5808085942466512,1.7217652770964347,2.562176300930823,0.8404110238343883,0.7320479922358201,1.3653319574258986,1,2,1,2,2,3,1,1,1,0,0,1
3998846,352289bb-486d-4b4f-b8e0-a085893449fd,1,46,1,Portugal Women's,Andreia Alexandra Norton,Ana Borges,35.3,78.5,19.8,69.2,18.07595,-11.328548762788273,0.6473726942728192,0.24098489602660134,-0.40638779824621785,1.1439123147263197,0.4919232733619537,-0.6519890413643661,1.7042355201013735,0.9224838023760846,-0.7817517177252888,2.6636250248240567,4.3299098205294335,1,0,1,1,2,1,0,0,1,0,0,1
3998846,e8577579-c712-45ab-bde8-df65bcd1e091,1,46,4,Portugal Women's,Ana Borges,Fátima Alexandra Figueira Pinto,18.7,69.1,27.1,63.4,10.151355,9.59514670098251,0.626089057774133,0.44302283262225206,-0.18306622515188098,0.8417140618135143,1.0514863277236657,0.2097722659101514,1.2359471730955076,1.8649418719466886,0.628994698851181,1.4385016251377567,4.089782059103634,1,0,1,1,1,2,0,0,1,0,0,1
3998846,b5ddd7e8-3da2-45dc-97d5-ccf6319f317f,1,46,8,Portugal Women's,Fátima Alexandra Figueira Pinto,Andreia Alexandra Norton,32.8,72.8,37.8,77.8,7.071068,2.6900523616524197,1.147953072626277,0.2294617163905438,-0.9184913562357332,1.7753112714654804,0.7063480214898668,-1.0689632499756136,2.5338525760883726,1.436425005705493,-1.0974275703828795,1.8910218983397402,6.2749573831022785,2,0,2,0,3,1,0,0,0,0,0,0
3998846,a163ee3a-7f60-4b2e-ba90-345151fd4902,1,46,11,Portugal Women's,Andreia Alexandra Norton,Ana Ines Palma Capeta,45.6,78.3,57.8,63.9,18.873262,17.045747712512977,0.1762939873428854,1.069142356944964,0.8928483696020787,0.6179653607776145,1.632359909947744,1.0143945491701294,1.360848668762381,2.334414350827837,0.9735656820654561,7.1118388660936125,1.2944599112264832,0,1,0,2,1,3,0,1,0,0,0,0
3998846,d86c0879-c561-45e8-bcf0-bb5eddc96e22,2,45,2,Portugal Women's,Fátima Alexandra Figueira Pinto,Ana Borges,48.2,40.4,35.9,68.6,30.765728,-17.02889199411868,0.2230387287327549,0.0026551043680595955,-0.2203836243646953,0.6609565986221009,0.04441082221909141,-0.6165457764030094,1.4281614781806886,0.2539116354117206,-1.174249842768968,5.7134203264939565,19.096234682618896,0,0,0,0,1,0,0,0,1,0,0,1
3998846,c379345e-c448-4b6b-9f2d-87502ec7d92c,2,45,5,Portugal Women's,Ana Borges,Diana Catarina Ribeiro Gomes,36.3,68.2,27.4,56.9,14.384019,-5.806664808646161,0.004751975414505393,0.017797333403484716,0.013045357988979323,0.059717957717064354,0.12183561661205879,0.06211765889499443,0.29654388650859403,0.4237789024072605,0.12723501589866648,16.731442921823902,12.658628804591041,0,0,0,0,0,0,0,0,1,0,0,1
3998846,71d1099b-24ad-469b-b7f1-f7babb55cbf5,2,45,9,Portugal Women's,Diana Catarina Ribeiro Gomes,Ana Borges,28.8,57.6,36.9,75.4,19.55633,2.556811847599832,0.07940021105470835,0.02415831762776656,-0.05524189342694179,0.27212392142924846,0.14484909803706403,-0.12727482339218443,0.6710511481577749,0.45785101812638906,-0.21320013003138583,7.770255335786516,11.998548001723046,0,0,0,0,1,0,0,0,1,0,0,1
3998846,72cd3cd7-800f-4d10-a926-706ad3fb0b9d,2,45,49,Italy Women's,Emma Severini,Elena Linari,36.3,3.2,28.6,1.3,7.930952,-7.822825627531202,0.9749884246421431,0.7064644582177286,-0.26852396642441445,1.4265817323696914,1.1473799118910661,-0.2792018204786253,2.1747600372333453,1.77778740935977,-0.39697262787357523,0.5176828905090115,1.8479029957154582,1,1,1,1,1,2,1,1,1,0,0,1
3998846,28c12d99-6cca-4e4f-8556-7719c852a3bb,2,45,54,Italy Women's,Cristiana Girelli,Lucia Di Guglielmo,53.2,19.5,63.6,53.1,35.172718,11.973434960523093,0.6642899421762459,0.008538041949170735,-0.6557519002270752,1.3328360229760179,0.09902390740034417,-1.2338121155756738,2.3675679055282957,0.4386781450063612,-1.9288897605219344,2.029001335052987,16.562737334755578,1,0,1,0,1,0,1,0,0,0,0,0
3998846,802297f9-1da7-41f5-9656-445e59cf080e,2,46,58,Italy Women's,Sofia Cantore,Cecilia Salvai,78.7,25.9,63.9,35.9,17.86169,-12.609044772895032,0.2520982495581047,0.08438854420892929,-0.16770970534917545,0.8213818990202805,0.3065891466783294,-0.5147927523419511,1.6946056090971602,0.7644590680179448,-0.9301465410792153,6.982376860917827,7.844772724709217,0,0,0,0,1,1,0,0,1,0,0,1
3998846,892331b5-c3dd-47b6-9e98-dd70e3d721b2,2,47,1,Italy Women's,Cecilia Salvai,Martina Lenzini,68.1,39.1,75.3,66.9,28.717241,-0.2621118202184789,0.3278553321027323,0.056428353085127045,-0.27142697901760526,0.7272081393201094,0.2472181089065841,-0.4799900304135253,1.3709587579156508,0.7251576347304178,-0.645801123185233,3.8748549882399557,8.90793316611922,0,0,1,0,1,0,1,0,0,0,0,0
3998846,663327cc-01fb-4970-8b4e-f343ea766032,2,47,10,Portugal Women's,Tatiana Vanessa Ferreira Pinto,Fátima Alexandra Figueira Pinto,36.5,18.1,28.6,24.2,9.980982,-6.431436296857797,0.6461476542687151,0.4321157549334529,-0.21403189933526223,1.3219053525183833,1.0636010297529592,-0.25830432276542403,2.1642324415041214,1.9654509746459548,-0.19878146685816667,3.759058666481381,5.348458162735172,0,0,2,0,3,3,0,0,1,0,0,1
3998846,3c5c2ce1-1f3f-476a-b035-0f525c4e4afb,2,47,11,Portugal Women's,Fátima Alexandra Figueira Pinto,Joana Filipa Gaspar Silva Marchão,28.6,24.5,28,9,15.511608,-4.37747708374846,0.43211575510923866,0.02852531130985501,-0.40359044379938364,1.063601037538997,0.1971041186698332,-0.8664969188691638,1.9654509927567614,0.6191057227255622,-1.346345270031199,5.348458838923347,12.886427389966249,0,0,0,0,3,0,0,0,1,0,0,1
3998846,e3bbdd42-3f6f-43fd-9de2-b7596e17ff3f,2,47,14,Portugal Women's,Joana Filipa Gaspar Silva Marchão,Francisca Ramos Ribeiro Nazareth Sousa,29,7.9,45.4,36.6,33.055256,21.818207871225326,0.20242998382740307,0.6249211325380444,0.4224911487106413,0.5438528132928968,0.9896262081356095,0.4457733948427127,1.0813413735324715,1.6778559131569781,0.5965145396245066,5.392652812887376,1.5819349381144818,0,1,0,1,1,1,0,1,0,0,0,0
3998846,3c1599b5-c09b-4bc4-baf2-74a088011d6d,2,47,48,Portugal Women's,Diana Catarina Ribeiro Gomes,Ana Borges,55.4,51.8,65.1,70.3,20.888754,2.962407293958016,0.07008765660892739,0.03594091108507943,-0.034146745523847964,0.23217914603933057,0.1963554491932023,-0.03582369684612827,0.5576433654632189,0.5748113541530613,0.017167988689842373,8.04617686316415,11.42848239879625,0,0,0,0,0,0,0,0,1,0,0,1
3998846,b27664dd-f961-43fe-bc01-b5f50bf64e46,2,47,50,Portugal Women's,Ana Borges,Diana Catarina Ribeiro Gomes,65.1,70.3,51.1,62.3,16.124516,-9.712461182284152,0.12132490895651885,0.052799710900439056,-0.06852519805607979,0.3887305601608847,0.22822647189189776,-0.16050408826898693,0.8273414684909035,0.5952754838026074,-0.2320659846882961,7.3304984241334825,9.257602922314497,0,0,0,0,1,0,0,0,1,0,0,1
3998846,a1e5a418-def5-4fae-9ec2-024834d9501c,2,47,52,Portugal Women's,Diana Catarina Ribeiro Gomes,Carole da Silva Costa,51.3,59.7,48.4,31.9,27.95085,-0.5879793518142975,0.11945962218000988,0.026018472156324586,-0.0934411500236853,0.3551561611539989,0.14329227555988597,-0.21186388559411293,0.767206884168118,0.44713600037422196,-0.32007088379389603,6.644452303700154,11.193221354857,0,0,0,0,1,0,0,0,1,0,0,1
3998846,7a367151-bd0b-4470-a453-93460af6d8a3,2,47,55,Portugal Women's,Carole da Silva Costa,Joana Filipa Gaspar Silva Marchão,49,27.9,63.9,9.6,23.598728,8.216388677614347,0.13333991796549752,0.18382130870274105,0.05048139073724353,0.3355528311276068,0.41882512198550614,0.08327229085789933,0.6839724519736785,0.8462597384809788,0.1622872865073003,6.096476062412098,5.14874065429631,0,0,0,0,1,1,0,0,1,0,0,1
3998846,bcd5961b-4261-4627-9d87-7a492e8c07cf,2,47,58,Portugal Women's,Joana Filipa Gaspar Silva Marchão,Diana Micaela Abreu de Sousa e Silva,64.3,8.5,103.8,14,39.881073,33.35618741818526,0.3390182178850608,0.46036258016170933,0.12134436227664852,0.591348216373742,0.8279550131641428,0.23660679679040075,0.985810240445603,1.4140181666966531,0.4282079262510502,3.3107642742044354,2.6685141278303477,0,1,1,1,1,1,0,0,0,0,0,0
3998846,00804059-7919-451b-ba7c-1a41afc43bd6,2,48,16,Italy Women's,Emma Severini,Laura Giuliani,25,26.8,8.2,37.2,19.758543,-15.92238850481391,0.8106283663802911,0.11851466076219537,-0.6921137056180957,1.138301533909209,0.37552269308275016,-0.7627788408264589,1.6432956116257258,0.753801095697155,-0.8894945159285708,0.9553200688100616,7.69530648583816,1,0,1,0,1,1,1,1,0,0,0,0
3998846,997d736a-875d-4153-b943-481fabfadef8,2,48,22,Portugal Women's,Ana Borges,Diana Catarina Ribeiro Gomes,64.5,70.3,55,58.9,14.839475,-4.45959477450058,0.09974888945848744,0.1602422042482685,0.06049331478978105,0.33509075042951364,0.45491696586504704,0.1198262154355334,0.7516075480947363,0.8990229914751996,0.1474154433804633,7.46931200865523,6.698663430198789,0,0,0,0,1,1,0,0,1,0,0,1
3998846,bc655a3d-baa5-4d03-b4d7-375a602fe403,2,48,23,Portugal Women's,Diana Catarina Ribeiro Gomes,Fátima Alexandra Figueira Pinto,54.8,58.9,65.2,55.3,11.005453,10.988310475375364,0.16024222331803425,0.462310692748487,0.30206846943045274,0.4549170032811174,0.9600805108908496,0.5051635076097322,0.8990230432803623,1.5826543936760364,0.6836313503956741,6.6986632720497425,3.568081685782681,0,0,0,1,1,2,0,0,1,0,0,1
3998846,f783e3c3-c582-406d-97ec-541a50662b7c,2,48,25,Portugal Women's,Fátima Alexandra Figueira Pinto,Joana Filipa Gaspar Silva Marchão,63.4,46.8,57.3,21.5,26.024988,-8.365301188707484,0.624671527054655,0.0072128346564262,-0.6174586923982288,1.2326263053390405,0.09972141540356867,-1.132904889935472,1.9473531943660674,0.4862266250968489,-1.4611265692692186,4.191193385657712,16.660315954276996,0,0,2,0,3,0,0,0,1,0,0,1
3998846,084f3646-8c18-4496-a821-42b6374e2d9e,2,48,34,Portugal Women's,Carole da Silva Costa,Joana Filipa Gaspar Silva Marchão,51.6,25.5,64.9,12.1,18.879883,8.159034819009463,0.27429107322586677,0.02941692804781759,-0.24487414517804917,0.562677854049256,0.1946025721847762,-0.3680752818644798,1.0195172670244832,0.6476348412093315,-0.37188242581515174,4.043684607100207,11.89685540732541,0,0,1,0,1,0,0,0,1,0,0,1
3998846,a2cabee3-49bc-4d39-9940-e3f4a8cc541c,2,48,37,Portugal Women's,Joana Filipa Gaspar Silva Marchão,Francisca Ramos Ribeiro Nazareth Sousa,64.9,11.9,69.8,21.3,10.6004715,8.281735654637522,0.05990107580582109,0.2216748232073932,0.16177374740157213,0.28563910042548435,0.7340878028681082,0.4484487024426238,0.7907978068555758,1.5900735820908212,0.7992757752352454,9.589405486796077,7.126232472849553,0,0,0,0,0,1,0,0,1,0,0,1
3998846,32ac4d19-75d8-4bd9-a2c2-f8de69bbe49e,2,48,41,Portugal Women's,Francisca Ramos Ribeiro Nazareth Sousa,Ana Borges,71.1,26.1,66.6,59.3,33.503582,-5.943527447881614,0.9346199473201041,0.32615879851913665,-0.6084611488009675,1.6514686172776443,0.5760226294276153,-1.075445987850029,2.6760240005618074,1.0053200411943364,-1.670703959367471,1.4541494150373335,3.4091879096587854,1,0,2,1,2,1,1,0,1,0,0,1
3998846,8d3b8abb-bf9a-452e-84ef-e08f42753050,2,48,43,Portugal Women's,Ana Borges,Diana Catarina Ribeiro Gomes,66.4,59.5,49,51.9,18.987364,-14.953428706035695,0.32615848305972506,0.016042258383845112,-0.31011622467587996,0.5760223207754837,0.12577283910779322,-0.4502494816676904,1.0053197659713609,0.48811550281050625,-0.5172042631608547,3.4091908435505425,13.040667448255826,0,0,1,0,1,0,0,0,1,0,0,1
3998846,f0a5c975-99d4-4ccf-9626-b01beb524bb8,2,48,46,Portugal Women's,Diana Catarina Ribeiro Gomes,Carole da Silva Costa,48.4,51.9,45.4,33.4,18.741665,-2.3092276803153027,0.058388125893175234,0.03465901488092572,-0.02372911101224951,0.22464878613432512,0.18513594196333702,-0.039512844170988104,0.5935208161790668,0.5529106950544292,-0.04061012112463758,8.680661569178437,10.662398047049205,0,0,0,0,0,0,0,0,1,0,0,1
3998846,b3898258-29db-4af0-b282-ca4a387963c0,2,48,49,Portugal Women's,Carole da Silva Costa,Joana Filipa Gaspar Silva Marchão,47.3,32.1,56.7,7.3,26.521688,1.8806542862447486,0.13904372878917648,0.05618551931422085,-0.08285820947495563,0.39576962490409984,0.22251595311529326,-0.17325367178880657,0.8542983467232875,0.5973577866880231,-0.25694056003526444,6.185159040864593,8.869211020018248,0,0,0,0,1,0,0,0,1,0,0,1
3998846,52de0765-922a-40d3-a641-9ba25a008f18,2,48,59,Portugal Women's,Diana Micaela Abreu de Sousa e Silva,Tatiana Vanessa Ferreira Pinto,110.8,19.8,99.8,22.1,11.237883,-4.793416789143411,0.8119361930373379,0.376207934802905,-0.4357282582344329,1.2552892106689346,0.9607165692334806,-0.29457264143545403,1.8757096445114003,1.8620809113495072,-0.01362873316189317,1.2935202539237352,4.268563548294304,1,0,1,1,2,1,1,0,1,0,0,1
3998846,54402d40-5313-4add-8531-04372324e9a9,2,49,0,Portugal Women's,Tatiana Vanessa Ferreira Pinto,Andreia Alexandra Norton,99.8,22.1,100.6,28.3,6.2514,4.33479137459738,0.376207934802905,1.0522385378823935,0.6760306030794885,0.9607165692334806,1.941529526188934,0.9808129569554535,1.8620809113495072,3.003229524175661,1.1411486128261537,4.268563548294304,3.156933692897411,0,0,1,3,1,4,0,0,1,0,0,1
3998846,e9fb176e-eabb-4fd0-a795-3083529937a0,2,49,3,Portugal Women's,Andreia Alexandra Norton,Joana Filipa Gaspar Silva Marchão,97.2,26.8,105.5,7.7,20.825464,-9.059968744698907,0.8616893050954958,0.12170852805393971,-0.7399807770415561,1.585741646563205,0.39301241052252955,-1.1927292360406754,2.5374828388356283,0.9099759151923343,-1.627506923643294,1.7390720581930965,6.815042549532593,1,0,1,0,3,1,0,0,1,0,0,1
3998846,6d764b73-b5cb-4a18-add7-2d6c268653b7,2,49,6,Portugal Women's,Joana Filipa Gaspar Silva Marchão,Diana Micaela Abreu de Sousa e Silva,105.1,7.7,104.2,14.1,6.4629717,5.2321367495637325,0.3734024007169807,0.6416676906776186,0.2682652899606379,0.7107601554492955,1.2406322879136733,0.5298721324643778,1.2694238451031694,2.0444323303366057,0.7750084852334362,3.2036452435308216,2.979056675322846,0,1,1,1,1,3,0,0,1,0,0,1
3998846,35b0c454-ec1d-4b70-8b08-9687c7caa2eb,2,49,8,Portugal Women's,Diana Micaela Abreu de Sousa e Silva,Andreia Alexandra Norton,97.4,12.4,91.1,21.9,11.399123,1.5722516661076682,0.48684814270988347,0.4462808169132422,-0.040567325796641296,1.0583399197477301,1.0068767863270727,-0.05146313342065745,1.8573084247833334,1.862816729753287,0.005508304969953581,3.5747038318392734,3.9048540862298093,0,0,1,1,2,2,0,0,1,0,0,1
3998846,1e77045d-4598-46b4-939d-0ce2a958cacd,2,49,9,Portugal Women's,Andreia Alexandra Norton,Fátima Alexandra Figueira Pinto,90.2,20.9,93.4,6.8,14.458562,-7.146123006848413,0.9561071741426357,0.04735774836606772,-0.9087494257765679,1.4993848447721674,0.240558867607281,-1.2588259771648864,2.302766320398307,0.7004818381524094,-1.6022844822458977,1.0751145565148326,9.870585572758845,1,0,1,0,3,0,1,0,1,0,0,1
3998846,b259cefa-be07-417a-826f-d74a9b92fc6d,2,49,41,Italy Women's,Arianna Caruso,Lucia Di Guglielmo,71.5,52.2,91.7,65.6,24.240461,11.850055005974568,0.17554196447755366,0.27194606230957385,0.0964040978320202,0.5476326965198768,0.6031476374573868,0.05551494093750997,1.1946690326004406,1.1471621500238545,-0.047506882576586085,6.667893717147237,4.2503293151398,0,0,0,1,1,1,0,1,0,0,0,0
3998846,108a157d-8e1f-4b17-85ad-e3f9b77feccd,2,50,5,Portugal Women's,Francisca Ramos Ribeiro Nazareth Sousa,Andreia Alexandra Norton,44.3,32.1,42.2,51.8,19.811613,-2.578667617739299,0.7104756933000832,0.23784900353134972,-0.47262668976873345,1.1686841618493156,0.5815486473143954,-0.5871355145349202,1.7788199599642003,1.1005330031560767,-0.6782869568081236,1.9630632691076044,4.909278970232542,1,0,1,1,2,1,0,0,1,0,0,1
3998846,9c18ce4e-1fe3-4c12-9f8b-5169b8a9846a,2,50,8,Portugal Women's,Andreia Alexandra Norton,Francisca Ramos Ribeiro Nazareth Sousa,45.6,56.5,47.5,49.7,7.0604534,3.0616584317897235,0.2521136766275058,0.27104437838403583,0.018930701756530055,0.5924399305525146,0.654038268352918,0.06159833780040336,1.1142783999197203,1.2034612640283093,0.089182864108589,4.618832917404751,5.739683930122086,0,0,1,0,1,2,0,0,1,0,0,1
3998846,d184bf9e-e0ab-409f-bb7b-ef0dabe34437,2,50,12,Portugal Women's,Francisca Ramos Ribeiro Nazareth Sousa,Andreia Alexandra Norton,47.7,54.6,48.6,61.4,6.8593,-0.7786377977332819,0.8841431008257074,0.46233644838905114,-0.4218066524366562,1.4046241533989403,0.9876576764841798,-0.4169664769147605,2.1563170762200987,1.7258818323733323,-0.43043524384676646,1.2134348427976491,4.5044876416359685,1,0,1,2,3,2,1,0,1,0,0,1
3998846,ccf7c305-a7ed-4f4a-9abe-8130978ff5f5,2,50,15,Portugal Women's,Andreia Alexandra Norton,Ana Borges,49.2,66.3,46.7,76.5,10.5019045,-6.357904212107357,0.3748107449586018,0.06059541550934556,-0.31421532944925623,0.8643384235521837,0.277523920925362,-0.5868145026268217,1.6098624336714642,0.7541223945682871,-0.8557400391031771,3.8962252977916916,9.09744906727899,0,0,1,0,1,0,0,0,1,0,0,1
3998846,156dbdde-bf19-4e84-bc85-fec53c108d96,2,50,26,Portugal Women's,Patricia Isabel Sousa Barros Morais,Joana Filipa Gaspar Silva Marchão,2.5,30,21,13.8,24.590445,15.516561354251834,0.059855828382606856,0.0038921902519721153,-0.05596363813063474,0.1846136748959239,0.04748333149980584,-0.13713034339611807,0.3478683498865141,0.20388270310629703,-0.14398564678021708,8.44744940565466,17.73516515371886,0,0,0,0,0,0,0,0,1,0,0,1
3998846,d05b8b72-6e4e-4cfb-8c93-8804f23cade8,2,50,29,Portugal Women's,Joana Filipa Gaspar Silva Marchão,Carole da Silva Costa,23.1,13.4,27.1,26.4,13.601471,6.594473616833824,0.014989721163823726,0.09331555137072275,0.07832583020689902,0.11471790262735615,0.35085265102735796,0.23613474840000181,0.38784569255929263,0.8343378368182168,0.4464921442589242,14.169075277120076,7.930681478279372,0,0,0,0,0,1,0,0,1,0,0,1
3998846,04afa131-da50-416d-85e2-cd102da5fc8a,2,50,34,Portugal Women's,Carole da Silva Costa,Francisca Ramos Ribeiro Nazareth Sousa,35.6,27.9,56.7,36.8,22.900219,21.882113166162014,0.1702865808318041,0.8217192786058777,0.6514326977740736,0.5785883195879723,1.631621517898633,1.053033198310661,1.2881556862676997,2.7247525451287027,1.436596858861003,7.123539601144176,2.138655919349717,0,1,0,1,1,3,0,0,1,0,0,1
3998846,fe264fc2-9463-4fa8-b513-b2835fa5aba9,2,50,51,Portugal Women's,Francisca Ramos Ribeiro Nazareth Sousa,Carole da Silva Costa,56.4,8.1,34.4,22.7,26.403788,-16.17895408237561,0.958388465147999,0.04592518131401954,-0.9124632838339795,1.4215854202861522,0.2188441984196644,-1.202741221866488,2.1193883500182666,0.6285422803693145,-1.4908460696489523,0.6243599895952238,9.627727107058332,1,0,1,0,2,0,1,0,1,0,0,1
3998846,2c702758-da28-469d-a413-c8ed558d2ebc,2,51,0,Portugal Women's,Carole da Silva Costa,Diana Catarina Ribeiro Gomes,27.3,27.4,20.5,56.7,30.07873,-7.339332401754817,0.5786715531888096,0.04584385706851516,-0.5328276961202945,0.8032709457319516,0.18587982557024907,-0.6173911201617025,1.1842630151190428,0.4772189351347084,-0.7070440799843343,1.6866207208237065,9.386052151949567,1,0,1,0,1,0,1,0,1,0,0,1
3998846,99af071c-c983-4224-8018-94acd6aeaf35,2,51,4,Portugal Women's,Diana Catarina Ribeiro Gomes,Ana Ines Palma Capeta,21,66.3,56.9,62.3,36.122154,35.50924788006641,0.31966845318582326,0.6258948109596079,0.3062263577737846,0.5217243504616588,1.2352475339372375,0.7135231834755787,0.774639389070209,2.025613413583801,1.2509740245135919,3.4271117142023004,3.4105487464730455,0,0,1,2,1,2,0,0,0,0,0,0
3998846,0be7b973-1627-46ae-8190-f55d5bed6c21,2,51,10,Italy Women's,Lucia Di Guglielmo,Cecilia Salvai,46.2,45.5,48.4,50.3,5.2801514,1.6676037394839085,0.09640503620037678,0.13085627928771693,0.03445124308734014,0.32280560834762906,0.38612059793233355,0.0633149895847045,0.6386904442457861,0.7132539705283378,0.0745635262825517,8.571974503973898,7.473949592038656,0,0,0,0,0,1,0,0,1,0,0,1
3998846,76129824-a715-46d3-87df-a470eac05341,2,51,12,Italy Women's,Cecilia Salvai,Manuela Giugliano,47.7,49.5,56.2,36.5,15.532225,9.025533591193216,0.2300075131817809,0.1384543154354252,-0.0915531977463557,0.5305147506205744,0.5576775418683246,0.02716279124775023,0.8631716887122407,1.25095806680968,0.3877863780974393,5.323276313832717,8.503936712795968,0,0,0,0,1,0,0,0,0,0,0,0
3998846,6fb93552-c5ad-48b3-8fdd-cc1693f51a1c,2,51,15,Italy Women's,Manuela Giugliano,Lucia Di Guglielmo,61.7,41.4,65.6,65.8,24.709715,-1.8911657111261135,0.38762906790783486,0.028831889292712992,-0.35879717861512184,1.0442391598151393,0.2101653254625473,-0.834073834352592,1.9850699939744247,0.7300991456064735,-1.2549708483679511,4.7378708352913526,12.730212855720122,0,0,1,0,1,0,0,0,1,0,0,1
3998846,a260493b-8589-46aa-9e87-7a203617ece9,2,51,27,Portugal Women's,Joana Filipa Gaspar Silva Marchão,Diana Micaela Abreu de Sousa e Silva,22.2,15.3,34.6,26.2,16.509695,14.363054915194596,0.7076072270406101,0.2541371514076789,-0.4534700756329312,1.0376893586118852,0.7057866705586074,-0.3319026880532777,1.6068638722762352,1.4990558995258039,-0.1078079727504313,1.2409580621284466,4.8321513108471725,1,0,1,1,1,1,1,0,1,0,0,1
3998846,4cfc9cb9-d352-4396-a666-ae99cfd2b547,2,51,32,Portugal Women's,Diana Micaela Abreu de Sousa e Silva,Fátima Alexandra Figueira Pinto,42.2,41.7,35.4,31.5,12.258874,-7.207366170875957,0.9244730018553898,0.3305903207055277,-0.5938826811498621,1.508397692657312,0.9308632805708743,-0.5775344120864376,2.22500961386986,1.883911362178192,-0.34109825169166785,1.4190038102672005,4.728343199341826,1,0,2,1,3,1,0,0,1,0,0,1
3998846,641d3011-9b12-4a6c-a678-b4bb9a323804,2,51,35,Portugal Women's,Fátima Alexandra Figueira Pinto,Francisca Ramos Ribeiro Nazareth Sousa,43.5,25.7,51.4,9.6,17.933767,2.7909346616281994,0.5282928304094573,0.04963565481816206,-0.4786571755912952,1.15205175730957,0.2919612354104652,-0.8600905218991048,2.023251039560065,0.8787811789066889,-1.144469860653376,3.739077567020491,10.690288644664133,0,0,1,0,2,0,0,0,1,0,0,1
3998846,a9f4be25-c51c-45bc-a6a3-329b58ca834a,2,51,42,Portugal Women's,Joana Filipa Gaspar Silva Marchão,Fátima Alexandra Figueira Pinto,83.8,6.6,77.5,16.8,11.988745,0.8345075125373356,0.11973111515751157,0.1606121575167484,0.04088104235923683,0.38078372097578245,0.5207681014226357,0.1399843804468533,0.8257510971644096,1.1792280080388398,0.3534769108744301,7.424928530170274,6.63482599709559,0,0,0,0,1,1,0,0,1,0,0,1
3998846,0f9ff183-5bb1-4afb-9d1f-e97c1c406abb,2,51,45,Portugal Women's,Fátima Alexandra Figueira Pinto,Tatiana Vanessa Ferreira Pinto,82.6,25.3,92.5,25.7,9.908077,9.18939011129519,0.6205421778878116,0.5048279615747135,-0.11571421631309808,1.2193575687599316,1.350593785498711,0.13123621673877928,2.128594271921681,2.5305578937904456,0.4019636218687648,2.757782777868946,5.211031806331614,1,0,1,0,2,3,0,0,1,0,0,1
3998846,f9445028-7374-499d-8299-57b35e3adbee,2,51,47,Portugal Women's,Tatiana Vanessa Ferreira Pinto,Francisca Ramos Ribeiro Nazareth Sousa,97,26.4,105.9,18.9,11.638728,1.3424808070602126,0.9431185607676164,0.5321512813338869,-0.41096727943372946,1.902333572289279,1.2080602384668608,-0.6942733338224181,3.086792181058257,2.218018555735953,-0.8687736253223037,3.6044231237897715,3.4008713948626825,0,0,3,1,4,2,0,0,1,0,0,1
3998846,1ae295b5-1b82-4e9d-953a-9af84fddada8,2,51,53,Portugal Women's,Francisca Ramos Ribeiro Nazareth Sousa,Joana Filipa Gaspar Silva Marchão,115.3,11.7,103.4,10,12.020815,-5.598812473142921,0.4848252678878098,0.10219922639971839,-0.3826260414880914,0.8339104264801851,0.38338674344651247,-0.45052368303367263,1.3612519231938869,0.9597020870995134,-0.40154983609437345,2.551428949092313,8.07578014048073,1,0,1,0,1,0,0,0,1,0,0,1
3998846,c6209b31-c8b4-4005-98f1-99426087e797,2,52,50,Italy Women's,Manuela Giugliano,Martina Lenzini,36.5,69,32.9,76.5,8.319255,-6.046067151849655,0.7537051273215685,0.11570387351797236,-0.6380012538035961,1.1620099965583708,0.420972300653629,-0.7410376959047418,1.67917725555812,0.9191489698637157,-0.7600282856944042,1.3151380704736144,7.983007114136448,1,0,1,0,1,1,1,0,0,0,0,0
3998846,cac803ac-69e1-4adc-bb37-d62e29e44219,2,53,15,Italy Women's,Cristiana Girelli,Lisa Boattin,89.1,17.4,84,13,6.735726,-6.717236254418616,0.3634159087052751,0.21671110927373435,-0.14670479943154077,0.8976500061524672,0.7300786709513161,-0.16757133520115108,1.7197778518092206,1.6203743977499014,-0.09940345405931916,3.9754413590360405,6.303463978925194,0,0,1,0,1,1,0,0,0,0,0,0
3998846,cb6298f2-6d82-4f88-b62c-f1df80bbea53,2,53,54,Portugal Women's,Joana Filipa Gaspar Silva Marchão,Fátima Alexandra Figueira Pinto,57.1,14.9,63.7,29.5,16.022484,10.452352317957128,0.13906081424213562,0.3101160682010916,0.171055253958956,0.4288589371212216,0.8670840915056797,0.4382251543844581,0.9731272823224052,1.7377415210448715,0.7646142387224663,6.490524966055275,5.74615698438687,0,0,0,0,1,2,0,0,1,0,0,1
3998846,1a353d11-160d-4831-9dda-7023659de931,2,53,57,Portugal Women's,Fátima Alexandra Figueira Pinto,Ana Borges,63.4,34,65.1,60.3,26.354885,-1.6157639876020227,0.35027257128920153,0.2103029753060109,-0.13996959598319064,0.9486712140874748,0.5334644491499023,-0.41520676493757247,1.8681598858029405,1.1066644965261188,-0.7614953892768217,5.575169093556792,5.06725632296393,0,0,0,0,2,1,0,0,1,0,0,1
3998846,ff0ce10b-da1f-4799-9c53-4fc2483ee334,2,53,58,Portugal Women's,Ana Borges,Diana Catarina Ribeiro Gomes,65.1,60.3,53,46.7,18.203571,-8.801269928134445,0.2103029753060109,0.16131450211797316,-0.04898847318803773,0.5334644491499023,0.44947987428993397,-0.08398457485996835,1.1066644965261188,0.9729587099100687,-0.13370578661605004,5.06725632296393,5.7844515761079,0,0,0,0,1,1,0,0,1,0,0,1
3998846,a8dae085-77b3-4354-84a5-0f7a1de17c77,2,54,2,Portugal Women's,Diana Catarina Ribeiro Gomes,Carole da Silva Costa,49.7,45.7,41.8,22.3,24.69757,-9.647411686349017,0.2937053076032078,0.031184082353423667,-0.2625212252497841,0.6074907074131051,0.16709658499144908,-0.440394122421656,1.0984834416282188,0.45882554143343734,-0.6396579001947814,3.9547580827845192,11.213024421369655,0,0,1,0,1,0,0,0,1,0,0,1
3998846,6448ab51-0f80-4162-81de-65f3088f0346,2,54,4,Portugal Women's,Carole da Silva Costa,Francisca Ramos Ribeiro Nazareth Sousa,41.4,20.2,63.5,27.8,23.370281,23.253373927336682,0.12314389667270739,0.856894645649714,0.7337507489770065,0.35539284874659494,1.5754263507823878,1.2200335020357929,0.7274974596837676,2.6129260272824175,1.88542856759865,6.599582590587787,2.034834627636477,0,1,0,2,1,2,0,1,1,0,0,1
3998846,07daec48-7471-416e-bcdb-807e2de71bbc,2,54,6,Portugal Women's,Francisca Ramos Ribeiro Nazareth Sousa,Andreia Alexandra Norton,62.6,28.1,65.6,40.6,12.85496,4.217250810416473,0.7411475656042097,0.4590636145985853,-0.2820839510056244,1.5569285342817123,1.2709241690647823,-0.28600436521692996,2.7419501697731827,2.47181003068381,-0.2701401390893725,2.3168883564080716,5.054322900170156,1,0,1,0,3,2,1,0,1,0,0,1
3998846,db20e390-bcb0-42e4-90f6-1e87368c31a0,2,54,11,Portugal Women's,Andreia Alexandra Norton,Joana Filipa Gaspar Silva Marchão,68.8,23.8,73.4,7,17.41838,-3.3995444116230473,0.5887048225972937,0.010956557195510983,-0.5777482654017827,1.122915522695184,0.09745754877220852,-1.0254579739229754,1.8821559700006623,0.38685535918186426,-1.495300610818798,2.8502911566695412,14.450932155390722,1,0,1,0,2,0,0,0,1,0,0,1
3998846,dab3b3f1-6100-4da6-83b5-0eafd88d5b48,2,54,20,Italy Women's,Martina Lenzini,Sofia Cantore,19.5,65.6,51.1,65.8,31.600634,30.137183554114472,0.7462300560002378,0.983592914311254,0.2373628583110161,1.1732413557676336,1.334401926292863,0.16116057052522947,1.7089938842197183,1.81763397773338,0.10864009351366177,1.518899356760628,0.5003897815500976,1,1,1,1,2,2,1,1,1,0,0,1
3998846,497cf199-d598-415a-a06c-f42a1974c57c,2,54,25,Portugal Women's,Joana Filipa Gaspar Silva Marchão,Ana Ines Palma Capeta,78.7,6.6,87.5,9.6,9.297312,8.613642599855652,0.5699694185813795,0.47206141740081825,-0.09790800118056125,1.049273585700603,1.0340236444519377,-0.0152499412486653,1.6800155749386676,1.8290492896800592,0.1490337147413916,3.371412664306737,3.4174366771160622,0,0,2,1,2,2,0,1,0,0,0,0
3998846,d1744d78-cb64-494f-be42-1086e7feb216,2,54,27,Portugal Women's,Ana Ines Palma Capeta,Francisca Ramos Ribeiro Nazareth Sousa,84.5,6,84.7,15.1,9.102198,5.956986333687809,1.112200637267432,1.0907541828611296,-0.02144645440630244,1.7352078513165008,1.7764026420903658,0.04119479077386501,2.4738866010424307,2.6676723876786346,0.19378578663620383,1.530313534995262,0.8369520827338942,1,1,2,1,3,4,1,1,0,0,0,0
3998846,ac124651-c70a-4c4a-8351-c9269169c071,2,56,36,Italy Women's,Manuela Giugliano,Lisa Boattin,77.7,4.9,70.9,0.4,8.15414,-8.112724010763444,0.8799030731593656,0.20853914888653147,-0.6713639242728341,1.3432538176489066,0.6140289063147558,-0.7292249113341508,1.9546555660860794,1.2302518257546475,-0.7244037403314318,1.2235544763612844,6.204252163977098,1,0,1,0,2,1,1,0,0,0,0,0
3998846,4eb72a53-db65-4ae5-8aef-7e9edef27733,2,56,41,Portugal Women's,Fátima Alexandra Figueira Pinto,Ana Ines Palma Capeta,33.3,70.8,54.7,67.8,21.609257,21.03698260108864,0.32716298742647454,0.6980102838705631,0.37084729644408854,0.8966179853071798,1.3558372700634325,0.4592192847562526,1.7354796728864739,2.300669678881421,0.5651900059949471,5.424691876831046,2.0851095457732627,0,1,0,1,2,3,0,0,1,0,0,1
3998846,30fc1b25-7668-425e-9deb-e3e102c1847d,2,56,55,Portugal Women's,Francisca Ramos Ribeiro Nazareth Sousa,Carole da Silva Costa,41.8,51,41.4,20,31.00258,-2.134756118119327,0.672808745112803,0.11251693253078172,-0.5602918125820212,1.3834795352659024,0.4280766684036582,-0.9554028668622442,2.258756157040701,1.0195470610185164,-1.2392090960221844,3.007191367291488,7.8945766558713215,0,0,1,0,3,1,0,0,0,0,0,0
3998846,ce87baf5-7b26-4419-ad05-58a4fd7090b9,2,56,59,Portugal Women's,Carole da Silva Costa,Ana Ines Palma Capeta,53.5,20,70.7,18.7,17.249058,15.737860002960083,0.6440399311116726,0.2960406886927397,-0.3479992424189329,1.0810743547997528,0.6652710572300484,-0.41580329756970436,1.6444843490490961,1.2404311913256012,-0.4040531577234949,3.424545045176288,4.14902253842177,0,0,2,1,2,1,0,0,0,0,0,0
3998846,589f770f-bffc-4c69-b685-6ff7adcd29ec,2,57,18,Italy Women's,Sofia Cantore,Elena Linari,97.6,56.7,67,36.8,36.501644,-25.15640136232633,1.3407103388214243,0.007503534625372914,-1.3332068041960514,2.2855056304385615,0.07189459015189509,-2.213611040286666,3.527940226433702,0.32338701295758865,-3.2045532134761134,1.034765311022585,14.931685095777604,1,0,2,0,3,0,1,0,1,0,0,1
3998846,ff3cf723-d5ef-4cc9-ace4-dac57c45a668,2,57,26,Italy Women's,Elena Linari,Lisa Boattin,63.7,34.8,71.1,10.6,25.306126,-0.5179703556330253,0.2612761104795848,0.14839049698821682,-0.112885613491368,0.4989538182492241,0.37094944580580336,-0.12800437244342072,0.8935528533735233,0.7538896612550636,-0.13966319211845968,4.0613088425939585,5.819214952702084,0,0,1,0,1,1,0,0,0,0,0,0
3998846,1e4f559f-3fdc-4db7-af82-0a302c899c27,2,58,30,Italy Women's,Arianna Caruso,Cristiana Girelli,90.2,10.4,98.9,11.7,8.79659,6.702239242122161,1.208830753737139,1.0964795005731487,-0.1123512531639903,2.0573380920242577,1.931676434262137,-0.12566165776212057,3.0701152205671516,3.011847303220022,-0.05826791734712966,2.0887945112252417,1.2437873604254224,2,1,2,1,4,4,1,1,0,0,0,0
3998846,db5322d3-6197-4ff6-ae40-025956488054,2,58,33,Italy Women's,Giada Greggi,Lisa Boattin,92.1,6.4,99.1,2.1,8.21523,0.3927356714433756,0.5496267467998402,0.30727945356854525,-0.242347293231295,1.2535236339039477,0.759838065779711,-0.4936855681242367,2.2136649630205754,1.4678793228173437,-0.7457856402032317,4.648450464707428,4.702962205131745,0,0,1,1,3,1,0,1,0,0,0,0
3998846,83063ac9-c9dd-49cf-a632-a0c464245097,2,58,34,Italy Women's,Lisa Boattin,Giada Greggi,99.3,1.7,111.4,5.1,12.568612,7.591977948615998,0.5121153828180206,0.7064033582130138,0.1942879753949932,0.9326095366128913,1.1476481893632529,0.2150386527503616,1.5894976519865547,1.7607992339833076,0.17130158199675294,2.4764566000269745,1.9117047945832022,1,1,1,1,1,2,1,1,0,0,0,0
3998846,95b03d01-577f-45b7-becc-6c44f07a5c5f,2,58,46,Italy Women's,Giada Greggi,Lisa Boattin,99.3,2.5,110.2,2.1,10.907337,3.6873454659863185,0.3958581414617452,0.5292245798784755,0.1333664384167303,0.7259330428988524,0.917794202130678,0.19186115923182556,1.2911044897351411,1.5291034993306558,0.23799900959551468,2.9713715492821624,2.2819228348116005,1,1,1,1,1,1,0,1,0,1,1,1
3998846,7a948077-2ac6-41d1-bacb-b2d3def6bc5f,2,58,48,Italy Women's,Lisa Boattin,Emma Severini,111.9,3,111.6,35.8,32.801373,28.484760348597877,0.9045586786405038,1.072223492916299,0.16766481427579527,1.3397849723664237,1.9641918363898743,0.6244068640234506,1.957351582233069,2.9839499350911938,1.0265983528581248,1.1567365577009603,1.7794050434925113,1,1,2,1,2,4,1,1,0,1,1,1
3998846,2b551345-12d0-43e4-8337-6ea68f6dc749,2,59,14,Portugal Women's,Joana Filipa Gaspar Silva Marchão,Carole da Silva Costa,16.3,5.3,8,23,19.549425,-3.931197238374068,0.03254526698905618,0.1952095561677201,0.1626642891786639,0.15992864005771384,0.4213614106137389,0.26143277055602504,0.40850727549351407,0.7637511254919597,0.3552438499984456,10.881817733249207,4.961238312758094,0,0,0,1,0,1,0,0,1,0,1,1
3998846,d77013a4-4dec-46d0-a8ed-302b3599f333,2,60,17,Italy Women's,Arianna Caruso,Emma Severini,99.6,56.7,111.4,70.5,18.157093,-5.325471692939075,0.9227065480510857,0.11039744357409746,-0.8123091044769882,1.8005306281677596,0.38992874175352854,-1.4106018864142311,2.9605795633215695,0.923990518411097,-2.0365890449104724,3.138446755796237,7.907407847935083,0,0,2,0,3,1,0,0,0,0,0,0
3998846,4b362d93-ae0d-41b6-a2dd-04c6c9bff925,2,61,34,Italy Women's,Martina Lenzini,Giada Greggi,63.4,75.2,65.6,74.6,2.280351,2.1817531105134833,1.388405558051556,1.0126161908438713,-0.37578936720768463,1.920829885857521,1.701436059397066,-0.2193938264604549,2.457599542605419,2.3696284383729287,-0.08797110423249022,1.143768996362603,2.6937305756223884,2,1,2,2,3,4,1,1,0,0,0,0
3998846,37ed2f4c-2e34-4f16-bf04-9f06ff3c5aa2,2,61,35,Italy Women's,Giada Greggi,Michela Cambiaghi,65.8,74.5,75.5,67.7,11.846096,11.831675592490868,1.0126163318007255,0.7013134327898763,-0.3113028990108492,1.7014363219714574,1.45861444446971,-0.24282187750174744,2.369628716182559,2.50114115094297,0.13151243476041108,2.6937349633715324,3.5542526807877484,1,0,2,2,4,2,1,1,0,0,0,0
3998846,b9c0eb01-4ec0-4094-89f1-6ed90c982f31,2,62,1,Portugal Women's,Francisca Ramos Ribeiro Nazareth Sousa,Joana Filipa Gaspar Silva Marchão,58.3,9,53.1,4.7,6.747592,-6.592010109070827,0.9342622393854882,0.12806085532463385,-0.8062013840608544,1.503852783476226,0.4956543175086955,-1.0081984659675305,2.3569018502795966,1.1678327533126187,-1.189069096966978,0.877396798863651,7.521794521379298,1,0,1,0,2,1,1,0,1,0,0,1
3998846,ede58bd4-5994-4c15-b43f-d20c62b0e509,2,62,1,Portugal Women's,Joana Filipa Gaspar Silva Marchão,Andreia Alexandra Norton,53.1,4.7,61.7,36.3,32.74935,17.224627634376745,0.12806085532463385,0.1419631334100667,0.013902278085432845,0.4956543175086955,0.4822086123063057,-0.013445705202389802,1.1678327533126187,1.2292460146542392,0.061413261341620506,7.521794521379298,6.327678334174513,0,0,0,0,1,1,0,0,1,0,0,1
3998846,69c9fab9-c50a-4aae-92ab-dd896dd99958,2,62,6,Portugal Women's,Andreia Alexandra Norton,Ana Borges,68.5,49.3,71.1,61.6,12.571794,-1.1251420469562703,0.8673583404040218,0.23660802251308496,-0.6307503178909368,1.1514023180327804,0.5527373972233754,-0.5986649208094049,1.7053418897294235,1.0446592175444127,-0.6606826721850108,0.6481055298561686,4.929260395560759,1,0,1,1,1,1,1,0,0,0,0,0
3998846,b1b1bb07-ecdc-4ecb-954f-b252770475d8,2,62,45,Italy Women's,Cristiana Girelli,Michela Cambiaghi,56.6,21.2,69,25.9,13.260844,13.215431609874294,0.7132183297359674,0.7511554850157505,0.03793715527978303,1.217537378822175,1.30449345752583,0.08695607870365496,1.7739753420968738,2.077301379043381,0.30332603694650717,2.288940239444961,1.535557547045528,1,1,2,1,2,2,0,1,1,0,0,1
3998846,0738dbf2-9023-49ef-ab35-380b998cfd67,2,65,26,Italy Women's,Cecilia Salvai,Laura Giuliani,9.3,60.5,5.9,36.8,23.94264,-1.5627163126980577,0.003460879030793149,0.005051704058134245,0.0015908250273410965,0.051402321188991254,0.05118162620550014,-0.00022069498349111538,0.24738523331311707,0.2145803877809267,-0.032804845532190374,19.389617368571823,16.078189904801782,0,0,0,0,0,0,0,0,1,0,0,1
3998846,cd57f05d-c045-4673-9192-2cb5aeef3d75,2,65,31,Italy Women's,Laura Giuliani,Cristiana Girelli,13.1,36.1,54.1,31.6,41.246212,40.53791806566858,0.1926028349738934,1.0003458549323516,0.8077430199584582,0.42248264465936747,1.5184949650620454,1.096012320402678,0.7598939604377358,2.2295324075492595,1.4696384471115236,5.020639465643557,0.8904870381578069,0,1,0,2,1,2,1,0,0,0,0,0
3998846,c6405c1b-303f-4135-ade0-348dc8965084,2,65,34,Italy Women's,Cristiana Girelli,Michela Cambiaghi,54.1,31.6,63.9,29.7,9.982485,9.395492705285378,1.0003458549323516,1.002112481594345,0.0017666266619933424,1.5184949650620454,1.724586485030419,0.2060915199683735,2.2295324075492595,2.6819602247331273,0.4524278171838678,0.8904870381578069,1.562795126919023,1,1,2,2,2,2,1,1,0,0,0,0
3998846,9762718d-9a04-49de-ae86-188f3f9292b6,2,66,34,Portugal Women's,Francisca Ramos Ribeiro Nazareth Sousa,Jéssica da Silva,48.4,49.7,91.9,28.7,48.303726,41.96710473876873,1.16330321610706,0.30133431516729764,-0.8619689009397624,1.9005911036101135,0.549797168620542,-1.3507939349895715,2.8389941575907924,0.912572371311416,-1.9264217862793764,2.3058883314032332,3.656952500582043,1,0,3,1,3,1,1,0,0,0,0,0
3998846,f8d8f974-6266-455b-83b1-d563d5d05f33,2,67,50,Portugal Women's,Jéssica da Silva,Francisca Ramos Ribeiro Nazareth Sousa,54.7,24.4,56.9,18.9,5.9236813,0.6031933529854854,1.1660374349930982,0.6937360543812217,-0.47230138061187654,1.8036753131963312,1.2982667489231907,-0.5054085642731405,2.698744446309192,2.100052003286496,-0.5986924430226956,0.9377052746232741,2.347174647347895,1,1,2,1,2,2,1,0,1,0,0,1
3998846,d34b9eb7-bb93-41ed-b68d-0db4d8837878,2,68,17,Portugal Women's,Tatiana Vanessa Ferreira Pinto,Diana Catarina Ribeiro Gomes,78.1,13,57.1,36.4,31.441374,-13.157074023450406,0.6046990488108995,0.00835236600054979,-0.5963466828103497,1.159463343961081,0.08084595924651486,-1.0786173847145661,2.04292735748548,0.33556723748802786,-1.7073601199974522,2.1849552716569733,14.977044848140862,1,0,1,0,1,0,0,0,1,0,0,1
3998846,0e8155c9-1c58-4f0d-abce-84b7118b4e2e,2,68,22,Portugal Women's,Diana Catarina Ribeiro Gomes,Carole da Silva Costa,62.2,39.8,63,23,16.819036,-1.680743412126688,0.07886665586766622,0.04748720731014186,-0.031379448557524364,0.2671911167054196,0.2314441585682585,-0.03574695813716111,0.6665840001806587,0.6475775987324369,-0.019006401448221744,7.75454428678346,9.97517565806947,0,0,0,0,1,0,0,0,1,0,0,1
3998846,cfd6fbd4-8048-4c0b-837f-99d1360e0402,2,68,24,Portugal Women's,Carole da Silva Costa,Diana Catarina Ribeiro Gomes,62.2,25.1,48.2,48.2,27.011293,-12.577114330340812,0.3210051566446569,0.14520184304845665,-0.17580331359620024,0.6324246903103008,0.3744019471770552,-0.2580227431332456,1.094885610675803,0.7210204933459342,-0.3738651173298687,3.6845685836784616,6.016236733145122,0,0,1,0,1,1,0,0,1,0,0,1
3998846,d541cfc5-73d0-4d97-9868-0af5557c6ed3,2,68,26,Portugal Women's,Diana Catarina Ribeiro Gomes,Ana Borges,48,48.2,65.1,71.4,28.821,9.220124006584868,0.1452018788868556,0.017916734206854506,-0.1272851446800011,0.3744020003679439,0.12691863523577687,-0.24748336513216704,0.7210205550472001,0.446163193031081,-0.2748573620161191,6.016235972029793,12.621990482067437,0,0,0,0,1,0,0,0,1,0,0,1
3998846,02b929d9-991c-4082-a68f-ec8a5f575386,2,68,36,Italy Women's,Martina Lenzini,Lucia Di Guglielmo,10.6,45.7,22.3,64.8,22.39866,8.749928843923229,0.23024356302804555,0.08440926800201586,-0.14583429502602968,0.594892385690956,0.2411124706861876,-0.35377991500476846,1.1110275779387537,0.4880696228470529,-0.6229579550917008,5.213368356284839,7.438696635838038,0,0,0,0,1,1,0,0,1,0,0,1
3998846,c57425d2-6ce2-46bf-84ff-89009b406485,2,68,43,Portugal Women's,Jéssica da Silva,Diana Micaela Abreu de Sousa e Silva,102.9,8.3,104.6,17.5,9.355747,8.752505005763457,0.7951708218991422,0.7282803650590448,-0.06689045684009742,1.0135584784238059,1.2919584888983784,0.2784000104745725,1.3968785110114141,2.018231281597899,0.6213527705864847,0.8053338443038078,2.110054381251499,1,1,1,1,1,3,1,0,1,0,0,1
3998846,8a994289-8c1f-4904-b9a7-d2e5a80d24c8,2,68,45,Portugal Women's,Diana Micaela Abreu de Sousa e Silva,Jéssica da Silva,102.9,16.4,99.8,8.3,8.672946,-8.445008084901332,1.3815499627618113,0.0840848670270984,-1.297465095734713,1.9876458625266145,0.3591859134578191,-1.6284599490687954,2.6583793455927553,0.8975259375781013,-1.760853408014654,0.8655231413566216,9.13149146310304,1,0,3,0,3,0,1,0,1,0,0,1
3998846,6c974ecc-5da4-43e4-9dfb-abf70468e8c0,2,68,49,Portugal Women's,Jéssica da Silva,Fátima Alexandra Figueira Pinto,99.3,6.8,84.3,9.6,15.259095,-7.765219615699387,0.16516034499713048,0.027747470329382733,-0.13741287466774774,0.43582569656185566,0.18685077991691104,-0.24897491664494462,0.922664757494673,0.6367618283586369,-0.2859029291360361,5.713342332065052,11.928805578506509,0,0,0,0,1,0,0,0,1,0,0,1
3998846,6f43abe3-f34f-49ff-88ac-b1fe67b9272f,2,68,51,Portugal Women's,Fátima Alexandra Figueira Pinto,Catarina Amado,83.2,8.7,89.2,4.7,7.2111025,1.4628193200183688,0.06085520123005182,0.04932934507767441,-0.01152585615237741,0.2614186400322692,0.22330108831314724,-0.038117551719121984,0.7373427550642828,0.6441527204547239,-0.09319003460955888,8.798952777243116,9.375182240747183,0,0,0,0,0,0,0,0,1,0,0,1
3998846,63d267c0-ecf1-4f26-b341-8b1faeef5fe1,2,68,56,Portugal Women's,Catarina Amado,Jéssica da Silva,100.4,7.5,100,24.2,16.70479,12.464697352613427,1.0757243604265336,0.9135882934354416,-0.16213606699109206,1.7010966639777998,1.7879008054350227,0.08680414145722293,2.448204525049076,2.934315436722925,0.48611091167384934,1.602378021677126,2.573857364716702,1,1,2,2,3,3,0,0,1,0,0,1
3998846,b8e09639-ece7-468b-842f-1701a71446dc,2,69,2,Portugal Women's,Tatiana Vanessa Ferreira Pinto,Andreia Alexandra Norton,87.4,12.8,82.3,26.6,14.71224,2.446413518874813,0.28648548361881315,0.20227505890742914,-0.08421042471138401,0.7332263231323987,0.6557843616758641,-0.07744196145653459,1.4941774922483806,1.5356781966137398,0.04150070436535924,4.52681428516649,6.4637390759687525,0,0,1,0,1,1,0,0,1,0,0,1
3998846,80befba2-fb48-4336-abff-f7aabfb7bc59,2,69,5,Portugal Women's,Andreia Alexandra Norton,Ana Borges,84,30.8,77,56.7,26.829275,-8.972093733126556,0.5593707321110671,0.07442787234573632,-0.4849428597653308,1.1167920094299395,0.3136007108688627,-0.8031912985610767,2.015381029373805,0.8408235449708277,-1.1745574844029771,3.3821261781970544,8.57502280539984,0,0,2,0,2,0,0,0,1,0,0,1
3998846,8bc0d4dc-a66c-4626-9823-6065f31ecc7f,2,69,7,Portugal Women's,Ana Borges,Andreia Alexandra Norton,77,56.7,82.3,48.7,9.596354,7.438232301100612,0.17728870568277497,0.3870035555408363,0.20971484985806135,0.4852009108980365,0.9506392160005441,0.4654383051025076,1.030650780737774,1.7979786544231886,0.7673278736854146,5.642945524027081,4.5184763966113195,0,0,0,1,1,2,0,0,1,0,0,1
3998846,376794b8-455a-4484-bce1-6a88d83c0f77,2,69,9,Portugal Women's,Andreia Alexandra Norton,Francisca Ramos Ribeiro Nazareth Sousa,82.8,46.5,94.7,46.7,11.901681,11.591484245808605,0.7740578947717905,0.9688908326467544,0.1948329378749638,1.4175166620652562,1.9571828122903154,0.5396661502250593,2.5095099014365534,3.183177714084701,0.6736678126481475,1.4040561597831305,2.4603580628899495,1,1,1,1,1,4,0,0,0,0,0,0
3998846,5163c903-1275-4476-9eaf-fc8f2b2c6a0e,2,69,11,Portugal Women's,Francisca Ramos Ribeiro Nazareth Sousa,Ana Borges,98.3,53.3,111.5,59.9,14.758049,3.812206477253863,1.19230415868297,0.26132347484878465,-0.9309806838341852,2.15116832175183,0.7547411215608688,-1.396427200190961,3.3595123849108655,1.6116903099278768,-1.7478220749829887,1.454873322102672,5.323944354541163,1,0,2,0,5,1,1,0,0,0,0,0
3998846,8ff1a196-28ef-4800-8ec1-a21433c47629,2,69,22,Italy Women's,Arianna Caruso,Michela Cambiaghi,58.3,67.3,73.2,58.4,17.35569,17.18266981271934,0.28219085756738294,1.2502745757273737,0.9680837181599907,0.7005686356356552,1.7667468750637019,1.0661782394280466,1.245095057707031,2.4354912910706057,1.1903962333635747,5.234629519657207,0.6624013993662371,0,2,0,2,2,2,0,1,1,0,0,1
3998846,af0b819f-7447-4c6e-bfcc-a10a6d01296c,2,69,26,Italy Women's,Michela Cambiaghi,Giada Greggi,65.3,51.2,65.6,32.3,18.90238,0.8926033501172626,0.1088146105852899,0.12607016825979928,0.01725555767450937,0.5418666655065777,0.43267719552597644,-0.10918946998060125,1.4010627620930365,1.0077155409117706,-0.39334722118126586,10.783195191550629,7.221437918755351,0,0,0,0,0,1,0,0,1,0,1,1
3998846,cccb5883-b54c-44c6-b616-54d4a46995b1,2,69,29,Italy Women's,Giada Greggi,Cristiana Girelli,67.9,30.2,94.5,18.7,28.979475,19.78808493493269,0.8213040760392235,0.0559483323256169,-0.7653557437136066,1.1964079184066256,0.22407442513281706,-0.9723334932738086,1.8049496161480845,0.6233877399870097,-1.1815618761610747,1.1515055797262386,8.81122441746267,1,0,1,0,2,0,1,0,1,1,1,1
3998846,f684ff05-061a-450e-8f28-efd2572e8e0c,2,71,15,Portugal Women's,Carole da Silva Costa,Diana Catarina Ribeiro Gomes,51.7,29.6,48.2,53.4,24.055977,-3.95245156417009,0.11183337293409086,0.03159373153611571,-0.08023964139797515,0.3595839324368649,0.16970441370282605,-0.18987951873403883,0.8640567673619732,0.5299637841976563,-0.3340929831643169,6.883058168090757,10.837326402815977,0,0,0,0,1,0,0,0,1,0,0,1
3998846,4331f4f3-74bb-4ded-b1c9-77a306cc5a05,2,71,53,Italy Women's,Cecilia Salvai,Michela Cambiaghi,10.2,48.3,45.6,55.1,36.04719,34.196397451646774,0.16619533719141905,1.2621273274539844,1.0959319902625653,0.4258876668118808,1.701547487693201,1.2756598208813203,0.8413892984547117,2.2981701674653854,1.4567808690106738,5.627832404272373,0.5101988522304379,0,2,0,2,1,2,0,1,1,0,0,1
3998846,add86afb-24dc-4c43-90d6-b0de23b1ac4c,2,72,9,Portugal Women's,Catarina Amado,Diana Catarina Ribeiro Gomes,64.7,6.9,47.8,15.9,19.147062,-11.666825044147174,0.15175765412688505,0.05958404246934276,-0.09217361165754229,0.4637368093268535,0.19205840589870082,-0.2716784034281527,0.9685247583399346,0.39773479275469775,-0.5707899655852369,6.446832664279719,8.479407652988689,0,0,0,0,1,0,0,0,1,0,0,1
3998846,e588564a-eee3-45d8-8eba-31b7d545def5,2,72,12,Portugal Women's,Diana Catarina Ribeiro Gomes,Carole da Silva Costa,44.8,16.4,46.4,47.3,30.941397,4.8551035364960455,0.17021647810942084,0.021760852781318018,-0.14845562532810283,0.363475879215322,0.11728009559941484,-0.24619578361590716,0.5987798541457898,0.32132032287351464,-0.2774595312722752,5.337252600258226,11.717172150730443,0,0,0,0,1,0,0,0,1,0,0,1
3998846,2778c223-8c07-4a4d-8ebb-769659bd027c,2,72,14,Portugal Women's,Carole da Silva Costa,Ana Borges,47.4,48.2,59.3,61.1,17.550499,8.798875903246156,0.08217808574584219,0.2486968840733573,0.1665187983275151,0.26757987836381636,0.5396150260624899,0.27203514769867354,0.60102849823744,1.0165667583513176,0.4155382601138776,7.679428567245086,4.362492186549186,0,0,0,1,1,1,0,0,0,0,0,0
3998846,7a9c0ed8-1ca1-4d72-bb32-612fde082b3c,2,72,22,Italy Women's,Arianna Caruso,Giada Greggi,49.2,30.2,50.7,23.8,6.5734315,0.30670900061093676,0.8804611954636018,0.963446947331898,0.08298575186829615,1.576278528158388,1.733921949095308,0.15764342093691996,2.4531806714278086,2.7109184866356206,0.257737815207812,1.6041832622566026,1.469866489070436,1,1,1,1,2,4,1,1,1,0,0,1
3998846,18ab1ba2-437d-48c4-a20e-b84d435c4d81,2,72,23,Italy Women's,Giada Greggi,Cristiana Girelli,50.7,26.3,57.1,24.2,6.735726,5.7871391548724915,1.0088432969218566,0.597414555784002,-0.41142874113785455,1.7615914998083113,1.4053266142319467,-0.3562648855763646,2.7556856410131645,2.5387146251166777,-0.21697101589648682,2.011779047226004,3.690129840553327,1,0,2,1,2,3,1,0,1,0,0,1
3998846,8715e0c1-b6bb-48b1-8234-e1cce4732176,2,72,24,Italy Women's,Cristiana Girelli,Lisa Boattin,56.3,22.7,45.6,7.1,18.916924,-15.342253494681131,1.0393514934595123,0.025983657811941004,-1.0133678356475713,1.861390753906622,0.18375800039208554,-1.6776327535145363,2.951253881238688,0.6503323382588663,-2.3009215429798218,1.6501424940191571,12.26868826410403,1,0,1,0,3,0,1,0,1,0,0,1
3998846,d749d615-4bcf-48b6-9e8f-2ea34c7a0b6d,2,72,26,Italy Women's,Lisa Boattin,Arianna Caruso,46.2,6.5,48.5,18.6,12.316655,6.4136157246020105,0.15071024183437268,0.2813823007967177,0.13067205896234504,0.4326531618555735,0.7956579572976635,0.36300479544209,0.982376878683489,1.685424414222094,0.703047535538605,6.011669888658871,4.681948081067271,0,0,0,1,1,1,0,0,1,0,0,1
3998846,82cbd2a2-9e8f-4f39-967c-043ffbf67c41,2,72,28,Italy Women's,Arianna Caruso,Lisa Boattin,48.5,18.1,42.6,5,14.367324,-10.166889375522857,0.4653603027401977,0.15740569098968138,-0.3079546117505163,0.9211381527377808,0.4944191874134621,-0.4267189653243187,1.7077975791870577,1.0904898549628317,-0.617307724224226,2.677454777595716,6.495960317992096,1,0,1,0,1,1,1,0,1,0,0,1
3998846,ab5624b7-610b-460a-80cb-37618d7204b8,2,72,30,Italy Women's,Lisa Boattin,Arianna Caruso,42.2,6.4,43.1,11.2,4.883646,2.6294249758092434,0.5737594885320983,1.0368062161426066,0.46304672761050825,1.0029687483497833,1.4106471341736604,0.40767838582387705,1.6089695325574167,2.0407368576965137,0.431767325139097,2.3350419882331983,0.36626833045433094,1,1,1,1,2,2,1,1,1,0,0,1
3998846,d34d4512-7ade-4c2f-8de0-c6770ef825db,2,72,30,Italy Women's,Arianna Caruso,Lisa Boattin,42.5,11.6,47.4,5.2,8.060397,2.0301212470092906,1.0368057842899858,0.5476592933977,-0.4891464908922858,1.4106468948417101,1.0730598531815427,-0.3375870416601674,2.0407367104988343,1.8048078632796305,-0.23592884721920382,0.36626994986552536,2.8965087927787114,1,1,1,1,2,2,1,0,1,0,0,1
3998846,01511bfe-a752-403a-ae0d-2d8e1c3db89e,2,72,35,Italy Women's,Lisa Boattin,Emma Severini,63.7,22.4,57.6,37.2,16.00781,-3.4759259784674583,1.2115167323922569,0.14424989231712962,-1.0672668400751273,1.9535910002540928,0.5273662426333242,-1.4262247576207687,2.898221309819821,1.2706860357152578,-1.627535274104563,1.2505779153360834,6.968222716152069,2,0,2,0,2,1,1,0,1,0,0,1
3998846,53722efc-f43d-4035-9801-860e422690fd,2,72,37,Italy Women's,Emma Severini,Martina Lenzini,62.8,38.8,57.8,70.7,32.28947,-12.151165312406192,0.3423107308455682,0.0738187585099997,-0.2684919723355685,0.9498194341632984,0.23657900096852763,-0.7132404331947708,1.9661548372185647,0.571834395426198,-1.3943204417923667,5.191165761822427,7.870158248054754,0,0,0,0,2,1,0,0,1,0,0,1
3998846,01479f45-58a2-473a-ace2-c5d044342e55,2,73,35,Portugal Women's,Fátima Alexandra Figueira Pinto,Andreia Alexandra Norton,89.6,75.1,95.3,64.9,11.684606,11.361796164087536,0.2708928870423528,0.7558610064409573,0.4849681193986045,0.6235352982491554,1.3937999393652594,0.7702646411161039,1.1842666765522851,2.2880815587633663,1.1038148822110811,4.403610897912849,1.678857806911329,0,1,1,1,1,2,0,1,0,0,0,0
3998846,9b2a58fc-0a52-484b-8cf9-d511f1e3c741,2,73,41,Italy Women's,Elena Linari,Arianna Caruso,24.6,21.4,27.1,14.3,7.5272837,0.8069814652242258,0.7022206790350036,0.6555067230546191,-0.046713955980384525,1.3779185323388023,1.3035889274619141,-0.07432960487688822,2.2585290752766567,2.2075716264962906,-0.05095744878036612,3.2867266793943113,2.5112671277818994,0,1,2,1,3,2,0,0,1,0,0,1
3998846,91eb328a-c2d4-4ddc-ad24-22f5f470013f,2,73,44,Italy Women's,Arianna Caruso,Giada Greggi,28,13.9,26.9,4.4,9.563472,-4.043728321784954,0.9609051404104211,0.6982467691698991,-0.26265837124052194,1.6168832969673228,1.2855956090874305,-0.33128768787989227,2.4709559735574342,2.078514654510871,-0.3924413190465632,1.1607600618906802,2.0615296763871154,1,1,1,1,4,2,0,0,1,0,0,1
3998846,b35421d1-adb8-4b3d-a837-35662d66b564,2,73,45,Italy Women's,Giada Greggi,Arianna Caruso,26.9,4.4,23.6,9.1,5.7428217,-1.5569502109194673,0.6982467691698991,0.4565682279152186,-0.24167854125468052,1.2855956090874305,1.0309458465723629,-0.25464976251506766,2.078514654510871,1.8526481052316746,-0.22586654927919647,2.0615296763871154,3.493926356076847,1,0,1,1,2,2,0,0,1,0,0,1
3998846,3bd8e630-e2ff-4828-8a0b-966a9f39a741,2,73,45,Italy Women's,Arianna Caruso,Giada Greggi,23.6,9.5,26.9,3.1,7.2006946,0.963897283433127,0.45656824512342825,0.30620653377462836,-0.1503617113487999,1.0309458751650495,0.7722097090417301,-0.2587361661233194,1.852648142423895,1.4969215718824702,-0.35572657054142476,3.4939262885345417,4.464631241844799,0,0,1,1,2,1,0,0,1,0,0,1
3998846,20ef1b2f-0015-4fe6-8e6a-653c6b489230,2,73,46,Italy Women's,Giada Greggi,Arianna Caruso,26.9,3.1,22.8,6.1,5.080354,-2.7959805168982683,0.30620653377462836,0.15040821249922515,-0.15579832127540322,0.7722097090417301,0.5363429606107346,-0.23586674843099553,1.4969215718824702,1.2325699884219667,-0.26435158346050347,4.464631241844799,6.907847958342348,0,0,1,0,1,1,0,0,0,0,0,0
3998846,ad49678a-d766-43ab-bbd8-2e4f5f5fdf2a,2,73,47,Italy Women's,Arianna Caruso,Giada Greggi,22.8,6.1,28.6,3.5,6.3560996,4.523428946069302,0.15040821249922515,0.45278400650909023,0.3023757940098651,0.5363429606107346,0.865931957944489,0.32958899733375435,1.2325699884219667,1.5121320702179095,0.2795620817959428,6.907847958342348,2.774906174727978,0,1,0,1,1,1,0,0,0,0,0,0
3998846,1843edbf-0336-43e5-8630-2e6b6bcb4f7e,2,73,47,Italy Women's,Giada Greggi,Arianna Caruso,28.6,3.5,22.8,3.3,5.8034472,-5.479145060522555,0.45278400650909023,0.3337492767090703,-0.11903472980001994,0.865931957944489,0.7727037033119312,-0.0932282546325578,1.5121320702179095,1.4424137574790474,-0.06971831273886209,2.774906174727978,4.150149564518925,1,0,1,1,1,1,0,0,0,0,0,0
3998846,b362c95c-ed6f-4ecb-a895-9c4ad2231248,2,73,48,Italy Women's,Arianna Caruso,Giada Greggi,22.7,3.3,29.3,0.8,7.05762,5.182697370448778,0.3291032459998463,0.3085373274746024,-0.02056591852524392,0.7744745356866477,0.7533696030193391,-0.021104932667308618,1.446721754676701,1.4345291722148903,-0.012192582461810764,4.324392440670612,4.36954441413883,0,0,1,1,2,1,0,0,0,0,0,0
3998846,81a511bb-dbde-40fe-9057-710c7e05cf71,2,73,51,Italy Women's,Giada Greggi,Cristiana Girelli,31.8,1.3,44.9,2,13.118689,12.150259904787646,1.0150711941937898,0.7440078107107226,-0.27106338348306713,1.6105372028582716,1.170437225285123,-0.44009997757314867,2.3029661064587104,1.8827713027633532,-0.4201948036953571,2.2484075016073777,1.2622762295983292,2,1,2,1,2,1,0,1,0,0,0,0
3998846,ff0cd761-a757-4e6c-b15d-a2655bbb0638,2,74,36,Italy Women's,Cristiana Girelli,Michela Cambiaghi,80.6,9.5,91,9.1,10.407689,7.448798053567778,0.2515707825933017,1.0428369367417956,0.7912661541484939,0.7513220507613277,1.5031533497160663,0.7518312989547385,1.53546856706626,2.198797962182144,0.6633293951158841,5.814161585154805,0.4791661129468192,0,1,0,1,1,3,0,1,0,0,0,0
3998846,cfe77b9d-d99d-4cbc-964a-9a593bdc65f0,2,75,30,Portugal Women's,Catarina Amado,Francisca Ramos Ribeiro Nazareth Sousa,65.8,3.8,71,15.4,12.712199,10.348836897567963,1.1755049041531123,0.479504874989418,-0.6960000291636943,1.5562555585092108,0.9557091530496622,-0.6005464054595486,2.0089498001388564,1.6483489181295723,-0.3606008820092841,1.1525422204124907,3.168156617350197,2,0,2,1,2,2,1,0,1,0,0,1
3998846,175d7bca-8fe1-43cf-b4d4-1a863271dfa9,2,75,37,Portugal Women's,Jéssica da Silva,Francisca Ramos Ribeiro Nazareth Sousa,91.5,25.9,91.5,18.9,7,-3.663512767175064,1.0909698574074658,0.7931262581444276,-0.29784359926303816,1.8908129670061842,1.5217727864455033,-0.3690401805606809,2.9493899723867094,2.5043345348567803,-0.44505543752992915,1.2186786790288222,2.733996701473409,1,1,1,2,3,3,0,0,1,0,0,1
3998846,4ae04528-4850-4bb5-bedc-78d243eb8c00,2,75,40,Portugal Women's,Francisca Ramos Ribeiro Nazareth Sousa,Tatiana Vanessa Ferreira Pinto,91.9,18.9,88.7,30,11.552056,2.281369079511059,1.221822807398495,0.49542780871064646,-0.7263949986878484,1.8677607812434998,1.2607544583480919,-0.6070063228954079,2.733032911006648,2.3607616158759526,-0.37227129513069546,1.2022427536959748,4.44856048082504,2,0,2,1,3,3,1,0,1,0,0,1
3998846,f60eed9e-f3f2-43c4-b63e-649b32a21f69,2,75,43,Portugal Women's,Catarina Amado,Tatiana Vanessa Ferreira Pinto,85.4,5.2,82.8,14.7,9.849365,4.085304850905175,0.06815830276774446,0.28322531204479545,0.215067009277051,0.2652355323278937,0.7302778089761544,0.46504227664826064,0.7243843451433164,1.4541943032963438,0.7298099581530274,8.297184467642193,4.944329596296643,0,0,0,1,0,1,0,0,1,0,0,1
3998846,a8035017-f8fb-40d8-91ad-6a332f122e2d,2,75,44,Portugal Women's,Tatiana Vanessa Ferreira Pinto,Catarina Amado,82.8,15,86.2,3.5,11.992081,-4.92617135703928,0.2832253143787187,0.13905718806849648,-0.1441681263102222,0.7302778078979064,0.3968926612967061,-0.33338514660120033,1.454194297303793,0.9189635162178595,-0.5352307810859334,4.944329505393439,6.125157776288369,0,0,1,0,1,1,0,0,1,0,0,1
3998846,786e5912-999a-481b-8687-c799d0135df6,2,75,48,Portugal Women's,Catarina Amado,Francisca Ramos Ribeiro Nazareth Sousa,88.4,5.1,91.9,23.3,18.533484,14.39254478199193,0.3253242591251504,0.7833642556039369,0.45803999647878646,0.6886597018576213,1.3776358233547077,0.6889761214970864,1.2746646086946294,2.412103202420934,1.1374385937263045,3.7856817196967643,1.2498055715106577,0,1,1,1,1,1,0,1,1,0,0,1
3998846,e7ba9e8c-d650-4102-8d69-d8c419ba8ecb,2,75,51,Portugal Women's,Francisca Ramos Ribeiro Nazareth Sousa,Andreia de Jesus Jacinto,90.1,29.7,84.1,38.7,10.816654,-4.299172192384727,1.1118549002830387,0.2516107596363997,-0.860244140646639,1.817348612295154,0.7607330726642227,-1.0566155396309314,2.8834423768144455,1.7366858296295182,-1.1467565471849273,1.3080491162913979,5.04641993211713,2,0,2,0,2,1,1,0,1,0,0,1
3998846,d7a98155-6a2b-44ff-89f5-1e14f197def2,2,75,53,Portugal Women's,Andreia de Jesus Jacinto,Diana Micaela Abreu de Sousa e Silva,85.7,41.2,98.2,52.1,16.584932,9.388074855774107,0.6676483715461012,0.555265410331793,-0.11238296121430824,1.2011495965413432,1.2958760267644758,0.09472643022313254,2.1872316576628066,2.339810150694517,0.15257849303171023,1.6420852605121323,4.490356203431245,1,0,1,2,1,2,1,0,1,0,0,1
3998846,ca64a7f7-59d8-49b6-a84e-a8592a3487aa,2,75,56,Portugal Women's,Diana Micaela Abreu de Sousa e Silva,Ana Borges,96.9,55.6,105.4,61.2,10.1789,2.133163751442723,0.7538907585172735,0.36511263195075927,-0.3887781265665142,1.4087920211071887,0.8648255262018163,-0.5439664949053724,2.272484836136806,1.6211927909991948,-0.6512920451376112,2.920231116795612,4.718197030033507,1,0,2,1,3,2,0,0,0,0,0,0
3998846,bfdecd1e-516f-408c-99f0-53310e61d47b,2,76,16,Portugal Women's,Diana Micaela Abreu de Sousa e Silva,Tatiana Vanessa Ferreira Pinto,99.1,58.2,91.9,52.1,9.436631,-2.880728923820552,0.5959797946876224,0.32104784132138137,-0.27493195336624104,1.4033825973716685,0.9798410704372162,-0.42354152693445224,2.5607271811596837,2.119118098542124,-0.4416090826175596,3.6399964237850853,4.799322373085692,0,0,1,1,3,1,0,0,1,0,0,1
3998846,11fb70a2-b3d4-4d0a-9a9f-70c2fb58f500,2,76,19,Portugal Women's,Tatiana Vanessa Ferreira Pinto,Andreia de Jesus Jacinto,92.3,57.3,95.9,72.8,15.912574,-8.043429151290447,0.987697633650874,0.05901351618041554,-0.9286841174704585,1.7527581170702804,0.28747644955507307,-1.4652816675152074,2.782764095489822,0.8279095269613826,-1.9548545685284395,1.509716380130734,9.364856120225195,1,0,1,0,3,0,0,0,1,0,0,1
3998846,b2d65aac-db62-4b74-960c-78cc3697dff1,2,76,22,Portugal Women's,Andreia de Jesus Jacinto,Tatiana Vanessa Ferreira Pinto,93.8,73.3,91.9,59.9,13.534031,7.9385014813786015,0.49075165705122203,0.3587037025892948,-0.13204795446192724,0.9304084307761522,0.9019096072176156,-0.028498823558536612,1.5749123475923166,1.8715737933503647,0.2966614457580481,2.9201265361081776,3.8634580753695777,1,0,1,1,2,1,0,0,1,0,0,1
3998846,5b1a3da3-4856-4f4e-b883-a108e5012ee7,2,76,27,Portugal Women's,Tatiana Vanessa Ferreira Pinto,Ana Borges,91.3,58.6,104.8,76.4,22.340322,-5.246019648114114,0.5702098802348906,0.0415002456613709,-0.5287096345735197,1.1449977265603946,0.19812586406875343,-0.9468718624916411,2.102261562823465,0.578251573057955,-1.52400998976551,2.3926093386111966,10.100166389463281,1,0,1,0,1,0,0,0,0,0,0,0
3998846,f29007c7-c221-4168-a76f-3346e9180365,2,76,52,Portugal Women's,Catarina Amado,Francisca Ramos Ribeiro Nazareth Sousa,90.4,11.3,89.1,21.9,10.6794195,5.418345001095915,0.5027533464682573,0.4496745842578699,-0.05307876221038743,0.7062567618414731,0.9149619019077849,0.2087051400663118,1.0261481666053465,1.6365170597555774,0.6103688931502309,2.081066094238874,3.358507023591947,1,0,1,1,1,2,0,0,1,0,0,1
3998846,4e5bd959-3c34-4c78-a256-a263e41b8445,2,76,53,Portugal Women's,Francisca Ramos Ribeiro Nazareth Sousa,Carole da Silva Costa,89.6,22.7,74.2,20.1,15.617938,-14.958609492159866,0.4496745253729319,0.05028308644416134,-0.39939143892877055,0.9149618471543816,0.2079855536519764,-0.7069762935024051,1.6365170030318337,0.5854729282918928,-1.051044074739941,3.358507576230127,9.169965457100469,0,0,1,0,2,0,0,0,1,0,0,1
3998846,7efc5956-ea38-4586-adb7-878c1961dfca,2,76,55,Portugal Women's,Carole da Silva Costa,Francisca Ramos Ribeiro Nazareth Sousa,74.1,19.2,84.7,18.1,10.656922,8.851410387379175,0.2149784241242543,0.4760486176001181,0.2610701934758638,0.46957346976938,0.9458169090961585,0.47624343932677843,0.9043477050650284,1.5694786247311845,0.6651309196661561,4.744237902653101,4.424564744545635,0,0,1,2,1,2,0,0,1,0,0,1
3998846,ef5965e2-1e5f-4edf-9c89-e082d3abf162,2,76,57,Portugal Women's,Francisca Ramos Ribeiro Nazareth Sousa,Andreia de Jesus Jacinto,83.6,17.7,84.1,28.3,10.611786,4.929377512483285,0.6107041436315898,0.4407635680481147,-0.16994057558347508,1.095101142332565,1.1246224965965022,0.029521354263937205,1.7709038432731827,2.1847795800555594,0.41387573678237666,2.5678050634147116,4.961606499252577,1,0,1,1,2,2,0,0,1,0,0,1
3998846,26ca447d-2b90-4916-aa74-152bca778d0c,2,77,1,Portugal Women's,Andreia de Jesus Jacinto,Catarina Amado,90.5,21.9,101.3,6.8,18.56475,-3.494085114976599,1.0101781525270943,0.18916038814979966,-0.8210177643772947,1.7427880239659663,0.5157089269784408,-1.2270790969875254,2.6782195601763665,1.09304616764024,-1.5851733925361264,1.6077013071539137,5.517243414183877,1,0,2,0,3,1,0,0,1,0,0,1
3998846,2a591e4b-410f-44c9-be62-f8b4a6d5b426,2,77,4,Portugal Women's,Catarina Amado,Andreia de Jesus Jacinto,98.3,8.9,91.2,5.9,7.7077885,-6.712338852491875,0.9755622830009825,0.27791959718433273,-0.6976426858166498,1.4102357836645671,0.6910615408399803,-0.7191742428245869,1.9872292384641397,1.305083461646644,-0.6821457768174957,1.458863713531732,5.6283943130049625,1,0,2,0,2,2,1,0,1,0,0,1
3998846,61e60b96-3444-4727-affd-6373c29b0ad4,2,77,6,Portugal Women's,Andreia de Jesus Jacinto,Carole da Silva Costa,90.9,5.9,71,10.7,20.47071,-12.263157994487933,0.33425690116162377,0.023716347003867187,-0.31054055415775655,0.743467851453188,0.1777771853300299,-0.565690666123158,1.3553349122615368,0.6295862158837482,-0.7257486963777886,4.091354135377164,12.676123072750045,0,0,1,0,1,0,0,0,1,0,0,1
3998846,2a35390f-d137-46ca-8ea6-25f5d29dc2ab,2,77,9,Portugal Women's,Carole da Silva Costa,Andreia de Jesus Jacinto,70.9,12.1,87,5.2,17.516277,8.514447214720064,0.1106571658221249,0.030093843249078666,-0.08056332257304623,0.37563041072458775,0.19747273513511826,-0.1781576755894695,0.9155908586211476,0.653790806588892,-0.26180005203225565,7.086102439231731,11.751353510556077,0,0,0,0,1,0,0,0,0,0,0,0
3998846,9b6a073e-71db-46fa-abac-50d70beb871f,2,77,13,Portugal Women's,Andreia de Jesus Jacinto,Francisca Ramos Ribeiro Nazareth Sousa,86.6,7.6,94.9,27.1,21.192923,18.312084813282222,0.5613519440589967,0.735773722379633,0.17442177832063632,0.9588405707661208,1.5306685332523668,0.571827962486246,1.5802567910973886,2.6815572116508553,1.1013004205534667,2.1096840082188875,2.4460304345317243,1,1,1,1,1,3,0,0,0,0,0,0
3998846,264e3dd2-77dd-4900-9d17-039ef4740104,2,77,29,Portugal Women's,Jéssica da Silva,Tatiana Vanessa Ferreira Pinto,87.4,11,81.7,24.6,14.746186,2.351957772746786,0.8886109563852007,0.2833726067942496,-0.6052383495909511,1.5124567845941408,0.7397846721164812,-0.7726721124776595,2.255347705704522,1.5561553734933724,-0.6991923322111495,2.245965774402664,4.488813455573397,1,0,2,1,3,1,0,0,1,0,0,1
3998846,69db5fac-f657-40aa-a658-71a90653214f,2,77,34,Portugal Women's,Tatiana Vanessa Ferreira Pinto,Fátima Alexandra Figueira Pinto,84.3,30.2,107.4,15.5,27.38065,9.470533786280392,0.6312130559351633,0.16062485354612888,-0.4705882023890344,1.2399964382401374,0.447002301058224,-0.7929941371819134,2.1450639284916497,1.0536065610537473,-1.0914573674379024,2.666069560656847,5.702837032278659,1,0,1,0,3,1,1,0,0,0,0,0
3998846,38bf67c8-80d9-4004-a050-38a90a6f3b91,2,78,23,Portugal Women's,Francisca Ramos Ribeiro Nazareth Sousa,Andreia de Jesus Jacinto,95.3,4.9,93.2,16.3,11.591807,7.143583103088673,0.7571153007992766,0.6154892144729406,-0.141626086326336,1.0511059675663341,1.1063882258084832,0.05528225824214905,1.4890260867612608,1.7599308866079764,0.27090479984671556,1.1734254368387096,3.432450710982947,1,0,1,2,2,2,0,0,1,0,0,1
3998846,2a957657-c6a9-4a1c-867e-3cdfaabff3fe,2,78,24,Portugal Women's,Andreia de Jesus Jacinto,Catarina Amado,93.2,16.3,74.5,13,18.988945,-17.131829565913357,0.6289934904781717,0.14118856421243206,-0.48780492626573957,1.1219722254134412,0.3722800335619056,-0.7496921918515356,1.7884243395492416,0.7773174007794066,-1.011106938769835,2.6992720115828415,6.041019083700993,1,0,2,0,2,1,0,0,1,0,0,1
3998846,415cd31b-2981-4e15-a156-0519c3da62b6,2,78,27,Portugal Women's,Catarina Amado,Diana Catarina Ribeiro Gomes,74.1,11.1,64.4,29.6,20.888754,-2.3239088410767295,0.2770966466883817,0.00301427366583701,-0.2740823730225447,0.5320446499809929,0.0414535841913843,-0.4905910657896086,0.931922720052864,0.21508648091781826,-0.7168362391350458,3.9383133576313347,17.890174863738043,0,0,1,0,1,0,0,0,1,0,0,1
3998846,0c5adb4e-d20a-4016-8fe3-3050f9e75384,2,78,36,Portugal Women's,Ana Borges,Tatiana Vanessa Ferreira Pinto,81.8,67.3,86.1,52.1,15.796518,10.957700892401839,0.07329526320617649,0.22916624652461953,0.15587098331844304,0.31560867534407855,0.7658553844366636,0.450246709092585,0.8925789731119923,1.7623814929266572,0.8698025198146649,8.407601655353027,5.851061330632053,0,0,0,0,0,1,0,0,1,0,0,1
3998846,0373e87d-a845-4297-934f-0e3df69d1e68,2,78,38,Portugal Women's,Tatiana Vanessa Ferreira Pinto,Andreia de Jesus Jacinto,85.1,52,90.1,35,17.720045,6.590241939416089,0.3182142145279545,0.4416195616569147,0.12340534712896017,0.95107906842153,1.1193210074949222,0.16824193907339224,2.039029771242032,2.187147796873442,0.14811802563140963,5.156990871313536,3.6800713603808393,0,0,0,1,1,1,0,0,1,0,0,1
3998846,23c1da3f-70bf-458c-a453-2b219fdb3481,2,78,41,Portugal Women's,Andreia de Jesus Jacinto,Ana Borges,88.2,34.5,88.7,57.8,23.305365,-3.735236164573152,0.7144137816693555,0.1917649578251608,-0.5226488238441948,1.4467852456569656,0.4760289857076739,-0.9707562599492918,2.5357919512759164,1.034353961407829,-1.5014379898680874,2.1091676620447064,5.12438072342516,1,0,1,0,3,1,0,0,0,0,0,0
3998846,807124a4-f07e-41b2-93a9-d134354af96f,2,83,46,Italy Women's,Arianna Caruso,Cristiana Girelli,53.3,57.2,72.4,59.3,19.215097,17.518102724497673,0.6280391633210204,0.7103621129667268,0.08232294964570641,1.2733759830315259,1.068613565510796,-0.20476241752072988,2.089797378488929,1.7185216603143803,-0.37127571817454874,3.1503760934118206,1.2595606952602365,0,1,1,1,3,1,1,0,1,0,0,1
3998846,c3027583-902a-4130-a076-bcf93405339a,2,83,48,Italy Women's,Cristiana Girelli,Emma Severini,72.7,59.9,70.7,53.8,6.4195013,0.12067031955037777,0.8131940804479592,0.6328024067611542,-0.18039167368680498,1.2953316952699174,1.355252934569215,0.0599212392992976,2.0934930924688997,2.3867441712544957,0.293251078785596,1.0737762561232806,3.0076970013028426,1,0,1,1,1,2,1,0,0,0,0,0
3998846,0d736394-3ee6-4728-b290-7c5bb7bb450c,2,83,49,Italy Women's,Emma Severini,Michela Cambiaghi,76.4,51.7,92.6,34.2,23.847221,17.13541004182222,0.7224268234091425,0.9788424219680771,0.2564155985589346,1.5170069844849183,1.5364347916071286,0.01942780712221026,2.61497726260514,2.3513929828231888,-0.2635842797819512,3.4334930505317507,1.0074966429953276,0,1,2,2,2,2,0,1,0,0,0,0
3998846,f9dce425-e369-4fc7-a4da-d6323b2bd063,2,83,59,Portugal Women's,Jéssica da Silva,Andreia de Jesus Jacinto,12.4,78.8,27.5,78.5,15.10298,14.189501662191873,0.08074934761349328,0.18210222087665767,0.10135287326316439,0.25388815518065105,0.4403949812571835,0.18650682607653246,0.5402416987466655,0.8615452303400909,0.3213035315934254,7.712106046825715,5.2810780386263865,0,0,0,0,1,1,0,0,1,0,0,1
3998846,9509901a-fd42-49fb-b77a-9e5d039b5ce6,2,84,2,Portugal Women's,Andreia de Jesus Jacinto,Fátima Alexandra Figueira Pinto,30.2,78.5,58.9,74.1,29.035324,27.733551919751392,0.5112846305166878,0.3520230365280603,-0.15926159398862755,0.796277192401338,0.7022303896774436,-0.09404680272389443,1.215323170795294,1.1934458723552974,-0.02187729843999664,2.149075836216033,3.6387001880700103,1,0,1,1,1,1,0,1,1,0,0,1
3998846,444bd898-f501-4d19-89b8-42fad31e131d,2,84,3,Portugal Women's,Fátima Alexandra Figueira Pinto,Telma Raquel Velosa Encarnação,58.2,72.8,65.8,56.7,17.803652,13.250388079624237,0.352023440633996,0.46712757007557604,0.11510412944158005,0.7022307544305723,1.074414278691037,0.37218352426046464,1.1934461723196128,2.0020404727553163,0.8085943004357035,3.6386956888751643,3.3275785967813656,0,0,1,1,1,1,1,0,1,0,0,1
3998846,d5aa965f-71b1-4a1c-8fa8-9533fa025c11,2,84,6,Portugal Women's,Telma Raquel Velosa Encarnação,Fátima Alexandra Figueira Pinto,62.1,60.8,93,65.2,31.211697,24.589847864481357,0.7884948849183931,0.1982814252829621,-0.590213459635431,1.580709235664058,0.6119470897235547,-0.9687621459405032,2.6135144977968867,1.2754258149071898,-1.338088682889697,2.283010756799027,6.1462672431483085,1,0,1,0,3,1,1,0,1,0,0,1
3998846,285ce95c-cae6-4d00-a615-ab5c2894a073,2,85,7,Portugal Women's,Patricia Isabel Sousa Barros Morais,Diana Catarina Ribeiro Gomes,8.4,43.4,22.4,28.9,20.155643,13.422609282167002,0.00012475204519920576,0.0009928151079215445,0.0008680630627223387,0.005979883564546407,0.016978971757764465,0.010999088193218057,0.05282540130728368,0.09045836487753363,0.03763296357024995,28.60143156776173,20.795632328418293,0,0,0,0,0,0,0,0,1,0,0,1
3998846,13c48aaf-ea98-4289-8230-f6a992587acc,2,85,12,Portugal Women's,Diana Catarina Ribeiro Gomes,Catarina Amado,36.5,25.8,59.4,5.5,30.602287,14.966402215567726,0.02926093118180149,0.059043033341971536,0.029782102160170045,0.16583315957553985,0.21262403481718053,0.04679087524164069,0.5142179168131693,0.5428670107348191,0.028649093921649826,11.012731501656676,8.58885823979942,0,0,0,0,0,0,0,0,1,0,0,1
3998846,d4e6e691-975e-4570-8b92-9f3c636332de,2,85,19,Portugal Women's,Catarina Amado,Diana Catarina Ribeiro Gomes,63.6,14.6,49.1,18.9,15.124153,-12.117464835150209,0.5972321383871796,0.025567662517543985,-0.5716644758696356,1.1834758079694419,0.17884862390139283,-1.004627184068049,1.97370718069768,0.6084752646360537,-1.3652319160616262,3.7291508757845775,11.925536502778291,0,0,2,0,2,0,0,0,0,0,0,0
3998846,1e6406ac-b0ff-406f-b4f0-6c24a07f9b1f,2,87,14,Italy Women's,Laura Giuliani,Elena Linari,27.2,32.7,48.7,7.7,32.973473,14.811652088992489,0.015627730503737423,0.03148505670381319,0.01585732620007577,0.08825783224133651,0.15034760885640147,0.06208977661506496,0.2520461220007384,0.4095022673954001,0.15745614539466168,12.519886974547715,10.6088773363351,0,0,0,0,0,0,0,0,0,0,0,0
3998846,b4324b3d-223e-4061-8f02-c15a188e120e,2,88,15,Portugal Women's,Ana Borges,Andreia de Jesus Jacinto,68.8,5.9,78.7,4.3,10.02846,6.925233110267428,0.3972081710058352,0.19025471253082543,-0.2069534584750098,0.6143536422619489,0.522883106241691,-0.0914705360202579,0.929027315708014,1.059055692939298,0.13002837723128402,2.791233384362243,5.966800455868959,1,0,1,0,1,1,1,0,1,0,1,1
3998846,5d2a8eaf-7faa-48c9-ba6e-6e28b37cb520,2,88,17,Portugal Women's,Andreia de Jesus Jacinto,Tatiana Vanessa Ferreira Pinto,78.9,3,92.5,9.7,15.160805,14.38238509872032,0.2920075490752439,0.27059975469409164,-0.021407794381152256,0.675927158776808,0.6853959094773495,0.00946875070054154,1.236078789765818,1.4254699803580473,0.1893911905922292,4.905707170815924,4.592841009800929,0,0,1,1,2,1,0,0,1,0,1,1
3998846,9703a398-05f8-4270-9b89-4044674293e0,2,88,20,Portugal Women's,Tatiana Vanessa Ferreira Pinto,Dolores Isabel Jacome Silva,99.4,5.9,112.9,15.5,16.565325,14.33126425387383,0.8070090857446532,0.2324832950262525,-0.5745257907184007,1.3005113275363198,0.7958329169538441,-0.5046784105824758,1.8955556739736457,1.77247048850924,-0.12308518546440572,2.13043104677844,7.033511239733228,1,0,2,0,2,1,0,0,0,1,1,1
3998846,51f15d38-4d6a-4f5a-b415-709f6a0ac8d5,2,88,23,Portugal Women's,Dolores Isabel Jacome Silva,Diana Catarina Ribeiro Gomes,113.7,22.5,108.2,31.8,10.804628,4.230050400472146,0.6638622765604391,0.6146818369120137,-0.049180439648425334,1.337487588994951,1.5612637444855704,0.22377615549061947,2.368589591246096,2.9070569984701407,0.5384674072240445,2.4956655192397523,3.6613300886969293,1,0,1,1,2,2,1,0,0,1,1,1
3998846,9c8df83d-4564-440a-a2fb-3c58ee893674,2,89,28,Italy Women's,Elisabetta Oliviero,Valentina Bergamaschi,107.3,59.3,118.2,33.7,27.82391,16.55158046030349,0.29131270903279777,0.6661286333677257,0.3748159243349279,0.7243721181855045,1.501805218484866,0.7774331002993615,1.4835406204593684,2.5966594203308864,1.113118799871518,4.606269763432695,4.579226879666172,0,0,1,2,1,4,0,0,1,1,1,1
3998846,e92bd4dc-19a0-4194-8910-805cb026c3e5,2,91,10,Italy Women's,Arianna Caruso,Michela Cambiaghi,65.2,20.2,72.4,22.8,7.6550636,7.655063541852691,0.9178320364632852,1.0587326915414184,0.1409006550781332,1.6660048747424385,1.8651160929340118,0.1991112181915733,2.565694158626799,2.7706930507397085,0.20499889211290956,2.2262965838553295,3.0460574742830775,1,0,1,3,4,3,1,1,1,0,0,1
3998846,4ae72ac3-913e-475d-b170-a5342f273c50,2,91,16,Italy Women's,Michela Cambiaghi,Elena Linari,76.4,18.2,64.5,20.6,12.139605,-10.046659843745687,0.39041055222833887,0.672297642755323,0.28188709052698413,0.9972424422730177,0.9485840497422459,-0.048658392530771866,1.8935992904356187,1.457820862514072,-0.43577842792154664,5.176176706697571,1.29123379151577,0,1,0,1,2,1,0,1,1,0,0,1
3998846,26c9b260-b4e5-4ef0-bfcc-dd22b57db0dc,2,91,20,Italy Women's,Elena Linari,Martina Lenzini,62.4,27.2,69.6,62.6,36.124783,3.7699507801178385,0.08741897339238698,0.11614229501499812,0.02872332162261114,0.37035938508254895,0.31076447242358973,-0.05959491265895922,0.93374028948192,0.6774109559037553,-0.2563293335781647,8.7314238091859,6.509723411388999,0,0,0,0,0,1,0,0,1,0,0,1
3998846,8e8bcbee-069e-4e1e-b6c3-a4ab6a8c3079,2,91,24,Italy Women's,Martina Lenzini,Elisabetta Oliviero,71,65.1,78.9,76.6,13.952061,0.02034719743580382,0.2863172541371435,0.07649792345506176,-0.20981933068208172,0.5278498684394528,0.2754069667997034,-0.2524429016397494,0.9527802067673586,0.6657523245353122,-0.28702788223204645,3.786550956621283,8.114201944366732,0,0,1,0,1,0,0,0,1,0,0,1
3998846,ef85f553-f2a4-42c4-b10c-04c9f36fc364,2,91,48,Italy Women's,Michela Cambiaghi,Emma Severini,115.4,54.6,108.6,57.8,7.515318,-5.830129650462601,1.5020873439037525,1.44333256384549,-0.05875478005826262,2.3466047802666568,2.4956554961137445,0.14905071584708773,3.4654110733447805,3.715137519145186,0.24972644580040537,0.40502708310619984,1.8107510786889747,1,2,2,2,3,6,1,1,0,1,1,1
3998846,78c1ae14-44c3-432c-99e7-75621c4ab184,2,92,28,Italy Women's,Laura Giuliani,Elena Linari,4.9,23.6,10.3,5.4,18.984203,1.2353340005217746,0.016478322076367055,0.06082515601655795,0.04434683394019089,0.1163249244746547,0.22303651716125558,0.10671159268660088,0.3753398950898335,0.537546794855141,0.1622068997653075,13.837766605729215,8.552178814608121,0,0,0,0,0,0,0,0,1,0,0,1
3998846,0d2a94c1-d423-43f2-aa33-e6eade193daf,2,92,33,Italy Women's,Arianna Caruso,Giada Greggi,26.1,6,39.4,5.4,13.313527,12.153247291000781,0.7490592277484649,0.3254263872553503,-0.4236328404931146,1.3200908920108352,0.8625356712038088,-0.4575552208070264,1.9780562895841864,1.6866237822585712,-0.2914325073256152,2.9943330095261733,5.693947747285314,1,0,2,0,3,2,0,0,0,0,0,0
3998846,9d2738d7-1280-4fd1-ba02-6519ae3f8749,2,92,36,Italy Women's,Giada Greggi,Emma Severini,41.2,9.1,53.4,36.1,29.628365,17.927801235958015,0.6805467462433119,0.21855138808140712,-0.4619953581619048,1.5198405296050488,0.6818782064294411,-0.8379623231756077,2.6329076630460406,1.548837598886399,-1.0840700641596417,3.428027925287292,5.665449927631561,0,0,1,0,4,1,0,0,0,0,0,0
3998846,56d0c952-eea1-4d7f-b30c-0723e5c9661a,2,92,56,Portugal Women's,Andreia de Jesus Jacinto,Jéssica da Silva,97.8,70.6,101.6,75.5,6.2008066,-2.1803606282946077,0.8704011004749077,0.6121884649459427,-0.258212635528965,1.590744835175376,1.2443134064071202,-0.3464314287682557,2.4380831500309648,2.017852157190824,-0.42023099284014087,2.383720302308535,3.1607564455972645,1,0,2,1,4,3,0,0,1,0,0,1
3998846,6883f546-9819-4258-93c2-928792e8a20b,2,93,0,Portugal Women's,Jéssica da Silva,Dolores Isabel Jacome Silva,101.7,77.2,102.5,66.8,10.430724,9.449913335354879,0.9716101153057453,1.1911227374315105,0.21951262212576528,1.496271827612857,1.895002727536519,0.39873089992366206,2.1233450327267525,2.760534114960002,0.6371890822332493,2.015725150026339,1.270762746396662,2,1,2,2,2,3,0,1,1,0,0,1
3998846,2da6c248-a81a-494f-8d65-a68bc0e2003d,2,93,3,Portugal Women's,Dolores Isabel Jacome Silva,Jéssica da Silva,101.3,75.7,92.3,73,9.3962755,-2.783567443776036,1.295180381142289,0.41645770010513117,-0.8787226810371579,2.0203387803533035,0.9133740164541442,-1.1069647638991593,2.746543653887939,1.5991690441746258,-1.147374609713313,2.4334617371330074,3.7481397554702123,2,0,3,1,4,2,0,0,1,0,0,1
3998846,0602c6f4-6c05-4b45-ac0d-c32d8e2f0f6e,2,93,8,Portugal Women's,Jéssica da Silva,Diana Catarina Ribeiro Gomes,87.1,55.7,80.7,32.6,23.97019,-3.5365431967495056,0.8418772089295751,0.04173815066841933,-0.8001390582611557,1.4704846808086902,0.2557140942077222,-1.214770586600968,2.431773906369123,0.8364547771737562,-1.5953191291953668,1.4647029511425795,10.998451854371792,1,0,1,0,2,0,1,0,0,0,0,0
3998846,839ec4e6-979b-4f70-87e1-b240a4951f8e,2,97,12,Italy Women's,Elisabetta Oliviero,Barbara Bonansea,64.5,52.2,103.8,31,44.653442,38.29294823626471,0.1723309465479268,1.0699746856659424,0.8976437391180156,0.4066934154142566,1.6966527236774491,1.2899593082631926,0.8088910372686395,2.5193297665542844,1.7104387292856449,5.376324206566168,1.0718538383608116,0,1,0,1,1,3,0,0,1,1,1,1
3998846,cd58ff70-4ad4-4bc6-b9b6-8a227b5d1e5c,2,97,39,Italy Women's,Cecilia Salvai,Giada Greggi,29.3,7.3,43.8,9.8,14.713939,14.44829089388901,0.025637049192249524,0.06561453978177674,0.039977490589527216,0.14091018903129343,0.25200287123846804,0.11109268220717461,0.37553499818159264,0.5437578123102049,0.16822281412861229,11.780671062160783,9.225143743499302,0,0,0,0,0,0,0,0,1,0,0,1
3998846,97dbcf28-e43e-404a-ad7d-d66e56970ce0,2,97,41,Italy Women's,Giada Greggi,Barbara Bonansea,45.5,11.2,108.5,9,63.038403,46.80863039810205,0.16530304468605078,0.008091518225376971,-0.15721152646067382,0.5776018753090827,0.06291888342989883,-0.5146829918791839,1.2725862614927046,0.23246922749720186,-1.0401170339955028,7.534222241746443,14.533593556275969,0,0,0,0,1,0,0,0,0,1,1,1
3998847,d9175866-12f3-4baf-9a0f-49eb1d7362d4,1,0,23,Spain Women's,Patricia Guijarro Gutiérrez,Adriana Nanclares Romero,32.8,58.5,12,46.8,23.864828,-19.07301871547115,0.47373518955664284,0.00128000891790696,-0.47245518063873587,0.8300151994814794,0.021653652452003343,-0.808361547029476,1.334087400402104,0.1199827049006247,-1.2141046955014791,2.552589322389876,20.13728759106692,1,0,1,0,1,0,0,0,1,0,0,1
3998847,63055d67-e319-4dcd-b596-a2ea38584655,1,0,30,Spain Women's,Laia Aleixandri López,Olga  Carmona García,36.1,17.3,51.2,5.8,18.980516,10.085122762708622,0.0027694075254631858,0.08377998208918376,0.08101057456372057,0.041661256376047416,0.28377322703505325,0.24211197065900583,0.20970409115029806,0.6926004112370109,0.4828963200867128,18.444682721489244,7.651215352935311,0,0,0,0,0,1,0,0,1,0,0,1
3998847,b6a8f981-7ec9-4ad1-b3b0-34d8e8038305,1,0,38,Spain Women's,Laia Aleixandri López,Olga  Carmona García,52.8,16,60.8,2.9,15.349593,1.4926182519137967,0.2874534290780299,0.12178447269251136,-0.16566895638551854,0.6566025586716034,0.38279662352807575,-0.2738059351435277,1.2381565400973331,0.890239672313507,-0.34791686778382613,4.1839259720814574,6.616167344687414,0,0,1,0,1,1,1,0,0,0,0,0
3998847,92e86bfa-22f0-4cc6-ab3e-21cab4d4af4b,1,0,43,Belgium Women's,Amber Tysiak,Jill Janssens,41.2,75.3,38.7,77.2,3.1400638,-3.061132389093345,0.5348706508367126,0.39476722775286566,-0.14010342308384693,1.1842085979282557,0.9069023388640829,-0.27730625906417283,1.9744649012867053,1.590108008060139,-0.3843568932265662,4.640255691821744,4.245074501361889,0,0,2,1,3,2,1,0,1,0,0,1
3998847,f136079d-bc72-46ee-b183-167ff50c9a7e,1,0,53,Spain Women's,Alexia Putellas Segura,Esther Gonzalez Rodríguez,83.5,11.5,90.7,17.1,9.121404,9.121383028945914,0.5451334238119088,0.2737310618983254,-0.27140236191358336,1.2284491150447858,0.8860722588490881,-0.3423768561956977,2.204168602367813,1.9215365749767876,-0.28263202739102544,3.4101557267208387,5.734696327054897,0,0,1,0,2,1,0,0,1,0,1,1
3998847,8414ff34-a34a-4ebd-9040-79aad1dbe909,1,0,59,Spain Women's,Ona Batlle Pascual,Victoria López,85.6,39.3,91,38.4,5.4744864,5.3630169627587385,0.7921235895705022,0.732958997529752,-0.0591645920407502,1.2241049336587266,1.60533134368785,0.3812264100291234,1.9656453535366711,2.776647599878295,0.811002246341624,1.0362283240767063,3.363902848617177,1,0,1,2,1,2,0,0,0,1,1,1
3998847,80c71610-e61d-4675-b229-105c86978901,1,1,41,Spain Women's,María Francesca Caldentey Oliver,Victoria López,65.5,38.1,71.8,36.7,6.453681,6.220274475353506,0.5664335633212626,0.8425140883599949,0.27608052503873226,1.307065696010414,1.6253993335012158,0.3183336374908019,2.3806339735120305,2.623877667387271,0.24324369387524047,3.0750627147347833,3.4260007651015196,0,0,1,3,2,3,0,0,1,0,0,1
3998847,946944e0-c94d-49aa-8ddd-ff92c2ed3289,1,1,42,Spain Women's,Victoria López,María Francesca Caldentey Oliver,72,37,66.4,38.8,5.8821764,-5.519772527379388,1.0006754480654316,0.8259540772386407,-0.17472137082679096,1.7908033307904216,1.8223460347765106,0.03154270398608894,2.7793568278778222,3.0165771333785867,0.23722030550076445,3.119006769494959,4.597183163584821,0,0,3,2,3,5,0,0,1,0,0,1
3998847,fc11eca8-7dd8-4790-867d-b530c951f424,1,1,46,Spain Women's,María Francesca Caldentey Oliver,Patricia Guijarro Gutiérrez,67.7,39.3,68.3,47,7.7233415,0.13294865968060776,0.6954086725711663,0.6575011628026749,-0.03790750976849144,1.2621912022537647,1.2532984607741517,-0.008892741479612942,2.136699778647996,2.014717760438855,-0.1219820182091409,1.865998481082447,3.043504815985274,1,0,1,1,2,3,0,0,1,0,0,1
3998847,bf1d1d5c-01b0-4474-a3ef-ccf073be6dfb,1,1,46,Spain Women's,Patricia Guijarro Gutiérrez,María Francesca Caldentey Oliver,68.3,45.8,66.1,41.9,4.4777226,-1.9091563087398882,0.6575012264529623,0.5891622954954476,-0.06833893095751464,1.2532985025791255,1.1239882648713524,-0.12931023770777306,2.0147177750153022,1.7947792974088586,-0.2199384776064437,3.0435040571892147,3.612611010811557,0,0,1,2,3,2,0,0,1,0,0,1
3998847,ae00db1b-26f7-4d24-8cd0-5ea5fb626e57,1,1,47,Spain Women's,María Francesca Caldentey Oliver,Irene Paredes Hernandez,65.6,40.6,55.1,53.2,16.401524,-11.82546146044998,0.6888881789884707,0.13177942295231732,-0.5571087560361534,1.3766463176160213,0.4034757310748372,-0.9731705865411842,2.2068449776324326,0.8962793635412778,-1.3105656140911548,3.8887655590932964,6.45444616308445,0,0,2,0,3,1,0,0,1,0,0,1
3998847,ad1d09c0-b065-4082-b558-7a569bd6554b,1,1,49,Spain Women's,Irene Paredes Hernandez,Ona Batlle Pascual,56.1,55.2,72.6,74.7,25.544079,6.9390147463943705,0.28583647873682905,0.013088877246602201,-0.27274760149022687,0.611632594741667,0.09141926491601331,-0.5202133298256537,1.1212615853840004,0.33611507168615296,-0.7851465136978475,4.02388410323043,13.182012166822298,0,0,1,0,1,0,0,0,0,0,0,0
3998847,142d010d-ee44-4c52-9915-0c737eabb8cc,1,1,52,Spain Women's,Ona Batlle Pascual,Victoria López,78.6,71.9,84.7,59.8,13.550646,11.790605148419282,0.1882428752373994,0.7182236965179795,0.5299808212805801,0.47148426845228175,1.3695675551101365,0.8980832866578548,0.9763741298074731,2.232628562333839,1.256254432526366,5.24608432287644,2.297751744994649,0,1,0,1,1,2,0,0,0,0,0,0
3998847,66c657d2-dd8d-4fea-8063-2670e0056d99,1,1,53,Spain Women's,Victoria López,Ona Batlle Pascual,84.9,60.6,96.1,75.5,18.64001,-2.0970347455919836,0.7182229183790307,0.6711844584525223,-0.04703845992650846,1.3695668792975664,0.8855104158539426,-0.48405646344362374,2.232628001555383,1.2592503169130582,-0.9733776846423248,2.2977561034390943,1.24679252352132,1,1,1,1,2,1,0,1,0,0,0,0
3998847,4997e0e3-8f61-4557-90f2-394146c478ae,1,2,12,Belgium Women's,Hannah Eurlings,Laura Deloose,41.9,5.2,30.9,2.8,11.258775,-11.051531824380632,1.4343383854932563,0.17286900985237724,-1.261469375640879,1.9417986614365366,0.6201049655819675,-1.321693695854569,2.5584623044883688,1.3798014605065518,-1.178660843981817,0.6991392865726251,7.144354476229372,2,0,2,0,3,1,1,0,0,0,0,0
3998847,b71f2cb8-8298-416f-bc87-4613ca45ffbb,1,2,35,Belgium Women's,Sari Kees,Jill Janssens,36.5,27.7,70.1,62.6,48.445538,29.62178193827976,0.2507578494131138,0.46649980199520336,0.21574195258208956,0.59284894083988,0.7292545239693029,0.13640558312942286,1.1380998322751605,1.17917773954395,0.04107790726878946,4.623861759440898,2.356415566626111,0,1,1,1,1,1,0,0,1,0,0,1
3998847,4a25fb28-239b-4248-a9b9-9e069de26ec6,1,2,47,Spain Women's,Victoria López,Claudia Pina Medina,35.4,23.2,48.7,11.7,17.582378,9.540940341502434,0.732308316219398,0.2430481847711972,-0.4892601314482008,1.356957096359556,0.7102904358958338,-0.6466666604637222,2.1025235436453853,1.4227968652786662,-0.6797266783667191,2.6540875758613724,6.322941081230782,1,0,2,0,3,2,0,0,1,0,0,1
3998847,35d6c29e-9e83-43d9-aef6-d1d781d39255,1,3,31,Spain Women's,Irene Paredes Hernandez,Ona Batlle Pascual,72.4,69.5,85.6,74.7,14.187318,7.138550218601829,0.1384791844223769,0.07733558022736133,-0.06114360419501556,0.37445943488447214,0.3575410140901213,-0.016918420794350852,0.8504461642953574,0.9251500031241561,0.07470383882879872,6.0559942791514185,10.132816435468943,0,0,0,0,1,0,0,0,1,0,0,1
3998847,30062859-9cb7-4a51-9173-18bfc3530bc5,1,3,33,Spain Women's,Ona Batlle Pascual,María Francesca Caldentey Oliver,88.6,74.4,101.7,73.6,13.124405,8.31566673127815,0.3270256994744554,0.42651841686037617,0.09949271738592075,0.810028545309958,0.9023346489750852,0.09230610366512715,1.5080593042027397,1.5729168343687403,0.0648575301660006,5.010189252340292,4.298927514229267,0,0,0,1,2,2,0,0,0,0,0,0
3998847,a02dcbb2-0978-413d-b5ed-7cab6b518f17,1,3,35,Spain Women's,María Francesca Caldentey Oliver,Ona Batlle Pascual,100.9,72.9,92,75.1,9.167879,-6.8576551721637315,0.7283249885278535,0.16492655437924772,-0.5633984341486058,1.1713812125027818,0.5898556192524421,-0.5815255932503397,1.7806708957381907,1.2973440225695718,-0.4833268731686189,1.7888798435529962,7.80729418326238,1,0,1,0,2,1,1,0,0,0,0,0
3998847,547c3069-ec35-4ea7-8648-cd480837f857,1,3,36,Spain Women's,Ona Batlle Pascual,Patricia Guijarro Gutiérrez,91,74.4,90.2,61.9,12.525574,8.011136069909163,0.20512149158918577,0.613039569727454,0.4079180781382682,0.6550938173276414,1.171425016757793,0.5163311994301517,1.377925780026965,2.0353730775278835,0.6574472975009185,6.469805975607416,2.1143817918640306,0,1,0,1,1,1,0,0,0,0,0,0
3998847,92dba6e2-8af5-4418-b2c7-eae26e9a96b9,1,3,51,Belgium Women's,Amber Tysiak,Jill Janssens,22.5,70.1,34.1,76.9,13.446189,8.55026877115506,0.1936578680677794,0.06972380111087738,-0.12393406695690203,0.4280329226366724,0.25165778238959785,-0.17637514024707457,0.7689497220747263,0.5892313832172852,-0.17971833885744115,5.054419432110796,8.353909423283222,0,0,0,0,1,0,0,0,0,0,0,0
3998847,73190e08-639d-4a6b-9acd-bc52555ab4e1,1,3,53,Belgium Women's,Jill Janssens,Justine Vanhaevermaet,31.5,76.9,32,61.5,15.408114,5.2962635016545505,0.23822339308763177,0.1124262136173785,-0.12579717947025326,0.560862064569517,0.43574812302507454,-0.1251139415444425,0.9999656887248753,1.0338966289393143,0.03393094021443899,5.243717093268724,7.804468667316506,0,0,0,0,1,1,0,0,0,0,0,0
3998847,44851153-7626-473f-87b5-708bc5458bc6,1,4,9,Spain Women's,Laia Aleixandri López,Irene Paredes Hernandez,38.8,17.5,40.9,34.6,17.228464,4.975548821247713,0.0053771069503282315,0.02261258952710566,0.017235482576777428,0.06375962747962793,0.1285625398456364,0.06480291236600846,0.26491764906146825,0.37180165704064544,0.10688400797917719,16.890365262572693,11.807192678584778,0,0,0,0,0,0,0,0,1,0,0,1
3998847,bae320ad-bf10-47a0-a203-c33496cc0f31,1,4,33,Belgium Women's,Hannah Eurlings,Mariam Abdulai Toloba,108.6,23.1,101.3,31.8,11.356936,-0.03332974065355998,0.6895832507679052,0.4854562504889816,-0.20412700027892355,1.3113953342242115,1.217502008599877,-0.09389332562433461,2.171946136794019,2.298730015566841,0.12678387877282216,2.380602718496252,3.7986541988216866,1,0,1,1,3,2,0,0,0,1,1,1
3998847,b4189474-5395-49a8-b46e-b799874df9e1,1,5,8,Spain Women's,Laia Aleixandri López,Irene Paredes Hernandez,49.9,15.2,46.6,37.6,22.641775,0.9183554185893286,0.14021982083698997,0.05452751512202254,-0.08569230571496744,0.43529771737093464,0.2585222860192181,-0.17677543135171653,1.0006374222748984,0.7021878533740783,-0.2984495689008201,6.322796792762579,9.817695170168886,0,0,0,0,1,0,0,0,1,0,0,1
3998847,ec40ee7a-c41f-4ad3-a400-8e0bd076cb47,1,5,50,Spain Women's,María Francesca Caldentey Oliver,Esther Gonzalez Rodríguez,70.4,70.4,85.5,62.1,17.230787,17.203455203852457,0.20756006377513966,0.840926985985378,0.6333669222102383,0.5344442202567399,1.2611279414925545,0.7266837212358146,1.055921718258917,1.9848421285038667,0.9289204102449498,5.728552865988162,0.9199837880338073,0,1,0,1,1,1,0,0,0,0,0,0
3998847,b0c1abf6-4154-40de-aed8-471892f2ef84,1,6,49,Spain Women's,Alexia Putellas Segura,Claudia Pina Medina,69.2,55.2,79.3,45.7,13.865786,11.928075140040477,0.8683374362965574,0.9202247385549474,0.05188730225839,1.8043580024732326,1.8640304140101511,0.05967241153691849,2.9478691553303102,3.0228752275064434,0.0750060721761332,3.1340352039189963,2.7056336605765865,0,1,2,2,4,5,0,1,1,0,0,1
3998847,2b6cbe15-a8e6-4357-a6c6-39fa07ed07da,1,7,40,Spain Women's,Alexia Putellas Segura,Claudia Pina Medina,70.4,27.1,67.9,16.5,10.890821,-5.9046291730472475,1.023106423308232,0.19002815125877426,-0.8330782720494578,1.6569304930433308,0.7054815541289284,-0.9514489389144024,2.5066251478768153,1.5871648294486183,-0.9194603184281971,0.9594476927834495,7.1817083357587554,1,0,1,0,3,1,1,0,1,0,0,1
3998847,dab33574-70e3-499d-bb54-20f84a380300,1,7,44,Spain Women's,Claudia Pina Medina,Laia Aleixandri López,60.8,16,46.6,23.2,15.921055,-11.418187056000598,0.6004743894602365,0.04528628457634627,-0.5551881048838901,1.1897865908107512,0.24753563992435948,-0.9422509508863918,1.8981030176416285,0.687931477079342,-1.2101715405622864,2.986602483449755,11.249862736502436,1,0,1,0,2,0,0,0,1,0,0,1
3998847,e2d3031c-0c17-461c-b22b-dd1a96c75b37,1,7,48,Spain Women's,Laia Aleixandri López,Olga  Carmona García,54.5,19.1,67.7,2.5,21.208488,4.398820285673182,0.13372835518953502,0.04388043208803953,-0.08984792310149549,0.4713343780446088,0.25833361176725267,-0.21300076627735615,1.0967667737904432,0.7663221155818521,-0.33044465820859104,7.330310085499684,10.797320422824077,0,0,0,0,1,0,0,0,1,0,0,1
3998847,27a1a861-6312-4ac6-8f69-c9dec7519bfb,1,8,13,Belgium Women's,Janice Cayman,Laura Deloose,9.2,20.1,22.9,4.4,20.836987,9.152509461792889,0.3250519834221637,0.06075250315078138,-0.2642994802713823,0.5232682126833093,0.20952470232377826,-0.31374351035953096,0.7421244565183075,0.4561311863970222,-0.2859932701212853,3.3773638185615495,8.531026729814586,0,0,1,0,1,0,0,0,0,0,0,0
3998847,23fee0ef-9439-498d-bd4a-abf71e59186b,1,8,19,Spain Women's,María Francesca Caldentey Oliver,Patricia Guijarro Gutiérrez,99.9,59.8,114.5,52.4,16.368261,14.64932948079071,0.7626192408555469,1.0688014652975286,0.30618222444198173,1.3983159686878384,1.9408720598422073,0.542556091154369,2.1771970045181237,2.999305418437883,0.8221084139197594,2.9813605491349597,2.0417264805247703,1,1,2,2,3,3,0,0,1,1,1,1
3998847,1a3c1508-5bda-41c1-b878-95472cbfe674,1,8,20,Spain Women's,Patricia Guijarro Gutiérrez,Claudia Pina Medina,114.5,52.4,103.1,35.2,20.634922,-4.003409042260232,0.9450928026187353,0.8789366324747597,-0.06615617014397557,1.8161268286499133,1.724310563824157,-0.09181626482575633,2.8947714526593327,2.7976023361090787,-0.09716911655025395,2.0417264805247703,2.7082082721611704,1,1,2,2,3,3,0,0,0,1,1,1
3998847,cb9949ef-f9c3-4382-96d9-48252e7bcc64,1,9,8,Belgium Women's,Tessa Wullaert,Jarne Teulings,21,21.3,27.8,8.9,14.142136,3.4467273836602033,0.6769391107826633,0.23855428444724142,-0.4383848263354219,0.9791136808791706,0.5279948771348345,-0.4511188037443361,1.421175108344496,0.9241549024246989,-0.497020205919797,1.3398562194072894,4.70265549586523,1,0,1,1,1,1,1,0,0,0,0,0
3998847,9c29510c-6ff6-45a1-8f3b-7806365af2c0,1,9,32,Belgium Women's,Hannah Eurlings,Tessa Wullaert,49.9,5.2,42.7,10.5,8.940358,-4.475079903570119,1.0082315203834509,0.9066779279479772,-0.10155359243547368,1.5407011343903225,1.645555381435701,0.10485424704537838,2.232931884182874,2.5497817465084984,0.3168498623256246,0.9361529026480117,1.6644863056090444,1,1,1,1,3,3,0,0,0,0,0,0
3998847,1b6ba13f-af19-430f-b2d6-096ad9fd8675,1,9,50,Spain Women's,Laia Aleixandri López,Claudia Pina Medina,53.2,18.8,76.1,19.6,22.913969,21.675011868598858,0.11622701964906827,0.34245488411153674,0.22622786446246845,0.4551819782175294,0.8879078340640754,0.43272585584654594,1.1219807663685133,1.7407914175699357,0.6188106512014224,7.520397953546645,4.422155934705756,0,0,0,1,1,1,0,0,1,0,0,1
3998847,737bdb56-93ce-43ed-803b-0d6e1668d9a1,1,9,52,Spain Women's,Claudia Pina Medina,Olga  Carmona García,76.5,19.7,77.6,3.5,16.237303,-7.942950757960894,0.34245482385868015,0.11834864173288606,-0.22410618212579408,0.8879077973665703,0.39197003421992566,-0.4959377631466447,1.740791423331782,0.8844935895533118,-0.8562978337784702,4.422156980239298,7.0707037188681445,0,0,1,0,1,1,0,0,1,0,0,1
3998847,d49bbde6-45aa-43e0-bcd9-b0c0f3e8995a,1,9,54,Spain Women's,Olga  Carmona García,Alexia Putellas Segura,77.6,3.7,69.2,10.6,10.870603,-2.8779060816661186,0.08516829891375441,0.19928250439376166,0.11411420548000725,0.3190359238836868,0.5186652475196919,0.1996293236360051,0.7769202898487151,1.0668585176334433,0.2899382277847282,7.964618717047167,5.322027541474728,0,0,0,0,1,1,0,0,1,0,0,1
3998847,a044d447-c0d8-4c86-a870-6f9695e8c4a8,1,9,55,Spain Women's,Alexia Putellas Segura,Claudia Pina Medina,69.7,10.6,80.4,12.4,10.850346,9.992663787254543,0.19928250439376166,0.6318512139360924,0.4325687095423308,0.5186652475196919,1.300288083253881,0.7816228357341891,1.0668585176334433,2.0968439378886994,1.029985420255256,5.322027541474728,4.2764405904008065,0,0,0,1,1,3,0,0,1,0,0,1
3998847,bce32361-d87a-4e9f-9f77-93086b84f818,1,9,57,Spain Women's,Claudia Pina Medina,Patricia Guijarro Gutiérrez,79.7,8.6,74.5,17.1,9.964437,0.15084323180900583,0.9552093754669176,0.33712428337128075,-0.6180850920956369,1.5570233342738342,0.7863514947269191,-0.7706718395469151,2.268421673309666,1.4959277141976113,-0.7724939591120545,1.6182516809020517,3.887949879040211,1,0,2,1,3,1,0,0,1,0,0,1
3998847,00e1bc31-1c96-4cf5-ae5c-0e3c70b301c3,1,9,58,Spain Women's,Patricia Guijarro Gutiérrez,Alexia Putellas Segura,74.6,13.2,72.6,5.5,7.955501,-5.9060029403221534,0.3594616844509632,0.06268191945492194,-0.2967797649960413,0.8388909304749097,0.3045319332298174,-0.5343589972450923,1.567413818951526,0.8345308577474637,-0.7328829612040624,3.8733673262550448,10.426931362017855,0,0,1,0,1,0,0,0,1,0,0,1
3998847,66147028-a523-4be6-97e4-31d8660721d8,1,10,3,Spain Women's,Alexia Putellas Segura,Olga  Carmona García,86.4,9.9,84,2.2,8.065358,-7.089358239989544,0.4461332010075622,0.09192317902739627,-0.35421002198016593,1.045477568295177,0.366231231425569,-0.6792463368696079,1.874523441406757,0.9248112413278347,-0.9497122000789224,4.514146673659685,8.274110087292483,0,0,1,0,2,0,0,0,1,0,0,1
3998847,ba653bad-e069-4cf5-a7d3-29821879865b,1,10,4,Spain Women's,Olga  Carmona García,Patricia Guijarro Gutiérrez,83.6,2.2,74.1,6.8,10.555094,-4.171815993744993,0.09761923760448453,0.14354245676774263,0.0459232191632581,0.4016577407996691,0.485316494173224,0.08365875337355488,1.006611487835992,1.0936543935538077,0.0870429057178157,8.391573639042821,6.831736179325004,0,0,0,0,0,1,0,0,1,0,0,1
3998847,9c4700e8-c5bc-4ad3-a4cc-867c928ed180,1,10,6,Spain Women's,Patricia Guijarro Gutiérrez,Laia Aleixandri López,72.6,7.6,54.9,12.8,18.448034,-13.138551156475877,0.48796049804313685,0.03654983775829736,-0.4514106602848395,0.8407247428949111,0.19520417145579133,-0.6455205714391197,1.3859162724113157,0.5609750818735871,-0.8249411905377285,2.4165670764456695,11.664505568850354,1,0,1,0,1,0,0,0,1,0,0,1
3998847,02b1cd6b-8a18-4d05-9a6a-656261a67dd7,1,10,9,Spain Women's,Laia Aleixandri López,Ona Batlle Pascual,55.4,18.6,66.9,56.5,39.60631,12.447836582433233,0.07568269250668364,0.027521167933971826,-0.048161524572711806,0.29629156856347266,0.14436128661871578,-0.15193028194475688,0.69722241785411,0.43447620742680304,-0.26274621042730695,8.86392879988187,11.00435730904349,0,0,0,0,0,0,0,0,1,0,0,1
3998847,bf17b54b-b23d-4234-9529-2a0dbc14a50e,1,10,13,Spain Women's,Ona Batlle Pascual,María Francesca Caldentey Oliver,72.4,68.6,82.3,72.9,10.793516,5.49426614189332,0.18733817800866437,0.17203756975580894,-0.015300608252855424,0.4126827720609378,0.5003085406655521,0.0876257686046143,0.7637407744081822,0.9963940366516466,0.2326532622434644,5.103764622287594,7.299875697793666,0,0,0,0,1,2,0,0,0,0,0,0
3998847,886c6361-40d4-4b7b-8966-93bd7f8669a0,1,10,33,Spain Women's,Esther Gonzalez Rodríguez,María Francesca Caldentey Oliver,111.9,75.1,100.4,75.3,11.501739,-4.353861493303739,1.2581966480332862,0.2140713087834367,-1.0441253392498495,1.7855686083519517,0.7531113505144436,-1.0324572578375082,2.345263372203636,1.6074168743472133,-0.7378464978564228,1.2068990025403592,8.206383832810944,2,0,3,0,3,0,1,0,1,1,1,1
3998847,1f68d435-c2c0-4575-9603-b5a84bd9decf,1,10,36,Spain Women's,María Francesca Caldentey Oliver,Olga  Carmona García,98.7,70.6,88.4,50.3,22.763567,4.047098947888081,0.48512104664688854,0.029454144643092567,-0.455666902003796,1.1918793669738503,0.23782097405603386,-0.9540583929178165,2.1905712801857993,0.8447895118457747,-1.3457817683400246,3.987767621651488,13.463104535395459,0,0,1,0,2,0,0,0,0,1,1,1
3998847,cc7d19f7-ca7b-4797-b927-5e9208d727ef,1,11,3,Belgium Women's,Sari Kees,Amber Tysiak,7.9,58.9,13.3,76.9,18.792551,0.7817020318357919,0.10265031561782384,0.0792925068423557,-0.023357808775468142,0.2678083496501507,0.23098034890578825,-0.03682800074436246,0.5168994652352573,0.4762875694716965,-0.040611895763560835,6.84300814372402,7.625340697505666,0,0,0,0,1,1,0,0,1,0,0,1
3998847,3df04471-f2c4-40ca-8d66-2013cb5192e1,1,11,45,Spain Women's,Laia Aleixandri López,Patricia Guijarro Gutiérrez,35.4,14.3,48.2,16.9,13.061394,12.993010121422586,0.0004487490439521576,0.02799503643243476,0.027546287388482603,0.01212293643969987,0.14068944154425858,0.12856650510455872,0.08017787556286206,0.36608968021790206,0.28591180465504,23.67069424893903,11.092910327921427,0,0,0,0,0,0,0,0,1,0,0,1
3998847,1f116058-e0ef-4c71-a4d7-a5aa08848d92,1,11,50,Spain Women's,Patricia Guijarro Gutiérrez,Alexia Putellas Segura,50.8,26.8,62.5,14.5,16.975864,7.546995688236578,0.25472896020502106,0.6425119298925278,0.38778296968750675,0.5553801219036008,0.9805198869404574,0.4251397650368567,0.9534698280657663,1.4391029604993275,0.4856331324335612,4.433004567657332,1.7007707323901902,0,1,1,1,1,1,0,0,1,0,0,1
3998847,b88cc98c-c2c8-45c1-a194-20efd59b1c25,1,11,52,Spain Women's,Alexia Putellas Segura,Laia Aleixandri López,62.5,14.5,54.9,11.9,8.032434,-8.00499662347427,0.6899696124815211,0.11471725551212801,-0.5752523569693931,1.0397533465396107,0.3807685125377825,-0.6589848340018283,1.4959090883914423,0.8545533409149584,-0.6413557474764839,1.5945686382665285,7.4545677278910905,1,0,1,0,2,1,0,0,1,0,0,1
3998847,36c23658-3d19-47c9-80f0-319d920ca2f1,1,11,54,Spain Women's,Laia Aleixandri López,Alexia Putellas Segura,55.6,11.5,63.1,15.6,8.547514,8.513514092472477,0.14127648596016829,0.46225450950437874,0.32097802354421046,0.44333087647154973,1.1070084555636985,0.6636775790921488,1.0009679627747774,1.9737526273699255,0.9727846645951481,6.622667210971735,5.169126904521006,0,0,0,0,1,3,0,0,1,0,0,1
3998847,3f9a080e-c68a-4833-88ce-9e4647210c2a,1,11,55,Spain Women's,Alexia Putellas Segura,Claudia Pina Medina,64.8,16.3,73.8,8.7,11.779643,4.2683154404339945,0.5065463560733119,0.4334937879019411,-0.07305256817137079,1.1644619012009358,1.1010898494021697,-0.06337205179876615,2.0361271571091346,2.0400983088041458,0.003971151695011166,4.306567110926731,5.447310635848792,0,0,1,0,3,3,0,0,1,0,0,1
3998847,07e75055-044d-4c8f-a327-e809a97847e9,1,12,1,Spain Women's,Claudia Pina Medina,Alexia Putellas Segura,83,6.3,82.8,17.3,11.001818,6.467869316186238,0.4207460321396844,0.23583728311768398,-0.18490874902200044,0.7936619864378291,0.7485556369503639,-0.04510634948746528,1.379803072507978,1.5494689007415747,0.16966582823359677,2.90665814343179,6.024422770882425,1,0,1,0,1,1,0,0,1,0,0,1
3998847,86a5cef1-11e9-4d7f-8db9-3ca70f75ca88,1,12,6,Belgium Women's,Jarne Teulings,Jill Janssens,27.9,65.6,19.7,70.7,9.656604,-9.301500024591363,1.3463523489145826,0.3139534737179468,-1.0323988751966358,1.9110328537132726,0.8255655412900625,-1.08546731242321,2.595128204500601,1.564960761151636,-1.0301674433489652,0.8026397840091679,6.008273352220367,2,0,2,0,3,2,1,1,0,0,0,0
3998847,6ec6aa0b-c29a-4051-b77b-57ff801460b1,1,12,15,Spain Women's,Patricia Guijarro Gutiérrez,Victoria López,83.6,10.2,85.3,19.6,9.552486,6.790204820198838,0.17731596909280967,0.19343796880335282,0.01612199971054315,0.5516416721553148,0.6818540475075817,0.13021237535226693,1.1926088224582834,1.518701228875038,0.3260924064167545,6.365109349895698,6.722025015693035,0,0,0,0,1,1,0,0,1,0,0,1
3998847,0bd722f3-dbf1-415e-bbd4-e6fa01d2c7ea,1,12,19,Spain Women's,Victoria López,María Francesca Caldentey Oliver,96.1,20.4,96.5,57,36.602184,1.9047501358661663,1.281562057377652,0.05442624892252478,-1.2271358084551274,2.236140220799188,0.2362737391780026,-1.9998664816211855,3.426146368642675,0.6864375740148373,-2.739708794627838,1.6650841683503481,9.09263528862984,2,0,2,0,3,0,0,0,1,0,0,1
3998847,237eb8fa-8405-4e91-8ec0-0a9a0b0e3e61,1,12,25,Spain Women's,María Francesca Caldentey Oliver,Patricia Guijarro Gutiérrez,86.8,56.5,84.3,44,12.747549,1.150724250530395,0.2385727264877898,0.08907274967973987,-0.14949997680804994,0.6380485855855326,0.4252473411623315,-0.21280124442320109,1.3440238182613267,1.2157017673812496,-0.1283220508800771,5.022314141778229,8.314196607916761,0,0,0,0,1,0,0,0,1,0,0,1
3998847,8161d7a2-b472-4851-be79-014b3430e0cc,1,12,31,Spain Women's,Patricia Guijarro Gutiérrez,Irene Paredes Hernandez,77.8,43.7,75.2,55.2,11.79025,-4.946456961059077,0.41351761885384736,0.07561249580977016,-0.3379051230440772,0.7829689406807979,0.35671809478720434,-0.4262508458935936,1.4310613665623073,0.9622392972312931,-0.4688220693310142,2.9071197803805076,10.017546646352114,1,0,1,0,1,0,0,0,1,0,0,1
3998847,7b1f3862-6679-49b6-b661-ba2e18514b56,1,12,47,Spain Women's,Ona Batlle Pascual,María Francesca Caldentey Oliver,91.4,70.1,98.6,72.3,7.528612,2.7747501880748544,0.28433695471694087,0.23924464202320547,-0.0450923126937354,0.6639143784057905,0.7323621991742315,0.06844782076844103,1.2885229349124487,1.510388568073146,0.22186563316069718,4.516234682723789,7.106461666816581,0,0,1,0,1,1,0,0,1,0,0,1
3998847,96a79b33-dd57-489d-981b-39aeaff24af8,1,12,48,Spain Women's,María Francesca Caldentey Oliver,Patricia Guijarro Gutiérrez,94.8,71,85.5,64.5,11.346365,-2.363830849357413,0.23924454658288177,0.08843044249667244,-0.15081410408620932,0.7323619518219722,0.41870625726043254,-0.31365569456153963,1.5103881671477228,1.1319587950898624,-0.3784293720578604,7.106458600997687,9.47263796287824,0,0,0,0,1,0,0,0,1,0,0,1
3998847,d44a9b8b-c686-49c1-a145-bd5e73d47d39,1,12,51,Spain Women's,Patricia Guijarro Gutiérrez,Laia Aleixandri López,84.3,55,71.3,54.2,13.024592,-12.004751327059466,0.8717580083434607,0.06592352955751773,-0.805834478785943,1.5938148750021768,0.32157496639736816,-1.2722399086048086,2.6842197110216497,0.9351338018899816,-1.7490859091316682,1.7506034524408693,9.051376306284766,1,0,2,0,2,0,1,0,1,0,0,1
3998847,980c0b63-0f65-4784-9998-b2f4549527b9,1,12,54,Spain Women's,Laia Aleixandri López,Irene Paredes Hernandez,71.3,53.1,68.4,69.5,16.654428,-9.006304936443733,0.46022316250652173,0.09697857721330465,-0.36324458529321707,0.8786291154510636,0.36564003134249773,-0.5129890841085658,1.5830693774609472,0.9089797991284031,-0.6740895783325441,2.6897242426078196,7.802772502831652,1,0,1,0,1,1,0,0,1,0,0,1
3998847,221e251a-2cac-4a2a-ad7c-431432a26d59,1,12,57,Spain Women's,Irene Paredes Hernandez,María Francesca Caldentey Oliver,69.6,68.3,79.3,73.4,10.959015,5.15155542250335,0.5453188639055649,0.38477555087756854,-0.1605433130279964,0.8565769497523462,0.7030611128405899,-0.1535158369117563,1.3818835169731396,1.241474490221667,-0.1404090267514726,1.9784081575266592,3.0185214028301375,1,0,1,1,1,1,1,0,1,0,0,1
3998847,d25104d4-eeae-4c26-ba3d-35a0aa55b931,1,13,0,Spain Women's,María Francesca Caldentey Oliver,Patricia Guijarro Gutiérrez,75.4,68.6,73.3,62.4,6.545991,1.1879564761868977,0.6872875306033668,0.568260676623657,-0.1190268539797098,1.2245482100276148,1.1321772503756384,-0.09237095965197639,1.9367011949983213,1.9175913212597189,-0.0191098737386024,2.320037289821594,3.0292282243902067,1,0,1,1,2,3,0,0,1,0,0,1
3998847,4e2b9176-ddc1-4c8d-b649-6702a16dbbc6,1,13,1,Spain Women's,Patricia Guijarro Gutiérrez,Laia Aleixandri López,70.7,58.6,52,51.1,20.147953,-16.20797024217039,0.6700952413860294,0.0474386555111452,-0.6226565858748841,1.2904984544568074,0.21886606168324535,-1.071632392773562,2.211584135059302,0.6121248099494512,-1.599459325109851,2.422194146359931,9.64996666541553,1,0,1,0,2,0,1,0,1,0,0,1
3998847,9649e83c-b490-4378-a520-58aa9a6c12f5,1,13,6,Spain Women's,Laia Aleixandri López,María Francesca Caldentey Oliver,50.5,50.6,67.6,55.3,17.734148,15.715695993158754,0.07348640775818083,0.2881359578177073,0.21464955005952646,0.3241123792070539,0.7667532502322131,0.4426408710251592,0.7751126790901436,1.4615562044210755,0.6864435253309319,10.125933926710607,5.349095864484033,0,0,0,0,0,1,0,0,1,0,0,1
3998847,23a8bf62-97f3-453a-a8c2-6dc9e414d531,1,13,8,Spain Women's,María Francesca Caldentey Oliver,Alexia Putellas Segura,69.6,53.7,76.5,50.6,7.56439,7.455952209502975,0.597606826590355,0.4745795661411199,-0.12302726044923512,1.193746237067329,1.2609242192342789,0.06717798216694981,2.0752106508973744,2.3893409147830593,0.3141302638856849,2.857138690095994,4.730260288094349,1,0,1,1,2,3,1,0,1,0,0,1
3998847,6455f5c2-f1ee-4497-a2bd-7756a035f644,1,13,10,Spain Women's,Alexia Putellas Segura,Victoria López,77.3,41.9,92,52.1,17.892178,12.239627921596032,1.06512715259063,0.793612740529924,-0.27151441206070603,1.8279726776135616,1.4329664436782383,-0.3950062339353233,2.778512706069967,2.40943849333902,-0.369074212730947,1.8385386113882574,1.4505026440898516,1,1,3,1,3,2,0,0,1,0,0,1
3998847,d32373d9-820c-4225-bfa6-7747223fa778,1,13,22,Spain Women's,Patricia Guijarro Gutiérrez,Ona Batlle Pascual,106.8,66.2,106.5,73.6,7.406079,-6.873285587181304,0.8643277002824518,0.3313493747386046,-0.5329783255438472,1.4412455990049542,0.7199449523489142,-0.72130064665604,2.156259064659203,1.2903309296197465,-0.8659281350394563,2.127321096159908,4.092444683887899,1,0,2,1,3,1,0,0,1,0,0,1
3998847,63a98672-83a0-4a7c-ae54-2cabc3152ba8,1,13,24,Spain Women's,Ona Batlle Pascual,Victoria López,104.7,70.8,96.1,62.7,11.813974,1.4287423564790132,0.6309064040397435,0.3864186461018075,-0.24448775793793603,1.0238899020771652,0.9195251656630526,-0.10436473641411259,1.5830593733751543,1.709973037231432,0.12691366385627756,1.8970077375054426,4.445797116300367,1,0,1,1,2,2,0,0,1,0,0,1
3998847,5b5401be-c3b9-4fae-9054-dbea4364f821,1,13,26,Spain Women's,Victoria López,Irene Paredes Hernandez,92.9,62.7,82.7,63.5,10.231324,-8.734502391486117,0.7865752475426603,0.05417604842252829,-0.732399199120132,1.2803252011505426,0.2319949674154851,-1.0483302337350575,1.9916143614378128,0.6717069769852922,-1.3199073844525206,1.4498565646507338,9.003687356206328,1,0,1,0,2,0,1,0,1,0,0,1
3998847,76931482-aa17-4dec-bd92-516f22d4af09,1,13,28,Spain Women's,Irene Paredes Hernandez,Laia Aleixandri López,79.1,59.4,66.6,41.4,21.914606,-8.150589961392605,0.5280209319180784,0.03419980539530716,-0.49382112652277127,0.7952422763006516,0.168370190059237,-0.6268720862414146,1.315283575226726,0.4887845746599824,-0.8264990005667436,1.9780128910131636,10.440213214873646,1,0,1,0,1,0,1,0,1,0,0,1
3998847,c4283afe-2ca6-4763-a5c5-9f33eb1dc9b5,1,13,31,Spain Women's,Laia Aleixandri López,Olga  Carmona García,66.3,40.2,72.4,25.7,15.730862,3.9987628063049243,0.14042653343538358,0.040665513960172844,-0.09976101947521074,0.3610429179961938,0.221566963030092,-0.13947595496610182,0.7229065062676018,0.6449066697580879,-0.07799983650951392,6.009753496375988,11.796548412740247,0,0,0,0,1,0,0,0,1,0,0,1
3998847,4fe48084-6bd1-43b7-831f-b61857334cd6,1,13,36,Spain Women's,Claudia Pina Medina,María Francesca Caldentey Oliver,90.9,7,85.5,16.9,11.276968,2.4784477969670604,0.41994914542638573,0.6379525589138013,0.2180034134874156,0.8265602861501167,1.162287721321327,0.3357274351712103,1.3888519351903679,1.882715121336318,0.49386318614595015,3.2561535029982425,2.835493092654692,0,1,1,2,1,2,0,0,1,0,0,1
3998847,42162b92-ef06-4a93-8db5-5ec4f17d2cf4,1,13,41,Spain Women's,María Francesca Caldentey Oliver,Alexia Putellas Segura,72.4,19.7,85.1,26.8,14.549914,14.435080405562125,1.0037385627092361,0.2704395142735261,-0.73329904843571,1.3425379143002996,0.8257143721764418,-0.5168235421238577,1.882994102816786,1.7468903591948926,-0.13610374362189348,0.4751404194405689,5.230054297754239,1,0,1,0,2,1,1,0,1,0,0,1
3998847,82174c1b-4ba6-47e8-b2ab-c3c34042960a,1,13,43,Spain Women's,Alexia Putellas Segura,Victoria López,88.4,30.1,98.3,45.7,18.4762,10.678366761451471,1.065659891123356,1.5311367509930665,0.46547685986971055,1.9379971046918898,2.3298954001973553,0.3918982955054655,3.0706069552290876,3.2265518830567212,0.1559449278276337,1.3083003958703643,1.268195375011997,1,2,1,2,3,5,0,1,1,0,0,1
3998847,679fbd57-3f80-40cd-babc-7d8167556d85,1,13,53,Spain Women's,Olga  Carmona García,Patricia Guijarro Gutiérrez,89.6,11.7,85.8,18.9,8.1412525,1.3485249602670564,0.08721707193711754,0.2240286940030939,0.13681162206597636,0.3542720691038174,0.7408058149104587,0.3865337458066413,0.9424940189481549,1.6261262588990344,0.6836322399508795,7.917010193000639,6.255157400624732,0,0,0,0,1,1,0,0,1,0,0,1
3998847,d74ec8cc-6d94-4152-ac3f-a571bc532daf,1,13,54,Spain Women's,Patricia Guijarro Gutiérrez,Claudia Pina Medina,84.5,20.6,91.7,20.9,7.2062473,6.31268769949272,0.3610157872796303,0.9031807682043921,0.5421649809247617,0.9540106521771304,1.701794283036841,0.7477836308597107,1.8812953252364388,2.638281476058533,0.7569861508220943,4.444001454374379,3.5347005569707726,0,0,1,2,2,4,0,0,0,0,0,0
3998847,4e10bbff-3cb5-4d97-b339-6b0019ab06f2,1,13,56,Spain Women's,Claudia Pina Medina,Patricia Guijarro Gutiérrez,91.8,19.3,84.9,19.1,6.902898,-5.869340934935877,0.665286788089404,0.3308741859158249,-0.3344126021735791,1.387811920290309,0.8182820658066857,-0.5695298544836233,2.3191443122161717,1.6135229579486547,-0.7056213542675169,3.3121135907240546,4.343338670715498,0,0,1,1,3,2,1,0,0,0,0,0
3998847,e90cd012-f966-44dd-be3a-bc4398d33a17,1,14,15,Spain Women's,Esther Gonzalez Rodríguez,Olga  Carmona García,108.4,20.4,108.4,4,16.4,-15.047319127229514,0.3435861130448406,0.07052906651366787,-0.27305704653117274,0.9885507142226386,0.3257979693611338,-0.6627527448615048,1.9144167868281576,0.8772328109847114,-1.0371839758434462,6.140242154011163,9.520207355477513,0,0,0,0,2,0,1,0,1,0,0,1
3998847,c8ae2f67-c811-4b71-a1d2-672f25023ebf,1,14,25,Spain Women's,Olga  Carmona García,Patricia Guijarro Gutiérrez,104.7,3.7,93.7,10.4,12.879829,-0.20344675885321806,0.6270343286993193,0.17334625687049357,-0.45368807182882576,1.09639551466592,0.5863926384099071,-0.5100028762560128,1.6802485683552975,1.3113912126580676,-0.3688573556972299,3.371804722873001,7.7240978815613905,0,0,2,0,2,1,0,0,0,0,0,0
3998847,81717dd3-f651-42f1-8a7f-1dd54ed9532a,1,14,48,Spain Women's,Laia Aleixandri López,Patricia Guijarro Gutiérrez,28.3,35.7,33.2,43.8,9.4667845,4.917622617637875,0.0015496853872673686,0.021359425643768238,0.01980974025650087,0.020613233495062083,0.1034520113327948,0.08283877783773272,0.08837742155560474,0.26900835991611255,0.1806309383605078,19.409110033829776,11.554700100943375,0,0,0,0,0,0,0,0,1,0,0,1
3998847,48d72dcb-e148-4640-a739-5049c7261e47,1,15,7,Spain Women's,Laia Aleixandri López,Claudia Pina Medina,50.4,8.9,62.8,16.9,14.756694,14.544012689358972,0.02925892109087311,0.25873201442948046,0.22947309333860735,0.1464327818378482,0.6919379218027404,0.5455051399648922,0.4072896724670165,1.2706367267657135,0.863347054298697,10.80316704984282,6.291033519306569,0,0,0,0,0,2,0,0,1,0,0,1
3998847,5ce42017-699e-4454-8430-1c7d6637416e,1,15,9,Spain Women's,Claudia Pina Medina,María Francesca Caldentey Oliver,65.6,17.5,76.3,31.9,17.940178,14.425084574020893,0.8456488869023135,0.6282556672720229,-0.21739321963029068,1.422352945393273,1.36354669368446,-0.05880625170881304,2.207679590213149,2.4432455845658625,0.2355659943527133,1.4649586152816463,2.5931391112392643,1,1,1,1,2,2,0,0,1,0,0,1
3998847,02813fca-ed59-4d25-88d0-068c0ebb65c4,1,15,12,Spain Women's,María Francesca Caldentey Oliver,Ona Batlle Pascual,75.2,34,71.7,51.1,17.454512,-4.359055681076093,0.9362022757773134,0.07576093976513416,-0.8604413360121792,1.670130711399018,0.33664924902723203,-1.333481462371786,2.681363705564498,0.9012807646450133,-1.7800829409194847,1.1615481157791214,9.05686732704611,1,0,1,0,2,0,0,0,1,0,0,1
3998847,220ea6be-62b6-40be-9827-64390d39257b,1,15,14,Spain Women's,Ona Batlle Pascual,Victoria López,75.9,56.3,85.8,72.3,18.815153,-0.025835193141276136,0.6554516512197122,0.2875640629221922,-0.36788758829751994,0.8633101188419398,0.52858787741039,-0.3347222414315497,1.2384641195430066,0.8847687376112409,-0.35369538193176575,1.3105611522956624,3.8048407603457415,1,0,1,1,1,1,0,0,1,0,0,1
3998847,91051321-3fa9-4ef8-8f26-1d0c76648339,1,15,17,Spain Women's,Victoria López,María Francesca Caldentey Oliver,85.6,67.6,83.2,61.4,6.6483083,1.5335721514848188,0.7532858275400938,0.4938795349393389,-0.2594062926007549,1.2152620983175324,1.0780633511788018,-0.1371987471387306,1.795273376173888,1.8705176506077943,0.07524427443390636,1.7494217079935803,4.000595041670948,1,0,1,1,2,3,0,0,1,0,0,1
3998847,0d384ecd-510b-49bf-86ca-c7ca483fbc26,1,16,21,Spain Women's,Olga  Carmona García,Irene Paredes Hernandez,33.6,21,36.2,45.8,24.935919,4.463979950048454,0.010727063969823014,0.013718697703575925,0.0029916337337529113,0.07671099032518941,0.09795802051856956,0.021247030193380145,0.2628519968581595,0.30057287692999896,0.037720880071839435,13.733841609021436,13.817102630296235,0,0,0,0,0,0,0,0,1,0,0,1
3998847,3b530e55-e8dd-4b7c-80dc-36f5e52a5e60,1,16,23,Spain Women's,Irene Paredes Hernandez,Patricia Guijarro Gutiérrez,36.6,45.7,43.3,41.1,8.127115,6.8866697698112205,0.032749135736448456,0.2482267835168325,0.21547764778038403,0.1624609463774671,0.6053730071273055,0.44291206074983835,0.40970183706001545,1.0555538966152493,0.645852059555234,10.993417618193499,5.137042387958329,0,0,0,0,0,1,0,0,1,0,0,1
3998847,4bbeacd5-709d-4bf9-9d8e-6495285b296d,1,16,25,Spain Women's,Patricia Guijarro Gutiérrez,Irene Paredes Hernandez,43.3,41.1,35.1,56,17.00735,-9.68661467061132,0.43957129908423564,0.09921335152823256,-0.34035794755600307,0.7939944686404036,0.298941733646188,-0.4950527349942156,1.2112888515981284,0.6273279492955156,-0.5839609023026128,2.9150991908602824,7.105249275653075,1,0,1,0,1,1,0,0,1,0,0,1
3998847,bf77881d-8b7b-4179-afe5-0a8875860e69,1,16,31,Spain Women's,Ona Batlle Pascual,Laia Aleixandri López,40.7,59.4,31.5,37.2,24.030813,-6.905750137571957,0.7540974879365433,0.3760922304175643,-0.378005257518979,1.2299766943322008,0.6396824874794542,-0.5902942068527466,1.766855892985143,1.0136668440773466,-0.7531890489077964,1.7645813836422677,3.025611973699638,1,0,1,1,2,1,0,1,1,0,0,1
3998847,99029511-834d-443f-bacd-3acf89fc24b5,1,16,32,Spain Women's,Laia Aleixandri López,Adriana Nanclares Romero,33.4,33.9,13.5,45.3,22.934036,-19.817223874172,0.37609202344113074,0.004487919350936122,-0.3716041040901946,0.6396822841569607,0.05087665340391038,-0.5888056307530504,1.0136666524728024,0.2160459611787198,-0.7976206912940826,3.025613644454815,16.786883843430356,0,0,1,0,1,0,1,0,1,0,0,1
3998847,b1fc2275-5b72-4e1d-873b-91fda1e84802,1,16,39,Spain Women's,Adriana Nanclares Romero,Laia Aleixandri López,16.4,45.8,29.7,20.2,28.848743,11.316947082375265,0.00500503749327682,0.003367561873868014,-0.0016374756194088061,0.051896426662087755,0.05284583711421966,0.0009494104521319061,0.21326337414318391,0.26457457419660113,0.051311200053417216,16.242591536137834,19.64933487495561,0,0,0,0,0,0,0,0,0,0,0,0
3998847,ad979f92-e57e-4b43-b729-bc5227584baa,1,18,6,Spain Women's,Irene Paredes Hernandez,Patricia Guijarro Gutiérrez,40.9,55.3,44.6,50.1,6.382006,4.492670564354171,0.0009496698959938953,0.025698800943786702,0.02474913104779281,0.01536539052804904,0.14422711567106136,0.12886172514301233,0.07355119814396305,0.4184620613005715,0.34491086315660846,20.878188334965856,11.372350967910737,0,0,0,0,0,0,0,0,1,0,0,1
3998847,e3350c41-6c29-42fd-b489-4de488371031,1,18,10,Spain Women's,Patricia Guijarro Gutiérrez,Irene Paredes Hernandez,53.6,45,53.6,54.4,9.4,-1.3555190397308934,0.19547290967298925,0.052882475976004976,-0.14259043369698426,0.486531609610122,0.24171855888490346,-0.24481305072521853,0.9838615899434904,0.640328297410513,-0.3435332925329774,5.144193667642821,9.833647959101535,0,0,0,0,1,0,0,0,1,0,0,1
3998847,0069e547-1071-4d05-8b03-48c48e649691,1,18,12,Spain Women's,Irene Paredes Hernandez,Victoria López,57.7,56.6,72,68.6,18.667887,8.599135788694674,0.09041582027211695,0.045175375072618526,-0.04524044519949842,0.3221807151446441,0.19858874103165217,-0.12359197411299191,0.7816998527925381,0.5744018372717306,-0.2072980155208075,7.7479855836353195,9.47313450977522,0,0,0,0,1,0,0,0,1,0,0,1
3998847,5b218f82-ab4a-4940-b1cc-d5ffa97c52c2,1,18,15,Spain Women's,Victoria López,María Francesca Caldentey Oliver,77.6,71.9,83.8,76.4,7.6609397,1.7239132000194886,0.19799421159006142,0.18470545278640893,-0.01328875880365249,0.42564523371424534,0.4931399968552736,0.06749476314102826,0.8221146614209535,0.934370937249087,0.11225627582813358,4.901073114676226,6.990418793070081,0,0,1,0,1,2,0,0,1,0,0,1
3998847,716b4adc-b7cf-43d2-a550-181174f6b6af,1,18,17,Spain Women's,María Francesca Caldentey Oliver,Esther Gonzalez Rodríguez,86,72.1,98.9,56,20.63056,20.27869320453708,0.6244641060078167,0.7019891460872396,0.07752504007942296,0.9756934837054309,1.2902761975760653,0.3145827138706344,1.4444434190454807,2.20138464376399,0.7569412247185094,1.9022017749754436,1.8156680637896163,1,1,1,1,2,1,0,0,0,0,0,0
3998847,cd6827c5-e3db-4e57-a337-3827d0798fbb,1,18,31,Spain Women's,Patricia Guijarro Gutiérrez,María Francesca Caldentey Oliver,98.6,72.4,103.7,67.1,7.3552704,7.205012626124553,0.539893444520933,0.5716120043805784,0.031718559859645334,0.9698138736280418,1.359249158383775,0.3894352847557331,1.6153023760180132,2.361496393930232,0.7461940179122186,2.2984698466155438,4.570708978913656,1,0,1,1,1,3,0,0,1,0,0,1
3998847,01597fa4-c739-4dce-9276-cd3fb8c8af51,1,18,34,Spain Women's,María Francesca Caldentey Oliver,Ona Batlle Pascual,104.1,67.3,107.6,72.1,5.940539,-2.819050561267595,0.8565360131005013,0.36553408465543935,-0.49100192844506196,1.6832159231042993,0.8681548692510411,-0.8150610538532582,2.7497016258344056,1.648078374529488,-1.1016232513049176,2.5794846076100786,4.187650014516528,1,0,2,1,3,1,0,0,1,0,1,1
3998847,19007999-fa1a-469b-a1b5-916c958bcdcc,1,18,36,Spain Women's,Ona Batlle Pascual,Patricia Guijarro Gutiérrez,107.4,73.6,90.5,74.7,16.93576,-9.660107148072925,0.5031107062478541,0.11867756876504867,-0.3844331374828055,1.0246068232759185,0.4299060562082873,-0.5947007670676312,1.7768731150981063,1.0427003472255483,-0.734172767872558,3.2777831422841595,7.1624584964384495,0,0,1,0,2,1,0,0,1,0,1,1
3998847,3772413b-e2d5-400c-b47a-4d9acfa1db40,1,18,38,Spain Women's,Patricia Guijarro Gutiérrez,María Francesca Caldentey Oliver,90.1,77.2,86.9,65.2,12.41934,6.125745121038598,0.47136498800991833,0.7331190779741678,0.2617540899642494,0.8227965488561507,1.4799531165393551,0.6571565676832044,1.4082813188373107,2.5396553851715873,1.1313740663342766,2.466500180039868,2.4255926524117237,1,1,1,1,1,3,1,0,1,0,1,1
3998847,5ed8aada-7c29-400d-9b27-74946cebc98a,1,18,39,Spain Women's,María Francesca Caldentey Oliver,Laia Aleixandri López,86,62.4,75.2,49.4,16.900888,-5.059940343283579,0.7331197788689388,0.03265071006488206,-0.7004690688040567,1.4799536665637842,0.25554993720954844,-1.2244037293542358,2.539655811924838,0.9003681472331437,-1.639287664691694,2.425587847253725,13.38893535533961,1,0,1,0,3,0,0,0,1,1,1,1
3998847,ca45706d-e2e2-4af5-9d78-1b92e17b3e54,1,18,42,Spain Women's,Laia Aleixandri López,Olga  Carmona García,76.5,42.7,84.9,20.9,23.362364,3.6234823245512047,0.03925138449179676,0.12113587882519557,0.08188449433339881,0.28801539285834193,0.4713714400207475,0.18335604716240556,0.9774490662771367,1.1810322037233854,0.20358313744624867,12.578133393659623,7.451279301801095,0,0,0,0,0,1,0,0,0,1,1,1
3998847,fdb525e9-7e26-4dc7-9701-ffda2977b893,1,19,17,Spain Women's,Patricia Guijarro Gutiérrez,Claudia Pina Medina,60.5,31.2,62.7,18.8,12.593649,-0.9488358738535609,0.7861653225462168,0.576426555195934,-0.20973876735028285,1.3642661604756743,1.0716799811654516,-0.2925861793102227,2.0747185074854357,1.6918742006262302,-0.38284430685920556,1.8337548168459277,2.5092131005936573,1,1,1,1,2,2,0,0,1,0,0,1
3998847,40fd1a1c-987f-437c-92ce-7c76da21e8e7,1,19,20,Spain Women's,Claudia Pina Medina,Patricia Guijarro Gutiérrez,62.5,18.1,54.3,21.9,9.037699,-6.618291261147029,0.6530889172005013,0.6160577615374788,-0.03703115566302251,1.1914989813457184,1.2616921721963152,0.07019319085059683,1.8299018789954293,2.0540882105733513,0.224186331577922,2.5011536436582866,3.1705465917283377,1,0,1,1,3,3,1,0,1,0,0,1
3998847,04637cab-0e73-43d2-a758-c4bd212ee66a,1,19,21,Spain Women's,Patricia Guijarro Gutiérrez,Olga  Carmona García,54.3,21.9,46.6,13.7,11.248555,-9.821911481882708,0.6160577615374788,0.04355266033678497,-0.5725051012006939,1.2616921721963152,0.2478014010969291,-1.013890771099386,2.0540882105733513,0.7121798528733773,-1.3419083576999742,3.1705465917283377,10.922372840252272,0,0,1,0,3,0,0,0,1,0,0,1
3998847,41ca038b-0878-4bdf-b11b-f82c3e6b74a7,1,19,23,Spain Women's,Olga  Carmona García,Laia Aleixandri López,44.8,12.7,39.4,21.4,10.239629,-2.7162547241695023,0.04133081602003263,0.00979599768391849,-0.031534818336114136,0.23141764304077342,0.09278835741331634,-0.13862928562745708,0.6851128031558333,0.35176014089427343,-0.3333526622615599,10.729304313633376,15.09207185450088,0,0,0,0,0,0,0,0,1,0,0,1
3998847,a2925934-33ea-467f-bbf1-85ac42997194,1,19,31,Spain Women's,María Francesca Caldentey Oliver,Victoria López,81.4,69.3,76.3,60.1,10.519031,0.3598733659800146,0.2662109679375387,0.39821033573004844,0.13199936779250976,0.6917757822803557,0.7805869354738796,0.08881115319352384,1.3683564676104132,1.4278381269887683,0.059481659378355145,5.0432422027865265,3.0732841239664976,0,0,0,1,1,1,0,0,1,0,0,1
3998847,52916f46-9ed7-4ff1-92f4-1fa19dbd481d,1,19,33,Spain Women's,Victoria López,María Francesca Caldentey Oliver,76.5,60.1,77.1,67.1,7.025667,-2.823377028141884,0.6137704841454192,0.13350466142621845,-0.4802658227192008,0.9833257555106727,0.4649100197070465,-0.5184157358036262,1.6074802944477018,1.059659111797252,-0.5478211826504498,1.7325007804288213,7.248373471358276,1,0,1,0,1,1,0,0,1,0,0,1
3998847,c526625d-206f-4ee6-8ca1-9d56a6e909e5,1,19,34,Spain Women's,María Francesca Caldentey Oliver,Alexia Putellas Segura,77.9,67.8,83,55.5,13.315405,10.33501239386699,0.2977978858855506,0.7041707417361301,0.40637285585057953,0.6772761662495584,1.3693026082176085,0.6920264419680501,1.2799094871520857,2.2758734672028886,0.9959639800508029,4.233536408151055,2.98869067603948,0,1,1,2,1,2,0,0,1,0,0,1
3998847,467c85e4-331c-4b75-adf3-12fc435f7a0e,1,19,39,Spain Women's,Ona Batlle Pascual,María Francesca Caldentey Oliver,82.8,66.7,77.8,57,10.912836,0.2945701421003264,0.41876253676151703,0.5060947873680038,0.0873322506064868,1.0707584166142605,1.1752439498832954,0.10448553326903487,1.9892142694390726,2.1416503577158537,0.152436088276781,5.511582286440648,3.6534707108459195,0,0,0,1,3,2,0,0,1,0,0,1
3998847,47a1f74b-c143-4db5-9bf0-5f8560c25948,1,19,40,Spain Women's,María Francesca Caldentey Oliver,Irene Paredes Hernandez,77.8,57,70.5,70.4,15.259423,-12.594177777268754,0.580670139867469,0.04487290949186983,-0.5357972303755991,1.265659708699654,0.2741345839160169,-0.991525124783637,2.233996038834158,0.8600573416934095,-1.3739386971407486,3.103027981447092,11.20961799290829,0,0,1,0,2,0,0,0,1,0,0,1
3998847,befb6157-6888-4e2e-b9c3-f86386fe9d50,1,19,43,Spain Women's,Irene Paredes Hernandez,Victoria López,76.3,69.5,91.2,69.1,14.905368,11.783104128486293,0.2014436319039549,0.5505886099859677,0.34914497808201284,0.6283323449504872,1.1523047800899313,0.5239724351394441,1.3843515172845189,1.95911414285487,0.5747626255703511,6.1754566202449555,4.226594023708341,0,0,0,2,1,2,0,0,1,0,0,1
3998847,eed9fecc-fc14-46d2-a302-94a23176fd6b,1,19,47,Belgium Women's,Laura Deloose,Hannah Eurlings,15.1,6.1,36.1,4.6,21.053503,19.179192576114858,0.3698667024973211,0.913402481254617,0.5435357787572959,0.6998364256945218,1.3622884479952626,0.6624520223007409,1.0951526841503219,1.8922653656617348,0.7971126815114129,3.507542489294555,1.5208972578643152,0,1,1,2,1,2,0,1,1,0,0,1
3998847,2d84b77d-5ff1-4271-bf7f-2027ee808d26,1,19,51,Spain Women's,Ona Batlle Pascual,María Francesca Caldentey Oliver,85.5,71.9,83.8,62.2,9.847842,4.522826326993474,0.8025896092610315,0.3905344005144685,-0.412055208746563,1.1743160410738045,0.8440818590524286,-0.3302341820213759,1.691149265038943,1.5736827183267463,-0.1174665467121967,1.2782974170493464,3.4774043662414975,1,0,1,1,2,1,0,0,1,0,0,1
3998847,ce240427-7b44-4388-b51a-8655eda98f62,1,19,52,Spain Women's,María Francesca Caldentey Oliver,Irene Paredes Hernandez,83.8,60.7,77.3,71.6,12.690942,-11.42060847771679,0.3905344005144685,0.05973625375335523,-0.3307981467611133,0.8440818590524286,0.2713245243974028,-0.5727573346550259,1.5736827183267463,0.7382853896460091,-0.8353973286807372,3.4774043662414975,9.32388907019378,0,0,1,0,1,0,0,0,1,0,0,1
3998847,b633b94e-ff27-4a33-9c34-b16c5577cf16,1,19,55,Spain Women's,Irene Paredes Hernandez,Patricia Guijarro Gutiérrez,71.1,69.1,67.7,63.5,6.551336,-0.4334708235176663,0.30686813292556697,0.31171348153604694,0.0048453486104799715,0.6964145704402942,0.7222894386576989,0.0258748682174047,1.31865902580935,1.3532305216801692,0.0345714958708192,4.005453681578075,4.371557136085729,0,0,1,1,1,1,0,0,1,0,0,1
3998847,c3ac452f-62ab-4523-a376-fe101b81217b,1,19,56,Spain Women's,Patricia Guijarro Gutiérrez,Laia Aleixandri López,66.9,62.4,56,38.6,26.17728,-6.383982382696033,0.3259627718113277,0.031647915137421656,-0.29431485667390606,0.7271047800221175,0.17262187847071675,-0.5544829015514008,1.3447130650824541,0.5599004618466806,-0.7848126032357735,4.133482722236025,10.7037933006058,0,0,1,0,1,0,0,0,1,0,0,1
3998847,df86aedf-90e3-440a-931d-4415582489e8,1,20,8,Spain Women's,Ona Batlle Pascual,Alexia Putellas Segura,91.4,71.9,94.5,63.4,9.047651,8.23416081819601,0.2551422181882925,0.6064174012323774,0.3512751830440849,0.5927658428903797,1.2652221315600525,0.6724562886696728,1.1688928302484147,2.0954452811025677,0.9265524508541529,4.390016688908667,3.7294812397774706,0,0,1,1,1,3,0,0,1,0,0,1
3998847,1c7cf06d-b195-4cb2-87e0-e02c37c457af,1,20,10,Spain Women's,Alexia Putellas Segura,Ona Batlle Pascual,92.2,65.8,93.8,74.2,8.5510235,-5.15494804814999,0.855254397554444,0.3651136329565285,-0.4901407645979155,1.3233249723521245,0.8021069365551167,-0.5212180357970079,2.028945096868949,1.4367288739758257,-0.5922162228931234,1.0971876983885553,4.588014111686747,1,0,1,1,2,2,1,0,1,0,0,1
3998847,57cae682-63bc-45bf-b879-5afcc79da864,1,20,11,Spain Women's,Ona Batlle Pascual,Alexia Putellas Segura,94,72.4,89.2,66,8,1.2354443881811576,0.4179829404013503,0.499159017160306,0.08117607675895566,0.8568752306994831,1.064185311381348,0.20731008068186485,1.4880960616727181,1.875878193709031,0.38778213203631284,3.744401899174136,3.1012957007136106,0,0,1,1,2,2,0,0,1,0,0,1
3998847,6e97ece7-1405-4258-bc1f-a8dfa6d0eaba,1,20,12,Spain Women's,Alexia Putellas Segura,Laia Aleixandri López,87.3,66.8,68.7,51.1,24.340296,-10.207950183244769,0.5642180792781081,0.04532255998552758,-0.5188955192925805,1.1278963937426099,0.21476706751852034,-0.9131293262240895,1.8954893742403265,0.6849487389239575,-1.210540635316369,2.862674473706001,9.487362723418356,1,0,1,0,2,0,0,0,1,0,0,1
3998847,01617314-8d43-4928-83d6-8c1bba3eeb38,1,20,16,Spain Women's,Laia Aleixandri López,Victoria López,70.5,44.2,81.4,33.7,15.134728,10.567122059959637,0.21557808243045848,0.47804014145646806,0.2624620590260096,0.4930516852518478,1.1276402557994847,0.6345885705476368,1.0339275157312073,2.0844816972840174,1.05055418155281,4.709629007462189,3.7350613853121204,0,0,1,1,1,2,0,0,1,0,0,1
3998847,72b6db55-bf22-4652-94e5-1b9aa98c46bd,1,20,19,Spain Women's,Victoria López,Patricia Guijarro Gutiérrez,75.2,35,73,48.1,13.283448,-2.6147172303458674,0.37104381166436656,0.2954314354054757,-0.07561237625889089,0.9423644376055291,0.8265627402962484,-0.1158016973092807,1.826083241762626,1.65352239717088,-0.17256084459174614,5.300457919879587,5.7886502058372145,0,0,0,0,2,2,0,0,1,0,0,1
3998847,06c8d214-c324-4ed0-b8ae-28edc0980abc,1,20,20,Spain Women's,Patricia Guijarro Gutiérrez,Victoria López,73.3,48.1,74.3,39.1,9.055386,1.688396019303113,0.2954313027820039,0.4708312308233779,0.175399928041374,0.8265625150751839,1.0829939813334701,0.2564314662582863,1.6535220980164473,1.9845667749578106,0.3310446769413633,5.788651204370062,3.758216975952416,0,0,0,1,2,2,0,0,1,0,0,1
3998847,91e44c3e-3152-4475-a194-672b89ecb5d8,1,20,22,Spain Women's,Victoria López,Irene Paredes Hernandez,75.6,48.1,65.5,55.5,12.520782,-11.52847021891592,0.915033822704708,0.041639210056382,-0.873394612648326,1.5811670429357039,0.22442882675127515,-1.3567382161844288,2.5319531533450066,0.7085298466196225,-1.8234233067253842,2.579277611136367,10.131383463784895,2,0,2,0,2,0,0,0,0,0,0,0
3998847,e3d57924-6783-4ed0-baf1-30b5c4472cd8,1,20,24,Spain Women's,Irene Paredes Hernandez,Patricia Guijarro Gutiérrez,67.4,56.3,70.7,48.8,8.1939,4.988448409509871,0.06803255345355842,0.12273750562033804,0.05470495216677962,0.2848292470913284,0.49427209032538744,0.20944284323405904,0.7999358574997538,1.2696728611525192,0.4697370036527654,8.458257413595154,7.423200024065099,0,0,0,0,0,1,0,0,0,0,0,0
3998847,107bac7f-8971-48e4-b969-089780f0d040,1,20,27,Spain Women's,Patricia Guijarro Gutiérrez,María Francesca Caldentey Oliver,72.4,48.3,85.3,34.8,18.67244,13.230753878489999,0.32023426095940316,0.3493843671529446,0.029150106193541414,0.7781259361597788,1.1172034680563148,0.339077531896536,1.5982015259645472,2.3089676865592668,0.7107661605947195,3.953025917697438,5.6958492276590205,0,0,1,0,1,1,0,0,0,0,0,0
3998847,999d3a73-7028-40b5-9fc1-525093472ada,1,20,31,Belgium Women's,Mariam Abdulai Toloba,Janice Cayman,35.2,24.1,28.7,20.3,7.5292764,-7.123428563439049,1.178891786230396,0.19589850417159863,-0.9829932820587974,1.9773387336635002,0.7505194973144977,-1.2268192363490025,2.9626193102605916,1.6821231431427508,-1.2804961671178408,0.8637193385380415,8.059693833988021,1,0,1,0,3,0,1,0,0,0,0,0
3998847,073795c3-8a8e-475f-af65-0275c3dfda18,1,20,37,Spain Women's,Laia Aleixandri López,Irene Paredes Hernandez,64.3,35.2,55.1,44.3,12.940248,-9.135854231858325,0.7484487298782995,0.05404744888925644,-0.6944012809890431,0.9940469996998748,0.2588975280091945,-0.7351494716906802,1.407087979182009,0.7087134662966552,-0.6983745128853538,0.9722039365024495,9.436643496392911,1,0,1,0,1,0,1,0,1,0,0,1
3998847,38ec7f7e-2f24-41f7-afe1-95cf6c0c9907,1,20,41,Spain Women's,Irene Paredes Hernandez,Patricia Guijarro Gutiérrez,57.9,45.7,56.6,43.2,2.8178005,-1.119660196917188,0.0997341679207292,0.062157985643702285,-0.037576182277026915,0.3716557724603807,0.3144695728135431,-0.05718619964683758,0.8992207155992238,0.8431169035972642,-0.056103812001959574,7.5685486722537805,9.740633548299492,0,0,0,0,1,0,0,0,1,0,0,1
3998847,3d80a96d-0640-4e7c-8366-f00576ead7a8,1,20,46,Spain Women's,Patricia Guijarro Gutiérrez,Laia Aleixandri López,65.3,35.8,58.1,27.9,10.688779,-8.210540486818068,0.8050215479261136,0.07583396879244508,-0.7291875791336685,1.3368741540711957,0.3105180421336325,-1.0263561119375633,2.053294717754133,0.8124132324462057,-1.2408814853079275,1.5240630219055307,8.446201565335715,1,0,1,0,2,0,0,0,1,0,1,1
3998847,25787cb0-5ebe-450f-bb6b-0a55d7a49f86,1,20,48,Spain Women's,Laia Aleixandri López,Irene Paredes Hernandez,57.7,27.1,54.9,43.4,16.538742,-1.567188785287044,0.07583390933915295,0.04060753506241617,-0.03522637427673678,0.3105178985792792,0.20232112800560823,-0.10819677057367097,0.8124130012608902,0.5863078305699362,-0.22610517069095404,8.446203977673608,10.073240752454764,0,0,0,0,0,0,0,0,1,0,1,1
3998847,9428be66-f5a4-45b1-8a46-385fc17d6bd1,1,21,5,Spain Women's,María Francesca Caldentey Oliver,Patricia Guijarro Gutiérrez,98.9,53.9,91.2,51.9,7.955501,-5.8947006872096,1.1710685699843209,0.1518074800954829,-1.019261089888838,1.9990045471639335,0.6965471536963606,-1.302457393467573,3.007265278211148,1.7606876984855413,-1.246577579725607,1.8129209595721498,8.699928643815566,1,0,3,0,3,0,0,0,1,0,1,1
3998847,cbfc9a05-697f-4fb2-86c4-50da8df8b850,1,21,9,Spain Women's,Patricia Guijarro Gutiérrez,Victoria López,99.6,54,103.2,44.7,9.972462,7.2968107443217285,1.1656283382687853,0.7973317918435288,-0.36829654642525655,2.05587656599435,1.8081789751845,-0.24769759080985,3.2001562371140717,3.1428386888630317,-0.05731754825103996,1.7805104673957268,3.846254388716803,1,0,3,2,3,4,0,0,0,1,1,1
3998847,604a43c9-339f-4128-9cc2-0c3460f10d4d,1,21,10,Spain Women's,Victoria López,Alexia Putellas Segura,103.3,44.9,107.1,47.8,4.7801676,2.3292090918618946,1.0373864744437205,1.0221537834327798,-0.015232691010940602,2.0445208932331433,2.1352997522672306,0.09077885903408722,3.3511101492734845,3.513493614307267,0.16238346503378231,2.277116727238233,2.811935013515802,1,1,2,2,4,4,0,0,0,1,1,1
3998847,facdfe4b-f15d-40b7-ad13-f7740c037306,1,24,22,Spain Women's,Alexia Putellas Segura,Olga  Carmona García,77.4,6.3,73.3,2.4,5.658622,-5.637355206586832,0.5256493720409322,0.10684288581914365,-0.41880648622178857,0.9847570651423107,0.42997566186084124,-0.5547814032814694,1.6070564609277993,1.0449050307216017,-0.5621514302061976,2.6039338123443856,8.40854380585274,1,0,1,0,1,0,0,0,1,0,0,1
3998847,cb9628a1-037f-4958-92d3-ce21684b9b00,1,24,25,Spain Women's,Olga  Carmona García,Laia Aleixandri López,68.9,2.7,44.4,6.6,24.808466,-19.384065561432834,0.40378634445017414,0.005334495923673489,-0.3984518485265007,0.8061952282697191,0.06513348124034576,-0.7410617470293733,1.4085033086605925,0.28477337327175617,-1.1237299353888364,3.133226392028663,16.871804135229592,0,0,1,0,1,0,0,0,1,0,0,1
3998847,8786201c-4d10-4481-a969-80e2e48dad5e,1,24,28,Spain Women's,Laia Aleixandri López,Patricia Guijarro Gutiérrez,44.8,7.6,57.1,9.3,12.4169235,11.890700719656365,0.012188131222291133,0.19871783422047515,0.18652970299818403,0.10003324545864503,0.5800364030872707,0.48000315762862567,0.3453307922529488,1.1373097734454882,0.7919789811925394,14.069280004199978,5.935695944307573,0,0,0,0,0,1,0,0,1,0,0,1
3998847,3c3926f8-1d4e-466f-9af9-d790f5355e78,1,24,30,Spain Women's,Patricia Guijarro Gutiérrez,Laia Aleixandri López,55.6,9.9,49.7,16,8.48646,-3.1967882034660278,0.390596376120756,0.049403273762554406,-0.34119310235820155,0.68690848645633,0.2229435006635866,-0.46396498579274337,1.05637799317091,0.5917158458339606,-0.46466214733694944,3.041179761781557,9.452766883042798,0,0,1,0,1,0,0,0,1,0,0,1
3998847,f35445c2-ac8a-444f-b1ab-c630acc46ccf,1,24,32,Spain Women's,Laia Aleixandri López,Patricia Guijarro Gutiérrez,49.5,16.1,56,10.4,8.64523,3.927438537649266,0.0494032858017815,0.19518284999542773,0.14577956419364624,0.22294353059773941,0.4739025103792605,0.2509589797815211,0.591715892874555,0.9122541207169372,0.3205382278423823,9.452766092625257,5.122254819580945,0,0,0,0,0,1,0,0,1,0,0,1
3998847,4b93ea69-2253-4ce1-a7b8-f24f561c38fc,1,24,36,Spain Women's,Patricia Guijarro Gutiérrez,Claudia Pina Medina,62.7,8.9,69.7,3.3,8.964374,2.9304590625884614,0.6486538668972149,0.29256875221143297,-0.35608511468578197,1.0092095418110798,0.6892708050518765,-0.31993873675920326,1.6122445728233719,1.3287452573595737,-0.28349931546379814,1.5507960185134864,4.217160215793062,1,0,1,1,1,1,1,0,1,0,0,1
3998847,2a4a8d70-d76e-4f78-bdce-4e693c76b054,1,24,42,Spain Women's,Esther Gonzalez Rodríguez,Patricia Guijarro Gutiérrez,77.1,14,70,8.6,8.920202,-8.878187343575547,1.08377366950044,0.1637442470563628,-0.9200294224440773,1.5854953902140774,0.5846523660067404,-1.000843024207337,2.257348457133386,1.3191135864706096,-0.9382348706627766,1.4969327023215622,8.222270002080442,2,0,2,0,2,0,1,0,1,0,0,1
3998847,0520470c-366d-4134-8208-508e95be1810,1,24,47,Spain Women's,Patricia Guijarro Gutiérrez,Irene Paredes Hernandez,57.9,23,51.7,47.5,25.272316,-4.325693850698855,0.7004769453788147,0.03278778307092847,-0.6676891623078862,1.2593272787548973,0.17863620875959274,-1.0806910699953045,1.8488487202362884,0.5147754245990301,-1.3340732956372583,2.7029510584367804,10.85253956498992,1,0,2,0,3,0,0,0,0,0,0,0
3998847,185d6ebb-7139-490a-a667-d448463e6939,1,25,12,Spain Women's,Laia Aleixandri López,Alexia Putellas Segura,52.8,23,69.2,23.2,16.40122,15.811065666770233,0.20582391688999996,0.5028436227118092,0.2970197058218092,0.4942619951089226,1.2408139023890603,0.7465519072801376,1.0245906697649811,2.2389679622554803,1.2143772924904992,4.915713792864546,5.235273220175901,0,0,1,0,1,4,0,0,1,0,0,1
3998847,482510f3-6e17-45af-8a59-60d7a9b64f84,1,25,14,Spain Women's,Alexia Putellas Segura,Claudia Pina Medina,71.7,25,77.1,29.1,6.780118,6.312509832395371,0.6119000866764074,0.6450535829659898,0.03315349628958242,1.3945767983443957,1.4867076044201486,0.09213080607575286,2.4631930545341776,2.645890002257123,0.18269694772294542,3.905392555386262,3.224210305454097,0,0,1,1,4,2,0,0,1,0,0,1
3998847,eb5b84b1-7101-41e7-823e-a93ab758d6c6,1,25,15,Spain Women's,Claudia Pina Medina,Alexia Putellas Segura,77.4,29.4,72.6,32.9,5.940539,-4.02982643093565,1.0506289239690483,0.5706896139383593,-0.479939310030689,1.874675424252151,1.3863631941361918,-0.48831223011595926,2.946247745749975,2.4702806103342425,-0.47596713541573266,1.5651094466750615,5.243017599594194,1,0,2,0,2,3,1,0,1,0,0,1
3998847,94252834-4e04-49a0-8c92-8c32de1e42fe,1,25,17,Spain Women's,Alexia Putellas Segura,María Francesca Caldentey Oliver,75,32.9,84.7,62.4,31.053823,3.749371994123898,0.4520236179753959,0.06141028841310754,-0.3906133295622884,1.1306659558386438,0.27747314226396347,-0.8531928135746804,2.113471062101714,0.7865983242573384,-1.3268727378443756,4.345683833928437,9.105905493227342,0,0,1,0,3,0,0,0,1,0,0,1
3998847,12630101-4650-4107-8115-5187ab1ac521,1,25,39,Spain Women's,Laia Aleixandri López,Claudia Pina Medina,46.6,28.5,58.2,12,20.16953,6.448242592318053,0.026680980468852228,0.08411288233168854,0.05743190186283631,0.13225137141282278,0.2822404320070889,0.14998906059426614,0.3459376104435761,0.637321789153014,0.29138417870943784,11.098112215651772,7.703945028527321,0,0,0,0,0,1,0,0,1,0,0,1
3998847,b0f95154-dd72-4a48-aca7-85bcaead471d,1,25,42,Spain Women's,Claudia Pina Medina,Olga  Carmona García,56.9,10.9,71.3,3.3,16.282505,8.506672576945505,0.3502220976618569,0.21906431572340987,-0.13115778193844704,0.6611396729803557,0.48910349426024946,-0.17203617872010624,1.1879333585481695,0.9255527593000128,-0.2623805992481567,3.290658839287878,4.729302649438501,0,0,1,1,1,1,0,0,1,0,0,1
3998847,a679b223-3a93-4876-9f3e-fc57010fcb28,1,25,45,Spain Women's,Olga  Carmona García,Alexia Putellas Segura,68.1,3.8,62.5,13.2,10.941664,-0.16130504764090148,0.4528093722294847,0.27755274280859193,-0.17525662942089276,0.860500356368667,0.8693695051141065,0.008869148745439537,1.4153080862543974,1.7428729905599967,0.32756490430559926,3.069839360137297,6.993724916232543,0,0,1,0,2,2,0,0,1,0,0,1
3998847,8b70e995-2cb7-4b53-9f4d-287b82495f8d,1,25,48,Spain Women's,Alexia Putellas Segura,Laia Aleixandri López,62.8,13.2,51.7,12.8,11.107204,-10.34978877871076,0.6421159744331166,0.034605003504950896,-0.6075109709281657,1.2028400913278399,0.2114363902659756,-0.9914037010618643,1.9769113015571516,0.6540760556229918,-1.3228352459341597,2.274310486712442,11.363353632493192,1,0,1,0,2,0,1,0,1,0,0,1
3998847,19b612cb-6743-4c36-b487-97f716e584fc,1,25,51,Spain Women's,Laia Aleixandri López,Patricia Guijarro Gutiérrez,54.3,14.7,57.9,27,12.816006,6.95686401872117,0.11074336041544897,0.1602723836990379,0.049529023283588935,0.3577035460100194,0.5231036490661002,0.16540010305608077,0.8175558673789174,1.1213759642090297,0.30382009683011235,6.974538653261778,6.584001384266089,0,0,0,0,1,1,0,0,1,0,0,1
3998847,eb9e2595-c9fe-4b1d-88d1-d8e9a3235cb1,1,25,53,Spain Women's,Patricia Guijarro Gutiérrez,Victoria López,61.8,28.6,78.4,41.4,20.96187,17.682435181296015,0.4647804663231236,0.521785492669878,0.05700502634675436,0.9390241194730414,1.1340901476695449,0.19506602819650343,1.5510102357996383,2.031521732899173,0.4805114970995348,3.8289690770083094,2.894097830557414,0,1,1,1,2,1,0,0,1,0,0,1
3998847,2fcc8153-ab2c-471b-a047-9a48b0ea19b4,1,25,58,Spain Women's,Victoria López,María Francesca Caldentey Oliver,91.7,25.8,93.7,43.7,18.011385,5.103763199574669,0.6331822388151828,0.7641182466128648,0.130936007797682,1.5513854884252147,1.6000817670214096,0.04869627859619485,2.7321305524351223,2.657599657747393,-0.07453089468772944,4.2243016858871565,2.8131563197328022,0,1,1,1,4,3,0,0,1,0,1,1
3998847,a6972f4d-9d04-4c9f-a2ac-9ca718aaba69,1,26,3,Spain Women's,Ona Batlle Pascual,Esther Gonzalez Rodríguez,107.8,58.6,111.9,35.7,23.264135,13.073495126950561,0.22424788114760133,0.5019237496156321,0.27767586846803083,0.5772349158091016,1.2527101425675249,0.6754752267584233,1.2542786997520523,2.291033208897746,1.0367545091456936,4.840169654753855,5.417015286051387,0,0,1,0,1,3,0,0,0,1,1,1
3998847,8dde1fdf-8992-41dd-8d9b-530856eac800,1,26,35,Belgium Women's,Janice Cayman,Laura Deloose,9.7,23.3,23.1,12.5,17.210463,10.830410768699451,0.326240452729544,0.2363991776810775,-0.0898412750484665,0.5250197352930688,0.4702867011775657,-0.054733034115503065,0.7500328164386825,0.7568953234640889,0.006862507025406472,3.3656392123250085,4.437135992286713,0,0,1,1,1,1,0,0,1,0,0,1
3998847,849196d3-ff75-4970-88da-f67684d21b1d,1,26,54,Spain Women's,Laia Aleixandri López,Patricia Guijarro Gutiérrez,42.5,16,52,25.7,13.577187,11.643729823462749,0.0034157321994115917,0.05583352552817542,0.05241779332876383,0.046809015817545985,0.2164573213158039,0.1696483054982579,0.2144901858560215,0.5210950789921333,0.3066048931361117,18.058204746797493,8.871021680010143,0,0,0,0,0,0,0,0,1,0,0,1
3998847,cb12a993-cf18-4a0a-a0f6-ec88877b5928,1,29,42,Spain Women's,Ona Batlle Pascual,Patricia Guijarro Gutiérrez,72.4,63.4,74.6,55.2,8.489994,5.163813510963415,0.4271294567106104,0.21594047459739613,-0.2111889821132143,0.6279419808685367,0.5865589064752919,-0.041383074393244845,0.8826372889461456,1.1746843443171775,0.2920470553710319,2.5672691401133503,6.2346920702052655,1,0,1,0,1,2,0,0,1,0,0,1
3998847,22ef5596-0410-4bdd-a7dc-858f23862106,1,29,45,Spain Women's,Patricia Guijarro Gutiérrez,Ona Batlle Pascual,73,54.7,71.1,63.2,8.7097645,-4.879190948988402,0.4829759472917239,0.19562255960212033,-0.28735338768960356,1.0098841416068964,0.5973100474037596,-0.41257409420313684,1.7527116096927915,1.288809229727847,-0.46390237996494443,4.433984318553316,6.264612009513887,0,0,2,0,2,1,0,0,1,0,0,1
3998847,74f0efe3-2ca8-42dd-9421-eeeb8ebdf029,1,29,46,Spain Women's,Ona Batlle Pascual,Patricia Guijarro Gutiérrez,70.5,63.2,68.7,56.5,6.9375787,0.7788656956053615,0.22400402528151428,0.36941745888883115,0.14541343360731687,0.6365883489556772,0.8277194519101402,0.191131102954463,1.3255578346387409,1.5717784704037703,0.2462206357650294,5.826108432445932,4.069776604066472,0,0,0,1,1,2,0,0,1,0,0,1
3998847,296b6f0d-2314-4195-90c3-73d19391cc33,1,29,49,Spain Women's,Patricia Guijarro Gutiérrez,Claudia Pina Medina,67.9,49.6,76.3,43.5,10.381233,9.137134380344236,0.3373341885585644,1.0843635384486265,0.7470293498900622,0.8318842745539757,1.8837993394776293,1.0519150649236537,1.6429742668165814,2.9674734135781002,1.3244991467615188,4.211937623629416,1.3531689784512733,0,1,1,2,1,2,0,0,1,0,0,1
3998847,a592afcb-adaa-452b-a17c-3e6b4e6d8d93,1,29,52,Spain Women's,Claudia Pina Medina,María Francesca Caldentey Oliver,78.6,47,91,74,29.711277,-2.7001887207846664,1.1470541999234993,0.038856969649058305,-1.108197230274441,1.8838192755853775,0.1976493304168891,-1.6861699451684884,2.92032009035386,0.589365223014438,-2.3309548673394223,0.6488938320647198,10.370614340997944,1,0,1,0,4,0,0,0,1,0,0,1
3998847,d52ebefa-d24b-4366-accc-3ff244b8e565,1,29,56,Spain Women's,María Francesca Caldentey Oliver,Claudia Pina Medina,96.8,69.5,99.4,55.2,14.534442,11.929073544480016,0.6936531476154677,0.9241293180739464,0.23047617045847868,1.0339658071633204,1.5231331952809029,0.4891673881175824,1.5854133768357475,2.4561020736656816,0.8706886968299341,1.3866962267734222,0.9334043403553491,1,1,1,1,1,2,0,0,1,0,0,1
3998847,4e25e33d-fc37-48b6-9e90-7f547b66b41b,1,29,57,Spain Women's,Claudia Pina Medina,María Francesca Caldentey Oliver,98.9,55.2,94.2,54.5,4.7518415,-3.5906315898751906,1.255400650141047,1.050349883957173,-0.20505076618387408,2.067170958119243,2.1041643081639148,0.03699335004467175,3.1939285722850044,3.473921435832891,0.27999286354788655,0.6448508626654399,3.06673741197253,1,0,2,3,3,3,1,0,1,0,0,1
3998847,d47525f6-78c8-48e9-b57c-e688a83aeca0,1,29,59,Spain Women's,María Francesca Caldentey Oliver,Alexia Putellas Segura,94.6,54.2,100,40.6,14.63284,9.090830202276162,1.0503494368707469,1.4149254640215838,0.3645760271508369,2.1041638236497553,2.4049291180706796,0.30076529442092426,3.473920988449655,3.76536284231322,0.291441853863565,3.0667390833826107,0.38562677189444494,0,1,3,1,3,4,0,1,1,0,0,1
3998847,185026d3-a00f-4750-b4aa-eadffb17210a,1,30,8,Spain Women's,Laia Aleixandri López,Irene Paredes Hernandez,74.8,26.5,71.3,49.6,23.363647,-2.4642040889325614,0.12798836384419698,0.015974706654066414,-0.11201365719013057,0.45111217598617054,0.14306164446988082,-0.3080505315162897,1.0542377075680003,0.5815074293069189,-0.4727302782610814,7.335304773996952,13.429825066792251,0,0,0,0,1,0,0,0,1,0,1,1
3998847,fe6b2d8e-2fd6-4051-85ab-26e8ab4fa6ff,1,31,26,Belgium Women's,Sari Kees,Tessa Wullaert,6.5,60.5,28.9,61.7,22.43212,21.687652253359772,0.07205137535241622,0.5806299076707166,0.5085785323183004,0.2167352922586592,0.9537849997225462,0.737049707463887,0.4497695022589418,1.5443508226369753,1.0945813203780335,7.908374052629371,1.8902014619180962,0,1,0,1,1,1,0,0,0,0,0,0
3998847,79033403-9e63-43c3-905a-cb506a662433,1,31,28,Belgium Women's,Tessa Wullaert,Amber Tysiak,28.9,61.7,25.3,76.3,15.037287,-7.770022484032708,0.5290910438194312,0.3386754552668547,-0.19041558855257645,0.9258240931818726,0.7017893123305536,-0.224034780851319,1.548066857100191,1.2179803010197274,-0.33008655608046356,2.1956484398661407,3.797119800241348,1,0,1,1,1,1,0,0,0,0,0,0
3998847,403cc3f7-850f-4a1a-80cc-905d402403c5,1,31,48,Spain Women's,Patricia Guijarro Gutiérrez,Olga  Carmona García,69.6,5.8,68.4,1.2,4.753946,-3.6519220297968005,0.2889954348350705,0.3751590049673923,0.08616357013232179,0.8173291676490463,0.7464890216770848,-0.07084014597196153,1.6190412768579971,1.365770957858017,-0.2532703189999801,5.059563014614915,3.1879618923019204,0,0,0,1,1,1,0,0,1,0,0,1
3998847,92c16797-8179-4ec4-ad3f-a6f27cbcac9c,1,31,51,Spain Women's,Olga  Carmona García,Laia Aleixandri López,67.4,1.7,47.4,8.1,20.999048,-14.23273893627318,0.5198846661487556,0.006647796034669603,-0.513236870114086,0.9396212961096468,0.07208357071476712,-0.8675377253948797,1.5993747830700913,0.28389872843297653,-1.3154760546371147,2.3092476861160502,17.00875258367226,1,0,1,0,1,0,0,0,1,0,0,1
3998847,3b9bcf2a-cb2e-4bae-ad47-a762fd4b0ab5,1,31,55,Spain Women's,Laia Aleixandri López,Irene Paredes Hernandez,46.3,10.2,45.7,31.7,21.508371,4.734573290290996,0.01397534199141942,0.024564198481172254,0.010588856489752834,0.10993434806999372,0.13468011620893272,0.024745768138939,0.36740623352775015,0.38471233042941966,0.01730609690166951,13.865010458681013,11.501956913221164,0,0,0,0,0,0,0,0,1,0,0,1
3998847,d992e4f0-86a3-42a5-b69a-169e09292680,1,31,58,Spain Women's,Irene Paredes Hernandez,Laia Aleixandri López,47.1,32.9,41.6,24.5,10.040419,-6.672588416278387,0.26286959490253076,0.01937340967969844,-0.2434961852228323,0.5308509170796389,0.14847125183091975,-0.3823796652487192,0.953939488644351,0.5043279373581707,-0.44961155128618024,4.122123975636086,13.620790237474788,0,0,1,0,1,0,0,0,1,0,0,1
3998847,91d97583-3029-46bf-9e7d-1f6b28bec64a,1,32,0,Spain Women's,Laia Aleixandri López,Patricia Guijarro Gutiérrez,42,24.5,52.6,13.5,15.276125,7.102711980139745,0.019752639702086162,0.14255290440566595,0.1228002647035798,0.15291022185334155,0.4498811705461563,0.2969709486928147,0.5181312701735995,0.9446184417160024,0.4264871715424029,13.94864884910717,6.9636299423828705,0,0,0,0,0,1,0,0,1,0,0,1
3998847,fb93a680-a684-4efa-b325-2f112a091f88,1,32,3,Spain Women's,Patricia Guijarro Gutiérrez,Laia Aleixandri López,53,12.7,42.2,19.3,12.657014,-8.158314585540424,0.6176237322247546,0.03853297110716554,-0.5790907611175891,0.9810302793109433,0.23142566097054892,-0.7496046183403944,1.4657103430890106,0.6704958596348674,-0.7952144834541433,1.8519916833148429,12.361612466785745,1,0,1,0,1,0,1,0,1,0,0,1
3998847,cebadb0d-ccfa-4bec-8443-eb226284a7e1,1,32,6,Spain Women's,Laia Aleixandri López,Irene Paredes Hernandez,49.2,28.1,45.6,51.4,23.576471,-3.4752145105136236,0.1691014659367204,0.03067609160743016,-0.13842537432929025,0.5176732524522614,0.18188239548376825,-0.3357908569684931,1.087680719593424,0.5503367661584758,-0.5373439534349481,6.226855551109175,11.346400678212305,0,0,0,0,1,0,0,0,1,0,0,1
3998847,959310e8-e3b8-4ad5-86d1-ff758525d6c9,1,32,20,Spain Women's,Claudia Pina Medina,María Francesca Caldentey Oliver,76.3,54,72.8,65,11.543396,-7.524185731705785,0.8993761085309224,0.1624699248200301,-0.7369061837108923,1.5787696171483034,0.6235545438362948,-0.9552150733120086,2.571987908709012,1.4703342709160634,-1.1016536377929487,1.3590254504672805,7.349096245157175,1,0,1,0,3,1,1,0,1,0,0,1
3998847,ecdfdd83-3560-4be8-ab99-965562db6256,1,32,23,Spain Women's,María Francesca Caldentey Oliver,Patricia Guijarro Gutiérrez,75.9,66,67.9,57.6,11.6,-3.7986067412391193,0.31947770115420154,0.12757477474145507,-0.19190292641274648,0.8719590020138309,0.43591059417823713,-0.4360484078355938,1.7414098024881839,1.0150270620750799,-0.726382740413104,5.402092266349897,7.0770662676427465,0,0,0,0,2,1,0,0,1,0,0,1
3998847,2c774695-e818-4f51-afec-5c68fa296d99,1,32,25,Spain Women's,Patricia Guijarro Gutiérrez,Alexia Putellas Segura,67.9,57,73.2,31.1,26.436716,7.164631072658366,0.30902220781342343,0.20466617717513647,-0.10435603063828697,0.6826356469726088,0.6381656793162374,-0.044469967656371456,1.311634512040954,1.4177137070085237,0.10607919496756968,3.8865862466096854,5.930901054364139,0,0,1,0,1,1,0,0,1,0,0,1
3998847,c9405e9e-30f9-4eee-ab28-7bd5a61e22a0,1,32,34,Spain Women's,Olga  Carmona García,Alexia Putellas Segura,97.9,4,88.8,17.8,16.530275,3.950241675266099,0.34307079070860247,0.2974503363594048,-0.04562045434919765,0.6992433623037825,0.7451955646520478,0.04595220234826536,1.24102045952308,1.5036731495012423,0.26265268997816227,3.6768575936241525,4.292682556732744,0,0,1,1,1,1,0,0,1,0,0,1
3998847,06a095e5-f6bc-4b50-adc1-6a20a4553947,1,32,38,Spain Women's,Alexia Putellas Segura,Ona Batlle Pascual,87.7,24.5,93.3,49.6,25.717115,7.4531234465119525,0.5306521503286741,0.15339851804609492,-0.37725363228257913,1.311713666299412,0.6251484249829741,-0.6865652413164379,2.443611835205864,1.538605620855704,-0.9050062143501598,3.7058693648425383,7.447085866265369,0,0,1,0,2,1,0,0,1,0,0,1
3998847,cb93ff72-5b79-428b-954d-bc98db1f1cc2,1,33,6,Spain Women's,Esther Gonzalez Rodríguez,Ona Batlle Pascual,105,63.4,113.6,68.8,10.154801,-1.707578690776117,1.1368139891455151,0.17975918699772025,-0.9570548021477949,2.0188235328139776,0.5013483719268066,-1.517475160887171,3.119622944131026,1.0959123751214483,-2.0237105690095776,2.154762350078545,5.570066582828113,1,0,3,0,4,1,0,0,1,0,0,1
3998847,40409ba3-a96c-4a5c-a178-4ffb92f8f365,1,33,11,Spain Women's,Ona Batlle Pascual,Victoria López,105.4,67.8,96.3,61.1,11.300443,-0.3310506961815811,0.6513878277683918,0.6531736506611857,0.0017858228927939424,0.9879273924767944,1.40682253617101,0.41889514369421565,1.669539479573397,2.544929109152337,0.8753896295789401,1.439076242841413,2.5490312676975444,1,1,1,1,1,2,1,0,1,0,0,1
3998847,32fa10f2-4ddd-4ade-92eb-ccadb9a7fae0,1,33,28,Spain Women's,Olga  Carmona García,Claudia Pina Medina,54.9,26.8,63.8,23,9.677293,7.709865065392847,0.2752253471878223,0.3341831952841796,0.05895784809635729,0.5571262323433697,0.830128212372373,0.27300198002900333,1.069696305433842,1.60560989831086,0.535913592877018,3.9597128178689354,4.79868829838543,0,0,1,1,1,2,0,0,1,0,0,1
3998847,04dda5fc-24cf-4f78-8107-24a3306d471a,1,33,51,Spain Women's,María Francesca Caldentey Oliver,Alexia Putellas Segura,69.6,72.9,69.2,60.7,12.206555,5.332251908408324,0.5700208772577039,0.3510559465734756,-0.2189649306842283,1.0435414387199768,0.9354562723143006,-0.10808516640567623,1.7231782588894178,1.8191990828626627,0.09602082397324496,2.268162526402422,4.564857912294966,1,0,1,1,1,1,1,0,1,0,0,1
3998847,44f7943d-268e-4328-bb35-9e04f0fa4848,1,33,52,Spain Women's,Alexia Putellas Segura,Patricia Guijarro Gutiérrez,69.2,60.7,65.1,65.4,6.2369866,-5.635536170749347,0.4563029551848633,0.5661218479391656,0.10981889275430234,1.103260762314718,1.3934365906994026,0.2901758283846847,2.082313681706806,2.489617549858922,0.4073038681521157,3.652868382531357,4.97169169248886,0,0,1,1,1,4,0,0,1,0,0,1
3998847,aac8b998-34ea-4a63-bd8b-25a0e5b6ab3b,1,33,54,Spain Women's,Patricia Guijarro Gutiérrez,Laia Aleixandri López,65.1,64.2,58.7,44,21.189621,-1.4332838209509404,0.8770093224910771,0.04910335148295701,-0.8279059710081201,1.6723256577237005,0.26262119803895445,-1.409704459684746,2.738801585616472,0.845939642556065,-1.8928619430604068,1.913548300128967,9.622219841592038,1,0,1,0,3,0,1,0,1,0,0,1
3998847,69c3d926-50aa-45b8-b38a-17a1ab1465c1,1,33,58,Spain Women's,Laia Aleixandri López,Patricia Guijarro Gutiérrez,62.8,34.2,67.7,42.7,9.811218,5.123656260059967,0.23568104722556257,0.33385466274285,0.0981736155172874,0.5720337033732699,0.879273079301267,0.3072393759279971,1.225856249407344,1.7576412719376346,0.5317850225302907,4.572750078727234,5.4759582218984155,0,0,1,0,1,2,0,0,1,0,0,1
3998847,55f6d9c8-ab0b-40e5-a833-922f6c1fcf54,1,33,59,Spain Women's,Patricia Guijarro Gutiérrez,Laia Aleixandri López,67.4,40.9,59.9,34.5,9.859513,-7.7434401210011,0.5866011265718177,0.12843579275790656,-0.45816533381391117,1.154032807279942,0.4205234080519118,-0.7335093992280302,2.0060915020134225,0.9972548249524865,-1.0088366770609358,3.1065179637982303,6.9541799655341325,0,0,2,0,2,1,0,0,1,0,0,1
3998847,82010911-f6bc-46b4-b969-e459c221118b,1,34,1,Spain Women's,Laia Aleixandri López,Irene Paredes Hernandez,60.1,34.5,56.4,47.7,13.708756,-3.9124465042232472,0.12843591711088972,0.04031548030443691,-0.08812043680645282,0.4205236477803992,0.2160321868502838,-0.2044914609301154,0.9972551760788775,0.6566773438290842,-0.3405778322497933,6.9541769482570155,10.541071216220164,0,0,0,0,1,0,0,0,1,0,0,1
3998847,2b3daf9b-07c0-4984-84eb-952e5565f2fa,1,34,12,Spain Women's,Olga  Carmona García,Laia Aleixandri López,67.7,2.7,63.5,11.7,9.931767,1.0471651299135303,0.17029743207999443,0.22428003603779406,0.053982603957799635,0.5763120526477924,0.6789915927359815,0.10267954008818914,1.2522832293066712,1.3789165300037403,0.12663330069706902,6.9644437524642155,6.410391766069278,0,0,0,0,1,1,0,0,1,0,0,1
3998847,89d40a2b-5554-44ba-8ea9-ab9f0d917dbe,1,34,13,Spain Women's,Laia Aleixandri López,Patricia Guijarro Gutiérrez,61.4,12.4,55.8,19.1,8.732124,-2.741916679165328,0.22107205197639856,0.10930806450945084,-0.11176398746694773,0.6789138803704226,0.4205920751296219,-0.2583218052408007,1.3798117950687476,0.9663091967190335,-0.41350259834971415,6.83399394675245,8.312959588165624,0,0,0,0,2,0,0,0,1,0,0,1
3998847,385c46da-2d38-463e-9d26-24811be09b6c,1,34,18,Spain Women's,Patricia Guijarro Gutiérrez,Laia Aleixandri López,57.4,24.5,62.5,12.8,12.763228,0.8815038530751949,0.49133577570091813,0.31373832401912705,-0.17759745168179109,0.8568149639024597,0.7239700985478963,-0.1328448653545634,1.4135772947410352,1.367104249405303,-0.046473045335732266,2.421078388173792,4.2291136426309555,1,0,1,1,1,1,0,0,1,0,0,1
3998847,051a73dc-3696-4e00-8c1d-62dc72d64919,1,35,3,Spain Women's,Ona Batlle Pascual,María Francesca Caldentey Oliver,48.9,70.3,50.4,76,5.894065,-1.0720460425541063,0.03397510672251917,0.07781271701836043,0.04383761029584126,0.20173057550303203,0.28855613476706893,0.0868255592640369,0.603988005445346,0.697573919037641,0.09358591359229496,11.485101811162004,8.105158261106086,0,0,0,0,0,0,0,0,1,0,0,1
3998847,27020967-aeab-4607-a6dd-46d3021fab65,1,35,6,Spain Women's,María Francesca Caldentey Oliver,Victoria López,55.3,70.6,65.6,70.4,10.301942,9.253398426620066,0.4021838238302684,0.9697229398280807,0.5675391159978123,0.8075203838500785,1.491606651711834,0.6840862678617555,1.4404067356082046,2.1349014191034104,0.6944946834952057,3.11830588013212,1.392568259733671,0,1,1,2,1,3,0,1,1,0,0,1
3998847,9fbf647c-d90f-44d8-bd11-60134f7ae5c5,1,35,8,Spain Women's,Victoria López,Ona Batlle Pascual,64.8,70.3,62.5,76.5,6.6128664,-5.137255971007491,0.9697224178498776,0.4602029321253153,-0.5095194857245622,1.4916063491459015,0.9450823288535698,-0.5465240202923317,2.134901323849924,1.5729756845253555,-0.5619256393245684,1.392570149588618,3.5478176553611522,1,0,2,1,3,2,1,0,1,0,0,1
3998847,b2f30d1f-ecba-4fb5-a480-6158c1388430,1,35,9,Spain Women's,Ona Batlle Pascual,María Francesca Caldentey Oliver,62,76.4,48.7,68.3,15.572412,-8.235034967558505,0.7820784760802737,0.060584291073067224,-0.7214941850072065,1.2222733899854068,0.28316010053768564,-0.9391132894477212,1.7953979862705283,0.7401095594507355,-1.0552884268197928,1.4156984989076091,9.705425866424244,1,0,1,0,2,0,1,0,1,0,0,1
3998847,9a76ed9d-4c5e-4a1a-948c-f287cd61053d,1,35,20,Spain Women's,Laia Aleixandri López,Olga  Carmona García,57.1,14.3,65.5,2.7,14.322011,1.9058177010536355,0.3705610372815042,0.11678188792096988,-0.2537791493605343,0.6588536430062241,0.3605655145031635,-0.2982881285030606,1.1405550582755613,0.7774546735708725,-0.36310038470468875,3.0836480008862077,7.076311054642595,0,0,1,0,1,1,0,0,1,0,0,1
3998847,f452b73a-bbcd-4a9a-9179-4c6efa23bada,1,35,24,Spain Women's,Alexia Putellas Segura,Laia Aleixandri López,62,17.5,43,16.5,19.026299,-18.29487756789718,0.8108537137441154,0.021457108967882797,-0.7893966047762326,1.2340041796880845,0.15068792394418254,-1.083316255743902,1.9010782934300392,0.4817967326246404,-1.4192815608053988,1.0058312946238412,12.726491529087095,1,0,1,0,1,0,0,0,1,0,0,1
3998847,34e61f1b-5b33-438c-9cc1-899f7d8b64cb,1,35,26,Spain Women's,Laia Aleixandri López,Irene Paredes Hernandez,43,16.5,42.5,40.2,23.705275,3.0059528764366235,0.014257743142263786,0.01522619584185886,0.0009684526995950744,0.11982748752046996,0.10512319345483649,-0.014704294065633464,0.4207389051104501,0.34047900372343975,-0.08025990138701034,14.448153343195987,13.021962775883775,0,0,0,0,0,0,0,0,1,0,0,1
3998847,8cfc6fa2-16db-4781-9779-1657fe73cd10,1,35,29,Spain Women's,Irene Paredes Hernandez,Ona Batlle Pascual,46.4,39.6,57.3,58.6,21.904566,8.200398878720605,0.02677936241142744,0.03381575332529836,0.00703639091387092,0.16228850192646987,0.1872576465902167,0.024969144663746834,0.48779256377161345,0.5453728297683627,0.0575802659967492,12.02915551180261,11.863440354543009,0,0,0,0,0,0,0,0,1,0,0,1
3998847,2efbde49-739c-4602-9136-34f463daf10d,1,35,32,Spain Women's,Ona Batlle Pascual,Claudia Pina Medina,61,62.9,113.5,58,52.728172,44.15064934794764,0.2300855149998156,0.7809411204886805,0.5508556054888649,0.5485705737975742,1.2596709967199207,0.7111004229223464,1.080212584485814,1.8498808808452616,0.7696682963594477,4.8505833515868035,1.5786960311192617,0,1,1,1,1,2,0,0,0,0,0,0
3998847,8dfdcdd1-d7b9-43f1-a334-4cb9f80db11d,1,35,53,Spain Women's,Alexia Putellas Segura,Esther Gonzalez Rodríguez,117.6,53.1,113.4,44.9,9.213035,5.097935564755563,1.0259404782153645,2.0446532724145463,1.0187127941991818,1.7570807772595307,3.478439487019908,1.721358709760377,2.9117067682738482,5.0663778209144255,2.1546710526405772,0.9108218116736445,0.5671553749452123,1,1,1,4,3,7,1,0,0,1,1,1
3998847,d14d107e-41dc-4fbf-9dbb-4042b800e316,1,36,12,Belgium Women's,Janice Cayman,Laura Deloose,11,21.8,28.4,4.4,24.607315,12.234287165308274,0.23207609271307775,0.0729674983361294,-0.15910859437694835,0.43239843982011517,0.22547425581227315,-0.20692418400784202,0.6741581346748096,0.46686175246197065,-0.20729638221283891,4.393258140358226,7.9112265593888225,0,0,1,0,1,1,0,0,1,0,0,1
3998847,033f47af-f90f-404e-930e-f697221e75a9,1,36,18,Belgium Women's,Laura Deloose,Janice Cayman,12.3,11.9,7.6,8.2,5.9816384,-5.506378844490797,1.4351049355131404,0.3049110391539725,-1.130193896359168,1.8519284856968778,0.6695366003252536,-1.1823918853716242,2.4050063075077004,1.226666544453785,-1.1783397630539154,0.5936509065214988,4.096892393390558,2,0,2,1,2,1,1,0,0,0,0,0
3998847,08b0b4d1-507e-4aba-b01e-d9207a2871cf,1,36,26,Belgium Women's,Tessa Wullaert,Jarne Teulings,40.4,16.7,39.3,23.6,6.987131,0.5904787775677391,0.991657945178669,0.38926247092138394,-0.602395474257285,1.570052229096372,1.0953676289642633,-0.4746846001321088,2.389859706881607,2.1310859601496457,-0.2587737467319613,1.3106900939458825,5.864410118162539,1,0,2,0,2,3,0,0,0,0,0,0
3998847,f33ae322-3004-4399-91f0-2949c2e708a4,1,36,40,Spain Women's,Laia Aleixandri López,Patricia Guijarro Gutiérrez,35.6,44.9,47.9,41.5,12.76127,12.426518039375182,0.007004556200291035,0.10807058963000274,0.10106603342971171,0.050959877399310315,0.3434007695055021,0.2924408921061918,0.15560291694747988,0.6622607442707324,0.5066578273232526,14.883583367715671,7.967664677852887,0,0,0,0,0,1,0,0,1,0,0,1
3998847,1976f96b-fe4e-4d8c-bbc2-20da9541848d,1,36,43,Spain Women's,Patricia Guijarro Gutiérrez,María Francesca Caldentey Oliver,51,37.6,57.4,12.8,25.612497,0.7877888984046422,0.4453677923937488,0.042726857419427056,-0.40264093497432174,0.9280276657940726,0.24227606543010263,-0.68575160036397,1.6315723538394913,0.7225830576964292,-0.9089892961430621,3.0518082616429623,11.136573127476144,0,0,1,0,1,0,0,0,1,0,0,1
3998847,0677dade-061c-40cc-8d35-2a3b24639228,1,36,51,Spain Women's,Olga  Carmona García,María Francesca Caldentey Oliver,82,5,72,2,10.440307,-9.558546047697902,0.8092478850303844,0.0445796583373479,-0.7646682266930365,1.2601444181321142,0.25025364940232486,-1.0098907687297893,1.802017039662175,0.7382175693911633,-1.0637994702710118,1.8198647602630782,11.585271160309317,1,0,2,0,2,0,0,0,1,0,0,1
3998847,196043cd-9c41-4226-8655-1a96ce4018f2,1,36,54,Spain Women's,María Francesca Caldentey Oliver,Patricia Guijarro Gutiérrez,77.1,5.9,75.2,14.1,8.417244,3.053695491983653,0.30025775727877063,0.1730962363739954,-0.12716152090477523,0.6934741497653687,0.6445803569152807,-0.04889379285008799,1.3268318908524208,1.4311553138044821,0.10432342295206132,4.072918964284678,7.604127451592976,0,0,1,0,1,1,0,0,1,0,0,1
3998847,8cda230e-36af-4bf9-8c0a-37de3ec0baa8,1,36,55,Spain Women's,Patricia Guijarro Gutiérrez,Olga  Carmona García,74.8,14.7,85.1,14.8,10.300486,8.751870949420095,0.2834557644559378,0.8605600449364168,0.577104280480479,0.794565657717634,1.612608415673673,0.8180427579560391,1.5473447979471644,2.4414064432018354,0.894061645254671,5.948659997335481,3.3225238665370744,0,0,0,2,2,4,0,0,1,0,0,1
3998847,c9ad94a8-580e-4361-8d84-d3c01d47408a,1,36,56,Spain Women's,Olga  Carmona García,Patricia Guijarro Gutiérrez,85.1,14.8,78.6,14.8,6.5,-5.419416000574557,0.8605600449364168,0.27123345105517144,-0.5893265938812453,1.612608415673673,0.7963185129780889,-0.8162899026955842,2.4414064432018354,1.59086374050671,-0.8505427026951253,3.3225238665370744,6.5946537778129715,0,0,2,0,4,2,0,0,0,0,0,0
3998847,f0e5e043-202e-443b-a6cb-17dccc96fd21,1,36,58,Spain Women's,Patricia Guijarro Gutiérrez,Esther Gonzalez Rodríguez,79.9,15.6,97.4,16.8,17.541094,14.551798690681842,0.2745992173479194,0.45310797886353593,0.1785087615156165,0.7991556385118601,1.0089861468124968,0.20983050830063665,1.6037324730650808,1.8385322648374123,0.23479979177233146,5.7817952034655145,3.2879856900012117,0,0,0,1,1,1,0,0,1,0,0,1
3998847,80930a34-2c80-4087-947e-7e161ffc59ce,1,37,37,Belgium Women's,Jill Janssens,Tessa Wullaert,35.6,69.9,44,65.3,9.577056,9.43926832706093,0.9878115214247641,0.9174154930615384,-0.07039602836322578,1.7643138644139658,1.79236965329066,0.028055788876694132,2.595332715662449,2.7892652508652884,0.1939325352028396,3.1051566004351363,3.3636786165797323,0,0,3,2,3,3,1,0,0,0,0,0
3998847,8975d97c-27f9-441f-adf9-a8008d5a850d,1,37,39,Belgium Women's,Tessa Wullaert,Jill Janssens,43.8,65.4,42.7,69.2,3.9560082,-2.3094369049003234,0.9174155333408619,1.09656058560205,0.17914505226118804,1.7923696933260893,2.0026999759843354,0.21033028265824605,2.789265281940424,2.9772858213625475,0.1880205394221237,3.363677910516659,2.2272337020341846,0,1,2,2,3,4,0,0,0,0,0,0
3998847,eb10c1b4-5446-48bd-a8a1-ae7aeca96496,1,37,52,Spain Women's,Irene Paredes Hernandez,Laia Aleixandri López,48.5,26.6,45,17.5,9.749872,-5.557470821981283,0.31917943801633086,0.07962237923993461,-0.23955705877639627,0.6903921349856418,0.3051160505847488,-0.385276084400893,1.1749765734637747,0.7331340915554111,-0.4418424819083636,4.220751249652038,8.308187139858036,0,0,1,0,1,0,0,0,1,0,0,1
3998847,cce4eb89-c775-446b-8364-a6a8de994108,1,37,53,Spain Women's,Laia Aleixandri López,Patricia Guijarro Gutiérrez,45,17.1,55.1,6.8,14.425672,5.5192713159093785,0.10389744444344086,0.12689981101717027,0.023002366573729408,0.3450503666362005,0.3995967853492455,0.054546418713045,0.7764813892682213,0.8499787637969611,0.07349737452873983,7.276270810525603,6.9713444668604865,0,0,0,0,1,1,0,0,1,0,0,1
3998847,cf700f18-c6b0-42f8-b95c-80716e11ef31,1,37,56,Spain Women's,Patricia Guijarro Gutiérrez,Victoria López,53,9.1,62.3,27.9,20.974508,14.827111783942698,0.5608890687777053,0.9927206535204476,0.4318315847427423,0.9998023928875007,1.5065626668222243,0.5067602739347236,1.5742594034566195,2.1738756609018997,0.5996162574452801,2.6212226834930847,0.80757128942045,1,1,1,1,2,2,0,0,1,0,0,1
3998847,7098a10a-1b02-4a1f-9742-e6f0d18739c0,1,37,59,Spain Women's,Victoria López,Alexia Putellas Segura,63.6,23.7,72.2,17.1,10.840664,5.705818164490196,1.083130504726222,0.3511552591575888,-0.7319752455686332,1.7659776990552225,0.9346651521330238,-0.8313125469221987,2.4818200617326456,1.7842374184699183,-0.6975826432627272,1.5705023644717762,5.306871893253707,1,0,2,0,4,2,0,0,1,0,0,1
3998847,0292fa7b-0f45-4a6c-8b35-78a02b9bccec,1,38,8,Spain Women's,Victoria López,Ona Batlle Pascual,90.7,25.1,86.9,46,21.242645,-0.7684515820457634,0.4808947020105833,0.10474831304864463,-0.3761463889619387,1.161930021786536,0.4191108778646018,-0.7428191439219343,2.0883401776985187,1.069622583402807,-1.0187175942957116,4.299010691005175,7.617606395438125,0,0,1,0,3,1,0,0,1,0,0,1
3998847,c802e9da-a70c-42b6-9f18-4b44155d695d,1,38,10,Spain Women's,Ona Batlle Pascual,Claudia Pina Medina,88.2,50.6,99.2,61.7,15.62722,3.4613674409446915,0.2631878277734553,0.16458812054886862,-0.09859970722458666,0.6796199095311707,0.45618754047676097,-0.22343236905440972,1.3891951757240553,0.9917691216696662,-0.397426054054389,4.687389798296457,5.784586979771303,0,0,1,0,1,1,0,0,0,0,0,0
3998847,6d972a19-7cf5-4a16-85b7-d0f4cd4fa5f1,1,38,13,Spain Women's,Claudia Pina Medina,Ona Batlle Pascual,99.9,62.4,112.2,57.6,13.203408,10.845039023650859,0.6138816385394446,0.8685844352993538,0.25470279675990926,1.0161292734895937,1.4022340929722625,0.38610481948266884,1.6022128924375603,2.170190804708418,0.5679779122708577,2.084209337038829,1.32998726784106,1,1,1,1,2,2,0,1,0,0,0,0
3998847,49a855dc-aa6a-4020-ae70-67a4caa9ef12,1,39,43,Belgium Women's,Laura Deloose,Hannah Eurlings,72.2,7.4,79.4,3.9,8.005623,3.5300944020346847,0.7545940471715602,0.4573312010005983,-0.2972628461709619,0.9644470815129308,0.8752688355863935,-0.08917824592653734,1.3199076722022194,1.466490366083703,0.1465826938814836,0.9362537884213814,3.0662636574605964,1,0,1,1,1,2,1,0,0,0,0,0
3998847,e0d3df93-85fd-42a4-b738-21d0c012ef19,1,39,44,Belgium Women's,Hannah Eurlings,Laura Deloose,79.2,4.6,76,13.9,9.835141,2.857989366713703,0.4573313756710615,0.9973758936320105,0.540044517960949,0.8752689113078385,1.6197376458343906,0.7444687345265522,1.4664903769404727,2.3504828091421692,0.8839924322016965,3.066261235309133,1.821120209101416,0,1,1,2,2,3,0,1,0,0,0,0
3998847,0e2c41ce-51c2-4bd9-b458-d46932ec7b34,1,40,2,Spain Women's,Irene Paredes Hernandez,Laia Aleixandri López,42.8,63.2,44.6,18.8,44.43647,2.2869819196660757,0.04137238886357714,0.01682300070058319,-0.024549388162993954,0.19416970430416244,0.115867838940045,-0.07830186536411744,0.5529557264070261,0.41787569487706133,-0.13508003152996473,9.81852671201258,12.541842079881327,0,0,0,0,0,0,0,0,1,0,0,1
3998847,08747b41-398a-4f4c-ad07-0ec79d654e19,1,40,8,Spain Women's,Laia Aleixandri López,Irene Paredes Hernandez,43.8,18.1,40.7,55,37.029987,-1.4215816570629158,0.11659659585253196,0.0072266691430501835,-0.10936992670948177,0.3245350147376763,0.06804439434797042,-0.2564906203897059,0.7290117808757879,0.2825742355318636,-0.44643754534392427,6.531027005439608,15.119089587426878,0,0,0,0,1,0,0,0,1,0,0,1
3998847,64ae9019-50d3-408f-9b0a-7913d0c104b1,1,40,12,Spain Women's,Irene Paredes Hernandez,Laia Aleixandri López,40.7,55,43,18.9,36.173195,0.8675457608585475,0.10041468712982143,0.0033069982645618184,-0.09710768886525961,0.2903914626887544,0.04443502466483341,-0.24595643802392098,0.6358002571138004,0.22262747735826363,-0.4131727797555368,6.970335559856579,17.563368876913636,0,0,0,0,1,0,0,0,1,0,0,1
3998847,c53be9f6-6400-4d2e-9506-6827547bf14e,1,40,15,Spain Women's,Laia Aleixandri López,Alexia Putellas Segura,47.1,20.1,63.3,27.9,17.979988,17.590601513714347,0.009563824713199925,0.2933022273732543,0.28373840266005435,0.08943226761496799,0.838976597071709,0.749544329456741,0.3665588357447192,1.672626455419818,1.3060676196750989,14.651066250960376,5.710502754521099,0,0,0,0,0,2,0,0,1,0,0,1
3998847,4837c146-6fff-4af4-b587-0844e31922a8,1,40,17,Spain Women's,Alexia Putellas Segura,Laia Aleixandri López,63.3,27.9,63.3,12.2,15.7,-5.171756367093266,0.46796175761682746,0.11285575392042359,-0.3551060036964039,1.0808247691681456,0.38459734050479355,-0.6962274286633521,1.919150308056512,0.9389827347283874,-0.9801675733281245,4.128370678118416,6.991113154778245,0,0,1,0,2,1,0,0,1,0,0,1
3998847,7d7cc4fb-5f15-463c-ad19-70595062c323,1,40,20,Spain Women's,Laia Aleixandri López,Olga  Carmona García,68.3,5,75.6,2.5,7.7162166,4.315875022889948,0.26932529806760963,0.14747284821072013,-0.1218524498568895,0.6106967138189339,0.47303864349584474,-0.13765807032308913,1.1971193921138714,1.0179706782749314,-0.17914871383894004,4.243709299002819,7.892808403263776,0,0,1,0,1,2,0,0,1,0,0,1
3998847,b67f4ee2-cb93-4590-ae3b-1b575ecaa19b,1,40,22,Spain Women's,Olga  Carmona García,María Francesca Caldentey Oliver,76.7,3.5,75.4,14,10.58017,5.006428960227481,0.4411882129587818,0.6940804307143059,0.2528922177555241,0.895519605474209,1.3178009075286927,0.4222813020544838,1.4951180788006164,2.102497682692854,0.6073796038922374,3.5464540276354595,2.317909696451299,0,1,1,1,2,3,0,0,1,0,0,1
3998847,2e750479-763e-4874-b62f-216a2cb7b61f,1,40,28,Spain Women's,Alexia Putellas Segura,María Francesca Caldentey Oliver,63.5,16.5,73,13.7,9.904039,7.334265600046059,0.2350604078112432,0.47177732263940236,0.23671691482815915,0.7135214162195126,1.0807444489448057,0.3672230327252931,1.4714188973345692,1.9237742015157273,0.4523553041811581,6.98989574291741,3.555341494426651,0,0,0,1,2,2,0,0,1,0,0,1
3998847,b71c9e3d-c40b-4e14-911f-940639bda3c7,1,40,29,Spain Women's,María Francesca Caldentey Oliver,Alexia Putellas Segura,73,13.7,67.6,13.4,5.408327,-4.906901363766913,0.47214562144932676,0.5630605071131978,0.09091488566387101,1.0491670064903522,1.069680555762403,0.020513549272050735,1.8614850795729603,1.7857818822152411,-0.07570319735771913,3.3241288423568083,2.540121941339307,0,1,1,1,2,2,0,0,1,0,0,1
3998847,d4a23a23-2815-4176-87a8-8edbd5f3d20a,1,40,32,Spain Women's,Alexia Putellas Segura,María Francesca Caldentey Oliver,72.6,13.7,76.7,4,10.530907,-2.103184375425357,0.47940295824008966,0.10312592466612201,-0.37627703357396763,1.0785659057483314,0.40438566622527644,-0.674180239523055,1.9587738259348835,1.0439387287020458,-0.9148350972328376,4.103231975901994,7.524805499328989,0,0,1,0,2,1,0,0,1,0,0,1
3998847,53da1c6c-54de-4c9a-9f6d-1d6933a89852,1,40,34,Spain Women's,María Francesca Caldentey Oliver,Alexia Putellas Segura,76.3,4.8,74.6,10.4,5.8523498,1.9164977116694217,0.3051182345754176,0.6033767818412499,0.2982585472658323,0.6955308894797358,1.1662495974645972,0.4707187079848614,1.3818310414216197,1.9828589143628976,0.6010278729412779,3.927232096561731,2.6886636867873923,0,1,1,1,1,2,0,0,1,0,0,1
3998847,9b2a5891-ff22-4226-900f-4f97a5332568,1,40,35,Spain Women's,Alexia Putellas Segura,María Francesca Caldentey Oliver,74.6,10.4,74.8,5,5.4037023,-2.9697256763860764,0.2171608888864619,0.13992993014993882,-0.07723095873652308,0.633394930433063,0.5088775275219481,-0.1245174029111149,1.351450112587904,1.1895033697660202,-0.1619467428218837,5.68729128830852,7.3448131826024445,0,0,0,0,1,1,0,0,1,0,0,1
3998847,a2b2d925-4daa-496d-97a3-d7a905a39e34,1,40,44,Spain Women's,Laia Aleixandri López,María Francesca Caldentey Oliver,47.9,9.1,56.7,2.4,11.060289,4.817399323193186,0.1428117068299154,0.17456616243257572,0.031754455602660325,0.37130831957596644,0.4868871162608048,0.11557879668483834,0.7507540380372149,1.0224832510828266,0.2717292130456117,5.9870296407276244,5.779393150657886,0,0,0,0,1,1,0,0,0,0,0,0
3998847,7b98f05d-bf36-4549-b2be-1d455dc40d0c,1,40,47,Spain Women's,María Francesca Caldentey Oliver,Alexia Putellas Segura,56.4,2.5,64.8,15.2,15.226622,13.317187923384921,0.3911125197712223,0.3848836225958261,-0.006228897175396209,0.7911901170261627,0.8634319224159862,0.0722418053898235,1.3838002649609098,1.5903913577308773,0.20659109276996745,3.3037417308639507,3.6707602466323923,0,0,1,1,1,1,0,1,0,0,0,0
3998847,263df962-9891-431f-9102-7db9e9623c9d,1,41,27,Spain Women's,Laia Aleixandri López,Patricia Guijarro Gutiérrez,54.5,19.7,63.3,12.4,11.4337225,5.512925026221808,0.020973608610894506,0.052013678599378006,0.0310400699884835,0.15356456538631674,0.29169831606209035,0.1381337506757736,0.5217916531706321,0.8193355235497786,0.2975438703791464,13.78408563724928,11.457169664538405,0,0,0,0,0,0,0,0,1,0,0,1
3998847,7f87ee24-c6e3-4621-ab84-757ba16380ca,1,41,30,Spain Women's,Patricia Guijarro Gutiérrez,Irene Paredes Hernandez,61.8,11.5,53.2,41.9,31.593037,-2.0235433660321718,0.12703001989925614,0.04268569408238373,-0.0843443258168724,0.4578443532376676,0.19091843136081232,-0.26692592187685527,1.086553307571712,0.5260580651820316,-0.5604952423896804,7.110569270407732,9.69370629926487,0,0,0,0,1,0,0,0,1,0,0,1
3998847,63766286-6f5b-4bf8-8f4c-3b41a97f773e,1,41,40,Spain Women's,Olga  Carmona García,Alexia Putellas Segura,63.8,3.8,58.4,5.9,5.7939625,-3.5589111021403426,0.45674198015283046,0.34860599678995297,-0.1081359833628775,0.8104533920235609,0.837118382937296,0.026664990913735087,1.3267665917439915,1.5048268870270631,0.17806029528307166,2.669713249986213,4.916838070873016,1,0,1,1,1,2,0,0,1,0,0,1
3998847,92760aaf-2040-4da3-9ad1-faacaa618a56,1,41,47,Spain Women's,Irene Paredes Hernandez,Ona Batlle Pascual,32.3,32.6,49.7,64.5,36.336895,13.564753132806658,0.1563321412902677,0.8372697157256472,0.6809375744353795,0.3462239275284912,0.9968928921814286,0.6506689646529374,0.6204629482939329,1.305494390766652,0.6850314424727192,5.580818400375397,0.5813111924167885,0,1,0,1,1,1,0,0,1,0,0,1
3998847,4014a10e-a31a-460b-a443-2646441b9dc8,1,41,54,Spain Women's,Claudia Pina Medina,Patricia Guijarro Gutiérrez,61.5,73.4,56.7,63.7,10.822661,-0.22800270279789459,0.7454631674169145,0.3693944140348947,-0.37606875338201984,1.1318661370409848,0.9538865858436303,-0.17797955119735454,1.5925172982399634,1.8078831521767704,0.21536585393680707,1.8693297846424548,4.606360796070955,1,0,2,1,2,1,0,0,1,0,0,1
3998847,84867edc-bc92-45c8-8897-4b22db27d891,1,41,55,Spain Women's,Patricia Guijarro Gutiérrez,Claudia Pina Medina,56.4,63.2,50.2,73.7,12.1938505,-9.810212499421354,0.36939438001989405,0.1034613546858121,-0.2659330253340819,0.9538865372396871,0.401092927992796,-0.552793609246891,1.8078830917690694,0.9652207277707391,-0.8426623639983303,4.606361308547584,7.872505507997162,0,0,1,0,1,1,0,0,1,0,0,1
3998847,e0d4f690-c447-4254-8edd-4dc9465ac9f3,1,41,58,Spain Women's,Claudia Pina Medina,Irene Paredes Hernandez,49.9,73.6,27.7,59.1,26.515844,-16.518961574421652,0.3412704728567688,0.009425901035646802,-0.33184457182112204,0.7604198510485172,0.08179977270377,-0.6786200783447471,1.2762211818129754,0.3136842687987212,-0.9625369130142543,4.257257157528426,14.414741679084687,0,0,1,0,1,0,0,0,1,0,0,1
3998847,8f438a9a-c506-44a3-a360-bf741d46aed1,1,42,36,Spain Women's,Laia Aleixandri López,Irene Paredes Hernandez,41.6,7.6,37.4,20.4,13.471452,-0.062454077544998654,0.02953010344418794,0.0035408269683191848,-0.025989276475868753,0.20559592811283864,0.04977939557733992,-0.1558165325354987,0.6586542717217061,0.23574376722096352,-0.4229105045007426,12.38785657298566,18.13194617810983,0,0,0,0,0,0,0,0,1,0,0,1
3998847,18896ad7-de4d-48c0-b405-c691c253dfa6,1,42,40,Spain Women's,Irene Paredes Hernandez,Victoria López,44.6,28.5,60.1,35.8,17.133009,16.22488278683793,0.04158710901739918,0.6422242008085279,0.6006370917911288,0.21668627358947476,1.2506469219930985,1.0339606484036237,0.5934092371610924,1.957306974478831,1.3638977373177386,10.92173276477807,3.1544443056673197,0,0,0,2,0,2,0,0,1,0,0,1
3998847,3ba6537b-0cdd-4ae2-ba0f-7210ef4cd6e3,1,42,48,Spain Women's,Alexia Putellas Segura,María Francesca Caldentey Oliver,85.1,16,86.1,10.4,5.6885853,-2.648355706365365,0.8470738931598234,0.622475745594137,-0.2245981475656864,1.4809662000736972,1.3047590231473316,-0.17620717692636556,2.245887794590812,2.096034293002211,-0.1498535015886011,1.9477243193731297,4.627798042207657,1,0,1,2,3,3,0,0,1,0,0,1
3998847,85e274a7-fcc2-4c80-b4eb-72933debcdff,1,42,59,Spain Women's,Olga  Carmona García,Laia Aleixandri López,79.3,5,68.1,7.3,11.4337225,-7.662969281570724,0.12674397862810183,0.04078491547696339,-0.08595906315113844,0.43231148121504587,0.18418692966973566,-0.2481245515453102,0.9832664331826257,0.5097753711773383,-0.47349106200528746,7.5415065377841675,9.91058279873049,0,0,0,0,1,0,0,0,1,0,0,1
3998847,6a7029a4-7158-45cc-9d5b-fe3c236fb35c,1,43,0,Spain Women's,Laia Aleixandri López,Irene Paredes Hernandez,68.1,7.3,67.4,24.4,17.11432,6.477920691449555,0.05930768171745491,0.06374034404732325,0.004432662329868338,0.24399908822448166,0.3027685367535988,0.05876944852911717,0.6368700972601551,0.7846395596853842,0.14776946242522915,8.962207814317624,9.655920634575349,0,0,0,0,0,0,0,0,1,0,0,1
3998847,eef33c0e-aa43-442a-ae36-6dfb722747dd,1,43,2,Spain Women's,Irene Paredes Hernandez,Patricia Guijarro Gutiérrez,69.4,25.1,77.6,19.1,10.160708,5.476936710967486,0.09208868904349474,0.4221479836216747,0.33005929457817995,0.3694902810052648,1.041168173291683,0.6716778922864183,0.8838880975525598,1.914978734057829,1.0310906365052692,8.221338197455882,4.666868322147602,0,0,0,1,0,2,0,0,1,0,0,1
3998847,4ee86897-d449-48a7-bc94-fad204d41070,1,43,6,Spain Women's,Patricia Guijarro Gutiérrez,Ona Batlle Pascual,77.6,19.6,83.2,55.2,36.037758,7.236736472097043,0.7004694951404005,0.060666517951472446,-0.639802977188928,1.5336948156064307,0.26960440233527283,-1.264090413271158,2.580269619994569,0.7539999948428013,-1.8262696251517676,3.507103133557966,9.0156383150081,0,0,1,0,4,0,0,0,1,0,0,1
3998847,bc2de5b7-2114-46ef-bfaa-56705d6c95a9,1,43,9,Spain Women's,Ona Batlle Pascual,Claudia Pina Medina,85.8,57.6,93.5,52.5,9.2358,9.162798556190694,0.3878496228069726,0.7585158922898511,0.37066626948287845,0.7785980167754499,1.495962810116631,0.717364793341181,1.451017458769298,2.4848825357850033,1.0338650770157052,3.138408376761415,3.525121530072294,0,0,1,2,1,3,0,0,1,0,0,1
3998847,7791c0d4-c246-4a42-8972-7050944d571e,1,43,13,Spain Women's,Claudia Pina Medina,Patricia Guijarro Gutiérrez,88.6,53.9,92.3,46.5,8.273452,5.886628414786074,0.8527806578046278,0.7715993562758224,-0.08118130152880532,1.5029425354773018,1.6219615256565607,0.11901899017925888,2.4555730726762164,2.789582978966341,0.3340099062901247,1.5298597541827168,2.916052992579898,1,1,1,1,3,3,0,0,1,0,1,1
3998847,e21e0f1a-b6f9-4858-9137-ce8ac138ac1a,1,43,14,Spain Women's,Patricia Guijarro Gutiérrez,Alexia Putellas Segura,92.7,46.5,100.4,45.8,7.731753,7.622986533226332,1.336658072477291,1.250642669136037,-0.0860154033412539,2.1209037295203794,2.300036739100359,0.17913300957997969,3.2099300835121953,3.5577894926825295,0.3478594091703342,0.5621016620888878,2.5609536830485804,1,1,2,3,3,5,1,0,1,0,1,1
3998847,26ae678e-24de-4957-a292-722caaa6dc26,1,43,17,Spain Women's,Alexia Putellas Segura,Patricia Guijarro Gutiérrez,101.2,43.4,103.5,31.9,11.727745,0.724004756094331,1.7289878151920293,1.2923622348112436,-0.4366255803807857,2.7155068423461923,2.14994058591471,-0.5655662564314823,3.917485735022704,3.1580293034557148,-0.7594564315669894,0.6728486715558503,2.2465681096331114,2,2,2,3,5,4,1,0,0,1,1,1
3998847,b24202b1-69e7-4552-a13c-278ae666a48a,1,43,21,Spain Women's,Patricia Guijarro Gutiérrez,Alexia Putellas Segura,104.3,35.2,104.1,41.4,6.203225,0.4558526326055592,1.8784207720636186,1.4719899185495027,-0.4064308535141159,2.9295466987783496,2.7524308486271036,-0.17711585015124598,4.109898814145326,4.089279106656548,-0.020619707488777728,0.47417098516423606,2.826895057004849,2,1,2,5,5,6,1,0,0,1,1,1
3998847,367e004c-0471-4ac6-8ec3-e23cb4400a41,1,44,13,Spain Women's,Esther Gonzalez Rodríguez,Patricia Guijarro Gutiérrez,116.3,64.7,113,75.1,10.911004,-10.815611954598598,0.5431452258685724,0.28759570229172476,-0.2555495235768476,1.2295816674376479,0.6586553743095193,-0.5709262931281286,2.1791459974615086,1.2817950962724933,-0.8973509011890153,3.4613014384279364,4.236302053679157,0,0,1,1,2,1,0,0,1,0,0,1
3998847,e30ee7f0-006e-4989-be9f-637e7fdaaa34,1,44,15,Spain Women's,Patricia Guijarro Gutiérrez,María Francesca Caldentey Oliver,113.2,75.1,105,67.3,11.317244,4.603143955159673,0.2875956412230042,0.2991604622171329,0.0115648209941287,0.6586553001626004,0.9057137589279933,0.2470584587653929,1.2817950072114364,1.88668638564771,0.6048913784362737,4.236302810715316,5.489527369303433,0,0,1,0,1,1,0,0,1,0,0,1
3998847,a0f73cde-a91d-4647-8df0-293657b82e2c,1,44,19,Spain Women's,María Francesca Caldentey Oliver,Alexia Putellas Segura,103,64.1,94.8,44.7,21.061813,3.8579944279515317,0.8057200836971762,0.1635152784791536,-0.6422048052180226,1.6544901171776265,0.7198655883672364,-0.9346245288103902,2.7994091636103344,1.823577342265412,-0.9758318213449224,2.5759371477311186,8.326568915275985,1,0,1,0,4,0,0,0,1,0,0,1
3998847,739f7b6a-6b2d-41bb-bcdd-071e78ae90c3,1,44,40,Spain Women's,Ona Batlle Pascual,Irene Paredes Hernandez,57.3,71.6,43.8,61.4,16.920107,-8.935072148405439,0.5094097844005953,0.017104015048551545,-0.49230576935204373,0.7442636357491188,0.1377356266304826,-0.6065280091186362,1.0681001904811174,0.47808006836660344,-0.5900201221145139,2.0982712796214193,13.662164191925013,1,0,1,0,1,0,1,0,1,0,0,1
3998847,75627124-3fd5-4f15-bb4b-ea742bcd35ab,1,44,59,Spain Women's,Ona Batlle Pascual,Irene Paredes Hernandez,37.9,71.4,36.6,55.7,15.75373,3.0348798449092698,0.0068248814188926815,0.0085815767763779,0.0017566953574852185,0.06906093760396878,0.08433746433245239,0.015276526728483605,0.26566064442880344,0.31500614568876917,0.04934550125996573,16.496160815468972,15.602534893934527,0,0,0,0,0,0,0,0,1,0,0,1
3998847,e7afc58c-8af1-4860-8227-c44f7a3e7498,1,45,9,Spain Women's,Irene Paredes Hernandez,Ona Batlle Pascual,46.9,50.9,50.2,67.5,16.924833,-1.1137438417125054,0.28948073341014485,0.05372826223808901,-0.23575247117205583,0.5919073814709735,0.2788348024548493,-0.31307257901612423,1.0709403356867402,0.7757406354169906,-0.2951997002697496,3.965839494368773,10.337905552890211,0,0,1,0,1,0,0,0,1,0,0,1
3998847,68f85662-d12f-4042-9770-aae4ba8d747d,1,45,12,Spain Women's,Ona Batlle Pascual,Patricia Guijarro Gutiérrez,50,67.5,51.7,53.1,14.5,5.663095289341001,0.29349670011656287,0.5124871976151881,0.21899049749862526,0.65970386002572,1.1340744388820219,0.47437057885630185,1.2296857472074183,1.9195296491503233,0.689843901942905,4.065623105734294,3.647159877197282,0,0,1,1,1,3,0,0,1,0,0,1
3998847,75af793a-04d7-4d29-b60c-50ef30b00c8b,1,45,13,Spain Women's,Patricia Guijarro Gutiérrez,Victoria López,51.7,53.1,56.6,60.7,9.042677,2.8512466419468154,0.6490227235709883,1.0084042856178412,0.3593815620468529,1.2394832880322975,1.5305501313198535,0.29106684328755605,1.968202332974068,2.1405294439888416,0.1723271110147735,2.547938658429036,1.3807940570141042,1,1,1,2,3,3,0,0,1,0,0,1
3998847,3e68f385-8954-479d-bc08-5213828a9be5,1,45,20,Spain Women's,Victoria López,Alexia Putellas Segura,78.6,44.3,77.1,56.8,12.589679,-4.449515759495597,1.0747830973844505,0.23876607531932267,-0.8360170220651278,1.8097201886545269,0.7884199907461455,-1.0213001979083813,2.7098855167121334,1.7067885480829323,-1.003096968629201,2.637715774958203,6.051268473284063,2,0,3,0,3,1,0,0,1,0,0,1
3998847,458e2051-c3ff-459a-8f06-3cfd5adbacbc,1,45,22,Spain Women's,Alexia Putellas Segura,María Francesca Caldentey Oliver,79.1,56.3,86.6,25,32.186024,7.4147412719345525,0.2835152784886453,0.07903776563228207,-0.2044775128563632,0.7704295175347325,0.3830140995435688,-0.38741541799116375,1.5611487644035638,1.0856623034393658,-0.475486460964198,4.77351818095741,8.68546493691099,0,0,1,0,1,0,0,0,1,0,0,1
3998847,e941b945-538c-47ad-b2eb-8ec32cb4c9eb,1,45,27,Spain Women's,Victoria López,Claudia Pina Medina,95,47.5,98.6,60,13.008075,-3.190187962777152,0.9959960687641585,0.3042656548803924,-0.6917304138837661,1.939862789184721,0.8186208217864558,-1.1212419673982654,3.1092107411092273,1.6915699301573508,-1.4176408109518766,2.281964770998802,4.645995814169008,1,0,2,1,3,1,0,0,1,0,0,1
3998847,e265ed6d-f6fd-461e-bfa5-6ffe44e3b47b,1,45,35,Spain Women's,Patricia Guijarro Gutiérrez,Claudia Pina Medina,89,64.1,91.4,55.7,8.736132,6.639978554894952,0.08966865096820993,0.7281180153908541,0.6384493644226441,0.41888444362701444,1.4478619713912915,1.028977527764277,1.108612559927653,2.4450979959766563,1.3364854360490033,9.50210897799763,2.876894685578709,0,1,0,2,0,2,0,0,1,0,0,1
3998847,042e2bd3-63a4-4322-9587-48c3d01efc79,1,45,35,Spain Women's,Claudia Pina Medina,Patricia Guijarro Gutiérrez,91.2,55.7,88.6,65.2,9.849365,-7.460272355866927,0.728118099477914,0.3512633101343315,-0.37685478934358246,1.4478623249905804,0.8450524990423384,-0.6028098259482421,2.445098542045764,1.6101159314548275,-0.8349826105909366,2.8768978438276087,4.2355843621093845,1,0,2,1,2,2,0,0,1,0,0,1
3998847,fb1342df-aaf7-4bbc-97b2-f75facc3d32d,1,45,37,Spain Women's,Patricia Guijarro Gutiérrez,Alexia Putellas Segura,88.1,65,91.7,50.3,15.1343975,10.413016683446202,0.7509862523005377,0.41749922770505654,-0.3334870245954812,1.2222015831260613,1.077458870009212,-0.14474271311684928,1.9454610677361752,2.122369890029737,0.17690882229356175,1.4233927718813681,5.073949962702374,1,0,1,0,2,2,1,0,1,0,0,1
3998847,01d7abe3-f4e8-41e4-97c0-e48428463590,1,45,38,Spain Women's,Alexia Putellas Segura,Claudia Pina Medina,91.7,50.3,95.8,53.2,5.0219517,2.5501876568589594,0.584496765154441,0.6401978440747396,0.05570107892029852,1.2817146802993966,1.4633636871936049,0.18164900689420826,2.3294650482129162,2.5940107986580863,0.26454575044517004,3.5409848083308852,4.470897156844555,0,0,2,2,2,3,0,0,1,0,0,1
3998847,74f64e61-3646-4f70-a889-1c25fb5891d1,1,45,40,Spain Women's,Claudia Pina Medina,Alexia Putellas Segura,100.2,53.9,99.6,45.5,8.421401,3.0635239233761133,0.9768318375807946,1.1914682359545035,0.21463639837370885,1.8468636863865922,2.287597906083639,0.44073421969704696,3.029703762646586,3.592808290473812,0.563104527827226,2.0983861460992776,3.39140189488985,1,0,2,3,3,5,0,0,1,0,0,1
3998847,ef4f834c-90ae-4fda-af7b-1dfcba11f670,1,45,42,Spain Women's,Alexia Putellas Segura,Victoria López,100.7,44,116.6,45.7,15.9906225,13.073132267231845,1.2733499031991193,1.0086139321848404,-0.2647359710142789,2.1600102949309608,2.1157648895189274,-0.04424540541203337,3.2620593629771575,3.430541742608172,0.16848237963101464,2.0473326695886778,3.4182538108123866,2,0,2,3,4,5,0,0,1,0,0,1
3998847,20f6704e-e7e7-4564-a290-608146c1d25f,1,45,51,Spain Women's,Ona Batlle Pascual,Patricia Guijarro Gutiérrez,110.2,71.6,99.1,67.1,11.977479,-1.138351934914283,0.6725416908285708,0.32626807338026853,-0.3462736174483023,0.9174233871514156,0.6890384932865874,-0.2283848938648282,1.300166772486641,1.239704890502977,-0.06046188198366398,1.3174564163954818,3.781228826547191,1,0,1,1,1,1,0,0,0,0,0,0
3998847,66771b3a-8982-40d6-9f25-3d8d2d8b383b,1,45,56,Belgium Women's,Hannah Eurlings,Tessa Wullaert,37.8,16.7,36.1,9.8,7.106335,-3.7313244939684296,0.572946039647311,0.6542281085103735,0.08128206886306255,1.030499115707905,0.9054857299208656,-0.12501338578703947,1.7850787236623422,1.3701148409574366,-0.4149638827049056,2.1369020631024007,1.3513854882282463,1,1,1,1,1,1,0,0,1,0,0,1
3998847,85b90e4b-4646-4bfb-92a8-1655ecba6f9c,1,46,1,Belgium Women's,Tessa Wullaert,Hannah Eurlings,58.1,20.5,93,11.1,36.14374,25.3487495491001,1.129376470155293,0.05847788891666862,-1.0708985812386245,1.5935751322925193,0.1906597236585988,-1.4029154086339206,2.1320341044929005,0.4034658468300968,-1.7285682576628036,1.4564337063419395,8.537425436507302,2,0,2,0,2,0,0,0,1,0,0,1
3998847,f31e318b-3cf6-4b7e-b258-1a48dce7170a,2,45,3,Belgium Women's,Jarne Teulings,Janice Cayman,55,34.3,43,14.2,23.409613,-15.957944384307638,0.6500489588675024,0.04661811149137953,-0.6034308473761228,1.1850035854355847,0.23811441580922946,-0.9468891696263553,1.9650188620508342,0.6866583626831959,-1.2783604993676383,2.1889366229001004,10.23376232874059,1,0,1,0,2,0,1,0,0,0,0,0
3998847,c9cc26d9-89f7-4e45-a020-ae4864229670,2,45,11,Spain Women's,Irene Paredes Hernandez,Alexia Putellas Segura,35.1,64.9,43.3,59,10.10198,9.457809445100466,0.17927661075821408,0.5370396288418259,0.3577630180836118,0.5667732318121546,1.0966764441716434,0.5299032123594889,1.2196165808327322,1.81192595853919,0.5923093777064579,7.117975260746098,3.0528689485769585,0,0,0,1,2,2,0,0,0,0,0,0
3998847,20fe00d3-4c7f-4f4c-9cd8-eda128ebd97c,2,45,43,Spain Women's,Irene Paredes Hernandez,Ona Batlle Pascual,41.1,57,43.1,66.5,9.708244,-0.6272809783115036,0.05433809086020532,0.03372941160742358,-0.020608679252781745,0.2592605099034644,0.2133133613372408,-0.04594714856622359,0.7023130434490381,0.6632967922307079,-0.03901625121833019,9.65456287085733,11.979600816481756,0,0,0,0,0,0,0,0,1,0,0,1
3998847,cdd0cf8a-babb-49da-be1f-1e0b2d009aae,2,45,46,Spain Women's,Ona Batlle Pascual,Irene Paredes Hernandez,43.1,66.5,26.9,56.7,18.933569,-13.248002730328508,0.2883179633830925,0.027086124704744613,-0.26123183867834787,0.6640625408719716,0.15419693342243354,-0.509865607449538,1.2422146700703205,0.4806438611447903,-0.7615708089255302,4.39551650846719,11.20663577585614,0,0,1,0,1,0,0,0,1,0,0,1
3998847,7eeda327-77cf-4b71-9180-9fa8c52123a6,2,45,49,Spain Women's,Irene Paredes Hernandez,Laia Aleixandri López,26.9,55.9,25.7,25.3,30.62352,-0.9909058683735026,0.15105999231870024,0.38633142445225677,0.23527143213355653,0.36613524884609444,0.639504708529399,0.27336945968330456,0.6448404320043268,0.9648630334412968,0.3200226014369699,5.830175844860272,2.936708011673984,0,1,0,1,1,1,0,0,1,0,0,1
3998847,a3c6c337-5546-4ce4-b380-b8a0b29c4ad5,2,46,7,Spain Women's,Ona Batlle Pascual,María Francesca Caldentey Oliver,46.3,75.9,56.1,79.5,10.440307,6.855689896034875,0.4116094185407792,0.2627891992747561,-0.14882021926602312,0.6861658384869287,0.6556041208818033,-0.030561717605125382,1.1281585565297085,1.211410371536123,0.08325181500641454,2.7430752357764607,5.834030617887126,1,0,1,0,1,2,0,0,1,0,0,1
3998847,ba162d9b-5427-4c11-b297-73cfd22449e4,2,46,9,Spain Women's,María Francesca Caldentey Oliver,Aitana Bonmati Conca,56.1,79.5,52.3,72.7,7.7897367,-0.060675975191813336,0.5452386112172728,0.8040262738639551,0.2587876626466823,1.0563624673483836,1.4701870364896465,0.413824569141263,1.6781001803116633,2.210431192743994,0.5323310124323306,3.3307237524606133,3.0763508203362426,0,0,1,2,2,3,0,0,1,0,0,1
3998847,d5416a13-48cf-497c-9ad1-b10638cc6312,2,46,10,Spain Women's,Aitana Bonmati Conca,Patricia Guijarro Gutiérrez,48.6,71.4,45,64.5,7.782673,-0.9007663072160312,0.7790583338235662,0.49153382276419005,-0.2875245110593761,1.4283518748837813,1.103236761064533,-0.3251151138192483,2.1915540555864768,1.916356450502199,-0.2751976050842777,2.6233245579620967,4.046188931560205,1,0,2,1,2,2,0,0,1,0,0,1
3998847,66a52ee9-e5df-4cf9-a578-603c8d666efb,2,46,12,Spain Women's,Patricia Guijarro Gutiérrez,Laia Aleixandri López,41.4,61.5,29.9,47.4,18.195055,-8.915890129361372,0.4606734511010683,0.0272299524069197,-0.43344349869414855,1.041984551634792,0.1867183968897714,-0.8552661547450207,1.815059230169774,0.6047468954022583,-1.2103123347675158,4.4634162914188895,12.62989288224919,0,0,1,0,2,0,0,0,1,0,0,1
3998847,df6b2426-263c-4811-8736-7546175b8f5e,2,46,19,Spain Women's,Laia Aleixandri López,Ona Batlle Pascual,35.1,39.4,42.8,69,30.585127,2.4349145116738953,0.1656003296422416,0.04466137904726796,-0.12093895059497364,0.48876305583647134,0.22710178937253223,-0.2616612664639391,1.050451556382288,0.6329420956873868,-0.41750946069490125,6.173314269477667,10.587956110915329,0,0,0,0,1,0,0,0,1,0,0,1
3998847,a8f7c218-a88e-4dbe-b3a1-c2f1f5444ff3,2,46,31,Spain Women's,Esther Gonzalez Rodríguez,Claudia Pina Medina,89.9,74.7,82.4,73,7.6902537,-4.091767587214775,0.8468344918328774,0.7688983240831468,-0.07793616774973056,1.5576386305075813,1.4982416757524493,-0.05939695475513207,2.349752875419801,2.3548728525669795,0.005119977147178378,3.3912598797418867,3.363594809603837,0,0,2,2,3,3,0,0,1,0,0,1
3998847,9422874d-2594-4589-ad43-51ad0df5c841,2,46,42,Spain Women's,Claudia Pina Medina,Aitana Bonmati Conca,98.9,76.4,98,65.5,10.937093,8.394760025744205,0.40053623823512946,0.7408164014268692,0.34028016319173976,0.8861665496574279,1.4786572489141647,0.5924906992567368,1.5787251393734105,2.448189105276144,0.8694639659027334,3.823224536015303,2.2905562528722414,0,1,1,1,2,3,0,0,1,0,0,1
3998847,d987dccc-04ec-4fe7-970a-17cee2e87265,2,46,43,Spain Women's,Aitana Bonmati Conca,Claudia Pina Medina,98,65.9,99.9,72.3,6.676077,-4.060900779199606,0.8400584569603705,0.2507887701320683,-0.5892696868283023,1.561919077211617,0.7395201484322645,-0.8223989287793524,2.4988331105479467,1.497801464122281,-1.0010316464256657,1.8074458130766253,6.789310175180056,1,0,1,0,2,2,0,0,1,0,0,1
3998847,76987a0b-97a2-4dcc-a1a1-3187a9c8e236,2,46,45,Spain Women's,Claudia Pina Medina,Aitana Bonmati Conca,99.9,72.3,97.5,65.9,6.835203,3.7350882414745783,0.6935045636435305,0.8540212864958273,0.1605167228522968,1.3372303034185942,1.6039273302961294,0.26669702687753527,2.1325570237181832,2.5048052393424873,0.3722482156243041,3.6542222161905342,2.7594282708045443,0,1,2,2,3,3,0,0,1,0,0,1
3998847,4e628be8-1753-4ddf-9152-6d29c782dfdd,2,47,2,Belgium Women's,Jarne Teulings,Jill Janssens,43.8,62.7,37.6,67.5,7.8409185,-7.358465449454798,0.6331161220638994,0.4519412539690468,-0.18117486809485267,1.1657805944658484,0.8214865356557751,-0.34429405881007324,1.8863937307310852,1.345397591003454,-0.5409961397276313,2.7752391097190747,2.731112566421941,1,1,1,1,2,1,1,0,1,0,0,1
3998847,ffbbb6f9-8693-4f90-8e2f-0281ae828f10,2,47,37,Spain Women's,Laia Aleixandri López,Patricia Guijarro Gutiérrez,16.7,18.1,25,30,14.508618,10.071062079077791,0.16195932773485164,0.2642958890664945,0.10233656133164284,0.37363870911456215,0.652345540835084,0.27870683172052185,0.6803554295364391,1.1495947293925064,0.46923929985606727,5.522651817658999,5.748400525606618,0,0,0,0,1,2,0,0,1,0,0,1
3998847,fe0198c8-5a7b-4c30-aa2c-0661e2fe67c1,2,47,38,Spain Women's,Patricia Guijarro Gutiérrez,Adriana Nanclares Romero,25,30,7.6,36.2,18.4716,-16.939350658589873,0.2642958890664945,0.040785180023252425,-0.22351070904324205,0.652345540835084,0.17716793341168138,-0.47517760742340265,1.1495947293925064,0.44185023475623064,-0.7077444946362758,5.748400525606618,9.939675266133396,0,0,0,0,2,0,0,0,1,0,0,1
3998847,58ef28c3-0b8c-4784-99f5-becbfe667993,2,47,42,Spain Women's,Adriana Nanclares Romero,Laia Aleixandri López,8.5,34.8,15.8,11.9,24.03539,3.6987639008486894,0.05884738427020615,0.006032527771705975,-0.05281485649850018,0.21942851370142374,0.06439758719955209,-0.15503092650187167,0.498242854742925,0.2712073943670007,-0.22703546037592431,8.829564026092342,16.0360246171099,0,0,0,0,0,0,0,0,1,0,0,1
3998847,e1c6b6b3-a6ae-407f-8248-2b4150703930,2,47,46,Spain Women's,Laia Aleixandri López,Patricia Guijarro Gutiérrez,24,10.9,37.1,20.5,16.240997,15.15100795063374,0.14960995668333618,0.33896947956249596,0.18935952287915978,0.4085309322235461,0.7456244632626823,0.3370935310391362,0.8367904168242613,1.263959620709407,0.4271692038851458,5.946336433195672,4.368834647052222,0,0,0,1,1,2,0,0,0,0,0,0
3998847,9b751e63-6806-448f-bb6e-ed6fec348b39,2,47,49,Spain Women's,Patricia Guijarro Gutiérrez,María Francesca Caldentey Oliver,41.6,22.1,66.1,7.9,28.317663,17.682953222715845,0.461989786801268,0.11618682794519862,-0.3458029588560694,0.9607148112624316,0.3803375391026012,-0.5803772721598304,1.6009144427651207,0.9076901538268851,-0.6932242889382356,3.863758015931578,6.963205307936512,0,0,1,0,2,1,0,0,0,0,0,0
3998847,4024a900-8b73-4933-913a-b87cf28e163e,2,48,10,Belgium Women's,Jarne Teulings,Janice Cayman,31.5,60.7,22.9,45.6,17.377283,-6.372735804009054,0.8172882267334163,0.1091980091040191,-0.7080902176293972,1.2882762896885451,0.3512088509078721,-0.937067438780673,1.869332201738207,0.7917106448155925,-1.0776215569226144,2.157050743761136,7.24168363210157,1,0,2,0,2,1,1,0,0,0,0,0
3998847,b248ee09-f136-4687-8822-84cd1aca03fe,2,48,17,Spain Women's,Claudia Pina Medina,Esther Gonzalez Rodríguez,90.3,50.6,99.8,42.4,12.549502,11.19282667619433,1.1790279065661502,0.8691339291929102,-0.30989397737324,1.9658416299596113,1.5254069566386765,-0.4404346733209348,2.8221056552599686,2.493736742349721,-0.3283689129102476,2.2837095138358348,1.2065745556910248,1,1,3,1,4,2,0,0,1,0,1,1
3998847,dd29fec3-b0b2-444a-9ee9-1e5d3febee1f,2,48,19,Spain Women's,Esther Gonzalez Rodríguez,Alexia Putellas Segura,99.8,41.2,94.7,35.8,7.427651,-5.41063511623047,1.2845420759159585,0.8975467507230818,-0.3869953251928767,2.238044970763324,1.800449647056995,-0.4375953237063288,3.35090949186532,2.932262541361386,-0.4186469505039341,1.521608145021207,3.175794427859418,1,0,2,2,4,4,0,0,1,0,1,1
3998847,51711ebe-86e4-477a-a0ec-0ab24eeba03d,2,48,19,Spain Women's,Alexia Putellas Segura,María Francesca Caldentey Oliver,94.7,35.8,99.5,24.5,12.277215,-0.053947262959290754,0.8975467507230818,0.8677766524164073,-0.02977009830667443,1.800449647056995,1.515122216615215,-0.2853274304417801,2.932262541361386,2.4444103359046374,-0.4878522054567487,3.175794427859418,2.0108414834838753,0,1,2,2,4,2,0,0,1,1,1,1
3998847,288e700b-8c17-4365-badb-c16b94312247,2,48,22,Spain Women's,María Francesca Caldentey Oliver,Aitana Bonmati Conca,96.2,25.3,91.3,49.6,24.78911,-2.289276045870423,0.5155452156318417,0.17951067307155263,-0.3360345425602891,1.2184606917158047,0.7468934436222027,-0.47156724809360206,2.24617009665332,1.7710143708936237,-0.4751557257596961,3.558925086246964,8.795865607018102,0,0,1,0,2,0,0,0,0,1,1,1
3998847,20a06939-e2e8-498a-ba7c-a2d7cb3ece95,2,48,57,Belgium Women's,Jarne Teulings,Tessa Wullaert,42.2,61.3,54.1,51.7,15.289539,13.732503626307107,0.9172946254857087,0.2769607181920053,-0.6403339072937034,1.4867493618827203,0.8904181283674607,-0.5963312335152596,2.2600975808267494,1.8603209596094896,-0.39977662121725976,1.181310899431133,6.757726840845488,1,0,1,0,3,2,1,0,1,0,1,1
3998847,a573a9ee-cdb5-4ea1-87b0-57c2c2d7751c,2,48,59,Belgium Women's,Tessa Wullaert,Hannah Eurlings,54,43.6,85.4,27.5,35.28697,29.309387801177188,0.7990027743657864,0.6445887959120753,-0.15441397845371108,1.375042807248685,1.0944739315446246,-0.2805688757040605,2.263957029842979,1.6862090361074142,-0.577747993735565,1.439714882135484,2.3342514552672613,1,1,1,1,2,2,1,1,0,1,1,1
3998847,902f6c12-8069-4245-82e2-8542461dbab2,2,51,36,Spain Women's,Alexia Putellas Segura,Patricia Guijarro Gutiérrez,46.3,13,50,21.1,8.905055,5.983442677950734,0.36697086859430067,0.2996531322532238,-0.06731773634107685,0.8486156489902238,0.8632331688635535,0.01461751987332971,1.5612343469132697,1.6404024821933036,0.07916813528003397,4.092994561615912,6.459030603795342,0,0,1,0,2,2,0,0,1,0,0,1
3998847,c64ab018-1078-4faa-8759-43ad086c8ece,2,51,38,Spain Women's,Patricia Guijarro Gutiérrez,Ona Batlle Pascual,47.3,22.1,51.5,53.9,32.07616,4.975157078600489,0.3702040550210179,0.02320433973885778,-0.3469997152821601,0.9584194428352624,0.1454633225940432,-0.8129561202412192,1.6604160399151877,0.5187949431814823,-1.1416210967337053,6.413628296075527,11.591136817471206,0,0,0,0,3,0,0,0,1,0,0,1
3998847,e67dce7e-ba59-48ac-abbd-06f1ab177e7d,2,51,46,Spain Women's,Ona Batlle Pascual,Aitana Bonmati Conca,47.6,66.2,53.5,59.8,8.7045965,7.609720166977638,0.328389975737681,0.5334884110637113,0.20509843532603028,0.7035160380696558,1.0653790373776784,0.36186299930802257,1.2680014970660562,1.7740148732613386,0.5060133761952823,3.7301252315382296,3.6254672153620855,0,0,1,2,1,2,1,0,1,0,0,1
3998847,40b88ec1-aa2a-4b83-bafe-aba246ed0747,2,51,48,Spain Women's,Aitana Bonmati Conca,Patricia Guijarro Gutiérrez,53.5,59.8,48.7,51.3,9.76166,-2.8048036360422373,0.6360331426654959,0.3468331063312733,-0.28920003633422264,1.1997530649684278,0.900708207569459,-0.2990448573989688,1.9442166776861198,1.709996847517243,-0.23421983016887693,2.5446042579423676,5.527365780831074,1,0,1,0,2,2,0,0,1,0,0,1
3998847,d307ec2d-cac7-428a-a25a-3dca0041c951,2,51,51,Spain Women's,Patricia Guijarro Gutiérrez,Aitana Bonmati Conca,48.7,51.3,56.5,55.3,8.765842,6.87266258304858,0.3359905658779503,0.6443737467160886,0.3083831808381383,0.8844067444585214,1.3735086413760313,0.48910189691750994,1.709883857503281,2.3308109779013972,0.6209271203981162,4.639713631629005,3.896062335712349,0,0,1,1,1,3,0,0,1,0,1,1
3998847,052f9fa7-55be-444d-b23a-b651b834ab14,2,51,52,Spain Women's,Aitana Bonmati Conca,Alexia Putellas Segura,56.5,55.3,69.2,50.9,13.44061,13.360994325523556,0.9542450644292195,0.6106664603232749,-0.34357860410594465,1.6864110055295911,1.294167303885861,-0.3922437016437301,2.5575337500044895,2.2653541779976964,-0.292179572006793,2.497315225899858,3.010800447165108,1,0,2,1,3,2,0,0,1,0,1,1
3998847,896616da-fade-48b6-b89d-7386c9e4794c,2,51,56,Spain Women's,Alexia Putellas Segura,Esther Gonzalez Rodríguez,83.4,53.3,103.2,57,20.14274,15.040995369114306,0.6977090216640401,0.32678671637265616,-0.370922305291384,1.335419772167742,0.7268019319740869,-0.6086178401936552,2.2001946886567953,1.4127143385927712,-0.7874803500640242,2.2506493875305584,3.730997270662752,1,0,1,1,2,1,0,0,0,1,1,1
3998847,33e6f147-e72d-4945-9b78-d602acbacdf8,2,54,21,Spain Women's,Irene Paredes Hernandez,Aitana Bonmati Conca,23.4,58.6,36.4,63.5,13.892804,11.534246422274194,0.47968662877561324,0.21408223204262505,-0.2656043967329882,0.7049361759018647,0.7106365491067268,0.005700373204862053,1.0589606669032732,1.4736541412076425,0.4146934743043693,2.2402537235915556,7.987317652369628,1,0,1,0,1,1,0,0,0,0,0,0
3998847,9a7e48b0-6214-4581-9a52-e6dbbc26894b,2,54,22,Spain Women's,Aitana Bonmati Conca,Patricia Guijarro Gutiérrez,36.4,63.5,32.6,56.3,8.1412525,-2.066833366557617,0.21408223204262505,0.21783447274889398,0.0037522407062689223,0.7106365491067268,0.6906956893274756,-0.019940859779251197,1.4736541412076425,1.4419681232255774,-0.03168601798206505,7.987317652369628,6.736826022557417,0,0,0,0,1,2,0,0,0,0,0,0
3998847,fa2c12cc-7f6c-4217-96ea-8f8f54726a1d,2,54,22,Spain Women's,Patricia Guijarro Gutiérrez,Aitana Bonmati Conca,32.6,56.3,37.4,62.8,8.080223,3.2180014019957923,0.21783447274889398,0.2395289046704752,0.021694431921581214,0.6906956893274756,0.750205087618711,0.05950939829123536,1.4419681232255774,1.5181646440997805,0.07619652087420303,6.736826022557417,7.325069318086902,0,0,0,0,2,2,0,0,0,0,0,0
3998847,8ada114b-79de-44f3-86fc-8c8e740e12ba,2,54,26,Belgium Women's,Hannah Eurlings,Mariam Abdulai Toloba,84,18.6,86.5,15.6,3.905125,0.4362469524799053,0.9711320607114855,1.0316151776663278,0.06048311695484232,1.5426383729414386,1.714402439647479,0.1717640667060405,2.3473793923303137,2.528294194163236,0.1809148018329223,0.8921810527230765,1.9555146107896424,1,1,1,2,3,3,0,1,0,0,0,0
3998847,88931a42-e332-4c93-84bb-8add0b7fb781,2,54,29,Spain Women's,Ona Batlle Pascual,Patricia Guijarro Gutiérrez,30.9,63.1,28.6,56,7.4632435,-0.7441206423004019,0.5802276255590082,0.1572734328997854,-0.4229541926592228,1.0230974226609002,0.5176470742912597,-0.5054503483696405,1.5704700985124451,1.1134617562701599,-0.45700834224228526,2.9327862583191,6.822039051486148,1,0,2,0,2,1,0,0,1,0,0,1
3998847,8103b47c-d9a7-48f3-be06-36a9fb63e62e,2,54,31,Spain Women's,Patricia Guijarro Gutiérrez,Olga  Carmona García,28.6,56,33.2,23.5,32.823925,4.435526723450991,0.2279421080997898,0.009971951926434026,-0.21797015617335577,0.6815862119583768,0.08639003244537292,-0.5951961795130039,1.361510198070374,0.32007829888755834,-1.0414318991828158,5.903726009041274,14.563017157193347,0,0,0,0,1,0,0,0,1,0,0,1
3998847,596bc34f-10ff-41b5-ab63-1b8ef4732553,2,55,12,Belgium Women's,Janice Cayman,Hannah Eurlings,36,48.1,63.6,25.8,35.483093,26.2295082683166,0.25225657910572924,0.29319761372068676,0.04094103461495752,0.6428442136580792,0.6965186295407287,0.05367441588264954,1.2882958712556853,1.3450416426847234,0.05674577142903803,4.6810059399569885,4.303430828785022,0,0,1,1,1,1,0,0,1,0,0,1
3998847,436f604c-b921-40dd-96b3-a71b42a0fb90,2,55,58,Spain Women's,Patricia Guijarro Gutiérrez,Alexia Putellas Segura,34.1,54.9,44.9,43.4,15.776248,12.00575711538798,0.20488140242828215,0.23806959487499754,0.03318819244671539,0.5329798387840778,0.7684110910972177,0.23543125231313988,1.0943201255305743,1.5651687007597483,0.470848575229174,5.147194122629956,6.9691135250087495,0,0,0,0,1,1,0,0,1,0,0,1
3998847,15a7033e-d563-45e2-9062-39db4731a13b,2,56,2,Spain Women's,Alexia Putellas Segura,Patricia Guijarro Gutiérrez,47.6,47.1,42.6,39.6,9.013878,-4.653731229347557,0.44296628382857944,0.1532204073887538,-0.28974587643982563,1.0029253001268257,0.5467171869545875,-0.4562081131722382,1.775624106740902,1.2048460553579472,-0.5707780513829548,4.149474780976773,8.59658135657537,0,0,1,0,2,0,0,0,0,0,0,0
3998847,492d20aa-e1a9-49f9-a075-e82d9041ae07,2,57,29,Spain Women's,Irene Paredes Hernandez,Laia Aleixandri López,10.4,59.8,32.9,23.5,42.70761,22.725060747090325,0.0007672263516415309,0.006582452460342584,0.005815226108701053,0.013519296925062674,0.06689059361452417,0.05337129668946149,0.06789633259785746,0.2571563989677264,0.18926006636986895,21.51818606151811,16.781033218367764,0,0,0,0,0,0,0,0,1,0,0,1
3998847,9b30d752-b63c-462d-a752-82c5ea354c1e,2,58,40,Spain Women's,Irene Paredes Hernandez,Laia Aleixandri López,32.9,53.2,33.9,23.8,29.417002,0.4837644702953412,0.19353873407739108,0.023208347990987636,-0.17033038608640344,0.44795177964404764,0.11828120657828861,-0.32967057306575903,0.8008622828681544,0.32511243632657627,-0.47574984654157815,5.154886685174123,11.420960597153293,0,0,0,0,1,0,0,0,1,0,0,1
3998847,d83fa518-f5cd-440b-a57a-3f9ff9eb6fbb,2,58,43,Spain Women's,Laia Aleixandri López,Alexia Putellas Segura,42.1,17.4,55.1,22.5,13.964598,13.894079406275623,0.1531514890252592,0.7816423482960102,0.628490859270751,0.3984516881692109,1.4072137601528336,1.0087620719836228,0.8113791991570011,2.142858286330493,1.3314790871734918,5.809204395581522,2.4194902494494146,0,1,0,2,1,2,0,0,1,0,0,1
3998847,6cc85280-286e-4dec-97a7-35ba11592cea,2,58,44,Spain Women's,Alexia Putellas Segura,Patricia Guijarro Gutiérrez,55.2,22.8,48.6,29.3,9.263369,-5.153432881492762,0.781642031615799,0.40336756828281245,-0.3782744633329866,1.4072135239602177,0.9590324288884677,-0.44818109507174997,2.142858143465571,1.722081071644969,-0.42077707182060187,2.4194925688104885,4.046370163026107,1,0,2,1,2,1,0,0,1,0,0,1
3998847,7a9c7988-c00e-47dd-9efd-ca4792fd9c59,2,58,45,Spain Women's,Patricia Guijarro Gutiérrez,María Francesca Caldentey Oliver,49.6,28.4,68.1,27,18.552896,17.845917326069532,0.4033675796676117,0.20283119203292788,-0.20053638763468384,0.9590324451136616,0.6451045916121958,-0.3139278535014658,1.7220810898472834,1.4390325925288614,-0.28304849731842197,4.046370058597546,6.273071913690629,0,0,1,0,1,1,0,0,0,0,0,0
3998847,1f65e210-863d-4f0d-8d19-96dce3fff3c0,2,60,19,Spain Women's,Irene Paredes Hernandez,Esther Gonzalez Rodríguez,116.3,33,115.9,38.2,5.215362,3.439979051279412,1.9692621836038273,2.5870477315086857,0.6177855479048584,3.3750012386202326,4.095670822588843,0.7206695839686108,4.914828694694924,5.634006882859697,0.719178188164773,1.2652406374923753,0.755142259109864,2,2,4,5,7,9,0,0,0,1,1,1
3998847,1609819f-7fe7-4c75-bf83-4389b330ebb8,2,62,9,Spain Women's,Alexia Putellas Segura,María Francesca Caldentey Oliver,48,24.3,65.4,8.9,23.23618,10.855801909606832,0.27972518829928095,0.15318234393240174,-0.1265428443668792,0.5911784713829884,0.4053920914594411,-0.1857863799235473,1.048384783408305,0.8203017199160874,-0.22808306349221774,4.2114997268684045,5.948715944356831,0,0,1,0,1,1,0,0,1,0,1,1
3998847,3764a00b-a6e7-4aa3-ad66-02aaf61dea24,2,62,11,Spain Women's,María Francesca Caldentey Oliver,Esther Gonzalez Rodríguez,66,8.9,93.7,10.3,27.735357,22.6445112715302,0.26562379100292893,0.1428439018607508,-0.12277988914217813,0.5688764278028806,0.3955431636044992,-0.1733332641983814,1.0014628767382718,0.8410120820181601,-0.1604507947201117,4.410056296666345,6.1491850350124135,0,0,1,0,1,1,0,0,1,0,1,1
3998847,e7c167a4-543f-4608-9a70-798357e8ef8f,2,62,17,Spain Women's,Esther Gonzalez Rodríguez,Claudia Pina Medina,105.4,14.6,116.6,47.1,34.375717,21.42499619087101,1.0933754230244217,0.9467217527330903,-0.14665367029133136,1.664615325054887,1.3243343687203364,-0.3402809563345506,2.4044909627517534,1.8584593646477976,-0.5460315981039559,1.01002928570582,1.1095972003882797,1,1,2,2,3,2,0,0,1,1,1,1
3998847,27814543-307b-4c76-a57f-765841c80895,2,63,15,Spain Women's,Olga  Carmona García,Patricia Guijarro Gutiérrez,90,12.9,80.4,15.8,10.02846,-5.9812138970407815,0.4872204804403799,0.10538513437732752,-0.38183534606305236,0.9167434562581371,0.39326338315756976,-0.5234800731005673,1.5629805407764308,0.9474175884605196,-0.6155629523159112,2.9096532679279496,7.9068495770664065,1,0,1,0,2,1,0,0,1,0,0,1
3998847,7af53a09-7897-418c-9e01-0041ab137493,2,63,17,Spain Women's,Patricia Guijarro Gutiérrez,Ona Batlle Pascual,73.9,18.5,68.9,45.4,27.360739,-0.5174490527599787,0.39103552123211893,0.07311185542937484,-0.3179236658027441,0.7010414642686543,0.27063405416034664,-0.4304074101083077,1.2000365286545576,0.6595951042148458,-0.5404414244397118,2.9947770152498023,8.253021033087983,1,0,1,0,1,0,0,0,1,0,0,1
3998847,1b5dbc3d-9f2b-48b5-aeab-dbfad504b55c,2,63,27,Spain Women's,Ona Batlle Pascual,Patricia Guijarro Gutiérrez,66.1,65.9,74.9,52.1,16.36704,13.104865166745455,0.2019919623958052,0.1271021828777057,-0.0748897795180995,0.5515194500441335,0.5094856792774209,-0.04203377076671255,1.126830242823162,1.2287008745897714,0.10187063176660938,5.431446084457362,8.311089977830452,0,0,0,0,1,0,0,0,1,0,0,1
3998847,90a5ee60-d91f-4857-a206-c007938f14be,2,63,34,Spain Women's,Alexia Putellas Segura,Olga  Carmona García,98,25.3,112.4,22.5,14.669697,7.380167798359924,0.8042494093520268,0.25293722759745807,-0.5513121817545688,1.465984176676205,0.745185411528522,-0.7207987651476829,2.366928773427915,1.5955297109163094,-0.7713990625116058,1.8710188326188886,5.474207794923691,1,0,1,0,2,1,0,0,0,0,0,0
3998847,04f6cadc-d17a-44a2-bf82-434396c7d60c,2,64,38,Spain Women's,Aitana Bonmati Conca,Patricia Guijarro Gutiérrez,98,14.8,98.5,9.6,5.2239833,-3.7824717444419704,1.1067235491451706,0.7854538763863428,-0.3212696727588278,1.6632304441611379,1.505155645805192,-0.15807479835594584,2.412135069526463,2.3370641447248084,-0.07507092480165456,1.1563207079745563,3.7023131683485446,1,0,2,3,2,3,0,0,1,0,1,1
3998847,b83f1749-cb94-485f-8352-ef85f9b5bc5e,2,64,59,Spain Women's,María Francesca Caldentey Oliver,Olga  Carmona García,83.8,9.3,91.3,2.4,10.191173,0.1633484644407872,0.35831046933588206,0.11428427496151972,-0.24402619437436235,0.746810934936554,0.3841656362721766,-0.36264529866437745,1.3699335203366128,0.893824929765411,-0.4761085905712018,3.50725449774264,7.054449341407288,0,0,1,0,1,1,0,0,0,0,0,0
3998847,557f4d4a-00a4-4e5c-b128-6cd6a2a2e395,2,65,0,Spain Women's,Olga  Carmona García,María Francesca Caldentey Oliver,87.1,3.7,82.5,8.3,6.5053825,-0.1125449080489318,0.178405614354229,0.31982755332016943,0.14142193896594044,0.48610288265640045,0.7799573929605456,0.2938545103041451,1.0091186656376545,1.4964774558536507,0.48735879021599615,5.6273861423659275,4.221003413982227,0,0,0,1,1,1,0,0,0,0,0,0
3998847,87d043a2-62ab-46dd-8675-620677ec1667,2,65,2,Spain Women's,María Francesca Caldentey Oliver,Alexia Putellas Segura,82.8,9.6,91,24.8,17.270784,15.299626668843779,0.8184184144051719,0.36372626282342574,-0.4546921515817462,1.29487224986826,1.087480590243379,-0.20739165962488104,2.0063645741858207,2.271679876006947,0.2653153018211265,1.137959110465796,5.379469990396367,1,0,1,0,1,2,1,0,0,0,0,0
3998847,49c7615a-74ec-4e19-a56a-fc837b72b777,2,65,34,Belgium Women's,Sari Kees,Laura Deloose,20.6,23.5,49.7,3.2,35.48098,21.41074364084254,0.5815594401274454,0.10862785354530295,-0.47293158658214246,0.8398633105662876,0.3988479383901259,-0.4410153721761617,1.2290843592189264,0.9118376862764931,-0.31724667294243336,1.728705117133019,8.072281642856192,1,0,1,0,1,0,1,0,0,0,0,0
3998847,cdfbf374-fc67-4add-af36-3ce048d0caba,2,65,50,Spain Women's,Laia Aleixandri López,Patricia Guijarro Gutiérrez,33.9,22.1,37.8,44,22.24455,5.643736896616332,0.005120076038634007,0.011816182243551132,0.006696106204917125,0.04222462939453667,0.07506940559115613,0.03284477619661946,0.13834983771135545,0.2291393272776286,0.09078948956627314,15.823757966235886,13.36616084118913,0,0,0,0,0,0,0,0,1,0,0,1
3998847,fe8b9c02-8824-4021-b94a-0c57448e471c,2,65,57,Spain Women's,Patricia Guijarro Gutiérrez,Laia Aleixandri López,50,43.7,48.3,23.3,20.47071,-3.5214376068401805,0.5029707305144401,0.06074248520381249,-0.4422282453106276,0.8379194223618067,0.2668489496821054,-0.5710704726797013,1.3840201065184605,0.6890061982029446,-0.6950139083155159,2.226376985832474,9.50823928985411,1,0,1,0,1,0,0,0,1,0,0,1
3998847,3a9a97d5-9b5d-429e-a175-04222fe7ec69,2,66,1,Spain Women's,Patricia Guijarro Gutiérrez,María Francesca Caldentey Oliver,55.8,31,63.4,8.9,23.370281,0.24627292790836464,0.5600077155980598,0.0036844490799340605,-0.5563232665181258,1.1267436155726194,0.05413207090676098,-1.0726115446658584,1.7962972988022141,0.27058174004505914,-1.525715558757155,3.8653072976314715,19.23898439426963,0,0,2,0,2,0,0,0,1,0,1,1
3998847,ef339931-a481-4a8d-80c2-c2e3caf3b71b,2,66,6,Spain Women's,María Francesca Caldentey Oliver,Aitana Bonmati Conca,84.4,23,84.4,32,9,2.962922581524559,0.7388389005939825,0.460278429752392,-0.27856047084159047,1.3117494430226966,1.1663962936194199,-0.1453531494032767,2.1155062430930545,2.213690752680166,0.09818450958711145,1.9286234222629868,4.147935364203183,1,0,1,1,2,2,0,0,0,1,1,1
3998847,717e0b66-7751-4388-b6c9-387638195718,2,66,8,Spain Women's,Aitana Bonmati Conca,María Francesca Caldentey Oliver,84.4,32,95.7,26.3,12.656223,8.591928350660151,0.7820292699848146,0.8711551822749111,0.08912591229009648,1.5717432209328999,1.80187199018163,0.23012876924873016,2.6214074468170767,2.9832256685286263,0.36181822171154954,2.5488782403624106,2.8206649952229608,1,1,1,2,4,3,0,0,0,1,1,1
3998847,3876fb14-0efd-4c8d-8084-5847ae03749e,2,66,26,Belgium Women's,Sari Kees,Mariam Abdulai Toloba,26.1,25.5,47.6,23.5,21.592823,20.7565662889954,0.23513551787456122,0.9525404850149514,0.7174049671403901,0.5699813572286573,1.2351511772116317,0.6651698199829744,1.0870053580945305,1.664086330230884,0.5770809721363535,4.824414576759558,0.3950247784756177,0,1,1,1,1,1,0,1,0,0,0,0
3998847,92aa4d70-4f26-4f96-9133-e9132df75334,2,66,34,Spain Women's,Aitana Bonmati Conca,Claudia Pina Medina,107.1,58.3,103.7,56,4.104875,-0.4508043559127586,0.7698553979682127,0.8174650956687739,0.047609697700561227,1.1851537219795545,1.4868514633496852,0.3016977413701307,1.8536340101448594,2.3038586517936688,0.4502246416488094,1.103015654091406,2.0947568159718433,1,1,1,1,1,3,1,0,1,0,1,1
3998847,1a8d5c9f-e331-4c29-aa11-89c4962532b8,2,66,53,Spain Women's,Olga  Carmona García,Alexia Putellas Segura,93.4,19.1,88,27,9.5692215,-0.7112938302878646,0.3760548557611336,0.41905395269731827,0.042999096936184644,0.9745742177999787,1.0755358012972445,0.1009615834972658,1.8791540019631665,2.061301804366249,0.18214780240308248,5.383761241498735,4.419388903011029,0,0,0,1,3,2,0,0,1,0,0,1
3998847,75440597-3b6c-495c-afb1-98808f899e60,2,66,57,Spain Women's,Alexia Putellas Segura,Olga  Carmona García,88,26.7,86.5,11.9,14.875819,-9.070961512227889,0.5286555967651504,0.16024236527179528,-0.36841323149335514,1.1111388438473468,0.5423611780475079,-0.5687776657998389,1.9946858389418984,1.2164694022575109,-0.7782164366843876,2.8850146005034403,7.641536376732654,1,0,1,0,1,1,0,0,1,0,0,1
3998847,fb1ebf02-cd80-403c-8c7b-387bf2e12bf0,2,66,58,Spain Women's,Olga  Carmona García,María Francesca Caldentey Oliver,86.5,11.9,84.1,23,11.356496,4.003164764478257,0.2551846039807705,0.14369558817220904,-0.11148901580856144,0.7131949079384726,0.5994473450019723,-0.11374756293650035,1.459001781074703,1.4574115075953016,-0.0015902734794013274,5.5693919948400135,8.769249656752276,0,0,0,0,2,0,0,0,1,0,0,1
3998847,217219f5-3a83-4b74-8408-5e3f3a5ba630,2,67,0,Spain Women's,María Francesca Caldentey Oliver,Patricia Guijarro Gutiérrez,84.1,23,92.6,29.3,10.58017,10.306524401463495,0.31960265985709285,0.44533169876901296,0.1257290389119201,0.8591033249629528,1.232126254335107,0.3730229293721542,1.7814394777953473,2.390935100037635,0.6094956222422876,4.332231459038488,5.079161964833786,0,0,1,0,1,3,0,0,1,0,0,1
3998847,a4c6729e-5001-4c0a-99f1-3ea24ee7d5fd,2,67,1,Spain Women's,Patricia Guijarro Gutiérrez,María Francesca Caldentey Oliver,92.6,29.3,89.9,24.5,5.507268,-4.441329556913008,0.44533169876901296,0.5775136424591009,0.1321819436900879,1.232126254335107,1.141683405495641,-0.09044284883946596,2.390935100037635,2.0630524801000676,-0.3278826199375673,5.079161964833786,2.3128406692054733,0,1,0,1,3,1,0,0,1,0,0,1
3998847,f2004e6c-9fb1-4fe2-8c75-841e0ed837dc,2,67,2,Spain Women's,María Francesca Caldentey Oliver,Patricia Guijarro Gutiérrez,89.9,24.5,92.6,31.7,7.6896033,5.226931507869651,0.41819165124661495,0.364524270208508,-0.05366738103810692,0.9297842935474795,0.9520761657787097,0.022291872231230192,1.7472508941741418,1.9019503559208468,0.154699461746705,3.3620177556374395,4.312752393296776,0,0,1,1,1,2,0,0,1,0,0,1
3998847,e8b813b1-cda6-4c29-85bb-98a3359e32bc,2,67,12,Spain Women's,Claudia Pina Medina,Alexia Putellas Segura,98.8,40.2,101.6,27.7,12.809762,-0.9316118319686488,1.0778134423956425,1.2024919284643925,0.12467848606874998,2.095202049618159,2.051855549276516,-0.04334650034164289,3.327750155471407,3.1726091909127954,-0.15514096455861148,2.3781739400498516,1.1888440246528265,1,1,2,2,3,3,0,0,1,0,1,1
3998847,e7571d5d-ede9-4e00-8248-6a70d789f639,2,67,14,Spain Women's,Alexia Putellas Segura,Claudia Pina Medina,102.6,26.7,103.7,29.3,2.823119,2.402708177375292,2.075068829286974,1.9634132952989731,-0.11165553398800099,3.0790649909560193,3.1662963863490754,0.08723139539305613,4.212295390294857,4.434941067321893,0.2226456770270362,1.200345937234935,1.1334480691036433,3,2,3,4,5,6,1,0,0,1,1,1
3998847,fe24a52c-c154-417d-9103-71f82551d382,2,67,18,Spain Women's,Alexia Putellas Segura,María Francesca Caldentey Oliver,107.7,32.2,103.9,29,4.967897,-4.934291019274104,2.237668367467163,1.3379319485222794,-0.8997364189448838,3.6285529801193617,2.4803586653110705,-1.1481943148082911,4.946271867285151,3.7857959905539627,-1.160475876731188,1.752421654780971,1.5529461938377316,3,1,5,2,7,5,1,0,0,1,1,1
3998847,ecf50124-31ea-449f-b842-5ae0f78a0176,2,67,46,Spain Women's,Patricia Guijarro Gutiérrez,Alexia Putellas Segura,75.9,20.8,80.8,30.4,10.778219,7.739942351566505,0.17289543255914072,0.17168265783324035,-0.0012127747259003674,0.530760643425721,0.6638338946748655,0.1330732512491445,1.2065300353274242,1.5856466456741998,0.3791166103467756,5.877997550514258,6.911195521678501,0,0,0,0,1,1,0,0,1,0,0,1
3998847,3ea08162-e4e0-468a-b060-25439e1afb32,2,67,50,Spain Women's,Alexia Putellas Segura,Olga  Carmona García,83.5,33.5,115.2,12.6,37.969727,9.256988995347644,0.3128140277924787,0.06024650330187001,-0.2525675244906087,0.8988375969157195,0.2522533529801621,-0.6465842439355574,1.8790387495056717,0.696612718801969,-1.1824260307037027,4.591792522459928,8.76323731093685,0,0,1,0,1,0,0,0,1,0,0,1
3998847,6d689552-d98b-402c-91d3-af19eff20322,2,67,55,Spain Women's,Olga  Carmona García,Alexia Putellas Segura,115.4,12.6,105.4,28,18.361917,8.884771107713618,0.1098295911261531,0.9189146267418274,0.8090850356156744,0.3532204601515698,1.568029128397733,1.2148086682461632,0.8576089356287216,2.6219232099877865,1.764314274359065,6.876814710223739,0.8750393492147072,0,1,0,1,1,1,0,0,1,0,0,1
3998847,7309c6e1-3252-4427-bfcc-94546655db1a,2,67,57,Spain Women's,Alexia Putellas Segura,Olga  Carmona García,110.1,25,112.4,11.6,13.595955,-11.426840759120537,0.9686228071106445,0.09216936159585659,-0.8764534455147879,1.7261516429581485,0.3881164986020001,-1.3380351443561485,2.759668795183339,1.0106526162257352,-1.749016178957604,1.9405912865200166,8.585320624567146,1,0,2,0,3,0,0,0,1,0,0,1
3998847,f216f8ec-fbda-4240-9620-a410459418ea,2,67,59,Spain Women's,Olga  Carmona García,Aitana Bonmati Conca,112.4,11.6,103.2,28.4,19.154112,8.983639471740979,0.2322411250450158,0.44895443074939057,0.21671330570437478,0.6239955387701873,1.2945272830181649,0.6705317442479776,1.299723027059839,2.499522633227781,1.1997996061679421,5.130142018934224,5.661273071465731,0,0,0,0,1,3,0,0,1,0,0,1
3998847,da139ec4-b0d0-4b73-9d2e-c7db6b89a3ca,2,68,8,Spain Women's,María Francesca Caldentey Oliver,Olga  Carmona García,97.2,15.1,98,3.4,11.727319,-8.941496824566734,0.741531966844685,0.08222980073468689,-0.6593021661099981,1.3427813087756415,0.3548300460343702,-0.9879512627412713,2.141392664880457,0.917188061186172,-1.224204603694285,2.5267463077837564,9.453421796475896,1,0,2,0,2,0,0,0,1,0,0,1
3998847,c5d709be-9959-49af-9c54-2e0f952c4dd0,2,68,10,Spain Women's,Olga  Carmona García,Patricia Guijarro Gutiérrez,95.5,5.1,85.5,12,12.149486,-1.791473101730368,0.2737445210119567,0.6016921944187378,0.3279476734067811,0.6559332086366365,1.0317052657226076,0.37577205708597106,1.2688915139429724,1.669111705666372,0.4002201917233996,4.52418160448079,2.1440103338229886,0,1,1,1,1,2,0,1,1,0,0,1
3998847,067b88d0-5d76-443e-9703-e27e5a2582d3,2,68,11,Spain Women's,Patricia Guijarro Gutiérrez,Aitana Bonmati Conca,85.3,11.9,97.5,17.4,13.382451,12.760273628078156,0.601691984503108,0.8838392908329965,0.2821473063298885,1.031704980241198,1.5126207902554578,0.48091581001425987,1.6691113650293314,2.4429439419164036,0.7738325768870722,2.1440109832183705,1.2096815497979747,1,1,1,1,2,2,1,1,1,0,0,1
3998847,af9003c9-ba80-41cf-a59d-43355f5b26dc,2,68,13,Spain Women's,Aitana Bonmati Conca,Patricia Guijarro Gutiérrez,98.2,16.5,95.5,13.6,3.9623225,-3.9623167691767023,0.8985335553614056,0.8476001273875822,-0.050933427973823386,1.6116205146544136,1.6439609284814023,0.03234041382698871,2.553086027949716,2.585083282007655,0.031997254057939184,1.8358061632245852,3.45105759489052,1,0,2,2,3,4,1,0,1,0,0,1
3998847,9721ae42-9349-4e94-963d-9b44d1f897ce,2,68,14,Spain Women's,Patricia Guijarro Gutiérrez,María Francesca Caldentey Oliver,95.7,13.8,105.2,6.9,11.74138,-0.5239452139341267,1.1659284611136154,0.12439179596348594,-1.0415366651501294,1.905070066565587,0.4913274971302932,-1.4137425694352939,2.7886784830552043,1.1629280810745257,-1.6257504019806786,2.180127501715297,8.654731576430489,2,0,3,0,3,0,0,0,1,0,0,1
3998847,6a0ad364-7a10-48a9-b6ed-f518147e47d9,2,68,17,Spain Women's,María Francesca Caldentey Oliver,Aitana Bonmati Conca,103.7,6.6,96.8,10.3,7.8294315,-0.5220938855362931,0.635618715614943,0.5190003572709646,-0.11661835834397838,1.1580406437819128,1.2459364618509092,0.08789581806899638,1.8598501172955462,2.2262440675312924,0.3663939502357463,2.1284131631776906,4.33221902574084,1,0,1,1,1,3,0,0,1,0,0,1
3998847,63d36de8-35d6-4f5b-8ff4-631705be9343,2,68,19,Spain Women's,Aitana Bonmati Conca,María Francesca Caldentey Oliver,97.2,9.3,101.5,3.7,7.0604534,-2.501937609411847,0.7251951457589868,0.5066378259082333,-0.21855731985075355,1.4109087027718383,1.0314174806681313,-0.379491222103707,2.328308714311048,1.7799059193977795,-0.5484027949132684,2.3387113374681117,3.0348253889913757,1,0,1,1,3,2,1,0,1,0,0,1
3998847,cab0e485-804a-423b-a31f-4ee00f2ea299,2,68,20,Spain Women's,María Francesca Caldentey Oliver,Patricia Guijarro Gutiérrez,100.5,5.4,91.3,22.1,19.066463,5.892073906475204,0.9678984599284277,0.8165876742805922,-0.1513107856478355,1.3773043405883678,1.6549312150874609,0.27762687449909307,2.044354939384984,2.7250728505836075,0.6807179111986237,0.5348672881766006,2.539096964969771,1,1,1,1,1,3,1,0,1,0,0,1
3998847,0dcd38a9-b025-4980-8d84-f8bff1fa211e,2,68,41,Belgium Women's,Mariam Abdulai Toloba,Tessa Wullaert,45.2,34.7,74.5,64.8,42.00595,23.167748430260566,0.5484825437766204,0.11502803090288169,-0.4334545128737387,1.1924234414004928,0.3413152276775293,-0.8511082137229635,2.157334091788135,0.6887308595148389,-1.468603232273296,2.9903625745781315,6.8921009988133735,1,0,1,0,2,1,0,0,1,0,1,1
3998847,25eef128-625c-44ff-8822-4cf225333cae,2,69,13,Spain Women's,Patricia Guijarro Gutiérrez,Laia Aleixandri López,27.9,39.4,33.9,14.1,26.00173,2.190775983757433,0.24857979729092108,0.06045107131169839,-0.1881287259792227,0.572360715245648,0.22477243671656108,-0.3475882785290869,1.0773172664971853,0.5433794682796744,-0.5339377982175109,4.562296637147738,8.623573919390479,0,0,1,0,1,0,0,0,1,0,0,1
3998847,88ceeeec-05f0-4dc0-85f9-6ddb9d143b7f,2,69,18,Spain Women's,Laia Aleixandri López,María Francesca Caldentey Oliver,35.7,14.1,48.7,17.4,13.412308,13.392945536073057,0.3968781581542436,0.4873866641480145,0.09050850599377092,0.7021187443490304,1.13675869987144,0.43463995552240964,1.1650831824870986,1.9976410884785623,0.8325579059914636,2.9431000336882245,4.13833399515531,1,0,1,1,1,3,0,0,1,0,0,1
3998847,9500a9e9-5153-4a86-bc92-f47a664dcd4a,2,69,20,Spain Women's,María Francesca Caldentey Oliver,Alexia Putellas Segura,48.7,17.4,50.3,27.6,10.324728,4.001635361637966,0.5789109337186955,0.6775256651615604,0.09861473144286492,1.251923329572303,1.358428767973364,0.10650543840106108,2.122592614833583,2.271794007627774,0.14920139279419065,3.3931910107564374,2.3560208080742338,0,1,1,1,3,3,0,0,1,0,0,1
3998847,6213c539-f373-4a09-b587-4c279e5c2eea,2,69,21,Spain Women's,Alexia Putellas Segura,María Francesca Caldentey Oliver,50.8,26,46,25,4.9030604,-4.9029837490661805,0.958363370033724,0.5668600139945376,-0.3915033560391864,1.6217623839560922,1.2219864580526345,-0.3997759259034577,2.4813803880717114,2.0239585811401546,-0.45742180693155676,1.277605467944983,4.334623416895476,1,0,1,2,3,3,1,0,1,0,0,1
3998847,fa70fb34-c73c-42fd-aad4-056b669da6bc,2,69,30,Spain Women's,Esther Gonzalez Rodríguez,Alexia Putellas Segura,99.5,27.6,95,34.2,7.9881163,-1.705476747154247,0.28198012885904744,0.2916573676419792,0.009677238782931752,0.7379972282239172,0.9172219093772153,0.17922468115329804,1.4919387697402686,1.9086910718455503,0.4167523021052817,4.902759742950859,6.226798123880418,0,0,1,0,1,1,0,0,1,1,1,1
3998847,ba3b39b5-f3b8-49f7-81a3-f48df548a98d,2,69,32,Spain Women's,Alexia Putellas Segura,María Francesca Caldentey Oliver,97,33.7,105.4,28,10.151355,4.948544858054927,1.151498483009397,0.6262667263988909,-0.5252317566105061,1.994419801945069,1.3567793634048118,-0.6376404385402572,3.0853542210238096,2.3825880274891427,-0.702766193534667,1.2587256814856185,3.253608344455268,1,0,2,1,3,3,0,0,0,1,1,1
3998847,dc6ab586-9b8a-420d-af3b-808ab15b929e,2,69,34,Spain Women's,María Francesca Caldentey Oliver,Alexia Putellas Segura,106.2,25.7,111.1,36.7,12.042009,10.38074381513764,0.6262667966936057,0.9967281805826623,0.3704613838890566,1.3567793096756866,2.158580792357926,0.8018014826822395,2.382587870342554,3.529815230960333,1.1472273606177787,3.2536067104482878,3.633061040002001,0,0,1,2,3,4,0,0,0,1,1,1
3998847,5f9958f2-368b-47fb-9a36-c7ae092d8bdd,2,70,53,Spain Women's,Claudia Pina Medina,Patricia Guijarro Gutiérrez,98.5,12,99.8,26.6,14.657763,11.061804174406607,0.33672051925751717,1.0899048952141224,0.7531843759566053,0.6610220709735196,1.8294830594014588,1.168460988427939,1.2271062686211809,2.9163651254989698,1.6892588568777889,3.5051527048747544,0.8639096056525329,0,1,1,1,1,2,0,1,0,0,0,0
3998847,24eea8a1-25f2-469c-b70b-bf2311d6c0e1,2,70,54,Spain Women's,Patricia Guijarro Gutiérrez,Claudia Pina Medina,98.5,25.7,100.5,22.1,4.1182523,-0.6486739700574695,1.0899056737454471,1.2304493229222546,0.1405436491768075,1.829483689949871,1.9242122626214704,0.0947285726715994,2.9163656516378444,2.8160277116283408,-0.10033794000950369,0.863906871827534,1.8342197808748266,1,2,1,2,2,3,1,0,0,0,0,0
3998847,7ef43611-0df1-4e01-a3e6-228bedf6d934,2,71,2,Spain Women's,Patricia Guijarro Gutiérrez,Olga  Carmona García,90.6,5.6,99.5,4.4,8.980535,4.171209629593882,0.21687473264610144,0.11985737332242796,-0.09701735932367347,0.5148514191381137,0.45652719996043123,-0.05832421917768249,1.1106523014181202,1.1468933236252077,0.03624102220708747,4.775614708449916,8.263937367709097,0,0,1,0,1,0,0,0,1,0,0,1
3998847,bce3dcb2-b644-4843-96aa-ba409ce436e9,2,71,5,Spain Women's,Olga  Carmona García,Alexia Putellas Segura,99.5,4.4,107.4,4.4,7.9,3.3165266434350897,0.5284078301719212,0.33350140545891094,-0.19490642471301023,1.04676836957627,0.7671492120442179,-0.279619157532052,1.8516443529086182,1.440639512196895,-0.4110048407117233,2.9102145155142907,4.948041664554574,1,0,1,1,2,2,0,0,1,0,0,1
3998847,c0498194-2943-439b-a2dd-e8acb2683551,2,71,8,Spain Women's,Alexia Putellas Segura,Patricia Guijarro Gutiérrez,108.4,8.2,97,7.9,11.403947,-5.639698007326423,0.6449830181126327,0.4579483719575004,-0.18703464615513232,1.1019794366324769,1.0199861989554524,-0.08199323767702449,1.7330074363329757,1.7938460596431092,0.060838623310133455,2.234938735562903,3.770771902350707,1,0,1,1,2,2,0,0,1,0,0,1
3998847,fcca7bba-a6c0-4b80-bc16-d5f0b6ee73d2,2,71,10,Spain Women's,Patricia Guijarro Gutiérrez,Claudia Pina Medina,97,7.9,96.5,23.3,15.408114,10.65986687546821,0.5826467303981218,0.6830429378956026,0.1003962074974808,1.1162803541195447,1.316958592422127,0.20067823830258225,1.8671639445048045,2.2936179169783775,0.426453972473573,2.4830691845629946,1.9085299889434408,1,1,1,1,2,1,0,0,1,0,0,1
3998847,13f36ae9-86eb-4ece-92a2-9cea047fd91d,2,71,12,Spain Women's,Claudia Pina Medina,Irene Paredes Hernandez,92.7,23.3,81.7,33.9,15.276125,-6.779915738043705,0.7959640185453289,0.2120341298626142,-0.5839298886827148,1.453954542229649,0.6289957549708352,-0.8249587872588138,2.42553181367626,1.448148853026061,-0.9773829606501991,1.5938274240686636,5.4215308118498715,1,0,1,0,2,1,1,0,1,0,1,1
3998847,f3d21a7b-5dd7-4dc1-bdc6-82657501898e,2,71,15,Spain Women's,Irene Paredes Hernandez,Claudia Pina Medina,81.8,33.9,84.5,15.8,18.300274,-4.279845979388547,0.4955560823514898,0.4759363472730448,-0.019619735078445,0.9644363394569824,1.1025780625499286,0.13814172309294626,1.8318030054212875,2.0577667203634755,0.22596371494218803,2.5070784732931095,4.065894615224505,1,0,1,1,1,2,0,0,1,0,1,1
3998847,d6add5e4-8b4f-432c-9c7b-cc547df2a44f,2,71,17,Spain Women's,Claudia Pina Medina,Alexia Putellas Segura,87.3,16.4,102.2,7.6,17.304625,3.3592367621246098,0.8075090389891139,0.13862065642414015,-0.6688883825649737,1.4297055562746364,0.43332099204215513,-0.9963845642324812,2.326723992631099,0.978646227551933,-1.348077765079166,1.8445856645415148,6.529721751015183,1,0,2,0,2,1,0,0,0,1,1,1
3998847,b9345a89-e6ed-4f51-b26b-60ff6cacc9ab,2,71,19,Spain Women's,Alexia Putellas Segura,Olga  Carmona García,102.2,7.6,113.1,23,18.867167,18.620618991911392,0.13862065642414015,0.5558769153881234,0.41725625896398333,0.43332099204215513,1.2492892205686896,0.8159682285265345,0.978646227551933,2.2400645308066975,1.2614183032547646,6.529721751015183,3.733656145461209,0,0,0,1,1,2,0,0,0,1,1,1
3998847,1cd5e304-30cb-4264-b2d9-4e413f60b292,2,71,21,Spain Women's,Olga  Carmona García,María Francesca Caldentey Oliver,113.1,23,111.1,42.3,19.40335,9.1545461933973,0.7911704207229082,1.2952463350568297,0.5040759143339215,1.4896371256648953,2.0097237873656213,0.520086661700726,2.487279424219188,2.9620693719132674,0.47478994769407956,2.231287742040059,0.4408284577986484,1,1,2,1,2,3,0,1,0,1,1,1
3998847,03fa4f36-6866-4727-9ec3-0148ce13c92d,2,71,30,Belgium Women's,Laura Deloose,Jill Janssens,19.6,12.9,35.7,3.7,18.543192,12.209792952638665,0.2508712369295841,0.3936423953695274,0.1427711584399433,0.4896358729679252,0.7707408717226343,0.28110499875470907,0.7815651107818784,1.2978383116588361,0.5162732008769577,4.270277459661526,3.1780617147663714,0,0,1,1,1,1,0,0,0,0,0,0
3998847,18b1d758-4b6f-4491-adac-73a7d4fb24c6,2,71,44,Spain Women's,Alexia Putellas Segura,Patricia Guijarro Gutiérrez,48.7,43.7,52.3,47.4,5.162364,3.292707793123114,0.07358573080530219,0.13434343906567736,0.06075770826037517,0.3304584118397713,0.45259047585200524,0.12213206401223392,0.7994719840984589,0.9659443130232797,0.16647232892482078,9.943571666252284,7.127832073639652,0,0,0,0,0,1,0,0,1,0,0,1
3998847,9f9296bd-ca70-44ef-aa39-c93f94109046,2,71,46,Spain Women's,Patricia Guijarro Gutiérrez,Aitana Bonmati Conca,55.2,47.4,65.1,56,13.113733,8.037160950729223,0.11941950793433603,0.6756392014011423,0.5562196934668062,0.47421441151421684,1.2513174794315542,0.7771030679173374,1.0866208186225745,1.9835318510269264,0.8969110324043519,8.999664553001567,2.3348206459917464,0,1,0,1,0,2,0,0,1,0,0,1
3998847,73c1f0d7-d1e1-4ab6-9e0c-1f341ce2523f,2,71,48,Spain Women's,Aitana Bonmati Conca,Ona Batlle Pascual,68.9,58.6,77.3,75.1,18.51513,-0.8949006057257947,0.9493176083493171,0.07209172231015816,-0.877225886039159,1.519601757415163,0.32877997114278096,-1.190821786272382,2.2837995955449326,0.8849490054379735,-1.3988505901069592,1.2223967010369974,9.090044833588244,1,0,2,0,2,0,0,0,1,0,0,1
3998847,71bcf5aa-2213-4e27-baf5-b02f2323ec05,2,71,50,Spain Women's,Ona Batlle Pascual,María Francesca Caldentey Oliver,78.8,75.1,85.5,68.7,9.265528,9.24745090616085,0.16598197439875262,0.3762254877801524,0.2102435133813998,0.5241560844012809,0.9876760966241748,0.46352001222289385,1.1635301350873863,1.888523856471598,0.7249937213842117,6.432787000481449,5.518174697497716,0,0,0,0,1,2,0,0,1,0,0,1
3998847,f0c886e6-6918-4014-865c-e85ff074e26a,2,71,52,Spain Women's,María Francesca Caldentey Oliver,Aitana Bonmati Conca,85.5,68.7,78.4,76.2,10.327633,-10.268319860970777,0.960515573019422,0.3378316290673501,-0.6226839439520719,1.616164981227647,0.7239041176920417,-0.8922608635356054,2.3640594856272434,1.3442470787527765,-1.019812406874467,2.199437743256205,3.6220123263328112,1,0,2,1,3,1,0,0,1,0,0,1
3998847,5658e6a9-28c0-4ea8-baf6-809162f45d6e,2,71,54,Spain Women's,Aitana Bonmati Conca,María Francesca Caldentey Oliver,77.3,77.7,75.3,71.3,6.7052217,2.392176033964766,0.6028900683946044,0.7757300529666666,0.1728399845720623,0.9563743102749811,1.372072370964609,0.4156980606896279,1.5307137170639564,2.1196275850491118,0.5889138679851553,1.7382490785878653,2.043544668359079,1,1,1,1,1,3,1,0,1,0,0,1
3998847,67198497-16a6-470c-81c3-c576923cfbe8,2,71,55,Spain Women's,María Francesca Caldentey Oliver,Irene Paredes Hernandez,75.3,72,62.3,62.2,16.280048,-6.849838366183157,0.7757296967218262,0.09527085205804649,-0.6804588446637797,1.3720721087847607,0.3935016511213311,-0.9785704576634295,2.1196273948303426,0.9837581658762251,-1.1358692289541175,2.0435469028073983,8.311064750839902,1,0,1,0,3,0,0,0,1,0,0,1
3998847,a515bc68-b40c-4892-afcf-37bc36ef747e,2,71,58,Spain Women's,Irene Paredes Hernandez,Alexia Putellas Segura,62.4,57.8,71.9,48.8,13.086252,11.38927986102317,0.12826005783675803,0.4890476037571687,0.3607875459204107,0.47271883858525576,1.0015891160484847,0.5288702774632289,1.0827108897720894,1.6728082695835358,0.5900973798114464,7.693658433701698,4.097446830706099,0,0,0,2,1,2,0,0,1,0,0,1
3998847,b45d0236-9d7d-4ccc-afe7-6afa1c669bc7,2,71,59,Spain Women's,Alexia Putellas Segura,Patricia Guijarro Gutiérrez,71.9,48.8,66,52.3,6.860029,-6.484756191312371,0.4890476037571687,0.3813681544977857,-0.107679449259383,1.0015891160484847,0.9000974826723701,-0.10149163337611455,1.6728082695835358,1.674382018289681,0.0015737487061451283,4.097446830706099,4.023085833712467,0,0,2,1,2,2,0,0,1,0,0,1
3998847,b68f853f-3d25-43a4-b95c-e8d45f790087,2,72,0,Spain Women's,Patricia Guijarro Gutiérrez,Irene Paredes Hernandez,66,52.6,58.8,48.8,8.1412525,-6.3789243418984185,0.3302358343033899,0.10763147487903134,-0.22260435942435852,0.8078748609841513,0.39123029540420334,-0.41664456557994795,1.537724823491071,0.9410050695488474,-0.5967197539422235,4.37745652481128,7.6505585330358254,0,0,1,0,1,1,0,0,1,0,0,1
3998847,24d10dbc-206d-4bb6-8ad5-1fb92cfc4770,2,72,2,Spain Women's,Irene Paredes Hernandez,María Francesca Caldentey Oliver,58.9,50.9,68.4,65.5,17.418669,4.507628508264439,0.07301341417940602,0.14152236823484704,0.06850895405544102,0.3132361497257273,0.4646640367507557,0.1514278870250284,0.8315517366887707,1.008121440252412,0.1765697035636412,8.718653094008,7.368436837740018,0,0,0,0,0,1,0,0,1,0,0,1
3998847,9264b4f6-3e5d-4291-a635-0e23bceadcf5,2,72,6,Spain Women's,María Francesca Caldentey Oliver,Alexia Putellas Segura,69.9,61.3,75.2,45.4,16.76007,9.315602244374077,0.9519159479763307,0.2793997071302673,-0.6725162408460634,1.5864620540018501,0.8869306559442462,-0.6995313980576039,2.4661036972708437,1.846079422277362,-0.6200242749934817,1.2954397858857405,6.47083452131403,1,0,1,0,3,2,0,0,1,0,0,1
3998847,79aa5b84-0d40-4567-9290-dd315d885b8a,2,72,13,Spain Women's,María Francesca Caldentey Oliver,Patricia Guijarro Gutiérrez,89.9,44,78.1,49.4,12.976903,-12.576854228760478,0.8619285718890124,0.056830201917381265,-0.8050983699716311,1.7360703253120444,0.33993905822479437,-1.39613126708725,2.8628642730386233,1.0216302570381877,-1.8412340160004357,2.9467298916147295,11.297023123557047,1,0,2,0,3,0,0,0,1,0,0,1
3998847,31554e7f-58e7-4af9-a29e-eae3c7c3a6e1,2,72,15,Spain Women's,Patricia Guijarro Gutiérrez,Aitana Bonmati Conca,79.8,47.5,89,50.9,9.80816,8.033179972468922,0.45551345992129744,0.5446132882557705,0.08909982833447305,1.076005277039117,1.3487212825527912,0.27271600551367414,2.0375221211799426,2.4857444443988266,0.448222323218884,3.779658540274232,3.817823690797472,0,0,1,1,2,2,0,0,1,0,0,1
3998847,23801766-abca-4309-8a06-d9c9fc9b60d7,2,72,18,Spain Women's,Aitana Bonmati Conca,Ona Batlle Pascual,89,50.9,97.2,63.2,14.782761,0.332320902957413,0.4117883636913198,0.3063856769275135,-0.10540268676380632,0.9902036733491351,0.801943686596311,-0.18825998675282407,1.9114231613451371,1.5812234351287808,-0.3301997262163563,3.523675170911989,5.559782293733382,0,0,1,0,1,2,0,0,1,0,0,1
3998847,8a64d42c-24b3-407d-81d9-5936db320d7e,2,73,23,Belgium Women's,Lisa Lichtfus,Sari Kees,4.7,51.7,13.1,30.7,22.617693,8.588330596522496,0.024509659297410367,0.026428023412371153,0.0019183641149607862,0.11344457625669054,0.12141543786442023,0.007970861607729696,0.2950788661708212,0.31269483561288003,0.017615969442058843,11.146313365301037,10.946578620833543,0,0,0,0,0,0,0,0,0,0,0,0
3998847,db8f17a9-0c6a-499a-a3bf-1e1f2d65cf91,2,73,34,Spain Women's,Aitana Bonmati Conca,Athenea del Castillo Belvide,80.1,55.6,90.3,60.3,11.230762,6.866505128609951,0.4920224901562745,0.27094271755068816,-0.2210797726055863,1.0300133327929133,0.7360492059078132,-0.2939641268851001,1.850108477373335,1.4744757545870535,-0.37563272278628146,2.9637196513869153,5.276120281599797,1,0,1,0,1,2,0,0,1,0,0,1
3998847,a50e594e-0b4a-4a03-8974-10c5436d0a1b,2,73,37,Spain Women's,Athenea del Castillo Belvide,Alexia Putellas Segura,92.7,58.3,96,44.4,14.286357,8.466091948998134,0.7934556963387857,0.7479567420045223,-0.04549895433426332,1.493834181540156,1.503763145478156,0.009928963938000024,2.35930293742714,2.6057515713874504,0.24644863396031047,2.7483748548727798,1.9701787152824264,1,1,2,1,3,2,0,0,1,0,0,1
3998847,d555cf9a-6c00-4986-99a5-41e2181cf3e7,2,73,48,Belgium Women's,Justine Vanhaevermaet,Jarne Teulings,20.9,47.9,6.5,53.4,15.414603,-14.873890587168887,0.8860378132264909,0.4908365136959871,-0.3952012995305038,1.592456301051036,0.9680880947023734,-0.6243682063486625,2.392738663111134,1.5796748089096735,-0.8130638542014605,2.3100159508794107,3.0552573640496714,1,0,2,1,3,2,1,1,1,1,1,1
3998847,2de54bbd-48e8-4b9f-b08f-fde5ddcab9d9,2,73,53,Spain Women's,Claudia Pina Medina,Athenea del Castillo Belvide,117.2,24.3,112.6,29.6,7.017834,3.1837152022958186,0.8849673587459765,0.6866688564370474,-0.1982985023089291,1.4965522520130683,1.5620097390646301,0.06545748705156185,2.242679807617007,2.5450564297500313,0.3023766221330244,2.220227578175235,4.0499790273675975,1,0,2,1,2,4,0,0,1,1,1,1
3998847,3ab75e03-03bb-4d00-a851-f80dbba5e2df,2,74,3,Spain Women's,Claudia Pina Medina,Alexia Putellas Segura,96.8,31.7,100.8,24.8,7.975588,0.15164353285943477,0.4774923946776822,0.8535762661161936,0.37608387143851146,1.3661381557721441,1.5412057750721226,0.1750676192999785,2.5938725892824155,2.4936308693702087,-0.10024171991220676,6.3346735030399195,1.901322484920655,0,1,0,2,4,2,0,0,1,0,0,1
3998847,9ed4bb07-077f-48e7-9c2e-a3b3fb6e1982,2,74,4,Spain Women's,Alexia Putellas Segura,Olga  Carmona García,100.8,24.8,95.5,13.8,12.210241,-11.382096801357122,0.9378151976154877,0.06909642717440562,-0.8687187704410821,1.5891234734395485,0.33638566038992884,-1.2527378130496196,2.479887030142178,0.9396514536641376,-1.5402355764780402,1.54571802923543,9.577130230365578,1,0,2,0,3,0,0,0,1,0,0,1
3998847,ce513f01-bdc3-4660-b973-6999622184f1,2,74,7,Spain Women's,Olga  Carmona García,Alexia Putellas Segura,95.5,13.8,91.6,23.3,10.269372,2.924293171154609,0.2667413100640878,0.3764003961548528,0.10965908609076502,0.7277068912135669,0.8722472191410142,0.1445403279274473,1.4523788439110505,1.6589735348664658,0.20659469095541527,6.02290224558059,3.765024102160276,0,0,0,1,2,1,0,0,1,0,0,1
3998847,b4b380f2-196a-42ad-af6b-eb343bb912ba,2,74,10,Spain Women's,Alexia Putellas Segura,Athenea del Castillo Belvide,90.7,24.3,98,30.7,9.708244,9.35630695849487,0.4583240648561343,0.9212413088990651,0.4629172440429308,0.9431582543365159,1.8127050310769017,0.8695467767403858,1.7280288072731265,2.9701277877095382,1.2420989804364118,2.903446411229627,2.073822496385473,1,1,1,1,1,4,0,0,1,0,0,1
3998847,b613eef2-edc9-4cdd-a71c-8c6d64b09c7c,2,74,14,Spain Women's,Athenea del Castillo Belvide,Olga  Carmona García,94.7,26.7,91.3,11.6,15.478049,-11.793492468387331,0.7247952335445277,0.08139875001447539,-0.6433964835300523,1.4305619124268991,0.3666333937963631,-1.063928518630536,2.490303815770043,0.9917769727065768,-1.4985268430634662,1.9081699640961098,9.616071099699614,1,0,1,0,2,0,1,0,1,0,0,1
3998847,56adc02b-d981-47f8-ac8b-b822f80fde50,2,74,18,Spain Women's,Olga  Carmona García,Patricia Guijarro Gutiérrez,91.3,11.6,83.5,22.8,13.648443,0.026757194600847356,0.3650452214715813,0.31598347391784914,-0.04906174755373216,0.861036745622514,0.8504149614697731,-0.010621784152740843,1.6491285412447299,1.733205001216784,0.08407645997205404,3.904196766642838,4.508841166185602,0,0,1,1,1,1,0,0,1,0,0,1
3998847,962dd98c-ee5d-4e76-8a50-e3ad0e9ae171,2,74,22,Spain Women's,Patricia Guijarro Gutiérrez,Olga  Carmona García,89.3,18.5,95.3,4.1,15.6,-6.0965084841635,0.48977444099537915,0.11525140579891785,-0.3745230351964613,1.1768887867625475,0.409042367700445,-0.7678464190621025,2.1257523158750997,0.9772449204996889,-1.1485073953754108,3.827766402047969,7.347047558501054,0,0,1,0,2,1,0,0,1,0,0,1
3998847,2dd0213e-4625-489c-b254-539a9ec86c81,2,74,29,Spain Women's,Olga  Carmona García,Laia Aleixandri López,80.8,10.6,73.2,6.9,8.45281,-8.322334216254653,0.42803254414569214,0.04341658491871691,-0.3846159592269752,0.9096075538823151,0.2558533996978209,-0.6537541541844942,1.6989534210810129,0.8110464104629771,-0.8879070106180358,3.2718124862471063,10.639224926763898,0,0,1,0,1,0,0,0,1,0,0,1
3998847,6b558726-21f0-484c-973b-48ebbe0aa7bc,2,74,31,Spain Women's,Laia Aleixandri López,Aitana Bonmati Conca,72.9,9.3,83.5,23.5,17.720045,16.165671356329533,0.04015354000717087,0.3389930980010087,0.2988395579938378,0.22218285248766162,1.142026494739081,0.9198436422514193,0.7064681063346787,2.420351168856214,1.7138830625215353,10.345567663240427,7.614874467385248,0,0,0,0,0,2,0,0,1,0,0,1
3998847,775452a2-3571-44f0-ae52-1754a5abc284,2,74,37,Spain Women's,Aitana Bonmati Conca,Alexia Putellas Segura,98.2,22.8,99.8,34.8,12.106196,6.909755901623868,1.0350045758246007,1.056190934899707,0.021186359075106242,2.009336756022027,2.069625331734308,0.060288575712280856,3.1075692322066466,3.311224187398081,0.20365495519143462,3.4057873498340605,2.7481996068257257,0,1,3,3,5,3,0,0,1,0,0,1
3998847,636c83f1-acb5-4a03-8b03-33c4a95d31a0,2,74,38,Spain Women's,Alexia Putellas Segura,Athenea del Castillo Belvide,99.8,34.8,96.2,31.7,4.7507896,-4.347181931845057,1.056190934899707,1.0246247869688534,-0.03156614793085355,2.069625331734308,2.0027665349958075,-0.06685879673850037,3.311224187398081,3.232009919792079,-0.07921426760600214,2.7481996068257257,1.75850784990499,1,1,3,1,3,4,0,0,1,0,0,1
3998847,f03c401f-a1ed-470a-9d29-81f0f16d0a93,2,74,39,Spain Women's,Athenea del Castillo Belvide,Cristina Martín-Prieto Gutierrez,96.2,31.7,103.5,50.6,20.2608,5.594277079452844,1.0246247869688534,0.5843571479326288,-0.44026763903622457,2.0027665349958075,1.2031431514775885,-0.7996233835182189,3.232009919792079,2.2251296526837745,-1.0068802671083046,1.75850784990499,2.3869085507169983,1,1,1,1,4,1,0,0,1,0,0,1
3998847,6f1f80a0-e941-4d3f-a57b-e911c08fc31f,2,74,40,Spain Women's,Cristina Martín-Prieto Gutierrez,Ona Batlle Pascual,103.5,50.4,100.2,58,8.285529,-7.254821612544902,0.8527205610678922,0.592311248770359,-0.26040931229753317,1.5830322454750139,1.184512407710707,-0.3985198377643069,2.6674014187273474,2.1167524983608628,-0.5506489203664846,1.7333492081218462,2.8214084769386005,1,1,1,1,3,2,0,0,1,0,0,1
3998847,491d8790-7a71-4365-bc76-711abcee5b0b,2,75,7,Spain Women's,Alexia Putellas Segura,Irene Paredes Hernandez,89,75.1,75.6,77.7,13.649908,-11.416874453740839,0.6292130226404059,0.12757353548470965,-0.5016394871556963,0.9438699946015541,0.36900179724535415,-0.5748681973562,1.4316481605936624,0.7779338149220063,-0.6537143456716561,1.616473378059628,6.4806569242206145,1,0,1,0,1,1,1,0,1,0,0,1
3998847,17a1fd7c-ae4a-4f30-ad47-5cb745b0290e,2,75,11,Spain Women's,Irene Paredes Hernandez,Alexia Putellas Segura,75.6,77.7,91.6,68.5,18.456434,18.012021134459346,0.4949942906636427,0.4251035142314102,-0.06989077643223252,0.8713959970785381,1.0562489220040174,0.18485292492547933,1.392365398053924,1.87265875402708,0.48029335597315614,2.539916900511686,5.160634597917462,1,0,1,0,1,2,0,0,1,0,0,1
3998847,2fa7c8c0-4d37-4dd5-9a0d-5e22a44aa318,2,75,20,Spain Women's,Alexia Putellas Segura,Patricia Guijarro Gutiérrez,90.3,51.1,96.2,53.2,6.2625875,4.4910294214230255,1.0515719110227044,0.9191875867013787,-0.13238432432132574,1.847859185258318,2.098944608818034,0.2510854235597162,2.896546630601558,3.4084853377218547,0.5119387071202968,1.6618064743077297,4.769872960090324,1,0,2,1,2,6,0,0,0,1,1,1
3998847,e0763e38-7d1d-4ec3-a705-422c438691ee,2,75,55,Spain Women's,Olga  Carmona García,Alexia Putellas Segura,81.7,7.4,85.5,16.4,9.76934,8.49598490558661,0.0864523649726219,0.9290360904939311,0.8425837255213092,0.38221344126696316,1.4622994291114952,1.0800859878445321,0.9975125478980384,2.2724697276215258,1.2749571797234873,8.721190647243665,0.9137218227900431,0,1,0,1,0,2,0,1,1,0,0,1
3998847,ea6bb00d-500b-4549-822e-07dfce76a19a,2,75,56,Spain Women's,Alexia Putellas Segura,Olga  Carmona García,84.5,15.3,79.8,6.6,9.888377,-9.01728317859142,0.5843618049489554,0.13863113646675937,-0.445730668482196,1.189854689823629,0.46681703231050925,-0.7230376575131199,2.0632674433944813,1.0752146834744465,-0.9880527599200348,2.723884260033942,7.010850605477975,1,0,1,0,2,1,1,0,1,0,0,1
3998847,53ac9e15-4a3f-48ba-8a74-a22a9d817303,2,76,0,Spain Women's,Olga  Carmona García,Patricia Guijarro Gutiérrez,79.8,6.6,84.5,24,18.023596,13.325655902885295,0.1841938828002479,0.1788005205311143,-0.005393362269133589,0.6085240878747405,0.6678919030184436,0.05936781514370304,1.3274445505093384,1.5764792038603757,0.24903465335103725,6.736521542216171,6.58418508129521,0,0,0,0,1,1,0,0,0,0,0,0
3998847,c938b639-c519-4ab3-bf08-2fa84c56bc08,2,76,3,Spain Women's,Patricia Guijarro Gutiérrez,Cristina Martín-Prieto Gutierrez,87.6,26.6,99.5,26.6,11.9,10.570641210124979,0.4010609519966681,0.7989507549360465,0.3978898029393784,1.1076565636373257,1.6080588257312427,0.500402262093917,2.1708603540223805,2.6779722194061764,0.5071118653837958,4.56624049650401,2.492304466660512,0,1,1,1,2,3,0,0,0,0,0,0
3998847,d398d4c4-5d2e-4c30-8870-9ea38e7550f9,2,76,9,Belgium Women's,Mariam Abdulai Toloba,Amber Tysiak,22.3,48.9,15.9,57.3,10.560303,-7.423185393705992,1.3991685185260008,0.4106432087996804,-0.9885253097263204,2.1542118027777373,0.8753908287566655,-1.2788209740210719,2.995599282834188,1.539762495289324,-1.455836787544864,1.3689845195563746,3.512254171014727,2,0,2,1,4,2,1,0,1,0,0,1
3998847,41e79a99-c905-4783-b823-ce1a025022c9,2,76,16,Belgium Women's,Jarne Teulings,Amber Tysiak,21.6,75.7,15.7,66.8,10.678015,-3.0121860138508225,0.9483962030847533,0.1711670596947301,-0.7772291433900231,1.3390937523536697,0.47508875425019775,-0.8640049981034719,1.7354718678587224,0.9975789939411575,-0.737892873917565,1.7517862932390942,5.657741665096152,2,0,2,0,2,1,0,0,1,0,0,1
3998847,f0664b8b-be93-43c2-baa4-8756167e69ba,2,76,19,Belgium Women's,Amber Tysiak,Jarne Teulings,15.7,66.5,14.9,75.2,8.736704,-3.2240980735213327,0.7598787149882494,0.24566023771830664,-0.5142184772699427,1.097196591740124,0.5830106470527406,-0.5141859446873834,1.6109650780457654,1.0876275596093616,-0.5233375184364037,1.087864956861961,4.829871065717372,1,0,1,1,1,1,1,0,1,0,0,1
3998847,25f543cd-caf8-4e95-862c-52d6af7df576,2,76,22,Belgium Women's,Jarne Teulings,Lisa Lichtfus,10.3,75,3.2,57.9,18.5154,-3.015535696138542,0.4797879052237744,0.42099292836762037,-0.058794976856154035,0.742684658694147,0.675937645433312,-0.06674701326083499,1.1297140592607426,1.0307496475933604,-0.09896441166738223,2.306806864893961,2.67207455042767,1,1,1,1,1,1,0,1,1,0,0,1
3998847,ba62837b-849b-4593-b928-b8273374f8ab,2,77,10,Belgium Women's,Tessa Wullaert,Justine Vanhaevermaet,65,36,79.3,23.4,19.059118,11.190171998163017,0.26322796103962226,0.4448406249263121,0.18161266388668984,0.8207258239667974,1.0747288046925616,0.2540029807257642,1.7112119564347896,2.015736501217318,0.3045245447825282,5.494240288669581,3.576729899712011,0,0,0,1,1,1,0,0,0,0,0,0
3998847,e2d99690-6122-462c-ab9e-aabef4b454b5,2,77,12,Spain Women's,Ona Batlle Pascual,Adriana Nanclares Romero,34.7,58.8,10.4,45.7,27.60616,-22.40093987682171,0.6943268568329783,0.001212175936751242,-0.6931146808962271,1.206446813295076,0.023008183858420392,-1.1834386294366557,1.8199320953824807,0.12801353410455946,-1.6919185612779213,2.90188708114186,20.91441396620934,1,0,2,0,2,0,0,0,1,0,0,1
3998847,80ae3b47-910e-4a55-8fc6-03e3a921d9c8,2,77,17,Spain Women's,Adriana Nanclares Romero,Laia Aleixandri López,13.1,44.1,24.2,34.8,14.481022,11.037572439109596,0.000004010258083477368,0.00034548794150131155,0.0003414776834178342,0.0005779674676326871,0.00837644490507972,0.007798477437447032,0.00946650396401817,0.050339898460160334,0.04087339449614216,37.279964876242175,23.91165845086117,0,0,0,0,0,0,0,0,1,0,0,1
3998847,7396c1fb-091b-49c2-b4f4-31f09f453462,2,77,19,Spain Women's,Laia Aleixandri López,Alexia Putellas Segura,25.9,34.2,42.6,26,18.604568,15.622616846311388,0.0032014623837986938,0.06941168262390132,0.06621022024010263,0.04040625136560833,0.33997254921512876,0.29956629784952044,0.18651922299419785,0.8663652103904589,0.679845987396261,17.550404873838435,10.811850305705837,0,0,0,0,0,0,0,0,1,0,0,1
3998847,0ca80758-2dcc-4b81-a954-7a31a0c51132,2,77,24,Spain Women's,Alexia Putellas Segura,Patricia Guijarro Gutiérrez,45.3,25.6,40.5,40.9,16.035275,-3.4298025239961447,0.5886079501679096,0.09423543573165871,-0.49437251443625085,0.9174898682512738,0.3096546056583451,-0.6078352625929286,1.4775413156756783,0.7243342457908158,-0.7532070698848624,1.7651048129013212,7.298322315849186,1,0,1,0,1,1,0,0,1,0,0,1
3998847,0e1f432a-3bc7-4256-9c93-7e69d6d91efd,2,77,40,Spain Women's,Athenea del Castillo Belvide,Aitana Bonmati Conca,98.8,64.9,91.6,59,9.3085985,-1.467130720141796,0.5577587661739907,0.28037726067005103,-0.27738150550393964,1.2136763487377995,0.7970639033553643,-0.41661244538243525,2.084349245019468,1.650023795697948,-0.43432544932151984,4.240660897941672,4.976476518228129,0,0,1,1,3,1,0,0,1,0,0,1
3998847,4e9d0aea-c650-4c83-935b-bac0adad5819,2,77,45,Spain Women's,Aitana Bonmati Conca,Patricia Guijarro Gutiérrez,91.6,59,87.1,55,6.0207973,-1.9885478395743803,0.3839935703497567,0.419119117442576,0.03512554709281934,0.9477943353673565,0.9207509072804311,-0.027043428086925392,1.7983219652324003,1.71626609487824,-0.08205587035416029,4.121960702338813,3.6097361115272024,0,0,1,1,1,2,0,0,1,0,0,1
3998847,3de62239-85a3-4765-9160-0b80a6befcb5,2,77,56,Spain Women's,Irene Paredes Hernandez,Patricia Guijarro Gutiérrez,75.6,66.8,87.3,75.4,14.520675,3.66954934429031,0.9024245186322863,0.34707970610835986,-0.5553448125239264,1.3767660715048808,0.7888918455457513,-0.5878742259591295,2.0177308205916082,1.5122183587176037,-0.5055124618740046,1.052526268070009,3.7174512062779796,1,0,1,1,2,1,0,0,1,0,0,1
3998847,c6ceec96-ca9c-4a5e-89d6-eb272863fe28,2,77,57,Spain Women's,Patricia Guijarro Gutiérrez,Athenea del Castillo Belvide,86.1,68.5,90.3,57.3,11.961605,9.917164310215838,0.3450947634884603,0.6800620516786752,0.3349672881902149,0.794850171013978,1.5123932101955264,0.7175430391815484,1.5341158854813115,2.615412331504772,1.0812964460234606,3.727123425156348,3.2752923603763278,0,0,1,1,1,2,0,0,0,0,0,0
3998847,ee71d139-16bd-4045-90d4-e68a25fd8e9f,2,79,20,Spain Women's,Irene Paredes Hernandez,Adriana Nanclares Romero,68.9,75.4,33.2,62.2,38.062187,-27.429915872427557,0.4097422972731909,0.024134344543423194,-0.3856079527297677,0.6463861674753204,0.11169944228755387,-0.5346867251877665,0.9861077787436038,0.2835528662991784,-0.7025549124444254,2.7166518202920114,11.190870270651297,1,0,1,0,1,0,0,0,1,0,0,1
3998847,ae49f817-67a0-47b8-ab7c-92c78fe1a7dd,2,79,26,Spain Women's,Adriana Nanclares Romero,Ona Batlle Pascual,34.7,63.2,69.9,73.4,36.648056,28.18599278520172,0.43475900300986053,0.0837854447125319,-0.3509735582973286,0.663934005576233,0.3067570934430294,-0.35717691213320363,0.9657400529470791,0.7297786755919792,-0.23596137735509992,2.5412728893211773,7.8478461444568435,1,0,1,0,1,1,1,0,1,0,0,1
3998847,23bebc8a-10d4-4a87-890b-f2455f05b820,2,79,31,Spain Women's,Ona Batlle Pascual,Aitana Bonmati Conca,69.9,73.4,79.4,75.7,9.774457,6.149317579229653,0.7952346788518107,0.2714990858811519,-0.5237355929706587,1.419131896281463,0.7867699159660148,-0.6323619803154482,2.111600819571913,1.4999757287665245,-0.6116250908053886,2.22459419543965,6.9744064261106775,1,0,1,0,3,2,0,0,1,0,0,1
3998847,2d5f3aaf-8f30-45b2-90ba-428aa197ff0e,2,79,39,Spain Women's,Ona Batlle Pascual,Aitana Bonmati Conca,101.2,78.5,90,75.4,11.621101,-3.557202094032455,0.4453562675210682,0.2622307424811449,-0.1831255250399233,0.8656450068862886,0.6591081093365939,-0.20653689754969473,1.4862723122240862,1.3018662413504585,-0.1844060708736277,3.0947916716363335,4.666493340746965,0,0,1,1,2,1,0,0,1,0,0,1
3998847,197e35b6-512c-4f2f-a004-348661bb5fbe,2,79,41,Spain Women's,Aitana Bonmati Conca,Patricia Guijarro Gutiérrez,88.6,74.1,76.9,75.9,11.837652,-9.73813141102373,0.8409518896720618,0.1470860401285981,-0.6938658495434638,1.274528134470283,0.4045681629914691,-0.869959971478814,1.8972776567249747,0.8596862550281124,-1.0375914016968624,1.121465118167416,6.093150886855495,1,0,1,0,2,1,0,0,1,0,0,1
3998847,da2667c5-654f-424c-9cd0-bbd419478217,2,79,43,Spain Women's,Patricia Guijarro Gutiérrez,Irene Paredes Hernandez,76.9,75.9,69.9,63.8,13.978912,0.6272033590318813,0.17693273435513132,0.10204053345288315,-0.07489220090224817,0.443552336663019,0.34172868781751636,-0.10182364884550266,0.8967503517873187,0.8403134375130321,-0.05643691427428654,5.477363738163015,7.139485774277031,0,0,0,0,1,1,0,0,1,0,1,1
3998847,59a302bb-380d-43da-a8a4-6341f9270e92,2,79,45,Spain Women's,Irene Paredes Hernandez,Aitana Bonmati Conca,69.9,63.8,84.5,59,15.368799,15.201006350267939,0.13091954131969277,0.313715222617294,0.18279568129760124,0.4068746986855466,0.9598439782224885,0.5529692795369419,0.9560578318716467,1.9830665241381082,1.0270086922664614,6.439603232930556,5.825162819282945,0,0,0,0,1,1,0,0,1,0,1,1
3998847,6fec672d-20f4-4eb9-bd23-5ea56dda4460,2,79,47,Spain Women's,Aitana Bonmati Conca,Alexia Putellas Segura,84.5,59,81.4,48.1,11.332254,0.8240338469156114,0.8841536640475988,0.2745536639170729,-0.6096000001305258,1.6345190383686303,0.8328695246395452,-0.8016495137290851,2.6058199486460936,1.8000399744221252,-0.8057799742239684,2.1343195438963383,5.7930095749039685,1,0,2,0,2,2,0,0,1,0,1,1
3998847,fe20aa7e-f9b4-40cc-897b-4fb93fbb41d9,2,79,49,Spain Women's,Alexia Putellas Segura,Claudia Pina Medina,82.4,47.5,100.8,25,29.065615,13.975980830176233,0.32603936802089506,0.2835151445157204,-0.04252422350517465,0.8078018674033864,0.7252466323896197,-0.08255523501376671,1.6969480651403508,1.461067659971223,-0.2358804051691279,3.9054842561577363,5.493973116141976,0,0,1,0,1,2,0,0,1,1,1,1
3998847,4c23cb30-ed4e-44b3-b7ad-ddf39fb0da1d,2,80,1,Spain Women's,Olga  Carmona García,Aitana Bonmati Conca,98,13.6,97,25,11.443775,6.9060381384973155,0.2494113047241777,0.692599092602307,0.4431877878781293,0.5723508801810442,1.4282748611845626,0.8559239810035184,1.1296350837192572,2.4651829076895604,1.3355478239703031,4.453342442017229,2.391533292272496,0,1,1,1,1,2,0,0,1,0,0,1
3998847,f93dc7f5-8452-4ff7-9fe9-c7345b264b36,2,80,12,Spain Women's,Alexia Putellas Segura,Claudia Pina Medina,107.7,21.8,97,29.7,13.300376,-3.2344265409103947,1.1340146689134873,0.46661510652137145,-0.6673995623921158,1.8850454629715132,1.149486701327865,-0.7355587616436483,2.8742455835545693,2.201652081027548,-0.6725935025270213,0.9207019758032429,3.606060114783661,1,0,1,1,4,1,0,0,0,1,1,1
3998847,1f467291-599f-4f6d-83d3-bd4baae923fc,2,82,7,Spain Women's,Laia Aleixandri López,Irene Paredes Hernandez,42.6,55.6,42.8,21.5,34.100586,-0.42926031376302376,0.025267791020033667,0.015355200260835545,-0.009912590759198122,0.17142814567686177,0.10197690152926535,-0.06945124414759642,0.5635253513509397,0.33419928062551796,-0.22932607072542177,12.916137345760587,12.832606468035644,0,0,0,0,0,0,0,0,1,0,0,1
3998847,757c711b-3a11-4d69-9aa8-de3520963e4f,2,82,11,Spain Women's,Irene Paredes Hernandez,Alexia Putellas Segura,42.8,21.2,55.8,19.8,13.075168,12.15325401795073,0.12671277031995234,0.40121089717604713,0.27449812685609476,0.36199579518363545,0.8221437222873508,0.4601479271037153,0.7769998985738864,1.4214094858561659,0.6444095872822795,6.385965349966562,3.2724949124095817,0,0,0,1,1,1,0,0,1,0,0,1
3998847,d044590d-0f17-4bdc-8de4-5d0aa05a38fe,2,82,17,Spain Women's,Alexia Putellas Segura,Irene Paredes Hernandez,51,24.5,43.1,52.3,28.900692,-7.15795145710662,0.47343244034515025,0.042287930959022564,-0.4311445093861277,0.8917872781118129,0.20232591940526995,-0.689461358706543,1.4071220860355051,0.5711546319000984,-0.8359674541354067,3.3489790445504566,9.881138209265341,0,0,1,0,2,0,0,0,1,0,0,1
3998847,6b3e62b3-0e54-41f8-90e3-fb1e654a5b79,2,82,20,Spain Women's,Irene Paredes Hernandez,Patricia Guijarro Gutiérrez,43.1,52.3,44.3,33.9,18.439089,1.9320927521091136,0.21361068434623615,0.0831223277649561,-0.13048835658128005,0.4473232968916044,0.34647802125084126,-0.10084527564076312,0.8196141633628458,0.8227059529625036,0.003091789599657835,4.686177598127117,9.438634079127546,0,0,1,0,1,0,0,0,1,0,0,1
3998847,b0c7b1a1-ad6e-4236-96f5-f6046c74b7ee,2,82,22,Spain Women's,Patricia Guijarro Gutiérrez,Alexia Putellas Segura,45.9,33,54.5,30,9.108238,8.170938247856782,0.08380570864798476,0.4424614260261256,0.35865571737814084,0.34983367401626203,0.8963301209214021,0.5464964469051401,0.8398179760548453,1.4571357303451555,0.6173177542903102,9.036804245159797,4.057869758580427,0,0,0,1,0,2,0,0,1,0,0,1
3998847,3335cc49-8ed5-4056-9ce7-4b0b4891e225,2,82,27,Spain Women's,Alexia Putellas Segura,Cristina Martín-Prieto Gutierrez,54.1,29.3,67.1,39.4,16.462381,13.859611175606808,0.3599460977322142,0.8932952601311289,0.5333491623989147,0.7649860545816579,1.2418506638528393,0.47686460927118135,1.357084419657149,1.8753534795234303,0.5182690598662814,3.655834696980079,0.5897250170076052,0,1,1,1,1,1,0,1,1,0,0,1
3998847,e292651b-f3ee-4379-b57a-e46775ca7982,2,82,47,Spain Women's,Irene Paredes Hernandez,Patricia Guijarro Gutiérrez,81.4,75.9,77.3,69,8.026207,1.097279031798358,0.27709678621021705,0.34012635559223997,0.06302956938202292,0.5482218317213088,0.7651760152039658,0.21695418348265705,0.9655338720163568,1.3771403545391228,0.411606482522766,3.974136970264123,5.037419429042223,0,0,1,0,1,2,0,0,1,0,0,1
3998847,06283522-428f-4518-b2db-f548713693c3,2,82,48,Spain Women's,Patricia Guijarro Gutiérrez,Ona Batlle Pascual,77.3,69,94.3,77.2,18.874321,6.402493184074544,0.34012635559223997,0.019530418520556654,-0.3205959370716833,0.7651760152039658,0.16000245060100884,-0.605173564602957,1.3771403545391228,0.571403753108373,-0.8057366014307498,5.037419429042223,13.697534835070313,0,0,0,0,2,0,0,0,1,0,0,1
3998847,ae1b17fb-a904-475d-ad69-ba4679962ac9,2,83,3,Spain Women's,Laia Aleixandri López,Ona Batlle Pascual,86.3,76.7,95.5,77.4,9.226592,5.115205838294372,0.7374147260172298,0.20829075175345035,-0.5291239742637794,0.9894281132079409,0.6672264215043632,-0.3222016917035777,1.479965376538178,1.41293348339228,-0.06703189314589797,1.011136143538055,6.870378894081286,1,0,1,0,1,1,1,0,0,0,0,0
3998847,9294b18b-15f7-4a4e-8bf2-660471e8263f,2,83,5,Spain Women's,Ona Batlle Pascual,Patricia Guijarro Gutiérrez,93.7,76.9,87.8,73.1,7.017834,-0.8651047410387704,0.32778582709015625,0.6500446848486013,0.3222588577584451,0.7825905934425186,1.2837640016637029,0.5011734082211843,1.4468928546641442,2.053740716025092,0.6068478613609478,4.622067302813455,3.8308148937425592,0,0,1,2,2,3,0,0,0,0,0,0
3998847,faa1f818-0287-4169-8d08-b61a84bd5361,2,83,9,Belgium Women's,Janice Cayman,Justine Vanhaevermaet,24.8,4.4,33.3,10.8,10.640018,10.153439949434627,0.7009230523722584,0.6484521809126339,-0.05247087145962448,1.3841260345862814,1.373234576209447,-0.010891458376834251,2.2620479567833356,2.4040111713392265,0.1419632145558909,3.822665402191518,2.435581944489187,0,1,2,1,3,2,0,1,0,0,0,0
3998847,adbb8784-287a-4d8c-8ed0-d067352a8479,2,83,10,Belgium Women's,Justine Vanhaevermaet,Tessa Wullaert,33.3,11.9,43.5,8.8,10.660675,8.522268020702882,0.6442214394913797,0.5916054633569011,-0.05261597613447855,1.3996130226280363,1.3122679228285037,-0.08734509979953264,2.442400746046159,2.315577552337651,-0.12682319370850825,2.7245575001452336,3.288408075187345,1,0,1,1,3,3,0,0,0,0,0,0
3998847,ccf11bc1-11e5-4c11-8538-1a56677c9261,2,83,11,Belgium Women's,Tessa Wullaert,Jassina Blom,43.5,8.8,41.5,2.4,6.7052217,-4.422543858920918,0.5916054633569011,0.5645755761006414,-0.027029887256259766,1.3122679228285037,1.1464042192658441,-0.16586370356265956,2.315577552337651,1.9685074068943167,-0.34707014544333425,3.288408075187345,3.238141001746797,0,0,1,1,3,2,0,0,0,0,0,0
3998847,f48bd4ad-1bd0-4d7d-8d44-3f7757e5e9f1,2,83,27,Belgium Women's,Justine Vanhaevermaet,Jassina Blom,42.2,1.6,55.8,2.7,13.644413,12.511482392948565,0.5117029707327427,0.9007696676220811,0.38906669688933837,0.9753731217852784,1.7774793956633503,0.802106273878072,1.6154359508154406,2.7971309863891958,1.1816950355737552,2.852186982659207,2.8908064521375327,1,1,1,2,2,4,0,0,1,0,0,1
3998847,b520d4a9-64bb-4af5-afb7-94686aec18b9,2,83,35,Belgium Women's,Sari Kees,Tessa Wullaert,34.6,18.3,47.9,27.5,16.171888,14.938304449765738,0.5570381359613117,0.572366729426876,0.015328593465564366,1.2124150266410683,1.2194550488426867,0.007040022201618479,1.9477253248246662,2.158793903305488,0.21106857848082172,4.231877333731443,2.8515223217764727,0,1,1,1,3,3,0,0,0,0,0,0
3998847,a45a01ee-13be-4174-8839-e4b4671858bb,2,83,56,Spain Women's,Irene Paredes Hernandez,Adriana Nanclares Romero,51,68,29.6,45.1,31.342783,-16.07898956839324,0.16635212565505053,0.0006414598400624003,-0.16571066581498814,0.47028793099531124,0.015932648081754784,-0.4543552829135565,0.9659102782930679,0.09737672910793688,-0.8685335491851309,5.807925970745641,23.55286796292666,0,0,0,0,1,0,0,0,1,0,0,1
3998847,aebcfc7a-30ea-4a92-9ba8-45d0608824d4,2,84,3,Spain Women's,Laia Aleixandri López,Irene Paredes Hernandez,40.4,27.7,42.8,57.3,29.697138,1.430044460049757,0.06852770762741972,0.00557424573155355,-0.06295346189586618,0.23312230843473214,0.07206430878858788,-0.16105799964614426,0.49327462522487886,0.32259197693698977,-0.1706826482878891,8.271319139702152,17.19252928936581,0,0,0,0,0,0,0,0,1,0,0,1
3998847,4205e543-b7a0-448b-ac23-d73f5169356a,2,84,9,Spain Women's,Irene Paredes Hernandez,Ona Batlle Pascual,47.6,59.8,60.7,76.9,21.541124,5.215247487511618,0.17055847769611734,0.10649215563671181,-0.06406632205940553,0.5045625057517303,0.3204682690794515,-0.18409423667227887,1.0688451249741238,0.7275544662874697,-0.3412906586866541,5.861763222127816,6.897328228067824,0,0,0,0,1,1,0,0,1,0,0,1
3998847,bdf4bc5a-0f6b-4ea1-bbcc-4637bce2ae04,2,84,12,Spain Women's,Ona Batlle Pascual,Aitana Bonmati Conca,58.5,75,56.9,59,16.079802,4.863442258255716,0.6708627792276967,0.6269976168402566,-0.04386516238744009,0.9085401325092335,1.1190498712793497,0.21050973877011625,1.3119464167534376,1.7289899944435865,0.4170435776901489,1.2812218120003922,2.814416744448681,1,1,1,2,1,2,1,0,1,0,0,1
3998847,49d33164-ae42-4974-a459-9284924844ae,2,84,14,Spain Women's,Aitana Bonmati Conca,Patricia Guijarro Gutiérrez,56.9,59,54.8,53.3,6.074537,-0.6442105305783059,0.6851825341046053,0.599284201084903,-0.08589833301970229,1.155268895376653,1.0935580763840722,-0.061710818992580796,1.7486384754388058,1.7081988963471342,-0.04043957909167162,2.0822140622516367,2.528603071121944,1,1,1,1,2,2,0,0,1,0,0,1
3998847,6c95fed9-1db3-46a2-8176-bcce0fab80ea,2,84,15,Spain Women's,Patricia Guijarro Gutiérrez,Laia Aleixandri López,54.8,53.3,48,33.5,20.935139,-5.750114325309724,0.7739092225925501,0.052322469362658934,-0.7215867532298912,1.2767092496753287,0.20513385895614056,-1.0715753907191883,1.857791085249925,0.5010539102590919,-1.3567371749908332,2.273636401704972,9.072032071714023,1,0,2,0,2,0,0,0,1,0,0,1
3998847,fc13a081-6601-49e9-8ef0-012d6ff02adb,2,84,18,Spain Women's,Laia Aleixandri López,Salma Paralluelo Ayingono,49.6,30,64,27.7,14.582523,13.771787027896842,0.3977853049086394,0.9076267480767769,0.5098414431681375,0.6171692606897465,1.1868104407218458,0.5696411800320993,0.9416442616417386,1.75610202322335,0.8144577615816113,2.7853844694739567,0.4311440877869655,1,1,1,1,1,1,0,0,1,0,0,1
3998847,1a6a639e-2c3c-409b-ab55-fd096bbf4362,2,84,22,Spain Women's,Salma Paralluelo Ayingono,Olga  Carmona García,72.6,19.5,68.4,6.4,13.756817,-9.932217578060623,0.46421923405879467,0.04342721274913758,-0.4207920213096571,0.9224248703186021,0.20450952890792087,-0.7179153414106813,1.5838186050231708,0.5735559263530384,-1.0102626786701325,4.180853342307441,10.163183740758758,0,0,2,0,2,0,0,0,1,0,0,1
3998847,2895d582-5c5a-4813-9196-a3a937060f32,2,84,26,Spain Women's,Olga  Carmona García,Irene Paredes Hernandez,71.6,8.2,64.7,36.2,28.837648,2.481595392331016,0.3013174562914923,0.1906696779687309,-0.1106477783227614,0.663713210916928,0.5295947575537089,-0.13411845336321915,1.2374424984170376,1.1506803648014023,-0.08676213361563523,4.182398160531735,5.513737384853341,0,0,1,0,1,1,0,0,1,0,0,1
3998847,e5fda761-906f-4e4a-bdb9-35ecf65b5cd7,2,84,32,Spain Women's,Irene Paredes Hernandez,Athenea del Castillo Belvide,62,47.5,76.1,51.6,14.684005,13.076185919998508,0.596032222840559,0.5652702694812063,-0.030761953359352723,0.9791476085422792,1.3120896715223154,0.33294206298003615,1.602937378431411,2.321921228965811,0.7189838505344,1.8618757781884179,3.513545914264363,1,0,1,1,1,3,0,0,1,0,0,1
3998847,f33db98f-2e38-4960-a218-135fb0dfa0d3,2,84,37,Spain Women's,Athenea del Castillo Belvide,Salma Paralluelo Ayingono,83.4,32.5,109.7,15.6,31.261797,10.87563932223614,0.8529212862407172,0.10614131319915684,-0.7467799730415603,1.703999255643633,0.4273646497284341,-1.276634605915199,2.771120820248222,1.0810145578005137,-1.6901062624477083,2.4140175271461146,7.794811103532766,1,0,1,0,4,1,0,0,0,0,0,0
3998847,88567678-92df-4641-87b3-49cd024c787e,2,88,0,Spain Women's,Laia Aleixandri López,Salma Paralluelo Ayingono,36.4,21.8,55.1,8.6,22.889517,13.461218730485697,0.742894481796315,0.435287708315615,-0.30760677348070004,1.3746803703782131,0.9940141265496696,-0.3806662438285435,2.1491764613585085,1.7940028553467897,-0.35517360601171877,2.2734813527990427,4.5003628760265295,1,0,1,1,3,2,0,0,1,0,0,1
3998847,1efee035-d65f-4255-bea1-22fa563e692b,2,88,12,Spain Women's,Alexia Putellas Segura,Adriana Nanclares Romero,57.2,11,23.7,32.2,39.644547,-27.44283354439935,0.454710720058123,0.00011104784723965893,-0.4545996722108834,1.0135417548981027,0.006606820103529476,-1.0069349347945733,1.8044129507467397,0.07240631366469874,-1.732006637082041,3.608074826110263,28.699348221757337,0,0,1,0,2,0,0,0,1,0,0,1
3998847,e70741f1-e097-4f07-88c3-1d69d353cd5f,2,88,29,Spain Women's,Aitana Bonmati Conca,Leila Ouahabi El Ouahabi,67.7,8.6,57.5,4.1,11.148542,-11.074715487361544,0.9588887220292125,0.41753447796006826,-0.5413542440691442,1.478198912678728,0.8832414919990728,-0.5949574206796553,2.1076856970555355,1.4826106677277806,-0.6250750293277549,2.0341669134211715,3.717446415795634,2,0,2,1,2,1,1,0,1,0,0,1
3998847,d3178133-7f48-488f-aa31-a8515a409b67,2,88,30,Spain Women's,Leila Ouahabi El Ouahabi,Patricia Guijarro Gutiérrez,57.8,4.1,60.7,22.1,18.232115,9.87406529720704,0.6003247525596487,0.5742523275263745,-0.026072425033274227,1.0991413630274196,1.1368824933205304,0.03774113029311077,1.6947574973544008,1.8898494760427966,0.19509197868839578,2.6392206446483666,2.590647712367756,1,1,1,1,3,1,0,0,0,0,0,0
3998847,4f2f4d41-be35-46dd-a63d-abd09a3f6cc8,2,88,31,Spain Women's,Patricia Guijarro Gutiérrez,Aitana Bonmati Conca,61.5,21.5,65.1,19.4,4.167733,2.717905435601388,0.574252349299521,0.7617224583263381,0.18747010902681716,1.1368825059694727,1.4845051136913718,0.3476226077218991,1.8898494829828336,2.291761577687802,0.4019120947049686,2.590647508788242,3.389222925948916,1,0,1,2,1,4,0,0,0,0,0,0
3998847,9a9d5f85-1064-43c3-8a7a-71f961db6967,2,89,10,Spain Women's,Leila Ouahabi El Ouahabi,Patricia Guijarro Gutiérrez,69.7,21.8,77.3,25.3,8.367198,8.331906052523223,0.35833085195984354,0.7431758735932579,0.38484502163341433,0.8491247955346756,1.3777724760092362,0.5286476804745607,1.562615131346417,2.220252459099996,0.6576373277535792,4.900457230840083,2.6393698957492675,0,1,1,2,2,3,0,1,1,0,0,1
3998847,2e1e907d-4b59-4a58-ade0-72a60edc933e,2,89,10,Spain Women's,Patricia Guijarro Gutiérrez,Leila Ouahabi El Ouahabi,77.1,24.8,69.4,21.5,8.377351,-8.362690960111138,0.8331187298941618,0.2908946482241454,-0.5422240816700163,1.4440011004241629,0.759388499066432,-0.6846126013577308,2.257147662021836,1.4114668676538324,-0.8456807943680034,2.0703245060826156,6.409859174759341,1,0,2,0,3,2,1,0,1,0,0,1
3998847,de582f69-4e48-4329-8f1f-57ed88cca236,2,89,12,Spain Women's,Leila Ouahabi El Ouahabi,Adriana Nanclares Romero,66.4,21.5,38.8,48.6,38.680355,-24.95132690120736,0.426261105118955,0.0016063707425081025,-0.4246547343764469,0.9311924272587724,0.027918580371096565,-0.9032738468876759,1.5230535928861373,0.16011074538903938,-1.362942847497098,4.608426711678653,19.634661467742372,0,0,1,0,3,0,0,0,1,0,0,1
3998847,dddfb36a-1181-4823-a49a-5d441860e635,2,89,17,Spain Women's,Adriana Nanclares Romero,Patricia Guijarro Gutiérrez,38.8,48.6,56.2,38.9,19.921095,17.844666646477428,0.022459809657795548,0.5614194922377437,0.5389596825799481,0.12694040378911803,0.8858259630401393,0.7588855592510213,0.3760601749626558,1.3788461627970483,1.0027859878343925,11.638089232734199,1.9250599468028715,0,1,0,1,0,1,0,1,1,0,0,1
3998847,8d75317a-a66f-41be-91bc-ec2a15bbaff5,2,89,18,Spain Women's,Patricia Guijarro Gutiérrez,Irene Paredes Hernandez,56.5,38.5,41.8,56.3,23.085278,-16.363009517440105,0.561419759169264,0.007524198344401123,-0.5538955608248629,0.8858261722337736,0.0805076701146492,-0.8053185021191244,1.378846323353862,0.30994761014011035,-1.0688987132137515,1.9250584038004965,16.445998416957988,1,0,1,0,1,0,1,0,1,0,0,1
3998847,634adf2d-2dc6-4e18-a9d1-11d95ecfd352,2,89,24,Spain Women's,Irene Paredes Hernandez,Ona Batlle Pascual,56.9,53.3,63.7,75.4,23.1225,-2.018078443574666,0.3755471806025629,0.0917698930165019,-0.283777287586061,0.788628155362714,0.29503293253113927,-0.49359522283157475,1.392288943213125,0.6996332459476746,-0.6926556972654503,3.437667134216348,7.3253155409517765,0,0,1,0,1,1,0,0,1,0,0,1
3998847,682811b5-c022-468a-9f64-49a9aca41d39,2,90,9,Spain Women's,Adriana Nanclares Romero,Irene Paredes Hernandez,13.2,42.1,22.3,64.2,23.90021,6.168122991008701,0.05307182090908542,0.02070800774777953,-0.03236381316130589,0.17278654340392,0.12236561937843639,-0.05042092402548361,0.34623936062813754,0.34811688751670206,0.001877526888564518,8.808939774701477,12.256121898582254,0,0,0,0,0,0,0,0,1,0,0,1
3998847,1c58c3e7-f242-4a5e-a8bc-5a53b1634f72,2,90,13,Spain Women's,Irene Paredes Hernandez,Patricia Guijarro Gutiérrez,26.9,63.5,30.9,52.3,11.892855,6.075118877849619,0.1809752542593493,0.17492660069389807,-0.0060486535654512286,0.44438489309171153,0.551701973700637,0.10731708060892547,0.8709093086028525,1.1873281469409789,0.31641883833812634,5.318660825972277,6.23930879747629,0,0,0,0,1,1,0,0,1,0,0,1
3998847,d21b7f37-f0ee-4e8d-bb71-6e040bd68773,2,90,21,Spain Women's,Salma Paralluelo Ayingono,Aitana Bonmati Conca,62,42.9,68.9,52.1,11.5,5.55940874593864,0.7015647707969559,0.41810296424040316,-0.28346180655655273,1.2380870563760453,0.9233228113729259,-0.3147642450031194,1.8897082844312143,1.5802793275694633,-0.309428956861751,2.313490804321716,4.01749549519001,1,0,2,1,2,2,0,0,1,0,0,1
3998847,69b8ee50-2440-4b12-9691-b82808818181,2,90,23,Spain Women's,Aitana Bonmati Conca,Leila Ouahabi El Ouahabi,77.1,53.2,93.3,33.5,25.50549,17.405041908008332,0.4771108797105098,0.3747056654644628,-0.10240521424604698,1.0239320688363922,0.8375261039496633,-0.1864059648867289,1.8568540716807653,1.5031723068073133,-0.35368176487345204,3.0007449426406763,3.942335200348485,0,0,1,1,1,2,0,0,0,0,0,0
3998847,dde08049-cb19-4f91-9478-d1c976fac2b7,2,90,25,Spain Women's,Leila Ouahabi El Ouahabi,Salma Paralluelo Ayingono,92.6,37.2,97.2,52.3,15.78512,1.636517261492827,0.7594445612936653,0.5698685166646824,-0.18957604462898292,1.4535422868709462,1.3214507356061196,-0.13209155126482663,2.388947095998249,2.3323768381407417,-0.056570257857507134,2.112024892691584,3.5972724092815884,1,0,1,1,3,3,0,0,0,0,0,0
3998847,c0a29880-d62a-4a98-9d2f-a31469d3ac70,2,90,38,Belgium Women's,Amber Tysiak,Lisa Lichtfus,10.7,53.1,2.9,38.2,16.818146,-7.031591529544571,0.19329914015961291,0.00766179323835006,-0.18563734692126285,0.4191190980852688,0.06621808221511985,-0.352901015870149,0.762730451003204,0.2518358397215118,-0.5108946112816922,4.989448185643428,14.939769179047396,0,0,1,0,1,0,1,0,0,0,0,0
3998847,3c989462-b4f4-4748-a5f2-9c07fa1c457f,2,90,40,Belgium Women's,Lisa Lichtfus,Sari Kees,2.9,38.2,10,25.2,14.812494,6.122662692502317,0.00766179323835006,0.036745532683657295,0.029083739445307233,0.06621808221511985,0.165096870971728,0.09887878875660816,0.2518358397215118,0.4340699821543858,0.182234142432874,14.939769179047396,10.150769367354815,0,0,0,0,0,0,0,0,0,0,0,0
3998847,cd94209e-8c7b-4bf6-8e60-169bc438a852,2,91,0,Spain Women's,Alexia Putellas Segura,Cristina Martín-Prieto Gutierrez,77.9,61.3,91,53.2,15.401948,15.318733185756248,0.5089956411935032,0.8771802684313752,0.36818462723787204,1.1248737695165927,1.6550305608825735,0.5301567913659808,2.1147574083122347,2.6972145178648503,0.5824571095526156,3.1194911171877604,1.9984887506718587,0,1,1,1,2,4,0,0,1,0,1,1
3998847,141d8b0f-7eb6-4f8f-bc6c-e95fc202d39f,2,91,2,Spain Women's,Cristina Martín-Prieto Gutierrez,Alexia Putellas Segura,91,53.2,90,61.8,8.657945,-5.221397443173988,1.0453581705845225,0.570399916942932,-0.4749582536415905,1.8800590505171677,1.387015785640577,-0.4930432648765908,2.9853889781914433,2.536403456785949,-0.4489855214054943,1.4283968809763836,3.422460289925713,1,0,1,1,4,2,0,0,1,0,1,1
3998847,9a186c76-b8e5-421c-a400-13b632ce9b89,2,92,7,Spain Women's,Irene Paredes Hernandez,Ona Batlle Pascual,63,65.9,64.7,70.3,4.7169905,-0.44857235914750504,0.11306880802501178,0.3376280112577238,0.224559203232712,0.4163302325584033,0.7335832376292085,0.3172530050708052,0.9385993721606549,1.2478196209548462,0.3092202487941913,8.097177022572852,4.478598726750296,0,0,0,1,0,2,0,0,1,0,0,1
3998847,afd9a860-d001-40e2-acc9-ef4298e8904c,2,92,8,Spain Women's,Ona Batlle Pascual,Irene Paredes Hernandez,64.7,70.3,60.2,65.8,6.363961,-2.0712229253424184,0.3376280112577238,0.2043314544246643,-0.1332965568330595,0.7335832376292085,0.5693808059011065,-0.164202431728102,1.2478196209548462,1.1074664011063367,-0.14035321984850957,4.478598726750296,6.197733005153693,0,0,1,0,2,1,0,0,1,0,0,1
3998847,cde7b6ab-0a22-44ef-8039-f2b152c29cfc,2,92,10,Spain Women's,Irene Paredes Hernandez,Laia Aleixandri López,58.5,65.2,55.1,77.2,12.472369,-8.342717938536282,0.676299120661883,0.035600236082282945,-0.6406988845796001,1.0205573662205658,0.1911799813085661,-0.8293773849119997,1.4829845916137658,0.533377303298411,-0.9496072883153548,1.560546569583894,11.935648535580054,1,0,1,0,2,0,1,0,1,0,0,1
3998847,98cc799c-2107-468c-ad40-9137bee96a44,2,92,20,Spain Women's,Aitana Bonmati Conca,Patricia Guijarro Gutiérrez,96.8,60.3,101.5,61.3,4.8052053,2.6150142394444558,0.7497411118742272,0.8905679608994137,0.1408268490251865,1.517923858404894,1.591630524540831,0.07370666613593713,2.5430614375294476,2.471122845209605,-0.07193859231984279,2.503239561388809,2.3933076084812344,1,1,1,2,3,2,0,0,0,1,1,1
3998847,c8984a17-3ca3-407b-a73a-dd6ccc9a9b56,2,92,21,Spain Women's,Patricia Guijarro Gutiérrez,Aitana Bonmati Conca,101.2,60.8,98.5,58.3,3.679674,-0.19654959112245152,0.8905680045696386,0.6728809501709194,-0.21768705439871916,1.5916305828557173,1.4088350800147074,-0.18279550284100998,2.4711228962167846,2.3465713560307853,-0.12455154018599934,2.3933092515025387,3.3360658834453494,1,0,2,1,2,3,0,0,0,1,1,1
3998847,811e0e62-a649-4d43-82e9-5e51577a455a,2,92,22,Spain Women's,Aitana Bonmati Conca,Alexia Putellas Segura,98.2,57.8,98.2,49.6,8.2,4.3237563318863685,0.7111722052545013,0.496262769675817,-0.2149094355786843,1.4841748025059562,1.3434815489772287,-0.14069325352872752,2.457368846394635,2.5456057411008257,0.08823689470619067,3.519255445104062,4.72158584470837,0,0,2,1,3,3,0,0,0,1,1,1
3998847,481b7666-a673-4434-9cf0-999a03294338,2,92,44,Belgium Women's,Sari Kees,Amber Tysiak,5.5,54.5,8.4,69.8,15.572412,-0.09570221563589598,0.21834020266063908,0.020899219195887123,-0.19744098346475197,0.4114693083488896,0.10652188680120457,-0.30494742154768506,0.6397934676411243,0.2872527001925987,-0.35254076744852564,4.569561907749849,11.666428640651151,0,0,1,0,1,0,0,0,1,0,0,1
3998847,986e4772-e2e9-4327-b076-6f834ac5cd7b,2,92,47,Belgium Women's,Amber Tysiak,Tessa Wullaert,14.1,71.2,35,63,22.451057,22.343607756937942,0.20484367414017987,0.5112583629241562,0.30641468878397626,0.514591691898649,0.9683601726181108,0.45376848071946185,0.9208107229283397,1.6524637254590027,0.731653002530663,5.911824212620114,2.47882515683937,0,1,0,1,1,1,0,0,1,0,0,1
3998847,b5a327d8-a671-40aa-811b-a1fcac7d8bc6,2,92,49,Belgium Women's,Tessa Wullaert,Elena Dhont,35,63,31.8,73.2,10.690183,-6.1848045495990505,0.5185917584693204,0.5089487543552556,-0.009643004114064824,0.980957615082278,0.9500385946304065,-0.03091902045187145,1.6733579335782653,1.5568910530030986,-0.11646688057516674,2.432606169549409,2.661007662882811,1,1,1,1,1,1,0,1,1,0,0,1
3998847,79298ec2-336b-4228-91b3-6aebcee8f5b5,2,92,58,Spain Women's,Salma Paralluelo Ayingono,Alexia Putellas Segura,70.9,15.1,63.3,20.8,9.5,-4.809708993665808,0.894363084160781,0.4742160116758352,-0.4201470724849458,1.450241507559898,1.2479356271667743,-0.2023058803931237,2.211249135848681,2.3070632016325887,0.0958140657839075,1.4338991970049841,5.5794583425418285,1,0,2,0,2,3,1,0,1,0,0,1
3998847,43a3b843-8a5d-4c43-9259-caf9d724daa6,2,93,6,Spain Women's,Alexia Putellas Segura,Irene Paredes Hernandez,66.1,20.5,56.2,21.1,9.918165,-9.221656816823355,0.9181784019386934,0.10663964740985431,-0.8115387545288391,1.48709229156409,0.4404333385267814,-1.0466589530373087,2.3566827413269693,1.0959546795524486,-1.2607280617745207,1.3836335575786975,9.288469328700922,1,0,2,0,2,0,1,0,1,0,0,1
3998847,16fe5e2f-a20c-49c5-b848-0d02ead7f284,2,93,8,Spain Women's,Irene Paredes Hernandez,Aitana Bonmati Conca,56.9,24,76.1,24.8,19.21666,18.639958393658034,0.1958971814169978,0.3191297041289626,0.12323252271196478,0.5851007533407436,1.0917119135464506,0.506611160205707,1.2387053853280214,2.3061275454194776,1.0674221600914562,6.100364671974251,6.890120630666281,0,0,0,0,1,1,0,0,1,0,0,1
3998847,78e0371b-89ec-4f8e-abcd-64359126cb82,2,93,10,Spain Women's,Aitana Bonmati Conca,Salma Paralluelo Ayingono,76.1,24.8,89.3,22.2,13.453624,10.969929449402635,0.7687999311671114,0.8329435029472146,0.06414357178010321,1.616918391299816,1.424500761323811,-0.19241762997600498,2.725847262846279,2.327206241428341,-0.39864102141793767,3.5744268175176703,1.4194518129011169,0,1,2,1,4,2,0,0,1,0,0,1
3998847,1fcc1c73-82ce-4f47-9de4-1126f1604934,2,93,17,Spain Women's,Alexia Putellas Segura,Patricia Guijarro Gutiérrez,67.7,10.6,67.7,23.3,12.7,5.0955350146888705,0.5317552886199264,0.0979413508465288,-0.4338139377733976,0.7973583253283604,0.3920538235325959,-0.4053045017957645,1.1328469199020632,0.9700837956246107,-0.16276312427745254,2.084446586015786,8.325146787511422,1,0,1,0,1,0,0,0,1,0,0,1
3998847,24ce66da-6f9e-492b-903a-48a2912c917d,2,93,19,Spain Women's,Patricia Guijarro Gutiérrez,Aitana Bonmati Conca,68.7,22.5,76.9,20.8,8.374366,7.01961368366765,0.14146437946912288,0.25277537838076697,0.11131099891164409,0.5272077706829138,0.761513177556794,0.23430540687388024,1.2999017745412782,1.570441947659742,0.2705401731184638,6.896890526652025,6.610769889598473,0,0,0,0,1,2,0,0,1,0,0,1
3998847,9a3786cb-fd2a-49c3-a43b-f9a9d07e5642,2,93,22,Spain Women's,Aitana Bonmati Conca,Leila Ouahabi El Ouahabi,82.4,20.1,93,5.6,17.961348,-1.189146919940427,0.32888562711041935,0.17741060105872516,-0.1514750260516942,0.9072576333997705,0.4691641518465541,-0.4380934815532164,1.8240993280695414,1.0009607008224048,-0.8231386272471366,4.687789545805714,5.453930005197734,0,0,1,0,1,1,0,0,1,0,0,1
3998847,f720990a-9923-4bae-af8f-3021a7ec068e,2,93,25,Spain Women's,Leila Ouahabi El Ouahabi,Alexia Putellas Segura,93,5.6,84.5,7.4,8.6884985,-4.467075520245913,0.17981381008769515,0.1837693396876899,0.0039555295999947615,0.5066863592016835,0.503616147437351,-0.003070211764332531,1.081884777671389,1.0633716774563895,-0.01851310021499941,5.617045149798631,5.517670965888594,0,0,0,0,1,1,0,0,1,0,0,1
3998847,540c521c-2394-4a7f-b0d2-979c2dc5671e,2,93,31,Spain Women's,Alexia Putellas Segura,Irene Paredes Hernandez,71.6,6.6,62.7,10.3,9.638465,-5.733973161474502,0.4083840698418988,0.09786975146432061,-0.31051431837757815,0.7187856025630383,0.3418441312379789,-0.37694147132505934,1.1606164550190472,0.7549574243301256,-0.4056590306889216,2.968075254590924,7.833593724054714,1,0,1,0,1,1,0,0,1,0,0,1
3998847,aedabc9a-8bdb-4faa-84a9-8b8609d189ca,2,93,33,Spain Women's,Irene Paredes Hernandez,Alexia Putellas Segura,62.7,10.3,70.4,3.8,10.076706,3.134543684901722,0.24837914850367526,0.14349117404856798,-0.10488797445510728,0.6016471004420528,0.4492478832123078,-0.15239921722974503,1.1409342369515485,0.9831734768812758,-0.15776076007027273,4.941772198480133,7.584227226776761,0,0,1,0,1,1,0,0,1,0,0,1
3998847,78b5065c-0286-4e53-a7f0-9734eed19592,2,93,37,Spain Women's,Alexia Putellas Segura,Irene Paredes Hernandez,70.4,3.8,62,13.3,12.681088,-2.4453170752141205,0.44391740708314165,0.08210651921418124,-0.36181088786896043,0.885057442850366,0.3539102083213696,-0.5311472345289965,1.5634850318613935,0.9019481169821651,-0.6615369148792284,3.0542354316389058,9.542575007166516,0,0,1,0,1,0,0,0,1,0,0,1
3998847,883ed4e9-22e3-4fa9-8db7-98f96f2875e7,2,93,41,Spain Women's,Irene Paredes Hernandez,Alexia Putellas Segura,62,13.3,70.9,3.8,13.01768,2.848479434517742,0.3808020562437622,0.10887653730327715,-0.271925518940485,0.7768888686095698,0.32281221915708874,-0.4540766494524811,1.3642215070578407,0.7500049535866957,-0.614216553471145,3.5867377019648163,6.795124515006875,0,0,1,0,2,1,0,0,1,0,0,1
3998847,b430c673-3f00-4c87-aebd-c8ec5002ddff,2,93,44,Spain Women's,Alexia Putellas Segura,Irene Paredes Hernandez,70.9,3.8,63.7,9.3,9.060353,-3.124232517695127,0.4181888872753138,0.06209322015900244,-0.35609566711631135,0.7012718415586988,0.3083420622727863,-0.3929297792859125,1.1785981990575785,0.8509047676257769,-0.3276934314318015,2.7095732470287084,10.52608113166314,1,0,1,0,1,0,0,0,1,0,0,1
3998847,ba386b56-d70b-4daf-a511-ec3dc6de3a7a,2,93,46,Spain Women's,Irene Paredes Hernandez,Alexia Putellas Segura,66.7,9.6,73.9,3.7,9.3085985,2.683772978358107,0.28396583680070986,0.23467778017809324,-0.04928805662261662,0.6973195641586196,0.6622615805295242,-0.0350579836290954,1.326558634616943,1.3440191202916558,0.017460485674712922,4.719100751459546,6.0227367681089365,0,0,1,0,1,2,0,0,1,0,0,1
3998847,a5649353-4fde-4d33-b83c-1b1b5ae3dc3c,2,93,48,Spain Women's,Alexia Putellas Segura,Irene Paredes Hernandez,73.9,3.7,64.4,12.6,13.01768,-3.308606574381969,0.5516136111830249,0.1353662667510324,-0.4162473444319925,1.051412849261924,0.45592913620933284,-0.5954837130525911,1.693883945393111,1.0852634994767858,-0.6086204459163251,3.733343351246463,6.865718891197858,0,0,2,0,2,1,0,0,1,0,0,1
3998847,09a7c49a-1f6b-4b6e-8b5c-a0e9199e898c,2,93,50,Spain Women's,Irene Paredes Hernandez,Aitana Bonmati Conca,65,12.6,71.5,17.8,8.324061,8.107828044932155,0.2633623597266244,0.6345412316272439,0.37117887190061943,0.6689543046494487,1.4101543669792933,0.7412000623298446,1.384571207000124,2.4305246538740555,1.0459534468739315,4.536172841645823,4.0748887211471825,0,0,1,1,1,4,0,0,0,0,0,0
3998847,d7ca21ef-a597-426e-8100-68ecc3a68f87,2,93,51,Spain Women's,Aitana Bonmati Conca,Alexia Putellas Segura,71.2,17.5,72.5,3.4,14.159802,-6.227842126206774,1.0675576348614713,0.24503648607895842,-0.8225211487825128,1.8367886282732773,0.7098290908294409,-1.1269595374438364,2.7796350439974575,1.4691023156532443,-1.3105327283442132,2.19848292821313,5.432171433257982,1,0,2,0,4,1,1,0,0,0,0,0