match_id,pass_id,period,minute,second,team,passer,receiver,start_x,start_y,end_x,end_y,pass_length,progression,p_start_tau3,p_end_tau3,pt_tau3,p_start_tau5,p_end_tau5,pt_tau5,p_start_tau8,p_end_tau8,pt_tau8,nearest_start,nearest_end,n3_start,n3_end,n5_start,n5_end,n8_start,n8_end,passer_under_pressure,receiver_under_pressure,retained5,shot5,shot10,good5
3998840,74655483-9872-4ca9-9665-8caa8379db0f,1,0,18,Poland Women's,Paulina Tomasiak,Adriana Achcińska,99,77.2,113.1,62.8,20.15366,18.896936989859782,0.4862858184018584,0.7740314865339952,0.2877456681321368,0.9114349576331704,1.1215790966101251,0.21014413897695472,1.4062974743626029,1.7838585605222719,0.377561086159669,3.785346457959692,0.9880951128325055,0,1,2,1,2,1,0,1,0,0,0,0
3998840,02d55796-9683-40b7-9733-7e630b1ca9f2,1,0,51,Poland Women's,Adriana Achcińska,Emilia Urszula Szymczak,35.4,46.9,26.7,52.3,10.239629,-9.226362625183285,1.5901403336226925,0.5038461286574345,-1.086294204965258,2.0096948176209435,1.2076036894508002,-0.8020911281701433,2.7081833401214097,2.1429622687232017,-0.565221071398208,0.7485379211780935,4.669468659197186,2,0,2,1,2,2,1,0,1,0,0,1
3998840,287ed30a-6a78-4cb7-9059-ba01553d4a0e,1,1,32,Germany Women's,Rebecca Knaak,Janina Minge,49.7,28.1,49.3,51,22.903494,-0.25054133171165915,0.01695285971036948,0.007924287239910777,-0.009028572470458702,0.12463181958525613,0.07543135487794776,-0.049200464707308364,0.44367295520576644,0.28533376745429484,-0.1583391877514716,12.748091600756899,16.102171900429557,0,0,0,0,0,0,0,0,1,0,0,1
3998840,a00f29ca-5696-429e-b745-539a95d21d07,1,1,36,Germany Women's,Janina Minge,Rebecca Knaak,50.8,52.6,51.6,35.7,16.918924,1.802729034304761,0.01771860967248948,0.016661077252688023,-0.0010575324198014574,0.11877055332125157,0.11256781577710641,-0.006202737544145159,0.37418901283569006,0.40593730968152547,0.03174829684583541,13.233878430690678,12.523877675829263,0,0,0,0,0,0,0,0,1,0,0,1
3998840,5aaab10d-2dee-40fa-9d61-6b7718b14690,1,1,38,Germany Women's,Rebecca Knaak,Sjoeke Nüsken,51.4,35.1,62.4,13.8,23.972692,5.496028945984705,0.020947145727951394,0.010601955645905894,-0.0103451900820455,0.13253668652481407,0.11616837801259892,-0.016368308512215143,0.4669018121261402,0.5023770408949012,0.035475228768761025,11.880432740078929,15.442165746168843,0,0,0,0,0,0,0,0,1,0,0,1
3998840,073c7361-ef6d-4d2b-8bfe-921080d534cd,1,1,43,Germany Women's,Sarai Linder,Klara Bühl,92.5,2,92.3,8.8,6.8029404,5.184766014575338,0.36906659606596326,0.22657195685283787,-0.14249463921312538,0.6048327331136808,0.6745856988281587,0.06975296571447787,0.965639246760901,1.4376958539210207,0.47205660716011977,3.0354277257016857,6.171485682249956,0,0,1,0,1,1,1,0,1,0,0,1
3998840,59006ba8-001c-495b-830d-6181d50ea145,1,1,45,Germany Women's,Klara Bühl,Sjoeke Nüsken,92.9,5.4,77.9,3.1,15.175309,-12.032688377121168,0.4117160503223004,0.026794922572106427,-0.384921127750194,0.9233813841561496,0.17976272312946978,-0.7436186610266797,1.6802184340229491,0.5990691682671215,-1.0811492657558275,4.02323304794419,12.324590161066729,0,0,1,0,2,0,0,0,1,0,0,1
3998840,f5988bf9-b134-4229-8d04-95e438d19c3a,1,1,48,Germany Women's,Sjoeke Nüsken,Janina Minge,76.4,4.5,64.1,40.7,38.23258,0.3202560724909347,0.07699096211488506,0.04465722048134076,-0.03233374163354429,0.31774426587075644,0.20146832351177968,-0.11627594235897676,0.8353974286122098,0.6050050506455509,-0.2303923779666589,8.385335217812854,9.542768792522057,0,0,0,0,0,0,0,0,1,0,0,1
3998840,5fbd5744-cdf2-4f6b-b402-b6754ab65b2d,1,1,51,Germany Women's,Janina Minge,Giulia Gwinn,65.3,45.4,87.4,75.9,37.665104,6.47290933498612,0.2968449713066246,0.0917668220215461,-0.20507814928507853,0.6281757899777151,0.27829091960111507,-0.3498848703766,1.2032984980723818,0.6384180595950495,-0.5648804384773323,3.970804443405952,7.266189526816267,0,0,1,0,1,1,0,0,1,0,0,1
3998840,b66b7447-7670-410a-a667-2da641d720df,1,2,5,Germany Women's,Ann-Katrin Berger,Rebecca Knaak,12.7,45,24.3,42.3,11.91008,11.688798171245068,0.05432945668231141,0.030012716551343376,-0.02431674013096803,0.17988247230757104,0.136853857798653,-0.04302861450891804,0.37620726355823497,0.3451437979115597,-0.03106346564667528,8.74928190571207,10.642739058270307,0,0,0,0,0,0,0,0,1,0,0,1
3998840,124ce1bc-cd4b-41d8-b8e0-15288e256981,1,2,14,Germany Women's,Rebecca Knaak,Janina Minge,36.5,28.7,37.3,54.3,25.612497,0.33391131209104685,0.033460448291063594,0.003844694544820358,-0.029615753746243235,0.1725923245348283,0.0571936678328529,-0.11539865670197541,0.5098402232635582,0.27266474617909775,-0.2371754770844604,10.543374699269716,19.495733941670565,0,0,0,0,0,0,0,0,1,0,0,1
3998840,7e203eb7-ff65-4f32-a916-5b26c2fff2e7,1,2,26,Germany Women's,Rebecca Knaak,Sarai Linder,57.6,25.1,70.4,2.2,26.23452,1.7924198895661831,0.05605291158059713,0.16402345783182143,0.10797054625122429,0.29928681011065306,0.39803328275030914,0.09874647263965608,0.8572584380679611,0.7915811508893557,-0.06567728717860544,10.173607074184789,5.542227144202699,0,0,0,0,0,1,0,0,1,0,0,1
3998840,fa0fa0a6-ca1e-4a3d-bca4-124540c5fa86,1,2,32,Germany Women's,Rebecca Knaak,Janina Minge,49.7,22.3,53.9,50.2,28.214357,5.611640343560708,0.026931323345234407,0.04427953645141931,0.017348213106184906,0.18664004579803387,0.21411412183091932,0.02747407603288546,0.6450742460565966,0.580537434674191,-0.06453681138240552,11.719990815195663,10.234778879036938,0,0,0,0,0,0,0,0,1,0,0,1
3998840,a1dc4393-fae9-498d-8496-3020ef741a84,1,2,38,Germany Women's,Giulia Gwinn,Janina Minge,64,74.1,54.5,68.3,11.130589,-5.786913962525034,0.291719191660724,0.022711127374991497,-0.26900806428573254,0.628611663344202,0.16684583556848676,-0.4617658277757153,1.1659955784100307,0.5403204491942666,-0.6256751292157641,4.062892021566321,14.39400759754834,0,0,1,0,1,0,0,0,1,0,0,1
3998840,3bf0b165-038e-4f99-9f35-b317b5dfdfde,1,2,41,Germany Women's,Janina Minge,Rebecca Knaak,56.4,62.5,56.4,32.2,30.3,3.386139577410546,0.047958276205709346,0.00840532703282262,-0.03955294917288672,0.2626916963697906,0.09901534981668507,-0.16367634655310553,0.7288143580109416,0.46326794923724546,-0.2655464087736962,11.727302049108346,15.793531831348094,0,0,0,0,0,0,0,0,1,0,1,1
3998840,2bb77042-8902-43f8-9d21-0ce088238d5c,1,3,27,Germany Women's,Klara Bühl,Sjoeke Nüsken,50.4,12.1,43.3,23.5,13.43019,-3.4709020553134593,0.8503882429657629,0.6064464424802825,-0.24394180048548042,1.3958138300628775,1.2538568372712076,-0.14195699279166996,2.0332146003923848,2.0631940832492552,0.029979482856870465,2.700887806711567,3.2032434078815344,2,0,2,1,2,3,0,0,1,0,0,1
3998840,be9ce78a-97ae-4001-96ac-b8b989a18f8d,1,4,11,Germany Women's,Sarai Linder,Sjoeke Nüsken,64,8.8,70.4,10.3,6.5734315,6.292718063063639,1.0351992466740307,1.4874209139386056,0.4522216672645749,1.6626855332456965,2.2106146259118473,0.5479290926661509,2.433903620881992,2.9790156204518485,0.5451119995698566,1.3338644434584837,1.5503584975479112,1,2,2,3,3,3,0,1,0,0,0,0
3998840,20f4bdd8-b3d0-43ea-9159-01674fe150d4,1,4,37,Poland Women's,Emilia Urszula Szymczak,Natalia Padilla-Bidas,37.1,64.8,67.9,6,66.37831,24.31743328424328,0.06411200192278199,0.07373126182392697,0.009619259901144983,0.2459966029862105,0.24021890887264985,-0.005777694113560661,0.6287463627351937,0.580102016337772,-0.048644346397421656,8.493263391431627,7.8922505897529875,0,0,0,0,0,1,0,0,0,0,0,0
3998840,eaadf16a-9b39-4a30-a4a6-b2ddec6252db,1,4,43,Poland Women's,Martyna Wiankowska,Ewelina Kamczyk,56,7.2,76.8,6.2,20.824024,17.064070262471745,0.29325957817217246,0.5728753451399342,0.27961576696776175,0.603396114566832,0.9471836235360306,0.34378750896919863,1.064930807323438,1.5423641548142695,0.47743334749083144,4.013238863763227,2.0051043025421382,0,1,1,1,1,1,0,1,0,0,0,0
3998840,91a77b85-732d-4038-a537-cd22eb95f1c7,1,4,59,Germany Women's,Linda Dallmann,Janina Minge,44.2,67.1,26.2,66.9,18.001112,-17.082234247126152,0.693100160494597,0.004182381486949857,-0.6889177790076472,1.3141936572073771,0.05336046307014683,-1.2608331941372304,2.1112813340637793,0.23271465952494702,-1.8785666745388323,2.574102054434514,17.87835633041445,1,0,2,0,2,0,0,0,1,0,0,1
3998840,8c04ab96-2ffa-420f-9448-15e8d3ea5931,1,5,2,Germany Women's,Janina Minge,Ann-Katrin Berger,25.6,63.4,14.8,43.7,22.466196,-8.00806724641184,0.003268439997560584,0.00039844390514482146,-0.0028699960924157626,0.04499623128215777,0.01008653074742951,-0.03490970053472826,0.20784302434696958,0.07055072345450075,-0.13729230089246883,18.113205737804826,23.538602363013645,0,0,0,0,0,0,0,0,1,0,0,1
3998840,fe309dc1-df0e-4453-9c44-59c2a09d4a50,1,5,11,Germany Women's,Janina Minge,Rebecca Knaak,46.5,51.6,52.5,25.1,27.170755,5.28478467275589,0.01501155666552823,0.011361997713236392,-0.003649558952291838,0.11390352368616798,0.11746141941659885,0.003557895730430874,0.3776924549144497,0.4726537520435732,0.09496129712912349,14.71380987108204,15.798481432626987,0,0,0,0,0,0,0,0,0,0,0,0
3998840,511e6826-81db-4128-ab2b-f620cfdc10cb,1,5,40,Germany Women's,Janina Minge,Lea Schüller,46.7,57,79.1,26.4,44.565907,32.14367532025812,0.13536895413087605,0.8477635554670623,0.7123946013361863,0.41393444759456566,1.4975442961013938,1.0836098485068282,0.8531264303961293,2.2888127783527654,1.435686347956636,6.609951408273948,1.7817278868007658,0,1,0,1,1,3,0,0,1,0,0,1
3998840,132edd4b-a9eb-4922-807a-213a8baed199,1,5,42,Germany Women's,Lea Schüller,Linda Dallmann,79.3,26.4,85,5.8,21.37405,-6.022939506603777,0.8477626529383483,0.07715016912396176,-0.7706124838143865,1.4975435853911638,0.28859902797015946,-1.2089445574210043,2.2888122741753407,0.7389640625146907,-1.54984821166065,1.781732288004488,8.011932605358915,1,0,1,0,3,0,0,0,1,0,0,1
3998840,77bea065-9d88-479d-ab26-755021cced98,1,6,25,Poland Women's,Adriana Achcińska,Emilia Urszula Szymczak,30.6,48.9,21.2,50.6,9.552486,-9.52507981262795,0.6995058388249817,0.34029973721522155,-0.3592061016097602,1.296982455162781,0.7895618133150598,-0.5074206418477213,2.0523385250525767,1.4352198173332422,-0.6171187077193345,2.536028847684079,4.222535238093588,1,0,2,1,2,2,1,1,0,0,0,0
3998840,8988302d-2fbd-463c-8bad-274677931a4b,1,6,26,Poland Women's,Emilia Urszula Szymczak,Tanja Pawollek,21.4,51.2,35.9,37.2,20.155643,15.087468463590923,0.34029995475586167,0.135349457754707,-0.20495049700115467,0.7895620794567775,0.5569546702306024,-0.23260740922617507,1.4352200958370518,1.3031604237795942,-0.1320596720574576,4.222532963708477,8.33537562939641,0,0,1,0,2,0,1,0,0,0,0,0
3998840,c75e1078-76e1-4ad2-bb13-4c730d9fb86a,1,6,42,Germany Women's,Jule Brand,Giulia Gwinn,57,54.7,57.2,67.3,12.601587,-3.784950927254542,0.1734785078910617,0.07513929438000677,-0.09833921351105493,0.5507621732148986,0.29635345070213104,-0.2544087225127676,1.199455900404206,0.7400935649106369,-0.4593623354935691,6.348171042135635,8.65226394810622,0,0,0,0,1,0,0,0,1,0,0,1
3998840,7f45454e-5059-46d7-8438-9bb42b25b568,1,6,49,Germany Women's,Rebecca Knaak,Janina Minge,58.8,25.1,55.3,41.7,16.964964,-1.7346327837019189,0.036067066021311725,0.017535679638132427,-0.018531386383179298,0.20165483133028375,0.13249016058578483,-0.06916467074449892,0.6324349070248445,0.4727435080118216,-0.15969139901302293,10.627978044414215,13.83225447551327,0,0,0,0,0,0,0,0,1,0,0,1
3998840,02ee0092-9f13-468f-9a3d-8445ef2968d3,1,6,51,Germany Women's,Janina Minge,Jule Brand,57.8,45.6,72.9,55.8,18.222239,12.772108622993791,0.059166251780725654,0.2438465719707316,0.18468032019000594,0.2612017330395235,0.6878039730276357,0.42660223998811225,0.698775291436861,1.4217459360588387,0.7229706446219777,9.823675383440195,5.968165480088761,0,0,0,0,0,2,0,0,1,0,0,1
3998840,6869f719-b8ad-435c-94fb-c2bedb296171,1,6,55,Germany Women's,Jule Brand,Elisa Senß,70,52.4,77.9,45.4,10.555094,9.069752642362268,1.0158735847199605,0.76329639889846,-0.25257718582150046,1.6043546879041386,1.6287009466777498,0.024346258773611185,2.290279638864467,2.731378396570444,0.44109875770597684,1.5969129009646754,3.3054163866186155,1,0,2,2,3,4,0,0,1,0,0,1
3998840,32f8c73e-a449-46ba-8cba-7dbc7093fea8,1,6,56,Germany Women's,Elisa Senß,Sjoeke Nüsken,78.6,45,72.1,32.4,14.177799,-6.798335930629037,1.0737336231204335,0.5113365521188099,-0.5623970710016236,1.9697375644607609,1.1765797559775928,-0.7931578084831681,3.04686822779494,2.156583433333476,-0.890284794461464,1.8913778226642473,4.309795635746375,1,0,1,2,4,2,0,0,1,0,0,1
3998840,8c0c5415-db46-4127-857b-eba181c0e07c,1,6,58,Germany Women's,Sjoeke Nüsken,Rebecca Knaak,69.1,35,64.4,25.2,10.868763,-6.391085660080677,0.6236951854316227,0.02914960054355431,-0.5945455848880684,1.1578677027465012,0.18902244404733168,-0.9688452586991695,1.9802023252481165,0.6563718164658647,-1.3238305087822517,2.3866889987936726,11.479682223743714,1,0,1,0,2,0,0,0,1,0,0,1
3998840,6f968fe4-564f-41f6-a16f-b18bb01d1dab,1,7,1,Germany Women's,Rebecca Knaak,Klara Bühl,71.2,12.2,96.2,1.8,27.076927,11.155422207697605,0.23241833801095746,0.41017932489056574,0.17776098687960828,0.5439045640708635,0.691578728498838,0.14767416442797443,1.12715269483268,1.136627923861946,0.009475229029266119,4.581910246713163,2.8126057008784224,0,1,1,1,1,1,0,0,0,0,0,0
3998840,c70d5ae5-2eaf-4763-9c7f-67392b15797a,1,7,38,Germany Women's,Sjoeke Nüsken,Klara Bühl,79.3,45.8,91.9,22.9,26.137522,8.217118276271293,0.6221735792256508,0.2987187355980688,-0.323454843627582,1.2335494536729958,0.8294986410319865,-0.4040508126410094,2.214535704344518,1.6677209748587563,-0.5468147294857617,2.2225624228380663,5.413415895187814,1,0,1,0,2,2,0,0,0,1,1,1
3998840,81d8a5f7-ec77-4f72-ada2-831e13649e05,1,8,13,Germany Women's,Jule Brand,Giulia Gwinn,66.1,68.7,43.3,72.5,23.114498,-22.236780821543825,0.5281894806612233,0.14489010894612528,-0.383299371715098,1.0904773219922423,0.3759450980873289,-0.7145322239049134,1.8360573697958977,0.7602356283588274,-1.0758217414370703,3.4931527839002663,5.9330363570071585,0,0,1,0,2,1,0,0,1,0,0,1
3998840,5997fbb3-a0fd-4cae-914a-6d4e7223c984,1,8,15,Germany Women's,Giulia Gwinn,Ann-Katrin Berger,44,72.7,21,48.1,33.67729,-16.5945431871927,0.14489001626247028,0.00041348764609886796,-0.14447652861637142,0.3759449544919528,0.011788922611633071,-0.36415603188031975,0.7602354495644144,0.07950744096561828,-0.6807280085987961,5.933038268974569,24.1086109572293,0,0,0,0,1,0,0,0,1,0,0,1
3998840,94566f8e-839a-4b79-9788-cf56c3c7c19c,1,8,30,Germany Women's,Rebecca Knaak,Sjoeke Nüsken,65.2,18.3,76.6,24.1,12.790622,12.719171566158288,0.16953987862960726,1.0179425096103993,0.848402630980792,0.5197331592167783,1.5588115595965848,1.0390784003798066,1.1857717953744156,2.464552323950485,1.2787805285760694,6.04757736864053,0.5737379473487524,0,1,0,1,1,3,0,0,1,0,0,1
3998840,41c3ca97-bf6d-4fdb-99dd-02de8d6ce727,1,8,36,Germany Women's,Sjoeke Nüsken,Linda Dallmann,67.7,35,76.4,44.5,12.88177,8.706852503034597,0.9237304574465175,0.5077999709195747,-0.41593048652694276,1.4535789199529143,1.130068062513052,-0.3235108574398624,2.232661182806478,2.1165424212083392,-0.11611876159813894,1.0680015273954895,2.859268498456724,1,1,1,1,3,1,0,0,1,0,0,1
3998840,9d3b6c23-1adb-4107-b122-7ef869000c4f,1,8,38,Germany Women's,Linda Dallmann,Jule Brand,77.9,45.6,93.1,71,29.600676,1.4268127279802272,0.4265089465321806,0.025775581111047406,-0.4007333654211332,0.9676169436081868,0.14411306389088874,-0.8235038797172981,1.881362272181491,0.46521234924871496,-1.416149922932776,3.1818089012081026,11.21419517778636,0,0,1,0,1,0,0,0,1,0,0,1
3998840,2344df50-a392-48fb-837e-4451373448ef,1,10,4,Germany Women's,Ann-Katrin Berger,Jule Brand,20.4,34.3,57.6,59,44.653442,34.53444771261226,0.07968329150792675,0.2006004286332967,0.12091713712536994,0.2274321467804446,0.5730659590438492,0.34563381226340456,0.452862283608784,1.1906459949034138,0.7377837112946298,7.5980214220227555,6.864728607685107,0,0,0,0,1,2,0,0,0,0,0,0
3998840,d6c0b5f7-9b4c-46e8-b5a9-18786ec2137e,1,10,6,Germany Women's,Jule Brand,Janina Minge,57.6,59,40.3,52,18.662529,-15.369803675524423,0.2006004286332967,0.32269806971789233,0.12209764108459564,0.5730659590438492,0.6664385385644965,0.09337257952064737,1.1906459949034138,1.1933830513787773,0.0027370564753634863,6.864728607685107,3.707365226027002,0,0,0,1,2,1,0,0,0,0,0,0
3998840,c0f5e5c8-9e1b-44ce-a787-27376bde9d0e,1,10,19,Germany Women's,Sjoeke Nüsken,Giulia Gwinn,41.9,32.6,28.5,38.4,14.60137,-13.06419514041312,0.6018031276649287,0.025266041950346638,-0.5765370857145821,1.119590132431024,0.18537271797697247,-0.9342174144540516,1.8530017558983556,0.5993813561525514,-1.2536203997458042,2.210873328472165,12.983697373143444,1,0,1,0,2,0,0,0,1,0,0,1
3998840,3131596d-ed4b-4ca8-9496-8dd5452221a7,1,10,27,Germany Women's,Sarai Linder,Rebecca Knaak,44.6,5.3,37.4,18.4,14.948244,-2.376008593822988,0.006666136538151167,0.003438934290441488,-0.0032272022477096794,0.08345208710678267,0.05214445492526367,-0.031307632181519,0.3806060129415297,0.2748678077751675,-0.10573820516636218,17.162359451426163,18.023063220132492,0,0,0,0,0,0,0,0,1,0,0,1
3998840,c21ffdd4-4432-409e-b524-63c318b26707,1,10,30,Germany Women's,Rebecca Knaak,Janina Minge,43.8,21.9,43.4,52,30.102657,0.7859257038543888,0.01035160680944485,0.004164552135393539,-0.006187054674051312,0.0962594711454035,0.06379449033856426,-0.03246498080683924,0.3967352306828401,0.3154678725596199,-0.08126735812322022,14.31670377942903,19.5773902289334,0,0,0,0,0,0,0,0,1,0,0,1
3998840,6f2f99ce-23b7-426e-b395-60d76eb7d8f4,1,10,33,Germany Women's,Janina Minge,Giulia Gwinn,48.6,54.3,56.8,69.4,17.18284,3.1142651771741896,0.01184132168840893,0.0453266784296454,0.03348535674123647,0.11376562346166022,0.1863505158404624,0.07258489237880217,0.44175702659903293,0.5064334888657511,0.0646764622667182,15.941307779403164,9.43042671680478,0,0,0,0,0,0,0,0,1,0,0,1
3998840,151d2565-0336-4195-aff9-a69a0d52d1fc,1,10,41,Germany Women's,Rebecca Knaak,Sarai Linder,65.7,21.9,83.4,1.8,26.782457,4.3335395770923455,0.09207502940730085,0.2586960081308534,0.16662097872355258,0.41964931313975445,0.5292455926598112,0.10959627952005674,1.1278673107147639,0.9888474176589692,-0.13901989305579465,9.281816111700659,4.180828452921178,0,0,0,1,0,1,0,0,1,0,0,1
3998840,d8f43abd-044d-4f45-a42f-f4b9a864a7d7,1,10,43,Germany Women's,Sarai Linder,Jule Brand,83.5,1.8,75.4,5.4,8.863972,-3.612944642273959,0.25869606815566365,0.14805595603847932,-0.11064011211718433,0.5292456584886936,0.5354674107519247,0.006221752263231073,0.9888474771655306,1.2250439232279817,0.23619644606245116,4.1808277414915676,7.858205115862694,0,0,1,0,1,1,0,0,1,0,0,1
3998840,4c1dad84-524f-4263-bd51-0c345e39ba1a,1,10,45,Germany Women's,Jule Brand,Klara Bühl,75.8,5,85.5,8,10.153324,9.323610953872148,0.3008405818415756,0.7955271238382893,0.4946865419967137,0.7423528830496993,1.419423746441536,0.6770708633918368,1.4391549288184882,2.2422354921276035,0.8030805633091154,4.440397532572133,2.223181191504606,0,1,1,1,1,3,0,0,1,0,0,1
3998840,f19a2024-f11b-40db-9ede-f64f92f848a0,1,10,53,Germany Women's,Rebecca Knaak,Ann-Katrin Berger,42.5,3.5,14.4,23.3,34.375137,-21.247301895452267,0.5797621067021763,0.011768296992122361,-0.567993809710054,0.7872034899309605,0.07470096667854113,-0.7125025232524194,1.0673033428959664,0.24113365740916848,-0.8261696854867979,1.6886613842203504,13.358633785948328,1,0,1,0,1,0,0,0,0,0,0,0
3998840,c027b2f1-b05a-4f64-8973-dc266380fb53,1,10,57,Germany Women's,Ann-Katrin Berger,Rebecca Knaak,14,22.3,22.9,7.2,17.527693,4.977379593216057,0.32865355525102247,0.1815188541582658,-0.14713470109275667,0.5279468350167719,0.40992888041965697,-0.1180179545971149,0.7615677548088741,0.7276192533797883,-0.03394850142908579,3.343695759471185,5.249725993261213,0,0,1,0,1,1,1,0,0,0,0,0
3998840,5ad871ea-4593-40a8-ba7e-3e8f349c30cf,1,11,25,Germany Women's,Elisa Senß,Janina Minge,34.3,20.2,35.1,54.9,34.70922,1.759982807202988,0.10614636678879151,0.00044696852138968247,-0.10569939826740182,0.32368369056111035,0.012745783713891744,-0.3109379068472186,0.6974694098763242,0.08886421002008203,-0.6086051998562422,7.033538135693352,23.993651662858998,0,0,0,0,1,0,0,0,1,0,0,1
3998840,033dc93a-c93f-4795-99d1-1f04c5e4abd7,1,11,37,Germany Women's,Janina Minge,Giulia Gwinn,68,71.3,72.3,74.8,5.5443664,1.6482576422085629,0.49579108672829897,0.22236851093904758,-0.2734225757892514,0.9612488811604273,0.6746100047088053,-0.286638876451622,1.6727704654575417,1.434081165569172,-0.23868929988836962,2.919235706212758,6.073368906314345,1,0,1,0,2,1,1,0,1,0,0,1
3998840,cbf82fe6-5c71-4ace-8022-48f4a3da0076,1,11,38,Germany Women's,Giulia Gwinn,Janina Minge,72.3,74.8,72.1,63.2,11.601724,5.822506658024942,0.2175369243965585,0.343150975075787,0.1256140506792285,0.6739997198543022,0.9281424331888475,0.2541427133345453,1.4411916851400024,1.8070388344494202,0.36584714930941775,6.234340324607393,5.415910276603556,0,0,0,0,1,2,0,0,1,0,0,1
3998840,5fae37e4-1c8a-419a-8d7b-4d9973391c9f,1,11,40,Germany Women's,Janina Minge,Jule Brand,77.4,62.8,91.7,74.8,18.667887,3.4631559299006867,0.8037268176057729,0.09519945111729508,-0.7085273664884778,1.5273849352964803,0.4423998568128059,-1.0849850784836743,2.482139891269334,1.1252613952302586,-1.3568784960390754,2.6674341465389775,9.946754543983808,1,0,2,0,2,0,0,0,1,0,0,1
3998840,40ca2827-c66d-4dfa-b3d3-ab1157bc3d45,1,11,48,Germany Women's,Sjoeke Nüsken,Sarai Linder,87.1,33.2,99.3,7.2,28.720028,-5.190306650573575,0.3796855043693767,0.18013144015971477,-0.19955406420966193,0.8868347057116738,0.43788831495950914,-0.44894639075216464,1.8255813672933556,0.9197801518878707,-0.905801215405485,3.396923445302453,5.31650110692031,0,0,1,0,1,1,0,0,0,0,0,0
3998840,8f811c22-a79e-4e12-8b7f-24a597ef9eba,1,12,14,Poland Women's,Paulina Dudek,Emilia Urszula Szymczak,27.2,28.1,28.4,57.2,29.124731,0.3590155124945369,0.007928328719490016,0.0035808810870841773,-0.004347447632405839,0.08791427687986013,0.05373827242031367,-0.03417600445954646,0.36471480124858324,0.27729643198484955,-0.0874183692637337,16.438161413550013,18.387855562938523,0,0,0,0,0,0,0,0,0,0,0,0
3998840,b9640732-ce63-472e-a357-c30c7815c799,1,12,19,Poland Women's,Paulina Dudek,Emilia Urszula Szymczak,33,28.9,28.2,57,28.507017,-5.655560483580302,0.2649703895307408,0.005872620297165302,-0.2590977692335755,0.5308418096338949,0.07237187390402978,-0.45846993572986516,0.9288425949745156,0.32474966744846334,-0.6040929275260523,4.116414807972175,17.389337636216123,0,0,1,0,1,0,0,0,1,0,0,1
3998840,612557af-05aa-4b32-b2a1-74f744b1e6a1,1,12,28,Poland Women's,Emilia Urszula Szymczak,Kinga Szemik,28.8,56,17.3,39.5,20.112185,-10.10834483420696,0.010458468476102533,0.001076664102864487,-0.009381804373238045,0.09462985867277644,0.024174944037771866,-0.07045491463500458,0.37624872657906855,0.14340113947768346,-0.2328475871013851,14.228875507268315,22.4732459925349,0,0,0,0,0,0,0,0,1,0,0,1
3998840,61e9fc46-38f5-4b42-bd2d-ac8f36fb65ae,1,12,32,Poland Women's,Kinga Szemik,Paulina Dudek,20.8,39.5,28,27.1,14.338758,6.301260072642236,0.06777646563963952,0.022650219181641618,-0.0451262464579979,0.2166592931911321,0.13131948662624535,-0.08533980656488677,0.4836209313182912,0.3989595347551259,-0.08466139656316529,8.111367747769192,11.688587345941853,0,0,0,0,0,0,1,0,1,0,0,1
3998840,0922573f-e6bb-4716-890c-7c9c863354ad,1,12,36,Poland Women's,Paulina Dudek,Kinga Szemik,35.4,24.8,19.9,37,19.725365,-14.19030575481304,0.6694408021352977,0.009967929287879573,-0.6594728728474181,0.9208993599728115,0.08597885204665319,-0.8349205079261582,1.3585571374567977,0.3228667613841074,-1.0356903760726903,1.2906826479127569,15.10647314949544,1,0,1,0,1,0,1,0,1,0,0,1
3998840,2b6ef1d5-1878-4566-9f28-7caefe2e14ed,1,12,40,Poland Women's,Kinga Szemik,Emilia Urszula Szymczak,20,37.2,27.8,54.9,19.34244,6.642993253681297,0.047718124179880486,0.057280657706446574,0.009562533526566087,0.19107042430709173,0.23902679453598702,0.04795637022889529,0.47794651755578654,0.6112523078879086,0.1333057903321221,9.36133854204091,9.095885652144426,0,0,0,0,0,0,1,0,1,0,0,1
3998840,de34fb02-d663-4203-aae4-2c465430d84e,1,12,42,Poland Women's,Emilia Urszula Szymczak,Tanja Pawollek,27.2,56.2,35.5,31,26.53168,9.225458652928054,0.2277020931531416,0.11902545266454101,-0.1086766404886006,0.49182278646276156,0.3662397414778892,-0.12558304498487238,0.8927737839938802,0.826829160621536,-0.06594462337234419,4.6098787469092715,6.786388431073629,0,0,1,0,1,1,0,0,1,0,0,1
3998840,b43e5395-e342-4a0a-81f4-6f8cb186f5af,1,12,51,Poland Women's,Martyna Wiankowska,Natalia Padilla-Bidas,82.8,5,95.3,8,12.85496,10.652925830266057,0.7583190360960698,0.5719087924395877,-0.18641024365648207,0.9688663145578362,0.9297859511819164,-0.0390803633759198,1.3551088270693656,1.451823758477354,0.09671493140798826,0.9048142677968106,2.045772687671658,1,1,1,1,1,1,1,0,1,0,0,1
3998840,4203da49-ae20-444d-8811-e0fd9021779d,1,13,0,Poland Women's,Martyna Wiankowska,Paulina Dudek,68.3,8.8,45.7,14.9,23.408758,-18.040274432434856,0.05662774797058167,0.004962555335054272,-0.0516651926355274,0.2803354216021556,0.04663115533095235,-0.23370426627120322,0.7826329391773426,0.1846616833988699,-0.5979712557784727,10.810070040672512,16.013625848041116,0,0,0,0,0,0,0,0,1,0,0,1
3998840,4f2b1c14-bc67-417d-b3b4-f55096883dcf,1,13,5,Poland Women's,Paulina Dudek,Emilia Urszula Szymczak,42.6,29.5,37.3,52.2,23.310513,-5.48607338389472,0.13899165561437368,0.014716735942367326,-0.12427491967200635,0.3370196718220926,0.11009177023485238,-0.2269279015872402,0.6739530700819862,0.39776615280672223,-0.276186917275264,5.958181416209028,13.258349931136513,0,0,0,0,1,0,0,0,0,0,0,0
3998840,b51da853-fcb9-40e1-b12d-467de1d6da4c,1,14,16,Germany Women's,Rebecca Knaak,Ann-Katrin Berger,29.7,3.7,11.5,20.8,24.972986,-12.862636641900991,0.12561535900661638,0.0016705825674640502,-0.12394477643915233,0.33218536892585543,0.031696883178674015,-0.3004884857471814,0.6898880218784998,0.1757836925907416,-0.5141043292877583,6.310315071544166,20.583097926531632,0,0,0,0,1,0,0,0,1,0,0,1
3998840,d0b6b554-c89b-4297-9599-7ea632a20aeb,1,14,20,Germany Women's,Ann-Katrin Berger,Janina Minge,15.7,24.1,16.1,57.6,33.502388,0.12485472085641902,0.011869139716409158,0.05170847900736602,0.03983933929095686,0.08940835056323289,0.17634970225573354,0.08694135169250065,0.31253374999920563,0.39028501092254253,0.0777512609233369,13.677808262129332,8.897283348525324,0,0,0,0,0,0,0,0,1,0,0,1
3998840,44b6031c-0a59-420e-817a-c27ac5937dcc,1,14,23,Germany Women's,Janina Minge,Ann-Katrin Berger,16.5,57.8,8.8,39.9,19.485893,-6.180570579503751,0.3865718243302421,0.1365232801514509,-0.2500485441787912,0.5821448881939743,0.34660233417419495,-0.2355425540197793,0.8028246431341464,0.668095764746486,-0.13472887838766034,2.857040131376577,6.100603690772557,1,0,1,0,1,1,0,0,1,0,0,1
3998840,6ff969b0-5c53-47e2-be4b-79b7f616ad1a,1,14,25,Germany Women's,Ann-Katrin Berger,Rebecca Knaak,8.5,39.9,14.1,18.8,21.830482,3.498887441834654,0.13652328609843126,0.028757620150382565,-0.10776566594804869,0.34660234325012423,0.1311296149201151,-0.21547272833000913,0.6680957758817134,0.35156848059165713,-0.3165272952900563,6.100603559820664,10.706305268037116,0,0,0,0,1,0,0,0,1,0,0,1
3998840,ee209695-6774-4979-acd6-51777cbbb1d5,1,14,31,Germany Women's,Rebecca Knaak,Ann-Katrin Berger,23.2,12.6,14.5,28.3,17.949373,-5.543604296701872,0.10340046398550533,0.0028066359842758818,-0.10059382800122944,0.2720176518468917,0.03319901287949986,-0.23881863896739183,0.5421677697775297,0.1554852728811001,-0.3866824968964296,6.82548111027094,17.696145966421255,0,0,0,0,1,0,0,0,1,0,0,1
3998840,fcc2d551-c03a-4672-bae3-90e9f542f912,1,14,35,Germany Women's,Ann-Katrin Berger,Janina Minge,21.7,30.1,44,60.7,37.86357,20.028682060150643,0.0012994530374312062,0.0005948059357911932,-0.000704647101640013,0.01854626039714764,0.013806305290847348,-0.004739955106300292,0.0827294659358877,0.09206804712556248,0.009338581189674774,19.937435530464818,22.478327715342676,0,0,0,0,0,0,0,0,1,0,0,1
3998840,730762d5-0561-4ed0-9738-29d12cdb0cd0,1,14,46,Germany Women's,Jule Brand,Giulia Gwinn,92.3,52.6,112.3,65,23.532106,4.272132362008097,0.683908678981533,0.07007534981213152,-0.6138333291694015,1.451817485631343,0.3191743136980164,-1.1326431719333265,2.5242489600387925,0.9189884674401477,-1.605260492598645,2.7942028244199304,8.790336400153372,1,0,1,0,2,0,0,0,0,0,0,0
3998840,9a3ef91f-1622-462c-9a5b-5f74cf802014,1,15,14,Germany Women's,Janina Minge,Giulia Gwinn,67.5,56.2,71.2,74.3,18.474306,-4.705779980992659,0.08606805805729063,0.058877951588727453,-0.02719010646856318,0.3794010330334613,0.22687619601151354,-0.15252483702194775,1.00113916792418,0.6074508530232595,-0.3936883149009204,9.301126372366854,8.674317375478388,0,0,0,0,0,0,0,0,1,0,0,1
3998840,dc827607-5ca6-4960-abc6-ff5838c0151b,1,15,17,Germany Women's,Giulia Gwinn,Ann-Katrin Berger,64.9,66.5,43.4,47.1,28.958763,-15.787031551795863,0.6018948583667985,0.0012137477813103023,-0.6006811105854881,0.8607812027735726,0.024601693232435887,-0.8361795095411367,1.3101343396238572,0.1526516392257335,-1.1574827003981236,1.6117271601094565,20.647094458738582,1,0,1,0,1,0,1,0,1,0,0,1
3998840,8356b0f4-3f1c-4095-af13-ab111844dfc9,1,15,19,Germany Women's,Ann-Katrin Berger,Rebecca Knaak,43.4,47.1,55.4,28.1,22.472204,11.2414343876344,0.0012137477813103023,0.005413753958346078,0.004200006177035776,0.024601693232435887,0.06504765201878196,0.040445958786346076,0.1526516392257335,0.304056732017267,0.15140509279153352,20.647094458738582,16.423435095075916,0,0,0,0,0,0,0,0,1,0,0,1
3998840,0fa073ac-29b3-4228-8941-66fd96512b2a,1,15,22,Germany Women's,Rebecca Knaak,Klara Bühl,63.8,23.9,70.2,8.4,16.769318,-0.5189869699101664,0.029266471583774722,0.10472916587278033,0.07546269428900561,0.185737960597804,0.3588863025352788,0.1731483419374748,0.6104938534745756,0.8553238188276391,0.24482996535306345,11.463397901142983,7.202831645108152,0,0,0,0,0,1,0,0,1,0,0,1
3998840,631ba560-fddd-4c33-9ea8-f90834425b59,1,15,23,Germany Women's,Klara Bühl,Rebecca Knaak,70.2,8.5,63.4,22.5,15.564061,-0.31750923910839646,0.10472916497073566,0.2066933166206992,0.10196415164996354,0.3588862963134655,0.513036277555155,0.1541499812416895,0.8553238039189477,1.041022875329727,0.18569907141077935,7.202831628226182,5.077102823566754,0,0,0,0,1,1,0,1,1,0,0,1
3998840,ae905e03-554f-46d7-9b2d-9326e2c21521,1,15,25,Germany Women's,Rebecca Knaak,Sjoeke Nüsken,63,21.6,70.8,25.6,8.765842,8.632221149877985,0.30871716618388373,0.5851860801217347,0.27646891393785095,0.6299511367028222,1.1360922939093465,0.5061411572065243,1.1582041929722537,1.9237346157756035,0.7655304228033497,3.7636803711326374,2.5375105626669883,0,1,1,1,1,2,1,0,1,0,0,1
3998840,3251a770-57b3-4dce-b504-7af518ac4f8a,1,15,25,Germany Women's,Sjoeke Nüsken,Ann-Katrin Berger,70.8,24.8,42.5,44.2,34.311077,-26.11925729133899,0.5818738062096677,0.0010106681002495042,-0.5808631381094181,1.076713891488068,0.02213437943976778,-1.0545795120483004,1.8178093781830105,0.1380547104555897,-1.6797546677274209,2.2487537031424187,21.416311032393075,1,0,1,0,2,0,0,0,1,0,0,1
3998840,bddaa959-a7ba-4160-b947-f90d65c0c54e,1,15,28,Germany Women's,Ann-Katrin Berger,Janina Minge,42.5,44.8,55.7,53.3,15.7,11.987403288371723,0.001010667880327715,0.005758172713948021,0.004747504833620306,0.02213437706127968,0.055088965306052694,0.032954588244773014,0.13805470221095315,0.22370203241393688,0.08564733020298373,21.41631188450891,15.681440443433381,0,0,0,0,0,0,0,0,1,0,0,1
3998840,9d79bc7e-2e91-4385-b5c1-e0e8920c2c46,1,15,31,Germany Women's,Janina Minge,Jule Brand,62.4,56.6,78.2,56.6,15.8,14.968758573484443,0.05252362813988182,0.4847659651500407,0.4322423370101589,0.22951688116619925,1.1539130355996945,0.9243961544334952,0.6642168455398206,2.105738477004125,1.4415216314643047,9.110794144115737,4.307593002073127,0,0,0,1,0,2,0,0,1,0,0,1
3998840,6ca6f04d-aade-4316-be40-3b28533d3bb6,1,15,32,Germany Women's,Jule Brand,Janina Minge,78.6,57.2,65.2,62.1,14.267796,-14.257699968848819,0.484765853829388,0.025642823784950242,-0.4591230300444378,1.1539129659700373,0.19549996259980507,-0.9584130033702323,2.105738486688197,0.6942413211628972,-1.4114971655253,4.307595718763303,13.083836117384003,0,0,1,0,2,0,0,0,1,0,0,1
3998840,1e422e3c-5b96-4b92-9b8f-c7f73c2be5ca,1,15,34,Germany Women's,Janina Minge,Rebecca Knaak,63.8,56.6,63.8,33.4,23.2,2.0141238927540144,0.02840996991792156,0.022085333856162404,-0.006324636061759155,0.19941718667470962,0.16769784543882604,-0.031719341235883575,0.6723706088234985,0.6446610758199218,-0.027709533003576703,13.204822308337873,12.3260583476154,0,0,0,0,0,0,0,0,1,0,0,1
3998840,4c5ed9c4-ecfe-44ae-a1ad-8e96ce639b26,1,15,38,Germany Women's,Rebecca Knaak,Giulia Gwinn,68.3,25.2,98.3,70.6,54.416542,16.26333683924838,0.06652400575674407,0.05757813417303864,-0.008945871583705425,0.2976544660517174,0.232470489932241,-0.0651839761194764,0.8729231436005591,0.6178412880243064,-0.25508185557625274,8.685729749099917,8.909623888632462,0,0,0,0,0,0,0,0,1,0,0,1
3998840,68705280-7a98-4851-b0ac-d0cfa678f1e7,1,15,43,Germany Women's,Giulia Gwinn,Janina Minge,86.1,72.1,70.6,62.5,18.232115,-7.596285416295608,0.6305461897023433,0.03510814940067019,-0.5954380403016731,0.8649292442346842,0.2011085579766992,-0.663820686257985,1.2825881066394145,0.6484164978474243,-0.6341716087919902,1.4467520172190942,10.779375527817088,1,0,1,0,1,0,1,0,1,0,0,1
3998840,3b813e3d-1eea-4465-80b5-34350cfad3ad,1,15,46,Germany Women's,Janina Minge,Elisa Senß,72.9,59.7,78.6,47.5,13.465883,8.980029472457502,0.08308757147882836,0.2986336915195996,0.21554612004077126,0.38038498752113475,0.8548314282899869,0.4744464407688522,1.0234822853552437,1.7830300913482802,0.7595478059930365,8.943514588215274,6.114097456973467,0,0,0,0,0,2,0,0,1,0,0,1
3998840,a24dd635-872e-479c-a581-d78179a6e1e3,1,15,49,Germany Women's,Elisa Senß,Sjoeke Nüsken,86.3,40.6,90.2,28.5,12.712985,1.763362174286442,1.1735022631809398,0.25602472482146293,-0.9174775383594769,2.0930133904146264,0.8999904962156681,-1.1930228941989585,3.297038550511603,2.020493468089235,-1.276545082422368,1.2862655033427126,6.691954457794278,1,0,2,0,4,1,0,0,1,0,0,1
3998840,6548e902-861c-4ebc-a590-d35b9da5ccfc,1,15,51,Germany Women's,Sjoeke Nüsken,Klara Bühl,91.9,19.5,104.3,4.3,19.61632,-4.2167017437716225,0.7380290857119257,0.05368970031867536,-0.6843393853932503,1.244922577250053,0.2439610792474521,-1.000961498002601,2.105075554325088,0.6932808860427656,-1.4117946682823224,1.4477752840417282,9.661181462376051,1,0,1,0,2,0,1,0,1,0,0,1
3998840,1d30fc70-9eee-47ec-b721-e0f71698f321,1,16,10,Germany Women's,Janina Minge,Jule Brand,71.2,50.6,86.3,49.7,15.126798,14.869742281737715,0.1558478199522151,0.6165486119222373,0.4607007919700222,0.5175916138417616,1.4454933800385936,0.9279017661968321,1.2165012211355843,2.6049617356203574,1.388460514484773,7.687311426925875,3.9667834386256025,0,0,0,1,2,3,0,0,1,0,0,1
3998840,f12c8649-594f-4915-bbcd-c6a814c065be,1,16,22,Poland Women's,Paulina Dudek,Paulina Tomasiak,15.4,32.4,27,58.4,28.470335,10.072993416287702,0.7377239626053909,0.2761936282822641,-0.46153033432312673,1.287273105761414,0.6692774696289064,-0.6179956361325075,1.9435481351571904,1.3152750689118788,-0.6282730662453115,2.125300522973342,4.441108467623457,1,0,1,1,3,1,0,0,1,0,0,1
3998840,953c59eb-6cf3-4568-8218-ab888cb0a658,1,16,26,Germany Women's,Sjoeke Nüsken,Lea Schüller,83.8,29.9,85.5,35.5,5.8523498,2.7903352357106854,0.6055548256054561,0.3645639058528473,-0.24099091975260883,1.165728860321618,1.1019600430567411,-0.06376881726487693,1.9599568424822345,2.200475342052734,0.24051849957049964,2.8478553439056453,6.2345225631856875,1,0,1,0,2,3,0,0,1,0,0,1
3998840,8ef32309-3ae9-4b8b-a84b-afccfb0f2dd2,1,16,28,Germany Women's,Lea Schüller,Elisa Senß,82.6,34.3,77.4,42.3,9.541489,-4.830179144363122,0.47087926661092916,0.14256028768777976,-0.32831897892314943,1.1943691307946271,0.5978688250293146,-0.5965003057653125,2.2655696248691273,1.4846441150626926,-0.7809255098064347,4.071775873295717,8.958959230560625,0,0,1,0,2,0,0,0,1,0,0,1
3998840,a64a7cbc-e574-4804-b41f-6e583d4b2ed7,1,16,30,Germany Women's,Elisa Senß,Giulia Gwinn,74.8,47.7,68.7,59.3,13.106106,-8.9592281869079,0.06256948592160369,0.007935860080818037,-0.054633625840785655,0.3511568061369994,0.09736612882914762,-0.25379067730785176,1.042022826392768,0.4617859359741462,-0.5802368904186218,10.877556873490956,16.192263738981087,0,0,0,0,0,0,0,0,1,0,0,1
3998840,622b0e6c-6901-42ba-b995-a969bb64e108,1,16,33,Germany Women's,Giulia Gwinn,Rebecca Knaak,71.2,56.6,70.4,27.2,29.410883,0.32110197597670265,0.034261107295377236,0.02175865904919931,-0.012502448246177925,0.23352980877137977,0.1578758584615044,-0.07565395030987537,0.7822800407816702,0.6124383211538752,-0.16984171962779504,12.86128397159964,12.00311992404646,0,0,0,0,0,0,0,0,1,0,0,1
3998840,4c48c387-551e-4ee8-9b80-95e24096a70d,1,16,36,Germany Women's,Rebecca Knaak,Klara Bühl,72.3,17.1,91.7,2.2,24.461603,5.6921744698391095,0.046385458454905985,0.08415216717750165,0.03776670872259567,0.24047295826869872,0.2717030446410724,0.031230086372373705,0.763637331596895,0.6397523068324918,-0.1238850247644031,9.718859161642143,7.615569022014341,0,0,0,0,0,1,0,0,1,0,0,1
3998840,09518de7-5400-4130-a57b-60984881d3ad,1,17,0,Germany Women's,Janina Minge,Elisa Senß,41.3,57.4,56.6,47,18.5,16.815293554666646,0.00951469750037243,0.2898473542367903,0.2803326567364179,0.08012965933991763,0.7651034647614293,0.6849738054215117,0.266964191148908,1.4692251772052276,1.2022609860563196,15.346793502423239,4.745964526930978,0,0,0,1,0,1,0,0,1,0,0,1
3998840,4ed10142-5192-4e03-8f1f-3f7397b907bb,1,17,1,Germany Women's,Elisa Senß,Janina Minge,56.8,47.9,47.5,54.9,11.6400175,-10.323432483488432,0.2927265788663811,0.01977902666860731,-0.2729475521977738,0.7605625887411351,0.15609017591293683,-0.6044724128281983,1.4581358171499912,0.540976215754854,-0.9171596013951372,4.627455420917355,13.756298296680873,0,0,1,0,1,0,0,0,1,0,0,1
3998840,963d5755-3a0d-46fb-82bc-1e5c311e3394,1,17,2,Germany Women's,Janina Minge,Rebecca Knaak,47.5,54.9,47.5,25.8,29.1,0.1377348975520789,0.02085480961070724,0.005599436042929928,-0.015255373567777312,0.15981212007557907,0.0715288654592384,-0.08828325461634068,0.5465426990133416,0.33808206148990405,-0.20846063752343758,13.447163480973474,16.69514877558044,0,0,0,0,0,0,0,0,1,0,0,1
3998840,8c75f368-4110-4c04-b6e9-5b8ece64765f,1,17,6,Germany Women's,Rebecca Knaak,Sarai Linder,50,20,58.5,5.7,16.635504,2.3827774132356723,0.005531454160537321,0.017970165694471844,0.012438711533934523,0.07918738965183322,0.1202037025560663,0.041016312904233077,0.3947373722379411,0.44624925847523406,0.05151188623729297,17.60911788792286,12.317123562314567,0,0,0,0,0,0,0,0,1,0,0,1
3998840,abf83870-5968-495a-a81d-f3ab282c426e,1,17,9,Germany Women's,Sarai Linder,Sjoeke Nüsken,62.3,6.8,64.9,25.1,18.483776,9.490669902232405,0.05489604041023701,0.25580962355715564,0.20091358314691862,0.24661936503778242,0.7552697492890795,0.508650384251297,0.7102357109964151,1.5853810899748557,0.8751453789784406,9.128666090578156,5.945782064508146,0,0,0,0,0,2,0,0,1,0,0,1
3998840,11f8cbde-2344-407c-abf9-4503e4d7f36c,1,17,10,Germany Women's,Sjoeke Nüsken,Rebecca Knaak,64.9,25.1,55.3,25.8,9.625487,-9.160874665662526,0.27116381208651397,0.043562616223121665,-0.2276011958633923,0.782076501015019,0.23879434858644577,-0.5432821524285733,1.6194700593838691,0.7361653211814657,-0.8833047382024034,5.698890817711565,10.292182196439594,0,0,0,0,1,0,0,0,1,0,0,1
3998840,4ded4084-6d55-4ec6-81f5-24a0ea3f3603,1,17,12,Germany Women's,Rebecca Knaak,Janina Minge,55.4,26.2,55.3,45.2,19.000263,1.1489225801182812,0.05154573510079119,0.0159397584466671,-0.035605976654124086,0.2599246945870617,0.1306769615205192,-0.1292477330665425,0.7705609834894638,0.4977034919339665,-0.27285749155549727,9.694866153996808,13.79223600412636,0,0,0,0,0,0,0,0,1,0,0,1
3998840,2e4878db-8cc9-4b84-8b91-1e3f4bffab10,1,17,15,Germany Women's,Janina Minge,Giulia Gwinn,64.5,52.6,84.2,75.5,30.207615,6.495141177863097,0.11853854246748524,0.014404191876959968,-0.10413435059052527,0.42353931212926293,0.12488654569594923,-0.29865276643331373,1.0241429167092568,0.49085402943172335,-0.5332888872775334,7.414880233675143,14.128817952722981,0,0,0,0,1,0,0,0,1,0,0,1
3998840,bf68913e-a10e-4fe9-96a2-d1c9ed4c28fe,1,17,22,Germany Women's,Giulia Gwinn,Janina Minge,84.6,75.1,70.4,71.3,14.69966,-8.798755024771793,0.28566718626847565,0.007935693214225261,-0.2777314930542504,0.5741818748285511,0.09732253792533131,-0.4768593369032198,1.0742672629938261,0.4407357277633526,-0.6335315352304736,3.8869486908690334,17.114299008473374,0,0,1,0,1,0,0,0,1,0,0,1
3998840,d5df3012-1b39-41f0-b8af-32c3e7a295aa,1,17,24,Germany Women's,Janina Minge,Elisa Senß,72.3,67.1,78.6,51.6,16.731407,11.866314527068951,0.03639844335139081,0.5946922953574892,0.5582938520060985,0.24532993972684256,1.23699632764223,0.9916663879153874,0.8021664454770845,2.230153193167993,1.4279867476909087,12.442518638144438,2.654344228242973,0,1,0,1,0,2,0,0,1,0,0,1
3998840,4746fb0c-adc7-4994-9d2d-c5fb595eeb92,1,17,26,Germany Women's,Elisa Senß,Janina Minge,75.4,51.4,70,58.2,8.683317,-7.175497114543134,0.7888511589156794,0.07456887315347298,-0.7142822857622064,1.3006411558010669,0.31760213376156987,-0.983039022039497,2.1374837663968975,0.8506669644709808,-1.2868168019259167,1.4312203330170452,8.681959992808851,1,0,1,0,2,0,0,0,1,0,0,1
3998840,e94dd37d-2847-4ad5-97a2-572f474ed4ac,1,17,29,Germany Women's,Janina Minge,Rebecca Knaak,69.2,57.2,57.2,35.7,24.622145,-9.314215463788209,0.08568439987184315,0.014476101276875007,-0.07120829859496813,0.3323792438085925,0.09973249356728062,-0.2326467502413119,0.8182716359972899,0.38173527932472656,-0.43653635667256335,9.166294133326902,12.868773957855954,0,0,0,0,0,0,0,0,1,0,0,1
3998840,ee7e7535-dbe5-40da-ad90-65f209a7b375,1,17,31,Germany Women's,Rebecca Knaak,Sjoeke Nüsken,56.4,33.4,70.2,9.2,27.858212,5.3866043217401725,0.029365105455628437,0.012196213990724302,-0.017168891464904135,0.1442247096123749,0.12715769291365514,-0.017067016698719767,0.4504751229446023,0.5212899388118337,0.07081481586723143,10.678844122070126,15.073414391341768,0,0,0,0,0,0,0,0,0,0,0,0
3998840,d98a75d6-5c4f-4e1a-b7e2-ab41d40158a7,1,18,33,Germany Women's,Jule Brand,Linda Dallmann,111.3,67.3,105.4,48.7,19.513329,11.65716089657224,0.030159894161082234,0.7874939542752107,0.7573340601141285,0.1887130196844443,1.590171402496671,1.401458382812227,0.6120502787706751,2.6670532241628324,2.0550029453921574,11.321287528550892,2.0835280227129753,0,1,0,1,0,2,0,0,0,1,1,1
3998840,6eae124a-22cb-4765-b989-24dab18503c1,1,18,58,Germany Women's,Klara Bühl,Elisa Senß,97.7,2.4,90.7,21.6,20.436243,9.117147503203725,0.3172490848879669,0.307132018207278,-0.010117066680688902,0.7382889324309913,0.8476943108194918,0.10940537838850051,1.3731329111595316,1.7323012137654084,0.35916830260587673,4.390808967142766,4.965871037957778,0,0,1,1,2,2,0,0,1,0,0,1
3998840,2f078ed6-a831-406f-8e37-6fac58be8c01,1,19,1,Germany Women's,Elisa Senß,Rebecca Knaak,85.9,10.3,69.8,3.5,17.477127,-16.846248292201935,0.3111608736190059,0.002824969886689677,-0.30833590373231623,0.9760718550435235,0.045068641240424034,-0.9310032138030995,1.955561880987015,0.2525507862197481,-1.703011094767267,6.846617327107051,18.162400581594657,0,0,0,0,2,0,0,0,1,0,0,1
3998840,fc70ef0f-9c61-463f-8c62-a73414ad097a,1,19,3,Germany Women's,Rebecca Knaak,Elisa Senß,69.8,3.5,77.8,7.6,8.989438,8.86343548154833,0.0054606539503127,0.06413362326144739,0.05867296931113469,0.062247246973615146,0.3171296866780324,0.2548824397044172,0.29734719574546586,0.8815948298033675,0.5842476340579016,15.989130303540263,9.179577617921128,0,0,0,0,0,0,0,0,1,0,0,1
3998840,b35ed44e-01d2-4a24-9ce2-00dcd7b4ef8c,1,19,8,Germany Women's,Elisa Senß,Rebecca Knaak,78.6,15.2,69.2,5.3,13.65174,-13.26044524952848,0.2833134129018131,0.009724276379860192,-0.27358913652195294,0.7013785772424467,0.08821329528057081,-0.6131652819618758,1.3783166394047075,0.36670542318349514,-1.0116112162212123,4.38769987395455,14.324578447480643,0,0,1,0,1,0,0,0,1,0,0,1
3998840,6c8960eb-0c39-4459-bacc-8242485c4586,1,19,17,Germany Women's,Elisa Senß,Sjoeke Nüsken,75.8,27.2,77.9,47.1,20.010498,3.3215880121627848,0.2735001667994607,0.12453711931361958,-0.14896304748584113,0.8051362525431716,0.4373423338254542,-0.3677939187177174,1.6316055118824206,1.0464644821192508,-0.5851410297631698,5.933554816864077,6.908832131557074,0,0,0,0,2,1,0,0,0,0,0,0
3998840,c730eeeb-024f-4024-adfa-789838399648,1,19,18,Germany Women's,Sjoeke Nüsken,Giulia Gwinn,78.7,50.1,93.4,74.7,28.65746,-1.205364476802977,0.5464961045504823,0.0024046157486697687,-0.5440914888018125,1.0155890231773845,0.03699644231184689,-0.9785925808655377,1.840106730988957,0.20366221251409522,-1.6364445184748617,2.1720448855215686,18.58248523454651,1,0,1,0,1,0,0,0,0,0,0,0
3998840,6c31962f-1013-490c-a4b2-7a5a889c0ac0,1,19,50,Poland Women's,Ewa Pajor,Sylwia Matysik,36.9,76.6,28.4,77.7,8.570881,-8.251864367135411,0.7575861227375688,0.17939178612895212,-0.5781943366086166,1.4574177073527028,0.5731799792998912,-0.8842377280528116,2.320917901233883,1.2197106085546072,-1.101207292679276,2.2951274055739623,6.939405720952828,1,0,1,0,2,1,1,0,0,0,0,0
3998840,18d0d89a-586b-4e96-ad24-a2fc88ef39d9,1,19,52,Poland Women's,Sylwia Matysik,Adriana Achcińska,28.4,77.7,27,71.2,6.6490602,0.9607463064481152,0.23233308570234978,0.2135577405852616,-0.01877534511708817,0.6245779261985204,0.7867673617903902,0.16218943559186982,1.2408324170084792,1.7350673276717177,0.49423491066323844,5.353422836004144,7.55269746838856,0,0,0,0,1,1,0,0,0,0,0,0
3998840,b582d9d5-caad-42fe-82fb-1e272122b79b,1,20,20,Germany Women's,Giulia Gwinn,Elisa Senß,47.9,55.7,57.8,41.7,17.146719,11.56633848360093,0.28619113698040355,0.053625888575602076,-0.23256524840480147,0.4905944920002584,0.26279086639915933,-0.22780362560109907,0.7371322481237713,0.6682285492315241,-0.06890369889224723,3.763323135068214,10.472756295637216,0,0,1,0,1,0,0,0,1,0,0,1
3998840,580b3856-56e2-4b33-be6e-1401c439091d,1,20,22,Germany Women's,Elisa Senß,Jule Brand,58.4,44.5,76.2,60.5,23.934076,13.404144041104686,0.1304339925326946,0.24482384529631268,0.11438985276361807,0.5632645145393445,0.6552892368021062,0.0920247222627617,1.3029781845621309,1.3805204486860956,0.0775422641239647,10.655100130279346,5.000470014516494,0,0,0,0,0,1,0,0,1,0,0,1
3998840,b084d8eb-15da-4657-9876-693310c8cefe,1,20,29,Germany Women's,Jule Brand,Janina Minge,79.3,61.8,56.6,55.1,23.668121,-19.002722457669805,0.29628715891960145,0.0071790653445623,-0.28910809357503914,0.8246489216204537,0.06658567306812634,-0.7580632485523273,1.6806557460071962,0.2705672828868367,-1.4100884631203596,5.129276614023868,15.2101691686986,0,0,0,0,2,0,0,0,1,0,0,1
3998840,e693230a-7e30-45da-988e-4e12b4328d89,1,20,32,Germany Women's,Janina Minge,Rebecca Knaak,56.2,51.8,61.7,32.6,19.97223,6.114283551394763,0.01466734022887716,0.014928529201066552,0.00026118897218939223,0.10505275058802165,0.12282996312032253,0.017777212532300884,0.387698221811036,0.5046912913400343,0.1169930695289983,12.947994205801251,13.248147954374357,0,0,0,0,0,0,0,0,1,0,0,1
3998840,8528fdb2-2f23-45cb-901c-4d6d38d53607,1,20,39,Germany Women's,Janina Minge,Giulia Gwinn,66.9,55.1,72.1,72.4,18.064606,-2.62354568055153,0.09329781772175662,0.03311328704412316,-0.060184530677633456,0.39412208310483426,0.1707391177871929,-0.22338296531764137,1.0478587808857107,0.5518772530138958,-0.49598152787181493,8.3727624847372,10.442449342362853,0,0,0,0,0,0,0,0,1,0,0,1
3998840,e291b25a-151c-4ffb-928c-ee3917052eb9,1,20,43,Germany Women's,Giulia Gwinn,Janina Minge,71.2,60,55.7,55.7,16.085398,-13.449612774775332,0.5311887242262833,0.025150521759799368,-0.5060382024664839,0.9674098602805629,0.15960716463580693,-0.8078026956447559,1.5717833863648123,0.5064541971585608,-1.0653291892062515,2.539815822726424,11.95421126201007,1,0,1,0,1,0,0,0,1,0,0,1
3998840,cf68b944-d1b5-4bdf-8c0a-7ab1770564a3,1,20,46,Germany Women's,Janina Minge,Rebecca Knaak,56,52.8,63.6,24.8,29.0131,6.855122307946715,0.06066903941361951,0.021178253622887586,-0.039490785790731925,0.253710543605072,0.1474768504349097,-0.10623369317016229,0.6630919982353568,0.5557320887140773,-0.1073599095212795,8.970935724592279,12.028255462763907,0,0,0,0,0,0,0,0,1,0,0,1
3998840,89f5f493-8af1-42a0-815c-43cfd6ab6ac6,1,20,51,Germany Women's,Rebecca Knaak,Lea Schüller,78.3,17.5,91.9,23.9,15.030636,14.99741773256504,0.35492032000666784,1.1393801017062608,0.784459781699593,0.8724305158644534,1.9463347245000207,1.0739042086355672,1.7216467046089825,3.0563261348362345,1.334679430227252,4.0796087306643924,1.0353205833353107,0,1,1,2,1,3,0,1,1,0,0,1
3998840,7b0d98ae-5f30-48ce-9aaa-1ee01b62d7a1,1,20,55,Poland Women's,Tanja Pawollek,Ewa Pajor,34,46.5,44.1,60.6,17.344164,7.59943796045178,0.8283163175574362,0.3983852609433232,-0.42993105661411296,1.4759221337532415,1.0052755258132327,-0.4706466079400089,2.2666171488859685,1.9296029458396726,-0.3370142030462959,2.4318278227872714,4.92546545716412,1,0,2,1,3,2,1,0,1,0,0,1
3998840,e009d3a7-c8a8-4122-8d59-b4c189398e4d,1,21,2,Germany Women's,Giulia Gwinn,Elisa Senß,56,50.5,68,39.4,16.34656,12.85214743210895,0.01903024500528887,0.4884574114634976,0.4694271664582087,0.15520571192079916,1.073668618637271,0.9184629067164719,0.5701534014531989,1.9215839849305547,1.351430583477356,13.474319924112702,3.92229407215168,0,0,0,1,0,2,0,0,1,0,0,1
3998840,ebd10929-44fa-426d-b2e1-bc534e52f125,1,21,3,Germany Women's,Elisa Senß,Janina Minge,68,39.4,57.2,43.1,11.416217,-10.873004762432977,0.6344778828477012,0.05834290389678751,-0.5761349789509137,1.1927835529586928,0.2830908848706186,-0.9096926680880741,1.9963307133538282,0.800320085665673,-1.196010627688155,2.540021798875822,9.961331927619645,1,0,1,0,2,0,0,0,1,0,0,1
3998840,c9315fc0-bf12-4ada-bd97-f1c54e67c46b,1,21,6,Germany Women's,Janina Minge,Giulia Gwinn,60.1,44.8,64,61.3,16.954645,0.17799104925799014,0.1345822484564872,0.0429269731600963,-0.09165527529639089,0.43032663804053256,0.23853793996073164,-0.19178869807980092,0.9851017539710198,0.7121172879264559,-0.27298446604456394,6.76828419933151,11.180357388983241,0,0,0,0,1,0,0,0,1,0,0,1
3998840,840b21b5-4c54-4bea-9d30-5edf701908d9,1,21,8,Germany Women's,Giulia Gwinn,Elisa Senß,65.9,62.8,79.1,50.2,18.248287,16.55547799383372,0.13207786516758646,0.4147110364432732,0.2826331712756867,0.4608488936841384,1.0989972994898958,0.6381484058057574,1.091043051888838,2.2054132569390634,1.1143702050502253,7.2133008097974045,4.159096602656616,0,0,0,1,1,2,0,0,1,0,0,1
3998840,5ff9a05e-5b50-40cb-a80f-c8a77e91d1dc,1,21,15,Germany Women's,Elisa Senß,Linda Dallmann,90.7,45.9,90.7,55.7,9.8,-3.353114715335529,1.2909614249890786,0.18547929136038246,-1.1054821336286962,2.0873157695539946,0.7825638599196184,-1.3047519096343763,3.1737543155660792,1.891273566006213,-1.2824807495598662,0.6942321757964827,8.327493648484511,1,0,2,0,3,0,1,0,0,0,0,0
3998840,fe5c81de-3788-46f1-842f-3bf66069fb7a,1,21,16,Germany Women's,Linda Dallmann,Jule Brand,92.3,53.9,111.5,59.3,19.944923,9.903074816332115,0.5615620710541561,0.39690392673010627,-0.16465814432404985,1.3989324390532627,0.8613808891732482,-0.5375515498800145,2.624869833484324,1.6725219088759666,-0.9523479246083575,3.827156789866285,3.3239405993946303,0,0,1,1,2,1,0,0,0,0,0,0
3998840,44e349df-0237-43a3-9d7d-20e43a93ece2,1,21,42,Germany Women's,Sjoeke Nüsken,Rebecca Knaak,87.1,3.1,79.7,2.6,7.4168725,-5.5434204160993445,0.9474357999593764,0.1392893036202483,-0.8081464963391282,1.4922574047986217,0.4423365568500791,-1.0499208479485427,2.2848075457790396,1.0312363684646024,-1.2535711773144371,0.8928403287370715,6.447292099091181,1,0,1,0,3,1,0,0,1,0,0,1
3998840,30f15fa3-1160-4253-81ab-6bc2b5bd97ce,1,21,45,Germany Women's,Rebecca Knaak,Janina Minge,79,6.6,62.8,25.5,24.89277,-6.126725278320542,0.4797466612223312,0.016149645926679727,-0.4635970152956515,0.8214491611460826,0.11748106278394492,-0.7039680983621377,1.4204620519703148,0.41751088435435113,-1.0029511676159637,2.381942862004316,13.088329064382576,1,0,1,0,1,0,0,0,1,0,0,1
3998840,55046968-7a9e-4e7a-87e1-3012ba0cf3d7,1,21,48,Germany Women's,Janina Minge,Giulia Gwinn,63.4,32.2,64.9,50.2,18.062391,1.0987789744646363,0.05956658109081683,0.033317868123779314,-0.026248712967037513,0.2629403877699161,0.20252145347311154,-0.06041893429680453,0.7182618688415053,0.6329595526666056,-0.0853023161748997,9.205535476023693,11.946559962590424,0,0,0,0,0,0,0,0,1,0,0,1
3998840,ba06d32f-adb0-4cf9-884e-a285257588f7,1,21,50,Germany Women's,Giulia Gwinn,Rebecca Knaak,64.9,51,64,19.8,31.212978,-3.344564080461481,0.12184395364694853,0.006258427074882085,-0.11558552657206644,0.4378740810172543,0.08709576327803348,-0.3507783177392208,1.03794660020755,0.44282439768493187,-0.595122202522618,7.7469386417479065,16.517514991322347,0,0,0,0,1,0,0,0,1,0,0,1
3998840,d5f41647-8b4d-46c4-8362-aeeaa3965706,1,22,25,Germany Women's,Jule Brand,Rebecca Knaak,66.3,62.6,57,53.3,13.152186,-6.126677291086423,0.5220018268019091,0.04972388466134976,-0.47227794214055935,0.9718641507978879,0.2600916875292961,-0.7117724632685918,1.6735360044925531,0.7614803966000113,-0.9120556078925418,2.3569890431532987,11.20362265432844,1,0,1,0,1,0,0,0,1,0,0,1
3998840,879ab68f-29fe-4b95-9acc-a4a341208187,1,22,28,Germany Women's,Rebecca Knaak,Sarai Linder,57.2,45.8,57.8,25.5,20.308865,-0.8004883149243156,0.046304267064155843,0.0037086699820901444,-0.0425955970820657,0.2533933065991302,0.06148046250429521,-0.19191284409483497,0.7783435286362783,0.34013835656440533,-0.438205172071873,11.203303572454894,19.094398210869233,0,0,0,0,0,0,0,0,1,0,0,1
3998840,95e3cbd0-0942-41ca-b3ce-6be5d7f70e44,1,22,33,Germany Women's,Sarai Linder,Sjoeke Nüsken,71.3,13.4,77.2,23.5,11.697008,9.620629458832596,0.024441909612819286,0.3140062063502638,0.2895642967374445,0.19509683792930158,0.8388807963887042,0.6437839584594026,0.6915039931733583,1.6589272141294966,0.9674232209561383,13.051594393787996,4.551722134932398,0,0,0,1,0,1,0,0,1,0,0,1
3998840,04f2c0be-5493-4db4-a107-1d5d28a2a544,1,22,34,Germany Women's,Sjoeke Nüsken,Rebecca Knaak,77.2,23.5,64,23.5,13.2,-12.50985845190889,0.3140062063502638,0.02526424696611526,-0.2887419593841485,0.8388807963887042,0.16169866627255364,-0.6771821301161505,1.6589272141294966,0.5496247366861575,-1.109302477443339,4.551722134932398,11.599262147483794,0,0,1,0,1,0,0,0,1,0,0,1
3998840,bd12a1a9-2bba-4733-9932-3ea05bcd480a,1,22,36,Germany Women's,Rebecca Knaak,Klara Bühl,64.1,7.8,85.1,3.3,21.476732,13.866010009647603,0.008475543660636827,0.17428438070605407,0.16580883704541724,0.09024236585655775,0.47202220065047384,0.3817798347939161,0.38895183315035,0.9236213235120501,0.5346694903617001,15.230782376050543,6.213205397778291,0,0,0,0,0,1,0,0,1,0,0,1
3998840,78ed156b-46c5-48a0-895e-6b93a3504962,1,22,38,Germany Women's,Klara Bühl,Rebecca Knaak,85,2.9,65.3,2.6,19.702284,-15.25946974331616,0.17428432745184408,0.006636242229439955,-0.16764808522240413,0.47202211362491964,0.07386423015928407,-0.3981578834656356,0.9236212266934883,0.3300441042165166,-0.5935771224769717,6.213206168743841,15.797732625849346,0,0,0,0,1,0,0,0,1,0,0,1
3998840,c44c63e0-7001-427c-95a2-fbbd2ce3ea27,1,22,44,Germany Women's,Rebecca Knaak,Klara Bühl,75.2,3.1,83.9,2,8.769264,5.626238312133722,0.01843889920457927,0.2549813238072759,0.23654242460269662,0.15483655089238646,0.5054427975813987,0.3506062466890122,0.5576118614465267,0.8976126472752811,0.34000078582875437,14.307524167730875,4.198903947725543,0,0,0,1,0,1,0,0,1,0,0,1
3998840,f1464fab-d180-4869-9b19-d841979e1fed,1,22,45,Germany Women's,Klara Bühl,Rebecca Knaak,84.3,2.2,74.7,2.2,9.6,-7.005849483490913,0.6748475600017204,0.03155860576215035,-0.6432889542395701,0.8757923624893412,0.1834806272722146,-0.6923117352171266,1.2152377174378102,0.5693639830273786,-0.6458737344104316,1.2366947990959216,11.132933337935949,1,0,1,0,1,0,0,0,1,0,0,1
3998840,d80619b1-abf7-4c90-b3fc-6fd90cd25619,1,22,48,Germany Women's,Rebecca Knaak,Sarai Linder,77.4,3.9,86.1,14.8,13.946325,13.59840228243187,0.04536398245386261,0.6091633503922784,0.5637993679384158,0.2509892197302359,1.3244075663139134,1.0734183465836775,0.7265394043062979,2.211774312579743,1.485234908273445,11.260757454739457,4.067466649671702,0,0,0,1,0,3,0,0,1,0,0,1
3998840,a794d1ce-f8fb-4437-bc9f-3568b4586b79,1,22,49,Germany Women's,Sarai Linder,Rebecca Knaak,86.1,14.8,82.4,2.4,12.940248,-10.934046424242197,0.6091633503922784,0.2477475906488986,-0.3614157597433798,1.3244075663139134,0.6658201900899943,-0.6585873762239192,2.211774312579743,1.3420860075513383,-0.8696883050284048,4.067466649671702,4.956741462829942,0,0,1,1,3,1,0,0,1,0,0,1
3998840,ff12e9f8-3fa6-4357-a598-fccc14ec7b01,1,22,51,Germany Women's,Rebecca Knaak,Klara Bühl,85.3,2.4,94.8,1.2,9.57549,4.899607608636273,0.29187351024780944,0.5486402223450614,0.25676671209725194,0.6133282869809099,0.9681238773814589,0.354795590400549,1.1441054058987765,1.5734511836891356,0.4293457777903591,3.9210303483353637,2.2519370556051057,0,1,1,1,1,1,0,0,1,0,0,1
3998840,501c41da-2a7c-4ebe-b4a1-711c42e4cbf8,1,22,51,Germany Women's,Klara Bühl,Sjoeke Nüsken,94.8,1.2,72.9,11.1,24.033726,-8.994247520634687,0.5486402223450614,0.018856674978471728,-0.5297835473665896,0.9681238773814589,0.15703405310651056,-0.8110898242749484,1.5734511836891356,0.5611506492718458,-1.0123005344172897,2.2519370556051057,14.345596207052091,1,0,1,0,1,0,0,0,1,0,0,1
3998840,334bc3ce-0b22-4e5e-a003-5fca88687dab,1,22,55,Germany Women's,Sjoeke Nüsken,Janina Minge,71,24.7,67.9,46.6,22.118319,-1.183250692385009,0.02853160258598415,0.06841591695046723,0.03988431436448307,0.19374661146639854,0.21956129713819972,0.025814685671801174,0.6429370513610866,0.5363811953005657,-0.10655585606052087,12.145872874418842,8.069000675549374,0,0,0,0,0,0,0,0,1,0,1,1
3998840,79c7fa62-814a-4791-a719-393b24c75f33,1,22,58,Germany Women's,Janina Minge,Elisa Senß,68.7,48.3,79.3,50.1,10.751744,10.032632287453957,0.28408161307241236,0.17402274898884146,-0.1100588640835709,0.5205529879347262,0.6339698259707901,0.11341683803606395,0.9645981657648541,1.5228240111003652,0.5582258453355111,3.7970830840299366,6.562611902328975,0,0,1,0,1,1,0,0,1,1,1,1
3998840,d446dc88-772a-47e4-9fdd-a989cf09ac06,1,23,1,Germany Women's,Elisa Senß,Jule Brand,86.5,55.3,98.9,54.7,12.414508,11.112767629651106,0.9953905154632806,0.6143367698602572,-0.3810537456030234,1.5712955636087524,1.4375163271683804,-0.13377923644037204,2.4676106728703684,2.5911707559614485,0.12356008309108013,0.8164727117079951,3.388197757764172,1,0,1,1,2,3,0,0,0,1,1,1
3998840,074ca53c-0ea7-4482-b23c-f04bd0ab4f52,1,23,45,Germany Women's,Ann-Katrin Berger,Sarai Linder,41.5,37.6,49.4,21.2,18.203571,5.4764302189377645,0.25335896555275583,0.7726672643338887,0.5193082987811328,0.462076905542779,0.9367045456011186,0.4746276400583396,0.6968536033841803,1.2081763514068995,0.5113227480227192,4.145324134657093,0.8167291206229745,0,1,1,1,1,1,0,1,0,0,0,0
3998840,e24fd033-d752-4293-a35b-aaf6ba0ee10f,1,24,39,Germany Women's,Elisa Senß,Jule Brand,50.6,67.9,65.3,59.3,17.030855,16.793195380890197,0.038305378215080434,0.3223557294869527,0.2840503512718722,0.1945881582854281,0.8380542085332708,0.6434660502478428,0.580967362678795,1.6774333787059308,1.0964660160271358,10.423057899493203,4.516752882038483,0,0,0,1,0,1,0,0,1,0,0,1
3998840,593e10f9-1ecc-4745-a652-de5e52cd2d07,1,24,44,Germany Women's,Jule Brand,Rebecca Knaak,64.1,50.5,62.8,27.8,22.737194,-1.6089918040037574,0.40609129042543873,0.025254629233991372,-0.3808366611914474,0.9355292769036277,0.19022685453437269,-0.745302422369255,1.770149693196699,0.6898282000609832,-1.0803214931357157,4.391235851105855,12.376269570608617,0,0,1,0,2,0,0,0,0,0,0,0
3998840,cb90f71e-851b-4778-9a79-768ce3c0c285,1,24,47,Germany Women's,Rebecca Knaak,Sarai Linder,67.7,23.5,82.4,2.2,25.880108,1.5250041617465016,0.12832949546371267,0.10045611419117174,-0.027873381272540923,0.44063519267902207,0.30613821700160915,-0.13449697567741292,1.0928911079274557,0.7041005600309518,-0.3887905478965039,6.68591403456468,7.078491879332589,0,0,0,0,1,1,0,0,0,0,0,0
3998840,8ad071f4-bf52-487f-b428-d7650b8226b7,1,25,12,Germany Women's,Rebecca Knaak,Sjoeke Nüsken,60.7,20.5,63.6,33,12.831991,5.59113659344608,0.3044720321469578,0.4293318961295207,0.12485986398256294,0.8012652419577322,1.064202872081131,0.26293763012339877,1.5175172567111923,1.9381854975025106,0.42066824079131826,4.911213319419335,4.592633941803478,0,0,1,1,1,2,0,0,1,0,0,1
3998840,fcf41e4c-b15d-48da-8534-73fb2da0b7d1,1,25,22,Germany Women's,Giulia Gwinn,Janina Minge,64.4,51.8,54.1,48.3,10.878419,-9.58226200204389,0.30463031059987294,0.04535805823556749,-0.25927225236430546,0.796649031801464,0.24575828340492614,-0.5508907483965378,1.6114969126565586,0.7350562526148617,-0.8764406600416969,4.591689021251755,10.4800970097666,0,0,1,0,1,0,0,0,1,0,0,1
3998840,1c85a3d9-1a01-4302-a27f-4a28c852ef40,1,25,24,Germany Women's,Janina Minge,Rebecca Knaak,55.3,42.7,57.6,20.8,22.020445,-0.5307460083148214,0.1036458212095386,0.03490178997275485,-0.06874403123678374,0.34520892120657537,0.19456333344533266,-0.1506455877612427,0.840659625039632,0.6337412436710443,-0.20691838136858764,7.0886523153778755,10.583567396457731,0,0,0,0,1,0,0,0,1,0,0,1
3998840,abc887f3-31c6-4614-85a5-cadf50c1f99b,1,25,28,Germany Women's,Rebecca Knaak,Elisa Senß,68.3,12.4,72.7,26.8,15.057224,9.498555648090402,0.195595106691999,0.31656510293465984,0.12096999624266083,0.4992942366957301,0.8689169370894779,0.36962270039374784,1.0613948771634008,1.730878203808735,0.6694833266453342,5.178591718097367,5.170838608538213,0,0,0,0,1,1,0,0,1,0,0,1
3998840,2bffb4da-6abd-45ad-9e5b-923f6fb269f6,1,25,30,Germany Women's,Elisa Senß,Janina Minge,66.7,25.5,61.3,39.9,15.379207,-3.462959982076825,0.15325461629329312,0.017851377860731408,-0.13540323843256172,0.5136928128544275,0.13727229361229312,-0.3764205192421344,1.1508688835830387,0.4938993682887481,-0.6569695152942907,7.9403424095771005,13.246425320761295,0,0,0,0,2,0,0,0,1,0,0,1
3998840,7102e583-968e-4d75-89aa-6ad814677033,1,25,33,Germany Women's,Janina Minge,Giulia Gwinn,63,44.6,84.7,75.5,37.758442,7.121952944416705,0.09447043481010334,0.011157787634769425,-0.08331264717533392,0.3216849514104652,0.08649885744729365,-0.23518609396317158,0.8004235698548692,0.34248488362401486,-0.4579386862308543,7.344223130639474,13.70969166366272,0,0,0,0,1,0,0,0,1,0,0,1
3998840,7280bee7-1c08-493b-8f2a-5074a038ea36,1,25,40,Germany Women's,Giulia Gwinn,Janina Minge,97.5,73.3,76.2,71.6,21.367733,-13.820454054384115,0.8244777764137076,0.004177726873464826,-0.8203000495402427,0.9483969923286344,0.05704518762476868,-0.8913518047038658,1.227980059536493,0.30082026449197363,-0.9271597950445193,0.5975447380336524,17.745810292266363,1,0,1,0,1,0,0,0,1,0,0,1
3998840,14f850d5-ae6d-42b5-aba4-873f6888ce57,1,25,42,Germany Women's,Janina Minge,Jule Brand,77.8,70,92.3,53.9,21.667027,20.784894359732025,0.011478290065682276,0.60647342670367,0.5949951366379878,0.11035994767464206,1.4807669103194865,1.3704069626448445,0.477529859062544,2.7287991076199494,2.2512692485574055,14.555939329992352,3.7784914821180258,0,0,0,1,0,3,0,0,1,0,0,1
3998840,c03e0a94-3a6c-447a-a3ab-f4b1d80b50e1,1,25,43,Germany Women's,Jule Brand,Linda Dallmann,92.3,53.9,99.3,48.9,8.602325,8.459735252120222,0.60647342670367,1.069961734724618,0.463488308020948,1.4807669103194865,2.0656121438611565,0.5848452335416701,2.7287991076199494,3.382305936001131,0.6535068283811816,3.7784914821180258,2.800717783552071,0,1,1,2,3,3,0,0,1,0,0,1
3998840,699942f1-f1b7-40da-91c6-051a73453826,1,25,46,Germany Women's,Linda Dallmann,Lea Schüller,99.4,47.9,108.4,42.1,10.707007,10.274310957362141,1.6845143454258344,1.035099712802988,-0.6494146326228465,2.5674329244462055,1.8922216087332269,-0.6752113157129787,3.765522367552921,3.0916282728111733,-0.6738940947417476,0.6406078008330607,1.2411346693810923,2,1,3,1,3,3,0,0,0,0,0,0
3998840,917d646a-52a3-491c-994e-a53f4c8f5210,1,26,26,Poland Women's,Adriana Achcińska,Paulina Dudek,56.7,25.4,46.2,27.5,10.707941,-9.889206978435894,0.7340030814051662,0.0864641185503567,-0.6475389628548095,1.4709992534909404,0.39608161458367624,-1.074917638907264,2.406371975695848,1.0152910545642337,-1.3910809211316144,3.464965207848946,10.27649777610035,0,0,2,0,3,0,0,0,1,0,0,1
3998840,d7097532-a93f-419d-90bb-b036089b4baa,1,26,29,Poland Women's,Paulina Dudek,Kinga Szemik,48.2,26.4,27.4,46.2,28.717241,-19.73065523258653,0.6741922653759046,0.0008695730436689579,-0.6733226923322356,1.107842222606795,0.0209846641474971,-1.0868575584592979,1.7573419961859842,0.14970235337420165,-1.6076396428117825,1.6537720524555066,21.618000710284484,1,0,1,0,1,0,1,0,1,0,0,1
3998840,3cce2ea5-ba2d-43e8-8ec7-48629ce012f5,1,26,36,Poland Women's,Kinga Szemik,Ewa Pajor,28.6,49.3,69.3,34.3,43.376144,40.85251364530752,0.009469735873092418,0.9081902529614677,0.8987205170883753,0.08788630848093486,1.4689178331366646,1.3810315246557296,0.33985392159808214,2.2470466368429807,1.9071927152448986,15.712488237111163,1.1214339922700236,0,1,0,1,0,3,0,0,0,0,0,0
3998840,5a6542a2-4891-40f8-9663-26a28284f343,1,26,50,Germany Women's,Ann-Katrin Berger,Janina Minge,15.5,41.5,23.9,50.6,12.384264,7.827933014073366,0.0026326843735039124,0.008852680148883775,0.006219995775379863,0.03605940155004177,0.08323839205035112,0.047178990500309353,0.17416882156906777,0.3231109542162617,0.14894213264719391,18.142153767103373,15.084597496624122,0,0,0,0,0,0,0,0,1,0,0,1
3998840,215d559e-6f6b-49b6-868c-643241cd8e27,1,26,52,Germany Women's,Janina Minge,Giulia Gwinn,27.1,52.6,48.3,75.2,30.987095,13.876109327118812,0.013765557976866773,0.02078155920160925,0.007016001224742479,0.10279704031886917,0.11708885280248678,0.014291812483617605,0.3582256284389496,0.35629815624934125,-0.0019274721896083702,13.406668672590662,11.785047217430558,0,0,0,0,0,0,0,0,1,0,0,1
3998840,28fddcfa-e029-4cf1-8076-66fc7bed7eea,1,27,6,Germany Women's,Rebecca Knaak,Linda Dallmann,58.5,26.8,96.7,71,58.41986,24.12061529764823,0.08350345083023548,0.15023045308789595,0.06672700225766047,0.38138776300079397,0.3809508502086078,-0.0004369127921861615,1.01796116972974,0.764552112878748,-0.2534090568509919,9.291011835845984,5.855913349836677,0,0,0,0,0,1,0,0,1,0,0,1
3998840,67bee51d-2e8d-47f4-aa00-f60829f3c036,1,29,2,Poland Women's,Paulina Dudek,Ewelina Kamczyk,15.4,24.8,48.8,25.6,33.40958,33.057042298325,0.10531089388480412,0.7843663782746003,0.6790554843897962,0.27293540887347506,1.0749670187941525,0.8020316099206775,0.5207021814530126,1.4793142559280055,0.9586120744749929,6.769248645145263,1.0607499025942806,0,1,0,1,1,2,0,1,1,0,0,1
3998840,78961c04-f12a-460a-ad62-88399b558ac3,1,29,23,Germany Women's,Giulia Gwinn,Janina Minge,39.1,68.8,32.8,52.8,17.195639,-2.2609893497643014,0.03161858285847164,0.004885059042757279,-0.02673352381571436,0.15904614588989857,0.06930124078877227,-0.0897449051011263,0.4680552669022182,0.33056229659200537,-0.13749297031021285,10.617776715351358,18.51161730764891,0,0,0,0,0,0,0,0,1,0,0,1
3998840,e8fd99bc-1b68-4da9-baec-4cb424dc09c8,1,29,26,Germany Women's,Janina Minge,Rebecca Knaak,38.4,52,43.4,18.3,34.0689,2.8632502090606096,0.009618349095405317,0.0021614636805736558,-0.007456885414831662,0.10314415088908821,0.04559967083834847,-0.05754448005073974,0.42737763989118566,0.27300353111697456,-0.1543741087742111,15.310275847574326,21.366999999320328,0,0,0,0,0,0,0,0,1,0,0,1
3998840,c58fdf0f-b08c-4f0c-9d70-d590836804f1,1,29,31,Germany Women's,Rebecca Knaak,Klara Bühl,57.2,14.9,68.7,19.5,12.3858795,12.385878484838742,0.02125726482292788,0.3947120313010093,0.3734547664780814,0.18690415521834092,0.9357138302355894,0.7488096750172485,0.6867043000280468,1.7419303808296438,1.055226080801597,14.794304307619658,3.8914781502919285,0,0,0,1,0,1,0,0,1,0,0,1
3998840,671ae354-2ef9-4de3-b7ae-72912badb66b,1,29,32,Germany Women's,Klara Bühl,Rebecca Knaak,67.7,20,57,19.5,10.711676,-10.257754723790129,0.3947120313010093,0.03748866315326198,-0.3572233681477473,0.9357138302355894,0.23295891423721093,-0.7027549159983785,1.7419303808296438,0.7359766439608202,-1.0059537368688236,3.8914781502919285,11.718112791358992,0,0,1,0,1,0,0,0,1,0,0,1
3998840,3ccb24db-2826-4bfa-b216-b38feab86ebf,1,29,36,Germany Women's,Rebecca Knaak,Sarai Linder,62.3,19.2,77.8,3.3,22.204954,5.408462293532708,0.03673666250065297,0.23860906862630388,0.2018724061256509,0.22685655864004334,0.5561701685979799,0.3293136099579365,0.7076340667737502,1.0891885359845959,0.3815544692108457,12.173374910359785,4.60500203534791,0,0,0,1,0,1,0,0,1,0,0,1
3998840,511e395e-d61c-411c-8feb-51be9d55f668,1,29,37,Germany Women's,Sarai Linder,Rebecca Knaak,77.8,3.3,64.5,21.6,22.622555,-2.5444789290550602,0.23860906862630388,0.4706664543242652,0.2320573856979613,0.5561701685979799,0.7712557781581728,0.21508560956019296,1.0891885359845959,1.301876956133897,0.21268842014930112,4.60500203534791,2.3696164676716727,0,1,1,1,1,1,0,1,1,0,0,1
3998840,9966b996-75ea-4871-9830-f6a2cfd5a811,1,29,43,Germany Women's,Klara Bühl,Ann-Katrin Berger,63.8,8.2,33.8,25.8,34.781605,-22.78871714084943,0.7960644398838798,0.00015306342733259977,-0.7959113764565472,1.1554501864827318,0.007516556545258572,-1.1479336299374732,1.7081802741982246,0.06955958711052602,-1.6386206870876985,1.0283767698918345,27.53767541715688,1,0,1,0,1,0,0,0,0,0,0,0
3998840,8d99f689-a360-4211-8f19-69eec8061117,1,30,6,Poland Women's,Paulina Dudek,Ewelina Kamczyk,8,23.2,41.5,21.1,33.565758,32.50981804445114,0.2783887481175352,0.6056302170477079,0.3272414689301727,0.47461159356530097,0.8863409520004311,0.4117293584351301,0.7044082345654329,1.2822219443525034,0.5778137097870705,3.8392295216321024,1.677380124571368,0,1,1,1,1,1,0,1,0,0,0,0
3998840,2c22ba54-0e26-4ea1-8310-0dd84837c663,1,30,15,Germany Women's,Jule Brand,Giulia Gwinn,64.9,69.4,70.8,77.4,9.940322,0.6516477997468328,0.724939505312285,0.1837720635957308,-0.5411674417165542,1.052732682763433,0.5223840438132538,-0.5303486389501791,1.5733197086046031,1.068952500690432,-0.5043672079141712,1.3020858808385025,7.02904884830938,1,0,1,0,2,2,1,0,1,0,0,1
3998840,438707fd-d5d5-4ed5-bee9-4cefe14ef4c7,1,30,18,Germany Women's,Giulia Gwinn,Rebecca Knaak,57.2,69.8,47.9,47.1,24.531204,-2.9370148701836456,0.27320887044228453,0.013875486641723559,-0.259333383800561,0.6083611422273116,0.11689286605551086,-0.4914682761718008,1.1357376486885205,0.45501413020093684,-0.6807235184875836,4.203380419440887,13.662945661347353,0,0,1,0,1,0,0,0,1,0,0,1
3998840,6ed3d75a-6c09-4dbe-92b9-b9fda64a6729,1,30,21,Germany Women's,Rebecca Knaak,Sarai Linder,47.7,43.1,53.7,17.1,26.683329,2.2230041848937248,0.015089544879151333,0.004371716949432003,-0.01071782792971933,0.11985349319945889,0.06568198770811752,-0.054171505491341365,0.456291498036407,0.34070412724686083,-0.11558737078954617,13.25053554521226,17.958200045788125,0,0,0,0,0,0,0,0,1,0,0,1
3998840,e7f713f3-4988-414b-bc3c-e7956ea943e7,1,30,27,Germany Women's,Sarai Linder,Rebecca Knaak,70.8,7.4,59.2,24.3,20.498049,-3.7740114007720607,0.0822843102719089,0.02089817866214539,-0.06138613160976351,0.3584297873823618,0.14444017205321097,-0.21398961532915084,0.935557081684955,0.5254502600028135,-0.4101068216821415,8.570609424687424,12.102573158795547,0,0,0,0,0,0,0,0,1,0,0,1
3998840,19b573c8-3fd7-4e25-bdf1-ce923c23b7df,1,30,30,Germany Women's,Rebecca Knaak,Janina Minge,61.7,28.9,62.7,51.8,22.921824,0.8448898909188785,0.03737045912193677,0.008887990651459253,-0.028482468470477515,0.1972900771138283,0.08223811089797721,-0.11505196621585108,0.6202684286332791,0.3280090907119423,-0.29225933792133685,10.229737965093662,15.100625652430661,0,0,0,0,0,0,0,0,1,0,0,1
3998840,f2c70be1-62cd-402d-926a-67d12f1e42ca,1,30,33,Germany Women's,Janina Minge,Jule Brand,71.6,53.1,89.8,53.3,18.2011,17.14256040123277,0.21447829972525212,1.0152136939488023,0.8007353942235502,0.5349508874011646,1.6748858907592652,1.1399350033581006,1.1528564077647891,2.6479121889481956,1.4950557811834064,4.881742845036517,0.8448218271630725,0,1,1,1,1,3,0,1,0,0,0,0
3998840,fccbdcd5-d37b-4c64-883a-2ef1eb6a118b,1,30,40,Poland Women's,Ewelina Kamczyk,Martyna Wiankowska,40.6,27.5,36.2,30.8,5.5,-3.9255794805992963,0.5039438258326869,0.8870631182182416,0.38311929238555464,1.0941446051128194,1.5417001556178047,0.4475555505049853,1.9508197608150288,2.460867915282651,0.5100481544676221,3.5033295656270353,1.5994428251183115,0,1,1,2,2,2,1,1,0,0,0,0
3998840,00dbfb01-8a2b-4fd7-83bb-9d04aa5995ae,1,31,19,Germany Women's,Elisa Senß,Janina Minge,64.1,40.7,54.9,51.2,13.9603,-10.152032628023953,0.6638163342569218,0.0332651594441223,-0.6305511748127994,1.271705827694403,0.20816205039545363,-1.0635437772989496,2.141964717680057,0.677960435326644,-1.464004282353413,2.4630926254312353,12.250868721622245,1,0,1,0,2,0,1,0,1,0,0,1
3998840,6172a9c7-9b67-453e-9677-df7654a66122,1,31,22,Germany Women's,Janina Minge,Rebecca Knaak,54.9,49.3,56,26.4,22.926403,0.331885112453449,0.04805364060414697,0.012594406475907097,-0.03545923412823987,0.2541534931891281,0.13683656143984702,-0.1173169317492811,0.7622744364388158,0.5888427018694261,-0.17343173456938965,10.43166930214785,15.77703914189302,0,0,0,0,0,0,0,0,1,0,0,1
3998840,09b41c61-aa62-47bb-a7ac-e2542f4c5d80,1,31,26,Germany Women's,Rebecca Knaak,Klara Bühl,71,17.7,88.8,2,23.734573,4.668299858750494,0.08049452808998374,0.20545528177020422,0.12496075368022048,0.3949913133940361,0.5256708307529008,0.13067951735886468,1.0927031455906462,1.0464663918350898,-0.04623675375555636,9.691329280215038,5.365845626434231,0,0,0,0,0,1,0,0,1,0,0,1
3998840,c6a4f2e9-ccd6-4ac5-ad8f-f8eea86de3ec,1,32,22,Germany Women's,Linda Dallmann,Sarai Linder,94.2,8.8,80.3,23.5,20.231165,-2.5067719176181242,0.36163626472494786,0.012785597150778556,-0.3488506675741693,0.7395764085661322,0.1326912252842149,-0.6068851832819173,1.3000303264535122,0.5552180021640111,-0.7448123242895012,3.6249022044653905,14.753295079849035,0,0,1,0,1,0,1,0,1,1,1,1
3998840,4852d7fd-eb24-4868-8bca-e92faea3a622,1,32,25,Germany Women's,Sarai Linder,Giulia Gwinn,82.8,27,108.9,47.7,33.31216,25.896834813651836,0.041164742214458115,0.939199596505623,0.8980348542911649,0.27948361671663624,1.8907847404247844,1.6113011237081483,0.9300977805208582,3.1748844256911783,2.2447866451703202,12.142460458544107,2.5976946263031953,0,1,0,2,0,3,0,0,0,1,1,1
3998840,8f9bd97a-9970-442e-8300-2c91d02a3e83,1,32,39,Germany Women's,Lea Schüller,Giulia Gwinn,78.7,69.2,74.7,77.2,8.944272,-8.03686972982824,1.137453653451597,0.05365935602232931,-1.0837942974292678,1.4500273587731425,0.23533084567943546,-1.214696513093707,1.8420025966330849,0.5934955114961087,-1.2485070851369762,0.7314500074618517,10.566171148461343,1,0,2,0,2,0,1,0,1,0,0,1
3998840,e8aeda80-3a66-4e60-9ab1-e017d85ba835,1,32,42,Germany Women's,Giulia Gwinn,Elisa Senß,78.3,75.1,79.1,60.1,15.021318,8.933822364100493,0.19742585025524279,0.21346650671165318,0.016040656456410396,0.5816280394882781,0.741258577551846,0.15963053806356786,1.1837175537302573,1.640389919773638,0.4566723660433807,6.609303592419234,6.993586658784866,0,0,0,0,1,1,0,0,1,0,0,1
3998840,52a7287c-04fe-4699-ab5d-3f91079d39dc,1,32,46,Germany Women's,Elisa Senß,Linda Dallmann,86.7,54.1,89.8,32,22.316362,4.920496011262841,0.7748529888520767,0.5650839576565585,-0.20976903119551815,1.5247649957599057,1.2243716775693625,-0.30039331819054316,2.552749746592161,2.2238349204568904,-0.32891482613527057,2.4502843496871756,3.6371025804613333,1,0,1,2,3,2,0,0,1,0,0,1
3998840,4cfe1c16-3be3-47e1-a1b1-9714b532be8f,1,32,47,Germany Women's,Linda Dallmann,Sjoeke Nüsken,90.7,32.4,85.1,47.9,16.480595,-5.513335101688877,0.621246626024906,0.5698358255589798,-0.051410800465926165,1.33961350933427,1.2871157392632984,-0.05249777007097167,2.4104027319157533,2.4396048815850504,0.02920214966929713,3.1547411364942555,2.8702641699207914,0,1,1,1,2,2,0,0,0,0,0,0
3998840,51d735e1-f239-47a2-9a7f-5f30a5efc189,1,32,49,Germany Women's,Sjoeke Nüsken,Jule Brand,85.3,50.5,98.5,72.9,26,-3.0483354062070163,0.9822579738721653,0.011542195488692954,-0.9707157783834723,1.5078976648684619,0.10872302447279573,-1.3991746403956662,2.5145134241805893,0.42713015819368527,-2.087383265986904,0.46098687406391803,14.592100186813754,1,0,1,0,1,0,1,0,0,0,0,0
3998840,1f269fc6-a387-4ad3-82be-c73ba613e37f,1,33,43,Germany Women's,Rebecca Knaak,Sjoeke Nüsken,51.6,37.8,63,39.8,11.574109,11.435020095337102,0.002192442049004609,0.08942421470675738,0.08723177265775277,0.04363574937025907,0.4048690758129415,0.36123332644268247,0.2657483756444181,1.006683748273783,0.7409353726293648,19.539528338408044,10.521159609098959,0,0,0,0,0,0,0,0,1,0,0,1
3998840,7dddc619-9ce8-4399-8fe6-005b2c9acc2b,1,33,46,Germany Women's,Sjoeke Nüsken,Janina Minge,64.1,41,57.4,53.5,14.182384,-8.130184835318019,0.3746496550431184,0.058299246850315636,-0.3163504081928028,0.8851341399959856,0.23799494172768426,-0.6471391982683012,1.605430947235895,0.6179360052183056,-0.9874949420175894,4.573604479958641,8.967087853058414,0,0,1,0,2,0,0,0,1,0,0,1
3998840,738cceb9-ca3e-4743-8e7c-3603ffb6e7db,1,33,48,Germany Women's,Janina Minge,Rebecca Knaak,57.8,53.7,61.5,31.1,22.900873,4.517758372057131,0.07240515058179423,0.015958743544672988,-0.05644640703712124,0.26497689409791625,0.14634892765168445,-0.1186279664462318,0.6495889399524903,0.5732200549639606,-0.07636888498852978,8.244321718932426,14.71261978068505,0,0,0,0,0,0,0,0,1,0,0,1
3998840,26609015-7583-47c2-a2c4-db3a91d19117,1,34,17,Poland Women's,Emilia Urszula Szymczak,Tanja Pawollek,10.8,59.2,48.4,50.2,38.662125,38.552177714721765,0.123764952713861,0.233345174327337,0.10958022161347601,0.3042669949597568,0.5040814454008714,0.19981445044111462,0.5779464986594293,0.9149909913790532,0.3370444927196239,6.291842456359445,4.56262646835532,0,0,0,1,1,1,0,0,1,0,0,1
3998840,60d923aa-38e8-41c6-8e7a-e5c8eb9ca1e4,1,34,19,Poland Women's,Tanja Pawollek,Ewelina Kamczyk,48.4,50.2,56.9,40.2,13.124405,9.222570154098221,0.233345174327337,0.29809826550536694,0.06475309117802994,0.5040814454008714,0.834772253457241,0.33069080805636963,0.9149909913790532,1.604551731160215,0.689560739781162,4.56262646835532,6.6373940151793605,0,0,1,0,1,2,0,0,1,0,0,1
3998840,688263f3-9051-4917-acf2-b46a0ee9d2f6,1,34,21,Poland Women's,Ewelina Kamczyk,Ewa Pajor,56.9,41.3,62.5,47.7,8.504117,5.100115678419741,0.9248736140988749,0.5881580304867122,-0.3367155836121627,1.5081930108200612,1.1640164151554973,-0.34417659566456393,2.2246261942498853,1.970258876346312,-0.25436731790357325,1.9015374117401562,2.6311090919092406,1,1,2,1,2,2,1,0,1,0,1,1
3998840,13030e4f-4bbe-4bc8-bd4f-ca64ea0ba986,1,34,26,Poland Women's,Ewa Pajor,Paulina Tomasiak,83.6,54.3,107.3,76.8,32.67935,0.178374656471874,0.5238503872700974,0.08420433090327843,-0.4396460563668189,1.1259859452067227,0.2381700787512856,-0.8878158664554371,1.9306823269091387,0.5062972484860537,-1.424385078423085,3.059322112625914,7.434531683660496,0,0,1,0,1,1,1,0,0,1,1,1
3998840,1bba95ec-3d24-4a32-99ad-e9700b869878,1,35,30,Poland Women's,Tanja Pawollek,Natalia Padilla-Bidas,86.7,48.3,90.6,52.3,5.5865912,2.4495353229919914,1.3189552572294039,0.5204300934112503,-0.7985251638181535,2.188445766756327,1.4987214782792748,-0.6897242884770522,3.310483562259836,2.825412306670183,-0.485071255589653,1.7266341685529134,6.183483389968679,2,0,2,0,3,4,0,0,0,1,1,1
3998840,27fcbd4d-e1da-4460-8fdb-92b60bcd80fe,1,40,43,Germany Women's,Sjoeke Nüsken,Elisa Senß,63,27.4,65.3,34.7,7.653757,3.419858125569604,1.1515880308423458,0.6738836810431001,-0.4777043497992457,1.8224409245430737,1.4554093908980976,-0.3670315336449761,2.692344620571587,2.4299970110965963,-0.2623476094749906,1.6585919427985674,4.283689093903793,2,0,2,2,3,3,0,0,1,0,0,1
3998840,b3a5f5f2-1c67-4090-b3df-7920f16437d2,1,40,44,Germany Women's,Elisa Senß,Janina Minge,63.8,38,51,35.3,13.081667,-12.924311289542857,0.7920621191213366,0.03358961728833355,-0.7584725018330031,1.5363355192436354,0.23654000910425177,-1.2997955101393837,2.473808918828197,0.7723879975344071,-1.7014209212937899,2.1935153583426032,12.797185532516119,1,0,1,0,4,0,0,0,1,0,0,1
3998840,30bb4dec-5815-4517-8a26-f12f781e53e6,1,40,47,Germany Women's,Janina Minge,Sjoeke Nüsken,52.2,36.1,71.2,23.3,22.909388,16.333688562968824,0.02443465307348991,0.8780117020636061,0.8535770489901162,0.1905109363935906,1.3003830239919005,1.10987208759831,0.6661414293836966,2.0288591092962407,1.362717679912544,13.14932140836253,0.8555699192619333,0,1,0,1,0,2,0,1,1,0,0,1
3998840,60125bc5-3cd1-4204-8aba-ffeef17173ef,1,40,56,Germany Women's,Carlotta Wamser,Ann-Katrin Berger,28.3,58.6,10.1,54.1,18.748066,-17.233456852954447,0.8853352199057417,0.09263424098064076,-0.7927009789251009,1.248899263111475,0.325003656599918,-0.9238956065115571,1.5835712597057592,0.7098689902379605,-0.8737022694677987,1.7652542970773981,7.716470907991094,1,0,2,0,2,1,0,0,1,0,0,1
3998840,25530aba-3fa4-4156-8be5-2cbd5e164c6d,1,41,25,Germany Women's,Elisa Senß,Rebecca Knaak,64.1,44.8,56.2,32.6,14.534442,-8.12201606247939,0.4577674818380144,0.01241773015329147,-0.44534975168472296,0.9351760340255986,0.11513715856899137,-0.8200388754566073,1.626052908627391,0.47401459676400576,-1.1520383118633852,3.980611277194264,14.123088297810915,0,0,1,0,2,0,0,0,1,0,0,1
3998840,85fe2de8-6951-4fed-b085-5d9bb3b91ddf,1,41,32,Germany Women's,Rebecca Knaak,Janina Minge,62.7,14.8,57.2,43.7,29.418701,-0.31233698969251833,0.032398377506410524,0.026943552484187092,-0.005454825022223431,0.18698330685819986,0.14962954957186386,-0.037353757286336,0.5891104368704139,0.43994356640427573,-0.14916687046613814,10.914896195747298,11.45552062381338,0,0,0,0,0,0,0,0,1,0,0,1
3998840,a1be53ac-9564-4fb6-8556-475ad7ac3f78,1,41,35,Germany Women's,Janina Minge,Carlotta Wamser,55.8,45.4,71,72.5,31.071692,5.628318207077001,0.07816979657928015,0.20520498018592745,0.12703518360664728,0.26241308526250035,0.44183203883919686,0.17941895357669652,0.5998855876057417,0.8592173587453443,0.2593317711396026,7.899773122710763,4.811829960600729,0,0,0,1,1,1,0,0,1,0,0,1
3998840,66878e2b-ad53-4ec1-8f8d-9b254f3abaad,1,41,40,Germany Women's,Carlotta Wamser,Janina Minge,65.2,67.1,54.6,56.5,14.990664,-6.314626931998916,0.5660448914701107,0.019250946048206655,-0.5467939454219041,0.8795233730494989,0.1461448801393908,-0.7333784929101081,1.4076246031105437,0.47547311694396777,-0.932151486166576,1.8659318613008813,14.540988863063227,1,0,1,0,1,0,0,0,1,0,0,1
3998840,d8cf354a-ef87-4218-b649-7a21efb932be,1,41,42,Germany Women's,Janina Minge,Rebecca Knaak,55,53.7,56.8,31.5,22.272854,2.659045037940494,0.022307593566354835,0.013472203262938937,-0.008835390303415899,0.16413550591998677,0.12334159501163713,-0.040793910908349634,0.5493617010059064,0.5210261282455239,-0.028335572760382566,14.145897082155281,13.732897392142307,0,0,0,0,0,0,0,0,1,0,0,1
3998840,8a8b3aa2-4575-4b21-9e1d-82197af1f20f,1,41,54,Germany Women's,Rebecca Knaak,Sjoeke Nüsken,70.6,6.1,83.9,14.8,15.892766,15.887459530387105,0.9906784457275681,0.9679651155425022,-0.02271333018506594,1.3739333362606807,1.5576306012917915,0.18369726503111083,2.0074913952355598,2.3479116515640825,0.3404202563285228,0.42104543845866715,1.47568571659957,1,1,1,2,1,2,0,1,1,0,1,1
3998840,be7a82b7-40c0-4eaf-9a1b-8c3a4362041b,1,41,56,Germany Women's,Sjoeke Nüsken,Klara Bühl,85,13.8,91.1,2.9,12.490797,-3.307845782518797,1.4200061687384433,0.25910407566182636,-1.160902093076617,2.225532891337968,0.6230058769115238,-1.6025270144264443,3.1438030916535227,1.2535950062372518,-1.8902080854162708,1.884771999505169,4.460669720328461,2,0,3,1,4,1,0,0,1,0,1,1
3998840,7645735b-b154-48db-a5d5-0ca1c0a15f6c,1,42,8,Germany Women's,Rebecca Knaak,Klara Bühl,91.5,17.7,105.3,2.2,20.753073,-4.370169697566588,0.4504677722267464,0.22268523248629196,-0.22778253974045443,1.150731820174204,0.5205063259158745,-0.6302254942583295,2.1389114284491044,1.0759096391436247,-1.0630017893054797,5.255750090502519,4.70103321875507,0,0,0,1,3,1,0,0,0,0,0,0
3998840,3b5a2bab-9e4a-4078-9d04-5f1e62ea71b6,1,43,6,Germany Women's,Ann-Katrin Berger,Sarai Linder,41.3,49.3,48.5,72.1,23.90983,0.8724631096762607,0.42581567157305517,0.006224074271683276,-0.4195915973013719,0.6460901639352302,0.06735377897092755,-0.5787363849643027,0.8812985323575578,0.26983858027452345,-0.6114599520830344,2.6149905333920342,16.27228808019632,1,0,1,0,1,0,0,0,1,0,0,1
3998840,57a4a966-a388-4ffa-815b-f674fa60b7f7,1,43,15,Germany Women's,Carlotta Wamser,Linda Dallmann,85,72.1,92.1,55.3,18.238695,15.671351918211851,0.26810590308676224,0.6674250356223872,0.39931913253562495,0.697695390563337,1.4698692790440504,0.7721738884807134,1.4462120896506088,2.576943165437268,1.130731075786659,4.759241451937493,4.531728486116107,0,0,1,2,1,3,0,0,1,0,0,1
3998840,7e4cf30a-f78a-4fff-818d-b4c469be688c,1,43,17,Germany Women's,Linda Dallmann,Elisa Senß,84.6,57.6,76.4,57.6,8.2,-7.4845112902819295,1.1059122849122183,0.2076198215462461,-0.8982924633659721,1.8084624993991079,0.5917518674618797,-1.2167106319372283,2.7878502578138473,1.3062441437041583,-1.481606114109689,0.8630607873603793,5.464116226957802,1,0,1,0,3,1,1,0,1,0,0,1
3998840,314dfb69-6652-452f-af4e-1a2cc6c4d5ed,1,43,18,Germany Women's,Elisa Senß,Rebecca Knaak,72.5,58,69.2,34.3,23.928644,-0.3226219683202842,0.1822457989739299,0.035940676196283994,-0.1463051227776459,0.5524200764759912,0.220923841925969,-0.3314962345500222,1.2471898730675615,0.7691010713749282,-0.47808880169263324,5.999373663482756,10.637486016071476,0,0,0,0,1,0,0,0,1,0,0,1
3998840,1e2314a4-e127-4d10-a9bd-ee6853d020eb,1,43,22,Germany Women's,Rebecca Knaak,Klara Bühl,76.8,26.2,92.1,2.8,27.958004,-1.1493660463274225,0.1651948341298715,0.00988027792408382,-0.15531455620578766,0.4782345199946507,0.07857231023187673,-0.399662209762774,1.1411547153755925,0.3085104312664076,-0.832644284109185,5.6893733591610465,14.157448257335286,0,0,0,0,1,0,0,0,1,0,0,1
3998840,18b9c9d0-cb44-4280-954b-f9e0465b05ca,1,43,54,Germany Women's,Janina Minge,Ann-Katrin Berger,65.9,76.6,40.3,55.1,33.430676,-15.80035999881531,0.5495654169409645,0.00005432938958158375,-0.5495110875513829,0.7430512261812984,0.0027607106798238916,-0.7402905155014745,0.9724780757545363,0.025155795733678418,-0.9473222800208578,1.8298654031421595,29.461335698544076,1,0,1,0,1,0,1,0,1,0,0,1
3998840,12eea9fb-4bf7-437f-bcb2-e769989477b7,1,45,10,Germany Women's,Linda Dallmann,Elisa Senß,97.7,58.6,91.7,61.4,6.621178,-6.441509019412031,0.8359285595252275,0.5439674153801906,-0.29196114414503693,1.5231801870018642,1.4067531425592932,-0.11642704444257101,2.6089387125328254,2.6223219592020306,0.013383246669205207,1.4223606443800523,4.700046866651533,1,0,1,1,2,3,0,0,0,0,0,0
3998840,c33d6150-3fd3-4c9b-a5ad-9cb74cb4beac,1,45,11,Germany Women's,Elisa Senß,Lea Schüller,91.7,61.4,99.4,54.7,10.206861,10.1731625864415,0.8261391146008942,1.3240688714135684,0.49792975681267426,1.7675064772149336,2.312578667656711,0.5450721904417775,3.008865246920973,3.5626331273800957,0.5537678804591226,3.66470563269118,1.3389339071442234,0,1,2,2,3,5,0,0,0,0,0,0
3998840,5d5951d0-70f4-4007-a80b-b13a488a86aa,1,46,55,Poland Women's,Adriana Achcińska,Ewelina Kamczyk,40.4,73.1,54.2,58.4,20.16259,17.883487236473172,0.5187202097242501,1.1936489373704005,0.6749287276461503,1.029723615465252,1.8252726429147952,0.7955490274495431,1.7592685601244267,2.75982077429815,1.0005522141737233,2.7653695516219243,0.5989738598005434,1,1,1,2,1,2,0,1,0,0,0,0
3998840,bb63a581-ad28-4c37-98a1-823d8a1d4603,1,47,14,Germany Women's,Ann-Katrin Berger,Klara Bühl,20,38.8,69.4,2.9,61.06693,37.263514799623195,0.0012644392018921454,0.2741329296006456,0.2728684903987535,0.019587999800306476,0.5439214031237622,0.5243334033234558,0.10286511606157726,0.9495330685780021,0.8466679525164249,20.050946009441777,4.052723450536882,0,0,0,1,0,1,0,0,1,0,1,1
3998840,99acb698-7e01-410e-8a2a-35f369860afc,1,47,21,Germany Women's,Klara Bühl,Linda Dallmann,76.4,19.1,98.3,18.4,21.911184,17.73268593011053,0.3649186053520807,0.3148276527120833,-0.05009095263999741,0.8120299519659643,0.8665722327611077,0.05454228079514345,1.5621436648539075,1.7275338604112211,0.1653901955573136,3.6131200519054145,4.944871206045109,0,0,1,1,1,1,0,0,0,1,1,1
3998840,9cefed63-4f5d-41b5-9635-9ce38828df14,1,47,24,Germany Women's,Linda Dallmann,Lea Schüller,106.6,24.1,109.4,40.3,16.440195,10.189264169201468,1.3444752355828395,1.184783088579965,-0.15969214700287448,2.162098206716949,2.173704321609905,0.011606114892955599,3.1133979642171576,3.363575866719278,0.25017790250212046,1.8554232929316357,2.227335314167646,2,1,3,2,3,3,0,0,0,1,1,1
3998840,547263dc-455f-4f08-9135-c69519848273,1,48,25,Germany Women's,Linda Dallmann,Klara Bühl,77.2,21.9,107.2,16.1,30.555523,19.358077173224668,0.9462699012314639,0.3424975717919455,-0.6037723294395184,1.6509828325497504,0.6545786304925374,-0.996404202057213,2.568485008866068,1.173746737054949,-1.3947382718111188,1.804181843479964,3.404259345395236,1,0,2,1,3,1,1,0,0,0,0,0
3998840,66050bdc-fdb7-4423-b3be-5909635af090,2,45,25,Germany Women's,Janina Minge,Sjoeke Nüsken,62.6,24.8,71.3,55.2,31.620405,8.36148930337339,0.005498715761234108,0.10597959077226313,0.10048087501102902,0.06582702557428362,0.38429055035018433,0.31846352477590073,0.3157055427753157,0.9692791231558505,0.6535735803805348,16.645551307176934,7.6025691809273885,0,0,0,0,0,1,0,0,1,0,1,1
3998840,4cb88f1e-eab6-4b9b-a192-78b92baa4dc1,2,45,29,Germany Women's,Sjoeke Nüsken,Jule Brand,76.4,63.1,91.7,78.7,21.85063,1.3978535353361181,0.32942688780834145,0.09257948013086564,-0.2368474076774758,0.6848743179881993,0.29777957385322956,-0.38709474413496975,1.2775151889192036,0.698980540807405,-0.5785346481117986,3.6714515554041514,7.369464194467693,0,0,1,0,1,1,0,0,1,0,1,1
3998840,fe902bdf-b442-42f0-99e5-9eb12fc0d1f1,2,45,35,Germany Women's,Jule Brand,Sjoeke Nüsken,110.6,61.3,108.9,50.9,10.538027,7.724975273660387,1.4518162492363564,0.7827446372294944,-0.669071612006862,2.2838071929360817,1.9316042340355282,-0.35220295890055353,3.2222793850209817,3.3777333126857845,0.15545392766480282,2.4583080156552546,4.932260448721818,2,0,4,1,4,5,0,0,1,1,1,1
3998840,9b77ab48-3de4-4826-8c90-b52a6f25f1ad,2,45,46,Germany Women's,Sarai Linder,Linda Dallmann,83.8,28.1,89.7,27.3,5.9539905,5.251854744209055,1.184716181196246,0.4383564257263186,-0.7463597554699275,1.8506459846840233,1.1920848867241038,-0.6585610979599195,2.724697708452656,2.27605703662956,-0.44864067182309597,1.2463767182519607,6.119340711768831,2,0,2,0,3,3,0,0,1,0,1,1
3998840,6465fee2-f686-41ea-ae45-97bce57b183c,2,45,50,Germany Women's,Linda Dallmann,Klara Bühl,101.2,23.3,111.2,12.3,14.866069,-3.9180665242672283,1.119339391961722,0.2023528730155103,-0.9169865189462117,1.8841043924736331,0.6272666303535682,-1.2568377621200648,2.838301512000336,1.3722247546170636,-1.4660767573832723,2.266480006124675,6.312531218170595,2,0,2,0,4,1,0,0,0,1,1,1
3998840,eef1b332-ec31-403e-8515-3a26bfd11ffa,2,45,53,Germany Women's,Klara Bühl,Jule Brand,109.9,13.5,108.6,45.8,32.32615,15.568856569165696,0.4574013613745584,1.3161263583598888,0.8587249969853303,0.9711627345871363,2.1396117669465964,1.16844903235946,1.740868666896736,3.170559371081129,1.429690704184393,3.3809169519730142,0.901466298014752,0,1,1,2,2,4,0,0,0,1,1,1
3998840,c4a364ec-6ba1-4690-bfa8-b1bfdda0d844,2,47,6,Germany Women's,Carlotta Wamser,Linda Dallmann,49.8,65.9,57.5,78.5,14.766516,1.41906058977969,0.2638032336345696,0.13813532327637074,-0.12566791035819885,0.6172039018777331,0.40691803176442476,-0.21028587011330835,1.1786337853815696,0.8656148900294676,-0.31301889535210203,4.4040442180444686,6.591959143410545,0,0,1,0,1,1,0,0,1,0,0,1
3998840,ae00e49b-842c-4c9d-beed-8f41a0f33319,2,47,11,Germany Women's,Linda Dallmann,Janina Minge,58,74.6,50.1,56.5,19.748924,-0.8199008099486775,0.5179678549253731,0.023211596951630276,-0.49475625797374284,1.0079233104372705,0.1930643990028776,-0.8148589114343928,1.7548005284890356,0.6927135602962546,-1.062086968192781,2.8288676074352725,14.20006375086898,1,0,1,0,2,0,0,0,1,0,0,1
3998840,4c34dc0f-96c1-4739-bf32-b28dbc62cd6b,2,47,13,Germany Women's,Janina Minge,Elisa Senß,50.8,55.2,59.3,52.7,8.860023,8.83534689262791,0.030797001855394673,0.18958559249632775,0.1587885906409331,0.24006933063632632,0.7242686913442041,0.48419936070787783,0.8210045683439304,1.6445828849538802,0.8235783166099497,12.949930320204052,7.52987095240984,0,0,0,0,0,1,0,0,1,0,0,1
3998840,2a648dd4-019b-4ac5-a12f-3dd3225c7861,2,47,16,Germany Women's,Elisa Senß,Rebecca Knaak,61.3,51.4,59,31.7,19.833809,-1.7653434443708704,0.2064495403759227,0.022545196020919533,-0.18390434435500316,0.6840864551823335,0.16468370637992613,-0.5194027488024073,1.5453493329211563,0.6037679910331049,-0.9415813418880514,6.5626462512992205,12.212211818579105,0,0,0,0,1,0,0,0,1,0,0,1
3998840,0be38ecf-fe30-46a9-935e-0a245c9bbd1a,2,47,19,Germany Women's,Rebecca Knaak,Klara Bühl,65.7,25.8,91,8.9,30.425318,13.60296635019165,0.01748616806674676,0.11323051528027081,0.09574434721352405,0.14423176009938637,0.2987023202929869,0.1544705601936005,0.5763945479855332,0.6326403867187532,0.05624583873321998,12.89783906838829,6.5754570954421165,0,0,0,0,0,1,0,0,1,0,0,1
3998840,d32c82a0-cc6c-4d80-97a5-eb1befa17a8c,2,48,3,Poland Women's,Paulina Tomasiak,Ewa Pajor,48.6,67.3,57,70.7,9.062009,6.359130464828695,0.40420790291090025,0.6055495398181621,0.2013416369072618,0.9004819626123898,1.2200240825463946,0.31954211993400483,1.5147326971274524,2.006993975174553,0.49226127804710074,4.455162031307949,3.0539534637916717,0,0,1,1,3,3,0,0,0,0,0,0
3998840,5c5e9d3a-88c1-40f7-97c6-01b73c06c4f4,2,48,7,Poland Women's,Ewelina Kamczyk,Ewa Pajor,66.5,67.3,67.2,75,7.731753,-3.284180518168526,0.8433659022011631,0.6882181863187246,-0.15514771588243859,1.5807747030679162,1.3368745765079448,-0.2439001265599714,2.3859920528262606,2.0876604002799475,-0.2983316525463131,3.3140479611361457,2.968689838657148,0,1,2,1,4,3,0,0,0,0,0,0
3998840,6fc370b1-7c2e-4043-a72a-7c576eb378e1,2,49,11,Germany Women's,Rebecca Knaak,Ann-Katrin Berger,14.5,12,15.8,40.1,28.130054,4.9523683880694875,0.00027632892950341754,0.00003097107552988729,-0.00024535785397353027,0.008593824266279642,0.0021084396313675335,-0.006485384634912109,0.06296438059953757,0.02442479934232342,-0.038539581257214156,24.83886965622723,31.191052690117413,0,0,0,0,0,0,0,0,1,0,0,1
3998840,a7584af2-fb5a-4470-b152-39eb28ddf180,2,49,15,Germany Women's,Ann-Katrin Berger,Carlotta Wamser,20.4,46.3,40.3,73.9,34.02602,13.189002484921787,0.000035292401537331244,0.0013985421694027711,0.0013632497678654398,0.0028788068501373093,0.022686429650096474,0.019807622799959165,0.03619939132560191,0.12339938857864435,0.08719999725304245,31.8092965330109,19.87564918935013,0,0,0,0,0,0,0,0,1,0,0,1
3998840,2b9584b4-acdc-4a4b-9dac-5ec482b5b2c1,2,49,21,Germany Women's,Carlotta Wamser,Sjoeke Nüsken,59.5,68.2,73.6,65.9,14.286357,13.610299989395592,0.3241189536158326,0.643078162709976,0.3189592090941434,0.666086271442649,1.20191027913318,0.535824007690531,1.217936783200408,2.0311141999339823,0.8131774167335744,3.7137477978902944,2.11558535142014,0,1,1,1,1,2,0,0,1,0,0,1
3998840,60caf664-703d-4522-b60a-dd44f9c4e823,2,49,22,Germany Women's,Sjoeke Nüsken,Jule Brand,73.6,65.9,75.1,78,12.19262,-5.682692744665523,0.64481758421186,0.036467894937466244,-0.6083496892743937,1.1892214191461283,0.21151880018170874,-0.9777026189644196,2.002020062888475,0.6537848318518824,-1.3482352310365924,2.0544960797248435,11.409327357557126,1,0,1,0,1,0,0,0,1,0,0,1
3998840,26ce1119-db42-4ebf-938a-caa2aa071c25,2,49,27,Germany Women's,Jule Brand,Sjoeke Nüsken,85.3,68.2,96.8,55.2,17.356554,16.9779707774337,0.4918091944275253,1.0918677999473894,0.600058605519864,0.8987191001554886,2.019502554145522,1.1207834539900334,1.5502806329221888,3.239226746687712,1.6889461137655233,2.5354892050012996,1.666701874652308,1,1,1,2,1,3,0,0,1,0,0,1
3998840,b9c4e7db-51f7-42dc-8f16-e4b2a57b786b,2,49,40,Germany Women's,Carlotta Wamser,Elisa Senß,82.5,72.6,84.6,55,17.724842,11.242287196301817,0.27914504346255137,0.35006984549039083,0.07092480202783946,0.6446966552230318,0.9286679801685791,0.28397132494554733,1.254721684686273,1.7906052768013312,0.5358835921150582,4.193846834836818,4.980255748138656,0,0,1,1,1,2,0,0,1,0,0,1
3998840,d7e1aa3b-ade8-437e-ba61-fc18d7a27cb0,2,49,42,Germany Women's,Elisa Senß,Sarai Linder,82.3,46.3,80.7,16.6,29.743067,-7.516165003730492,0.49400280629897886,0.027141399073242284,-0.46686140722573655,1.0860948092307243,0.1641723601032586,-0.9219224491274657,2.018402185810088,0.5865874800935511,-1.4318147057165367,3.4448775703651586,11.13956341551724,0,0,1,0,2,0,0,0,1,0,0,1
3998840,332f5cb2-418b-4f54-8cf4-d89daa5116a6,2,49,46,Germany Women's,Sarai Linder,Rebecca Knaak,80.5,21.2,69.7,27.1,12.306502,-8.182091889869227,0.2516954367059063,0.03434870497363518,-0.2173467317322711,0.5924422414995689,0.18933031941414122,-0.4031119220854277,1.2249026028996397,0.590517855286089,-0.6343847476135507,4.434915600351856,10.854769240928583,0,0,1,0,1,0,0,0,1,0,0,1
3998840,5b142a91-2eec-4830-94ee-b8a04716c526,2,49,48,Germany Women's,Rebecca Knaak,Klara Bühl,70.8,23.8,86.6,7.1,22.98978,4.915942844137369,0.03900810726370698,0.3642957466110963,0.32528763934738936,0.20036785781094488,0.6071449068327173,0.40677704902177236,0.6087097246619004,0.998614754191879,0.3899050295299785,10.285889582818934,3.0793821482217942,0,0,0,1,0,1,0,0,1,0,0,1
3998840,2c33d7c3-d4c7-4d2c-97d7-3777c17edc8e,2,49,52,Germany Women's,Klara Bühl,Elisa Senß,83.5,7.1,82,19.2,12.19262,5.818986923564047,0.6450941023583693,0.31086461159434897,-0.3342294907640203,0.9092369190161802,0.9085031159633626,-0.000733803052817561,1.3997425926205271,1.844013771625852,0.44427117900532487,1.4075833642602293,5.767040311315007,1,0,1,0,1,2,0,0,1,0,0,1
3998840,8c3fcb7e-6bfc-4de2-a58c-b345ac0c1294,2,49,54,Germany Women's,Elisa Senß,Janina Minge,78.2,18.1,71.8,44,26.679018,-1.176178772125546,0.46071476368713116,0.031077348613582034,-0.42963741507354913,0.9922259416809353,0.19000831072486882,-0.8022176309560665,1.813945161796267,0.6584869504318498,-1.1554582113644172,3.3099254080680334,10.994187627444465,0,0,1,0,2,0,0,0,1,0,1,1
3998840,020c2337-5177-4a5f-82b0-ff7182690a9c,2,49,58,Germany Women's,Janina Minge,Jule Brand,78.7,56.2,94.5,75.4,24.865236,0.7355239312892579,0.33982867924102345,0.04350747530735883,-0.2963212039336646,0.7246955289010344,0.21093139886987355,-0.5137641300311608,1.4500839114847377,0.6086336010303023,-0.8414503104544354,3.5097612600272616,10.154423713029272,0,0,1,0,1,0,0,0,1,0,1,1
3998840,b6185f20-0820-416a-92da-659e095d1993,2,50,4,Germany Women's,Carlotta Wamser,Sjoeke Nüsken,110.9,72.8,111.7,44.9,27.911467,24.400483671857735,0.036748538461602545,1.7792799516588316,1.742531413197229,0.1915443071011945,2.817766775335114,2.6262224682339195,0.6031632511990498,4.023227213987423,3.420063962788373,10.468387809864984,1.2015071108808304,0,2,0,4,0,5,0,0,0,1,1,1
3998840,43cf70f6-b9af-45a6-b42b-0add09e6d3b6,2,51,17,Poland Women's,Ewelina Kamczyk,Martyna Wiankowska,68.5,9.3,64.2,0.6,9.7046385,-8.351974788136047,0.6495960098723003,0.3262821424263157,-0.32331386744598456,1.1896052776891182,0.6947154200544431,-0.4948898576346751,2.0005554704747426,1.2571566195645576,-0.743398850910185,2.2321458595009864,4.118802972896928,1,0,1,1,2,2,0,0,0,0,0,0
3998840,56ffef79-8668-47a8-8a92-715c987d61b4,2,51,18,Poland Women's,Martyna Wiankowska,Natalia Padilla-Bidas,64.2,0.9,78.7,1.1,14.501379,11.400176177541816,0.32628214660925137,0.5000131084375334,0.17373096182828207,0.6947154253780925,0.8856079478783181,0.1908925225002256,1.2571566254253692,1.5218498987764195,0.2646932733510503,4.118802935642841,2.4086041038249495,0,1,1,1,2,1,0,1,0,0,0,0
3998840,91606c1f-9ece-4009-b66a-90656b598d85,2,51,21,Germany Women's,Carlotta Wamser,Rebecca Knaak,42.6,73.9,36,52.9,22.012724,-0.4864201612366372,0.7643638785380291,0.06116774568195963,-0.7031961328560695,1.3367206841520314,0.28723131722211076,-1.0494893669299206,2.0272532646377615,0.7765792057252865,-1.250674058912475,2.8639729611519686,9.628449717568008,1,0,2,0,2,0,0,0,1,0,0,1
3998840,33d1893e-4da4-49f7-964e-76373b4fb6c2,2,51,23,Germany Women's,Rebecca Knaak,Ann-Katrin Berger,32.4,59,12,49.3,22.588715,-18.76285433065371,0.09630496549364524,0.00005200214434896636,-0.09625296334929627,0.38151714348128846,0.003548234889503096,-0.37796890859178534,0.9110869525028279,0.038162746218939315,-0.8729242062838886,9.314242163789068,31.626220595297003,0,0,0,0,0,0,0,0,1,0,0,1
3998840,02d7bdcd-02e6-48fe-8999-4d73820aa239,2,53,3,Poland Women's,Natalia Padilla-Bidas,Martyna Wiankowska,85.1,18.8,84.6,26.4,7.61643,2.9118690975038675,0.3778518225398153,0.5600300652679651,0.18217824272814975,0.7333424033852588,1.0446843011197289,0.3113418977344701,1.2474367288288741,1.729671410272056,0.48223468144318193,3.5039400070015954,2.7482956981898146,0,1,1,1,1,2,0,0,1,0,0,1
3998840,472ddca7-5bdb-444d-9763-ece7c6ea190c,2,53,7,Germany Women's,Sjoeke Nüsken,Lea Schüller,41.4,42.9,79.2,16.9,45.878536,31.76798170902265,0.16163900316166238,0.30523945811268594,0.14360045495102355,0.6825698984956318,0.6514552401307622,-0.031114658364869596,1.5685248999274461,1.045332512004702,-0.5231923879227443,9.669723899113446,4.962860407680763,0,0,0,1,0,2,0,0,0,0,0,0
3998840,3363dffa-2e11-44be-9e49-84adff90ff5b,2,53,33,Germany Women's,Klara Bühl,Sarai Linder,78.4,5.9,67.2,4.8,11.253888,-9.667647605286568,0.858701373965145,0.15599932252062346,-0.7027020514445216,1.327873751553965,0.4995137424858643,-0.8283600090681007,1.9637877115573246,1.1308951068809783,-0.8328926046763463,1.516887649297624,6.325696204584028,1,0,2,0,2,1,1,0,1,0,0,1
3998840,b0fd639e-44bb-4d15-aa20-ab8fa87fd307,2,53,36,Germany Women's,Sarai Linder,Janina Minge,62.3,9.4,52.4,25.6,18.985521,-3.8047691072650593,0.6866422904232229,0.020619090859589403,-0.6660231995636335,0.9316718272261278,0.14049373246650904,-0.7911780947596188,1.3304512610430625,0.4696802012105524,-0.8607710598325102,1.239951306678641,12.377513738607187,1,0,1,0,1,0,1,0,1,0,0,1
3998840,1a14bd92-d3a1-46a9-b984-26c7dba3e8f0,2,53,38,Germany Women's,Janina Minge,Linda Dallmann,54.7,31.9,68.2,41.1,16.33677,13.98877770520987,0.03156727242895518,0.3751232409037491,0.3435559684747939,0.18439606122309535,0.8989734904651999,0.7145774292421045,0.6038391924749833,1.714887834061091,1.1110486415861076,10.825879363542576,3.921679608703505,0,0,0,1,0,1,0,0,1,0,0,1
3998840,a0397dd0-1402-438f-90fc-c070e7f7621f,2,53,40,Germany Women's,Linda Dallmann,Janina Minge,68.2,41.1,55.7,39.6,12.589679,-12.489565935663663,0.3751232409037491,0.03418885180784471,-0.3409343890959044,0.8989734904651999,0.2266447326908211,-0.6723287577743788,1.714887834061091,0.7353265166849156,-0.9795613173761754,3.921679608703505,12.108719396267666,0,0,1,0,1,0,0,0,1,0,0,1
3998840,c48cc1f5-627e-4dd5-8893-1f6955cf3d81,2,53,42,Germany Women's,Janina Minge,Carlotta Wamser,56.2,48.3,72.8,78.7,34.636974,3.300505219322602,0.036908201947805,0.04619556756120273,0.009287365613397727,0.24621014609039785,0.18442937064582177,-0.06178077544457608,0.7821385079699036,0.501125203137586,-0.28101330483231757,12.23101791432941,9.309000583310452,0,0,0,0,0,0,0,0,1,0,0,1
3998840,e31be17b-639c-4af7-9075-5f55b9e86603,2,53,45,Germany Women's,Carlotta Wamser,Jule Brand,72.8,78.7,73.6,70,8.736704,5.783522685446528,0.18874629787799657,0.11852136297483284,-0.07022493490316373,0.40951759552469397,0.47648303571266404,0.06696544018797007,0.7817798001772203,1.1505192422991852,0.36873944212196497,5.04118469369298,8.945177643228647,0,0,0,0,1,0,0,0,1,0,0,1
3998840,8205600e-99f3-4cb2-89e7-826c32e500c7,2,53,48,Germany Women's,Jule Brand,Janina Minge,73.6,68.2,64.6,62.9,10.444615,-5.649063134400379,0.1994088092438813,0.02710370432113788,-0.17230510492274342,0.5810992236188428,0.1766875923477588,-0.40441163127108404,1.2482338510382656,0.5813357731486712,-0.6668980778895943,5.571735856054258,11.957671983414292,0,0,0,0,1,0,0,0,1,0,0,1
3998840,93591afe-8884-41b1-80f8-fb46262bcfbd,2,53,50,Germany Women's,Janina Minge,Rebecca Knaak,66.2,58.5,66.4,29.9,28.600698,2.348629504145215,0.103115467638916,0.016295637726797665,-0.08681982991211834,0.3180384973679224,0.14097363883484304,-0.17706485853307935,0.7435698161756334,0.5442844591782249,-0.19928535699740857,6.986634795968983,13.54153622144545,0,0,0,0,1,0,0,0,1,0,0,1
3998840,b026d49e-fe8a-4c32-a2aa-acc6a4424cc6,2,53,54,Germany Women's,Rebecca Knaak,Klara Bühl,70.8,24,100.7,7.4,34.19898,13.851560734046544,0.04436268095536609,0.01367707163318267,-0.03068560932218342,0.2602072354682431,0.11377071209388007,-0.14643652337436303,0.8187711566322167,0.4269102458222216,-0.3918609108099951,11.230784533169363,14.793749382023924,0,0,0,0,0,0,0,0,0,0,0,0
3998840,94f71418-bddd-4aed-a6a8-3ba4a757abf1,2,54,7,Germany Women's,Linda Dallmann,Jule Brand,92,40.9,102.2,52.9,15.749286,6.031512614670213,0.5506084397533193,0.3735614139602656,-0.1770470257930537,1.3204007530032476,1.0031197359706465,-0.31728101703260103,2.5101871643278377,1.9593908826258535,-0.5507962817019842,2.9617074252851854,5.240294236503769,1,0,1,0,1,2,0,0,0,0,0,0
3998840,31db0336-8519-4774-bb2f-49e3a87b46a0,2,55,22,Poland Women's,Kinga Szemik,Paulina Tomasiak,17.1,55.8,54.4,78.6,43.716473,27.992093566172997,0.01350940691611348,0.6706290678202614,0.657119660904148,0.09771699957768601,1.0188526120170516,0.9211356124393656,0.3271467894356696,1.4675504011391705,1.1404036117035008,13.301194271874834,1.6487631144812644,0,1,0,1,0,2,0,0,0,0,0,0
3998840,8fe4c5f3-e1fb-4fa1-b9af-48966717b37a,2,55,26,Poland Women's,Paulina Tomasiak,Ewa Pajor,55,78.8,64.7,76,10.096039,9.7141410317589,0.6706291482383655,1.1191314420784693,0.44850229384010376,1.0188528048763978,1.523711487818953,0.5048586829425552,1.4675506660138251,2.080334103845447,0.6127834378316219,1.6487633754066702,0.5650841798536117,1,1,1,2,2,2,0,1,0,0,0,0
3998840,46aec3e0-9559-461a-a19b-db639afbd134,2,55,29,Germany Women's,Sarai Linder,Janina Minge,55.2,4.6,21.4,16.9,35.96846,-27.43077411184069,1.0271789501967004,0.388139778856159,-0.6390391713405413,1.4865541723852693,0.5994482898237419,-0.8871058825615274,2.0780448080236993,0.8741272169494976,-1.2039175910742017,1.050534663633472,2.855797168540899,1,1,2,1,2,1,1,0,1,0,0,1
3998840,99f1bcb1-2b89-4689-8293-6bb17a64e0f6,2,55,33,Germany Women's,Janina Minge,Ann-Katrin Berger,19.9,17.1,10.9,35.3,20.303694,-6.515164156478022,0.43795933600802744,0.16569298615179798,-0.27226634985622944,0.6362125133600227,0.4568188009098618,-0.1793937124501609,0.8904295113818518,0.8564568067991074,-0.03397270458274437,2.486313743602331,7.358097302496911,1,0,1,0,1,2,0,1,1,0,0,1
3998840,9a0a3343-00b4-4897-b632-6f68f04a676d,2,55,35,Germany Women's,Ann-Katrin Berger,Carlotta Wamser,15.8,34.8,23,59.8,26.01615,5.3294677772386905,1.3358335128825565,0.024518060398321755,-1.3113154524842348,1.6055655147782895,0.17019955262364383,-1.4353659621546457,1.9052579237988272,0.5328918966514339,-1.3723660271473932,0.603238078462306,12.810833278638501,2,0,2,0,2,0,0,0,1,0,0,1
3998840,6f657b78-6ff7-4afb-b7b1-98928e2a9a32,2,55,45,Germany Women's,Jule Brand,Lea Schüller,82,74.1,88.7,64.9,11.3811245,11.06067918646189,0.2821518778390849,0.444773035778769,0.16262115793968407,0.6467460612162652,1.0985053429293838,0.45175928171311863,1.2107927117184702,2.0584336333205275,0.8476409216020573,4.510261346626884,3.937801806429117,0,0,1,1,1,2,0,0,1,0,0,1
3998840,5c0d6a7c-0cd5-4011-a926-06581fcbd70a,2,56,39,Germany Women's,Sarai Linder,Klara Bühl,58.5,11.5,72.6,4.3,15.83193,8.442619831612575,0.4775009014206457,0.18213790572010471,-0.29536299570054103,0.6947950164497456,0.4526337895267209,-0.24216122692302472,1.0478988173888137,0.8865160349289571,-0.1613827824598566,2.2428268893808063,5.461461957407763,1,0,1,0,1,1,0,0,1,0,0,1
3998840,d1c5106f-68da-4638-b3bc-6b2d9d5a08d8,2,56,41,Germany Women's,Klara Bühl,Rebecca Knaak,70.5,3.8,55.7,17.4,20.09975,-6.831605957587968,0.49722664015396645,0.008528577490020011,-0.48869806266394644,0.867435250934869,0.1013938289789745,-0.7660414219558944,1.3220384401423757,0.4451966628911591,-0.8768417772512166,2.9042708714073058,16.518898023310317,1,0,1,0,2,0,0,0,1,0,0,1
3998840,952a110f-a387-4315-865e-8cce4dd37cf9,2,57,9,Germany Women's,Klara Bühl,Elisa Senß,75.6,4.1,76.1,16.4,12.310159,7.256449770560167,1.034520669660085,0.5423693193216708,-0.4921513503384143,1.381181856553413,1.0649825323344788,-0.31619932421893426,1.8209279892818702,1.7851553654954992,-0.035772623786370916,0.6423823897747466,2.6660100433022973,1,1,2,1,2,2,0,0,1,0,0,1
3998840,53335821-58a6-4de0-b817-a238ae6eeeb3,2,57,20,Germany Women's,Carlotta Wamser,Jule Brand,19.9,51.4,48.5,72.8,35.720024,22.082645700890055,0.09286209353269594,0.0016645829859361328,-0.0911975105467598,0.25170828488443303,0.02737146310206531,-0.22433682178236772,0.49450645508783775,0.15212928085380295,-0.3423771742340348,7.142754841727649,19.572446767274663,0,0,0,0,1,0,0,0,1,0,0,1
3998840,85687d29-9f39-4752-88e7-a66ea30553ed,2,57,27,Germany Women's,Jule Brand,Sjoeke Nüsken,66.7,70,63.1,54.2,16.204937,2.517696351926894,0.1468297041313714,0.0821772930476507,-0.06465241108372069,0.3988257973417527,0.36790998137616493,-0.03091581596558779,0.865479459789952,0.9641146443210508,0.09863518453109876,5.950245930796638,9.084157191365913,0,0,0,0,1,0,0,0,1,0,0,1
3998840,af002778-9be3-47cc-82ad-8dda1e675512,2,57,29,Germany Women's,Sjoeke Nüsken,Janina Minge,63.6,53.2,57,42.9,12.233151,-5.142622458247054,0.17288760614123994,0.018991859826975377,-0.15389574631426456,0.6047872853824804,0.15895327712798074,-0.44583400825449965,1.3596100440792191,0.6057076008762303,-0.7539024432029888,7.776412949406727,12.955296650950308,0,0,0,0,1,0,0,0,1,0,0,1
3998840,da99aac5-806d-4ffd-8d36-4e27dba91cce,2,57,31,Germany Women's,Janina Minge,Elisa Senß,61.6,41.4,69,34,10.46518,7.065050105814727,0.04335294949874524,0.2528691285040053,0.20951617900526004,0.24777967760755953,0.7037210930795313,0.4559414154719718,0.784905778692272,1.5189038543489737,0.7339980756567017,10.202454613117483,4.905307565311479,0,0,0,1,0,1,0,0,1,0,0,1
3998840,ae7234ae-8b38-48f6-9a1f-723683879876,2,57,33,Germany Women's,Elisa Senß,Rebecca Knaak,68.7,33.7,64.9,20.4,13.832209,-6.7968250648238,0.2444298475668999,0.008391822575043787,-0.2360380249918561,0.6784989299314208,0.09890280315221701,-0.5795961267792038,1.5125073455162308,0.46001566595314847,-1.0524916795630823,4.8463267625142015,16.172876281984745,0,0,1,0,1,0,0,0,1,0,0,1
3998840,2fcfbf00-e7f5-45ed-a6a7-d4989de48aba,2,57,35,Germany Women's,Rebecca Knaak,Klara Bühl,68,17.9,96.1,7.4,29.997667,16.079021128371664,0.011081376112991195,0.023213021334649007,0.012131645221657812,0.11335390563676698,0.14686187851909507,0.033507972882328096,0.48937889057748124,0.47351130425364024,-0.015867586323841,15.246765459145005,12.55812023460851,0,0,0,0,0,0,0,0,1,0,0,1
3998840,2c4a0af4-dc7b-46be-8a62-d19df359c057,2,57,43,Germany Women's,Rebecca Knaak,Janina Minge,78.2,19.7,70.8,39.4,21.044,-2.7350668574644104,0.0735504894724218,0.03469931276566784,-0.03885117670675397,0.3130287742656801,0.17896792916346158,-0.13406084510221852,0.8786676666761751,0.569575507236411,-0.3090921594397641,8.466367668401183,10.379238723185567,0,0,0,0,0,0,0,0,1,0,0,1
3998840,d4321bc5-4b76-4173-bbe5-a34e21e487de,2,57,45,Germany Women's,Janina Minge,Rebecca Knaak,70.8,39.6,74.1,21.2,18.693583,-0.399281260375254,0.15986622932256092,0.030624436560548328,-0.1292417927620126,0.39814731814340687,0.199092835718611,-0.19905448242479587,0.8473543108849119,0.6556988793399136,-0.1916554315449983,5.605724644603782,11.841110043357096,0,0,0,0,1,0,0,0,1,0,0,1
3998840,7add3074-a0ea-43cf-b339-2773d548933d,2,57,48,Germany Women's,Rebecca Knaak,Klara Bühl,75.9,19.2,99.1,6.1,26.643011,8.934235110780548,0.04613316195755242,0.04876985090149734,0.0026366889439449204,0.27237195347502974,0.22005819744621014,-0.0523137560288196,0.844140541419581,0.6132282835270755,-0.23091225789250547,11.668101611666806,9.56370132211713,0,0,0,0,0,0,0,0,0,0,0,0
3998840,d795f9c6-af29-49e7-9f6d-0e7b62976639,2,60,13,Germany Women's,Rebecca Knaak,Elisa Senß,14.3,21.5,30.4,27.1,17.046114,16.782892287140427,0.06649201344562831,0.1434471300672398,0.07695511662161149,0.2112018894447869,0.49576027317117344,0.28455838372638653,0.45551232376097067,1.041479046870421,0.5859667231094503,8.162950807684222,8.089549787440562,0,0,0,0,0,0,0,0,1,0,0,1
3998840,607e94cc-18e1-44f8-b4ea-6f22c1cfe571,2,60,21,Poland Women's,Adriana Achcińska,Tanja Pawollek,57.3,49.9,54.4,44.6,6.041523,-2.2843153126320956,0.28462223652227514,0.289412488848278,0.004790252326002886,0.7161699188198396,0.8100364327254964,0.09386651390565681,1.4912841532724843,1.6655290801215805,0.1742449268490962,4.297999786188932,5.486947687876174,0,0,1,0,1,2,0,0,0,0,0,0
3998840,bedfd592-9eda-4b01-b2c7-9f40cd5bf4c5,2,60,26,Germany Women's,Rebecca Knaak,Janina Minge,40.6,28.9,33.4,46,18.553976,-6.635476027475889,0.21851016043699067,0.009200598843185677,-0.209309561593805,0.5530046240882028,0.10104124739800854,-0.45196337669019426,1.0851856776821016,0.41148559144814745,-0.6737000862339542,5.054387517758398,16.4877180618382,0,0,0,0,1,0,0,0,1,0,0,1
3998840,6df28bc4-a3ad-4115-aa0a-52911aeb562b,2,60,30,Germany Women's,Janina Minge,Rebecca Knaak,35.5,44,40.3,31.4,13.483323,4.431974416563577,0.0025339499452776263,0.00422195411697416,0.001688004171696534,0.04553981815152625,0.0656281198458299,0.020088301694303652,0.24934009873670349,0.31781126701927415,0.06847116828257066,19.953060531388218,18.91089483743752,0,0,0,0,0,0,0,0,1,0,0,1
3998840,616596ff-b764-4b9c-8ca3-a0aa6616dd17,2,60,34,Germany Women's,Rebecca Knaak,Elisa Senß,44.7,30.2,56.2,25.8,12.313002,10.573887485264692,0.010186455145991397,0.176585442887114,0.1663989877411226,0.11609386399578372,0.5571881100496371,0.4410942460538534,0.47805807240619547,1.1802034798172718,0.7021454074110763,17.068908329779497,7.234641041548823,0,0,0,0,0,2,0,0,1,0,0,1
3998840,7affce50-09b4-421b-9946-4ae58e4e6feb,2,60,39,Germany Women's,Elisa Senß,Rebecca Knaak,56.2,25.8,53.1,30.4,5.5470715,-2.2241289216517544,0.08264163478990937,0.025695995993599792,-0.056945638796309574,0.3752710493043505,0.19167395393309045,-0.18359709537126007,0.9488159278467914,0.6427270210228837,-0.30608890682390766,9.953593511034441,12.839977774200305,0,0,0,0,0,0,0,0,1,0,0,1
3998840,8d38ce22-6a56-4348-a659-afc4824fbda4,2,60,40,Germany Women's,Rebecca Knaak,Janina Minge,56.7,31.4,54.4,48,16.75858,-2.204473592532082,0.04718696725018851,0.027695512787318303,-0.01949145446287021,0.26058411699982725,0.17708777066469172,-0.08349634633513553,0.7775031445462411,0.6034082262418047,-0.17409491830443646,10.19824613336641,12.010824527861526,0,0,0,0,0,0,0,0,1,0,0,1
3998840,e818a24f-09b0-4202-8ca8-bed7c679e167,2,60,43,Germany Women's,Janina Minge,Carlotta Wamser,54.9,50.9,64.4,78.2,28.905708,-1.4519233365613644,0.07155173572789425,0.023336719346019098,-0.048215016381875156,0.27707728844634727,0.12692765214349055,-0.15014963630285671,0.7395028578725794,0.409791505869387,-0.3297113520031924,8.33388810618548,11.408745948115499,0,0,0,0,0,0,0,0,1,0,0,1
3998840,27284299-05d3-43bd-8632-7d61b17afa4e,2,60,48,Germany Women's,Janina Minge,Rebecca Knaak,51.3,55,54.1,28.4,26.746962,3.4053370766582276,0.09988081553514629,0.006321965514756695,-0.09355885002038959,0.3203693455501533,0.07016839571038401,-0.25020094983976926,0.7443716450252467,0.30577489980473604,-0.4385967452205106,7.148820762965407,16.050927313628513,0,0,0,0,1,0,0,0,1,0,1,1
3998840,57891ff5-d144-42f6-be03-447fedf99b62,2,60,52,Germany Women's,Rebecca Knaak,Klara Bühl,61.6,23.3,92.8,6.4,35.483093,17.511223455719858,0.012189302273142738,0.02761756042062758,0.015428258147484842,0.12465988902091069,0.1626585479659639,0.03799865894505322,0.5264456381912657,0.49427679937136837,-0.032168838819897294,15.07904170112183,11.889532196625161,0,0,0,0,0,0,0,0,1,0,1,1
3998840,1cdbabb5-026c-4389-9ce0-606dc5f28f5d,2,60,58,Germany Women's,Klara Bühl,Sjoeke Nüsken,105.2,22.8,118.3,45.9,26.555979,16.550934792689034,0.9521771764395084,0.5170412753634314,-0.435135901076077,1.6198061130489516,1.137477045511621,-0.4823290675373306,2.481662627853591,2.082736591209854,-0.3989260366437368,2.5076983943448377,3.1225018788054673,1,0,3,1,3,2,1,0,0,1,1,1
3998840,79c482ca-16ec-4211-aa57-40d0542c1818,2,61,53,Germany Women's,Janina Minge,Rebecca Knaak,31.4,52.1,38.3,27.9,25.16446,6.831262725909326,0.012704290539566213,0.004776469432854497,-0.007927821106711716,0.11173490976894625,0.07112631832896847,-0.040608591439977776,0.43601393695760154,0.34468898228184075,-0.0913249546757608,13.836596940257111,18.582074946222342,0,0,0,0,0,0,0,0,1,0,1,1
3998840,1df9710b-dc0a-48ac-aab6-216d31933bba,2,61,56,Germany Women's,Rebecca Knaak,Klara Bühl,44.9,24,83.8,11,41.014755,30.40186260064842,0.008283779415627779,0.03293864892572188,0.024654869510094102,0.09625642311543962,0.16943341397630882,0.07317699086086919,0.4103226398157804,0.4890455156506484,0.07872287583486803,17.683337405801982,10.85010307695395,0,0,0,0,0,0,0,0,1,0,1,1
3998840,145044cb-6478-4ffc-a8e7-a1d7ec4b8318,2,62,38,Germany Women's,Linda Dallmann,Janina Minge,95.6,68.5,72.6,58.8,24.961771,-13.474027308351005,0.17524310225617176,0.028184748963822108,-0.14705835329234965,0.6783569562639085,0.177332104215535,-0.5010248520483734,1.5645311161079452,0.5871883860756194,-0.9773427300323257,8.62322085503635,11.441003077294699,0,0,0,0,0,0,0,0,1,0,0,1
3998840,f263cc01-964b-44a1-ba3a-0cb966b7d465,2,62,41,Germany Women's,Janina Minge,Sjoeke Nüsken,75.6,58.5,85.3,43.4,17.947145,13.233827282020187,0.06816316938941765,0.48310131179327814,0.4149381424038605,0.3192962582413021,1.140844074170726,0.8215478159294238,0.8613827972858142,2.1008471000251827,1.2394643027393686,9.29571297911415,3.8883518068482905,0,0,0,1,0,2,0,0,1,0,0,1
3998840,0dc95a8b-fe45-4c64-93e3-376cfacdecd5,2,62,42,Germany Women's,Sjoeke Nüsken,Elisa Senß,85.3,44,88.7,47.8,5.0990195,2.6725394679269314,0.6595360700196551,1.3081639751850886,0.6486279051654336,1.322671110028979,2.1265642190257257,0.8038931089967467,2.2596105880904354,3.1613417753695656,0.9017311872791303,2.6207654222173526,2.088257050102086,1,2,1,3,3,3,0,0,0,0,0,0
3998840,ab1e283c-54d9-45f3-8656-d2355f15c86d,2,62,42,Germany Women's,Elisa Senß,Sjoeke Nüsken,88.4,47.8,91,39.1,9.080198,3.534463304973645,1.3081638819548018,0.9994248811611405,-0.30873900079366134,2.1265641082468725,1.9395727851444782,-0.1869913231023943,3.161341602720018,3.145539463686069,-0.015802139033949114,2.088261554351485,2.6021381088233757,2,1,3,2,3,3,0,0,0,0,0,0
3998840,d01de68d-ee08-4635-ab9e-25e9730afb20,2,62,44,Germany Women's,Sjoeke Nüsken,Klara Bühl,96.3,38.6,104.5,27.6,13.720058,3.891629065156046,1.24899976425114,0.3859576061281408,-0.8630421581229991,2.3577810743629932,0.9780212980085395,-1.3797597763544536,3.689439115601781,1.8949709295477946,-1.7944681860539866,1.7600190960086026,5.206129053352963,1,0,2,0,4,2,1,0,0,0,0,0
3998840,814c9601-50ce-4aef-9244-c421fa1a9c1f,2,63,12,Germany Women's,Sarai Linder,Elisa Senß,12.5,7.7,25.3,17.9,16.36704,15.00313546003241,0.10692472817729941,0.29015420978993006,0.18322948161263064,0.269488296101011,0.547459180592504,0.277970884491493,0.49339337461227634,0.8857844188514958,0.3923910442392195,6.714621639162488,3.825732470250461,0,0,0,1,1,1,0,0,1,0,0,1
3998840,84b814b5-9be5-4bcf-92b9-f65c0ed744e7,2,63,14,Germany Women's,Elisa Senß,Linda Dallmann,24.2,18.7,23.2,23.8,5.1971145,-0.006877734762952059,0.5011104363917105,0.4313996101157507,-0.06971082627595981,0.7550995139714275,0.7115402340586264,-0.04355927991280106,1.0773814539728606,1.0685344799280312,-0.00884697404482937,2.1760974213918876,2.663055554206909,1,1,1,1,1,1,1,1,1,0,0,1
3998840,8d835a2c-2930-4b53-8403-b6a7745f9915,2,63,15,Germany Women's,Linda Dallmann,Elisa Senß,23.5,23.8,21.2,18.4,5.8694124,-3.2832301230849055,0.5317147174045671,0.30589669268759967,-0.22581802471696744,0.7933943051457985,0.6400825745392983,-0.15331173060650016,1.1293304471299748,1.0443427893397017,-0.08498765779027306,2.007890641129244,4.197426229265035,1,0,1,1,1,1,1,0,1,0,0,1
3998840,d0866b27-4769-476b-867e-ffc25d4615b3,2,63,16,Germany Women's,Elisa Senß,Linda Dallmann,21.2,18.1,28.3,19.4,7.218033,7.212701902066669,0.3058966453869201,0.19946396281230463,-0.10643268257461544,0.6400825331218838,0.5193947057629786,-0.12068782735890515,1.0443427564618113,0.954932102301725,-0.08941065416008631,4.197426966112497,5.470242878929035,0,0,1,0,1,1,0,0,1,0,0,1
3998840,00284a3b-1d33-4b79-94d5-8b945ca37d19,2,63,22,Germany Women's,Linda Dallmann,Sarai Linder,50.1,15.1,37,6.1,15.893709,-15.453504445888967,0.21688697037801968,0.010102339715016253,-0.20678463066300343,0.6072788661646308,0.08514071014981824,-0.5221381560148125,1.2116212983650456,0.31587206227181597,-0.8957492360932297,6.771203458624337,14.33075615450924,0,0,0,0,2,0,0,0,1,0,0,1
3998840,b1bd7006-4642-40bc-ade4-a77f3104168e,2,63,26,Germany Women's,Sarai Linder,Ann-Katrin Berger,35.5,11.7,25.8,38.1,28.12561,-5.106085173213913,0.0031965702132964926,0.00016827977493670605,-0.0030282904383597867,0.04007488240169631,0.0067606891272343934,-0.03331419327446192,0.17056758489368273,0.06024745270754838,-0.11032013218613435,17.935610865672388,26.334309744873195,0,0,0,0,0,0,0,0,1,0,0,1
3998840,f953bfc2-70fa-41d6-8be5-05b32928439d,2,63,30,Germany Women's,Ann-Katrin Berger,Janina Minge,27.1,39.6,49.8,60.1,30.586597,19.879973714311276,0.00015135646204002574,0.00956690548371458,0.009415549021674553,0.007042946533440034,0.09104866392386746,0.08400571739042742,0.06904941484474765,0.37094478440635276,0.3018953695616051,26.87253788007341,14.742764462106985,0,0,0,0,0,0,0,0,1,0,0,1
3998840,89e4b6f0-80e2-42b1-80ec-8e24fe4b61dc,2,63,39,Germany Women's,Rebecca Knaak,Klara Bühl,57,27.1,86.9,4.3,37.601196,15.623480740101314,0.01250493818271435,0.004598250692160634,-0.007906687490553716,0.11503802336553838,0.05762071734730246,-0.05741730601823592,0.47278987024621644,0.2702728877277016,-0.20251698251851485,14.207297980546658,17.484224217860646,0,0,0,0,0,0,0,0,1,0,1,1
3998840,5b9478bd-1aaf-4271-89a4-bb2ed7759c02,2,63,48,Germany Women's,Klara Bühl,Lea Schüller,114.8,23.4,114.6,42.2,18.801064,11.564449796406326,0.7697603946977072,0.9179017800340086,0.1481413853363014,1.5741459698871594,1.7873018875090858,0.21315591762192643,2.6863675812908547,2.954362092403374,0.26799451111251926,2.411521438914843,3.103866953622251,1,0,1,2,3,3,0,0,0,1,1,1
3998840,ce044ad0-9078-4387-9187-d677016743d5,2,64,34,Germany Women's,Janina Minge,Sarai Linder,62.6,48.3,65.9,13.3,35.155228,-2.3329435588376057,0.03872012510174135,0.000780463338546948,-0.0379396617631944,0.2306163198076773,0.0207964230428287,-0.2098198967648486,0.6973104217931481,0.15066101604592227,-0.5466494057472258,11.186825080470534,22.894580596754192,0,0,0,0,0,0,0,0,1,0,0,1
3998840,dd7f2e15-8cc9-4a2d-92ba-ade25c605a0a,2,65,28,Germany Women's,Klara Bühl,Carlotta Wamser,110.4,14,104.8,77.7,63.94568,-12.93316270058742,0.5319752694775024,0.016527338754106502,-0.5154479307233959,1.0094108313873411,0.09304529899122953,-0.9163655323961116,1.746138021818239,0.2975097874752222,-1.4486282343430168,2.564567547816651,12.342536903364488,1,0,1,0,2,0,0,0,1,0,0,1
3998840,be4506ff-da70-4cfd-8dc7-c275d83d202b,2,65,40,Germany Women's,Carlotta Wamser,Jule Brand,116.8,62.1,103,59.6,14.024621,-3.6148546786823808,0.38534415238671793,0.1247989100673125,-0.26054524231940546,0.8366520972072922,0.5063206892867157,-0.33033140792057647,1.5961792671006685,1.3017596972596783,-0.29441956984099016,3.686452450265084,7.599682879910886,0,0,1,0,2,1,0,0,1,1,1,1
3998840,6693f2e1-5942-4760-838f-492890806da1,2,65,44,Germany Women's,Jule Brand,Lea Schüller,100,57.9,114.4,34.8,27.220764,19.198465271788542,0.4548965892663623,1.1473337385281734,0.6924371492618111,0.9991318721033362,2.1258572264441717,1.1267253543408355,1.9027211894489806,3.256337686719144,1.3536164972701634,3.0935381459169986,2.964931737479968,0,1,1,3,1,4,0,0,0,1,1,1
3998840,2085f29f-f6e5-4c83-8332-3ec00c7568cf,2,67,9,Poland Women's,Emilia Urszula Szymczak,Klaudia Słowińska,30.7,54.5,51.6,32.1,30.63609,21.614850798649172,0.357179963707654,0.3616945623452801,0.004514598637626099,0.5941432287036048,0.7203812121196762,0.1262379834160714,0.9343540149277835,1.2656259186352112,0.33127190370742776,3.1291167150681494,3.3816071166621935,0,0,1,1,1,1,0,0,0,0,0,0
3998840,8463dda3-9e01-4dd9-be5c-b6a49e63d794,2,67,31,Germany Women's,Jule Brand,Elisa Senß,53.4,66.7,52.9,53.2,13.509256,3.366663711193439,0.7825653997900796,0.4124462551246962,-0.37011914466538337,1.4705122591178765,1.007674512232922,-0.4628377468849545,2.2646160511889146,1.8571107618298859,-0.40750528935902874,2.741626559288184,3.943666234399261,1,0,2,1,3,1,0,0,1,0,0,1
3998840,e580db3a-caf7-47b5-ab40-25f6673419ed,2,67,32,Germany Women's,Elisa Senß,Linda Dallmann,53.1,52.9,60.3,52.4,7.21734,7.1581962996856845,0.5290474589922248,0.9878333840368922,0.4587859250446674,1.1293736996477448,1.7266646929424845,0.5972909932947397,1.958437326946259,2.594290265735898,0.6358529387896392,3.0069597949628974,2.165521402663649,0,1,1,2,2,3,0,0,1,0,0,1
3998840,4f5d0d3c-ef25-43bd-8de2-9e98808a6edb,2,67,35,Germany Women's,Linda Dallmann,Janina Minge,56.5,55.7,42.4,63.6,16.162302,-15.697230564838236,0.5474574104731942,0.00816418363056972,-0.5392932268426245,1.359740398374123,0.09853315142404856,-1.2612072469500744,2.333025861214942,0.43228728675974937,-1.9007385744551928,6.148014200371839,16.677637985212108,0,0,0,0,5,0,0,0,1,0,0,1
3998840,f3c4863f-0996-4a13-946f-b766f9600c53,2,67,37,Germany Women's,Janina Minge,Rebecca Knaak,43.7,57.8,49,30.7,27.613403,6.742277409440305,0.0076368754872631305,0.011033571845224958,0.003396696357961828,0.09604527292011628,0.10743274834893855,0.011387475428822277,0.4187305802533457,0.42397510884070033,0.0052445285873546355,17.224184599468234,15.463955589518458,0,0,0,0,0,0,0,0,1,0,0,1
3998840,f4cf7bdd-470f-4388-9850-a1011f233869,2,67,40,Germany Women's,Rebecca Knaak,Klara Bühl,55.2,25.8,85.1,4.6,36.653103,16.62675729818622,0.0850827967558026,0.05806548090173453,-0.027017315854068073,0.33871556771463013,0.21500094203644957,-0.12371462567818056,0.8249707581865281,0.5485212744746625,-0.2764494837118656,8.583609802965535,8.668399424971058,0,0,0,0,0,0,0,0,1,0,0,1
3998840,e7b10bf4-b541-4206-acc4-bf6a6faa9181,2,67,48,Germany Women's,Klara Bühl,Lea Schüller,88.1,25.8,112.4,49.8,34.153915,22.51614772549459,0.5954993225149198,0.7907002662818997,0.19520094376697994,1.2436898228316953,1.4369198283426459,0.1932300055109506,2.176646160472557,2.3804781871372085,0.2038320266646516,3.1893320640235627,1.744802827426708,0,1,1,1,3,2,0,0,0,0,0,0
3998840,2e82c346-5378-4b93-a034-9096ce1390dd,2,68,8,Poland Women's,Ewa Pajor,Kayla Joan Zophia Adamek,109.9,19.3,98.7,19.8,11.211155,-6.322652420879283,0.2692170403988634,0.24746002664608094,-0.021757013752782467,0.6000676060234114,0.7267772444613654,0.12670963843795402,1.1337717703743093,1.4663893432049238,0.33261757283061444,4.290118272400972,6.126041593895331,0,0,1,0,1,2,1,0,0,1,1,1
3998840,690be8cd-e955-40d6-844b-809c61069b22,2,68,41,Poland Women's,Sylwia Matysik,Klaudia Słowińska,63.4,68.1,89.7,60.2,27.460882,26.775466360938395,0.7110596915633335,0.7456862500862762,0.03462655852294272,1.0248143736194781,1.2403568808067433,0.2155425071872652,1.4302317976481955,1.9566922525005503,0.5264604548523548,1.4708067772112003,1.4186298991750614,1,1,1,1,2,1,1,0,0,0,0,0
3998840,10540d33-a415-455b-8d12-752cd31ee5f3,2,68,45,Poland Women's,Klaudia Słowińska,Ewa Pajor,89.5,59.9,93.8,50.7,10.155294,8.11714605986149,0.906724271287273,0.7355431212850694,-0.17118115000220357,1.3673311556135832,1.4087683993247282,0.04143724371114499,2.0597364472886084,2.210486963768228,0.15075051647961946,0.7646232373035731,3.453958693676966,1,0,1,2,1,3,1,0,0,0,0,0
3998840,0d4aa66d-8e32-4fb6-aa61-f08df643958f,2,68,49,Germany Women's,Janina Minge,Elisa Senß,21.7,30.9,28.8,25,9.231468,6.2949907871986,0.5553207737781798,0.3146403084327028,-0.240680465345477,1.0675977983564884,0.8664841554643115,-0.20111364289217692,1.6818088970691385,1.6091479285965762,-0.07266096847256232,3.654994256557105,6.010171871631279,0,0,2,0,2,2,0,0,1,0,0,1
3998840,f0a59941-56b9-4368-9534-8cb8da576757,2,68,51,Germany Women's,Elisa Senß,Klara Bühl,34.5,23.5,53.1,17.1,19.670282,16.366732102330374,0.49481160282841063,0.5982628290213121,0.10345122619290148,1.0414065281851848,1.085944984894466,0.04453845670928125,1.7862237107738093,1.7606697601966175,-0.025553950577191786,3.181106906803625,2.3101420440024496,0,1,1,1,2,2,0,0,0,0,0,0
3998840,0eb09d79-958e-4fe1-9ae3-652d2ffedd59,2,69,54,Germany Women's,Sarai Linder,Rebecca Knaak,76.4,11.7,62.6,17.9,15.12878,-9.528156407953581,0.05479083550288798,0.006898166593027934,-0.04789266890986004,0.22488618534520238,0.07399641450302134,-0.15088977084218103,0.6358367953601206,0.32613742939924417,-0.30969936596087644,8.915619893999773,15.814810914560894,0,0,0,0,0,0,0,0,1,0,0,1
3998840,f859ae92-6ac6-40a8-9f98-9ba5a25609f5,2,69,57,Germany Women's,Rebecca Knaak,Sjoeke Nüsken,62.6,17.9,71.8,27.1,13.010765,11.611086564829307,0.017246186430894567,0.26101177496835465,0.24376558853746008,0.12555857958384734,0.6889186662120192,0.5633600866281719,0.45209717064604266,1.3834261023521184,0.9313289317060758,12.855267697692716,5.999796020840809,0,0,0,0,0,2,0,0,1,0,0,1
3998840,4c416046-100e-48a8-9abb-5c5881612604,2,69,59,Germany Women's,Sjoeke Nüsken,Rebecca Knaak,71.5,26.8,60.5,16.9,14.798986,-13.562594907133544,0.2314837958831536,0.014106031446698029,-0.21737776443645557,0.64000083724283,0.12024616488418471,-0.5197546723586453,1.3150292066697833,0.45408079960634185,-0.8609484070634414,6.4920522939556555,14.322123685834715,0,0,0,0,2,0,0,0,1,0,0,1
3998840,75ce435f-2a9a-42de-8b1c-7dd268380325,2,70,1,Germany Women's,Rebecca Knaak,Sarai Linder,62.6,15.3,72.6,4.3,14.866069,3.148677661742674,0.017170249626283815,0.024110415127332384,0.006940165501048569,0.13662814154207228,0.13379456305916312,-0.0028335784829091604,0.4959827383871617,0.42884217695796095,-0.06714056142920077,13.585002275467522,11.37381877329987,0,0,0,0,0,0,0,0,1,0,0,1
3998840,a62da5a3-4248-46d2-9616-985363c342c0,2,70,4,Germany Women's,Sarai Linder,Rebecca Knaak,72.6,4.3,61.3,9.2,12.316655,-6.949621461745508,0.5026223270088073,0.04110108223185576,-0.4615212447769515,0.7576744679659599,0.22116049658454448,-0.5365139713814154,1.15901161772864,0.636203755406249,-0.5228078623223911,2.131811322617658,10.70212842094733,1,0,1,0,1,0,0,0,1,0,0,1
3998840,bbbeeb19-ce2d-487f-b05f-fa23cecd6dc0,2,70,7,Germany Women's,Rebecca Knaak,Sarai Linder,64.1,10.7,68.7,3.6,8.459906,0.2114822602408566,0.21865188175404301,0.214693333244329,-0.003958548509714027,0.5372197194446823,0.5248512047862192,-0.012368514658463114,1.0508394522900524,1.007854417049404,-0.04298503524064845,4.936322883242092,5.05311064181401,0,0,1,0,1,1,0,0,1,0,0,1
3998840,ecf177d7-2166-4e37-8390-24e0be95e284,2,70,8,Germany Women's,Sarai Linder,Ann-Katrin Berger,68.7,3.3,37.5,23.3,37.05995,-21.097287746327524,0.22803533071007384,0.0002110786136422111,-0.22782425209643162,0.5374937804866582,0.006515134017326078,-0.5309786464693321,1.0097636701808934,0.04952646710824089,-0.9602372030726525,4.860654115025753,25.404549670596925,0,0,1,0,1,0,0,0,1,0,0,1
3998840,90de38b9-d31c-40bb-be7b-22efcc95fde8,2,70,12,Germany Women's,Ann-Katrin Berger,Janina Minge,37.8,27.1,47.5,43.2,18.796276,10.635483162081016,0.00032277890418061186,0.00212635429227361,0.001803575388092998,0.008484553013246608,0.040428581049142834,0.03194402803589623,0.05930341390704444,0.24431920663400847,0.18501579272696403,24.136137983087377,19.633711847474157,0,0,0,0,0,0,0,0,1,0,0,1
3998840,a27e81fb-d089-44ff-b99b-445b714c21a9,2,70,15,Germany Women's,Janina Minge,Carlotta Wamser,49.3,49.3,62.1,76.9,30.423676,2.650324486340196,0.0038509447821553668,0.0658490388510432,0.06199809406888784,0.05690580337318604,0.2231523986494476,0.16624659527626157,0.3087076480265418,0.552256492781474,0.24354884475493221,17.586200122315685,8.23311064656244,0,0,0,0,0,0,0,0,1,0,0,1
3998840,ae24e6f5-14aa-4d6a-9835-248f3726fbab,2,70,19,Germany Women's,Carlotta Wamser,Sjoeke Nüsken,65.7,67.2,71.8,50.6,17.685305,11.379824388623305,0.5019922489015989,0.48869416155612305,-0.013298087345475829,0.8869862544317291,1.1696265622568442,0.2826403078251152,1.4768957836720817,2.162142890517071,0.6852471068449892,2.5203742097669033,4.4712336116824565,1,0,1,1,1,2,0,0,1,0,0,1
3998840,b3506357-87c4-4cb0-8c26-e73363a5c413,2,70,22,Germany Women's,Sjoeke Nüsken,Klara Bühl,71.8,39.4,88.9,7.4,36.282364,3.1485459147027512,0.5606559500274739,0.06936537750316325,-0.4912905725243107,1.145522574433443,0.23065233422649034,-0.9148702402069526,2.0505424482871297,0.5509468027499635,-1.4995956455371662,3.557624786935361,8.106052366611284,0,0,2,0,2,0,0,0,1,0,0,1
3998840,905c2f2f-2489-46f8-a856-5105d5e162f8,2,70,25,Germany Women's,Klara Bühl,Sarai Linder,90.2,6.9,104,6.1,13.823169,7.052055094776705,0.4065399772380264,0.23263666035306907,-0.1739033168849573,0.6267062076195721,0.5543737703155692,-0.07233243730400285,0.9410295951773114,1.0116352494677627,0.07060565429045129,2.730052825493387,5.288415374990888,1,0,1,0,1,1,0,0,0,0,0,0
3998840,f523c4cd-4383-4bca-a91b-d4338f12be5d,2,70,43,Germany Women's,Sjoeke Nüsken,Carlotta Wamser,73.8,35.3,77.2,59,23.94264,-0.3893156457262137,0.04548402416168587,0.030982136337819054,-0.014501887823866817,0.2572682353246986,0.20809608579980943,-0.049172149524889186,0.7634174443873395,0.706877112417096,-0.05654033197024344,11.538940369374302,11.94015973067467,0,0,0,0,0,0,0,0,1,0,0,1
3998840,1cd02a65-ecda-4f7c-86c8-dd7737917f84,2,70,46,Germany Women's,Carlotta Wamser,Laura Freigang,83.3,61.1,99.1,58,16.101242,14.750417613554461,0.3598404010334694,0.9644530586760178,0.6046126576425483,0.8067596806806538,1.7048154301156313,0.8980557494349775,1.5266726493860527,2.6768304312844093,1.1501577818983566,3.9448951186096552,1.4713980185681665,0,1,1,1,2,4,0,0,1,0,0,1
3998840,d6fc307e-fe73-45eb-b387-cad835c62d66,2,70,48,Germany Women's,Laura Freigang,Jule Brand,97.4,61.6,104.3,78.7,18.43963,-10.50126343857838,0.5102769880871909,0.01887445653672005,-0.49140253155047087,1.2103732170235395,0.14077942227706305,-1.0695937947464764,2.1589525736190374,0.5030358681489163,-1.655916705470121,4.983871441353634,13.75074500045184,0,0,1,0,3,0,0,0,0,0,0,0
3998840,614aeeee-f904-4deb-992b-e6b30e98e348,2,72,3,Germany Women's,Sarai Linder,Rebecca Knaak,53.1,34.2,45.7,41.7,10.536128,-7.168496278028485,0.014672188086756825,0.0047756939107097265,-0.0098964941760471,0.1298484131362362,0.055795712347145136,-0.07405270078909107,0.4932955011573393,0.274321809225784,-0.2189736919315553,14.8069309899064,16.31316490150872,0,0,0,0,0,0,0,0,1,0,0,1
3998840,6863d063-8d3e-4594-830a-b96ac5b916ae,2,72,5,Germany Women's,Rebecca Knaak,Sydney Lohmann,46,41.7,54.4,51.9,13.21363,7.34891623450828,0.005579588521664048,0.026049211339459075,0.020469622817795026,0.06472794487594524,0.17214944337795923,0.10742149850201399,0.3096738605033108,0.5759786180463048,0.266304757542994,15.985448591516148,11.69637972300693,0,0,0,0,0,0,0,0,1,0,0,1
3998840,f11c7afb-8454-443c-b13b-5091424ff11a,2,72,24,Germany Women's,Sarai Linder,Sjoeke Nüsken,89.9,13.8,83.3,21.2,9.915645,-1.3295444962631109,0.460133624584145,0.3056622837505881,-0.15447134083355685,0.8966053793112942,0.8080724801210062,-0.08853289919028806,1.5972803940063918,1.5952958513438453,-0.00198454266254644,2.8450177792382054,5.334928962587299,1,0,1,0,1,1,0,0,1,0,0,1
3998840,57e06008-f444-4a3b-899c-6b21fbbb8639,2,72,25,Germany Women's,Sjoeke Nüsken,Rebecca Knaak,83.3,20.7,70.3,8.9,17.556765,-17.163084098060025,0.3153152382610289,0.033561054480945596,-0.2817541837800833,0.8120879791499657,0.17363869441224308,-0.6384492847377226,1.587811374375472,0.5267250963988903,-1.0610862779765817,5.012781849043819,10.634864782272954,0,0,0,0,1,0,0,0,1,0,0,1
3998840,6e41eb4c-c037-4105-b959-b48596e1fd04,2,72,28,Germany Women's,Rebecca Knaak,Ann-Katrin Berger,66.2,14.3,46.7,34.2,27.861443,-13.905876155273873,0.3874783229632425,0.0016185598413038234,-0.3858597631219387,0.6427254135680636,0.028261441861543203,-0.6144639717065203,1.0099161040689033,0.15104721041530497,-0.8588688936535983,2.9466449539370965,20.449412158348547,1,0,1,0,1,0,0,0,1,0,0,1
3998840,0f8fd99a-83e2-4f45-9fca-bd5adcd58231,2,72,34,Germany Women's,Ann-Katrin Berger,Rebecca Knaak,50.8,42.4,59.5,17.9,25.998846,4.83151361256887,0.009430144306305326,0.006732441848673034,-0.002697702457632292,0.07503091378076311,0.07101738304145204,-0.004013530739311072,0.29628585821659703,0.29672566106708514,0.0004398028504881135,14.144952068768035,16.30415707718072,0,0,0,0,0,0,0,0,1,0,0,1
3998840,4140c659-273e-4495-9d37-a6400d8596c1,2,72,40,Germany Women's,Jule Brand,Rebecca Knaak,80.5,6.4,58.2,12.5,23.119257,-15.784774914407677,0.5288642378605187,0.0068278950177013895,-0.5220363428428173,0.7934422811127101,0.06908746621123948,-0.7243548149014706,1.2415492939734927,0.28845080469478085,-0.9530984892787118,1.998017394840871,16.0590872594529,1,0,1,0,1,0,1,0,1,0,0,1
3998840,dc12460b-e434-493f-ae16-e7c738d388d9,2,72,44,Germany Women's,Rebecca Knaak,Janina Minge,60.3,18.1,60.3,46,27.9,3.589343572789687,0.016643885632471087,0.011962717137686088,-0.004681168494784999,0.1144402575914034,0.09866545260752205,-0.015774804983881355,0.4134687795627372,0.4134973003744374,0.00002852081170018339,12.664017649647127,13.657794927004282,0,0,0,0,0,0,0,0,1,0,0,1
3998840,310147e4-fe8b-476c-a6ec-918088898bf7,2,72,48,Germany Women's,Janina Minge,Klara Bühl,69.5,56.2,87.4,79.5,29.381968,1.8194701595972447,0.2296309860546756,0.02825626144881567,-0.20137472460585992,0.5315217341522035,0.1558476960952054,-0.37567403805699806,1.1121445888062516,0.5078643179667391,-0.6042802708395124,4.5973020953803285,10.99137402387689,0,0,1,0,1,0,0,0,1,0,0,1
3998840,21514fcc-7862-4d2e-a004-db5897f776f2,2,73,2,Germany Women's,Jule Brand,Sjoeke Nüsken,89.9,27.9,96.6,34.5,9.404786,8.403344655237987,0.2804786839426091,0.38952862617613565,0.10904994223352654,0.5713937781090827,1.1093899183386087,0.537996140229526,1.1459612910025336,2.256563983931151,1.1106026929286175,3.920101025173954,5.481561026965751,0,0,1,0,1,2,0,0,0,0,0,0
3998840,874c6b47-7c86-470f-9a6e-a444eea2578f,2,73,2,Germany Women's,Sjoeke Nüsken,Jule Brand,96.6,34.5,106,24.5,13.724431,3.1510801822802037,0.48092156321706814,0.9163662224081824,0.4354446591911143,1.2407652901563309,1.60643552953654,0.36567023938020915,2.404988741802742,2.6229351261606073,0.2179463843578655,4.95251498224525,1.5237278801148377,0,1,1,1,2,3,0,1,0,0,0,0
3998840,4a94bc02-0cf0-4ae2-bac9-90ccebf44cc5,2,73,18,Poland Women's,Sylwia Matysik,Adriana Achcińska,35.3,69.1,36.6,52.5,16.650826,5.2279293730682355,0.3598453430808055,0.257113366630032,-0.10273197645077353,0.6017597843182501,0.6787253700723127,0.07696558575406265,0.9700460201549757,1.3783704684802238,0.40832444832524817,3.107145671062491,4.733905322248335,0,0,1,1,1,1,1,0,1,0,0,1
3998840,19252322-62d1-447f-b435-846b86b7fbb3,2,73,22,Poland Women's,Adriana Achcińska,Kinga Szemik,31.7,53.8,12.3,44.1,21.68986,-18.40614901864251,0.5410158259408172,0.0034326611843135263,-0.5375831647565037,0.9958661436236621,0.04696824145373729,-0.9488979021699249,1.5969377887252396,0.22430434383371187,-1.3726334448915278,2.4852920972471564,17.786687414001737,1,0,1,0,1,0,1,0,1,0,0,1
3998840,32e125dc-276a-49c0-91c8-e18e6ca5ac2f,2,73,26,Poland Women's,Kinga Szemik,Martyna Wiankowska,16.9,40.5,34.3,5.7,38.90758,10.792057932403253,0.00473022615122574,0.0036509911314894935,-0.0010792350197362465,0.05866274811566527,0.047891510571876406,-0.010771237543788864,0.25989902166504814,0.2254002767560322,-0.034498744909015944,17.467305604852843,17.74100239490228,0,0,0,0,0,0,0,0,1,0,0,1
3998840,94d52e86-8a43-429d-bd83-39c4cbdbd96c,2,73,35,Poland Women's,Oliwia Woś,Emilia Urszula Szymczak,33.7,26.7,23.8,54,29.039629,-9.894532528831803,0.06931722498046877,0.0011613442679323197,-0.06815588071253645,0.25658431592240727,0.026004921663661085,-0.23057939425874618,0.6486693760577698,0.1568791929665617,-0.49179018309120803,8.236836362614902,21.68643573508377,0,0,0,0,0,0,0,0,0,0,0,0
3998840,94c148cc-e981-4bed-b96c-3e7dd0217199,2,73,44,Germany Women's,Klara Bühl,Sydney Lohmann,58.2,60.8,58,44.5,16.301228,3.0433494559113115,0.467422601591752,0.33997667208725746,-0.12744592950449452,0.9634497103614084,0.8366369600587543,-0.12681275030265404,1.597560984261126,1.7175037930453614,0.11994280878423536,3.7480886500539166,3.912165681067821,0,0,1,1,2,1,0,0,0,0,0,0
3998840,79e5aea5-babd-49f5-b51d-472868c4f15a,2,73,55,Poland Women's,Kinga Szemik,Oliwia Woś,9.2,47.4,22.5,27.4,24.018534,12.736054240320328,0.00018934611820427237,0.0037899168849000672,0.003600570766695795,0.006930691941121858,0.04485823028509475,0.037927538343972896,0.05540004567493065,0.19472328606613126,0.13932324039120061,26.0206741560549,17.268095079607313,0,0,0,0,0,0,0,0,1,0,0,1
3998840,a554a814-f2d7-442f-bdce-bb18fb90310e,2,74,0,Poland Women's,Oliwia Woś,Emilia Urszula Szymczak,28.9,28,27.9,52.8,24.820152,-1.09827247750421,0.018144704551320768,0.011692879094509442,-0.006451825456811326,0.12101154860642199,0.0979775851613082,-0.023033963445113798,0.39527822583292693,0.34895050709022435,-0.046327718742702584,12.526330746429533,14.226235239381788,0,0,0,0,0,0,0,0,1,0,0,1
3998840,e5d75b99-12ed-4f4a-88d8-ec8970041a86,2,74,3,Poland Women's,Emilia Urszula Szymczak,Oliwia Woś,29.1,51.2,30.7,29,22.257584,1.6124490059174121,0.01153941362793513,0.02118097889078714,0.009641565262852012,0.09949389466466067,0.13204416113405876,0.032550266469398084,0.37520430134049565,0.4374387070824159,0.06223440574192024,14.129989641255815,11.945660070313313,0,0,0,0,0,0,0,0,1,0,0,1
3998840,0d76f9b8-02cc-4256-af6a-e721501ccf5b,2,74,6,Poland Women's,Oliwia Woś,Emilia Urszula Szymczak,33.2,27.2,27.1,52.2,25.73344,-5.95894907518371,0.15320641663614673,0.0014117150244441915,-0.15179470161170253,0.3801652302072927,0.029303175290691773,-0.35086205491660094,0.7706162450275621,0.1679119014934971,-0.602704343534065,5.726448902068314,21.498628300547242,0,0,0,0,1,0,0,0,1,0,0,1
3998840,faeb67fc-33cc-4c6a-b95b-fd0730bc1b70,2,74,10,Poland Women's,Emilia Urszula Szymczak,Oliwia Woś,29.9,49.9,34.5,23.1,27.19191,3.488032765028578,0.002907667391934995,0.014636004593090137,0.011728337201155143,0.04588132445534142,0.10779862289462862,0.0619172984392872,0.2349565935101209,0.38630119562417536,0.15134460211405446,18.89471237165797,13.056595069382292,0,0,0,0,0,0,0,0,1,0,0,1
3998840,0cdaf35f-5d2f-416b-b8bc-5073e619701f,2,74,13,Poland Women's,Oliwia Woś,Martyna Wiankowska,38.3,20.5,47,1.9,20.534119,1.6504213592197772,0.25820625299320027,0.06999897791638958,-0.18820727507681068,0.5079095605685656,0.22437848830088586,-0.28353107226767976,0.892005202548828,0.5068347759557061,-0.38517042659312184,4.131650683647187,8.028289235413087,0,0,1,0,1,0,0,0,0,0,0,0
3998840,2bb754f5-92d1-459c-89c2-7afbb0b19d27,2,74,16,Poland Women's,Martyna Wiankowska,Tanja Pawollek,46.5,2.1,49.8,15.2,13.509256,8.244327320710966,0.4438173633520713,0.37511234275566296,-0.06870502059640832,0.6741092576990242,0.7904125891003422,0.11630333140131799,1.0265917373590756,1.4100416311815065,0.3834498938224309,2.4724114453418857,3.457572972385371,1,0,1,1,1,1,0,1,0,0,0,0
3998840,18661886-7bca-4b3a-baba-1d585e325470,2,74,22,Germany Women's,Carlotta Wamser,Klara Bühl,53.9,76.4,63.9,78.7,10.261091,7.306221145271508,0.6033457277387341,0.41934013618724025,-0.18400559155149382,1.0321998178315268,0.9450987285232257,-0.08710108930830107,1.6112632342511763,1.6147075981455687,0.0034443638943923993,1.9950218110846383,3.9949532485278776,1,0,1,1,1,2,0,0,1,0,0,1
3998840,35b30351-76c9-42ad-b024-3d623811323c,2,74,23,Germany Women's,Klara Bühl,Carlotta Wamser,63.1,78.2,54.1,79,9.035485,-8.041949863739191,0.5572773753614033,0.11361240510307714,-0.4436649702583262,0.9736800717889829,0.37836365039744085,-0.5953164213915421,1.5542367499239635,0.9057979004341624,-0.6484388494898011,2.1926140926409508,6.889706783935193,1,0,1,0,1,1,1,0,1,0,0,1
3998840,c7705ca5-534c-42c9-a047-9d3f15ef53ef,2,74,25,Germany Women's,Carlotta Wamser,Janina Minge,51.8,78.5,35,73.6,17.5,-13.08339895015871,0.15095961771198266,0.05678408214048808,-0.09417553557149458,0.4643934560147123,0.21379707059584263,-0.2505963854188697,1.0315547436312704,0.5459549427423465,-0.48559980088892396,6.192014647616633,8.738810498531837,0,0,0,0,1,0,0,0,1,0,0,1
3998840,06a7b8f8-0478-498c-ab90-5b0de9ff6fdd,2,74,27,Germany Women's,Janina Minge,Ann-Katrin Berger,35,73.6,15,49.6,31.241,-14.037943834276305,0.17511809774656575,0.026209941754271642,-0.14890815599229412,0.40484814768643423,0.1154957366568701,-0.2893524110295641,0.7775055014588781,0.28252298408384646,-0.4949825173750316,5.317249234366646,10.932784653583093,0,0,0,0,1,0,0,0,1,0,0,1
3998840,4c853ca5-562d-4810-8f8c-78215d4ec5b6,2,74,29,Germany Women's,Ann-Katrin Berger,Rebecca Knaak,15,49.6,40.9,18.1,40.780632,23.362247065988072,0.04170271999585566,0.1258242592056606,0.08412153920980493,0.15254863258753446,0.34836859070600923,0.19581995811847477,0.33594682368497625,0.7021684495465302,0.366221625861554,9.539288477661454,6.489274381050496,0,0,0,0,0,1,0,0,1,0,0,1
3998840,972e759e-454f-4723-91ee-f4fe99d3fb3e,2,74,33,Germany Women's,Rebecca Knaak,Sarai Linder,41.1,17.9,59,5.1,22.005682,11.65859240237208,0.2860148211587424,0.09539673830532501,-0.19061808285341736,0.5462176287033197,0.2922289066075056,-0.2539887220958141,0.8859606737177216,0.6435640262372045,-0.24239664748051704,3.92681905793968,7.235980479415802,0,0,1,0,1,1,0,0,1,0,0,1
3998840,e38be104-bc6d-4443-9658-13e8a7f59f5e,2,74,34,Germany Women's,Sarai Linder,Sjoeke Nüsken,59,5.1,53.4,25.3,20.96187,2.07508467035602,0.09539673830532501,0.040991780534701906,-0.054404957770623104,0.2922289066075056,0.26132552161832234,-0.03090338498918327,0.6435640262372045,0.8510687087402206,0.207504682503016,7.235980479415802,11.099419727792085,0,0,0,0,1,0,0,0,0,0,0,0
3998840,b1324a57-f6e5-4d82-b322-2340e9a5b29f,2,74,38,Germany Women's,Sjoeke Nüsken,Klara Bühl,56.5,28.6,83,76.4,54.654278,12.611820249871272,0.21537786404307183,0.016385260843391935,-0.1989926031996799,0.5448797463329923,0.1174684283042883,-0.427411318028704,1.168418984046743,0.4053802361863149,-0.763038747860428,4.9382720888769756,13.836081414905165,0,0,1,0,1,0,0,0,0,0,0,0
3998840,21266899-4f6a-4eb3-a4d8-100b6ecd6f75,2,75,22,Poland Women's,Ewa Pajor,Sylwia Matysik,72.9,13.6,63.6,51,38.53894,-3.4685171917616557,0.7422321864235598,0.009680788251398488,-0.7325513981721613,1.069904419311038,0.10321047948919043,-0.9666939398218477,1.689515021963831,0.4439160717812927,-1.2455989501825384,1.0803663755445176,15.736183278476746,1,0,1,0,1,0,0,0,1,0,0,1
3998840,5eaf117e-dc67-4cb1-8722-fd4b3541e627,2,75,27,Poland Women's,Sylwia Matysik,Adriana Achcińska,77.5,56.1,92.3,58.4,14.97765,12.19300912768449,0.15711031193881683,0.2811270320706409,0.12401672013182405,0.5136961419990832,0.8052626645147812,0.29156652251569803,1.1931191990964987,1.5874777414624766,0.3943585423659779,6.274049632636252,6.808772418759018,0,0,0,0,1,3,0,0,1,0,0,1
3998840,c0cf7a71-293b-4bbe-92da-bbdd3945ba1d,2,75,30,Poland Women's,Adriana Achcińska,Paulina Tomasiak,93,65.5,85.4,71.7,9.80816,-9.78775037383857,0.1711450486167808,0.11195756169771766,-0.05918748691906313,0.5389176216124842,0.4028374147626524,-0.13608020684983185,1.1520083661924205,0.9900155315912231,-0.1619928346011974,7.322018587034446,7.205994319390127,0,0,0,0,2,1,0,0,0,0,0,0
3998840,35a069a8-3843-4e06-8d43-4d4ba8c6d476,2,75,40,Germany Women's,Klara Bühl,Laura Freigang,35,56.2,74.6,23.5,51.35611,38.224612076651866,0.30133698065516346,0.7042823424111533,0.40294536175598983,0.6354096953680151,1.1313345949469567,0.4959248995789416,1.1822131938753162,1.7274906494128854,0.5452774555375692,3.8496883932368466,1.6402243990436538,0,1,1,1,1,2,0,1,0,0,0,0
3998840,92b66db9-094e-4e5b-addd-201e9c9b8b35,2,75,49,Poland Women's,Martyna Wiankowska,Kinga Szemik,26.3,17.7,7.7,29.7,22.13504,-16.454281092239228,0.2008261662263362,0.00012389958950002742,-0.20070226663683619,0.40429637373821153,0.005210918247504826,-0.39908545549070673,0.6546686734514265,0.04726646583357988,-0.6074022076178467,4.846347008662855,27.148239318446308,0,0,1,0,1,0,0,0,1,0,0,1
3998840,7259bf56-24dd-4d08-82fd-56e41ebe132c,2,75,53,Poland Women's,Kinga Szemik,Emilia Urszula Szymczak,8.7,32.1,20.4,53.3,24.214252,11.095937791122282,0.0001640681500521719,0.0014489861347306565,0.0012849179846784846,0.006842258235901019,0.02760013630189592,0.0207578780659949,0.060102595938118154,0.1529037726274895,0.09280117668937135,26.728621333942666,20.594366764275104,0,0,0,0,0,0,0,0,1,0,0,1
3998840,41dc17dc-ff4b-41ce-86b8-b9c8183605e2,2,76,0,Poland Women's,Emilia Urszula Szymczak,Oliwia Woś,26.3,52.5,24.8,27.2,25.344427,-1.5265489259191725,0.0042617358417329386,0.006806873277926874,0.0025451374361939354,0.05393055676525585,0.0637099145829363,0.009779357817680454,0.2360341740902441,0.2563367758992,0.020302601808955906,17.30491943252928,15.28389311406667,0,0,0,0,0,0,0,0,1,0,0,1
3998840,8404dc43-e956-4482-9c05-c47feac1d0f0,2,76,4,Poland Women's,Oliwia Woś,Emilia Urszula Szymczak,31.2,28.5,26.8,51,22.926186,-4.305341993300658,0.03384033489079333,0.0029044185021108128,-0.030935916388682514,0.17149085073592185,0.045500643795789025,-0.12599020694013283,0.5032282797695729,0.22298606073518357,-0.2802422190343893,10.470685966188,19.126685390197206,0,0,0,0,0,0,0,0,1,0,0,1
3998840,9d08f508-9a57-4f1d-94ba-6a8b3728c3ba,2,76,7,Poland Women's,Emilia Urszula Szymczak,Oliwia Woś,28.6,47.9,32,26.2,21.964745,2.6653024866260466,0.0034636411843974924,0.01788773150500869,0.0144240903206112,0.048792515142229896,0.12086122393259797,0.07206870879036809,0.23197262915195618,0.4110989817485409,0.17912635259658474,18.044614951049514,12.493815074204083,0,0,0,0,0,0,0,0,1,0,0,1
3998840,15b74365-9448-48b6-9982-9d610d8e1e15,2,76,10,Poland Women's,Oliwia Woś,Emilia Urszula Szymczak,33.7,27.7,30.7,48.9,21.411213,-2.5702805764433663,0.03145664534847346,0.009150064135009916,-0.02230658121346354,0.15934157447523395,0.09306821096162973,-0.06627336351360422,0.4767160437931423,0.3652812735683376,-0.11143477022480469,10.587009556444976,15.953122512115865,0,0,0,0,0,0,0,0,1,0,0,1
3998840,1d478a5a-ac59-4943-adf0-a66536905a70,2,77,25,Germany Women's,Ann-Katrin Berger,Sjoeke Nüsken,7.6,39.6,21.9,29.4,17.565022,13.729692693370751,0.1276193410722294,0.21902020299057412,0.09140086191834473,0.34161407776950287,0.5184168814824768,0.1768028037129739,0.6797703428995435,0.9732031566627355,0.29343281376319197,6.32221069486193,4.84675370009652,0,0,0,1,1,1,0,0,1,0,0,1
3998840,bf4c6e50-2e84-4c60-bd41-2dd949580ae9,2,77,27,Germany Women's,Sjoeke Nüsken,Laura Freigang,26.8,26.8,51.8,15.3,27.518175,21.59509668064952,0.42039194745872255,0.3573093383637066,-0.06308260909501595,0.7444299930998084,0.7222251103157279,-0.022204882784080504,1.1930102735814476,1.1596117576715281,-0.03339851590991949,2.84262077224518,4.139958441415482,1,0,1,1,1,2,0,0,1,0,0,1
3998840,ec3bc83b-65df-4563-ba85-acf8b9aa0663,2,77,30,Germany Women's,Laura Freigang,Klara Bühl,56.7,15.1,71.5,12.5,15.026643,12.267396558383922,0.4983755605157612,0.6882753877128439,0.1898998271970827,0.8881640063327756,1.0835503156502293,0.1953863093174537,1.365006432310794,1.6332563916743463,0.26824995936355234,3.2163429499833334,1.5966494306616972,0,1,1,1,2,1,0,1,0,0,0,0
3998840,f32fd7df-f586-4e2b-9622-6c30e92473ca,2,77,31,Germany Women's,Klara Bühl,Laura Freigang,73.1,12,70.3,6.9,5.818075,-5.091051274942053,0.6882755781419333,0.44522055714084147,-0.24305502100109183,1.0835504018944526,0.9272897150869456,-0.15626068680750704,1.6332564033112382,1.5243420620058596,-0.10891434130537858,1.5966482354547984,4.216295300626601,1,0,1,1,1,2,1,0,0,0,0,0
3998840,c295f887-6cb7-400a-a312-9788b72f0ccf,2,78,5,Germany Women's,Sydney Lohmann,Janina Minge,73.1,23.5,61.1,11.7,16.829735,-15.628198520835078,0.4156968725079303,0.006115434188514776,-0.4095814383194155,0.80900913365924,0.06244368909443128,-0.7465654445648087,1.5164050677490373,0.2876251377552504,-1.228779929993787,2.9168424595364177,15.620074143795483,1,0,1,0,1,0,0,0,1,0,0,1
3998840,f37c0098-5ec6-4426-9c3e-10526276858e,2,78,7,Germany Women's,Janina Minge,Rebecca Knaak,61.1,11.7,65.7,10.5,4.753946,3.550047612899043,0.009194082795121608,0.013381325385736262,0.004187242590614653,0.0800619181315317,0.11404479900207135,0.03398288087053965,0.33380174686103165,0.44384369781350425,0.1100419509524726,14.434444358666628,14.962271665894079,0,0,0,0,0,0,0,0,1,0,0,1
3998840,506d655e-da31-477e-a08d-8e939f36a425,2,78,9,Germany Women's,Rebecca Knaak,Sarai Linder,67.4,10,83.3,5.4,16.55204,10.115201245201547,0.022227725081426584,0.09707319729993319,0.0748454722185066,0.1554774581320898,0.33972227476255223,0.18424481663046244,0.542253183002408,0.8015652611605991,0.25931207815819113,12.716380275662642,7.692055488404243,0,0,0,0,0,1,0,0,1,0,1,1
3998840,5d574b1c-0d98-4da6-9ede-b25464455515,2,78,11,Germany Women's,Sarai Linder,Laura Freigang,86.1,5.1,98.1,16.9,16.829735,16.822968280389656,0.185974425513685,0.7206987542108539,0.5347243286971689,0.4785148962132772,1.3810241409396367,0.9025092447263594,0.9680252499524089,2.209105422074508,1.241080172122099,5.471812008995381,3.995893289983133,0,0,0,3,1,3,0,0,1,0,1,1
3998840,4f7005da-df81-4f58-a7cb-66714a288473,2,78,14,Germany Women's,Laura Freigang,Klara Bühl,106.3,16.4,104.8,8.2,8.336066,-7.95771680923589,0.6637318885378488,0.15969079155055502,-0.5040410969872938,1.2826321588283474,0.5559638508484148,-0.7266683079799325,2.0936071792794215,1.2363974722018094,-0.8572097070776121,3.324785575344278,8.065103785449686,0,0,2,0,3,0,0,0,1,1,1,1
3998840,ca831a7c-2726-4b35-a4b6-19eba83e2255,2,78,18,Germany Women's,Klara Bühl,Jule Brand,114.5,11.5,109.8,41.1,29.97082,18.766708283058385,0.5028966103189363,1.2500535978670735,0.7471569875481372,0.9803573892644454,2.2531368925109585,1.2727795032465132,1.7450408629280998,3.439675239659734,1.6946343767316343,2.7109444424307205,1.4733589444546507,1,1,1,2,1,4,0,0,1,1,1,1
3998840,673f10ca-236d-49d2-857c-a525a75fc7c0,2,78,27,Germany Women's,Ann-Katrin Berger,Carlotta Wamser,32.7,49.1,52.9,66.5,26.660833,15.629673123076572,0.06494007858691586,0.01131562393277462,-0.05362445465414124,0.19386869454857542,0.09458320441931549,-0.09928549012925993,0.3586677296191964,0.32906097290075026,-0.029606756718446148,8.20287090648491,14.523763089281443,0,0,0,0,0,0,1,0,1,0,0,1
3998840,48748b59-79e8-44b9-a9b8-7e115a3a0726,2,78,34,Germany Women's,Janina Minge,Rebecca Knaak,36.3,52.4,48.5,26.6,28.539097,11.86870520168047,0.0025999982546295337,0.004015909249228583,0.0014159109945990492,0.03562407063688066,0.055026539155426,0.019402468518545338,0.1723127161164989,0.26543188652324784,0.09311917040674894,18.17014766869484,17.592373221260686,0,0,0,0,0,0,0,0,1,0,0,1
3998840,a9b17cc6-8375-4afd-a647-e5e527b079a3,2,78,38,Germany Women's,Rebecca Knaak,Klara Bühl,55.4,23.5,86.1,7.9,34.436172,19.98750735059801,0.02353326212539521,0.03518558873732706,0.011652326611931847,0.1653557281177647,0.17537764128488142,0.01002191316711673,0.5914815933581116,0.5111824143484869,-0.08029917900962469,12.101464033959301,10.472187023581377,0,0,0,0,0,0,0,0,0,0,0,0
3998840,681e1de9-0eb3-4136-b975-b4dd0b37797a,2,80,13,Poland Women's,Dominika Grabowska,Ewa Pajor,100,67.3,112.9,41.1,29.203596,26.657427523810316,0.2728957401744843,1.3195440753867498,1.0466483352122655,0.7354821615768025,2.0702173541887667,1.3347351926119644,1.425460773510711,2.8119397913047033,1.3864790177939923,5.828025295457406,1.9238903845779918,0,1,0,3,1,4,0,0,0,1,1,1
3998840,87ca30db-239e-444a-b6c2-7b7571bec98a,2,81,20,Germany Women's,Laura Freigang,Sarai Linder,73.1,11.2,57.5,4.6,16.938713,-16.792227260660937,0.8697857127466624,0.1630484050127139,-0.7067373077339485,1.413770335057364,0.4942815718143282,-0.9194887632430359,2.1967298534033803,1.0230815424178368,-1.1736483109855436,1.836435311263114,6.465273145015189,1,0,2,0,2,1,1,0,1,0,0,1
3998840,b25743a7-fa69-4390-9bf1-72add46a82fc,2,81,23,Germany Women's,Sarai Linder,Rebecca Knaak,51.6,5.6,36.3,15.1,18.009441,-10.762077551594885,0.7980377635306413,0.008929104303460049,-0.7891086592271812,0.9578231784671748,0.07350725882490859,-0.8843159196422662,1.2234445576336148,0.2674900926156225,-0.9559544650179923,0.7203833447267143,14.450050865248393,1,0,1,0,1,0,0,0,1,0,0,1
3998840,b44f891a-0f4b-4b4f-b4f6-733a20b23cf2,2,81,26,Germany Women's,Rebecca Knaak,Ann-Katrin Berger,39.6,21.7,30.6,42.4,22.571886,-6.9758568729301516,0.00931074882825369,0.0002650124501990394,-0.00904573637805465,0.0867100870697148,0.010410483968902678,-0.07629960310081212,0.33287729106149566,0.09485511250449828,-0.23802217855699737,15.08161506618396,25.2346567796847,0,0,0,0,0,0,0,0,1,0,0,1
3998840,2f474fdf-1a90-491d-b2dd-cd0a6e1a9415,2,81,33,Germany Women's,Ann-Katrin Berger,Rebecca Knaak,31.1,40.9,45.2,26.6,20.08233,12.913766648318486,0.00018576738543401645,0.006281875586793523,0.006096108201359507,0.007415652232710993,0.07045131658153594,0.06303566434882495,0.07129468817284323,0.2978734213427172,0.22657873316987398,25.99156605774995,16.40671263040869,0,0,0,0,0,0,0,0,1,0,0,1
3998840,c1a9dc45-ed31-4a1d-9f63-f186a6490cd9,2,81,37,Germany Women's,Rebecca Knaak,Janina Minge,50.8,26.3,49.5,51.9,25.632986,-0.9541652869369841,0.030903403911584196,0.008006080880208512,-0.022897323031375684,0.16407956652417016,0.07550442972691933,-0.08857513679725083,0.5099829094620283,0.3275242739025597,-0.18245863555946856,10.799316254259871,14.83567003908069,0,0,0,0,0,0,0,0,1,0,0,1
3998840,0f2522a6-b8d9-4204-9af2-42b7b1e4c061,2,81,41,Germany Women's,Janina Minge,Carlotta Wamser,50.3,57.5,59.3,76.9,21.385977,0.8274361193058581,0.005026871278842919,0.020575295785960044,0.015548424507117124,0.058905631686404246,0.11418355028306097,0.055277918596656726,0.2800098813683184,0.36703154536853444,0.08702166400021605,16.344621279515124,11.747101040469964,0,0,0,0,0,0,0,0,1,0,0,1
3998840,e95efb6d-6999-4e6e-b5da-20dda63b6826,2,81,43,Germany Women's,Carlotta Wamser,Sydney Lohmann,59.3,76.9,73.6,56.5,24.912848,21.789485223820087,0.09831582109792905,0.5581120328426015,0.45979621174467245,0.3127135091446518,1.1470896438570257,0.8343761347123739,0.7102963572938679,1.9848215716470061,1.2745252143531383,7.250096830555487,2.56373231557728,0,1,0,1,1,1,0,0,1,0,0,1
3998840,540fcb1f-b6e2-48e3-9ae1-1da270fb42a7,2,81,58,Poland Women's,Adriana Achcińska,Kayla Joan Zophia Adamek,6.1,25.1,11.5,18,8.920202,4.162499639873474,0.7268062989522468,0.6605706488245551,-0.06623565012769173,1.1083020160509793,1.2375986258597034,0.12929660980872404,1.7584904974948325,1.9725575130641204,0.21406701556928787,1.2291756508329352,2.493318584678755,1,1,1,1,1,3,0,1,1,0,0,1
3998840,952c4d35-c5e0-41fa-a2b6-0d95cc4b6274,2,81,59,Poland Women's,Kayla Joan Zophia Adamek,Martyna Wiankowska,12,18,7.2,15.2,5.5569777,-5.276103244155834,0.6605706488245551,0.5202957156623984,-0.14027493316215667,1.2375986258597034,1.082649362879375,-0.1549492629803284,1.9725575130641204,1.7984317554063927,-0.17412575765772775,2.493318584678755,3.3502373384356283,1,0,1,1,3,2,1,0,1,0,0,1
3998840,0345cbff-0eb3-43eb-9b15-527f141d339e,2,82,0,Poland Women's,Martyna Wiankowska,Adriana Achcińska,7.2,15.2,8.4,25.7,10.568349,2.9816253555594017,0.5202957156623984,0.24498784537159496,-0.27530787029080345,1.082649362879375,0.7560878941521278,-0.3265614687272471,1.7984317554063927,1.5976222308982817,-0.20080952450811096,3.3502373384356283,5.753799099325537,0,0,1,0,2,1,0,0,1,0,0,1
3998840,8a6f85bb-ef2e-4c4c-baa4-445289b3a363,2,82,1,Poland Women's,Adriana Achcińska,Kayla Joan Zophia Adamek,9.2,25.1,18.1,15.9,12.80039,7.086234890025338,0.49962419360636007,0.1916043560893316,-0.30801983751702844,1.0595894223090725,0.6702191425891966,-0.3893702797198759,1.8691192275042101,1.444139984667376,-0.4249792428368342,3.216757221311195,8.218936938286257,0,0,1,0,2,0,1,0,1,0,0,1
3998840,4dcb23e4-3000-477b-9d30-d972497aff79,2,82,2,Poland Women's,Kayla Joan Zophia Adamek,Martyna Wiankowska,18.1,15.9,13.5,6.7,10.2859125,-6.873549928915324,0.17707520507750726,0.16043170810416904,-0.016643496973338223,0.6486225481351534,0.5516419784502774,-0.096980569684876,1.4347761663716523,1.1995661635068193,-0.23521000286483296,8.488831126675432,7.467395135902768,0,0,0,0,0,1,0,0,1,0,0,1
3998840,1e8e0beb-c3ce-474f-99b8-0d8a72c522ca,2,82,17,Germany Women's,Rebecca Knaak,Klara Bühl,13,33,31.4,14.3,26.23452,14.976627246986922,1.3495079324126698,0.22935068727504435,-1.1201572451376254,1.6990129362671258,0.5398335355393405,-1.1591794007277851,2.0150742900325205,1.020301815101809,-0.9947724749307114,0.6386650711800342,4.794566536439966,2,0,2,1,2,1,1,0,0,0,0,0
3998840,b78aca73-c3b0-49e7-a1f2-f4ee87791416,2,82,20,Germany Women's,Klara Bühl,Laura Freigang,32.2,13.5,52.9,7.4,21.580084,17.11192782935555,0.4031745950193686,0.006572633718588324,-0.39660196130078024,0.734541751320862,0.06405631851996166,-0.6704854328009003,1.2325603198066666,0.2734654124537444,-0.9590949073529222,2.995231295310102,15.390932962926971,1,0,1,0,1,0,0,0,1,0,0,1
3998840,af9eaad4-8b17-43e7-8e56-1800e745b75f,2,82,34,Germany Women's,Laura Freigang,Sydney Lohmann,78.2,24.5,73.8,36.8,13.063308,-1.7294158149002854,0.17732836943938587,0.05626917921495948,-0.12105919022442639,0.5867922514150524,0.3227555728656356,-0.2640366785494168,1.3740355148550853,0.9981861261714567,-0.3758493886836286,6.162337466680586,9.910496277121943,0,0,0,0,1,0,0,0,1,0,0,1
3998840,1e6fd50f-0f40-42c7-96d2-374b4e4216ad,2,82,36,Germany Women's,Sydney Lohmann,Carlotta Wamser,75.9,40.9,67.2,69.5,29.89398,-16.372963408509406,0.1972473643799388,0.002184542183432492,-0.1950628221965063,0.6127282797663572,0.038062410074826275,-0.574665869691531,1.412561678505523,0.23963568338477095,-1.172925995120752,5.638753258108438,18.855897142192887,0,0,0,0,1,0,0,0,1,0,0,1
3998840,eb0742a7-41fe-49e8-b94e-001d682cf1ae,2,82,41,Germany Women's,Carlotta Wamser,Sydney Lohmann,69,68.8,74.6,59.3,11.027693,9.23791989840673,0.02552141816078658,0.15456917604013398,0.1290477578793474,0.16040565046410835,0.5396073586005112,0.37920170813640286,0.5515726715719834,1.2836902349708235,0.73211756339884,11.698078583511267,6.858624016581806,0,0,0,0,0,1,0,0,1,0,0,1
3998840,f2982445-224b-44e1-9f02-8b5a852b2bbb,2,82,46,Germany Women's,Sydney Lohmann,Rebecca Knaak,72,53.2,58.2,30.7,26.394886,-12.713915431086292,0.11619745527541933,0.008312057518357127,-0.1078853977570622,0.493097149010737,0.0822915778560798,-0.4108055711546572,1.2605249537866596,0.368549608757276,-0.8919753450293837,8.44055940958401,14.936020758697328,0,0,0,0,0,0,0,0,1,0,0,1
3998840,56338a23-fb0a-4298-99e2-facbe93d10ec,2,82,51,Germany Women's,Rebecca Knaak,Janina Minge,57.2,28.6,59.3,47,18.51945,2.724035573823187,0.01750196025917871,0.039196456464017794,0.021694496204839084,0.12001245628972092,0.1888102390872842,0.06879778279756328,0.4369709845649694,0.590531201730446,0.15356021716547663,12.589555062291867,9.929787030049848,0,0,0,0,0,0,0,0,1,0,0,1
3998840,184f1a2e-c4c3-464f-9880-c8dcfd968e5c,2,82,55,Germany Women's,Janina Minge,Rebecca Knaak,61.1,46.8,63.1,27.9,19.005526,1.1189001879342726,0.08846570159866139,0.039886646330058395,-0.048579055268603,0.2867751811522023,0.20382406097456013,-0.08295112017764217,0.7227539919469308,0.6240543516638154,-0.0986996402831154,7.397180681067749,10.172016004093821,0,0,0,0,1,0,0,0,1,0,0,1
3998840,24053da9-21fb-401a-9cfc-032165e000c4,2,82,57,Germany Women's,Rebecca Knaak,Janina Minge,63.4,27.6,57,44.5,18.071247,-5.218124637280425,0.0933395467556126,0.02658167606076462,-0.06675787069484798,0.3063148410812918,0.1351831791366487,-0.1711316619446431,0.7542265133402428,0.43352938533337254,-0.3206971280068703,7.326024626116957,10.968911631577493,0,0,0,0,1,0,0,0,1,0,0,1
3998840,058bc2d9-ca8d-48cd-8c68-8a04c9267667,2,83,0,Germany Women's,Janina Minge,Rebecca Knaak,57,44.5,62.1,23,22.096605,2.8164131684624323,0.07462907610037857,0.024744590205652166,-0.0498844858947264,0.24529010626709127,0.14927427756121725,-0.09601582870587402,0.5914449316225814,0.48793638586263594,-0.10350854575994545,7.861488255825014,11.60640127295724,0,0,0,0,1,0,0,0,1,0,0,1
3998840,e10d3980-4503-4f45-b325-a11f33398cf8,2,83,2,Germany Women's,Rebecca Knaak,Klara Bühl,64.4,19.4,101.4,7.4,38.8973,21.760588348458676,0.03759711249277801,0.0368720546672271,-0.0007250578255509066,0.19418984638188744,0.17968388577877312,-0.01450596060311432,0.6029297948587956,0.5289833443371748,-0.07394645052162085,10.312613148175583,10.245544592977176,0,0,0,0,0,0,0,0,1,0,1,1
3998840,0f79f1a0-dfdb-409b-af09-f67d1d1c13e1,2,83,34,Poland Women's,Klaudia Słowińska,Ewa Pajor,69,26.7,79.8,20.3,12.553884,7.938181751629848,0.4064775701880693,0.4074735557599033,0.0009959855718340016,0.8677585363825412,0.8616773299128222,-0.006081206469718992,1.490160252125074,1.4589290132545563,-0.03123123887051782,3.462124329803645,3.530721365612795,0,0,1,1,1,1,0,0,1,0,0,1
3998840,222ffb90-e189-4a8d-8470-4e2fe3571ebe,2,83,39,Poland Women's,Ewa Pajor,Dominika Grabowska,87.7,23.9,81,34.4,12.455521,-3.309835134762828,0.7679696724356063,0.13598071413153207,-0.6319889583040743,1.2439579775025893,0.5170090991081282,-0.7269488783944611,1.8232618516343204,1.2121051280798374,-0.611156723554483,1.595005359774807,7.224022823062633,1,0,1,0,2,1,0,0,0,0,0,0
3998840,9d37e6be-78b8-4cc0-9c24-6d5afc767b08,2,83,53,Poland Women's,Dominika Grabowska,Kayla Joan Zophia Adamek,85.9,21.1,100.7,6.2,21.00119,0.06533218255238893,0.9234065337936677,0.16795139405654405,-0.7554551397371236,1.3815588074790786,0.458553124617199,-0.9230056828618796,2.1605552107806325,0.9710079956995883,-1.1895472150810442,0.6542616731028544,5.8248363606091065,1,0,1,0,1,1,1,0,0,0,0,0
3998840,0b1a0b83-26ee-4631-8f8a-a101f53898ac,2,84,38,Germany Women's,Rebecca Knaak,Sarai Linder,28.6,22.7,41.1,6.6,20.382835,7.34455302227488,0.0006191102454478289,0.0103054411611267,0.009686330915678871,0.015455219092530354,0.06571748416777864,0.050262265075248294,0.09522492807299528,0.19724736308999152,0.10202243501699625,23.356134179334045,13.731299688859627,0,0,0,0,0,0,0,0,1,0,0,1
3998840,593ef8d6-9db3-49d9-8d3b-8c5b417564c9,2,84,42,Germany Women's,Sarai Linder,Ann-Katrin Berger,37.8,13,30.9,39.1,26.996666,-2.5837963820712844,0.009738632505127813,0.0005187911741589355,-0.009219841330968878,0.0728836031184144,0.018116355468035215,-0.05476724765037918,0.2560686318115924,0.14089740332779663,-0.11517122848379577,14.033937045649848,24.52453678669947,0,0,0,0,0,0,0,0,1,0,0,1
3998840,6d531e7d-b80f-4eec-bbd4-db0130c731a6,2,84,47,Germany Women's,Ann-Katrin Berger,Rebecca Knaak,33.4,41.7,44.4,28.9,16.877203,10.206148382308214,0.0008687996565072499,0.06630573515928376,0.0654369355027765,0.021731160132873097,0.24042907410883116,0.21869791397595806,0.15022821826770932,0.5799195382008503,0.42969131993314097,21.835000887905395,8.337517893742788,0,0,0,0,0,0,0,0,1,0,0,1
3998840,ad7491d7-6f2f-4655-ad6f-dd4928af4103,2,84,50,Germany Women's,Rebecca Knaak,Janina Minge,45.5,32.7,47,57.5,24.845322,-0.21150561342358287,0.37546404422247703,0.02629314616080241,-0.3491708980616746,0.6452118732420394,0.15149846177511161,-0.4937134114669278,1.0298051686711582,0.4922259820273883,-0.5375791866437699,3.0492015322024155,11.225059307514577,0,0,1,0,1,0,0,0,1,0,0,1
3998840,2783245c-4ffd-4865-ad3a-3d1f5fbf537e,2,84,53,Germany Women's,Janina Minge,Carlotta Wamser,48.3,63.6,53.6,77.4,14.782761,-0.7242942003766615,0.27889062878384263,0.05264707656432265,-0.22624355221951997,0.5411158429258225,0.23678053613535102,-0.3043353067904715,0.9830336857908072,0.6356754668154689,-0.34735821897533825,3.9109050683311124,9.449989381605013,0,0,1,0,1,0,0,0,1,0,0,1
3998840,571f8678-d0f9-469d-8d90-5efca2fd7802,2,85,0,Germany Women's,Ann-Katrin Berger,Rebecca Knaak,30.6,44,44.9,25.3,23.541027,12.964281456372362,0.00019516338958344102,0.004628315734874798,0.004433152345291357,0.005946193137795282,0.05148537776960511,0.04553918463180982,0.04063491747750155,0.22127406780502407,0.1806391503275225,25.6250203648174,16.689150333806964,0,0,0,0,0,0,0,0,1,0,0,1
3998840,f581431c-4f21-461e-88fe-4fd08438794f,2,85,3,Germany Women's,Rebecca Knaak,Sarai Linder,53.9,22,67.4,5.4,21.396496,5.547337310250889,0.46314229652384825,0.015278666080196584,-0.4478636304436517,0.71497048315941,0.11796987145391051,-0.5970006117054996,1.1171197901316448,0.4326280118571973,-0.6844917782744475,2.370661052297706,13.449725579477915,1,0,1,0,1,0,0,0,1,0,0,1
3998840,37449aca-6aba-4dba-8594-b40b0a5f76b9,2,85,14,Germany Women's,Carlotta Wamser,Giovanna Hoffmann,92.5,58.5,106.8,45.5,19.32589,18.843626838353096,0.17121839960232557,1.1185043214050108,0.9472859218026852,0.5959696267237078,2.2455278017669373,1.6495581750432295,1.4702653348315107,3.696647047128229,2.2263817122967184,6.190652804810381,1.4798812737242155,0,1,0,1,1,4,0,0,0,1,1,1
3998840,38afc4a7-21ce-40ca-bb8e-0014e1e01111,2,85,16,Germany Women's,Giovanna Hoffmann,Sjoeke Nüsken,105.5,45.7,101.2,36.4,10.245975,-3.5614622501027213,1.2156022391093153,0.6232144401304635,-0.5923877989788519,2.454457956556401,1.6592354043114488,-0.7952225522449521,3.9317225441060577,3.0800905148639983,-0.8516320292420594,2.313807595818367,4.563601204076948,1,0,2,1,4,2,0,0,0,1,1,1
3998840,97bccd00-41a9-4a60-acf5-861a8ad2b97b,2,85,42,Poland Women's,Oliwia Woś,Emilia Urszula Szymczak,32.7,27.7,32.5,51,23.300858,-0.026481285583628278,0.027059199675532778,0.01986567603421837,-0.007193523641314408,0.16650708934422936,0.12993244060422984,-0.03657464873999952,0.5116922015617348,0.4167900766632613,-0.0949021248984735,11.713437792754815,12.320599877830139,0,0,0,0,0,0,0,0,1,0,0,1
3998840,17033ee9-db5f-4036-9045-82d6429f5e2d,2,85,52,Germany Women's,Carlotta Wamser,Giovanna Hoffmann,53.9,72.8,70.5,68.5,17.147886,16.67228376091439,0.33783292162334083,0.6066517507527411,0.2688188291294003,0.7768103717678619,1.1160046876630356,0.3391943158951737,1.3480218629896763,1.807018461850305,0.4589965988606286,5.341166176096576,3.2442615250164186,0,0,0,2,2,2,0,0,0,0,0,0
3998840,ca3401d4-722a-40aa-8335-ea51bb0c5cfa,2,86,46,Poland Women's,Nadia Krezyman,Oliwia Woś,40.4,68.1,38.6,41.5,26.660833,3.000456578067343,0.6007670965456403,0.2599162431027011,-0.3408508534429392,1.1192758048797218,0.6762869008070295,-0.4429889040726923,1.7143468939303188,1.351213991496072,-0.3631329024342469,2.6767230460719205,4.6802405001541,1,0,1,1,3,1,1,0,0,0,0,0
3998840,deed6dd9-58fc-4f9d-a849-1d2e60eb4ffc,2,87,5,Poland Women's,Martyna Wiankowska,Oliwia Woś,69.5,13.4,53.2,19.8,17.511425,-12.710163027336883,0.22155124045364508,0.09363292749379896,-0.12791831295984613,0.5086108524226465,0.27037693661402584,-0.23823391580862063,0.983701556293227,0.5509010264083932,-0.43280052988483375,4.788816145051221,7.194644401236673,0,0,1,0,1,1,0,0,1,0,0,1
3998840,ed66fe4a-6561-4225-8c94-e8d42a291d57,2,87,8,Poland Women's,Oliwia Woś,Kinga Szemik,47.8,22.3,33.7,41.5,23.821209,-11.97509038624706,0.0746610274152347,0.0026829003943865328,-0.07197812702084816,0.22906306601390206,0.037430009076087754,-0.1916330569378143,0.4824876021002107,0.16580243466895364,-0.3166851674312571,7.832298714455074,19.089766825623403,0,0,0,0,1,0,0,0,1,0,0,1
3998840,209f9e95-9891-4f61-9d49-1562814989d3,2,87,13,Poland Women's,Kinga Szemik,Ewa Pajor,40.1,43.6,78.2,44.3,38.10643,37.96047006703819,0.12837865774416696,0.8451908903836355,0.7168122326394686,0.3681839539261737,1.3969440723838453,1.0287601184576716,0.7260830366638968,2.1630517492201973,1.4369687125563004,6.711098828883888,1.4283352074575235,0,1,0,1,1,2,1,1,0,0,0,0
3998840,281c4c0e-afb8-42ed-a76a-3fe5b822c146,2,87,20,Germany Women's,Sarai Linder,Ann-Katrin Berger,25.8,26.6,6.3,37.8,22.487553,-18.572976796832663,0.6467992046571699,0.00675209459967084,-0.640047110057499,0.9234435213567813,0.07884257482657281,-0.8446009465302085,1.2923283456221972,0.3302254570084091,-0.9621028886137881,1.4744181667902991,16.79218659625875,1,0,1,0,1,0,1,0,1,0,0,1
3998840,cf0a6cbf-79ba-4581-bd82-9bef1fcbd52d,2,87,49,Germany Women's,Sydney Lohmann,Rebecca Knaak,78.4,63.9,61.3,50.6,21.663334,-11.67262707541419,0.5370940843091127,0.03864052203625349,-0.49845356227285914,0.9207823793074533,0.1871675350664291,-0.7336148442410242,1.5216180026391346,0.5266022696599075,-0.9950157329792271,2.210000463985789,10.132852532540047,1,0,1,0,1,0,0,0,1,0,0,1
3998840,8b24c061-f299-40be-966c-f6b6b2d326c2,2,87,52,Germany Women's,Rebecca Knaak,Sarai Linder,57.5,40.4,59.8,21.7,18.840914,-0.4187486208563129,0.019447848182603412,0.03113386276808394,0.011686014585480527,0.12725607260101102,0.15028986437973632,0.023033791778725304,0.4224985619022046,0.4209015909103635,-0.0015969709918410846,12.273441706318652,10.590951162982725,0,0,0,0,0,0,0,0,1,0,0,1
3998840,3e805f4c-5b8a-4d3d-8ea4-17a4b9d3161c,2,87,54,Germany Women's,Sarai Linder,Rebecca Knaak,59.8,21.7,52.1,37.3,17.39684,-5.033632073629661,0.03113386276808394,0.010394228182848552,-0.020739634585235388,0.15028986437973632,0.08939743974884755,-0.06089242463088877,0.4209015909103635,0.3368836356795137,-0.08401795523084982,10.590951162982725,14.336233130578773,0,0,0,0,0,0,0,0,1,0,0,1
3998840,527a8279-b76a-4191-acf7-c2fbb773d1c8,2,87,57,Germany Women's,Rebecca Knaak,Janina Minge,53.6,39.6,60.8,68.5,29.783384,0.6981607388364495,0.019998835010273146,0.0019095263040526922,-0.018089308706220456,0.12714108155849285,0.04183867279420415,-0.08530240876428871,0.4350708905603106,0.262855581885313,-0.17221530867499762,12.032392062838657,21.449151203046338,0,0,0,0,0,0,0,0,1,0,0,1
3998840,bd8e2635-ad50-480c-9e56-04edffbcc3bf,2,88,0,Germany Women's,Janina Minge,Sydney Lohmann,63.4,68.5,73.3,55.7,16.18178,14.101970645165324,0.0057414474694714454,0.4047168449019293,0.3989753974324578,0.0840936874679442,0.9680819979406575,0.8839883104727133,0.4194698716256063,1.8523022943225909,1.4328324226969846,18.553151717308964,4.822639213732076,0,0,0,1,0,2,0,0,1,0,0,1
3998840,777f4a27-b0ad-4783-a258-1d77f013c3ce,2,88,4,Germany Women's,Sydney Lohmann,Rebecca Knaak,70,52.9,58.2,34,22.281158,-10.453286270212516,0.45829045157663123,0.04477591236715313,-0.4135145392094781,0.9232985662499876,0.1924002093024406,-0.730898356947547,1.5947068165106653,0.5548341423852406,-1.0398726741254247,3.7551874461026724,9.458985012631,0,0,1,0,2,0,0,0,1,0,0,1
3998840,b46e91bf-0cc8-4d7b-8fbb-8c96a076b690,2,88,7,Germany Women's,Rebecca Knaak,Sarai Linder,59.3,28.9,69.5,13.8,18.222239,4.81464860324467,0.15981451635664157,0.04721649381159838,-0.1125980225450432,0.3940747842143357,0.24373658743363288,-0.15033819678070284,0.8137714476047242,0.6874795153942986,-0.12629193221042556,5.616423330462242,11.182153488914588,0,0,0,0,1,0,0,0,1,0,0,1
3998840,70ab25a0-e694-4260-acb0-caae9aec3c6f,2,88,12,Germany Women's,Sarai Linder,Sydney Lohmann,70.5,13.3,70.3,26.6,13.301504,4.767048310062279,0.3038014409427882,0.14142739518692676,-0.16237404575586145,0.7151515342928282,0.556162590177121,-0.1589889441157072,1.3584218285586742,1.3202838845068032,-0.03813794405187099,4.183594428667597,8.23880556289779,0,0,1,0,1,0,0,0,1,0,0,1
3998840,2c5e909d-379a-4195-aae6-5dbb7356bffd,2,88,15,Germany Women's,Sydney Lohmann,Carlotta Wamser,72.3,32.7,98.4,67.5,43.5,13.286662105915646,0.13450388426906168,0.03335220720836338,-0.1011516770606983,0.5371810707003529,0.17570283447626833,-0.3614782362240846,1.326335998573749,0.5540896023114389,-0.7722463962623102,7.452346122793079,10.699707030411766,0,0,0,0,1,0,0,0,0,0,0,0
3998840,e80978ca-0093-4ac9-b30f-bf89612ec90b,2,88,26,Poland Women's,Kinga Szemik,Martyna Wiankowska,16.9,40.2,37.6,20.3,28.714108,18.378000907919215,0.6128336292136715,0.09571329305932195,-0.5171203361543495,1.0452394332627253,0.35079405843667205,-0.6944453748260533,1.643166956283497,0.8436612082833025,-0.7995057480001945,1.9330777488949393,7.617515377475027,1,0,1,0,1,1,0,0,0,0,0,0
3998840,ee47c554-f068-49d9-a8e6-ea85ccbdbcec,2,88,38,Germany Women's,Sarai Linder,Rebecca Knaak,29.9,21,32.4,33.2,12.453513,4.218009406415291,0.7121661722093621,0.06656469440434107,-0.645601477805021,0.8647406244565156,0.28846796755435294,-0.5762726569021626,1.0537096450680106,0.7083791435404286,-0.34533050152758193,1.0495232678409414,10.165870064476332,1,0,1,0,1,0,1,0,1,0,0,1
3998840,4cf2fc7c-ffc9-4f9b-9d0f-eaa08337c291,2,88,41,Germany Women's,Rebecca Knaak,Laura Freigang,39.3,25,55.7,6.6,24.64792,9.62498611949168,0.019833154976410878,0.005451777364763863,-0.014381377611647015,0.11390472129040712,0.04726143854705621,-0.0666432827433509,0.34406006200316,0.18475256188770997,-0.15930750011545006,11.92977538471327,15.672320169862298,0,0,0,0,0,0,0,0,1,0,0,1
3998840,9df8d546-f094-4669-bbaa-783aa2708e8e,2,89,10,Poland Women's,Oliwia Woś,Emilia Urszula Szymczak,25.6,29,29.4,48.9,20.259565,4.002637203850284,0.0021952809080213027,0.0054742430771745065,0.003278962169153204,0.03686582177064744,0.058005278340906984,0.021139456570259542,0.19195225381759165,0.24654256901089244,0.05459031519330079,19.85757248867408,16.043307709883347,0,0,0,0,0,0,0,0,1,0,0,1
3998840,61d2ff36-6458-4595-8b61-80897bc62132,2,89,12,Poland Women's,Emilia Urszula Szymczak,Oliwia Woś,30.2,49.4,32.2,23.6,25.877403,0.9721107065482073,0.009628666417251033,0.016595787484695926,0.006967121067444893,0.08066010174179924,0.11770601322958789,0.037045911487788644,0.3007226423888662,0.3825894436638772,0.081866801275011,14.33050382558499,13.272056787522713,0,0,0,0,0,0,0,0,1,0,0,1
3998840,e49e7430-aecb-49a1-8517-a89706477778,2,89,15,Poland Women's,Oliwia Woś,Emilia Urszula Szymczak,32.2,23.6,24.8,48.4,25.880495,-6.251338616935399,0.1091760083013311,0.0054910063704702375,-0.10368500193086086,0.3116452272496105,0.06695482396387498,-0.24469040328573555,0.662425937706357,0.29468114786936794,-0.3677447898369891,6.787529565412,16.658611843581543,0,0,0,0,1,0,0,0,1,0,0,1
3998840,a46f0fbb-2f36-4547-a924-971d73e2b29b,2,89,20,Poland Women's,Emilia Urszula Szymczak,Sylwia Matysik,32,53.8,47.3,74.2,25.5,8.73289461878909,0.03250111098705855,0.08671380315234473,0.05421269216528617,0.17978582343648852,0.2641054254640988,0.0843196020276103,0.5120189591035826,0.5783144315718236,0.06629547246824097,11.317212731976417,7.4224761830983335,0,0,0,0,0,1,0,0,0,0,0,0
3998840,eea3d52b-74bf-410a-a91a-fbc8a3e1a20c,2,89,32,Germany Women's,Janina Minge,Rebecca Knaak,55.2,47.3,49.3,22,25.978838,-7.745505445233363,0.36166871405613654,0.004394282182401586,-0.357274431873735,0.7453390150215101,0.06770755317398888,-0.6776314618475212,1.3713717153600093,0.3373911126209867,-1.0339806027390226,3.622846941508189,18.607607112184834,0,0,1,0,1,0,0,0,1,0,0,1
3998840,0728df3f-cdf6-49a0-904b-571b897bef31,2,89,37,Germany Women's,Rebecca Knaak,Janina Minge,56.2,26.3,53.6,47,20.862646,-1.5136078721757116,0.10448138006634271,0.023394428232761243,-0.08108695183358147,0.3791265115933903,0.167162091570074,-0.21196442002331628,0.912817577383659,0.5853328264173798,-0.32748475096627916,7.821277694517736,12.545753943544781,0,0,0,0,1,0,0,0,1,0,0,1
3998840,841e20ba-1d16-4ce7-a549-3f813b0dcd69,2,89,40,Germany Women's,Janina Minge,Sydney Lohmann,55.7,52.9,66.7,48.6,11.810589,11.591896517839956,0.1438209981649149,0.30424016557587547,0.16041916741096057,0.39157500675026263,0.8974316985330907,0.505856691782828,0.8740925966528609,1.8134037021190366,0.9393111054661757,5.975291890118704,6.551791457977906,0,0,0,0,1,2,0,0,1,0,0,1
3998840,b1454b1a-58d0-4675-99bd-1d2399516cd6,2,89,42,Germany Women's,Sydney Lohmann,Carlotta Wamser,67.4,52.7,74.3,77.4,25.645662,-4.94148330317406,0.6343621472359018,0.022192161800917275,-0.6121699854349845,1.2854385487733584,0.14843008671620733,-1.137008462057151,2.1765259040379266,0.5253101431826122,-1.6512157608553144,3.830320215464777,12.034556797015982,0,0,2,0,2,0,0,0,1,0,0,1
3998840,870e3d54-6adc-4936-a18d-06b4fa3a0b1a,2,90,2,Germany Women's,Rebecca Knaak,Sarai Linder,72.3,17.9,69.5,7.7,10.577334,-7.375237994249304,0.7128070234208072,0.13292948309161123,-0.5798775403291959,1.1960061456603805,0.4306080703392378,-0.7653980753211427,1.800621384534884,0.9284316083122334,-0.8721897762226506,2.1521407227767133,8.101072745863936,1,0,1,0,2,0,1,0,1,0,0,1
3998840,d3a32986-70c9-4f0f-99c6-26d3fac323c8,2,90,4,Germany Women's,Sarai Linder,Ann-Katrin Berger,68.7,7.9,43.7,32.7,35.214203,-16.133130793279413,0.8662746452287652,0.0027026194349245754,-0.8635720257938406,1.1076285418099965,0.03496943756356268,-1.0726591042464337,1.457198690242136,0.17369596758135197,-1.283502722660784,0.6891336240545571,17.91681571467371,1,0,1,0,1,0,1,0,1,0,0,1
3998840,e0d427ec-e250-44da-a386-b574ca03646f,2,90,7,Germany Women's,Ann-Katrin Berger,Janina Minge,46.2,37.1,57.2,52.1,18.601076,9.90189399279938,0.005198135108610005,0.0048415955264645115,-0.0003565395821454936,0.05275203320379225,0.07715441168419636,0.024402378480404108,0.242042497289628,0.3869527438878724,0.14491024659824436,15.931795330853692,19.578022836943337,0,0,0,0,0,0,0,0,0,0,0,0
3998840,0bfe8145-c4e3-4130-91af-d87a2656dd60,2,90,14,Poland Women's,Adriana Achcińska,Emilia Urszula Szymczak,29.6,33.3,18.4,45.6,16.635204,-11.106268300876081,0.1266538625496458,0.06824090573487644,-0.058412956814769365,0.4639320224947195,0.32610923758661486,-0.13782278490810462,1.044297444646439,0.8606532847623064,-0.18364415988413263,8.323704606415284,9.102215727154988,0,0,0,0,0,0,0,0,0,0,0,0
3998840,6bb1e2dc-d359-4f04-98a7-547791764152,2,90,33,Poland Women's,Dominika Grabowska,Sylwia Matysik,22.5,61.2,19.2,55.6,6.5,-2.2217959672554315,0.2889012517725194,0.24323435227239293,-0.04566689950012648,0.6706685016859542,0.65848615414553,-0.012182347540424132,1.274466695830338,1.2652719609088248,-0.009194734921513126,4.195098768202266,5.915196630159869,0,0,1,0,1,2,0,0,0,0,0,0
3998840,72f5243b-4d5b-435c-a11f-ca1467c19fdf,2,90,35,Poland Women's,Sylwia Matysik,Dominika Grabowska,19.2,55.6,22,60.7,5.818075,1.8376817360939555,0.6570831182958984,0.9237196563393562,0.26663653804345777,1.1679107136737974,1.4131155110715587,0.24520479739776135,1.840299389910051,1.9949442178436503,0.15464482793359924,2.1313291954383597,1.879634096160601,1,1,1,2,2,2,0,1,0,0,0,0
3998840,2a0565f3-1e8c-43dc-8f79-52933340d233,2,90,35,Poland Women's,Dominika Grabowska,Sylwia Matysik,22,60.4,25.6,56.3,5.456189,4.303828629378302,0.9998200616337157,0.9138018964541164,-0.08601816517959937,1.5245163054375814,1.5288188189552556,0.004302513517674189,2.1395592968465866,2.260195504476643,0.12063620763005645,1.9457736450199605,2.5237295849128683,2,2,2,2,3,3,0,0,0,0,0,0
3998840,e4bce937-e3a6-4693-8d23-aa1d19b50546,2,90,52,Germany Women's,Sydney Lohmann,Laura Freigang,82,28.4,94.8,31.4,13.146863,13.104042222496158,0.6281497869021011,0.758178724514389,0.13002893761228784,1.3376562243292687,1.6666458905462955,0.32898966621702685,2.3213455014962414,3.0019478123929524,0.680602310896711,3.718186097158268,2.5252309278848544,0,1,2,1,3,3,0,0,0,0,0,0
3998840,13a97d34-8072-4622-bd45-5f43c30b3291,2,90,55,Poland Women's,Adriana Achcińska,Ewa Pajor,29.6,47.1,39.6,47.1,10,9.965501514922778,0.5044920004539623,0.4290377012564568,-0.07545429919750546,1.149124916593438,1.010496964506579,-0.13862795208685896,2.046551107854415,1.801294854628805,-0.24525625322561018,3.8898830103850295,4.432187529906191,0,0,1,1,2,2,0,0,0,0,0,0
3998840,79d19a63-8025-4874-a521-648dac528b7e,2,90,56,Poland Women's,Ewa Pajor,Klaudia Słowińska,41.4,47.1,43.2,36.1,11.146299,2.0210631270338837,0.4290379377151445,0.4643896665393883,0.03535172882424381,1.0104972391466676,1.0533468184852848,0.042849579338617216,1.80129511724376,1.859620206592741,0.05832508934898106,4.4321847360946,3.6634726397099144,0,0,1,1,2,2,0,0,0,0,0,0
3998840,bdeeedef-f84b-4f7e-83e6-1b35ee036ba3,2,92,8,Poland Women's,Ewa Pajor,Nadia Krezyman,65.4,56.3,67,76.3,20.063898,-7.2581809484112725,0.9220145722014199,0.00542938683858355,-0.9165851853628364,1.3193872864234688,0.06822834924563555,-1.2511589371778333,1.8122409684875296,0.2995520237613093,-1.5126889447262202,0.9311866410758901,17.55235013768424,1,0,1,0,2,0,1,0,1,0,0,1
3998840,3ebf5aa4-cc6d-452d-8e12-0a227c495228,2,92,15,Poland Women's,Nadia Krezyman,Ewa Pajor,86.1,72.4,102.5,74.2,16.498486,8.475862670794903,0.552375535793755,0.07503789325136093,-0.4773376425423941,0.9195561882608692,0.2758414621456661,-0.643714726115203,1.447072884161624,0.7222226144446299,-0.7248502697169942,2.147994163568039,8.027553349328562,1,0,1,0,1,0,0,0,1,0,0,1
3998840,7adc039a-642d-4539-bb1c-63da438fc55c,2,92,34,Germany Women's,Laura Freigang,Giovanna Hoffmann,81,60.8,94.8,59.3,13.881283,12.458386934498737,0.19201270118587077,0.3655041967069314,0.17349149552106063,0.532828527054723,0.8438149634366815,0.31098643638195855,1.0446370428754879,1.472698004226345,0.428060961350857,6.171478942719449,4.424228850106138,0,0,0,1,1,2,0,0,0,1,1,1
3998840,9a5954b0-5a91-4afc-90a4-e1af08dc3ee8,2,93,10,Germany Women's,Sjoeke Nüsken,Selina Cerci,22.5,41.4,38.6,19.4,27.261879,13.54386709463131,0.7979778941720391,0.44511937044892663,-0.3528585237231125,1.078948604672873,0.6866980027434348,-0.39225060192943806,1.5532102527801241,1.0632097002914926,-0.4900005524886315,0.8436660638483425,2.472331813724914,1,1,1,1,1,1,0,0,1,0,0,1
3998840,9baf4a3f-4ada-4c66-b4c7-f35c68da8d17,2,93,16,Germany Women's,Giovanna Hoffmann,Selina Cerci,44.9,26.3,44.9,8.9,17.4,-4.945434077421197,0.7484523905151393,0.07512111974978997,-0.6733312707653494,1.2129066326540943,0.32438092946236663,-0.8885257031917276,1.8205982889369614,0.7911264488983463,-1.0294718400386151,1.5898965122678472,9.695757074995242,1,0,1,0,2,0,1,0,1,0,0,1
3998840,5a7aaea3-b5dc-4e7e-ab40-7398de1bca47,2,93,18,Germany Women's,Selina Cerci,Sarai Linder,44.9,8.9,22.7,8.7,22.200901,-20.925661202436984,0.12976604050741977,0.01962150330156365,-0.11014453720585612,0.42734986920123286,0.10200483143623436,-0.3253450377649985,0.9148551173498938,0.2781562304318252,-0.6366988869180685,7.353431250548637,11.847832202069476,0,0,0,0,1,0,0,0,1,0,0,1
3998840,3a9ab34e-5cdb-4dd7-a1e1-68becff3c1ba,2,93,24,Germany Women's,Sarai Linder,Ann-Katrin Berger,18.6,10.5,6.6,36,28.182442,-7.866500262583784,0.04872137122168686,0.002681762874210154,-0.04603960834747671,0.18578039522225126,0.03305996263398991,-0.15272043258826135,0.4438403824558785,0.15397416898441263,-0.28986621347146585,9.176514513439113,17.878311270308757,0,0,0,0,0,0,0,0,1,0,0,1
3998840,dc27db25-4d52-463a-9000-33ecf7b23aaf,2,93,28,Germany Women's,Ann-Katrin Berger,Rebecca Knaak,8.9,36.3,17.8,24.5,14.780054,7.792885088746786,0.29974172472310384,0.1925374687379246,-0.10720425598517924,0.49723372532849625,0.4567601530204587,-0.04047357230803755,0.7153786807033821,0.8197550050378487,0.10437632433446664,3.6195504650714425,5.312913405923469,0,0,1,0,1,1,1,0,1,0,0,1
3998840,d75ac284-744e-464d-a37e-a6c5c8979b4f,2,93,32,Germany Women's,Ann-Katrin Berger,Rebecca Knaak,2.5,26.3,16.3,22.5,14.31363,13.12973537745944,0.3333725919896342,0.041492074050271416,-0.29188051793936276,0.6247699619536728,0.1629916348481944,-0.46177832710547845,0.931582787171725,0.39711664667813795,-0.5344661404935871,3.684845724786767,9.603818469294088,0,0,1,0,1,0,1,0,0,0,0,0
3998840,4567d183-ca79-4944-b25c-50b5c1bec28e,2,93,36,Germany Women's,Rebecca Knaak,Sydney Lohmann,26.8,26.1,30.4,36,10.53423,4.54159232265917,0.023557724831909762,0.010135432491164647,-0.013422292340745115,0.15255921461478364,0.11307508096823383,-0.039484133646549804,0.4750803006529725,0.4536402664643147,-0.02144003418865781,12.402219072038163,16.868028753445387,0,0,0,0,0,0,0,0,1,0,0,1
3998840,37334bf9-e761-4e52-9eda-2ce9b76f4f3d,2,93,44,Germany Women's,Sydney Lohmann,Carlotta Wamser,62.3,38.3,67.4,75.1,37.151714,-5.51079055673452,0.30062720446324187,0.0018230675849380796,-0.2988041368783038,0.7902423558761706,0.030596619650200423,-0.7596457362259702,1.5709398323344115,0.1850961257402678,-1.3858437065941436,4.769874656016229,19.245474956544754,0,0,1,0,1,0,0,0,1,0,0,1
3998840,5acd3630-1f90-4400-9ba9-661c33913b9e,2,93,48,Germany Women's,Laura Freigang,Carlotta Wamser,84.8,72.3,75.9,78.7,10.962208,-10.899084091551899,0.16595687192847036,0.007426930087947151,-0.15852994184052321,0.4223028984352349,0.062125241415415644,-0.36017765701981924,0.8888546220808744,0.26420174894785897,-0.6246528731330154,5.585460807950841,14.787309360953978,0,0,0,0,1,0,0,0,1,0,0,1
3998840,234eaaa0-deee-415c-8746-0161d04720f8,2,93,50,Germany Women's,Carlotta Wamser,Sydney Lohmann,75.9,78.7,75.9,58,20.7,11.040794606186573,0.028555048071580692,0.12455551050247621,0.09600046243089552,0.13438842046546134,0.42026581331168644,0.2858773928462251,0.4048970001824394,1.055187145128019,0.6502901449455796,10.72495743388319,6.654327637556932,0,0,0,0,0,1,0,0,1,0,0,1
3998840,21f6e602-4ec2-4de1-8c87-16453496e688,2,93,55,Germany Women's,Sydney Lohmann,Rebecca Knaak,75.4,50.1,61.1,37.6,18.993156,-13.219563893043372,0.5321171721383389,0.006731727051081224,-0.5253854450872576,1.0583091919818954,0.08294139298577823,-0.9753677989961173,1.8412213663125163,0.3995338090225289,-1.4416875572899874,3.8093999320762744,16.273996519237787,0,0,2,0,2,0,0,0,0,0,0,0
3998839,7872cc4a-47bd-49d2-954f-b710a9d337fe,1,0,3,Portugal Women's,Tatiana Vanessa Ferreira Pinto,Diana Catarina Ribeiro Gomes,40.4,42.1,27.9,59.3,21.262407,-14.472782026758878,0.08098959762100041,0.023946390156430453,-0.057043207464569964,0.3384659539937048,0.15366767546357202,-0.1847982785301328,0.8641091520991914,0.4994116719926181,-0.36469748010657327,9.533600554027615,11.892858273128901,0,0,0,0,0,0,0,0,0,0,0,0
3998839,1c4bc48e-a445-4385-85d8-435727647fc9,1,0,6,Portugal Women's,Diana Catarina Ribeiro Gomes,Diana Micaela Abreu de Sousa e Silva,28,59.2,54.8,69.2,28.604895,22.54208116738677,0.0771580989416416,0.4242971328508237,0.3471390339091821,0.34016462498933,0.9056162524342735,0.5654516274449435,0.8653828828145435,1.7162064155738521,0.8508235327593087,9.5041792601071,3.1209525420744857,0,0,0,1,0,1,0,0,0,0,0,0
3998839,32f22a7c-9aba-421f-aedf-c62ba5ff751f,1,0,7,Portugal Women's,Diana Micaela Abreu de Sousa e Silva,Beatriz Pina Fonseca,54.5,69.2,49.5,77.9,10.034441,-8.327668531445738,0.42521224627111814,0.3887681465216644,-0.03644409974945373,0.9123794631849899,0.8142828743074001,-0.09809658887758976,1.7335862396511563,1.4564786684094524,-0.27710757124170393,3.1209532853759954,3.5509610968684835,0,0,1,1,1,1,0,0,0,0,0,0
3998839,5298491f-f9f7-490e-bc6f-b7dddcb3dbe9,1,0,55,Spain Women's,Alexia Putellas Segura,Olga  Carmona García,37.8,4.3,30.4,1.6,7.877182,-7.86420776881279,0.46356036162523717,0.16139094524801637,-0.30216941637722083,0.8985008904560208,0.5111208966323837,-0.3873799938236371,1.5658825208949523,1.116077830814803,-0.44980469008014934,2.731804921127471,6.33938143366051,1,0,1,0,1,1,0,0,1,0,0,1
3998839,d710cc95-9f11-4c14-9f49-a866e6fceef0,1,0,57,Spain Women's,Olga  Carmona García,Adriana Nanclares Romero,28.9,3.3,10.3,29.5,32.13098,-11.98680011454313,0.43226384474437124,0.010869460987426442,-0.4213943837569448,0.8188407633950398,0.08068292624798148,-0.7381578371470583,1.4132938159488468,0.28567654629535655,-1.1276172696534903,2.851924555759949,13.798788931104795,1,0,1,0,1,0,0,0,1,0,0,1
3998839,4105279e-acd7-475a-a9e2-833975300bd2,1,1,1,Spain Women's,Adriana Nanclares Romero,María Méndez Fernández,13.7,33.9,25.4,58,26.789923,10.177631523076556,0.016204535941766244,0.0015411242148081817,-0.014663411726958063,0.08985743010844133,0.023033451293789912,-0.06682397881465141,0.2538893419722289,0.11328092164772222,-0.14060842032450668,12.40665247311507,19.54893757423493,0,0,0,0,0,0,0,0,1,0,0,1
3998839,31c91559-00f7-446e-af54-ceb7cfb73df7,1,1,5,Spain Women's,María Méndez Fernández,Ona Batlle Pascual,34.2,63,50.2,74.1,19.473314,11.144977456337472,0.008246278539498195,0.004480023815472693,-0.003766254724025502,0.06186511538696682,0.06314656559173706,0.0012814502047702458,0.21351329887539822,0.297595372677887,0.08408207380248878,14.467275934288411,18.31348145732865,0,0,0,0,0,0,0,0,1,0,0,1
3998839,2e272798-58a4-4152-a82b-f62edff54a8c,1,1,17,Spain Women's,María Méndez Fernández,Laia Aleixandri López,42.5,61.1,44,26.8,34.332783,3.1831822937487857,0.02080706086077887,0.023954879739329294,0.0031478188785504235,0.13043314940171008,0.14182618643444847,0.01139303703273839,0.4189573284554925,0.4724006456401675,0.05344331718467499,12.266062325853738,11.608414444096287,0,0,0,0,0,0,0,0,1,0,1,1
3998839,69b09a3e-e1ef-4d6e-8ec4-110c86108bd4,1,1,20,Spain Women's,Laia Aleixandri López,Olga  Carmona García,48.1,24.7,65.2,2.9,27.706497,7.33245021859571,0.02499580495594774,0.020260702258171174,-0.004735102697776567,0.15701724755146085,0.15890449016872749,0.0018872426172666379,0.5397054188370897,0.596593438550867,0.05688801971377733,11.818042998334851,13.75244998185857,0,0,0,0,0,0,0,0,1,0,1,1
3998839,3a663d99-1a07-4706-aee7-dced5254b00a,1,1,23,Spain Women's,Olga  Carmona García,Esther Gonzalez Rodríguez,76.2,3.5,105.7,35,43.156693,41.86589527935185,0.13686839288368755,0.9564934945651021,0.8196251016814146,0.4376464734653672,1.580683859577243,1.1430373861118759,1.024971365504348,2.4544390423358386,1.4294676768314907,6.835771758034665,1.2814816041701014,0,1,0,2,1,2,0,1,0,1,1,1
3998839,5c874cc4-8a63-4e74-828a-78bd1f14708f,1,2,52,Portugal Women's,Jéssica da Silva,Diana Micaela Abreu de Sousa e Silva,71.5,25.8,77.9,20.9,8.060397,4.305949963299106,0.802208383111032,1.2989127050473586,0.4967043219363265,1.5312755931140152,2.223776379117232,0.6925007860032166,2.5183841382490417,3.2116075919472356,0.6932234536981938,2.9551597110251486,2.0116763018675146,1,1,2,2,2,5,1,1,0,0,0,0
3998839,53989008-c2d4-4765-a505-7f1678a98e6c,1,3,28,Portugal Women's,Diana Micaela Abreu de Sousa e Silva,Carole da Silva Costa,94.7,4.7,68.7,21.2,30.793669,-11.206169373230786,1.224960252353973,0.016176515178512936,-1.2087837371754602,1.9049310892258977,0.12345350673160171,-1.781477582494296,2.780517167883131,0.45772640307299195,-2.322790764810139,1.2570572364358823,13.103574346835618,2,0,2,0,2,0,0,0,1,0,0,1
3998839,a716a24a-4eb3-466a-9a2b-b3b682419859,1,3,32,Portugal Women's,Carole da Silva Costa,Diana Catarina Ribeiro Gomes,63.3,24.1,56.3,45.6,22.610838,-5.05849980429813,0.16849738944872153,0.026613461235188922,-0.1418839282135326,0.38630955030962955,0.14055724928270283,-0.24575230102692672,0.7576053742472582,0.45921267252338005,-0.2983927017238781,5.396777923613183,11.002035220763384,0,0,0,0,1,0,0,0,1,0,0,1
3998839,98a55735-c323-4c4c-b10f-cf91ed863860,1,3,52,Spain Women's,Laia Aleixandri López,Olga  Carmona García,37.1,21.6,58.2,5,26.84716,13.894617247659113,0.04754850641282602,0.04617377226364691,-0.001374734149179109,0.22895097576991444,0.24940149761877783,0.020450521848863396,0.6234991702293639,0.7384028180967337,0.11490364786736984,9.99134137762377,10.710773669227725,0,0,0,0,0,0,0,0,1,0,0,1
3998839,20d0e907-4e7e-4607-8f4c-34320cc737e0,1,3,56,Spain Women's,Olga  Carmona García,Alexia Putellas Segura,64.6,3.8,65.8,11.1,7.3979726,4.755016679240143,0.11958770517256688,0.7600247449821738,0.6404370398096069,0.4482854135154922,1.3173651897414211,0.8690797762259289,1.092204183669221,2.1063863888197343,1.0141822051505134,7.544172780223229,2.866324877837597,0,1,0,2,1,2,0,0,0,0,0,0
3998839,597c7a3c-2437-4063-adaa-75ea7d55583e,1,3,57,Spain Women's,Alexia Putellas Segura,Olga  Carmona García,65.8,11.1,65.4,3.7,7.410803,-4.142086295437622,0.8591535705253818,0.22038836142445672,-0.638765209100925,1.405867449068539,0.6362319595813948,-0.7696354894871442,2.1537963740281496,1.3153029328835264,-0.8384934411446232,2.4128114986251012,5.780398815476069,2,0,2,0,2,1,0,0,0,0,0,0
3998839,5c792c31-61d1-4f90-810d-2f070b6f3bf1,1,3,58,Spain Women's,Olga  Carmona García,Claudia Pina Medina,67.9,2.4,72.9,1.8,5.0358715,3.60720541265632,0.5086753887983576,0.9381418894608984,0.4294665006625408,0.9325395881712953,1.1865248032387883,0.25398521506749294,1.5696539731651729,1.5838072716933458,0.01415329852817293,2.5763817034468484,0.49299610146600215,1,1,1,1,1,2,0,1,0,0,0,0
3998839,2464c5f0-d54e-424e-9183-c4cf4e913e0c,1,4,8,Spain Women's,Claudia Pina Medina,Olga  Carmona García,77.8,2.4,71.2,4.3,6.868042,-3.9434943457860783,0.7501703976582069,0.35876051595190206,-0.39140988170630486,1.2742162590607307,0.9446980772489603,-0.3295181818117704,1.9919254049624984,1.8126245927500553,-0.1793008122124431,2.3375823744163293,5.434504166623645,1,0,2,0,2,2,0,0,1,0,0,1
3998839,bfc4275e-ab21-44f5-8543-271ff3a4944c,1,4,11,Spain Women's,Olga  Carmona García,Claudia Pina Medina,83.8,8.2,91.1,2.2,9.449339,0.6017802851509799,0.8424727013199217,0.12161073728319677,-0.7208619640367249,1.5729944749011087,0.47784149959326777,-1.0951529753078408,2.5069425670822154,1.140238743478776,-1.3667038236034394,2.6556224398851502,8.838236640450333,1,0,2,0,3,0,0,0,0,0,0,0
3998839,a6dd39a7-ec3b-4863-b588-a9a5b9b4e3fa,1,4,14,Spain Women's,Claudia Pina Medina,Alexia Putellas Segura,91.1,3.9,85.3,21.3,18.341211,6.825037346899862,0.5118389263977126,0.25930822663913355,-0.252530699758579,0.9958819273823167,0.8414499098512196,-0.15443201753109714,1.7019451213936343,1.8330116590840042,0.1310665376903699,2.9019149885949838,5.735858742004361,1,0,1,0,2,1,0,0,0,0,0,0
3998839,b8f195e1-f9b3-4dc6-b01d-7a2c9f60b146,1,4,31,Spain Women's,Patricia Guijarro Gutiérrez,Claudia Pina Medina,78.2,6.8,91.5,13.6,14.937536,14.531968695193363,0.40638364143942424,0.46920993153310764,0.0628262900936834,0.9645798908616863,1.1852686732684183,0.22068878240673206,1.7434568314250525,2.119914069248131,0.3764572378230784,4.861931378478423,5.554043566856824,0,0,1,0,3,3,0,0,0,0,0,0
3998839,fee9b91d-36dc-4a2b-9b5c-a386f83c7776,1,5,21,Spain Women's,María Méndez Fernández,Adriana Nanclares Romero,14.5,64.4,14.8,43.3,21.102133,3.0331099914420747,0.0015171676643501487,0.000275889481415365,-0.0012412781829347838,0.02404297069250289,0.00889682376969693,-0.01514614692280596,0.13244916194926382,0.06967655944409781,-0.062772602505166,19.619439573012606,24.857507524718116,0,0,0,0,0,0,0,0,1,0,0,1
3998839,486051e0-9936-49d2-b4cd-23241feffece,1,5,24,Spain Women's,Adriana Nanclares Romero,Laia Aleixandri López,19.6,41,34.9,22.5,24.007082,13.52425712308667,0.0008183308366012453,0.002748016188665916,0.0019296853520646708,0.016212288813132088,0.04236220776527948,0.02614991895214739,0.09787793141832929,0.21089671324750447,0.11301878182917519,21.457131472016556,19.163535134418478,0,0,0,0,0,0,0,0,1,0,0,1
3998839,0cd1b3b9-1938-482f-832d-9dd101b9098f,1,5,28,Spain Women's,Laia Aleixandri López,Olga  Carmona García,46.5,16.1,66.1,2,24.144772,11.339621549968811,0.02005329848083867,0.10670967644607102,0.08665637796523235,0.15487887178186074,0.34533761784808015,0.1904587460662194,0.5491129492683613,0.839942829862336,0.29082988059397474,13.828077251784228,6.970891144844958,0,0,0,0,0,1,0,0,1,0,0,1
3998839,0a5174e7-384d-49e8-9ff5-6a74c08519da,1,5,40,Portugal Women's,Diana Catarina Ribeiro Gomes,Inês Teixeira Pereira,40.6,78.1,14.8,59.6,31.747284,-18.9422947775994,0.4577415227083924,0.14193933810356496,-0.31580218460482745,0.7391106573354648,0.32789954786843434,-0.41121110946703043,1.1714152554271016,0.6053957711986598,-0.5660194842284417,2.499317580299723,5.873511184041674,1,0,1,0,1,1,1,1,0,0,0,0
3998839,c83d56c9-3f7a-4f64-986f-4d87ae7a145e,1,5,52,Spain Women's,Claudia Pina Medina,Laia Aleixandri López,65.6,7.6,55,3.7,11.294689,-11.131632371692106,0.8792493949563696,0.031131882350021407,-0.8481175126063482,1.5374843615874956,0.20663646711362588,-1.3308478944738698,2.3577890987828174,0.6486871995688271,-1.7091018992139904,1.8415739835394827,12.802232979377296,1,0,1,0,3,0,0,0,1,0,0,1
3998839,a680f673-182a-4814-a0da-e7bdfe618de3,1,5,54,Spain Women's,Laia Aleixandri López,María Méndez Fernández,51.2,6.6,49.4,48.9,42.33828,5.319989069928042,0.05422762096394026,0.006652455471871265,-0.04757516549206899,0.2838222081480931,0.05868656982055619,-0.2251356383275369,0.7847959184002883,0.237225133656044,-0.5475707847442443,10.719067492834961,15.163449159397054,0,0,0,0,0,0,0,0,1,0,0,1
3998839,9150066a-d752-420f-8cb7-a43b5bd0b607,1,5,58,Spain Women's,María Méndez Fernández,Ona Batlle Pascual,49.7,48.9,68.8,56.2,20.447495,17.15936274177858,0.00820351469511505,0.06405459169106642,0.05585107699595137,0.06553635917445536,0.3248636840343319,0.25932732485987653,0.2504655174178229,0.9530526782927927,0.7025871608749699,14.51424574223513,9.284692754172458,0,0,0,0,0,0,0,0,1,0,0,1
3998839,a321c3c4-7be2-446c-b1bb-3760e8d1b863,1,6,1,Spain Women's,Ona Batlle Pascual,María Francesca Caldentey Oliver,72.3,68.3,77.9,76.8,10.1789,-0.45313432538532794,0.6795283179383064,0.20346265016329895,-0.4760656677750074,1.0758555286327438,0.5535473148389747,-0.5223082137937691,1.755374697887256,1.093616897700939,-0.6617578001863169,1.4739649601483324,6.73757263711639,1,0,1,0,1,2,0,0,1,0,0,1
3998839,81145e6b-6587-4071-986d-2f9114ab5186,1,6,5,Spain Women's,María Francesca Caldentey Oliver,Laia Aleixandri López,70.8,65.6,62.8,39.9,26.916351,-1.7383889170724345,0.6948895468455619,0.02521545991277999,-0.669674086932782,1.2608569604486546,0.21022108716034296,-1.0506358732883117,2.152849950077334,0.7820902849836081,-1.370759665093726,1.7448032180922324,12.65461794758648,1,0,1,0,1,0,0,0,1,0,0,1
3998839,b5eec27b-b5f0-4470-bc52-bdcd9c893003,1,6,9,Spain Women's,Laia Aleixandri López,Olga  Carmona García,72.3,30.3,84.7,8,25.515682,1.0308161060523489,0.32846558908667245,0.04874923551664344,-0.279716353570029,0.8979514295052624,0.27109475008596123,-0.6268566794193011,1.8495476599846374,0.8128240185666739,-1.0367236414179635,5.5426126897836605,10.592848497347047,0,0,0,0,2,0,0,0,1,0,0,1
3998839,24e035fc-3185-4d74-bb7d-f27723bfc72a,1,6,13,Spain Women's,Olga  Carmona García,Claudia Pina Medina,87.4,5,111.3,17.3,26.87936,23.52045396681244,0.3462620000464035,0.16742450205983167,-0.17883749798657184,0.7516557929187848,0.5518657313102382,-0.19979006160854662,1.3964052060685512,1.3039392295689727,-0.09246597649957855,3.9769512406554743,6.278174667602136,0,0,1,0,2,1,0,0,1,0,0,1
3998839,934fbd48-5c3c-4ea9-a296-c78808f7a1d3,1,6,19,Spain Women's,Ona Batlle Pascual,Victoria López,100.1,46.3,101.6,40.2,6.2817197,2.472341160110556,0.8436834772799319,1.0556883660316683,0.2120048887517364,1.4012282832805147,2.0628910229020145,0.6616627396214998,2.3547819530795553,3.4132788156176916,1.0584968625381364,1.0297331041608935,1.4067636772724816,1,1,1,1,1,3,1,0,1,0,0,1
3998839,239a9191-a962-4234-bdab-ee3407aa10ba,1,6,24,Spain Women's,Victoria López,Olga  Carmona García,90.6,37.5,90.3,20.9,16.60271,-5.805370159934892,0.663007084309491,0.11767599408191555,-0.5453310902275754,1.5318748916602016,0.48095683062678946,-1.0509180610334121,2.7698110056563863,1.2269877502084627,-1.5428232554479235,2.7775284281447425,8.003570336904069,1,0,1,0,2,0,0,0,1,0,0,1
3998839,41963beb-3630-4900-849f-9cefd2e02470,1,6,26,Spain Women's,Olga  Carmona García,Victoria López,89.5,21.2,88.2,27.6,6.530697,1.6965235132824787,0.3499553053434118,0.571596803352717,0.22164149800930522,0.8314097305033527,1.2047537034362703,0.37334397293291766,1.6455151841818416,2.1856535349098714,0.5401383507280297,3.934787165693519,2.9746881308552204,0,1,1,1,1,2,0,0,1,0,0,1
3998839,0ac04a56-57d1-49f6-b4c1-d71bba6ae5fc,1,6,28,Spain Women's,Victoria López,Claudia Pina Medina,87.8,26.6,93.3,21.9,7.2346387,2.620144237510452,0.9986316623211331,0.8057797738175329,-0.19285188850360024,1.6090943739447154,1.4327350057230115,-0.17635936822170395,2.4952553665928994,2.2773628474918297,-0.21789251910106966,1.457555245123215,1.8951616681742194,1,1,2,1,2,3,1,0,1,0,0,1
3998839,21d796d8-9536-4b8c-b659-474bfbc54c0d,1,6,30,Spain Women's,Claudia Pina Medina,Victoria López,93.4,21.9,92.5,27,5.178803,1.7561355242542476,1.8171819513311656,1.3648994270355794,-0.45228252429558613,2.6484467105080434,2.463476825748607,-0.18496988475943654,3.6387749715770177,3.7129386069445687,0.074163635367551,0.8586719258143941,2.352364680489608,2,1,3,3,5,4,0,0,1,0,0,1
3998839,a3b8771e-fe73-49f6-b3fe-a2d9da019ea2,1,6,36,Spain Women's,Olga  Carmona García,Alexia Putellas Segura,83.2,16.1,83.5,22.9,6.8066144,3.5728785233321787,0.2800829493972754,0.3793352992000401,0.0992523498027647,0.6786634839670719,0.9862266822936719,0.30756319832660006,1.4532381434645314,2.006009060238307,0.5527709167737755,4.132707582454669,3.9114059823595597,0,0,1,1,1,1,0,0,1,0,0,1
3998839,75614976-626f-4e7c-b163-1a5bb8c85f54,1,6,37,Spain Women's,Alexia Putellas Segura,Olga  Carmona García,83.2,23.9,99.2,3.3,26.083712,-2.01670266541484,0.6699077165258405,0.09022360562512399,-0.5796841109007165,1.3313938131025014,0.2762792602203163,-1.055114552882185,2.3431789342635376,0.6526908803703685,-1.6904880538931693,2.4030774552616325,7.316062920554374,1,0,1,0,2,1,1,0,1,0,0,1
3998839,5f96de05-f9b7-4a37-b611-63ddde775e03,1,6,42,Spain Women's,Olga  Carmona García,Alexia Putellas Segura,99,3.3,92.2,5.7,7.2111025,-1.8677691253995192,0.34580784551156907,0.059444045931613496,-0.28636379957995556,0.602852818396677,0.268454108300715,-0.33439871009596206,0.9749346127764471,0.7232888066801171,-0.25164580609633,3.3019949493140834,10.56922371276071,0,0,1,0,1,0,0,0,1,0,0,1
3998839,e2023d74-6118-4980-9e45-9ce8d288062b,1,6,48,Spain Women's,Victoria López,Ona Batlle Pascual,96.2,33.2,92.2,48.6,15.911002,-4.3474545546331385,1.0163959669690232,0.14865390115212573,-0.8677420658168975,1.7932442133362907,0.6279695868485973,-1.1652746264876934,2.862948240577197,1.5430327886124717,-1.3199154519647254,2.2851218678763345,8.147039042035018,2,0,2,0,2,0,1,0,0,1,1,1
3998839,5780cf55-af9b-4aeb-82d9-db8ac771a048,1,6,50,Spain Women's,Ona Batlle Pascual,María Francesca Caldentey Oliver,92.7,49.8,108.6,57,17.454226,8.537176693939752,0.3778623842552099,0.3266666612003998,-0.05119572305481013,0.9889243690411675,0.8251890887711029,-0.16373528027006468,1.8775232303551301,1.6115666084298266,-0.26595662192530356,4.934662410520897,4.438448626685688,0,0,1,1,2,1,0,0,0,1,1,1
3998839,e1707316-2467-4bc5-9f91-f82a3ee20161,1,6,52,Spain Women's,María Francesca Caldentey Oliver,Victoria López,108.9,57,115,39.7,18.343937,15.293963535337351,0.43608928513504897,1.3402338257425859,0.9041445406075369,0.9638458506972377,2.247567634264457,1.2837217835672194,1.7836109010412815,3.296210740212585,1.5125998391713034,3.3182469579751275,1.4368193261915245,0,1,1,3,1,4,0,1,0,1,1,1
3998839,07252eef-9401-404d-88f4-1ef86a99dad6,1,8,43,Portugal Women's,Andreia de Jesus Jacinto,Carole da Silva Costa,49.1,46.2,31.3,45.8,17.804493,-17.718855932563798,0.1712162408417172,0.0074232980418630495,-0.16379294279985412,0.5687298560037687,0.07617811405843941,-0.49255174194532925,1.340338073767442,0.35026530432934744,-0.9900727694380945,6.176707863905939,15.266237661225562,0,0,0,0,1,0,0,0,1,0,0,1
3998839,b6863d31-8365-432f-acc4-cad0d1f59fd8,1,8,45,Portugal Women's,Carole da Silva Costa,Fátima Alexandra Figueira Pinto,31.1,45.8,28.2,23.6,22.388613,-4.164417724538055,0.030036322569388922,0.009389587603187172,-0.02064673496620175,0.1564114314529864,0.09357571771745214,-0.06283571373553425,0.49398568685289346,0.3747725643652167,-0.11921312248767674,10.749606811487848,16.014369375354658,0,0,0,0,0,0,0,0,1,0,0,1
3998839,542f1532-c67f-437b-9dd7-d6e10d1a6b95,1,8,54,Portugal Women's,Tatiana Vanessa Ferreira Pinto,Diana Micaela Abreu de Sousa e Silva,57.8,21.2,70.1,30.1,15.182226,14.10648761668002,0.8644050299828554,0.6235978381812315,-0.2408071918016239,1.5567345635026997,1.4822754184585891,-0.07445914504411055,2.5536752489985495,2.708101834687773,0.15442658568922374,1.7247008882546182,3.769776560996187,1,0,2,1,2,3,1,0,0,0,0,0
3998839,81d63b9e-75c7-4228-b944-ce335e466ca4,1,9,5,Spain Women's,Adriana Nanclares Romero,María Méndez Fernández,14.8,42.5,28.5,53.3,17.445057,12.768141550247336,0.0001469256237446037,0.0005421995678524192,0.0003952739441078155,0.005014856680767262,0.010977299165979398,0.005962442485212136,0.036531001506306504,0.059608705107702636,0.023077703601396132,26.476752180444056,22.559629253778542,0,0,0,0,0,0,0,0,1,0,0,1
3998839,7e0ed2b1-f089-45ab-83f9-5cf66eb4de80,1,9,14,Spain Women's,Laia Aleixandri López,Claudia Pina Medina,37,19.2,56.6,13.2,20.497805,16.73490350868404,0.008744162231367782,0.0570636703604804,0.04831950812911262,0.07774563313033794,0.3114440539867759,0.23369842085643794,0.31624198735516174,0.9121934406181786,0.5959514532630169,14.764405522802512,11.08389389298529,0,0,0,0,0,0,0,0,1,0,0,1
3998839,f584477e-23a9-40f1-a5b2-2946f3ac1312,1,9,17,Spain Women's,Claudia Pina Medina,Olga  Carmona García,61.1,13.2,91.5,3.3,31.971394,18.24396208637232,0.308935697101283,0.15403563001559628,-0.1549000670856867,0.800541901359126,0.4154518132200332,-0.38509008813909273,1.6329460102202071,0.9175941989669599,-0.7153518112532472,4.343607590577773,5.814312107629443,0,0,1,0,1,1,0,0,0,0,0,0
3998839,d7a92a0e-181c-4114-a11f-fa8d6344c16b,1,9,47,Portugal Women's,Inês Teixeira Pereira,Beatriz Pina Fonseca,8,42.5,28.6,78.3,41.303753,12.927696494948734,0.15395470893220045,0.01628931223608173,-0.1376653966961187,0.4140186001787073,0.12036894708071863,-0.2936496530979886,0.8478886043731229,0.4139392884991371,-0.4339493158739858,5.898767760879441,13.193721218401322,0,0,0,0,1,0,0,0,1,0,0,1
3998839,99cd9b8b-4ad6-4a3c-aa94-7cc557226d52,1,9,51,Portugal Women's,Beatriz Pina Fonseca,Andreia de Jesus Jacinto,29.2,76.4,28.6,58.4,18.009996,4.590647451588708,0.23701791293018787,0.48313292816098063,0.24611501523079277,0.5925318143218712,0.9737293525338032,0.38119753821193203,1.1256930345082319,1.7217772178908548,0.5960841833826229,5.097180129297199,2.7747687198977338,0,1,0,1,1,1,0,1,1,0,0,1
3998839,a6177d0f-eaed-4211-9044-d81d8c842d05,1,9,53,Portugal Women's,Andreia de Jesus Jacinto,Diana Catarina Ribeiro Gomes,27.6,60.6,15.1,61.3,12.519585,-12.372172324193926,0.6984428125427322,0.2559507532864391,-0.4424920592562931,1.2680275308891689,0.6511316142203737,-0.6168959166687952,2.0088907887812932,1.2676983524734007,-0.7411924363078926,2.4473614504759906,4.746161614019838,1,0,2,1,2,1,0,0,1,0,0,1
3998839,6b1ddf0b-31bc-435a-ad58-5df6da101d7c,1,9,54,Portugal Women's,Diana Catarina Ribeiro Gomes,Beatriz Pina Fonseca,13.5,61.3,19.1,73.9,13.788401,2.166548966225932,0.48567183220552096,1.0366609450288164,0.5509891128232955,0.8939204647091129,1.449469160238654,0.5555486955295411,1.4890287364963979,1.9587286995894424,0.4696999630930445,2.553563013537956,0.699930085550206,1,1,1,1,1,2,1,1,0,0,0,0
3998839,db02770e-a1e3-46f3-8196-deebef254a8c,1,10,3,Spain Women's,Victoria López,María Francesca Caldentey Oliver,90.3,28.7,91.1,45.9,17.218596,2.280934296063357,1.150873403540754,0.9672298447263165,-0.1836435588144375,2.004817876630181,1.534022127598106,-0.4707957490320749,3.1636886952240673,2.3849307994334645,-0.7787578957906027,0.8732326484694592,1.0654967391126644,1,1,1,2,3,2,0,1,0,0,0,0
3998839,f9f5466d-4a54-4a54-a2f6-c1850e613773,1,10,16,Spain Women's,Ona Batlle Pascual,María Méndez Fernández,64.4,74.8,54.6,70.4,10.742439,-6.527494963048284,0.03140135619584952,0.012847312064725263,-0.01855404413112426,0.20057928536335748,0.11751226393505833,-0.08306702142829915,0.6730402143287855,0.4419752685591144,-0.23106494576967107,11.203080718151085,15.192366774473475,0,0,0,0,0,0,0,0,1,0,0,1
3998839,f94533e4-b46e-450c-84a8-ec024a1e3e4b,1,10,18,Spain Women's,María Méndez Fernández,Laia Aleixandri López,56.8,62.5,47.3,31.1,32.80564,-6.157055611255544,0.030499585733621305,0.012481252514845251,-0.018018333218776054,0.19812564225006116,0.08493888204238796,-0.1131867602076732,0.6174391296530427,0.31136229591068854,-0.30607683374235417,12.863172041477235,13.25581366005456,0,0,0,0,0,0,0,0,1,0,0,1
3998839,3462f7fe-2b6d-4b4c-821b-0daea153134c,1,10,21,Spain Women's,Laia Aleixandri López,María Méndez Fernández,47.7,30.8,50,51.4,20.728,1.960777505490654,0.014237528487094876,0.014349773970316483,0.00011224548322160723,0.09535078339208351,0.11461560137297006,0.019264817980886542,0.34299291875824517,0.42068668988913765,0.07769377113089249,12.930790771291415,13.832247986983264,0,0,0,0,0,0,0,0,1,0,0,1
3998839,58f8ef5d-9a07-45d9-b22d-9776509d67d3,1,10,24,Spain Women's,María Méndez Fernández,Ona Batlle Pascual,50.8,53.5,64.5,70.6,21.911184,7.1278081153861805,0.014417153586407102,0.1453978879920357,0.1309807344056286,0.11755574424340122,0.3506883498468287,0.23313260560342747,0.43360129723391877,0.712449480925318,0.27884818369139924,13.85901415389001,5.82527469971688,0,0,0,0,0,1,0,0,0,0,0,0
3998839,c2fc84cf-ed74-40b8-8a6e-4367f7606c28,1,10,27,Spain Women's,Ona Batlle Pascual,María Francesca Caldentey Oliver,64.9,70.6,76.4,75.9,12.662543,6.548691523619503,0.505147911397476,0.6672816434292628,0.16213373203178683,0.7557569187733764,1.012052979494201,0.25629606072082467,1.1957524447061707,1.5887882370249606,0.39303579231878993,2.102658676884984,1.4609149502641612,1,1,1,1,1,1,0,1,0,0,0,0
3998839,84196beb-46fc-4d88-b8f2-fa3542e828a8,1,10,28,Spain Women's,María Francesca Caldentey Oliver,Victoria López,76.2,75.6,73.3,67.5,8.603488,2.247504234609025,0.66728220663861,0.9323009605672623,0.26501875392865226,1.0120532494099008,1.5210894967327302,0.5090362473228294,1.588788249117108,2.323953121486437,0.7351648723693289,1.4609118339372298,1.3895815678788617,1,1,1,1,1,3,1,0,0,0,0,0
3998839,07b81259-3e48-4d61-86c2-2e18517c9f69,1,10,30,Portugal Women's,Catarina Amado,Tatiana Vanessa Ferreira Pinto,43.9,5.8,43.9,15.7,9.9,3.5461654778623313,0.626622964504695,0.5387066240365201,-0.08791634046817487,1.1889674365908953,1.1477579840552323,-0.041209452535662994,1.8600748147473838,1.9310437291631781,0.07096891441579434,3.6780637209487734,3.1357865001391225,0,0,2,1,2,2,0,0,1,0,0,1
3998839,066abf38-ae7b-4333-9f67-79b6c43954d3,1,10,32,Portugal Women's,Tatiana Vanessa Ferreira Pinto,Andreia de Jesus Jacinto,43.9,16.9,44.3,28.7,11.806778,2.9899885879456605,0.6099724653474294,0.19991675575830736,-0.4100557095891221,1.1807066164765807,0.7320113320497766,-0.44869528442680406,2.0034700899749893,1.7192366681137856,-0.2842334218612037,2.2518239803826425,7.74506875510856,1,0,1,0,1,2,1,0,1,0,0,1
3998839,a209407c-e546-4410-bf59-3983d56e297c,1,10,34,Portugal Women's,Andreia de Jesus Jacinto,Diana Micaela Abreu de Sousa e Silva,47.6,29.5,54.8,41.1,13.652839,7.948154497571281,0.37208618856948295,0.37329078597763155,0.0012045974081486,1.0082670784439487,1.0608818771410324,0.05261479869708374,2.0480765758813537,2.1379574614435644,0.08988088556221063,4.867680679484445,4.9808673203991525,0,0,1,1,2,2,0,0,1,0,0,1
3998839,883c4ad0-dcd9-4e0e-a9f3-54648bd9bc25,1,10,37,Portugal Women's,Diana Micaela Abreu de Sousa e Silva,Beatriz Pina Fonseca,49.7,53.9,57.3,75.1,22.521101,-0.19509868384449192,0.15800433342535644,0.16445765774925314,0.0064533243238966975,0.6278028356777172,0.5045521702646242,-0.12325066541309304,1.5217624738995192,1.1179014958052396,-0.4038609780942797,8.144115941050263,6.275123523157626,0,0,0,0,0,1,0,0,1,0,0,1
3998839,34bd6ece-2b0b-4aeb-ab3a-1b6c0dbb2e43,1,10,40,Portugal Women's,Beatriz Pina Fonseca,Diana Catarina Ribeiro Gomes,55.2,76,41,74.8,14.250614,-12.196662086893937,0.5237165176960702,0.11900029979891225,-0.40471621789715795,0.8569483778760694,0.4062949893955899,-0.4506533884804795,1.4613685148608626,0.9656151234185315,-0.4957533914423311,2.092997007513106,7.24403861226292,1,0,1,0,1,1,1,0,1,0,0,1
3998839,21e38c7c-eeb1-4d15-9110-7d69cfa5a0d7,1,10,47,Portugal Women's,Diana Micaela Abreu de Sousa e Silva,Carole da Silva Costa,43.1,67.9,28.6,55.4,19.14419,-10.883527250903768,0.604717461793581,0.00610375380150548,-0.5986137079920755,1.1306266343073996,0.07176638005424654,-1.058860254253153,1.9658868418570477,0.3689681774975127,-1.596918664359535,2.229648698833879,15.76133440577371,1,0,1,0,2,0,1,0,1,0,0,1
3998839,b09f460f-9c11-4a8c-b34c-3f1d17516dc3,1,10,54,Portugal Women's,Fátima Alexandra Figueira Pinto,Catarina Amado,41.8,22.7,59.4,3.9,25.75267,9.55304060977005,0.09088990572396298,0.05698866583621394,-0.03390123988774904,0.36701719222713414,0.2722992312204611,-0.09471796100667301,0.9375805138049713,0.7571051032732433,-0.180475410531728,8.63969862488054,10.285653054308533,0,0,0,0,0,0,0,0,0,0,0,0
3998839,3957974b-12d7-4932-9f9e-ef92bcafb6d0,1,11,2,Spain Women's,María Méndez Fernández,Adriana Nanclares Romero,7.6,56.1,5,38.8,17.494286,-1.4590458499920231,0.6892081123257934,0.025618377818694745,-0.6635897345070987,0.8667271901406531,0.14757800804370902,-0.7191491820969441,1.0911434838596232,0.4149441552278599,-0.6761993286317634,1.1697474724811743,12.139731853226625,1,0,1,0,1,0,0,0,1,0,0,1
3998839,55653a85-4764-41cf-905f-c47ad923406c,1,11,25,Portugal Women's,Jéssica da Silva,Diana Micaela Abreu de Sousa e Silva,67.9,54.5,63.1,48.3,7.8409185,-3.422048132451472,0.8752159832699146,0.7730760818958367,-0.10213990137407791,1.470550685293777,1.4959839166252915,0.025433231331514428,2.259689039228664,2.420998433854094,0.16130939462542981,2.1405364279802597,2.427764925661009,1,1,2,1,2,4,1,1,1,0,0,1
3998839,f6a37454-5816-45ff-a4b3-f118e4d275df,1,11,27,Portugal Women's,Diana Micaela Abreu de Sousa e Silva,Tatiana Vanessa Ferreira Pinto,64.1,47.7,56.9,45.9,7.4215903,-6.947401741787857,1.1572568404115826,0.21952318664127965,-0.9377336537703029,1.844015144950537,0.777133091891563,-1.0668820530589742,2.7521684732255185,1.7452351938438964,-1.0069332793816221,0.9146573007607595,7.4634665726823695,1,0,2,0,2,2,1,0,1,0,0,1
3998839,502d0e90-ce85-4989-84ea-b9e27428a9e4,1,11,31,Portugal Women's,Tatiana Vanessa Ferreira Pinto,Fátima Alexandra Figueira Pinto,63.3,35.1,48.2,22.9,19.412624,-16.89686282901622,0.7004655246988264,0.04894364890076319,-0.6515218757980632,1.4997973936581297,0.2526413553708406,-1.247156038287289,2.642767868089279,0.7719650227302396,-1.8708028453590395,3.1785874266836145,9.78817267804594,0,0,2,0,2,0,0,0,0,0,0,0
3998839,212e0fdf-5088-4962-8dd4-bb28e3408218,1,11,40,Spain Women's,Esther Gonzalez Rodríguez,Ona Batlle Pascual,57.6,66.5,49,66.7,8.602325,-8.060521224493954,1.6855785475901595,0.2776355923223636,-1.4079429552677958,2.2828052401671983,0.7892115063377718,-1.4935937338294265,3.0072378767550867,1.6549560654618272,-1.3522818112932595,0.7908189347069509,5.544189126737375,3,0,3,0,3,2,1,0,1,0,0,1
3998839,def68ca1-56c8-46ea-90c8-bb6c3a3b4423,1,11,42,Spain Women's,Ona Batlle Pascual,María Francesca Caldentey Oliver,49,67.1,48.5,73.1,6.0207973,-2.793855659540611,0.2776355856482247,0.1994315773194942,-0.0782040083287305,0.7892115110547467,0.6073692099711667,-0.18184230108358002,1.6549561075990193,1.3162433579015993,-0.33871274969742005,5.544189136389236,6.161056423556586,0,0,0,0,2,1,0,0,1,0,0,1
3998839,3047b74d-02a3-454e-b198-a41897890b1a,1,11,43,Spain Women's,María Francesca Caldentey Oliver,Patricia Guijarro Gutiérrez,48.5,73.1,48.5,62.8,10.3,3.74272219967132,0.2501481714683432,0.14951754865562447,-0.1006306228127187,0.6907437014638329,0.6376078016144092,-0.053135899849423684,1.4435704036797146,1.5993600746680368,0.1557896709883222,5.202675501836841,7.7127587085489635,0,0,0,0,1,1,0,0,1,0,0,1
3998839,bf0d49e0-c865-4657-8341-d471b0c8f5f8,1,11,52,Portugal Women's,Diana Catarina Ribeiro Gomes,Inês Teixeira Pereira,29.5,49.3,8.6,38.4,23.571592,-20.434899137619823,0.46888175676314175,0.025085518421814574,-0.4437962383413272,0.8686206947621326,0.12410044578195224,-0.7445202489801803,1.3756195115869334,0.3645537032957652,-1.011065808291168,3.2360676576056395,11.11437954393869,0,0,1,0,2,0,0,1,0,0,0,0
3998839,aaccf93a-34db-4ac4-84dc-0dd378007d29,1,12,5,Spain Women's,Ona Batlle Pascual,María Francesca Caldentey Oliver,52.2,77.2,48.3,71.6,6.8242216,-1.0197861848438237,0.02476349223797274,0.023597835255201167,-0.0011656569827715735,0.1418614391066192,0.15992721938165946,0.018065780275040272,0.4153364015886798,0.48340042731238364,0.06806402572370385,11.505956700770124,12.946091404522216,0,0,0,0,0,0,0,0,1,0,0,1
3998839,7a3fb030-42cd-4b44-ae51-e00279449d33,1,12,8,Spain Women's,María Francesca Caldentey Oliver,Patricia Guijarro Gutiérrez,54.9,68.3,59.9,60.4,9.349332,7.517343842068577,0.06532598454177733,0.6491611921784531,0.5838352076366758,0.2995406000829587,1.142207680821615,0.8426670807386564,0.7781296381888099,1.8116602870408178,1.033530648852008,9.528220674298087,2.32308774603189,0,1,0,1,0,2,0,0,1,0,0,1
3998839,07b0d6ba-f328-4a4d-92ef-f8a1277abd18,1,12,9,Spain Women's,Patricia Guijarro Gutiérrez,María Francesca Caldentey Oliver,59.9,60.4,55,64.6,6.453681,-6.031486629940737,0.6491611921784531,0.16209631940268493,-0.4870648727757682,1.142207680821615,0.5015084750210737,-0.6406992058005414,1.8116602870408178,1.0743725836864593,-0.7372877033543586,2.32308774603189,6.638112783966729,1,0,1,0,2,1,0,0,1,0,0,1
3998839,e45151fa-c281-49c0-b041-3c3aedbc2fcd,1,12,11,Spain Women's,María Francesca Caldentey Oliver,Patricia Guijarro Gutiérrez,55,64.6,61.9,62.8,7.1309185,7.085812317348939,0.17731696769808344,0.4256821331882387,0.24836516549015528,0.5239604797561879,0.9395838119368579,0.41562333218067005,1.1891548296626697,1.7553742313907312,0.5662194017280615,5.807077860039901,3.7571873399131057,0,0,0,1,1,2,0,0,1,0,0,1
3998839,1d3b8845-99da-4801-8d0f-8dad5f4e9ad0,1,12,13,Spain Women's,Patricia Guijarro Gutiérrez,María Francesca Caldentey Oliver,61.3,63,56.2,54.1,10.25768,-2.2943554517361378,0.39956659647062065,0.26125217999325195,-0.1383144164773687,0.8438636192996094,0.6099773293019065,-0.2338862899977029,1.59192987927553,1.2016045087146008,-0.3903253705609293,3.3840688148045044,4.403213119072651,0,0,1,1,1,1,0,0,1,0,0,1
3998839,60006436-41e8-4d61-b87f-f67f33cd1094,1,12,16,Spain Women's,María Francesca Caldentey Oliver,Patricia Guijarro Gutiérrez,57.4,54.1,63.2,69.4,16.362457,0.21049576539474657,0.4383120291688398,0.08805453841973186,-0.35025749074910795,0.8346694660017899,0.36828670350314,-0.4663827624986499,1.5150020509615445,0.9770067347854305,-0.537995316176114,2.814746586257071,8.243272159642782,1,0,1,0,1,0,0,0,1,0,0,1
3998839,0a96c172-c50a-4216-8df9-e1a1d993fbf2,1,12,19,Spain Women's,Patricia Guijarro Gutiérrez,Ona Batlle Pascual,65.7,71,83.8,75.9,18.751534,11.54307437703514,0.27161053951170716,0.1262149461259822,-0.14539559338572497,0.6725448173645708,0.46929110719611344,-0.2032537101684574,1.4120123310130084,1.1324852937183423,-0.2795270372946661,4.451220127190833,8.017971765025079,0,0,1,0,1,0,0,0,1,0,0,1
3998839,f5f572c1-b9ea-4ef9-bd95-15c8b5545217,1,12,21,Spain Women's,Ona Batlle Pascual,Victoria López,85.1,76.4,87.7,68.3,8.507056,7.483952363830795,0.4910135825564809,1.1386713105059052,0.6476577279494242,0.9799010138280962,1.9015014600033011,0.9216004461752049,1.6913902593356391,2.8448084882534674,1.1534182289178283,3.3499936291315877,1.6674594510712897,0,1,1,2,2,3,1,0,1,0,0,1
3998839,7fa4e8c1-9bbe-41d0-bfe8-7b883a4505ac,1,12,57,Portugal Women's,Fátima Alexandra Figueira Pinto,Inês Teixeira Pereira,24.3,18.7,8.6,30.7,19.76082,-13.74579585398375,0.030224827345719598,0.01841921966960204,-0.011805607676117557,0.15661168630232328,0.10401024635623908,-0.0526014399460842,0.4735680748268668,0.3258385986431493,-0.1477294761837175,10.740181474999897,12.064022857081811,0,0,0,0,0,0,0,0,1,0,0,1
3998839,e0675d34-51ca-42f8-a244-ecc3b190bb84,1,13,8,Portugal Women's,Diana Micaela Abreu de Sousa e Silva,Andreia de Jesus Jacinto,56.5,37,55.2,45.8,8.895505,-1.4882234582434037,0.812780692843385,0.6202889012694681,-0.19249179157391694,1.622923358186283,1.2793812735450112,-0.3435420846412718,2.7317360842317,2.2381245795829354,-0.4936115046487646,2.215418031248284,2.6876456389142667,1,1,1,1,3,3,0,0,0,0,0,0
3998839,7eff82bd-69ff-4792-8e4e-4be24d59b0ea,1,13,26,Spain Women's,Patricia Guijarro Gutiérrez,Laia Aleixandri López,37.8,54.5,36.1,24.7,29.84845,-1.8145483098900996,0.1477088741656168,0.01619673581974949,-0.1315121383458673,0.4657800632754162,0.10864341248486381,-0.3571366507905524,0.9877449492036969,0.37784017158232575,-0.6099047776213712,7.467328465607112,12.614729861024044,0,0,0,0,1,0,0,0,1,0,0,1
3998839,7fae8993-025e-41dc-8af5-1477c3bd7216,1,13,30,Spain Women's,Laia Aleixandri López,Claudia Pina Medina,42.9,19.5,64.9,2.4,27.864134,13.072222868736915,0.006935210477592735,0.052023214002646444,0.04508800352505371,0.07730341611291272,0.26536176319001303,0.1880583470771003,0.34562429243097575,0.7575399756769674,0.41191568324599165,15.658182460005662,11.098323875584168,0,0,0,0,0,0,0,0,1,0,0,1
3998839,fe4a95cb-6073-49c0-bfbf-ab97e95d950f,1,13,33,Spain Women's,Claudia Pina Medina,Alexia Putellas Segura,66.5,3.7,62.3,7.8,5.8694124,-1.4242423762369185,0.29799363362109516,0.5855373754329674,0.2875437418118722,0.6770457075222365,1.0012112887005318,0.3241655811782953,1.3190327169705702,1.663025744839051,0.34399302786848085,4.0475844320413294,2.213399023597389,0,1,1,1,1,2,0,1,1,0,0,1
3998839,e506187e-2952-4c53-99f9-abfd7af35332,1,13,36,Spain Women's,Laia Aleixandri López,Alexia Putellas Segura,48.3,10,56.8,4.3,10.234256,5.137144633413868,0.08214222681741674,0.3894917899895443,0.3073495631721276,0.3238910983703455,0.8012402650943986,0.4773491667240531,0.7723794535807369,1.4084864107641568,0.6361069571834199,8.723092968066547,3.4697818759880694,0,0,0,1,0,1,0,0,1,0,0,1
3998839,7f62e153-2e33-4985-ae1b-ad5aa19dce0b,1,13,41,Spain Women's,Alexia Putellas Segura,Adriana Nanclares Romero,51.2,2.6,33.9,23.9,27.440481,-9.283986449245816,0.815009661772738,0.0046355630468498474,-0.8103740987258882,1.2194904009962333,0.05666777207497056,-1.1628226289212626,1.8213690191050043,0.2518744778431752,-1.569494541261829,0.9651290660451547,17.148143133298156,1,0,1,0,1,0,0,0,1,0,0,1
3998839,9547333d-3b9c-44df-a339-e9cd1a7597fe,1,13,44,Spain Women's,Adriana Nanclares Romero,María Méndez Fernández,36.5,26.6,47.9,53.1,28.848051,11.287954399078288,0.004490424855852959,0.0017050919507548435,-0.002785332905098115,0.056658580866563606,0.03430757426636629,-0.022351006600197315,0.2538074460641353,0.21221124133698527,-0.04159620472715003,17.930010560187725,20.995035229940754,0,0,0,0,0,0,0,0,1,0,0,1
3998839,2f426e2a-fc82-4cc4-873a-12e244a3e199,1,13,48,Spain Women's,María Méndez Fernández,Victoria López,56.2,55.7,71,55.7,14.8,14.249582814478465,0.013974442077909488,0.4139105695758044,0.3999361274978949,0.13639646633821162,1.0247731152217878,0.8883766488835763,0.5725689377150021,1.9571904879106223,1.3846215501956203,14.583421156931767,4.248702030475749,0,0,0,1,0,2,0,0,1,0,0,1
3998839,d778acb4-d9a8-431e-8d18-966a53decfd1,1,13,52,Spain Women's,Victoria López,María Francesca Caldentey Oliver,72.7,68.7,68,76.4,9.021087,-8.147965173468577,0.7277635419128803,0.1391836276835099,-0.5885799142293704,1.250945088900241,0.4156089744385046,-0.8353361144617364,2.020490443430077,0.9134781616712088,-1.1070122817588683,1.7332217129908714,6.54494445018723,1,0,1,0,2,1,0,0,1,0,0,1
3998839,2d28b35c-6114-4356-9b14-24d542923e89,1,13,58,Spain Women's,María Francesca Caldentey Oliver,Laia Aleixandri López,70.6,51.2,62.8,34.2,18.70401,-6.839577540231403,0.9954587553072737,0.07064262821168034,-0.9248161270955934,1.6408142118282614,0.37438276990372926,-1.2664314419245322,2.61317818750318,1.0956084475734305,-1.5175697399297496,0.9719562576017524,9.647678875073014,1,0,1,0,3,0,0,0,1,0,0,1
3998839,764fc14b-2877-46b4-ab8f-dc746dc6a8b3,1,14,1,Spain Women's,Laia Aleixandri López,Olga  Carmona García,64.9,31.2,82.2,2.9,33.16896,2.8336866385906347,0.1528157202089624,0.09636949163884845,-0.05644622857011394,0.5063068481416468,0.32370482439867493,-0.1826020237429719,1.2648406070673321,0.7986955208774914,-0.46614508618984074,6.111462146536679,7.334056049745397,0,0,0,0,1,1,0,0,1,0,0,1
3998839,b327ecda-6e45-4095-8374-0e6e7752af31,1,14,4,Spain Women's,Olga  Carmona García,Claudia Pina Medina,81.6,3.7,79.1,12.4,9.052072,3.500382902112001,0.5590534750330489,0.3051566359845199,-0.253896839048529,0.895750856337011,0.8405788162313069,-0.05517204010570409,1.4692565113112466,1.7021600291104053,0.23290351779915874,1.9456771527623575,4.998677288368942,1,0,1,1,1,1,1,0,1,0,0,1
3998839,8ddfa97c-7289-4ccc-96ec-3b8df2508483,1,14,6,Spain Women's,Claudia Pina Medina,Olga  Carmona García,78.3,10.1,79.1,2.4,7.741447,-4.2451157442813425,0.4760457301199231,0.2833154127689899,-0.1927303173509332,0.9979370464209364,0.6919162926581055,-0.3060207537628309,1.80289934551225,1.3066686433051222,-0.4962307022071277,3.1362881144382575,4.6932282880712,0,0,1,1,2,1,0,0,1,0,0,1
3998839,9fcdfa30-dfe7-454c-9956-5e2494c4dd0a,1,14,10,Portugal Women's,Tatiana Vanessa Ferreira Pinto,Jéssica da Silva,42.7,67.5,55.3,58.2,15.6604595,14.834877333023599,0.834117436395601,0.5441553787990577,-0.28996205759654325,1.4936523437009532,1.1189257514899529,-0.37472659221100035,2.393294401177886,2.0419311082884755,-0.3513632928894106,2.0075769237053187,2.6204782151363717,1,1,1,1,3,1,0,0,1,0,0,1
3998839,66128d87-dafd-447a-9297-d7940dbd41a9,1,14,13,Spain Women's,Patricia Guijarro Gutiérrez,Ona Batlle Pascual,71,28.7,66.5,54.7,26.386549,-5.1967085511722,0.9369988563443898,0.016676811327456045,-0.9203220450169338,1.6118335993887174,0.1635621983676718,-1.4482714010210456,2.582718706493821,0.6521497390035892,-1.930568967490232,2.267021398840857,14.96384851230524,2,0,2,0,2,0,0,0,1,0,0,1
3998839,807ade7f-4748-44c5-bd5e-04a2845b37f3,1,14,18,Spain Women's,Ona Batlle Pascual,Victoria López,78.7,56.2,85,49.8,8.980535,8.017497254505855,0.3944870288412859,0.570713095933999,0.1762260670927131,0.9597628047454454,1.466712681069202,0.5069498763237565,1.830632082542012,2.701204742280579,0.870572659738567,4.2413248883223265,4.74499537895676,0,0,1,1,2,2,0,0,0,0,0,0
3998839,ed25e5e7-1e1d-4567-801b-0f1bcc5ab64e,1,14,33,Spain Women's,Claudia Pina Medina,Olga  Carmona García,110.7,1.4,99.8,2,10.916501,-3.330800573442474,0.5327591720729092,0.21737584885771277,-0.31538332321519646,0.7975687830242724,0.5384663249906573,-0.2591024580336151,1.1556264061089445,0.996305923481493,-0.15932048262745147,2.0648370529560527,5.614231830965566,1,0,1,0,1,1,0,0,1,0,0,1
3998839,3025707b-6f44-4090-9ad9-01ddd2fb88d4,1,14,35,Spain Women's,Olga  Carmona García,Laia Aleixandri López,94.1,2,72.5,5.3,21.85063,-12.837591296811112,0.254422312415721,0.011429355909198125,-0.24299295650652286,0.5701875131155525,0.11555506100726272,-0.4546324521082898,1.0233197798850864,0.4760814955236377,-0.5472382843614487,4.632441369539598,14.841086261208089,0,0,1,0,1,0,0,0,1,0,0,1
3998839,cde5bf5c-9d79-42c6-8a31-59664348faef,1,14,41,Spain Women's,Laia Aleixandri López,Claudia Pina Medina,85.1,3.3,96,18.1,18.380697,18.15468943643689,1.04186878990728,0.7810825723364875,-0.26078621757079257,1.5425752924861433,1.537274559714193,-0.005300732771950312,2.30087520958438,2.630657779009554,0.3297825694251739,0.5424488650810237,2.1267874904689994,1,1,1,1,2,3,1,0,1,0,0,1
3998839,698d6c17-7f3b-433a-b6a9-f7ec1c01ecbd,1,14,54,Spain Women's,María Francesca Caldentey Oliver,Patricia Guijarro Gutiérrez,84.7,52.4,73.7,48.7,11.605602,-9.695726759812466,0.44356184642475566,0.14580502903941106,-0.2977568173853446,1.117364399818619,0.4852065740753846,-0.6321578257432343,2.124972538924394,1.2002086021565357,-0.9247639367678584,5.046121400704744,6.311283447487199,0,0,0,0,2,1,0,0,1,0,0,1
3998839,a7e7fc21-ec36-4664-8cc5-00ed3d11b0ff,1,14,57,Spain Women's,Patricia Guijarro Gutiérrez,María Francesca Caldentey Oliver,73.3,51.6,76.6,60.4,9.398404,0.16372707529774289,0.2858817700217292,0.25092410092634243,-0.03495766909538678,0.8115359557739178,0.6848362095079021,-0.12669974626601566,1.7207228449296244,1.44312819738052,-0.27759464754910446,5.031355236486021,4.967191177785783,0,0,0,1,1,1,0,0,0,0,0,0
3998839,12bbc5a6-f83a-4bde-96a3-c9d4ca0ec93b,1,14,59,Spain Women's,María Francesca Caldentey Oliver,Ona Batlle Pascual,77,65.6,86.7,74.8,13.368994,1.8779293452191226,0.6171663834205767,0.33216311532065174,-0.285003268099925,1.0569462472143905,0.6280914686217287,-0.42885477859266175,1.7760958812891228,1.141296509105564,-0.6347993721835588,1.8944939858347645,3.4477271786226122,1,0,1,1,1,1,0,0,0,0,0,0
3998839,317ba26e-8b96-48d4-807c-1a9768b62469,1,15,3,Portugal Women's,Andreia Alexandra Norton,Diana Micaela Abreu de Sousa e Silva,42.2,8.9,38.1,12.2,5.263079,-2.7038561066089954,1.5786148905451363,0.6778567784370676,-0.9007581121080687,1.9559029361024136,1.422857576709234,-0.5330453593931797,2.437087997144212,2.337802576613296,-0.09928542053091594,0.4187990376185661,4.225805858822985,2,0,2,2,2,3,0,0,0,0,0,0
3998839,35d16524-0999-48d7-8838-c8b3f00fb3eb,1,15,4,Portugal Women's,Diana Micaela Abreu de Sousa e Silva,Catarina Amado,38.1,12.2,37.7,3.9,8.309633,-3.3797548638698913,0.5667418044712585,0.17063372287022777,-0.3961080816010308,1.15260134699149,0.4914285510975481,-0.6611727958939418,1.903661739539906,1.0359070314462544,-0.8677547080936516,4.056742537883005,5.871175045529284,0,0,2,0,2,1,0,0,0,0,0,0
3998839,dcdd8e20-5bf3-47e5-ab4a-99cd2a728b0c,1,15,6,Portugal Women's,Catarina Amado,Fátima Alexandra Figueira Pinto,37.7,3.5,23.4,18.7,20.869356,-8.889650045828617,0.41534973004035897,0.18387661167811326,-0.2314731183622457,0.7396654822127589,0.4603462585107644,-0.27931922370199447,1.2448113791366675,0.9774137908228413,-0.2673975883138262,2.8306614263619365,5.239968586911795,1,0,1,0,1,1,1,0,0,0,0,0
3998839,93cf97b1-2ca9-40ce-9677-3de26f9f9aa7,1,16,6,Portugal Women's,Catarina Amado,Jéssica da Silva,22,31.4,41.9,22.7,21.718655,18.383498534902344,1.1297466345602623,0.552719931233456,-0.5770267033268063,2.0170684376838777,1.2097087215255455,-0.8073597161583321,3.086896626283837,2.1641637701222853,-0.9227328561615518,1.6584220501465885,3.2066001096579217,1,0,2,1,4,2,1,0,1,0,0,1
3998839,334427f3-8a8a-4191-a8f8-97fecfffea20,1,16,24,Spain Women's,Claudia Pina Medina,Patricia Guijarro Gutiérrez,36.3,71.3,26.8,49.4,23.87174,-4.311881467947856,0.28826910581929294,0.09805725119960598,-0.19021185461968695,0.7770707893517844,0.3984957180359282,-0.3785750713158562,1.4578387912636976,0.9653410023727821,-0.49249778889091556,5.34670005924888,8.76761090141881,0,0,0,0,1,0,0,0,1,0,0,1
3998839,e154d6e5-d21b-49ea-bd12-b5e8c010d236,1,16,35,Spain Women's,Olga  Carmona García,Alexia Putellas Segura,56.6,4.9,48.1,9.3,9.571311,-5.712203745412623,0.041485449592250166,0.028759036139093936,-0.01272641345315623,0.2167722838248611,0.1618785180769105,-0.0548937657479506,0.6433034114957554,0.5355544692448168,-0.10774894225093867,11.412757583926954,10.98016289379534,0,0,0,0,0,0,0,0,1,0,0,1
3998839,9596143a-adf9-4b68-a498-bfd801c208c2,1,16,37,Spain Women's,Alexia Putellas Segura,Olga  Carmona García,50.4,10.1,58.2,4.1,9.840732,4.280086231888319,0.047390905122267804,0.08412931507432786,0.036738409952060055,0.2230689641912039,0.3164590325840831,0.0933900683928792,0.660452230622858,0.7600193867263448,0.09956715610348688,9.55570734878645,9.318347403803912,0,0,0,0,0,0,0,0,1,0,0,1
3998839,68a610ee-5392-4bdd-864e-c063208d49e0,1,16,39,Spain Women's,Olga  Carmona García,Alexia Putellas Segura,58.2,4.1,54.5,8.5,5.748913,-1.2101856856186544,0.15559628151335522,0.14467496114116685,-0.010921320372188376,0.44575897243853757,0.39971753010626543,-0.04604144233227214,0.9220988437074414,0.8674826813295302,-0.054616162377911226,6.698541118705763,6.10421800572919,0,0,0,0,1,1,0,0,1,0,0,1
3998839,a93020b7-3f36-4aec-97a2-e87893c6c457,1,16,41,Spain Women's,Alexia Putellas Segura,Laia Aleixandri López,54.5,9.6,46.5,22.5,15.179262,-3.343744249578606,0.17125979302585934,0.014980392234431546,-0.1562794007914278,0.4434770810584956,0.1441328777433102,-0.2993442033151854,0.9334277788086508,0.5755252302580414,-0.35790254855060943,5.578605114057479,15.712107457193092,0,0,0,0,1,0,0,0,1,0,0,1
3998839,640a448b-4b34-469c-9f2e-9378dbd38b08,1,16,44,Spain Women's,Laia Aleixandri López,Victoria López,49.4,26.6,59.7,53.1,28.43132,10.153856590064883,0.06862113383806669,0.16191721022607342,0.09329607638800673,0.31685950021397274,0.5250736281865799,0.20821412797260713,0.8851121473544034,1.2647851226141167,0.37967297525971333,9.227816547781506,6.027821523515079,0,0,0,0,0,1,0,0,1,0,0,1
3998839,9e2fa46c-f9ec-4496-bb3d-2914b6b84121,1,16,49,Spain Women's,Victoria López,María Francesca Caldentey Oliver,70.2,63.2,77,76.4,14.848569,-1.3990339593843117,0.4495564150686742,0.11665839186943192,-0.33289802319924233,0.9096052606811155,0.37532540861677355,-0.5342798520643419,1.6948269040675936,0.8591338519450954,-0.8356930521224982,2.867526110293708,7.017294000102198,1,0,1,0,1,1,0,0,1,0,0,1
3998839,5bda67fd-734b-4e41-92c1-379b2e84d25e,1,16,53,Spain Women's,María Francesca Caldentey Oliver,Ona Batlle Pascual,77.2,72.7,69.1,66.7,10.080178,-3.6156829737012686,0.7642297749977938,0.28015323277277854,-0.4840765422250152,1.1711331118668817,0.6547619179068893,-0.5163711939599924,1.792080334552904,1.2849249060043142,-0.5071554285485897,1.224272302244144,4.361750536894927,1,0,1,1,1,1,0,0,1,0,0,1
3998839,8c033b37-5240-49b0-b537-5f1788575cd6,1,16,55,Spain Women's,Ona Batlle Pascual,Laia Aleixandri López,63.8,56.1,57.4,39.2,18.071247,-4.14444107227542,0.6944208288974818,0.05630101821257239,-0.6381198106849094,1.1718332299395393,0.29176081959957567,-0.8800724103399636,1.8377041354252683,0.8310706520850143,-1.006633483340254,1.8876351739025978,10.183982042927086,1,0,1,0,2,0,0,0,1,0,0,1
3998839,d9e329aa-7125-4f69-923e-79a372bff134,1,17,1,Spain Women's,Laia Aleixandri López,Alexia Putellas Segura,71.6,29.1,81.2,15.2,16.892899,3.5635261764190673,0.7291563010074826,0.17402128369186692,-0.5551350173156158,1.313983017186051,0.5357696200936193,-0.7782133970924316,2.2418118824974615,1.245827057605416,-0.9959848248920455,1.6929115806530632,5.823411800713354,1,0,1,0,2,1,1,0,1,0,0,1
3998839,889a72a0-b778-4119-8397-81a6584b27bc,1,17,12,Spain Women's,Alexia Putellas Segura,María Méndez Fernández,90.7,4.5,77.2,29.7,28.588284,2.00784661864472,0.9296696943798164,0.012459074088637343,-0.9172106202911791,1.3851703799493493,0.1477841686370298,-1.2373862113123195,2.149801555808019,0.660345745429247,-1.4894558103787718,0.6302310673351894,15.433797860533346,1,0,1,0,1,0,1,0,0,0,0,0
3998839,172aafa9-9ea6-4100-b1a9-7f68fd51ea3f,1,17,49,Spain Women's,Victoria López,Patricia Guijarro Gutiérrez,84.7,34.3,77.8,33,7.0213957,-7.019392103481891,0.783003848674314,0.8282808726886081,0.04527702401429401,1.2225462221381633,1.4325085937510476,0.20996237161288422,1.9401906636735908,2.2731710630046917,0.3329803993311009,1.1152868001060352,1.5657904097986897,1,1,1,1,1,3,1,0,0,1,1,1
3998839,80378120-5a82-4c99-9f68-c76c2c80192a,1,17,51,Spain Women's,Patricia Guijarro Gutiérrez,Alexia Putellas Segura,77.9,33,91.3,31.5,13.483694,12.745723423105588,0.9943063516650567,0.9220179535034488,-0.07228839816160781,1.5834009740726842,1.8436198194033544,0.2602188453306702,2.4555553567738047,2.9714580062284788,0.5159026494546741,0.9168612763582241,3.2857582585229483,1,0,1,3,3,3,0,0,0,1,1,1
3998839,193414c7-052a-4e21-a3ae-633db87aaa9b,1,17,53,Spain Women's,Alexia Putellas Segura,Claudia Pina Medina,93.3,30.3,103.8,29.7,10.517129,9.210258200889541,1.0513199538168085,1.0140313680512996,-0.037288585765508975,2.0722438196615207,1.7152173101328683,-0.35702650952865245,3.29666947013816,2.7199372998599283,-0.5767321702782318,3.0894552168456237,1.680453377462319,0,1,2,2,4,2,0,1,0,1,1,1
3998839,3b2d670e-6008-4c0a-97a4-97aa3a353b7d,1,18,19,Spain Women's,María Francesca Caldentey Oliver,Claudia Pina Medina,97.7,45.8,102.2,33.8,12.816006,4.19304567758401,1.6538850263236058,0.6996192169382749,-0.9542658093853309,2.444198559270511,1.4335398556644035,-1.0106587036061074,3.421695079496605,2.4502807364321937,-0.9714143430644113,0.9122850015419505,2.4860360141631674,2,1,2,1,4,2,0,0,1,0,0,1
3998839,a80271a1-9b22-47e5-b79e-6835d5cec16b,1,18,28,Spain Women's,María Méndez Fernández,Adriana Nanclares Romero,61.7,70.4,36.6,50.5,32.031548,-18.308467632355672,0.37466703373053023,0.0010324895833270942,-0.37363454414720315,0.6015090994534628,0.01615590933440758,-0.5853531901190552,0.9328105485999983,0.07589394523118609,-0.8569166033688123,2.9780004733415955,20.62734696590189,1,0,1,0,1,0,0,0,0,0,0,0
3998839,5bc31522-326b-4267-a43a-1d821c1d0467,1,18,32,Spain Women's,Adriana Nanclares Romero,Laia Aleixandri López,39,50.2,54.5,27.2,27.735357,14.900727100783229,0.0014172103639428467,0.0026324376360749168,0.00121522727213207,0.021570965571488573,0.04629519876113293,0.024724233189644357,0.10747299855251885,0.24960228049015787,0.14212928193763902,19.768970231741328,20.186337495293188,0,0,0,0,0,0,0,0,0,0,0,0
3998839,9fdaca62-dd14-44ad-aaa7-f5bcd22754ba,1,18,44,Spain Women's,Laia Aleixandri López,Olga  Carmona García,84.7,16.9,97.9,2.6,19.460987,-1.2550792245460656,0.396137565862554,0.08441531062127704,-0.31172225524127695,1.1170510903547524,0.29492953804117644,-0.8221215523135759,2.1309014169239724,0.7456065015485472,-1.3852949153754253,5.806896858313601,7.633479915649233,0,0,0,0,3,1,0,0,0,1,1,1
3998839,6a789f9f-0bf4-4628-9b90-bbe58c898ac6,1,18,47,Spain Women's,Olga  Carmona García,Esther Gonzalez Rodríguez,104.7,2.2,106.8,41,38.85679,27.541214138454755,0.19243901123705298,0.5820538648632382,0.3896148536261852,0.462087240524185,1.5140010663643326,1.0519138258401477,0.9772368947512837,2.733429588872293,1.756192694121009,5.070417407665624,4.940853088125074,0,0,0,1,1,4,0,0,0,1,1,1
3998839,68353d5a-eccc-4eda-8115-ee95059f342c,1,19,47,Spain Women's,Olga  Carmona García,Claudia Pina Medina,109.3,74.5,103.7,73.1,5.772348,-0.7746142992250427,0.4825679776030358,0.09415367834670993,-0.38841429925632587,0.7011920774910071,0.3478873892524781,-0.353304688238529,1.080296293113885,0.87209083345267,-0.20820545966121506,2.210273597703433,7.771098467552655,1,0,1,0,1,1,0,0,1,0,0,1
3998839,84b6bc0c-256b-4fef-89db-a50b59268d96,1,19,50,Spain Women's,Claudia Pina Medina,Ona Batlle Pascual,99.4,71.3,85.9,45.9,28.764736,2.8640084246782322,0.40002416479232866,0.06682677484627275,-0.3331973899460559,0.7432546940339761,0.3900491595876571,-0.353205534446319,1.3218992762332376,1.217689638642979,-0.10420963759025859,2.9867078908332747,9.733530449282602,1,0,1,0,1,0,0,0,1,0,0,1
3998839,d91b6f2c-b9e6-412b-b96e-16d947188626,1,19,52,Spain Women's,Ona Batlle Pascual,Victoria López,88.4,46.3,84.7,60.1,14.287407,-8.399535948003894,0.3589827508129846,0.25709143922777034,-0.10189131158521425,0.8220460500729512,0.6286494686327206,-0.19339658144023053,1.7087820840493138,1.3304149839119446,-0.3783671001373692,3.529938474780543,4.494013967539984,0,0,1,1,1,1,0,0,0,0,0,0
3998839,120cdcbb-e101-4a48-a8b4-d1060e5dd480,1,19,54,Spain Women's,Victoria López,Claudia Pina Medina,85.1,62.1,99.1,73.9,18.30956,1.4839702233348717,0.7174942688474285,0.06123960031638494,-0.6562546685310435,1.0584450939926593,0.25164195797301536,-0.8068031360196439,1.6898638761340172,0.6800573914372922,-1.0098064846967252,1.2236018151760188,8.783908716809735,1,0,1,0,1,0,0,0,0,0,0,0
3998839,ca0d99ab-7626-41ac-875b-e5ca31c82e70,1,19,58,Portugal Women's,Jéssica da Silva,Tatiana Vanessa Ferreira Pinto,10,5,6.5,15.9,11.448144,-0.5964632377919941,0.8142312980631953,0.05936766492806704,-0.7548636331351283,0.9801379114454595,0.2974384322901722,-0.6826994791552873,1.2756160402784829,0.8511922548265081,-0.4244237854519748,0.6821097702744796,9.61032634208563,1,0,1,0,1,0,1,0,0,0,0,0
3998839,7aed64ce-8e99-4940-8250-39e81549540c,1,20,2,Portugal Women's,Tatiana Vanessa Ferreira Pinto,Jéssica da Silva,8,9.5,14.8,3.1,9.338094,4.594781805387925,0.7241055410726128,0.42512886501694946,-0.29897667605566336,0.9484415161377883,0.776298653679912,-0.17214286245787624,1.3172486426938614,1.231885537162999,-0.08536310553086235,1.0637422868752875,3.1621693319343485,1,0,1,1,1,2,0,0,0,0,0,0
3998839,032648a9-ad17-47bd-8a72-bd73aef9ad30,1,20,19,Spain Women's,Esther Gonzalez Rodríguez,Victoria López,117.9,70.2,108.9,63,11.525623,4.734522741368767,0.4827937896759311,0.47397433179639475,-0.008819457879536363,0.9230145170672941,1.2026252882730037,0.27961077120570965,1.5911087846492902,2.2868932521280994,0.6957844674788092,2.7880602923162687,4.159829706648107,1,0,1,1,1,2,0,0,1,1,1,1
3998839,d96b2668-dee8-48c3-851d-b0c7f120154b,1,20,23,Spain Women's,Victoria López,Alexia Putellas Segura,113.2,54.9,104.5,40.3,16.995588,0.875436400196028,1.0730918316520341,0.8207226409144573,-0.2523691907375768,1.9487359532681339,1.7030265005407865,-0.24570945272734734,3.1531120468949934,2.9408981891912966,-0.21221385770369672,1.6438098889523396,2.9612935970392096,1,1,3,2,3,2,0,0,0,1,1,1
3998839,4b5e0100-6249-498a-91e0-b773e534e81e,1,20,58,Spain Women's,María Francesca Caldentey Oliver,Victoria López,92.9,55.8,91.5,46.6,9.305912,2.115340780181473,1.2812871100572143,0.5129984921399445,-0.7682886179172698,1.9916105684316376,1.2954859264282408,-0.6961246420033969,2.851355362341336,2.3401844790951443,-0.5111708832461916,1.3770102167030993,4.798585419527949,2,0,2,1,3,4,0,0,1,0,0,1
3998839,03d49622-d18d-40ae-b4d8-f4967ea943ec,1,21,3,Spain Women's,Patricia Guijarro Gutiérrez,Ona Batlle Pascual,78.6,52.6,91.9,73.3,24.604471,-0.296844849451972,0.46587191015658863,0.0703232296917887,-0.39554868046479996,0.9789530625024764,0.31037461804172684,-0.6685784444607495,1.8689662862727268,0.8664035826659959,-1.0025627036067308,2.8795356191876116,8.611362674987797,1,0,1,0,1,0,0,0,1,0,0,1
3998839,7670bed7-a8aa-47c2-a228-55364d2acc97,1,23,6,Spain Women's,Claudia Pina Medina,Olga  Carmona García,92.7,17.5,90.3,3.1,14.59863,-11.990599276567728,1.0030774764774655,0.18345882722484935,-0.8196186492526161,1.5872914146212982,0.552852666445486,-1.0344387481758122,2.3486525941413547,1.1909880385775207,-1.157664555563834,1.0224667958386404,5.914601706208912,1,0,1,0,3,1,0,0,1,0,0,1
3998839,1b742d7f-50db-4cc0-9ab7-05c6e37e22cd,1,23,9,Spain Women's,Olga  Carmona García,Alexia Putellas Segura,91.9,2.8,85,8.8,9.14385,-0.26725043386237246,0.37285090144720706,0.6701883602599271,0.29733745881272006,0.8825494982759228,1.2949049429404218,0.412355444664499,1.6074888261969449,2.10538141067274,0.4978925844757953,4.325895190144479,2.433240914483788,0,1,1,1,2,3,0,1,1,0,0,1
3998839,1c5c2304-3246-4572-98d9-ad9d40f6631e,1,23,16,Spain Women's,Victoria López,Laia Aleixandri López,68,23.9,57.6,15.2,13.55913,-12.712224088811887,0.4087679115521334,0.05282907674717606,-0.3559388348049573,0.965784034056397,0.25521127646399305,-0.7105727575924039,1.7522109273294633,0.7326680051894493,-1.019542922140014,5.140049943482307,9.587889554345363,0,0,0,0,2,0,0,0,1,0,0,1
3998839,6d926921-e2c4-42f3-be49-77534c0e35bd,1,23,17,Spain Women's,Laia Aleixandri López,Victoria López,57.6,15.2,64.8,16.9,7.3979726,7.309065880756343,0.08253612987967396,0.2056994847456907,0.12316335486601673,0.3391291086698166,0.6869569506201267,0.34782784195031013,0.8818558562917305,1.484573939927352,0.6027180836356216,8.350001699971195,7.858814024974762,0,0,0,0,0,1,0,0,1,0,0,1
3998839,04b5bff0-fa08-44f0-a755-59fabc93c5f4,1,23,22,Spain Women's,Victoria López,María Méndez Fernández,68.7,7.6,51.4,39.2,36.025684,-7.929710917985467,0.6328208433200723,0.006154037671584729,-0.6266668056484875,1.0617461349234492,0.07664804242292085,-0.9850980925005283,1.8108427871368795,0.35199395121340976,-1.4588488359234697,1.6712364816859897,17.592130189063838,1,0,1,0,1,0,0,0,1,0,0,1
3998839,dd44c8e1-184e-43d7-ab0e-7703b64e0c1b,1,23,25,Spain Women's,María Méndez Fernández,Ona Batlle Pascual,55.3,41,68.3,65.6,27.82373,7.016740349424246,0.02158881581643807,0.02545271911589821,0.003863903299460139,0.15179322394115152,0.15130302192938158,-0.0004902020117699413,0.515013153620105,0.5329104538517732,0.017897300231668134,13.172528229031512,11.280188912747258,0,0,0,0,0,0,0,0,1,0,0,1
3998839,2b47651f-2f34-4d87-9c27-78abc4564ce2,1,23,30,Spain Women's,Ona Batlle Pascual,María Francesca Caldentey Oliver,71.9,66.7,81.8,72.1,11.276968,5.117242018416057,0.30455187838593256,0.7553525780011647,0.45080069961523217,0.606904686175703,1.1003585584062239,0.49345387223052084,1.1819351160346667,1.6638969729088993,0.48196185687423254,3.6848679169074874,1.1996964585964889,0,1,1,1,1,2,0,1,1,0,0,1
3998839,b43637dd-a8f2-4fa9-ac35-88c656dd508d,1,23,38,Spain Women's,Patricia Guijarro Gutiérrez,Laia Aleixandri López,68.3,64.8,63.4,39.6,25.671968,0.7390609515698898,0.21442601677416118,0.032494124908877466,-0.18193189186528372,0.7505919516478387,0.22812592617994848,-0.5224660254678901,1.6857757802278144,0.8053445648363203,-0.880431215391494,7.349429415193052,11.691215402385184,0,0,0,0,2,0,0,0,1,0,0,1
3998839,55a9affe-8942-42a9-8848-7b683bc33266,1,23,42,Spain Women's,Laia Aleixandri López,Olga  Carmona García,70.6,27.9,79.3,8,21.718655,-0.9131499350225596,0.050041326347608404,0.08255836742486805,0.03251704107725965,0.30015916143042415,0.38316195562549143,0.08300279419506729,0.9598057447863606,1.0269943050008037,0.06718856021444308,11.390468856402366,9.909943216560618,0,0,0,0,0,0,0,0,1,0,1,1
3998839,25fbc089-a8bf-422a-85f6-77dc496d6ad9,1,23,45,Spain Women's,Olga  Carmona García,Claudia Pina Medina,84.6,5.7,92.7,3.1,8.507056,3.390499612324298,0.16571956559217008,0.05671565664003495,-0.10900390895213513,0.5424689288605365,0.273630949766571,-0.26883797909396556,1.2440646473169565,0.7611559003394063,-0.48290874697755026,6.510630801978097,9.857157516738715,0,0,0,0,1,0,0,0,1,1,1,1
3998839,a31c520c-2322-4a79-a7f3-c932f23b6f1c,1,23,47,Spain Women's,Claudia Pina Medina,Victoria López,95.8,3.1,93.4,12.4,9.604687,5.795945616886122,0.6115501631883968,0.6405154012009974,0.028965238012600536,1.0487700253635088,1.293000428527881,0.24423040316437228,1.6504184606996373,2.1778172857519764,0.5273988250523391,2.252805675437379,3.589962892241309,1,0,1,2,2,3,0,0,0,1,1,1
3998839,49979992-25b3-4ab6-9cbd-a7622e710bb5,1,26,0,Portugal Women's,Andreia Alexandra Norton,Carole da Silva Costa,84.6,77.5,107.3,32.1,50.758743,36.61286381844462,0.4438233374825481,1.8249751696349479,1.3811518321524,0.7728639207017972,2.4999992827525737,1.7271353620507766,1.3147157355286678,3.3833128572377045,2.0685971217090366,2.6934182230311676,0.3989160009628931,1,2,1,2,1,3,0,0,1,1,1,1
3998839,33e14705-acdb-4870-a4da-6972d138f71d,1,26,10,Portugal Women's,Beatriz Pina Fonseca,Carole da Silva Costa,101.7,4.2,105.3,11.6,8.229217,8.227194772324669,0.5596318262553609,0.7125170925431671,0.1528852662878062,0.9433290413897502,1.3159877395376787,0.3726586981479285,1.4695327502474276,2.036719286215,0.5671865359675723,2.1666087376725205,2.7062167527126655,1,1,1,1,1,3,1,0,1,0,1,1
3998839,6172b396-2bee-42c6-8bff-7dc6095882c4,1,26,11,Portugal Women's,Carole da Silva Costa,Beatriz Pina Fonseca,106,13.4,97.8,11,8.5440035,-6.462499552087753,1.217752311313715,0.9953633850721135,-0.22238892624160145,1.7337432267673614,1.6563470849974895,-0.07739614176987186,2.385740807489956,2.4351458879448993,0.049405080454943295,0.4337741538151673,2.0755837620822892,1,1,1,2,3,3,1,0,1,1,1,1
3998839,ad4b7b9e-c85c-446c-a38b-c970ba62789c,1,26,12,Portugal Women's,Beatriz Pina Fonseca,Andreia de Jesus Jacinto,97.4,11,91.2,21.5,12.1938505,2.536331267624007,1.3084818937598466,0.23971204325716525,-1.0687698505026813,1.9031527044337455,0.7553826820908002,-1.1477700223429452,2.653190944248609,1.6691577574729608,-0.9840331867756482,1.512552699454724,5.968372342725316,2,0,2,0,3,1,0,0,0,1,1,1
3998839,72f6f9f6-5e12-4c0d-a30e-cb7e667d11d5,1,26,13,Portugal Women's,Andreia de Jesus Jacinto,Beatriz Pina Fonseca,91.2,22.1,102.1,27,11.950732,11.786825348588323,0.3962342838543791,1.4514281402688451,1.055193856414466,0.9903462144157774,2.3919665137131325,1.4016202992973552,1.945143049507115,3.5734803542711973,1.6283373047640823,4.246615512896325,1.1973251936526532,0,2,1,2,2,5,0,1,1,1,1,1
3998839,b3947ab4-b7ad-454e-a9bb-2b13fca78dca,1,26,27,Portugal Women's,Fátima Alexandra Figueira Pinto,Inês Teixeira Pereira,40.4,18.3,23.9,40.3,27.5,-13.595619918700706,0.014205964776294062,0.0007770224382270905,-0.013428942338066971,0.10295830675087786,0.020335968356361995,-0.08262233839451587,0.35689640208573264,0.13687244616671015,-0.2200239559190225,13.154387010997855,23.2450521414129,0,0,0,0,0,0,0,0,1,0,0,1
3998839,fd0be41f-2f66-4981-942d-b736c4819f11,1,26,34,Portugal Women's,Inês Teixeira Pereira,Diana Catarina Ribeiro Gomes,23.5,43,27.8,58.5,16.085398,2.5089156588521746,0.0051359470220136575,0.04645981374645313,0.041323866724439474,0.06091476655953178,0.18837817766222048,0.12746341110268872,0.27051002125334345,0.49439109290246497,0.22388107164912152,16.508483489874703,9.31591666554581,0,0,0,0,0,0,0,0,1,0,0,1
3998839,24a59722-8057-46cf-ad9a-6c95f70445c7,1,26,36,Portugal Women's,Diana Catarina Ribeiro Gomes,Inês Teixeira Pereira,29.8,58.2,12.9,45,21.444113,-15.198825466130955,0.12630828223292825,0.034981334877029695,-0.09132694735589855,0.3537020035963152,0.16098252888122921,-0.192719474715086,0.7674326722996396,0.43812760772224535,-0.3293050645773943,6.348005935541752,10.26644920951375,0,0,0,0,1,0,0,0,1,0,0,1
3998839,11c2dad4-7aaa-49e3-8825-29931869dcfe,1,26,40,Portugal Women's,Inês Teixeira Pereira,Fátima Alexandra Figueira Pinto,15.8,42.3,19.9,9.3,33.253723,-0.4765771707957782,0.04796929625863367,0.00030214360449667244,-0.047667152654137,0.2136264446888253,0.00955782293650892,-0.20406862175231638,0.5772039793051246,0.0760579173960825,-0.5011460619090421,9.5301724401963,24.618821199514517,0,0,0,0,0,0,0,0,0,0,0,0
3998839,cc57dc53-9e03-4855-92b1-1ce136b27766,1,27,5,Spain Women's,Laia Aleixandri López,Olga  Carmona García,30.7,33.4,50.2,10,30.459974,13.56962191474156,0.12479053379773632,0.006926207429184914,-0.1178643263685514,0.31948593385334983,0.08763693202542795,-0.2318490018279219,0.6674740263167065,0.4063144694677988,-0.2611595568489077,6.279884226016794,17.16880852813096,0,0,0,0,1,0,0,0,1,0,0,1
3998839,b4cc536e-14b0-4d95-98f6-9751e3d5afcc,1,27,11,Spain Women's,Olga  Carmona García,Claudia Pina Medina,75.6,6.8,89.8,2.6,14.808105,7.369276573888605,0.14410617466080664,0.27118996858415745,0.1270837939233508,0.4506469166503588,0.557726614564278,0.10707969791391919,1.02914950218544,0.9901831804575782,-0.03896632172786174,6.546212555744467,4.160575232512315,0,0,0,1,1,1,0,0,1,0,0,1
3998839,377d47b9-cf1f-40f9-a015-eadfdfa3739b,1,27,13,Spain Women's,Claudia Pina Medina,Alexia Putellas Segura,87.7,2.9,76.8,9.2,12.589679,-3.864996472239376,0.43534124911846817,0.14038732519011798,-0.2949539239283502,0.761996390790182,0.522964786264096,-0.23903160452608596,1.2161825345053285,1.2456298179069463,0.02944728340161773,2.867917157513751,7.876605255054441,1,0,1,0,1,1,1,0,1,0,0,1
3998839,88cc5646-3003-41d8-98e1-8b0730cf6d17,1,27,17,Spain Women's,Alexia Putellas Segura,Laia Aleixandri López,76.2,9.2,63.8,17.1,14.702721,-7.141368275823297,0.5531806807716072,0.033138413141860903,-0.5200422676297463,0.9529570395812261,0.20159642703721697,-0.7513606125440091,1.635089051027535,0.6718354957696123,-0.9632535552579228,2.0473633607905612,11.443770342938532,1,0,1,0,1,0,1,0,1,0,0,1
3998839,12c7a9c3-b063-4c3d-9bb3-31c54d258a9b,1,27,19,Spain Women's,Laia Aleixandri López,Claudia Pina Medina,69.2,17.7,78.6,23.5,11.045361,10.912179181697049,0.04888636352216421,0.805911842368192,0.7570254788460278,0.26808919095375067,1.4353983763066873,1.1673091853529367,0.8357836132984632,2.407792786977411,1.5720091736789477,10.151333311532756,1.475530906235805,0,1,0,1,0,3,0,0,1,0,0,1
3998839,f5803f47-587d-4908-82c5-3ce61f35960e,1,27,21,Spain Women's,Claudia Pina Medina,Laia Aleixandri López,78.2,23.5,68.7,15.2,12.61507,-12.04134816522788,0.9671252107538318,0.04332264337951636,-0.9238025673743155,1.526158156277353,0.27397277408033044,-1.2521853821970226,2.4455041036955145,0.8759703152831522,-1.5695337884123624,0.7916256309736066,11.479667820771962,1,0,1,0,2,0,0,0,1,0,0,1
3998839,c6b0b0e1-fd6c-490c-9f3f-c20da5270cda,1,27,23,Spain Women's,Laia Aleixandri López,Olga  Carmona García,68.4,14.8,86.5,1.4,22.520435,6.314949548035365,0.03224512724112545,0.20611917350559186,0.1738740462644664,0.2423088236779175,0.49200270986481087,0.24969388618689337,0.8349434743550662,1.005692488967244,0.17074901461217784,12.701116684507278,4.9365938092022,0,0,0,1,0,1,0,0,1,0,0,1
3998839,bbca5abf-c7e8-4e62-ba35-9493e3def8c4,1,27,26,Spain Women's,Olga  Carmona García,Claudia Pina Medina,85.3,1.2,76,8,11.520851,-2.352736116563314,0.49234369895677577,0.06392892075552985,-0.4284147782012459,0.8434317286391982,0.33709870653403096,-0.5063330221051673,1.3866394426657513,1.0024521679679856,-0.3841872746977657,2.454007127897237,9.386953669006942,1,0,1,0,1,0,1,0,1,0,0,1
3998839,1f8f3f8e-311a-4fb2-8850-d930c54feaeb,1,27,29,Spain Women's,Claudia Pina Medina,Laia Aleixandri López,76,8,71,21.7,14.583896,2.100146211802837,0.4775492389668335,0.09068084053384466,-0.3868683984329888,0.7929818985329049,0.374988498415578,-0.4179934001173269,1.399412391368374,1.0208368728381223,-0.37857551853025173,2.318421502439038,7.963220489268461,1,0,1,0,1,1,0,0,1,0,0,1
3998839,4e7e2678-af13-4c77-9440-152485aefbe7,1,27,32,Spain Women's,Laia Aleixandri López,María Francesca Caldentey Oliver,76,26,92.5,75.5,52.17758,1.268129283825374,0.08581650829722648,0.034383456286024426,-0.05143305201120205,0.44181989439757274,0.1519805943057804,-0.2898393000917924,1.2315268152025163,0.4406549027172851,-0.7908719124852313,10.232873759571602,10.191560626481843,0,0,0,0,0,0,0,0,1,0,0,1
3998839,54b8fede-e91a-422c-ad9a-1e7536724bdd,1,27,42,Portugal Women's,Fátima Alexandra Figueira Pinto,Jéssica da Silva,13.1,4.2,42.2,3.3,29.113914,26.71362615126104,0.5777932466979481,0.6964522397716751,0.11865899307372707,0.8468233135206932,0.9970687956599935,0.15024548213930033,1.2016200878981287,1.4450069990018397,0.24338691110371102,1.805840447282247,1.330657311544977,1,1,1,1,1,1,1,1,0,0,0,0
3998839,7366a1ee-f5dd-4c07-ad77-6b5475f82890,1,28,0,Spain Women's,Ona Batlle Pascual,María Méndez Fernández,82.2,77,61.9,73.5,20.599514,-14.17147460795156,0.5130527229362162,0.2753476651186057,-0.23770505781761048,1.118226304771391,0.5315936034196025,-0.5866327013517885,1.9363781546330394,0.9234600653309968,-1.0129180893020426,4.19037376628319,3.9658873722880355,0,0,1,1,3,1,0,0,1,0,0,1
3998839,01094c4b-c701-4936-b09a-9a0b6ba8c574,1,28,3,Spain Women's,María Méndez Fernández,Adriana Nanclares Romero,55,71.2,33.8,43.3,35.04069,-14.162935881930153,0.4075690382407389,0.0005874572800030259,-0.4069815809607359,0.6156836884069793,0.011518230733313732,-0.6041654576736656,0.8443680026595973,0.06142796226260033,-0.782940040396997,2.7200442620067586,22.319121088434848,1,0,1,0,1,0,0,0,1,0,0,1
3998839,4c3e684e-94af-4478-aff1-8ebb93887693,1,28,7,Spain Women's,Adriana Nanclares Romero,Laia Aleixandri López,35.7,37.2,51.6,30.8,17.139719,15.33054758737245,0.0007045710032595237,0.004051837847155299,0.003347266843895775,0.013867367185982981,0.05863614720386043,0.044768780017877444,0.07996350014690873,0.2759895879413072,0.19602608779439845,21.82903117908153,18.454181384241465,0,0,0,0,0,0,0,0,1,0,0,1
3998839,ea33ce36-553e-431e-9c05-fbac078c568b,1,28,13,Spain Women's,Laia Aleixandri López,Alexia Putellas Segura,61.9,22.5,72.1,20.2,10.456099,8.847356917052224,0.0555223908627919,0.7236228302691071,0.6681004394063152,0.2928258338236701,1.3320349548748616,1.0392091210511913,0.9039364109972245,2.250653866364318,1.3467174553670933,9.446237160713792,1.812126635232068,0,1,0,1,0,2,0,1,1,0,0,1
3998839,5fa0e229-0fb8-4fa3-b77d-7f24b0b460bd,1,28,15,Spain Women's,Alexia Putellas Segura,Laia Aleixandri López,71,20.4,57.8,16.1,13.882723,-13.859085072497066,0.6962371597958387,0.02478369761564607,-0.6714534621801926,1.270429666846918,0.17832575078864907,-1.0921039160582688,2.1603647461625144,0.6305941326512026,-1.5297706135113118,1.815857212100654,12.34571856334112,1,0,1,0,2,0,0,0,1,0,0,1
3998839,e8a60b74-b84f-4b93-8439-c76a24c5e6ff,1,28,25,Spain Women's,Alexia Putellas Segura,Laia Aleixandri López,75.1,12.2,68,11.4,7.1449285,-6.536539966838468,0.575559446831139,0.10672005607136112,-0.4688393907597779,1.0428861431893808,0.3937932388547932,-0.6490929043345876,1.828936097987028,1.0127363978710993,-0.8161997001159287,2.090240368309376,7.297775929580834,1,0,1,0,1,1,0,0,1,0,0,1
3998839,f6c4e610-2fb5-4bee-a61d-151fb3355bcd,1,28,32,Spain Women's,Laia Aleixandri López,Olga  Carmona García,78.2,13.8,90.7,1.4,17.607101,0.8715334245713393,0.3671025325948902,0.0643563709365388,-0.3027461616583514,0.9009674529079502,0.3140831897951091,-0.5868842631128411,1.8283123805818,0.8882862333842355,-0.9400261471975645,3.7695126559636347,10.43780654888558,0,0,1,0,1,0,0,0,0,1,1,1
3998839,a5f833cc-edb2-4d5b-8b8f-b6955913d046,1,28,35,Spain Women's,Olga  Carmona García,Alexia Putellas Segura,91.3,2.2,104.7,13.2,17.336666,16.600981493060594,0.1721178777073103,0.4734116169432039,0.3012937392358936,0.49143772727060075,0.9368410544561708,0.4454033271855701,1.0923761042675721,1.6973798468125203,0.6050037425449482,5.773071809512667,2.7510057679010695,0,1,0,1,1,1,0,0,0,1,1,1
3998839,4f833615-74a4-4ae4-b45a-17bad6d4238e,1,28,37,Spain Women's,Alexia Putellas Segura,Esther Gonzalez Rodríguez,114.6,12.6,115.6,33.4,20.824024,19.994835015043297,0.3742442535497215,1.1041660871873087,0.7299218336375872,0.7619135039519109,1.8969220016890338,1.1350084977371229,1.4495356799346721,2.894981987206392,1.44544630727172,3.2511854054250504,2.0854664478291243,0,1,1,2,1,3,0,1,0,1,1,1
3998839,482d019d-7c5c-4146-a737-922d44b68c24,1,29,41,Portugal Women's,Tatiana Vanessa Ferreira Pinto,Diana Micaela Abreu de Sousa e Silva,92.2,62.6,100.3,76.8,16.347782,-5.91386277923268,0.571663576497427,0.14679109812209454,-0.4248724783753325,1.1782654325442068,0.40226168982004196,-0.7760037427241648,1.990855805386104,0.8748406593759875,-1.1160151460101164,3.0640258540901,6.042324753929644,0,0,1,0,2,1,0,0,1,0,0,1
3998839,334b4c3c-5eb9-4736-8503-c8a0b2413aa5,1,29,47,Portugal Women's,Diana Micaela Abreu de Sousa e Silva,Diana Catarina Ribeiro Gomes,91,76,69.7,76.2,21.30094,-15.744312485576685,0.465465764099927,0.005071380388058422,-0.4603943837118686,0.8984439521351226,0.07124035819350659,-0.827203593941616,1.569382470106636,0.347593165210615,-1.221789304896021,3.0796052834790792,17.149253667990557,0,0,1,0,2,0,0,0,1,0,0,1
3998839,d40c21f3-0262-4ee8-aa99-9460aacf0df2,1,29,59,Spain Women's,Victoria López,María Francesca Caldentey Oliver,40.9,50.5,41.7,59.3,8.836288,-0.849677215931635,0.5024541058116595,0.6994261804636677,0.19697207465200817,1.152861900452023,1.2807319126182064,0.12787001216618332,2.0483865588388257,2.045597598617387,-0.0027889602214385967,4.472335353698605,2.2260136612008288,0,1,2,1,2,2,0,0,0,0,0,0
3998839,fa366a5f-9c2f-4856-a7ef-5a4e8a2a0548,1,30,32,Spain Women's,Victoria López,María Francesca Caldentey Oliver,50.6,56.6,63.6,72.1,20.229929,6.462621395459905,0.15611295957491225,0.04511186454831158,-0.11100109502660067,0.5390354959029336,0.23455463865765366,-0.30448085724527996,1.3093535794522126,0.6891750025429533,-0.6201785769092594,6.4335091932076365,10.87112190800522,0,0,0,0,1,0,0,0,1,0,0,1
3998839,4dd3b4f6-7c72-48dd-ba40-956b0374e0e3,1,30,33,Spain Women's,María Francesca Caldentey Oliver,Ona Batlle Pascual,63.6,72.1,54.9,66.9,10.135581,-5.543698584691768,0.04511186454831158,0.03479164234035482,-0.01032022220795676,0.23455463865765366,0.22739210815098318,-0.007162530506670484,0.6891750025429533,0.7690104575435549,0.07983545500060163,10.87112190800522,11.422820195369825,0,0,0,0,0,0,0,0,1,0,0,1
3998839,b4a30ec0-3f25-4732-a56a-cfa71f538a66,1,30,35,Spain Women's,Ona Batlle Pascual,Victoria López,57.4,65.6,63.8,55.7,11.788554,9.28046279599274,0.05079699027958075,0.3345562591744484,0.2837592688948677,0.29613075632670066,1.0406586456233795,0.7445278892966789,0.9223815754481379,2.123280745888735,1.2008991704405971,10.510642060920159,6.959181469193537,0,0,0,0,0,3,0,0,1,0,0,1
3998839,67c75ea0-398f-4d55-bf45-51fb622ca160,1,30,40,Spain Women's,Victoria López,Ona Batlle Pascual,67.7,58.6,67.5,71.2,12.601587,-5.562179691514579,0.33253840188554273,0.08643715255745239,-0.24610124932809035,0.9704721393862874,0.4211405903333847,-0.5493315490529027,2.0055257013557126,1.1679833603469905,-0.8375423410087222,4.899063837760539,8.918706388230817,0,0,1,0,1,0,0,0,1,0,0,1
3998839,39126cfb-a67a-4ee5-9711-df15f910dc12,1,30,42,Spain Women's,Ona Batlle Pascual,Alexia Putellas Segura,69.4,72.7,78.3,70.4,9.192389,8.641828822645493,0.16205452985075716,0.892219532087693,0.7301650022369358,0.5945699686501442,1.711279152175292,1.1167091835251477,1.422993742636228,2.70183125390574,1.2788375112695118,6.674631242639886,3.637607624521095,0,0,0,3,1,4,0,0,1,0,0,1
3998839,ddd7f029-1f30-4322-8348-d000f3e80de8,1,30,43,Spain Women's,Alexia Putellas Segura,María Francesca Caldentey Oliver,78.6,71.7,77.9,78.1,6.4381676,-4.637861429207881,0.9294117203656533,0.321760090425818,-0.6076516299398353,1.7354587034413846,0.7923565693455529,-0.9431021340958318,2.7027648845912,1.5004907338745503,-1.2022741507166497,3.7454329862134608,4.555935970285494,0,0,3,1,4,1,0,0,1,0,0,1
3998839,af68ee51-fdf8-449b-8bcf-bdd00e070ed5,1,30,44,Spain Women's,María Francesca Caldentey Oliver,Victoria López,77.8,77.7,103.3,70.6,26.469982,21.726930054024862,0.5444191834148077,0.16092518210537882,-0.38349400130942884,1.068955492723321,0.6000049753496453,-0.46895051737367566,1.790591505784365,1.3656801084992167,-0.4249113972851484,2.89432360741206,8.33375554318465,1,0,1,0,2,0,0,0,0,0,0,0
3998839,1e627475-6a7c-4908-8902-15429bd4d59e,1,31,20,Portugal Women's,Fátima Alexandra Figueira Pinto,Catarina Amado,23.5,6.8,28,3.1,5.8258047,2.927193610305352,0.2532093207121385,0.23901924697140942,-0.014190073740729059,0.5558536870481293,0.5771935376271148,0.021339850578985464,0.9460552215807907,1.0601522632132763,0.11409704163248557,4.559254406828195,4.933391864795002,0,0,1,1,1,1,0,0,0,0,0,0
3998839,777cc47d-e557-4915-b20f-7872de9dc229,1,31,21,Portugal Women's,Catarina Amado,Andreia Alexandra Norton,28.8,4.1,37.5,6.8,9.109336,9.081787589839237,0.329078223479541,0.7779489141183431,0.4488706906388021,0.7025767839040185,1.147933047088499,0.4453562631844805,1.2071259921684983,1.6047102900357197,0.3975842978672215,3.9386327430348667,1.324536882075414,0,1,1,1,1,2,0,1,0,0,0,0
3998839,4f745db1-9fc1-4209-8dfc-98a5c06f5e5f,1,31,23,Portugal Women's,Andreia Alexandra Norton,Catarina Amado,38.1,5.4,33,3.3,5.515433,-5.51521712527213,1.2490295519926389,0.6072204061870012,-0.6418091458056376,1.6166698005248172,1.1595323136191071,-0.4571374869057101,2.0551961933980323,1.7866626517476618,-0.26853354165037047,0.5850423993836312,3.1401186423518155,2,0,2,2,2,2,1,0,0,0,0,0
3998839,24b9fc4f-af19-414a-b908-b3d5b42e7ef1,1,31,31,Spain Women's,Patricia Guijarro Gutiérrez,Laia Aleixandri López,64.4,62.1,53.6,49.8,16.368567,-7.2881176154918705,0.20181807578044222,0.020645209510991552,-0.18117286626945067,0.620919573459373,0.13977188836530913,-0.48114768509406386,1.3090969625595585,0.4823523486210434,-0.8267446139385151,6.551493901270825,12.50390656792766,0,0,0,0,1,0,0,0,1,0,0,1
3998839,c44735e3-24f5-414c-bba3-2b677d21d579,1,31,42,Spain Women's,Olga  Carmona García,Claudia Pina Medina,82.2,5.3,91.9,2,10.245975,4.05100099049001,0.5479536717009942,0.2757867835712076,-0.27216688812978657,0.8685106385155813,0.5886838292105817,-0.2798268093049996,1.4343528290897274,1.0753917579373315,-0.35896107115239584,1.9577382981094555,4.250322277157557,1,0,1,1,1,1,0,0,1,0,0,1
3998839,48680893-399a-4792-b1f1-75d98cf1610c,1,32,48,Spain Women's,María Francesca Caldentey Oliver,Ona Batlle Pascual,94.2,78.1,83,67.1,15.698407,0.15063694236503267,0.2686169715983565,0.09793295441511506,-0.17068401718324144,0.4882971252257695,0.31696376106913676,-0.17133336415663275,0.7944601369993881,0.7632373416756383,-0.03122279532374983,3.9748740419887967,7.286022325815614,0,0,1,0,1,1,0,0,1,0,0,1
3998839,94895fa4-3997-4a76-9833-fa8c1b440882,1,32,51,Spain Women's,Ona Batlle Pascual,María Francesca Caldentey Oliver,82.4,67.7,85,77.2,9.849365,-4.375091881138694,0.21893988190822172,0.20906038774589286,-0.009879494162328861,0.5239781499659256,0.4858950848885055,-0.0380830650774201,1.0045617875654016,0.8796741274379363,-0.12488766012746533,5.156408774581683,5.153505541187094,0,0,0,0,1,1,0,0,1,0,0,1
3998839,a85361f3-0a63-4999-a14c-64d44149a4c0,1,32,52,Spain Women's,María Francesca Caldentey Oliver,Ona Batlle Pascual,85,77,76.4,65.7,14.200352,0.320556708090038,0.2795150480150439,0.08038030456098855,-0.19913474345405535,0.566762499292846,0.3006823634051095,-0.26608013588773644,0.9586800653017629,0.7199328675254408,-0.23874719777632203,4.165287975958694,8.708049215150059,0,0,1,0,1,0,0,0,1,0,0,1
3998839,5beaf4b9-844c-4d6d-bb40-88a61bef80f8,1,32,54,Spain Women's,Ona Batlle Pascual,Victoria López,68.7,61.4,62.4,39.2,23.076612,-2.020935112654172,0.039815520939279585,0.011698184546139457,-0.028117336393140128,0.18740352106217925,0.1036539484454437,-0.08374957261673555,0.5758783782301267,0.42937458392060496,-0.1465037943095217,9.88692858057136,14.009911187749893,0,0,0,0,0,0,0,0,1,0,0,1
3998839,555fe1fe-3868-40c4-961b-40e5f231233c,1,32,58,Spain Women's,Victoria López,Ona Batlle Pascual,63,41.9,64.5,56.1,14.279006,-0.7564031754511191,0.04604870075594635,0.01790472813293819,-0.028143972623008162,0.22091254742940158,0.1538692887208291,-0.06704325870857247,0.6711154514580651,0.6077212111842085,-0.06339424027385654,9.62838687823532,14.016828156853487,0,0,0,0,0,0,0,0,1,0,0,1
3998839,ac862c9e-7333-42df-ad37-4b9df1253f16,1,33,4,Spain Women's,Ona Batlle Pascual,Patricia Guijarro Gutiérrez,77.5,58.8,83,74.8,16.918924,-4.321629179063706,0.5090656779953554,0.12326826635700806,-0.38579741163834735,1.1257120483306502,0.5064222657583588,-0.6192897825722914,2.087745797812256,1.2697888338034817,-0.8179569640087745,2.9900797134106063,8.187338622399,1,0,1,0,1,0,0,0,0,0,0,0
3998839,67d7318e-2b76-4ba2-8d3c-f3e3db430ef6,1,33,10,Portugal Women's,Tatiana Vanessa Ferreira Pinto,Diana Micaela Abreu de Sousa e Silva,35,24.7,37.5,25.6,2.657066,2.618724948096883,1.1249702429500739,0.9809641343299682,-0.14400610862010566,1.6455352916763637,1.5446006646786385,-0.10093462699772515,2.315472831862348,2.216368153525254,-0.09910467833709413,0.6805343554334593,2.288926507137495,1,2,1,2,3,3,0,0,0,0,0,0
3998839,a7dd0c22-07f8-4aac-8bd9-efd4adbb8ca9,1,33,18,Spain Women's,Olga  Carmona García,Claudia Pina Medina,91.7,21.7,111.5,20,19.872847,11.970021473018164,0.4847443753059935,0.7230054137258776,0.23826103841988405,1.0741567525731055,1.2480556895927077,0.17389893701960224,1.9626824998495844,2.0805003106114626,0.11781781076187814,4.241533506896991,1.7763431987290002,0,1,2,1,2,2,0,1,1,0,0,1
3998839,b0e23355-6771-4b13-9f76-7af90b0b31a7,1,33,28,Spain Women's,María Francesca Caldentey Oliver,Esther Gonzalez Rodríguez,97.5,55.7,114.6,50.6,17.844326,15.539889709278034,0.8347626812244132,1.0729779938391886,0.23821531261477535,1.7794623977674804,1.8987407867438673,0.11927838897638687,3.001525135991938,3.1582530497573216,0.15672791376538342,4.075867542744098,0.7910543765252216,0,1,3,1,3,3,0,1,1,0,0,1
3998839,507f1043-1ea1-40d6-a520-f795b1a3039e,1,34,3,Spain Women's,María Méndez Fernández,Laia Aleixandri López,64.4,75.6,50.8,67.5,15.829403,-8.443415311552798,0.0796449058394605,0.0004589303724919748,-0.07918597546696853,0.2670266735490881,0.009932260016604506,-0.2570944135324836,0.6367158502960849,0.055995747983383595,-0.5807201023127013,7.765727798558331,23.059836159983043,0,0,0,0,1,0,0,0,1,0,0,1
3998839,9694da79-14df-458e-b1c3-67b6a0d6ccaf,1,34,5,Spain Women's,Laia Aleixandri López,María Méndez Fernández,50.8,67.5,56,72.4,7.1449285,2.730065247078244,0.00041595349411027623,0.006621011769063663,0.006205058274953387,0.009363255321737842,0.060736076024557134,0.05137282070281929,0.053968679423844215,0.21916601879970538,0.16519733937586117,23.354811290869375,15.570319472108185,0,0,0,0,0,0,0,0,1,0,0,1
3998839,c14e1e3d-6610-495f-8a73-3f0092be04b0,1,34,6,Spain Women's,María Méndez Fernández,Laia Aleixandri López,54.1,70.8,54.3,41.7,29.100687,7.020363318465968,0.006502557872662649,0.010209088855537521,0.003706530982874872,0.06027869748251962,0.08500277336509018,0.024724075882570563,0.22600403397738364,0.3507067643940768,0.12470273041669314,15.580217621795695,14.00338571899893,0,0,0,0,0,0,0,0,1,0,0,1
3998839,b5e09d56-e8ed-4c89-a01e-8eecb3f2ac54,1,34,9,Spain Women's,Laia Aleixandri López,Olga  Carmona García,54.6,41.7,70.8,21.3,26.049952,12.788166648796434,0.012162233066825168,0.029815848523963358,0.01765361545713819,0.09518826058271933,0.22626777638807008,0.13107951580535077,0.380819397608964,0.7896622211282318,0.4088428235192678,13.47518829885326,12.38253740248147,0,0,0,0,0,0,0,0,1,0,0,1
3998839,59feae0a-2ca1-4a7e-81ec-f6ca90ecbe1b,1,34,33,Spain Women's,Alexia Putellas Segura,Victoria López,98.3,27.2,104.5,39.4,13.685028,9.682239899350852,1.2425675029806311,1.3392477385983599,0.09668023561772876,2.1259197860476187,2.5090157108884275,0.3830959248408088,3.2860125311148423,3.883280876085954,0.5972683449711118,1.1897756586243249,2.330694497368322,1,1,2,3,3,5,1,0,1,1,1,1
3998839,5281fe58-4f0d-486f-9ffe-47dbd48015bd,1,34,34,Spain Women's,Victoria López,Claudia Pina Medina,104.5,39.4,108.6,31,9.347192,0.9871464318827048,1.3392477385983599,0.8113213998114236,-0.5279263387869363,2.5090157108884275,1.826384526512793,-0.6826311843756345,3.883280876085954,3.104659003076575,-0.7786218730093792,2.330694497368322,4.387009269972593,1,0,3,2,5,5,0,0,1,1,1,1
3998839,0dd2f70a-3338-4a96-8a76-4c6a5456b806,1,34,41,Portugal Women's,Tatiana Vanessa Ferreira Pinto,Catarina Amado,16.1,38.2,13.6,25,13.434657,-3.536538130505889,1.262824869748083,0.806507106722219,-0.456317763025864,2.018186696525064,1.3022070465411544,-0.7159796499839095,2.9102985016529233,2.047946029517255,-0.8623524721356683,0.8861815929711108,1.2335633957539502,1,1,2,1,3,2,1,0,0,0,0,0
3998839,50f07218-a552-4691-866f-600d9eb027f7,1,34,59,Spain Women's,Patricia Guijarro Gutiérrez,María Francesca Caldentey Oliver,84.2,57.2,95.8,67.5,15.5128975,3.0856856673383035,0.7936613873455179,0.4870573953188619,-0.30660399202665606,1.3568773828344287,1.1513311098698606,-0.20554627296456807,2.289740832907583,2.147356024591851,-0.14238480831573197,1.2788431211940319,4.206447743165394,1,0,1,1,1,2,1,0,0,0,0,0
3998839,a119d677-9168-4a0a-a8ba-6f527eb36a0c,1,35,3,Spain Women's,María Francesca Caldentey Oliver,Ona Batlle Pascual,99.8,63.2,111.5,65.7,11.964113,3.692493798384607,1.377583389569892,0.49411374955273996,-0.883469640017152,1.994751888820415,0.9843933943891103,-1.0103584944313047,2.8663588203168597,1.7530974592345423,-1.1132613610823174,0.5286463393360916,2.8601628880124403,1,1,2,1,3,2,0,0,0,0,0,0
3998839,f3311487-17cd-4036-b00f-0034a5283ad0,1,35,49,Spain Women's,Alexia Putellas Segura,Victoria López,110.3,77.2,91.5,64.8,22.521101,0.6643633745006952,0.3202310459127083,0.06716517569294488,-0.2530658702197634,0.5156838501155914,0.26480052873589255,-0.2508833213796988,0.7628195576248489,0.7196778883650313,-0.04314166925981755,3.418584008039223,8.609859999015807,0,0,1,0,1,0,0,0,1,0,0,1
3998839,b2600e2c-995d-41b0-a265-74335092f78a,1,35,52,Spain Women's,Victoria López,Claudia Pina Medina,91.7,64.8,104.7,74.8,16.40122,-0.38602019492298467,0.16347025450231437,0.040025499886209605,-0.12344475461610477,0.42036602692991387,0.19753600906168323,-0.22283001786823065,0.9069819959758153,0.5661561763444088,-0.34082581963140646,5.681023550080584,10.67005984435443,0,0,0,0,1,0,0,0,0,0,0,0
3998839,e8aef003-7337-484f-8162-e0268a7ac607,1,36,20,Portugal Women's,Carole da Silva Costa,Diana Catarina Ribeiro Gomes,7.8,52.2,15.1,76.4,25.277065,1.825435747500748,0.17804117612331652,0.02168815285392953,-0.156353023269387,0.4884274311482056,0.1472475721191126,-0.341179859029093,0.9680899923900187,0.47227882227950707,-0.4958111701105116,5.737166203324687,13.690374717852723,0,0,0,0,1,0,0,0,0,0,0,0
3998839,2c2c51cf-cbb5-49a0-bfb8-d238b0d69778,1,36,44,Spain Women's,María Méndez Fernández,Alexia Putellas Segura,68.7,54.3,85.1,49.7,17.03291,17.03287688611269,0.014255143576547875,0.49989751362080803,0.48564237004426014,0.12757550958549638,1.150947286297569,1.0233717767120725,0.5141204541428174,2.1863163103863363,1.672195856243519,13.995541667352427,3.323860765006624,0,0,0,1,0,2,0,0,1,0,0,1
3998839,96bf6dc2-48c1-4ec7-8426-d03f0bee2998,1,36,45,Spain Women's,Alexia Putellas Segura,María Méndez Fernández,85,50.1,68.7,55.4,17.14001,-17.1334982690641,0.5846257310889842,0.021044446203448176,-0.563581284885536,1.2135571707821953,0.16918229947834662,-1.0443748713038485,2.2175727036636435,0.6076970536388162,-1.6098756500248272,2.5743816048885284,13.989292002252098,1,0,1,0,2,0,0,0,1,0,0,1
3998839,4b583161-06bb-4703-ab82-a73adbe447ed,1,36,48,Spain Women's,María Méndez Fernández,María Francesca Caldentey Oliver,68.4,56.6,77.9,72.5,18.52188,1.019279560527309,0.021887765780716353,0.05461834793802755,0.0327305821573112,0.1780657239524673,0.24778220573837687,0.06971648178590956,0.6373761200412995,0.7255020026085705,0.08812588256727094,14.567876891595464,9.168618197625685,0,0,0,0,0,0,0,0,1,0,0,1
3998839,47e34297-86d6-4be3-924f-dbb037ac1651,1,36,50,Spain Women's,María Francesca Caldentey Oliver,Alexia Putellas Segura,77.8,72.5,79.5,63.6,9.060905,6.389934129029243,0.2494456997180062,0.7609062742010645,0.5114605744830583,0.5520500002625455,1.29753188443699,0.7454818841744446,1.0628892985397709,2.1002697520971805,1.0373804535574096,4.431970600428618,2.1225347342364778,0,1,1,2,1,2,0,1,1,0,0,1
3998839,9d123f94-420e-48f0-a322-6aece01ba742,1,36,51,Spain Women's,Alexia Putellas Segura,María Francesca Caldentey Oliver,79,63,73.1,65.7,6.4884515,-6.4692656731286675,0.8859736637060411,0.3859343903192315,-0.5000392733868096,1.395998420867935,0.878523641754491,-0.517474779113444,2.1751333849701813,1.6262921510259343,-0.548841233944247,1.466809052033896,4.244169893996049,1,0,2,1,2,2,0,0,1,0,0,1
3998839,64f34b4b-ab97-49ba-9dd1-79722ff2a97c,1,36,53,Spain Women's,María Francesca Caldentey Oliver,Ona Batlle Pascual,72.9,66,85.7,59.7,14.266394,14.244949036826085,0.4681575227192019,0.94593281074559,0.4777752880263881,1.0131307764359039,1.5920554052598028,0.578924628823899,1.8121144502487616,2.5980976488193734,0.7859831985706118,3.5378446646314594,0.9638918243423731,0,1,1,1,2,2,0,1,1,0,0,1
3998839,2a4676bf-a6f1-4f24-bd16-aa0471a55ad2,1,36,56,Spain Women's,Ona Batlle Pascual,Laia Aleixandri López,79.5,56.5,66.1,41.1,20.413721,-10.179084109968777,1.068054209297598,0.023746289146532932,-1.044307920151065,1.7685112544465547,0.18871597826877137,-1.5797952761777834,2.811216039144879,0.7182486930977092,-2.0929673460471694,0.9130619314411442,12.564872919476361,1,0,2,0,3,0,0,0,1,0,0,1
3998839,32f2da39-4ccc-4935-b097-2b5933262cbf,1,36,59,Spain Women's,Laia Aleixandri López,Claudia Pina Medina,68,37.8,77.8,23.1,17.667202,6.5882950763434565,0.03811779969473575,0.3038791498857902,0.2657613501910544,0.2276197621352576,0.6524590462843111,0.4248392841490535,0.7887474714285466,1.2915224430474495,0.5027749716189028,10.393550533014848,3.827530461211096,0,0,0,1,0,1,0,0,1,0,0,1
3998839,92dba1cc-1b1f-4b30-9663-e45458f6913f,1,37,5,Spain Women's,María Méndez Fernández,María Francesca Caldentey Oliver,64.4,51.6,75.4,66.9,18.843832,4.712924370291432,0.1203120107333451,0.04473617686814683,-0.07557583386519828,0.39373941580517224,0.2529250137389004,-0.14081440206627183,0.9477501300618977,0.7795606351017742,-0.16818949496012348,6.847232607322349,10.816634618219128,0,0,0,0,1,0,0,0,1,0,0,1
3998839,6dcf437e-5968-4c2f-a4e9-e0a75ac8993a,1,37,9,Spain Women's,María Francesca Caldentey Oliver,Alexia Putellas Segura,82.8,64,91.5,76.6,15.31176,-2.1175259136826767,0.7117735600307538,0.1797377815480142,-0.5320357784827395,1.1678501219163278,0.5114217613045026,-0.6564283606118252,2.0010394412161365,1.126155485628532,-0.8748839555876045,1.3435280666368075,5.710619110271906,1,0,1,0,1,1,1,0,1,0,0,1
3998839,59faee0f-09a6-4cb6-956d-88a86e3ebd09,1,37,11,Spain Women's,Alexia Putellas Segura,Ona Batlle Pascual,91.7,77.2,91.3,68.7,8.509406,6.153166168536579,0.5813745657257803,0.9383544737338004,0.35697990800802015,0.9700546423527536,1.4876257713891432,0.5175711290363896,1.5635172712658714,2.269352133608653,0.7058348623427817,2.0150172491359624,1.0550733543460031,1,1,1,1,1,3,0,1,1,0,0,1
3998839,f0d635b0-5a8f-4b87-8cc9-840ae914f736,1,37,13,Spain Women's,Ona Batlle Pascual,María Francesca Caldentey Oliver,85.5,70.8,77.8,73.7,8.228001,-7.756772086903567,0.6764295940587369,0.3340316759785333,-0.34239791808020364,1.2634110609951215,0.6929394528509811,-0.5704716081441403,2.0367620046798165,1.3258829503633864,-0.7108790543164301,2.5311502377232538,3.5953134246826535,1,0,1,1,3,1,0,0,1,0,0,1
3998839,2ce9290c-d2e2-4c5c-84ac-3fa3b3b18b1a,1,37,14,Spain Women's,María Francesca Caldentey Oliver,Ona Batlle Pascual,77.4,75.2,85.1,74.1,7.7781744,6.467550832763081,0.842395034877612,0.9775597280033682,0.13516469312575619,1.1547901786060366,1.408300774819585,0.25351059621354843,1.732999595281303,2.064837446362346,0.3318378510810429,0.7868504950937774,0.8599873219476285,1,1,1,2,1,2,0,1,1,0,0,1
3998839,ee1223d1-95e5-443a-b9a5-37931c134c43,1,37,18,Portugal Women's,Fátima Alexandra Figueira Pinto,Andreia Alexandra Norton,33,2.9,42.3,3.7,9.334345,8.818997598043538,0.8097279310839308,0.4961519008990344,-0.31357603018489644,1.2741407396767732,0.9005433162457113,-0.37359742343106195,1.8502415805511176,1.474559006026556,-0.37568257452456155,1.436404364858786,2.672543665188442,1,1,1,1,2,2,1,0,1,0,0,1
3998839,a4ab7d23-b0a6-4a71-9957-9d2865bea786,1,37,24,Spain Women's,María Francesca Caldentey Oliver,Laia Aleixandri López,57.8,76.6,42.9,55.8,25.586128,-6.533041605780667,0.21863040776422393,0.01021807528375652,-0.20841233248046742,0.6051216832846591,0.10113027630631573,-0.5039914069783433,1.1493319130461752,0.40786882905673427,-0.7414630839894409,6.783790857562923,16.0084325063622,0,0,0,0,2,0,0,0,1,0,0,1
3998839,a56e4b98-e805-4648-bd3d-686f81a6cb3f,1,37,27,Spain Women's,Laia Aleixandri López,Patricia Guijarro Gutiérrez,42.9,55.8,50.6,56.9,7.7781744,7.274211420655661,0.009348043539350566,0.06573169518553494,0.05638365164618438,0.0941855069682551,0.3103464760436155,0.21616096907536037,0.3976724036498516,0.8520592803197998,0.4543868766699482,15.265100237458766,9.311376279484376,0,0,0,0,0,0,0,0,1,0,0,1
3998839,1e030e70-ae29-4ddc-9001-ca848fe240da,1,37,30,Spain Women's,Patricia Guijarro Gutiérrez,Laia Aleixandri López,51.4,55.4,57.4,35,21.264053,7.507962311047663,0.1378960709876219,0.07589113490216,-0.06200493608546191,0.419830666067887,0.3165990550509961,-0.10323161101689088,1.0116320857202075,0.9050113369686614,-0.10662074875154604,6.2743037974783755,8.19019376076456,0,0,0,0,1,0,0,0,1,0,0,1
3998839,bf3cd1c3-0da9-410d-b505-f3000ebd7a55,1,37,35,Spain Women's,Laia Aleixandri López,Olga  Carmona García,61.9,29.9,65.3,8.9,21.273458,-3.951619803710898,0.28793596394898263,0.0322889397872319,-0.2556470241617507,0.6008142843190211,0.22665121211272055,-0.3741630722063005,1.2051400080929362,0.753184122153573,-0.4519558859393632,3.880240649938103,13.086181835467757,0,0,1,0,1,0,0,0,1,0,0,1
3998839,7ce41908-444e-4972-9cc5-690c06ad9a89,1,37,39,Spain Women's,Olga  Carmona García,Laia Aleixandri López,69.2,7.2,62.7,23.1,17.17731,0.7285637737841313,0.153308575067027,0.05514720443494148,-0.09816137063208552,0.44274020940009967,0.2839783569660092,-0.15876185243409047,1.0172976179826754,0.8542850108326083,-0.16301260715006705,5.954628833342097,10.514715967824754,0,0,0,0,1,0,0,0,1,0,0,1
3998839,45ff1181-443e-4115-86f9-e5e172d1f368,1,37,43,Spain Women's,Laia Aleixandri López,Olga  Carmona García,65.6,25.2,77.9,3.3,25.117723,0.5266065780949916,0.08403841382665261,0.06606961303284642,-0.017968800793806194,0.4151221966727459,0.32018969975096423,-0.09493249692178168,1.163611973480682,0.9012578034519528,-0.2623541700287292,10.010089436810294,9.995431103262918,0,0,0,0,0,0,0,0,1,0,0,1
3998839,43ea3144-5d41-4cea-bab3-fb91710cfd25,1,37,54,Spain Women's,María Méndez Fernández,Laia Aleixandri López,63.4,34.7,71,13,22.99239,0.90120036881018,0.013328313627794856,0.010847302916787137,-0.0024810107110077185,0.12136715494542433,0.12647796762906185,0.005110812683637528,0.5005995558282778,0.5543601828529612,0.05376062702468343,14.405221935188099,15.747592601444694,0,0,0,0,0,0,0,0,1,0,0,1
3998839,988a0b53-ec86-4b62-8976-960da7baed30,1,37,57,Spain Women's,Laia Aleixandri López,Claudia Pina Medina,77.5,8.4,91.5,5.7,14.25798,8.365165715419224,0.024034088089057555,0.5780121632567384,0.5539780751676808,0.21202586249056715,1.1594468154960071,0.94742095300544,0.7809677054998074,1.9826463069830285,1.201678601483221,14.154728480142401,2.911158835926678,0,1,0,1,0,2,0,0,1,0,0,1
3998839,4688cc8d-028e-432d-bae9-110a18fbea78,1,37,58,Spain Women's,Claudia Pina Medina,Laia Aleixandri López,91.5,5.7,79.1,4.9,12.425779,-9.301090836566061,0.5780121632567384,0.026617242738422156,-0.5513949205183163,1.1594468154960071,0.20699294544693492,-0.9524538700490722,1.9826463069830285,0.7347321938990528,-1.2479141130839757,2.911158835926678,13.546844766257811,1,0,1,0,2,0,0,0,1,0,0,1
3998839,19cc06c8-053a-4e07-b0b4-b4e4954ae8e9,1,38,3,Spain Women's,Laia Aleixandri López,Victoria López,82.6,7.8,90.2,17.1,12.010412,11.7692225962193,0.12439693441615868,0.846848200878937,0.7224512664627782,0.5530103994294487,1.6465669730254395,1.0935565735959907,1.3939300718364458,2.709860838623883,1.3159307667874374,9.116542032805595,2.450983245766171,0,1,0,2,0,3,0,1,1,0,0,1
3998839,e32f5920-07b9-4c8c-8c1a-dc90b471c24e,1,38,4,Spain Women's,Victoria López,Laia Aleixandri López,90.3,16.9,82.8,8,11.638728,-11.443957251895817,0.9772043304906864,0.21903574557153388,-0.7581685849191526,1.7339524360338108,0.6718262627771145,-1.0621261732566962,2.7721848411092553,1.4832384974826702,-1.2889463436265851,1.3425419146956363,5.595895331762465,1,0,1,0,3,1,1,0,1,0,0,1
3998839,864215fd-c5da-4dc7-902c-fef793d8ac0d,1,38,5,Spain Women's,Laia Aleixandri López,Claudia Pina Medina,82.8,8,89.8,4.9,7.655717,2.765858754388276,0.32481664779236263,0.5647210782466993,0.23990443045433663,0.7953826963610267,1.2013837841760922,0.4060010878150655,1.5965371867249678,2.042064569341136,0.4455273826161681,4.06563327020679,4.172920821741849,0,0,1,2,1,3,0,0,1,0,0,1
3998839,0fc2f007-13a2-4ea9-8b1d-745d0d85d2b5,1,38,7,Spain Women's,Claudia Pina Medina,Laia Aleixandri López,88.8,4.1,77.9,5.8,11.031773,-6.677551438177858,0.5487482015846389,0.10221453324014079,-0.4465336683444981,1.2010260761471445,0.4731635426267137,-0.7278625335204308,2.0624399810322505,1.2351633855253945,-0.827276595506856,4.1816206895839665,9.114968081601313,0,0,1,0,3,0,1,0,1,0,0,1
3998839,5e218f05-8b36-450a-9460-8f7bf240d89e,1,38,35,Spain Women's,Ona Batlle Pascual,Victoria López,63.2,55.1,71.7,47,11.74138,9.968257451919648,0.1895937534554811,0.7175249479577347,0.5279311945022536,0.6357908483133301,1.5278916972765848,0.8921008489632547,1.3304823072855034,2.6238391603413906,1.2933568530558872,7.823420354095851,2.730596387331867,0,1,0,1,1,2,0,0,1,0,0,1
3998839,ed843394-d213-4b41-8664-6baefc81922b,1,38,37,Spain Women's,Victoria López,Laia Aleixandri López,67.3,42.9,61.7,30.1,13.971399,-6.354861287137922,0.932796701767672,0.0570829830365433,-0.8757137187311288,1.7293896057202196,0.3388441696603349,-1.3905454360598846,2.7793392610031824,1.0189818794072814,-1.760357381595901,1.9942393345232288,11.867160323344528,1,0,2,0,3,0,0,0,1,0,0,1
3998839,da9b4864-ba75-4690-a60d-3ec0d89a6ebe,1,38,40,Spain Women's,Laia Aleixandri López,Olga  Carmona García,69.1,13,77.8,3.7,12.734991,1.9533513176185338,0.044586546312571994,0.06959849816563814,0.025011951853066143,0.2857164709609588,0.32766652986085276,0.04195005889989395,0.9200499571865938,0.906331121197175,-0.01371883598941881,10.872729726805005,9.891977060717618,0,0,0,0,0,0,0,0,1,0,0,1
3998839,7ca0512a-49cb-43c4-b4ef-1651e29cc616,1,38,44,Spain Women's,Olga  Carmona García,Alexia Putellas Segura,79.7,4.3,85.7,5.3,6.0827627,5.047274359057404,0.4022560085229186,0.9403798509618357,0.5381238424389172,0.8465647881171279,1.5673286176159908,0.720763829498863,1.5410901570601678,2.3285509139303473,0.7874607568701795,3.395615055822402,2.6699846500539426,0,1,1,3,1,3,0,0,1,0,0,1
3998839,2eab779e-1f98-4577-9c00-de59ae118b38,1,38,45,Spain Women's,Alexia Putellas Segura,Claudia Pina Medina,84.3,2.2,105.8,10.9,23.193533,19.613779653432445,0.8771246671541953,0.1208536162279848,-0.7562710509262105,1.4403804709039323,0.5058594432981769,-0.9345210276057554,2.1527889177135497,1.2978273763030599,-0.8549615414104899,1.9471027188336758,7.87936823648141,1,0,2,0,3,1,0,0,0,0,0,0
3998839,fb57e86f-03a3-424d-99c2-735e64e3b3dd,1,38,53,Portugal Women's,Andreia de Jesus Jacinto,Beatriz Pina Fonseca,23.5,59.2,15.2,58.5,8.329466,-8.028831937385164,0.9711415130777484,0.7135920500777986,-0.25754946299994985,1.4069703567506706,1.3614810272546298,-0.04548932949604079,2.082950495560927,2.2019603912866197,0.11900989572569287,0.7357653982055141,3.3991241518463413,1,0,1,2,2,2,0,0,1,0,0,1
3998839,a1921da3-7f6e-4b3d-9c3a-4e016da41760,1,38,54,Portugal Women's,Beatriz Pina Fonseca,Jéssica da Silva,14.8,58.8,48.4,66.1,34.38386,30.657919337887677,0.7692083731032013,0.9246240631077489,0.15541569000454758,1.412303068722812,1.204751746106839,-0.20755132261597287,2.2422102554830223,1.7172319458570924,-0.52497830962593,2.9212148062677867,0.4564343634841593,1,1,2,1,2,1,0,1,1,0,0,1
3998839,412cfb9f-2d83-49b1-94ab-40471d379fe2,1,39,54,Spain Women's,Esther Gonzalez Rodríguez,Victoria López,105.3,20.2,98.1,20.4,7.2027774,-4.729672304466231,1.4423365370929702,0.8364627154129326,-0.6058738216800376,2.327539995829472,1.8395290671235784,-0.4880109287058936,3.410292126099366,3.104315793333235,-0.30597633276613134,1.406225006369091,2.8170386985294655,2,1,2,1,4,5,0,0,1,0,0,1
3998839,c0b324d2-8500-4499-833c-45abaa9faa7e,1,39,56,Spain Women's,Victoria López,Ona Batlle Pascual,95.2,22.9,90.2,47.7,25.299011,-0.6548156507055403,0.6564046429057708,0.14436369890899883,-0.512040943996772,1.6186749580425002,0.4834938618014465,-1.1351810962410536,2.931069867428503,1.168075035280907,-1.7629948321475961,3.2866803223531837,6.466683249407146,0,0,1,0,2,1,0,0,1,0,0,1
3998839,79551099-f189-48dc-a0f5-773181881c93,1,40,0,Spain Women's,Ona Batlle Pascual,Victoria López,91.1,49.1,91.9,35.3,13.823169,1.8084956192609418,0.5515979595437982,0.8128130804731427,0.2612151209293445,1.0989699601404928,1.8037661393711886,0.7047961792306958,2.0081635668594906,3.1303267161993564,1.1221631493398658,2.519437346155477,2.7740480522335083,1,1,1,1,2,3,0,0,1,0,0,1
3998839,ca2a0466-46e9-4a92-8335-ce4613c8913a,1,40,4,Spain Women's,Victoria López,María Francesca Caldentey Oliver,89.4,47.3,94.1,61.4,14.862705,-2.13846941174333,0.5790060474870964,0.03658336740528686,-0.5424226800818095,1.3072996443329414,0.181081008872364,-1.1262186354605774,2.429382615611431,0.564350707790128,-1.8650319078213031,2.9354524290708355,10.190073409664004,1,0,1,0,2,0,0,0,1,0,0,1
3998839,460220c0-c301-42c4-9391-40dbbf9cc416,1,40,10,Spain Women's,María Francesca Caldentey Oliver,Olga  Carmona García,97.1,48.5,91.5,28.3,20.96187,-6.381490995842935,0.6463548907267905,0.20001439727054637,-0.44634049345624416,1.4503872958727075,0.7455199825709921,-0.7048673133017155,2.5854962645466335,1.7772147709445687,-0.8082814936020648,3.0013803757448607,6.352616785910434,0,0,1,0,4,1,0,0,0,0,0,0
3998839,9721ca18-d514-40ad-b77c-d35781ed8374,1,40,16,Portugal Women's,Beatriz Pina Fonseca,Andreia de Jesus Jacinto,25.1,59.6,27.4,51.8,8.132035,3.5540812928810794,0.3033045641193306,0.442441082880516,0.13913651876118538,0.9205124305483753,1.1911974382545119,0.27068500770613657,1.865130531580367,2.2440341609800014,0.3789036293996344,6.125693583214368,5.256987698939854,0,0,0,0,2,3,0,0,0,0,0,0
3998839,5cf83cbe-e0ad-4e43-85e8-cec51667fb41,1,40,18,Portugal Women's,Andreia de Jesus Jacinto,Tatiana Vanessa Ferreira Pinto,29.4,51.6,36.6,58.9,10.253292,5.824850588358814,0.7297435976944756,0.6073423283500325,-0.12240126934444306,1.5167107329025469,1.2757026366110535,-0.24100809629149333,2.5321145951053463,2.1782222931776243,-0.35389230192772203,3.137278636666302,2.8794297420031785,0,1,2,1,3,2,0,0,0,0,0,0
3998839,41d18edf-2270-4fcc-8644-f0340bd5ca6a,1,40,26,Spain Women's,Laia Aleixandri López,Patricia Guijarro Gutiérrez,57.4,2.2,63,2.8,5.632051,5.062317325561651,0.5670051048745132,0.7588894989197396,0.1918843940452264,1.0061074754804085,1.432475788525017,0.42636831304460854,1.5980257315952715,2.19757345405112,0.5995477224558485,2.2975279997190774,3.5223904347256276,1,0,1,2,1,3,0,0,1,0,0,1
3998839,44a346fe-255b-480a-9f62-336638210351,1,40,26,Spain Women's,Patricia Guijarro Gutiérrez,María Méndez Fernández,63.8,2.9,43.4,21.6,27.673994,-11.4376362847174,0.758889546382262,0.011284952276828814,-0.7476045941054332,1.4324758439895535,0.10070702642041995,-1.3317688175691336,2.19757351575161,0.38761962230877933,-1.8099538934428308,3.522390258515688,14.781487257507678,0,0,2,0,3,0,0,0,1,0,0,1
3998839,23f81462-6e8c-49a1-950f-a6485e524f6e,1,40,31,Spain Women's,María Méndez Fernández,María Francesca Caldentey Oliver,48.3,30.3,64.1,44.6,21.310326,16.26421442702025,0.00984221357747007,0.02942699042552662,0.01958477684805655,0.09091236109853128,0.1772825512743177,0.08637019017578641,0.36038948686358363,0.5593052844417267,0.19891579757814304,14.717134280214243,12.040172057717927,0,0,0,0,0,0,0,0,1,0,1,1
3998839,49126864-044f-457b-af69-ca07a4d0949c,1,40,34,Spain Women's,María Francesca Caldentey Oliver,Alexia Putellas Segura,65.5,46.2,99.8,22.5,41.691486,28.125322500775685,0.04318153619738821,0.17375588377281717,0.13057434757542896,0.2548802597549975,0.6132160138325273,0.3583357540775298,0.8176252454790839,1.4486128409251955,0.6309875954461116,10.67067031043372,7.649177870265501,0,0,0,0,0,2,0,0,0,1,1,1
3998839,f7df7af0-7247-41b9-b32a-de7af73a0975,1,42,0,Spain Women's,Laia Aleixandri López,Alexia Putellas Segura,42.9,19.6,57,9.7,17.228464,9.845456859675465,0.01193385803218286,0.09892073213108754,0.08698687409890468,0.09324265472863084,0.38547055279596193,0.29222789806733107,0.3630702199889967,0.9325383226147695,0.5694681026257729,13.547939861150992,8.175099322331539,0,0,0,0,0,0,0,0,1,0,0,1
3998839,0c437b1f-a4e1-489e-851c-e38a94840a93,1,42,6,Portugal Women's,Beatriz Pina Fonseca,Tatiana Vanessa Ferreira Pinto,50.1,58.8,47.4,51.8,7.502666,-1.1686569903874044,0.5576399408547544,0.5928758661970528,0.03523592534229836,1.2699055349838086,1.3127906830640168,0.04288514808020816,2.349571161734089,2.396433751827909,0.04686259009381999,3.087660925525943,2.981323994962534,0,1,1,1,2,2,0,1,1,0,1,1
3998839,83343fb8-0d56-4954-aa3d-c9d5007633e7,1,42,10,Spain Women's,Victoria López,Alexia Putellas Segura,80,37.5,84.6,28.5,10.107423,2.8569526859983014,1.9225189675915726,0.5681282529156219,-1.3543907146759508,2.586357144456088,1.444853950193108,-1.14150319426298,3.430186572203807,2.570272691251721,-0.8599138809520861,0.5842061468432151,5.862038796123863,2,0,3,0,4,5,1,0,1,1,1,1
3998839,265b8c69-554b-4ae8-81d1-b9b2974acb15,1,42,11,Spain Women's,Alexia Putellas Segura,Esther Gonzalez Rodríguez,85,27.8,99.4,45,22.43212,15.867234574777903,0.5681282538245499,0.965094731138138,0.39696647731358814,1.4448539719298163,1.8459093320300848,0.40105536010026843,2.570272737603392,2.889313403379926,0.3190406657765341,5.862037521707099,2.5325153977773445,0,1,0,2,5,3,0,1,1,1,1,1
3998839,bf74497d-964c-418c-afae-dff6ed0a727c,1,42,18,Spain Women's,Victoria López,Claudia Pina Medina,104.3,35.3,108.9,28.7,8.044874,0.5485873078215686,1.844491423056817,0.5154083888550614,-1.3290830342017557,2.954290166553483,1.3493080346542232,-1.6049821318992596,4.1778377153055635,2.545323732025962,-1.6325139832796016,1.3290599782635866,4.248552692934844,2,0,2,1,6,3,1,0,0,1,1,1
3998839,c3b9093d-8f49-4d04-884b-07940218b5dd,1,43,41,Portugal Women's,Fátima Alexandra Figueira Pinto,Catarina Amado,34.2,26,44.9,2.7,25.639423,3.0818408303934604,0.3870334840111738,0.09638033573330432,-0.2906531482778695,0.8893091372602226,0.3228390110456307,-0.5664701262145919,1.6591631325048337,0.7897464137547996,-0.8694167187500341,3.5748791045759396,7.241019661393077,0,0,1,0,1,1,0,0,1,0,0,1
3998839,88c5dc42-b9f6-44c2-9a33-d492174fa3fa,1,43,47,Portugal Women's,Catarina Amado,Fátima Alexandra Figueira Pinto,49.9,12.6,48.9,3.1,9.552486,-4.840389675364477,0.5293314232473276,0.0719041723469199,-0.4574272509004077,1.0130837560473083,0.29073306882328676,-0.7223506872240215,1.767422021085734,0.7894255639094184,-0.9779964571763157,2.4221241893506296,8.233460707579875,1,0,1,0,1,0,0,0,0,0,0,0
3998839,49f36406-575c-4d74-89d7-055c9078927b,1,43,50,Portugal Women's,Fátima Alexandra Figueira Pinto,Andreia Alexandra Norton,48.5,3.7,57.4,3.7,8.9,7.823587224467843,0.17780910470501982,0.39772539041801075,0.21991628571299093,0.5130332665747223,0.8682654270919374,0.3552321605172152,1.1282160490889215,1.606794838047121,0.4785787889581996,5.62058585566502,3.567227166608901,0,0,0,1,1,2,0,0,0,0,0,0
3998839,1a2566eb-e66c-4158-aa55-21e06a7b2b28,1,43,54,Spain Women's,María Francesca Caldentey Oliver,Patricia Guijarro Gutiérrez,64.8,76.2,50.2,72.9,14.9683,-11.153871608108602,1.2703707203866241,0.12091695713650258,-1.1494537632501216,1.744490232480561,0.4199171858015166,-1.3245730466790442,2.2685663887059326,0.9554862161392583,-1.3130801725666743,1.5344666924563786,8.392773290374768,2,0,2,0,3,0,1,0,1,0,0,1
3998839,a7c98054-b85e-4d2d-882a-6c15e039fbff,1,43,58,Spain Women's,Patricia Guijarro Gutiérrez,María Méndez Fernández,41.3,69.8,29.1,55.4,18.873262,-8.042266480364447,0.23890927952836646,0.11360027539448861,-0.12530900413387785,0.5500598114155933,0.3475519162461788,-0.20250789516941453,1.0137947459737247,0.7029249254187259,-0.3108698205549988,4.637212926608398,7.113352391922907,0,0,1,0,1,1,0,0,1,0,0,1
3998839,d03d2eed-35d7-437c-9ddc-7036ffd8cd0b,1,44,1,Spain Women's,María Méndez Fernández,Adriana Nanclares Romero,26.4,55.1,20.2,37.2,18.943336,-5.029092052229359,0.11150245481025704,0.005722127384732877,-0.10578032742552416,0.3082548444727013,0.04785168678227475,-0.26040315769042655,0.6115485072219821,0.1773213052217094,-0.43422720200027265,6.718571986996762,15.510143923045266,0,0,0,0,1,0,0,0,1,0,0,1
3998839,26598ba4-e0dd-44bf-a3d0-d9d018f8ade2,1,44,6,Spain Women's,Adriana Nanclares Romero,María Méndez Fernández,23.5,30.7,33.9,57.8,29.027056,9.02639606778186,0.01204223860378605,0.003087329137842799,-0.00895490946594325,0.07174939229796908,0.031170929942311125,-0.04057846235565795,0.2060058253654505,0.11444415039655266,-0.09156167496889785,13.261683800906365,17.341346755587892,0,0,0,0,0,0,0,0,1,0,0,1
3998839,c8a9a8dd-2df7-48bf-8fef-6831001d70af,1,44,9,Spain Women's,María Méndez Fernández,María Francesca Caldentey Oliver,35.9,60.7,55.3,75.5,24.40082,12.81072311661579,0.002865506757387692,0.0018530994861137003,-0.0010124072712739917,0.039754413172719286,0.027545781745305902,-0.012208631427413384,0.1845279014819266,0.15430309533231468,-0.030224806149611927,18.579981608026905,19.000434636828395,0,0,0,0,0,0,0,0,1,0,0,1
3998839,36c99932-d566-4294-beea-0b100de9cd13,1,44,12,Spain Women's,María Francesca Caldentey Oliver,Victoria López,60.3,76.4,73.3,66.1,16.585836,16.423143856673256,0.018104891558872606,0.6567402700716178,0.6386353785127452,0.11575667831386707,1.2519304836429415,1.1361738053290744,0.4220787475728846,2.1324114909632925,1.7103327433904079,12.242642836729317,2.3831336899447773,0,1,0,1,0,2,0,0,1,0,0,1
3998839,fc5a98b6-e920-4992-9df3-e9ed0a1aacc6,1,44,16,Spain Women's,Victoria López,Ona Batlle Pascual,77.4,55.1,93.1,72,23.067293,3.392587572612598,0.8080922004868427,0.12471940952868382,-0.6833727909581588,1.519938452772592,0.46663574204422076,-1.0533027107283712,2.5585247135214635,1.1688580014937977,-1.3896667120276658,1.6921266348241444,7.207470520187377,1,0,1,0,2,1,0,0,1,0,0,1
3998839,b4c7dd8d-a875-44c9-9cc4-0c71dfb545a2,1,44,27,Spain Women's,Victoria López,Laia Aleixandri López,70.8,60.9,57.2,51.4,16.589455,-10.371205492930457,0.5067414310623777,0.06584886362209069,-0.440892567440287,1.2008471177510887,0.320473047264964,-0.8803740704861247,2.1345554047343858,0.9092241246854732,-1.2253312800489127,4.3972799289343065,10.465765497928958,0,0,1,0,3,0,0,0,1,0,0,1
3998839,d3b3279d-2833-481e-9f7a-791fe9eb0212,1,44,29,Spain Women's,Laia Aleixandri López,Alexia Putellas Segura,57.2,47.1,70.6,29.5,22.120579,12.696514883218498,0.08617291495335097,0.1711042989326528,0.08493138397930183,0.369242621827639,0.6270770198641888,0.25783439803654984,0.9870434078994389,1.493960287429077,0.506916879529638,9.276609953529055,7.819525407310055,0,0,0,0,0,2,0,0,1,0,0,1
3998839,eea04d00-f192-4af4-aae2-031b9f7bfce2,1,44,34,Spain Women's,Alexia Putellas Segura,Olga  Carmona García,77.8,18.1,78.3,4.3,13.809055,-7.350072024205936,0.5543987885244415,0.09719115126372008,-0.4572076372607214,1.079211471694806,0.4171297495418183,-0.6620817221529878,1.8667198827119975,1.058070311334647,-0.8086495713773505,3.056714278824953,9.283506306007853,0,0,1,0,2,0,1,0,1,0,0,1
3998839,c8af93a4-484f-4cf2-8887-a099560cbf93,1,44,38,Spain Women's,Olga  Carmona García,Laia Aleixandri López,79,4.1,64,20.9,22.52199,-4.6716800311832785,0.310602289363518,0.020235818719649242,-0.2903664706438688,0.7761073152071607,0.15346761358913222,-0.6226397016180285,1.5449290490360699,0.5686981636222428,-0.9762308854138271,4.286155209046455,12.559722851773582,0,0,1,0,1,0,0,0,1,0,0,1
3998839,033ba2f9-bb1d-4969-a194-679af7bf1e41,1,44,43,Spain Women's,María Méndez Fernández,Ona Batlle Pascual,58,45.9,71.7,69.8,27.54814,5.526855334641624,0.025345867207091602,0.00229122395717698,-0.023054643249914623,0.12641004145162,0.04586096515417097,-0.08054907629744902,0.3993484860696821,0.2803536092618618,-0.11899487680782028,11.079295743731386,20.376548407245807,0,0,0,0,0,0,0,0,1,0,0,1
3998839,63410487-19a1-44e3-90a6-548fc4b13ebd,1,44,48,Spain Women's,Ona Batlle Pascual,María Francesca Caldentey Oliver,83.9,71.2,91.7,76.2,9.264988,1.765042543326821,0.5902698325335313,0.12185129755261108,-0.4684185349809202,0.9589621410317359,0.40885849945116637,-0.5501036415805696,1.6227060894635978,0.9382146366059907,-0.6844914528576072,1.825843343643157,8.394786430395678,1,0,1,0,1,0,1,0,1,0,0,1
3998839,3a24cbea-f564-4401-bb34-287966004fb7,1,44,50,Spain Women's,María Francesca Caldentey Oliver,Victoria López,92.1,75.6,91.5,60.1,15.511608,10.355269678686618,0.41866075028806016,0.8964075859703999,0.4777468356823398,0.7891999857411734,1.4740968416836122,0.6848968559424388,1.3239069132008536,2.3354984740167746,1.011591560815921,3.2055818079452054,1.142416727207774,0,1,1,1,2,2,0,0,0,0,0,0
3998839,6922ffe4-505b-4a59-85f4-94362551113b,1,44,51,Spain Women's,Victoria López,María Francesca Caldentey Oliver,91.7,60.5,87.8,70.2,10.454664,-9.20130737218365,0.8964083929550922,0.21837782814186052,-0.6780305648132317,1.4740974939349287,0.66829329685685,-0.8058041970780787,2.3354990275145524,1.4032320470277342,-0.9322669804868182,1.1424135437613592,6.728688295383928,1,0,1,0,2,2,0,0,0,0,0,0
3998839,e8e6a742-b49d-486d-9eb6-9641db698e3a,1,44,53,Spain Women's,María Francesca Caldentey Oliver,Alexia Putellas Segura,86.1,71.2,90.3,48.1,23.478714,15.287489429045,0.3993004820714852,0.7809179384270012,0.38161745635551597,0.8582403744219012,1.6003205018970308,0.7420801274751296,1.6086756265154762,2.7374374696016153,1.128761843086139,3.3074231758163495,2.4698260534095335,0,1,1,1,1,3,0,0,0,0,0,0
3998839,8afdf6a0-fb4b-4f25-8f2d-a9b77b92c969,1,45,18,Portugal Women's,Andreia de Jesus Jacinto,Catarina Amado,36.6,11.3,41.8,3.5,9.3744335,1.9012154456550974,0.9161129957232297,0.35425171944969747,-0.5618612762735322,1.4210540045276092,0.8428100214144065,-0.5782439831132027,2.1203595388977194,1.5420203992504482,-0.5783391396472712,1.0950321894558583,4.241950658366666,1,0,1,1,2,2,1,0,0,0,0,0
3998839,c46cccd6-7b89-4d92-8c43-2313461c4985,1,45,25,Spain Women's,Ona Batlle Pascual,Patricia Guijarro Gutiérrez,56,72.9,58.8,62.5,10.770329,6.756185612936179,0.5690912909895944,0.20292463613768993,-0.36616665485190447,0.8817181974911348,0.5543381487299541,-0.32738004876118065,1.2734087556329274,1.123001433128178,-0.15040732250474953,2.070459837901099,5.50743091285051,1,0,1,0,1,1,0,0,1,0,0,1
3998839,0139311c-fba2-47e7-9643-a3d138b11727,1,45,26,Spain Women's,Patricia Guijarro Gutiérrez,María Francesca Caldentey Oliver,58.5,61.3,63.8,77.2,16.76007,-2.31233963442601,0.23935943814173374,0.013253203353334134,-0.2261062347883996,0.6807745680950491,0.11043820569642382,-0.5703363623986253,1.3949724618667199,0.4129442381936989,-0.9820282236730209,5.326078888209425,13.84709741333395,0,0,0,0,1,0,0,0,1,0,0,1
3998839,e763925b-2d1b-4a61-baba-6b6b8f87dbfb,1,45,31,Spain Women's,María Francesca Caldentey Oliver,Esther Gonzalez Rodríguez,69.1,72.4,78.2,55.7,19.018412,15.685932368916383,0.44876466875196713,0.5077079719491197,0.05894330319715252,1.0286285999736446,1.3206005361870856,0.291971936213441,1.8770028046040734,2.555878462718894,0.6788756581148208,4.349029436067864,3.7260415815717733,0,0,1,1,2,2,0,0,1,0,0,1
3998839,4bae6a0c-b987-46ab-ae76-fd96072d9d70,1,45,46,Spain Women's,Esther Gonzalez Rodríguez,Ona Batlle Pascual,113.2,65.2,106.6,74.8,11.649893,-11.18940856145191,0.8398955552777042,0.41969346670328167,-0.42020208857442254,1.5006801569053954,0.7173574020326489,-0.7833227548727465,2.4479121095483953,1.2022159889015778,-1.2456961206468176,1.8373762727610583,2.7418369311290753,1,1,1,1,2,1,0,0,1,0,0,1
3998839,4e035000-1f7b-4c46-a721-aec33cd0095a,1,45,52,Spain Women's,Ona Batlle Pascual,Patricia Guijarro Gutiérrez,87.1,74.5,81.8,71.2,6.2433963,-1.6497820575465454,0.6610891392006786,0.5796580994579478,-0.0814310397427308,1.1808131315158659,1.1803985603741736,-0.00041457114169229925,1.9067524734359633,1.9285814356206772,0.021828962184713863,2.0496935637563944,4.858471416233865,1,0,1,2,2,3,0,0,1,0,0,1
3998839,1a027765-d19b-40b5-bd6f-a8f6e07ab987,1,45,53,Spain Women's,Patricia Guijarro Gutiérrez,Laia Aleixandri López,78.2,70.6,69.6,56.6,16.43046,-1.2598835689081227,0.8378985232482682,0.05727409900622949,-0.7806244242420387,1.41158371417373,0.25978772777709885,-1.1517959863966312,2.076019337871816,0.7251001051038192,-1.3509192327679966,2.6256099345347144,9.909326035809304,1,0,2,0,3,0,0,0,1,0,0,1
3998839,75dea401-4835-4e75-a799-1718a78a43ee,1,45,58,Spain Women's,Laia Aleixandri López,Olga  Carmona García,70.6,44.5,77.5,16.3,29.03188,0.943052340624611,0.3344228501516562,0.03360859483980837,-0.3008142553118478,0.6217792216559227,0.24496813087714978,-0.37681109077877295,1.1803718539332764,0.8420190117144929,-0.3383528422187835,3.376294323540363,12.319563222254331,0,0,1,0,1,0,0,0,1,0,0,1
3998839,6180fbd5-7e34-41d1-8746-381b2db4dcc8,1,46,2,Spain Women's,Olga  Carmona García,Alexia Putellas Segura,84.6,17.5,85.5,24.8,7.3552704,4.245321550799915,0.3897336030770628,0.4468413775934817,0.05710777451641891,0.8429665598609621,1.1936292403338256,0.3506626804728634,1.6553169030264234,2.311978692647694,0.6566617896212708,3.2398127500976006,4.3423294878214,0,0,1,1,1,2,0,0,1,0,0,1
3998839,3ddaa775-1638-47a0-a7fc-be07d5993857,1,46,5,Spain Women's,Alexia Putellas Segura,María Francesca Caldentey Oliver,83.4,28.3,88.8,49.3,21.683174,5.86803533635868,0.8705692506064018,0.3546498229540871,-0.5159194276523147,1.6795726472193404,1.2230632858337585,-0.45650936138558196,2.772697548134329,2.574653299592726,-0.19804424854160319,2.2082471941228885,6.478952542156951,1,0,1,0,4,1,1,0,1,0,0,1
3998839,db266db7-468b-4c41-b11c-9a4d533c37a7,1,46,10,Spain Women's,Laia Aleixandri López,Olga  Carmona García,78.2,29.3,99.8,6.6,31.334486,4.114450250899985,0.1800855371198905,0.36778878300502865,0.18770324588513815,0.5754224586740504,0.7353333747484372,0.1599109160743868,1.4080514358261413,1.3699660757848569,-0.03808536004128449,5.661274396966626,3.3570741832985322,0,0,0,1,1,1,0,0,1,0,0,1
3998839,49fd9616-4205-4462-8ea9-3f5d61a71ecd,1,46,12,Spain Women's,Olga  Carmona García,Alexia Putellas Segura,101.8,6.8,101,16.9,10.131634,7.951294152511661,0.4744470831205833,0.9546220133769433,0.48017493025636,0.830311862614265,1.5313867507422894,0.7010748881280243,1.4402505996095898,2.4791248946469144,1.0388742950373246,2.538868979383031,0.8929897811559918,1,1,1,1,1,3,0,1,1,0,0,1
3998839,1889ab5d-f146-4d11-8d8f-fc49377a37a0,1,46,18,Spain Women's,Alexia Putellas Segura,María Méndez Fernández,103.6,3.7,77.5,21.9,31.81902,-6.360947067871699,0.46598319169903474,0.031163162451942637,-0.4348200292470921,0.8894507320528622,0.22124926179502916,-0.668201470257833,1.5587116256631641,0.7647470505940375,-0.7939645750691267,2.7891991825765743,12.380179915327966,1,0,1,0,1,0,1,0,1,0,0,1
3998839,698a7b2e-1347-4eea-aac4-8660057e9f78,1,46,21,Spain Women's,María Méndez Fernández,María Francesca Caldentey Oliver,77.5,22.1,84.6,17.3,8.570297,4.062781177406897,0.050995239996373086,0.7135320200142342,0.6625367800178611,0.30577889027577426,1.2569217414014455,0.9511428511256712,0.9568947543176123,2.140879894541183,1.1839851402235706,12.034610645295528,1.6926353868573294,0,1,0,1,0,2,0,0,1,0,0,1
3998839,9d97555a-c1d3-4e16-83c0-ff97334ee553,1,46,24,Spain Women's,María Francesca Caldentey Oliver,Claudia Pina Medina,85.5,19.8,85,29.1,9.313431,3.320605155203296,1.401918946936234,1.1626814085305615,-0.23923753840567263,2.0721949957492414,2.077860304112388,0.005665308363146604,3.0222276563524293,3.2123889222754514,0.19016126592302207,0.7947839231655063,2.7468173936089966,2,2,2,3,3,4,1,0,1,0,0,1
3998839,05d34625-186c-4080-81da-50b6d6e2cdc3,1,46,24,Spain Women's,Claudia Pina Medina,María Méndez Fernández,84.3,28.7,73.5,23.9,11.818629,-11.762638616255167,0.9970401358155684,0.060112785455376364,-0.936927350360192,1.8984399347273921,0.34988114300585826,-1.548558791721534,3.0590815534366693,1.0587659596917551,-2.000315593744914,2.959471832147454,11.363336715732556,1,0,3,0,4,0,0,0,1,0,0,1
3998839,57d7ab16-0937-449a-9f0d-512b0a9c704f,1,46,26,Spain Women's,María Méndez Fernández,Laia Aleixandri López,73.3,23.9,78.3,4.9,19.646883,-5.1085946255847645,0.060112732506266836,0.016141888139285618,-0.04397084436698122,0.34988095622346027,0.16191023429176174,-0.18797072193169853,1.0587656055642103,0.6571219581740372,-0.4016436473901731,11.36333957840126,15.059986215742807,0,0,0,0,0,0,0,0,1,0,0,1
3998839,e7675783-cbcb-42de-b491-2463281392f0,1,46,29,Spain Women's,Laia Aleixandri López,Olga  Carmona García,85.5,4.7,99.1,2,13.865424,5.9909885707030455,0.044537280335307045,0.10490116976729419,0.060363889431987144,0.2997951993885843,0.32652723871615547,0.026732039327571178,0.9635194760323289,0.7809017132934821,-0.18261776273884678,12.647247982844,7.017903398741487,0,0,0,0,0,1,0,0,1,0,0,1
3998839,06d241ea-3ba7-420a-b69c-2fd8155d3f27,1,46,33,Spain Women's,Alexia Putellas Segura,Laia Aleixandri López,91.3,5.3,85.3,2.8,6.5,-5.840823072475217,0.5848083200473634,0.06810432585526409,-0.5167039941920993,1.000681710396689,0.30367130464777864,-0.6970104057489104,1.7157398172859653,0.868300502862809,-0.8474393144231562,1.9555906763253053,8.625892565121251,1,0,1,0,1,0,0,0,1,0,0,1
3998839,eced1439-26ad-4570-9bea-dc48ebddfa4e,1,46,34,Spain Women's,Laia Aleixandri López,María Francesca Caldentey Oliver,84.2,3.3,86.3,13,9.924717,8.087135069963637,0.08682478707945489,0.5674729277146983,0.48064814063524336,0.40073835207128566,1.1928603264721598,0.7921219744008741,1.096665892514574,2.182012093639165,1.0853462011245911,8.648573403916421,2.5490197365064255,0,1,0,1,0,1,0,0,0,0,0,0
3998839,26c11c01-2c23-47b6-b6f4-e3403db15ddc,1,46,35,Spain Women's,María Francesca Caldentey Oliver,Laia Aleixandri López,86.3,13,83.8,3.7,9.630161,-8.083233943313672,0.5674729277146983,0.0516807326478158,-0.5157921950668825,1.1928603264721598,0.32200170240362347,-0.8708586240685363,2.182012093639165,0.9968109744329735,-1.1852011192061918,2.5490197365064255,11.288674051160557,1,0,1,0,1,0,0,0,0,0,0,0
3998839,73a5efff-e553-433b-a462-6ef36ca3eb87,1,46,37,Spain Women's,Laia Aleixandri López,Alexia Putellas Segura,83.8,3.7,93.3,2.2,9.617692,4.986461549043298,0.04536435434338802,0.11703986698683853,0.07167551264345051,0.30346193179038894,0.4710329437194874,0.16757101192909846,0.9660405490493916,1.1842110899309835,0.21817054088159182,12.16135856724947,8.609682777503087,0,0,0,0,0,0,0,0,0,0,0,0
3998839,e9feae60-fd95-4174-84f7-56eb8c5ba9bf,1,47,18,Spain Women's,Ona Batlle Pascual,Olga  Carmona García,51,51.6,44.4,4.1,47.956333,-13.72264093286789,0.10496941513838492,0.00038850443671828536,-0.10458091070166664,0.43496538749516717,0.014373939641322062,-0.4205914478538451,1.0656087475631983,0.12713242891173676,-0.9384763186514615,8.142500629785708,24.529273051693156,0,0,0,0,0,0,0,0,1,0,0,1
3998839,12b10d12-0090-47b9-a82a-38d728e388bb,1,47,27,Spain Women's,Olga  Carmona García,Alexia Putellas Segura,61.7,8,66.9,2.4,7.641989,1.4404590965825435,0.07262162846418801,0.07928127510498735,0.0066596466407993354,0.3427720383166062,0.333557474291252,-0.0092145640253542,0.992662018294873,0.915844300139082,-0.07681771815579097,8.671989932636231,8.244085569993254,0,0,0,0,0,0,0,0,1,0,0,1
3998839,02e96159-2e93-4083-894f-6a3327b24e62,1,47,28,Spain Women's,Alexia Putellas Segura,Claudia Pina Medina,69.8,2.4,77.8,2,8.009994,5.932338036021079,0.14153197245168603,0.19650204211762137,0.054970069665935345,0.43398455788053447,0.5126257058039171,0.07864114792338261,1.018592930752222,1.0482270675231957,0.029634136770973818,6.260383397129615,5.438435169490625,0,0,0,0,1,1,0,0,1,0,0,1
3998839,c6e58854-7095-4c0a-8b24-c8075efa0fd4,1,47,30,Spain Women's,Claudia Pina Medina,Alexia Putellas Segura,77.8,2,64.8,2.6,13.013839,-9.889157839163538,0.5596967874486961,0.14087794690458624,-0.4188188405441099,0.9496946773484544,0.4349973636438615,-0.5146973137045929,1.520692055442392,0.9901902150174658,-0.5305018404249261,2.2913130696004926,6.391640391850488,1,0,1,0,2,1,0,0,1,0,0,1
3998839,33a65203-73fb-40cc-a609-c08e31664311,1,47,41,Spain Women's,María Méndez Fernández,Laia Aleixandri López,50.6,53.3,52.2,33.2,20.163582,2.5227825996191484,0.107989215895057,0.03895850781184464,-0.06903070808321235,0.33260414370685354,0.22140691925137704,-0.1111972244554765,0.8086593091266322,0.7286756288699815,-0.0799836802566507,6.867100841423367,10.536175571820435,0,0,0,0,1,0,0,0,1,0,0,1
3998839,d373d8d9-c7ba-4d0f-aa75-404b4391c73f,1,47,44,Spain Women's,Laia Aleixandri López,Olga  Carmona García,57.4,27.6,65.7,5.7,23.420076,-0.40970833482762004,0.4543495033742843,0.07751287031712872,-0.3768366330571556,0.7933231213722707,0.36939369127838023,-0.42392943009389045,1.4264824306379627,1.0299572361246185,-0.3965251945133441,2.5351360902581255,8.788287529076936,1,0,1,0,1,0,0,0,0,0,0,0
3998839,8e58ed9f-7333-4ffe-9e84-9b79ded97645,1,47,46,Spain Women's,Olga  Carmona García,Claudia Pina Medina,70.4,4.1,84.2,2,13.958868,9.021170804347115,0.12829550020168048,0.20663293641402103,0.07833743621234054,0.47067917161165107,0.5465634463657142,0.07588427475406312,1.1614890252280123,1.1292500087085557,-0.0322390165194566,6.99362912283151,5.241453847432188,0,0,0,0,1,1,0,0,0,0,0,0
3998839,11165303-cb02-46c2-abc9-0519c7b3bf45,2,45,2,Spain Women's,Patricia Guijarro Gutiérrez,Ona Batlle Pascual,48,47,48,62.6,15.6,-3.1241561601132446,0.015231874835153926,0.01363177984484518,-0.0016000949903087463,0.13746600669753004,0.1082657677782736,-0.029200238919256438,0.5423078314854585,0.4343897771332795,-0.107918054352179,14.216560983572462,13.265770268355311,0,0,0,0,0,0,0,0,1,0,0,1
3998839,4f1a6a43-bd4a-4c6d-b94c-f60784af2431,2,45,7,Spain Women's,Ona Batlle Pascual,Victoria López,51.3,64.2,63.4,73.1,15.020653,7.269640037347415,0.058949864993058605,0.14927872731448577,0.09032886232142717,0.28991632367334363,0.44277806872023584,0.1528617450468922,0.822072453007331,1.0396944561817951,0.21762200317446412,10.07116149971106,6.022931896086863,0,0,0,0,0,1,0,0,1,0,0,1
3998839,3a3d284e-c741-4492-9fc8-b9f051d51b8a,2,45,8,Spain Women's,Victoria López,Ona Batlle Pascual,63.4,73.1,54.1,73.9,9.334345,-8.540107945692213,0.2021534353627085,0.033147165999047705,-0.16900626936366078,0.5155692273184611,0.17681560760122333,-0.3387536197172378,1.1247535330517473,0.5646631330894738,-0.5600903999622735,5.038048596343081,10.584927723010281,0,0,0,0,1,0,0,0,1,0,0,1
3998839,12e8e83d-e08b-4dc8-90da-0046e5195965,2,45,13,Spain Women's,Ona Batlle Pascual,María Méndez Fernández,54.9,67.5,42.1,64.7,13.102672,-11.05201150291721,0.058055354555205274,0.04845559187207398,-0.009599762683131292,0.2815785134357642,0.20231474155307705,-0.07926377188268713,0.7665776346646218,0.5278585964442898,-0.23871903822033202,10.090506056084427,9.391237973891103,0,0,0,0,0,0,0,0,1,0,0,1
3998839,247c5aa8-ab87-44fd-8d62-1e7d1f2e8a59,2,45,14,Spain Women's,María Méndez Fernández,Ona Batlle Pascual,42.1,64.7,53.1,73.1,13.84052,7.081484465942452,0.04845559187207398,0.0350282453368269,-0.013427346535247082,0.20231474155307705,0.21522722087765103,0.012912479324573983,0.5278585964442898,0.6381063660262818,0.110247769581992,9.391237973891103,12.468598033944215,0,0,0,0,0,0,0,0,1,0,0,1
3998839,31cc54de-145a-420a-a907-14fd595da455,2,45,16,Spain Women's,Ona Batlle Pascual,María Méndez Fernández,53.1,73.1,43.2,61.9,14.948244,-5.220836940427162,0.03424861158800514,0.041225497601354015,0.006976886013348872,0.2141951607991859,0.18493061040037967,-0.02926455039880624,0.6387660757294108,0.49372409668747436,-0.14504197904193644,13.177939584008792,9.955562930342344,0,0,0,0,0,0,0,0,1,0,0,1
3998839,3cb5488a-2c60-4c38-ac11-0061b2c0259b,2,45,18,Spain Women's,María Méndez Fernández,Laia Aleixandri López,42.6,55.7,44.4,36.8,18.985521,3.3085676966209263,0.055704358199104936,0.036925851011445125,-0.01877850718765981,0.21954791057395512,0.16205619505368724,-0.05749171552026788,0.5488766862052684,0.44410725423862923,-0.10476943196663918,9.004946818438826,10.03160178416985,0,0,0,0,0,0,0,0,1,0,0,1
3998839,1164c992-2383-4632-9ff2-49082c963152,2,45,21,Spain Women's,Laia Aleixandri López,María Méndez Fernández,44.4,33.7,45.2,45.7,12.026637,0.8451810758613618,0.06790177079043083,0.03349987515419685,-0.034401895636233984,0.2288315830400051,0.18308313012511565,-0.04574845291488944,0.5402487903416388,0.5301280808379405,-0.010120709503698255,8.169655016295891,11.137118682393337,0,0,0,0,0,0,0,0,1,0,0,1
3998839,f1e778db-37d1-4d3d-98fb-82ce6b3f7f4e,2,45,24,Spain Women's,María Méndez Fernández,Laia Aleixandri López,46.5,45.5,51.8,27.6,18.668154,4.387387743669819,0.06152537991432028,0.08066177562313609,0.019136395708815812,0.23232093357612787,0.2693116522140686,0.036990718637940734,0.5713842361211182,0.6355867769720743,0.06420254085095611,8.670635025876512,7.749194337513591,0,0,0,0,0,1,0,0,1,0,0,1
3998839,44dc2f0b-cb78-430b-9d18-3b30aff1c973,2,45,28,Spain Women's,Laia Aleixandri López,Olga  Carmona García,55.4,23.3,63.4,4.8,20.155643,0.07085205322582055,0.16818529400716759,0.16399940135421495,-0.004185892652952633,0.42097042095540127,0.3912209713203767,-0.029749449635024572,0.8892723351371328,0.7939432107153377,-0.09532912442179509,5.504330709203337,5.499916756455674,0,0,0,0,1,1,0,0,1,0,0,1
3998839,246ece15-8ea7-4630-872d-969a4de3f860,2,45,33,Spain Women's,Olga  Carmona García,María Francesca Caldentey Oliver,82.5,9.7,84.6,20.2,10.707941,7.650344363242432,1.2049224975875799,1.0306296519922789,-0.174292845595301,1.9375968935682093,1.8841057406914354,-0.05349115287677386,2.831679986817542,2.9856087739082215,0.15392878709067936,1.6598061995748814,1.9168512325088598,2,1,2,2,3,3,0,1,1,0,0,1
3998839,1dd0a29a-2776-4ea0-8cb3-3843fef6acf6,2,45,34,Spain Women's,María Francesca Caldentey Oliver,Alexia Putellas Segura,84.8,20.4,77.2,5.4,16.81547,-14.747395320082418,1.0306300107842812,0.038363083238870756,-0.9922669275454105,1.8841058386544929,0.22819635911150515,-1.6559094795429878,2.985608697032597,0.7533380975952234,-2.2322705994373737,1.9168473642103765,10.462560711108065,1,0,2,0,3,0,1,0,1,0,0,1
3998839,af72ce06-7dda-4983-aba1-8c8efb18284b,2,45,36,Spain Women's,Alexia Putellas Segura,Olga  Carmona García,77.2,5.4,93,4.1,15.853391,10.11631155204816,0.04975930973935783,0.2225174088556277,0.17275809911626988,0.2547059915774349,0.6161065074711382,0.36140051589370326,0.7890283893600369,1.2881976943027742,0.49916930494273726,9.529161574458579,5.458635792222242,0,0,0,0,0,1,0,0,1,0,0,1
3998839,c4d79576-ed10-464a-abc3-a9ccf4d74850,2,45,38,Spain Women's,Olga  Carmona García,Alexia Putellas Segura,91.5,2.8,81.2,2.8,10.3,-6.889564895534988,0.6636943464413816,0.07080026468307284,-0.5928940817583087,1.1254230091851025,0.3177144694874901,-0.8077085396976125,1.7655140534875453,0.8457799464517459,-0.9197341070357994,1.9836870599762577,9.079168948430105,1,0,1,0,2,0,1,0,1,0,0,1
3998839,7fbe1909-34c9-40b9-835e-0abb8c59dba0,2,45,40,Spain Women's,Alexia Putellas Segura,María Francesca Caldentey Oliver,81.2,2.8,76.6,12.5,10.7354555,2.3729418713356054,0.18522865571641003,0.43350147362047603,0.248272817904066,0.518519960977271,0.9543254158135921,0.43580545483632105,1.094805364307646,1.6871309150947962,0.5923255507871501,5.646851554267024,4.576615327791119,0,0,0,1,1,2,0,0,1,0,0,1
3998839,0404cf80-9db3-44f9-b92f-7d5ecafaba39,2,45,41,Spain Women's,María Francesca Caldentey Oliver,Alexia Putellas Segura,76.6,12.5,77.7,2.5,10.060318,-5.150026200066598,0.43350147362047603,0.11640342326543522,-0.3170980503550408,0.9543254158135921,0.44178251845752653,-0.5125428973560655,1.6871309150947962,1.0377911725442073,-0.6493397425505889,4.576615327791119,8.368864649715231,0,0,1,0,2,0,0,0,1,0,0,1
3998839,e4440075-dd07-4acc-a17e-f9f7e14a46ac,2,45,44,Spain Women's,Alexia Putellas Segura,Olga  Carmona García,80.5,3.8,86.6,3.3,6.1204576,3.9557411344910776,0.3456473200048854,0.7079089075631703,0.36226158755828486,0.7414832376179115,1.1330205041594874,0.39153726654157595,1.330069662261939,1.7169636784444513,0.3868940161825123,3.8308550444009577,1.853405848889417,0,1,1,1,1,2,0,0,1,0,0,1
3998839,ae540b29-9a03-403e-bb7f-22864edd0512,2,45,45,Spain Women's,Olga  Carmona García,María Francesca Caldentey Oliver,86.4,3.6,72,2.5,14.441953,-11.374764676469297,0.8396470684875713,0.19886036402314086,-0.6407867044644304,1.2336323260541002,0.49830019428515393,-0.7353321317689463,1.7920954912227907,1.0082823632659452,-0.7838131279568454,1.2089910513036832,5.160751400142076,1,0,1,0,2,1,0,0,1,0,0,1
3998839,babe5a0a-ac37-44d4-9896-ce5d036c5d6a,2,45,49,Spain Women's,María Francesca Caldentey Oliver,María Méndez Fernández,68,5.9,57.2,38.1,33.96292,-0.645055933071319,0.7739338912841557,0.011230248996853546,-0.7627036422873021,1.0688995378982293,0.11808136234997368,-0.9508181755482557,1.618046185333042,0.5059100628123121,-1.1121361225207298,0.9228753529382239,16.29933565234954,1,0,1,0,1,0,1,0,1,0,0,1
3998839,191c8f0f-cc60-4c8d-9a3d-688f79dd66a9,2,45,53,Spain Women's,María Méndez Fernández,Victoria López,62.8,46.5,76.4,46,13.609188,13.557225807382146,0.13833935727147978,0.7609184947066223,0.6225791374351426,0.44500499859139764,1.6147587245427333,1.1697537259513355,1.094701028904856,2.731268719555258,1.636567690650402,6.341516514381503,3.1472721642277164,0,0,0,1,1,4,0,0,1,0,0,1
3998839,35975130-9b72-417f-8fba-0f2d3b675eb1,2,45,54,Spain Women's,Victoria López,Ona Batlle Pascual,76.6,46,71.3,63.1,17.902514,-10.088051350320072,0.7609187787349532,0.04976135897332908,-0.711157419761624,1.6147590403798917,0.2741171194886149,-1.3406419208912768,2.731269042333831,0.8616778218309491,-1.8695912205028817,3.1472695792821668,9.846090100730887,0,0,1,0,4,0,0,0,1,0,0,1
3998839,b591c138-44d9-435b-bf0c-bd28e23f3211,2,46,4,Spain Women's,Victoria López,Ona Batlle Pascual,94.3,59.8,102.7,62.4,8.7931795,4.139892037718525,0.9979333625325199,0.39219110275433344,-0.6057422597781864,1.7649835410274732,1.0073176024363582,-0.7576659385911151,2.830048356928539,1.9498809349601824,-0.8801674219683564,2.2367659118503345,4.859286255516149,2,0,2,1,2,2,0,0,1,0,1,1
3998839,02bb2029-3233-4917-ad63-33723ca19a3e,2,46,6,Spain Women's,Ona Batlle Pascual,Athenea del Castillo Belvide,103.5,62.4,102.5,57.3,5.1971145,3.2133128420514616,0.514464714731475,0.9351466132363033,0.4206818985048283,1.1731030483500509,1.8113127640798954,0.6382097157298445,2.146153752917895,2.9470755967083373,0.8009218437904422,4.4191270597436105,3.1133630879590077,0,0,2,3,2,4,0,0,0,1,1,1
3998839,8a59be98-c17f-4303-8a6e-07f41d755306,2,46,7,Spain Women's,Athenea del Castillo Belvide,Ona Batlle Pascual,102.5,57.3,110.4,62.1,9.2439165,0.512702132738962,0.9351466132363033,1.0626044110697086,0.12745779783340527,1.8113127640798954,1.698842488154526,-0.11247027592536929,2.9470755967083373,2.5945880020307013,-0.352487594677636,3.1133630879590077,1.8919615275327124,0,2,3,2,4,2,0,0,0,1,1,1
3998839,f061fe92-46f3-4b35-9c06-f08074668bbb,2,46,8,Spain Women's,Ona Batlle Pascual,Alexia Putellas Segura,110.4,62.1,108.9,47,15.17432,10.972139451112987,1.0626044110697086,1.0363870203104597,-0.026217390759248893,1.698842488154526,2.1001996746528717,0.4013571864983456,2.5945880020307013,3.4028621048590546,0.8082741028283533,1.8919615275327124,2.068494142006024,2,1,2,2,2,4,0,0,0,1,1,1
3998839,e37258e2-c4ab-4636-8965-44e33b31a636,2,47,6,Spain Women's,Alexia Putellas Segura,María Francesca Caldentey Oliver,94,10.2,101.4,7.1,8.023091,1.7541630276218427,0.41652134423102943,0.3991149985506832,-0.017406345680346214,1.026711666581757,0.9029067237812938,-0.12380494280046328,1.9487881821141804,1.6884938915017076,-0.2602942906124728,4.516964575634142,4.082742320102963,0,0,1,1,2,2,0,0,1,0,0,1
3998839,3ff7f7b2-a1f1-4061-a963-37df3cd75479,2,47,8,Spain Women's,María Francesca Caldentey Oliver,Alexia Putellas Segura,100.2,7.7,92.5,4.6,8.300602,-6.940693789169636,0.9776183963287731,0.26280728157716193,-0.7148111147516112,1.4383797955543107,0.7067109207125987,-0.7316688748417121,2.111774134212838,1.4110988201289185,-0.7006753140839197,1.151157402925694,5.638228595494853,1,0,2,0,2,2,1,0,1,0,0,1
3998839,e45f0513-0079-42c2-9609-5e3c8a11ebab,2,47,9,Spain Women's,Alexia Putellas Segura,Olga  Carmona García,92.2,4.8,85.1,7.4,7.5610847,-2.9034224721704476,0.4697124067382117,0.22592743797929818,-0.2437849687589135,0.9506142546775568,0.6537982495592284,-0.2968160051183284,1.6385541556064906,1.34289282231096,-0.2956613332955307,3.176860191071858,6.66279730803657,0,0,1,0,2,2,0,0,1,0,0,1
3998839,3d91dd1c-04ed-4729-958e-c63f56760338,2,47,12,Spain Women's,Olga  Carmona García,Alexia Putellas Segura,86.1,6.9,93.3,4.8,7.5,3.198879571682518,0.49882682764932873,0.25417199886843606,-0.24465482878089267,1.0102846946550104,0.7391171344025969,-0.2711675602524135,1.745397737190597,1.4879100148195659,-0.25748772237103124,2.951444531957951,6.725113303497305,1,0,1,0,2,2,0,0,1,0,0,1
3998839,e3ac5822-1ff4-41a7-8c2e-5561e74451cc,2,47,15,Spain Women's,Alexia Putellas Segura,María Francesca Caldentey Oliver,94.5,12,104.5,12.3,10.004499,6.1297226499625665,0.7649468208558121,0.8842565045037614,0.11930968364794925,1.4733941085605582,1.510140189338887,0.03674608077832886,2.3952790068700756,2.360252391060895,-0.03502661580918076,2.3095307240090652,2.2861866645361575,1,1,1,2,4,3,0,0,1,0,0,1
3998839,ee9843b0-e64b-46ac-a326-243719df7193,2,47,33,Spain Women's,Laia Aleixandri López,María Francesca Caldentey Oliver,76.1,4.1,87.9,6.6,12.061924,10.385348364359722,0.7918562105459271,0.15661601287362337,-0.6352401976723038,1.2397869017857939,0.5750141602030981,-0.6647727415826957,1.91905816056767,1.3970222936883145,-0.5220358668793554,1.4999731070035667,6.670929167248932,1,0,1,0,2,1,0,0,1,0,0,1
3998839,15694903-6371-447d-bec3-bf505ecf78ad,2,47,37,Spain Women's,María Francesca Caldentey Oliver,Laia Aleixandri López,91.7,7.7,86.1,3.1,7.2470684,-7.164166265289666,0.9498726850239315,0.16560562399369796,-0.7842670610302336,1.5896052609613127,0.5512571470153395,-1.0383481139459732,2.5177957443136774,1.3036475815794715,-1.214148162734206,1.3071438171784204,6.202916942728053,1,0,2,0,2,1,1,0,0,0,0,0
3998839,cdbd493b-e27d-403c-a8b9-b265ed62d8d9,2,48,17,Spain Women's,Alexia Putellas Segura,Olga  Carmona García,71.8,8.7,64.6,2.3,9.633276,-9.539696838109606,0.8728491478256897,0.2796173085424745,-0.5932318392832152,1.2770596216926746,0.6727450205010438,-0.6043146011916308,1.9747146399049458,1.3059804036317713,-0.6687342362731745,0.7831532603157472,4.350694700017029,1,0,1,1,1,1,1,0,1,0,0,1
3998839,4420d91d-9ec9-4e3b-acbf-baf20ae71758,2,48,18,Spain Women's,Olga  Carmona García,María Francesca Caldentey Oliver,64.6,2,71.3,14.8,14.447491,12.346399017262748,0.30174119402766864,0.3986038315507992,0.09686263752313057,0.7014792949085423,1.0340478644573352,0.3325685695487929,1.339299800832228,1.942011317877422,0.602711517045194,4.1063454294634845,4.600676202482209,0,0,1,1,1,2,0,0,1,0,0,1
3998839,e4dd287c-3887-41ac-b3fd-30d6f3510598,2,48,20,Spain Women's,María Francesca Caldentey Oliver,María Méndez Fernández,69,15.8,56.5,30.9,19.60255,-7.6984012733828,0.5788267063211484,0.01828524353784075,-0.5605414627833076,1.2753288665495544,0.15103289519080781,-1.1242959713587466,2.2214013976303844,0.562879928801835,-1.6585214688285492,3.701548069933612,13.079079124072335,0,0,1,0,3,0,0,0,1,0,0,1
3998839,41c59d63-f405-457e-a9d8-85f6cff976e5,2,48,23,Spain Women's,María Méndez Fernández,Ona Batlle Pascual,61.1,38.8,66.9,60.3,22.268587,2.064179778241268,0.05358558793526747,0.024008516213660156,-0.029577071721607315,0.25377692707239563,0.15662042801487264,-0.097156499057523,0.7793570654008434,0.5581141165875514,-0.22124294881329198,9.179921491205107,11.65608070763722,0,0,0,0,0,0,0,0,1,0,0,1
3998839,c6e96d9b-9ecb-4bd2-81be-3452acd2b9e3,2,48,26,Spain Women's,Ona Batlle Pascual,Athenea del Castillo Belvide,69.2,61.3,80.2,74.4,17.105846,2.478669582938359,0.2292104429805824,0.13032729498354592,-0.09888314799703649,0.5131142463494983,0.3790249349337967,-0.13408931141570163,1.032619957075427,0.8237484945623782,-0.2088714625130489,4.56118404141891,6.536882148820803,0,0,1,0,1,1,0,0,1,0,0,1
3998839,7bb28052-be5e-4f6c-8787-2f6cf9bf9e90,2,48,28,Spain Women's,Athenea del Castillo Belvide,Ona Batlle Pascual,75.1,74.4,61.6,70.5,14.052046,-9.321849990763099,0.531659437321884,0.13348319209481369,-0.39817624522707035,0.8830018379737988,0.39751230479656036,-0.4854895331772385,1.3526840771937356,0.8832922553552118,-0.4693918218385238,2.4877565686619714,6.4822366075257,1,0,1,0,2,1,0,0,1,0,0,1
3998839,63b3fa7d-bcba-42a1-b092-257ae18f6950,2,48,31,Spain Women's,Ona Batlle Pascual,María Méndez Fernández,59.3,68.2,52.9,52.7,16.769318,-1.3605027336797804,0.49391317142955193,0.028519560389310052,-0.4653936110402419,0.8067198527246485,0.18233027909718663,-0.6243895736274618,1.3062242028986084,0.588221021484412,-0.7180031814141964,2.2643487923958316,11.678530318711152,1,0,1,0,1,0,0,0,1,0,0,1
3998839,3c0cfde3-dd46-4555-9e8f-ef2e8a5017d4,2,48,34,Spain Women's,María Méndez Fernández,Alexia Putellas Segura,56.5,49.8,78.4,11,44.5539,13.541219233280664,0.05505481499301773,0.13717542436616822,0.0821206093731505,0.29515026136089106,0.45377921487209083,0.15862895351119977,0.8390135726453604,1.0526245843120243,0.21361101166666396,11.297893106476307,6.856454027736517,0,0,0,0,0,1,0,0,0,0,0,0
3998839,db03d1b9-9d11-451b-9561-f7271937d3f1,2,48,41,Portugal Women's,Diana Catarina Ribeiro Gomes,Jéssica da Silva,39.6,52.2,80.5,68.6,44.06552,32.55345964718038,0.9877312781711717,0.11002457558260907,-0.8777067025885626,1.76658447762257,0.2925275025270241,-1.4740569750955461,2.7330598541191153,0.5584196765429945,-2.174640177576121,2.5607411491316068,6.698793975568773,1,0,2,0,3,1,1,0,0,1,1,1
3998839,231fedbb-600b-4d9a-b0d3-80bab7b0d714,2,49,8,Spain Women's,Victoria López,Olga  Carmona García,52.1,56.2,64.1,9.2,48.507732,5.9822170687630845,0.18407081294619437,0.05311710729898666,-0.1309537056472077,0.5984862755364243,0.2289813697099414,-0.3695049058264829,1.2896024793437204,0.6619791006898718,-0.6276233786538487,7.2014168899104325,9.054151963067124,0,0,0,0,1,0,0,0,0,0,0,0
3998839,e0ff769a-b30b-48ed-b933-aa3c1095b3cb,2,49,13,Spain Women's,Olga  Carmona García,María Francesca Caldentey Oliver,72.3,10.2,70.8,20.4,10.309704,3.2831259754811697,0.215626694797044,0.5462045831345382,0.33057788833749424,0.6488448389607689,1.2370887299804023,0.5882438910196334,1.399020200527659,2.1911212650710246,0.7921010645433655,5.5753861572215575,3.6014465177924833,0,0,0,1,1,2,0,0,0,0,0,0
3998839,76768033-0efa-4660-9476-6d6bc6676918,2,49,14,Spain Women's,María Francesca Caldentey Oliver,Olga  Carmona García,70.8,20.4,78.7,8.4,14.366976,0.9579587459293464,0.5462045831345382,0.5610192786853915,0.01481469555085324,1.2370887299804023,1.145454695878292,-0.09163403410211024,2.1911212650710246,1.9403324245356823,-0.25078884053534223,3.6014465177924833,3.397968367934714,0,0,1,1,2,2,0,0,0,0,0,0
3998839,84f244b3-18b2-4189-804b-0dcf345e4072,2,49,40,Spain Women's,Olga  Carmona García,Alexia Putellas Segura,82.5,6.6,88.7,3.1,7.119691,1.830644667261076,0.688334973647096,0.4656636133305633,-0.22267136031653267,1.03991275950257,0.914536439588528,-0.12537631991404186,1.6310677978612818,1.5331678161315254,-0.09789998172975634,1.369273738984357,3.498723864589533,1,0,1,1,1,2,0,0,1,0,0,1
3998839,fbf7fc90-c29f-430d-8c0b-3ec09bcb53f7,2,49,41,Spain Women's,Alexia Putellas Segura,Olga  Carmona García,88.1,2.8,79.5,3.3,8.614523,-5.650142848524034,0.8600200009547567,0.5109107933364325,-0.3491092076183242,1.2186830933064172,1.0158072455616554,-0.20287584774476186,1.7534672937244746,1.793873580280539,0.040406286556064375,0.9005803399604579,2.6373874924163885,1,1,1,1,2,1,1,0,1,0,0,1
3998839,c38ac0f3-8353-4988-9937-c6a03a9474b0,2,49,44,Spain Women's,Olga  Carmona García,Laia Aleixandri López,71.3,5.4,43.9,6.4,27.418242,-23.447706471189406,0.7649277469545519,0.02294887742947861,-0.7419788695250733,1.240331238618016,0.11661651494709241,-1.1237147236709237,1.9429603241540552,0.3332885893182317,-1.6096717348358234,1.4684051453102864,11.396437593566777,1,0,1,0,2,0,0,0,1,0,0,1
3998839,dfa6eef4-0f08-43b6-9a05-7a466d940aa0,2,49,47,Spain Women's,Laia Aleixandri López,Adriana Nanclares Romero,42.6,6.4,29.4,29.6,26.692322,-6.8165227373839485,0.01912047480851493,0.00046069625281410724,-0.018659778555700824,0.09748353885186015,0.009955172916121779,-0.08752836593573837,0.26166243749234236,0.056076449062636174,-0.20558598842970618,11.892440701100119,23.0483148592033,0,0,0,0,0,0,0,0,1,0,0,1
3998839,81d0a700-46d1-42da-b0a2-a3b27f8355b5,2,49,50,Spain Women's,Adriana Nanclares Romero,María Méndez Fernández,32.4,32.7,44.9,56.2,26.617662,11.076236460192192,0.0006322194391443054,0.0024005008697769066,0.0017682814306326012,0.012037067809869528,0.040787118012339904,0.028750050202470376,0.06314303344537357,0.2029902189705116,0.13984718552513803,22.098822030738795,20.08230604197536,0,0,0,0,0,0,0,0,1,0,0,1
3998839,7555401a-c7f5-4f6f-be2e-7c79f406e4dd,2,49,56,Spain Women's,Victoria López,Ona Batlle Pascual,64.1,63.4,70.3,78.7,16.508482,-2.3902342079483105,0.9375828222930502,0.2310247834907296,-0.7065580388023206,1.3184564422858582,0.5472052115794852,-0.771251230706373,1.8698090691268558,1.0442120080252513,-0.8255970611016046,1.0563383634185257,4.939851654482885,1,0,2,1,2,1,0,0,1,0,0,1
3998839,96e39ce9-2687-4cb1-b50a-f1fadb3beddd,2,49,58,Spain Women's,Ona Batlle Pascual,Victoria López,70.8,78.2,63.4,75.1,8.023091,-4.311392314839466,0.27742382277905214,0.3125496251497616,0.03512580237070945,0.6022080281504756,0.6326377058358992,0.030429677685423595,1.086316972186488,1.0843153197814812,-0.0020016524050068263,4.395858757280213,4.007560759411136,0,0,1,1,1,1,0,0,1,0,0,1
3998839,44a3dafd-ca12-40a0-bb6e-594d858376e3,2,50,0,Spain Women's,Victoria López,María Méndez Fernández,59.3,71.1,51.1,64.9,10.280078,-5.057940768905226,0.30717591871986255,0.014839377434256614,-0.29233654128560593,0.5676672330900653,0.1051013449361236,-0.4625658881539417,0.960489497788811,0.36529678286617423,-0.5951927149226368,3.656033200590515,12.940184021928324,0,0,1,0,1,0,0,0,1,0,0,1
3998839,5893759f-7420-48cb-b515-337b8ba5df1c,2,50,2,Spain Women's,María Méndez Fernández,Victoria López,52.4,64.4,60.5,67.5,8.672946,6.3210767346979395,0.011679671737138329,0.03906248924875615,0.027382817511617825,0.09578575907596693,0.2177541365142527,0.12196837743828579,0.3546207590082412,0.6649715866210069,0.31035082761276567,13.801588201108148,10.723916091644265,0,0,0,0,0,0,0,0,1,0,0,1
3998839,6444c0c9-36bf-4a00-b8a8-9da502566437,2,50,7,Spain Women's,Victoria López,Olga  Carmona García,68.2,61.9,73.6,15.1,47.110508,3.580223857596586,0.15879464816795713,0.04377331135169986,-0.11502133681625727,0.5971855127092289,0.2202384755976042,-0.3769470371116247,1.4448010233384503,0.6657388715539537,-0.7790621517844966,8.03382473482938,9.932332598534398,0,0,0,0,0,0,0,0,1,0,0,1
3998839,a09bd3b1-87c3-426e-9fda-cbe1600efd0b,2,50,12,Spain Women's,Olga  Carmona García,Alexia Putellas Segura,75.9,19.9,83.8,31.2,13.787676,11.210364774050795,0.536975063500265,0.4678540376057209,-0.06912102589454411,1.0549763499580458,1.3156989901650327,0.2607226402069869,1.9069470076304311,2.5558985638367844,0.6489515562063533,2.4867296167793267,5.005559843620592,1,0,1,0,1,2,1,0,1,0,0,1
3998839,0ee22f62-53f2-4e8a-b832-34b788133b5c,2,50,14,Spain Women's,Alexia Putellas Segura,Esther Gonzalez Rodríguez,85.1,31.2,100.2,36.5,16.003124,15.885396332745863,0.8841891872404716,1.429285939134876,0.5450967518944044,1.8509761892897023,2.1905297746458037,0.33955358535610136,3.1618362302785097,3.333895251552105,0.1720590212735953,2.573586319010031,0.6216484914196876,1,2,2,2,3,2,0,0,1,0,0,1
3998839,5ad9ccc2-db95-4d30-997f-08c15b3cdfef,2,50,17,Spain Women's,Esther Gonzalez Rodríguez,Alexia Putellas Segura,95.6,34,89.9,30.9,6.4884515,-6.3186303840396185,1.7242999070240084,0.9249244382073336,-0.7993754688166748,2.794723213349438,1.9176688520299972,-0.8770543613194408,4.115676759328527,3.243456130565824,-0.8722206287627028,0.5861368086495803,2.572606295217456,1,1,3,2,5,3,0,0,1,0,0,1
3998839,2f8d4b44-31a2-4684-b50b-7e67badae40c,2,50,17,Spain Women's,Alexia Putellas Segura,Olga  Carmona García,89.9,30.9,98.6,26.1,9.936297,5.927475583759577,0.9249244382073336,0.9154945473914521,-0.009429890815881525,1.9176688520299972,1.8836596469793334,-0.03400920505066374,3.243456130565824,3.1825212884164547,-0.060934842149369395,2.572606295217456,2.395341674312374,1,1,2,2,3,3,0,0,0,0,0,0
3998839,4f0df39e-ead4-4a70-88c6-42d447142af2,2,50,48,Spain Women's,Victoria López,María Méndez Fernández,81.8,14.6,67.2,25.3,18.101105,-8.934380071682867,0.7550250126696979,0.03739050594615405,-0.7176345067235439,1.2012081168281958,0.23888742292088022,-0.9623206939073157,1.9364910748308077,0.745335170657463,-1.1911559041733448,1.2468313398741793,11.962683061698787,1,0,1,0,1,0,1,0,1,0,0,1
3998839,d610c2e2-3aef-42ee-b6b3-8632745a8de5,2,50,51,Spain Women's,María Méndez Fernández,Ona Batlle Pascual,64.9,37.1,70,49.8,13.685759,4.224913668025373,0.03458787218309801,0.050591810945601154,0.016003938762503146,0.2353006493869815,0.23382257176096968,-0.00147807762601182,0.7612565755423206,0.7128652359467195,-0.04839133959560116,12.509531285010143,9.237468554686544,0,0,0,0,0,0,0,0,1,0,0,1
3998839,9dea0686-0d73-4d49-ae7c-297569a1a4a6,2,50,53,Spain Women's,Ona Batlle Pascual,María Méndez Fernández,70,49.8,63.4,43.4,9.193476,-5.750678838168504,0.05731570122744183,0.030264021562899607,-0.027051679664542225,0.25266840403589025,0.19986406983863203,-0.05280433419725822,0.745765534455985,0.6669571289836771,-0.07880840547230794,8.89524443858291,12.29061125579935,0,0,0,0,0,0,0,0,1,0,0,1
3998839,c1bca7d4-bb65-41da-962d-8af64dceb353,2,55,47,Spain Women's,Patricia Guijarro Gutiérrez,Olga  Carmona García,27.3,8.7,28.3,1,7.7646637,-1.8072267184988533,0.6155623996927561,0.1881142407764393,-0.42744815891631677,1.084517902881881,0.6081922141090681,-0.4763256887728129,1.6866705643650117,1.2517621467728568,-0.43490841759215493,2.19780973397253,7.120710604042473,1,0,1,0,2,1,1,0,1,0,0,1
3998839,40a4d971-9d29-40fa-8d17-50e5fddfa3c5,2,55,50,Spain Women's,Olga  Carmona García,Adriana Nanclares Romero,25.3,5.9,5.3,28.1,29.880428,-14.663281697392094,0.557037731506702,0.0024833615988714714,-0.5545543699078305,1.135855322494631,0.04256869623495589,-1.0932866262596752,1.869157370809745,0.22744380442697085,-1.6417135663827742,2.720203950817192,19.870647137273696,1,0,1,0,1,0,0,0,1,0,0,1
3998839,8bef1079-894b-4d66-95b4-b538c298e954,2,55,53,Spain Women's,Adriana Nanclares Romero,María Méndez Fernández,7.9,30.2,21.2,49.8,23.686495,13.242709431134088,0.0035934447118294724,0.0007674368396422915,-0.002826007872187181,0.0495174440858053,0.01762300880455373,-0.03189443528125157,0.23742352029810607,0.12099102949810878,-0.11643249079999729,18.575839910099777,21.80045880527474,0,0,0,0,0,0,0,0,1,0,0,1
3998839,f27bcbfa-3115-4eca-9392-b47dc8625632,2,55,57,Spain Women's,María Méndez Fernández,Ona Batlle Pascual,37,58.5,46.7,70.8,15.66461,5.528706851562802,0.005960256467245233,0.025040445404876942,0.01908018893763171,0.06594501974458578,0.14417661281915042,0.07823159307456465,0.28656467801177155,0.49143633587726104,0.2048716578654895,16.325037724702735,11.282680995817506,0,0,0,0,0,0,0,0,1,0,0,1
3998839,d2f6b8a2-dfa1-4d94-99e0-a1528df2ce9b,2,56,2,Spain Women's,Ona Batlle Pascual,María Méndez Fernández,55.9,75.1,48.3,64.9,12.720063,-2.819678822000128,0.057246815175713284,0.022364396248750414,-0.034882418926962866,0.27898549582061966,0.15860112769783513,-0.12038436812278452,0.7774394872688875,0.5636228633066198,-0.21381662396226764,9.691121179960811,12.430520340593215,0,0,0,0,0,0,0,0,1,0,0,1
3998839,0a5370ce-b3ba-4255-8673-d57f1a8de92e,2,56,4,Spain Women's,María Méndez Fernández,Patricia Guijarro Gutiérrez,49.8,61.3,53.6,49.3,12.587296,6.31215830353068,0.025511796620412065,0.2579812110761951,0.23246941445578304,0.1730701178178827,0.5664306596856973,0.39336054186781455,0.6024173759322174,1.1524950302901753,0.5500776543579579,12.084949380633645,4.234625737709677,0,0,0,1,0,1,0,0,0,0,0,0
3998839,f5e5c9a1-a336-4918-823a-4cdf87645b6c,2,56,5,Spain Women's,Patricia Guijarro Gutiérrez,María Méndez Fernández,53.6,49.3,51.8,62.4,13.223085,-4.73628236900332,0.2382945935622926,0.021931363013523747,-0.21636323054876885,0.5422216909819852,0.16839643392902834,-0.3738252570529569,1.1262169917390787,0.6208849511829242,-0.5053320405561545,4.4763924890908715,12.827147844152785,0,0,1,0,1,0,0,0,0,0,0,0
3998839,e1d73b8e-90a7-44a5-827a-77d0246e7fe2,2,56,7,Spain Women's,María Méndez Fernández,Alexia Putellas Segura,54.5,58.6,75.3,49.1,22.866789,22.472837383078797,0.034189690447888055,0.9261893393758797,0.8919996489279916,0.22310382160533082,1.589512244440234,1.3664084228349034,0.7373238483743346,2.691458679043011,1.9541348306686763,11.963131424165923,0.8807703780802912,0,1,0,1,0,1,0,1,0,0,0,0
3998839,38d1f7bb-39ac-4688-9b01-a1ff21106ab9,2,56,45,Portugal Women's,Diana Catarina Ribeiro Gomes,Tatiana Vanessa Ferreira Pinto,39.9,53,46.3,44.6,10.560303,7.304659116484231,0.14062875205209227,0.4720580758317713,0.33142932377967904,0.41363609258915707,0.9705543687121564,0.5569182761229994,0.8407851004192691,1.6520593546039595,0.8112742541846903,6.519812983321738,3.1671749136801157,0,0,0,1,1,2,0,1,1,0,0,1
3998839,f7a2798a-89ce-4532-ad68-66f1e47c8a49,2,56,47,Portugal Women's,Tatiana Vanessa Ferreira Pinto,Diana Catarina Ribeiro Gomes,42.9,45.6,27.1,52.8,17.36318,-16.474557861304703,0.6786339414450403,0.15154181502799355,-0.5270921264170467,1.1423386369749369,0.47462283356179047,-0.6677158034131464,1.7707673990214903,0.9703464382690083,-0.8004209607524819,1.825296767437384,7.215715535875501,1,0,1,0,2,1,0,0,0,0,0,0
3998839,f0a5720b-6879-49c7-b7ba-72d3f1f737e6,2,56,53,Spain Women's,Victoria López,María Francesca Caldentey Oliver,91.2,32.2,119.3,19.7,30.754837,9.525494842009579,0.7753108033436295,0.7580420260614976,-0.01726877728213183,1.3732668083316788,1.1108469879887437,-0.2624198203429351,2.1938873910366596,1.6983144767781166,-0.495572914258543,1.6921429448293113,1.1425555369604854,1,1,1,1,2,1,1,0,0,0,0,0
3998839,a9fbadd1-3688-4bf0-8ecf-7ef01deb8ef2,2,58,20,Spain Women's,María Méndez Fernández,Adriana Nanclares Romero,17.6,69.3,12.7,44,25.770138,-0.865142173401722,0.02955995694779638,0.005607652718559679,-0.023952304229236703,0.1269143055526826,0.04729856469775673,-0.07961574085492587,0.3242997081291234,0.17559262974062567,-0.14870707838849773,10.577553131854856,15.573055271002723,0,0,0,0,0,0,0,0,0,0,0,0
3998839,f8de65f0-2abb-4b73-ab14-3b5c0193cbf2,2,58,23,Spain Women's,Adriana Nanclares Romero,Laia Aleixandri López,15.3,38.3,32.2,22.5,23.135471,15.186765404694711,0.005339760527690353,0.006037696553845111,0.0006979360261547577,0.047134920451458825,0.06162123911854917,0.014486318667090346,0.1852469182944851,0.2574750903880009,0.07222817209351581,15.7372308845234,15.730943487905462,0,0,0,0,0,0,0,0,1,0,0,1
3998839,c465ae3b-61b6-4352-a859-215711da44cb,2,58,32,Spain Women's,Laia Aleixandri López,María Méndez Fernández,46.7,22.5,47,50.6,28.1016,1.5944943754406609,0.07813596639379064,0.007843744539538188,-0.07029222185425245,0.359013083465543,0.09849396030884565,-0.26051912315669734,0.9479705980453064,0.4671780352055532,-0.4807925628397532,9.775115040317447,16.2479447539055,0,0,0,0,0,0,0,0,1,0,0,1
3998839,4df10f2e-397c-4ec6-819b-bf326a0950a2,2,58,35,Spain Women's,María Méndez Fernández,Athenea del Castillo Belvide,50.1,54.7,73.3,72.8,29.42533,14.361218979138947,0.014141573587571763,0.11016234964068242,0.09602077605311066,0.1431608882449738,0.3583953206037777,0.2152344323588039,0.5946451556829776,0.8345296190004144,0.23988446331743685,15.143629758045355,7.215844858092899,0,0,0,0,0,1,0,0,1,0,0,1
3998839,a306dbb1-5552-431c-ad7a-2346f257a188,2,58,40,Spain Women's,Athenea del Castillo Belvide,Ona Batlle Pascual,80.2,70.3,89.7,74.9,10.555094,3.8033335887221753,0.12648728817657184,0.6054917604986578,0.479004472322086,0.46755337617831927,1.1122441973543429,0.6446908211760236,1.1029358177383586,1.8255948564496403,0.7226590387112817,7.653810204363924,2.386020920689249,0,1,0,1,1,2,0,0,1,0,1,1
3998839,fd996c82-0ebb-4f94-a4c9-9c9ad237b0de,2,58,43,Spain Women's,Ona Batlle Pascual,Victoria López,93.5,74.9,83.5,69,11.610771,-2.7973581901056903,0.8663260026743608,0.1424038863119721,-0.7239221163623887,1.2656894813236472,0.5337532785792554,-0.7319362027443919,1.8183184602996039,1.2799423506028922,-0.5383761096967117,1.2144614541598846,7.360042621419675,1,0,1,0,2,1,1,0,1,1,1,1
3998839,f2b23aa8-6786-437b-8bde-2c9e9579fbe6,2,58,46,Spain Women's,Victoria López,Olga  Carmona García,85.1,63.1,84.1,35.5,27.61811,5.6714253454263,0.4201248218392473,0.12286865264099392,-0.2972561691982534,1.088537989305109,0.5836858923570358,-0.5048520969480732,2.124278402640705,1.530524604473512,-0.5937537981671932,4.186258732533209,9.209628374997205,0,0,1,0,2,0,0,0,0,1,1,1
3998839,81d5eb37-325d-4916-98f5-79ce00ae6043,2,59,28,Spain Women's,Victoria López,Olga  Carmona García,62.6,19.4,73.1,4.6,18.146349,2.2243125199173477,0.14487707094102995,0.3225000052889923,0.17762293434796236,0.5810842796075537,0.6560479323811226,0.07496365277356887,1.425183900623845,1.2110681751624839,-0.21411572546136104,8.576777613452599,3.6909220514098733,0,0,0,1,0,1,0,0,1,0,0,1
3998839,0e0280a4-4499-49ed-a4e3-2c2abf69d299,2,59,29,Spain Women's,Olga  Carmona García,Laia Aleixandri López,73.3,5.4,60.8,10.5,13.50037,-8.0219567639056,0.668854845545622,0.04785264732326584,-0.6210021982223561,0.9829673381887518,0.2954732979477642,-0.6874940402409876,1.4858413873738698,0.9028295290745796,-0.5830118582992903,1.4340462504936906,12.072504453354243,1,0,1,0,1,0,1,0,1,0,0,1
3998839,f3ef6c05-f061-4c92-9f12-a61905a49a8a,2,59,32,Spain Women's,Laia Aleixandri López,Alexia Putellas Segura,62.3,8.9,80.5,9.7,18.217573,15.764763759510132,0.12979327070784674,0.7456307104676303,0.6158374397597836,0.45634478068909823,1.3989625693805574,0.9426177886914592,1.116274759164051,2.3080575590066372,1.1917827998425863,6.830581623898444,3.1423484022048624,0,0,0,2,1,2,0,0,1,0,0,1
3998839,39adf31f-3c5d-4065-99f5-b0ecf50bf54f,2,59,33,Spain Women's,Alexia Putellas Segura,Olga  Carmona García,80.2,9.4,76.1,4.1,6.700746,-6.506378321838611,0.7456309077310282,0.3176932486453123,-0.42793765908571596,1.3989627707547507,0.8551663414307593,-0.5437964293239914,2.308057719009769,1.7071174306753734,-0.6009402883343955,3.1423487709249796,5.458770773050474,0,0,2,0,2,2,0,0,1,0,0,1
3998839,077416bf-783e-40d7-901e-c248a008927c,2,59,35,Spain Women's,Olga  Carmona García,Patricia Guijarro Gutiérrez,73.6,6.4,64.9,11.5,10.084641,-4.746301197897026,0.7188560606941994,0.6815268113664001,-0.03732924932779924,1.2913043544648408,1.2301227485545407,-0.061181605910300085,2.1791626453593955,1.983265039212376,-0.19589760614701945,1.5867876958571183,2.453070386235794,1,1,1,1,1,2,0,0,1,0,0,1
3998839,47a7575a-5e1b-49f9-b29d-870f72d63f9c,2,59,38,Spain Women's,Patricia Guijarro Gutiérrez,Adriana Nanclares Romero,63.1,6.6,30.9,39.1,45.7503,-23.125988215857618,0.5778432286361896,0.00024224176299474827,-0.5776009868731949,1.0263527233915946,0.008146478156155575,-1.018206245235439,1.5903549646971558,0.06622880841001948,-1.5241261562871362,2.427751079025678,25.169239690735434,1,0,1,0,2,0,0,0,1,0,0,1
3998839,7b4fc46a-8e40-46e0-ac51-439d7f27d044,2,59,43,Spain Women's,Adriana Nanclares Romero,María Méndez Fernández,34.5,39.1,48.5,57,22.724657,12.011539746825264,0.0005981562303247748,0.0036938586539705287,0.003095702423645754,0.014153768305083247,0.04801938555042332,0.033865617245340075,0.0939350466058321,0.23016233242086043,0.13622728581502833,22.49376620949537,17.26510204859128,0,0,0,0,0,0,0,0,1,0,0,1
3998839,466c1486-733e-4cdc-9eae-14d3f117a95d,2,59,48,Spain Women's,María Méndez Fernández,Ona Batlle Pascual,62.3,61.3,72,76.2,17.779202,1.3857217658640337,0.046307089414866776,0.1310221690785803,0.08471507966371353,0.2666473849309852,0.37248859650670374,0.10584121157571852,0.84976960552256,0.8442494938082936,-0.0055201117142663625,10.276573980288038,6.313164989718418,0,0,0,0,0,1,0,0,1,0,0,1
3998839,9c9c5c89-2712-48ce-bcc6-d70176266015,2,59,51,Spain Women's,Ona Batlle Pascual,María Méndez Fernández,72,76.2,66.4,68.5,9.521029,-0.5857176103954345,0.4869069020140594,0.04720080369403657,-0.43970609832002283,0.7378284319168394,0.2941116463079493,-0.44371678560889016,1.191945750355219,0.9139228067294789,-0.2780229436257402,2.20620205734272,11.4706929178021,1,0,1,0,1,0,0,0,1,0,0,1
3998839,33311a18-0396-4f16-8fb1-5e1b6fe86836,2,59,53,Spain Women's,María Méndez Fernández,Olga  Carmona García,66.7,66.2,73.8,26.8,40.03461,11.342604064246402,0.1403149129206574,0.027122473728277502,-0.1131924391923799,0.5150572657186419,0.20775966747607433,-0.3072975982425675,1.2624661781388047,0.7480539571644189,-0.5144122209743858,6.852697424925915,12.689080506284077,0,0,0,0,1,0,0,0,1,0,0,1
3998839,84fd7558-b288-421a-bbd4-17f8690a7295,2,59,56,Spain Women's,Olga  Carmona García,María Francesca Caldentey Oliver,81,21.7,98.6,11.5,20.342075,7.440036171037704,0.1486736745512726,0.16824129775480123,0.019567623203528645,0.49545951439987723,0.4242372395442851,-0.07122227485559213,1.161782970402554,0.8747429915948025,-0.28703997880775145,6.4922033299241075,5.556711289682453,0,0,0,0,1,1,0,0,1,0,0,1
3998839,b727f266-8eff-409a-84c6-3f0304692102,2,60,1,Spain Women's,María Francesca Caldentey Oliver,Alexia Putellas Segura,99.4,16.1,102,31.9,16.012495,11.81411342546317,0.7352339140561694,0.7589336911271892,0.02369977707101978,1.2463246948111357,1.7146577114741475,0.46833301666301175,1.92868398403924,3.0379327122235047,1.1092487281842647,3.010881125124811,2.81497981635073,0,1,2,1,2,2,0,0,1,0,1,1
3998839,d6d1cd93-d0c1-48e2-8c11-719037d1b099,2,60,5,Spain Women's,Alexia Putellas Segura,Olga  Carmona García,100.9,27.6,109.4,22,10.1789,1.8829004159853149,1.2801055419147893,0.5204327220600551,-0.7596728198547342,2.3188893440962235,1.0940228286953049,-1.2248665154009186,3.5972956629814696,2.051330502501503,-1.5459651604799665,2.3661386512336855,2.929434863375228,2,1,3,1,3,2,0,0,1,0,1,1
3998839,a7fd6d17-1966-4d8d-b22d-da854fc95493,2,60,8,Spain Women's,Olga  Carmona García,Alexia Putellas Segura,107.3,23.8,105,30.7,7.2732387,2.935623762239949,0.6906171529841821,1.2218556875818112,0.531238534597629,1.5147896878214993,2.3184328338556988,0.8036431460341995,2.7174893352925378,3.706386049383401,0.9888967140908633,3.1457243170566906,1.6624119070838912,0,1,2,2,2,3,0,0,1,1,1,1
3998839,98be2124-72e4-4586-b02c-e27869916e99,2,60,10,Spain Women's,Alexia Putellas Segura,María Francesca Caldentey Oliver,104.5,35.3,101.4,31.9,4.6010866,-4.0902747890571085,1.9336726025617654,1.113701254428416,-0.8199713481333495,3.140819908883164,2.283148072720388,-0.8576718361627758,4.52342560399207,3.6865115679910314,-0.8369140360010388,1.1240450969700602,3.750291547307866,2,0,3,3,5,5,0,0,1,1,1,1
3998839,39c95c35-1050-4181-a32f-5f90673f8343,2,61,41,Portugal Women's,Diana Catarina Ribeiro Gomes,Ana Borges,9.7,63,21.5,75.8,17.409193,7.868434722522522,0.43263386862200537,0.32535601019722277,-0.1072778584247826,0.6801084307927612,0.6084140635795827,-0.07169436721317846,1.0270183538039457,1.0385624935762587,0.011544139772313056,2.5757895131718107,3.4971371481153706,1,0,1,1,1,1,0,0,1,0,0,1
3998839,b0696bfb-addf-4774-b868-2821f44de115,2,61,44,Portugal Women's,Ana Borges,Diana Micaela Abreu de Sousa e Silva,23.8,78.3,43.7,75.5,20.09602,19.38959233054257,0.5454708241063848,0.7658406338745036,0.22036980976811882,0.9054046438464081,0.9457790507351924,0.04037440688878435,1.3875378072604807,1.2598091254721595,-0.1277286817883212,2.236556216447513,0.8515407645954594,1,1,1,1,1,1,1,1,1,0,0,1
3998839,78a7082b-f162-438a-bde3-dfa20f183dc1,2,61,49,Portugal Women's,Diana Micaela Abreu de Sousa e Silva,Tatiana Vanessa Ferreira Pinto,44,70.7,36.6,62.2,11.269872,-4.337717906025006,1.5108125314861214,0.49159121262331323,-1.019221318862808,2.122964568310373,1.2934562360074526,-0.8295083323029204,2.864005203350235,2.3084090142413842,-0.5555961891088508,0.791358323247468,5.210914227424822,2,0,2,0,3,2,1,0,0,0,0,0
3998839,c1660bbd-b9c1-4c39-82b4-c19d51f6fa0b,2,61,50,Portugal Women's,Tatiana Vanessa Ferreira Pinto,Fátima Alexandra Figueira Pinto,36.6,61.7,38.9,43.8,18.047161,4.987875956378417,1.1164971488302007,0.7577617790899601,-0.35873536974024056,1.9479674168983963,1.2573679796147397,-0.6905994372836566,2.934574621013279,1.9908474754023857,-0.9437271456108933,2.281679181339966,1.9031903195791802,2,1,2,2,3,2,0,1,1,0,0,1
3998839,fec0c9c7-24ac-4d5a-a2b8-8c944a246bdc,2,61,51,Portugal Women's,Fátima Alexandra Figueira Pinto,Catarina Amado,40.1,42.3,56.5,28.2,21.62799,15.346024014942358,0.757761431233449,0.06267124649442643,-0.6950901847390225,1.2573677318691454,0.3151326454895418,-0.9422350863796036,1.990847322920826,0.8575226239604449,-1.1333246989603811,1.903192470444746,10.185567738454482,1,0,2,0,2,0,1,0,1,0,0,1
3998839,89fdc3ae-eedc-4913-a369-b372d467b2fb,2,62,7,Spain Women's,Athenea del Castillo Belvide,Victoria López,21.9,66.5,27.6,57.3,10.822661,7.610653919270888,0.7119857008707643,0.7921549862722781,0.0801692854015138,1.0880065266134646,1.3560336265433999,0.26802709992993523,1.6163887827563894,2.108705470211656,0.49231668745526647,1.4261419864719478,1.5753319758578375,1,1,1,1,1,2,0,1,1,0,0,1
3998839,0aca475d-7756-4eec-ace9-d168c6acefc9,2,62,8,Spain Women's,Victoria López,Athenea del Castillo Belvide,26.8,57,36,72.8,18.283325,4.56102787241187,0.7921551294036142,0.22662163164967097,-0.5655334977539432,1.3560337195655008,0.48446217525193785,-0.871571544313563,2.1087055346770684,0.9088465678744533,-1.1998589668026152,1.5753310659621276,4.549823241625179,1,0,1,1,2,1,1,0,1,0,0,1
3998839,2717fdc8-cf6b-44f5-812e-93bfea0b3581,2,62,11,Spain Women's,Athenea del Castillo Belvide,Ona Batlle Pascual,34.5,76.4,24.8,71.8,10.7354555,-7.44488222059843,0.08562065696167812,0.0836453400553052,-0.001975316906372912,0.3026478767883426,0.25801355294571127,-0.04463432384263133,0.7558811234617221,0.6017795183452632,-0.15410160511645887,7.66664124695961,7.508975617670755,0,0,0,0,1,1,0,0,1,0,0,1
3998839,6335c61f-947f-42e6-af13-b578d436eba1,2,62,13,Spain Women's,Ona Batlle Pascual,María Méndez Fernández,24.2,71.3,18.1,60.1,12.753431,-3.079888060447317,0.179597356315229,0.027987777158230826,-0.15160957915699816,0.3810542891473252,0.13497528831319647,-0.24607900083412873,0.7063257552921691,0.4138485789673908,-0.2924771763247783,5.166421548047242,10.785722738456757,0,0,0,0,1,0,0,0,1,0,0,1
3998839,9bc00aa6-31e8-425a-9a9b-16c9c50f69a8,2,62,15,Spain Women's,María Méndez Fernández,Patricia Guijarro Gutiérrez,18.9,58.3,26.3,50.9,10.46518,8.411021963729667,0.038822203684522764,0.04271962253597437,0.0038974188514516034,0.1671223475708006,0.24322555379127997,0.07610320622047936,0.4802488682800343,0.7250970338779614,0.2448481655979271,9.821566087878903,11.138163762949699,0,0,0,0,0,0,0,0,1,0,0,1
3998839,4da19644-058d-4a42-a1a8-aae9262cfe09,2,62,18,Spain Women's,Patricia Guijarro Gutiérrez,Alexia Putellas Segura,29.9,47.8,46.2,25.6,27.541424,15.245239775539758,0.10214370551789208,0.16645786805123028,0.0643141625333382,0.3782667206354133,0.4267535357723824,0.04848681513696912,0.8914351761192958,0.8619025464285078,-0.02953262969078796,7.70780946479362,5.641153892402421,0,0,0,0,1,1,0,0,0,0,0,0
3998839,0141757a-7d7d-4659-bf7a-3a5fd469bdcc,2,62,21,Spain Women's,Alexia Putellas Segura,María Francesca Caldentey Oliver,50.8,22.2,77.2,6.4,30.766865,17.039407974190695,0.8764060407898114,0.1789396851341413,-0.6974663556556702,1.1047836760705445,0.42258650344678955,-0.682197172623755,1.6718334213739983,0.8221973355679535,-0.8496360858060448,0.47171626579960424,5.300452494017484,1,0,1,0,1,1,0,0,1,0,0,1
3998839,c1468d19-c794-4257-993c-a4dbb3aed2a9,2,62,32,Spain Women's,Alexia Putellas Segura,Patricia Guijarro Gutiérrez,91,23.8,79.7,27.1,11.772,-9.096232810228734,0.4427956792011764,0.05421282064503151,-0.3885828585561449,1.0314146811750105,0.2566231939557856,-0.7747914872192249,1.9426294070108951,0.7858770522339027,-1.1567523547769925,4.692982037715168,9.197260948233685,0,0,2,0,2,0,0,0,1,0,0,1
3998839,b2a35a4b-717b-4ad8-bf87-d5f32844ac01,2,62,35,Spain Women's,Patricia Guijarro Gutiérrez,Ona Batlle Pascual,76.9,28.1,81.5,48,20.42474,5.390252552389327,0.16009120697422116,0.01886397165699914,-0.14122723531722203,0.522348409589099,0.1696114930678575,-0.3527369165212415,1.2575738994371688,0.6786194470852396,-0.5789544523519292,6.395418046651849,13.415882923495493,0,0,0,0,1,0,0,0,1,0,0,1
3998839,9950bc9a-7c2d-4722-aca0-db325df32464,2,62,40,Spain Women's,Ona Batlle Pascual,Alexia Putellas Segura,81.8,47,91.7,32.2,17.805899,9.480827678728861,0.1884446268255861,1.005279024724835,0.8168343978992489,0.5432231280401134,1.7984684702807525,1.255245342240639,1.259930247758987,2.9727057327613373,1.7127754850023502,5.440446827586254,1.779316277199934,0,1,0,2,1,2,0,0,1,0,0,1
3998839,c2c5f116-956a-452f-a53d-561294fddbfc,2,62,45,Portugal Women's,Fátima Alexandra Figueira Pinto,Catarina Amado,26.8,30,20.4,22.3,10.012492,-7.425570554994721,0.8778794153956867,0.6595495332373081,-0.21832988215837856,1.5640863348007126,1.0514128102461713,-0.5126735245545413,2.4743208867839432,1.6858942803517531,-0.7884266064321901,2.167680813134053,1.5983182449554945,1,1,2,1,3,1,1,0,1,0,0,1
3998839,9511fed6-f00b-42a9-adaa-f5c4cec7e605,2,62,51,Spain Women's,María Méndez Fernández,Olga  Carmona García,70.8,54.4,77.7,20.4,34.693085,4.64374791243911,0.09915061308419239,0.04634414106002043,-0.052806472024171956,0.42691193652057097,0.22820741465263222,-0.19870452186793874,1.1249815463496222,0.7090781900759475,-0.4159033562736747,8.71413262583753,9.642331293318387,0,0,0,0,0,0,0,0,1,0,0,1
3998839,f4c1eefc-b7b3-46f5-9492-35864b842e26,2,62,57,Spain Women's,Olga  Carmona García,Patricia Guijarro Gutiérrez,76.4,16.4,73.6,27.1,11.060289,1.4175761729274328,0.6135632132008472,0.6456954960331285,0.03213228283228131,0.9803729424758094,1.2222011579891454,0.241828215513336,1.6310346750000364,2.0845982153232345,0.4535635403231981,1.6924268908009334,2.122076161739862,1,1,1,1,1,1,0,1,1,0,0,1
3998839,cd70eaf1-f44d-4ecb-a5d1-397d5f181efe,2,63,0,Spain Women's,Patricia Guijarro Gutiérrez,María Francesca Caldentey Oliver,70.8,13.5,76.6,19.4,8.273452,7.8420078572773875,0.6726890772442579,0.539349998170053,-0.13333907907420484,1.1204127407891742,1.1471148304575474,0.026702089668373175,1.7782040898654412,1.9788896185176965,0.2006855286522553,1.8741241658830003,3.0969057185573505,1,0,1,1,2,2,1,0,1,0,0,1
3998839,8e12e743-cde4-4acb-a080-e56f71d1d05d,2,63,1,Spain Women's,María Francesca Caldentey Oliver,Patricia Guijarro Gutiérrez,76.6,19.7,66.2,21.5,10.55462,-8.978973182868074,0.5393500860867924,0.6164225994844684,0.07707251339767607,1.1471149201074828,1.0935722423753063,-0.05354267773217658,1.9788896860315877,1.7116746151253792,-0.26721507090620844,3.096905097818364,3.0061650956392274,0,0,1,2,2,2,0,0,1,0,0,1
3998839,f93367b7-19e1-4506-aced-7a6a6a8472a3,2,63,3,Spain Women's,Patricia Guijarro Gutiérrez,María Méndez Fernández,64.4,21.2,64.9,41.9,20.706038,3.5596697020007113,0.6787139085524704,0.01284514779807491,-0.6658687607543955,1.1235638290614076,0.14608853907009162,-0.9774752899913159,1.7096978244606822,0.6397340495856211,-1.069963774875061,2.235940731341719,16.07533783593801,1,0,1,0,2,0,1,0,1,0,0,1
3998839,3c16af6a-6cbb-4a56-a415-e0af2df5da79,2,63,10,Spain Women's,Athenea del Castillo Belvide,Ona Batlle Pascual,94,67,103.5,73.6,11.567627,0.050589947323402384,0.9753841494216396,0.0521757080188671,-0.9232084414027726,1.3490662860124536,0.24029416967412742,-1.1087721163383262,1.8841226067244332,0.6614274248077676,-1.2226951819166656,1.081432569748155,10.210747763038402,1,0,2,0,2,0,0,0,1,0,0,1
3998839,5be004b1-5229-40b4-8fab-9ed974aa0b64,2,63,20,Spain Women's,María Méndez Fernández,Alexia Putellas Segura,84.1,62.1,89.7,55,9.042677,8.347473168587442,0.030643074668343206,1.0201090033520264,0.9894659286836831,0.23918808355698154,1.5189474542996975,1.279759370742716,0.8317930090410338,2.4089230686324052,1.5771300595913713,13.144373587762349,0.38797375096107967,0,1,0,1,0,2,0,0,1,0,0,1
3998839,24c7c2f1-45d0-4925-92b7-f8e5d8abba29,2,63,20,Spain Women's,Alexia Putellas Segura,María Méndez Fernández,89.9,55.2,82.3,65.4,12.720063,-11.738050574232822,1.0201075206091523,0.04568427601496249,-0.9744232445941898,1.5189463488820516,0.2858179329952432,-1.2331284158868083,2.4089221859000407,0.8992333152148122,-1.5096888706852285,0.387978382779078,10.93612512737055,1,0,1,0,2,0,0,0,1,0,0,1
3998839,783ff974-e21e-45ef-913d-e85f9011afb9,2,63,23,Spain Women's,María Méndez Fernández,Victoria López,81.8,62.4,88.9,51.1,13.345411,11.2616715085477,0.15868932468508376,0.36212279030283173,0.20343346561774797,0.5656078660134497,1.1559502266645487,0.590342360651099,1.3320534953388614,2.4328467855650855,1.100793290226224,6.936805814775294,5.785598737079899,0,0,0,0,1,2,0,0,1,0,0,1
3998839,b285868a-b82c-4c96-b6e2-346dbfabc4d5,2,63,35,Portugal Women's,Diana Catarina Ribeiro Gomes,Jéssica da Silva,5.9,29.5,27.6,19.3,23.977697,19.891825683983313,0.48041687041518355,0.6400138145219325,0.15959694410674896,1.1427756631166346,0.9453352145528648,-0.19744044856376974,1.9861883248264203,1.5387783963926451,-0.44740992843377514,4.737591069436293,1.461433492462232,0,1,1,1,3,1,0,1,0,0,0,0
3998839,5801c7db-8e57-4be3-a151-1d0555eacb2d,2,63,43,Portugal Women's,Ana Borges,Andreia Alexandra Norton,20.2,48.4,19.7,35.4,13.009612,-0.2525450063789094,0.8137867674114497,0.5544437066653316,-0.2593430607461181,1.401564174435927,1.1868489603690502,-0.21471521406687688,2.244896317310618,2.135722709151946,-0.10917360815867205,1.7072787936775153,2.9934795415610025,1,1,1,1,2,2,0,0,1,0,0,1
3998839,a5e32bf3-ca71-420c-b590-c6e39165c02a,2,63,44,Portugal Women's,Andreia Alexandra Norton,Ana Rita Silva Seiça,19.4,35.4,16.6,37.2,3.3286633,-2.7327900070243345,0.5544436686670525,0.3098143895910627,-0.2446292790759898,1.186848959214058,0.8828394067178787,-0.30400955249617934,2.1357227477906937,1.8169049667831711,-0.31881778100752256,2.9934800938942505,5.93149574607785,1,0,1,0,2,2,0,0,0,0,0,0
3998839,16a4272e-e31c-4ad5-b177-70b5298ba038,2,63,45,Portugal Women's,Ana Rita Silva Seiça,Jéssica da Silva,16.6,37.2,42.2,28,27.202942,24.717893915159635,0.31022628310428296,0.21928244653826073,-0.09094383656602223,0.8845357469496237,0.6458960664569319,-0.2386396804926918,1.8134496164510874,1.377911855913597,-0.4355377605374904,5.9080844940541075,6.5407813546414335,0,0,0,0,2,2,0,0,1,0,0,1
3998839,8b0f33e3-e6ee-4ce0-851c-00dede2082c9,2,63,56,Portugal Women's,Jéssica da Silva,Catarina Amado,55,2.4,34.5,2.1,20.502195,-18.43190261255684,0.9227947386005513,0.04763337063035015,-0.8751613679702012,1.5806909467423647,0.2511917241299832,-1.3294992226123814,2.474798370068745,0.7427922999446256,-1.7320060701241191,1.642634329263388,11.259728569837321,1,0,2,0,3,0,0,0,1,0,0,1
3998839,d63d06eb-7318-49ea-bfe4-bbd051bc8c06,2,63,59,Portugal Women's,Catarina Amado,Fátima Alexandra Figueira Pinto,34.5,2.1,38.3,9.6,8.407735,6.351049837518488,0.1916891186745821,0.46877961420597086,0.27709049553138876,0.5349290834786605,1.064071611081825,0.5291425276031644,1.1020161956613819,1.9020993325806965,0.8000831369193147,6.648752733635343,4.241966897263538,0,0,0,1,2,2,0,0,1,0,0,1
3998839,e90eeeb5-2bf4-49fd-8c3e-bafa76ed43f3,2,64,2,Portugal Women's,Fátima Alexandra Figueira Pinto,Catarina Amado,36.3,8,30.4,1.6,8.7045965,-7.873358215379369,0.7248003144017542,0.13199493142334492,-0.5928053829784092,1.1921939393366572,0.3929858408953862,-0.799208098441271,1.8165819957607272,0.8724615813159963,-0.9441204144447309,2.6607144781492407,6.511054546151122,1,0,2,0,2,1,0,0,1,0,0,1
3998839,ec6a3fbf-4b57-495a-b765-f77c283045a6,2,64,4,Portugal Women's,Catarina Amado,Fátima Alexandra Figueira Pinto,29.6,1.6,42.7,0.9,13.118689,11.591508837367911,0.18544696545107622,0.5069984940100096,0.32155152855893343,0.4829987185585692,0.8729237901274428,0.3899250715688736,0.9825703398212035,1.4513089618808679,0.46873862205966443,5.580544879602898,2.360989980396448,0,1,0,1,1,1,0,0,1,0,0,1
3998839,7612146f-28bf-43c4-9370-f80e1a55a242,2,64,6,Portugal Women's,Fátima Alexandra Figueira Pinto,Diana Micaela Abreu de Sousa e Silva,48.6,1.1,57.8,10.8,13.368994,12.596075160070072,0.90688924967209,0.9933117416817522,0.08642249200966223,1.2138206743333995,1.578448825164572,0.3646281508311726,1.7745052101543308,2.360643217534654,0.5861380073803231,0.5464288146909022,1.2661240234593771,1,1,1,2,1,2,1,1,1,0,0,1
3998839,94494699-c63a-418c-9299-8163ff50c7bf,2,64,13,Portugal Women's,Diana Micaela Abreu de Sousa e Silva,Ana Borges,82.3,31.8,91.8,54,24.147257,7.097508065074145,0.5279112882663368,0.23088125744606772,-0.29703003082026913,1.1810649892078628,0.5450781019870914,-0.6359868872207715,1.9454492664389629,1.0607195248002417,-0.8847297416387212,4.528527394548228,4.719568508271911,0,0,1,1,3,1,0,0,0,1,1,1
3998839,d61f1330-7366-47e6-a289-692c839e8d71,2,64,15,Portugal Women's,Ana Borges,Andreia Alexandra Norton,91.8,54,86.9,46.6,8.875246,-2.2676283827611883,0.453152110140995,0.248456506938599,-0.204695603202396,0.850113539645752,0.8503801697199637,0.0002666300742116823,1.4826317115994332,1.8021393233961573,0.31950761179672416,2.7315155165842873,7.355697976512924,1,0,1,0,1,1,0,0,0,1,1,1
3998839,ccd0d69e-04f5-42b9-8906-4a59482a1a0d,2,64,40,Portugal Women's,Fátima Alexandra Figueira Pinto,Diana Micaela Abreu de Sousa e Silva,49.3,34.6,57.5,38.2,8.955445,8.38000896147912,0.15980635265470008,0.3787373521703338,0.2189309995156337,0.5047692462194562,0.9553954269782087,0.4506261807587525,1.1252834336064692,1.747708319840077,0.6224248862336077,6.184871847081219,6.089956639207736,0,0,0,0,1,3,0,0,0,0,0,0
3998839,90e2f2d8-1019-4a9f-a765-c3bac12f3e18,2,64,46,Spain Women's,Ona Batlle Pascual,Patricia Guijarro Gutiérrez,57.7,53.4,61.1,49.6,5.0990195,4.047583857968746,0.302474708988561,0.5925116436422921,0.29003693465373115,0.7921970235874712,1.243013849652537,0.4508168260650657,1.5750230586380465,2.139680432060235,0.5646573734221885,5.1588222766083796,3.3653428936384158,0,0,0,1,2,2,0,0,1,0,0,1
3998839,9bb146b0-52cf-46d5-a1bd-becb4de1b5cf,2,64,48,Spain Women's,Patricia Guijarro Gutiérrez,Athenea del Castillo Belvide,65.1,50.4,69,79.2,29.062862,-8.448108478350733,0.7579053664900537,0.00877673694616957,-0.7491286295438842,1.5861377495812299,0.08346585477976581,-1.5026718948014641,2.738323382390826,0.36854417482308177,-2.369779207567744,3.7462584489049626,14.753687251704863,0,0,2,0,3,0,0,0,1,0,0,1
3998839,cfe51d65-1053-41df-ba61-c9d802aee115,2,64,53,Spain Women's,Athenea del Castillo Belvide,Ona Batlle Pascual,65.9,78.7,61.3,69.8,10.018483,0.6858434508301343,0.00918636728395945,0.02624446291848503,0.01705809563452558,0.0933364876268584,0.18300418090101392,0.08966769327415552,0.4071918204960362,0.6593793128418858,0.2521874923458496,15.341860019366312,11.677734147439814,0,0,0,0,0,0,0,0,1,0,0,1
3998839,5770fa06-e383-46ef-bfd4-b304ae196e90,2,64,55,Spain Women's,Ona Batlle Pascual,María Méndez Fernández,61.8,68.2,55.7,55.2,14.360014,-1.4000615329244255,0.12209238044101915,0.05295212331761773,-0.06914025712340142,0.3864500469616862,0.2866718640826087,-0.09977818287907753,0.9565352478644917,0.8153182431758144,-0.14121700468867737,6.557992172487148,11.390530662533171,0,0,0,0,1,0,0,0,1,0,0,1
3998839,3b84c915-0f2e-4df2-b1f4-5cebd1e290b4,2,64,57,Spain Women's,María Méndez Fernández,Olga  Carmona García,58.2,52.4,69.2,14,39.94446,5.964759844981593,0.10168761147338834,0.013126498071908506,-0.08856111340147983,0.4296722454606834,0.11893458714327843,-0.31073765831740496,1.0809699261303942,0.48720184982518155,-0.5937680763052127,9.237055752679781,13.931456031040241,0,0,0,0,0,0,0,0,1,0,0,1
3998839,90f65c08-2314-49db-830e-656fa0ece5bd,2,65,0,Spain Women's,Olga  Carmona García,María Francesca Caldentey Oliver,74.6,12.5,87.1,6.6,13.822446,6.196767595401617,0.07448942643755248,0.030286832027079044,-0.04420259441047343,0.2896980816554454,0.17295139796804332,-0.1167466836874021,0.78115389800877,0.5148421936772551,-0.26631170433151485,8.139882064219297,12.007356818277449,0,0,0,0,0,0,0,0,1,0,0,1
3998839,f2c541df-6857-4902-a533-35af134903a4,2,65,4,Spain Women's,María Francesca Caldentey Oliver,Alexia Putellas Segura,91,14,97.6,26.8,14.401389,12.948684188300884,0.604416539778363,0.863262389485752,0.258845849707389,0.9453460182467681,1.4254183423752278,0.4800723241284597,1.4610357407061318,2.291844487783017,0.830808747076885,1.8335548005969102,1.0492625180042408,1,1,1,1,1,1,0,1,1,0,0,1
3998839,a398fe4f-d492-4f17-a57f-6d7febafc77e,2,65,6,Spain Women's,Alexia Putellas Segura,Esther Gonzalez Rodríguez,98.9,30.2,103.5,38.6,9.577056,6.705492823981196,1.3291475157556722,1.1041708916997284,-0.22497662405594387,2.151304785204002,2.1244987002406375,-0.02680608496336445,3.149577118808948,3.2251859528364575,0.07560883402750962,0.799178253529153,3.804129023560838,1,0,2,3,4,5,0,0,0,0,0,0
3998839,7fb748cc-6c82-4de2-a0f1-c02f46db88a2,2,65,9,Spain Women's,Esther Gonzalez Rodríguez,Athenea del Castillo Belvide,96.3,39.9,106.6,55.7,18.860806,3.0592323105564745,0.8565811990230436,0.29214152588196357,-0.5644396731410801,1.8948302979289418,0.8404203015996886,-1.054409996329253,3.290484537461407,1.800397923090704,-1.4900866143707032,2.679195212738396,5.455832846729303,1,0,1,0,4,2,0,0,0,0,0,0
3998839,6ca6f298-eb0b-45cc-9d13-17b49afb3a54,2,66,27,Spain Women's,María Méndez Fernández,Victoria López,114.7,57.3,107.8,71.6,15.877657,-15.7796480216339,1.3214977348637038,0.07718801814738274,-1.244309716716321,2.186597946418917,0.27426943560741546,-1.9123285108115016,3.4390309835989545,0.7347764268203292,-2.7042545567786256,1.2578071952141594,7.901843715699257,2,0,2,0,2,1,1,0,1,0,0,1
3998839,dea00bb0-a485-4bd2-a74c-70b64bd54116,2,66,39,Spain Women's,Patricia Guijarro Gutiérrez,Olga  Carmona García,68.5,40.9,71,23,18.073738,-0.3573464422226422,0.07099580307781796,0.032201985098211594,-0.03879381797960636,0.29280724989561474,0.21470727199778916,-0.07809997789782558,0.842828177749613,0.7214702357336614,-0.12135794201595163,8.26283856418612,12.547405819917584,0,0,0,0,0,0,0,0,0,0,0,0
3998839,136ed66b-d434-488d-b5b6-a1ad1a3435b7,2,67,37,Spain Women's,Laia Aleixandri López,Olga  Carmona García,48.8,22.5,65.7,9.7,21.200235,11.137266959466324,0.07647338866655169,0.01774272544498054,-0.05873066322157115,0.27234867042115857,0.15400407751319745,-0.11834459290796112,0.5980906574467622,0.5844444072781331,-0.013646250168629082,8.303209006181708,14.157336741714126,0,0,0,0,0,0,0,0,0,0,0,0
3998839,4cc8c202-ec94-4c2c-8957-d06122679010,2,67,40,Spain Women's,Olga  Carmona García,Salma Paralluelo Ayingono,75.4,12.8,94.3,18.7,19.799496,18.86049662196504,0.326709479865995,0.66019971542955,0.333490235563555,0.7267743133631172,1.2388459926014868,0.5120716792383696,1.441155531154658,2.179824380050759,0.7386688488961008,3.772245732148977,2.0011875432153428,0,1,1,1,1,2,0,0,0,0,0,0
3998839,b32c1b5d-559b-40ec-b61d-cab50219bd91,2,68,14,Portugal Women's,Diana Catarina Ribeiro Gomes,Diana Micaela Abreu de Sousa e Silva,39.9,59.1,59,64.5,19.848677,16.609519273596447,0.849144915988498,0.9780338028074593,0.12888888681896138,1.379815663056564,1.644915755882091,0.26510009282552716,2.1040807337265384,2.594298474105893,0.4902177403793546,1.328275218742758,2.2265706258052025,1,2,1,2,2,2,1,0,0,0,0,0
3998839,4e7f2c18-b045-42a7-8f9f-6256e80d036c,2,68,16,Portugal Women's,Diana Micaela Abreu de Sousa e Silva,Ana Borges,59.3,65.5,52.9,71.7,8.910667,-8.372442746964296,0.946732665421299,0.7182798756183764,-0.2284527898029226,1.5946565123781211,1.3901744595058843,-0.20448205287223686,2.5233186948369775,2.26557206699934,-0.25774662783763747,1.9741929069969502,3.53075844585451,1,0,2,2,2,3,0,1,0,0,0,0
3998839,ab5a6b02-50fd-42e5-b5a7-6cff56245139,2,68,23,Spain Women's,Laia Aleixandri López,Adriana Nanclares Romero,28.1,3.8,12.2,25.3,26.740606,-10.02493731917879,0.03911541404481515,0.0011947986824924779,-0.03792061536232268,0.19399497290666842,0.022553342998040498,-0.17144162990862793,0.5184877476894192,0.13435503479438893,-0.38413271289503026,10.732984044706438,20.549686324258715,0,0,0,0,0,0,0,0,1,0,0,1
3998839,71ce714a-e1a5-4ed9-a0f3-3fb2c9ae428b,2,68,27,Spain Women's,Adriana Nanclares Romero,María Méndez Fernández,15.8,28.9,27.8,55.2,28.908304,11.345022005983921,0.0020394798054965153,0.0019697014372773523,-0.000069778368219163,0.03266124166314841,0.03401256321385239,0.001351321550703978,0.17679884755922856,0.18200933193117783,0.005210484371949264,19.271747760601425,20.266312410449196,0,0,0,0,0,0,0,0,1,0,0,1
3998839,a78316c6-1b3e-4c48-b6b7-53de4ce0562f,2,68,34,Spain Women's,Victoria López,María Méndez Fernández,47.5,57.3,39.8,59.8,8.095678,-8.072495028254622,0.4718432146957712,0.09284416441924224,-0.3789990502765289,0.8700370662340661,0.33208940539249326,-0.5379476608415728,1.5116350119635598,0.8139173546126388,-0.697717657350921,2.5668296489452427,7.641948408935299,1,0,1,0,1,1,0,0,1,0,0,1
3998839,f5a6f8b1-4620-44ae-9cff-3418d6e1411c,2,68,36,Spain Women's,María Méndez Fernández,Laia Aleixandri López,39.8,59.8,40.3,30.2,29.604223,2.307740862719399,0.16556199024083046,0.00537229317845948,-0.160189697062371,0.4564165589581394,0.0685327356881297,-0.3878838232700097,0.9488542648922585,0.3089372594818813,-0.6399170054103773,5.885306063554408,17.92701499541331,0,0,0,0,1,0,0,0,1,0,0,1
3998839,21897502-968f-49bc-903e-604e7fe10e24,2,68,40,Spain Women's,Laia Aleixandri López,María Francesca Caldentey Oliver,47,25,68.7,9.7,26.55146,14.945133324074142,0.01737540349660029,0.0595026522404244,0.042127248743824106,0.13487172203271416,0.28315703540975573,0.14828531337704157,0.5151158393833255,0.8061634414623268,0.29104760207900127,12.869735169535717,10.503271506848217,0,0,0,0,0,0,0,0,0,0,0,0
3998839,ee07e528-8f56-48a7-a0f1-0efb896c635e,2,68,42,Spain Women's,María Francesca Caldentey Oliver,Salma Paralluelo Ayingono,73.8,9.7,96.6,19.9,24.97759,24.402177617542183,0.28689112276748097,1.016019681897839,0.7291285591303581,0.625299822045465,1.6118667992218574,0.9865669771763924,1.2244829170636247,2.412593170415093,1.1881102533514682,4.061305535380467,1.5398684245845151,0,1,1,2,1,3,0,1,0,0,0,0
3998839,343171ae-6b21-4e48-bd8a-ff1370c405e2,2,69,16,Spain Women's,Olga  Carmona García,Victoria López,97.9,16.9,101.2,7.4,10.056838,-5.663385290255476,0.5459857832358319,0.06724464239351476,-0.47874114084231717,0.9005012780206599,0.2779144279130193,-0.6225868501076406,1.5364369353783645,0.7337242511331146,-0.8027126842452499,2.160925669869898,9.684268365695972,1,0,1,0,1,0,0,0,1,0,0,1
3998839,611d6cb5-6d9b-461f-b712-85a054cfdd4e,2,69,26,Spain Women's,Jana Fernandez Velasco,Athenea del Castillo Belvide,79.2,62.9,94.8,78,21.711058,1.1907935043547795,0.11934154320092388,0.07500326751346179,-0.0443382756874621,0.3724874147276444,0.2664192358098951,-0.10606817891774928,0.8948514134485392,0.6644863425341426,-0.23036507091439662,6.679297773076583,8.045681223768494,0,0,0,0,1,0,0,0,0,0,0,0
3998839,62333108-8e05-40d7-aa46-6285d029d3b4,2,70,57,Spain Women's,Laia Aleixandri López,Olga  Carmona García,49.8,48.8,64.1,26.6,26.407007,13.265767109401637,0.3138729485629933,0.016264293636094843,-0.2976086549268985,0.5379290985366096,0.13087331265042304,-0.4070557858861866,0.8283601470927923,0.48893567282900463,-0.33942447426378763,3.5149794751378898,13.566715976664998,0,0,1,0,1,0,0,0,1,0,0,1
3998839,2079263f-aa46-47b6-b352-77f18758c800,2,71,2,Spain Women's,Olga  Carmona García,Alexia Putellas Segura,71.3,22.5,73.8,31.4,9.244458,4.755199823797938,0.630662552113742,1.0327582294710929,0.40209567735735086,1.1463485719171913,1.776031408979516,0.6296828370623246,1.9959719398188736,2.8222405687726537,0.8262686289537802,1.9147589984126503,1.1178637653214822,1,1,1,1,1,4,1,0,1,0,0,1
3998839,f840d470-77c1-4d92-8ad2-1fe33716fde9,2,71,4,Spain Women's,Alexia Putellas Segura,María Méndez Fernández,72.6,33.7,60.8,50.4,20.448227,-12.28973398153935,1.065055178772975,0.01911942516740471,-1.0459357536055702,1.8093578834469441,0.14734948706279147,-1.6620083963841528,2.849851540294595,0.5689014333081233,-2.280950106986472,1.2146697079648774,12.552544278352283,1,0,1,0,3,0,0,0,1,0,0,1
3998839,7196c14b-b457-470f-9723-3a92b4a7fa34,2,71,7,Spain Women's,María Méndez Fernández,Jana Fernandez Velasco,62.8,53.2,80.2,66.7,22.022943,10.77702429930477,0.04335289823543948,0.17425606237382757,0.1309031641383881,0.22672533348579885,0.5190748429544682,0.29234950946866933,0.72092275443137,1.1862790612892382,0.4653563068578682,9.897458727067521,5.918660508996332,0,0,0,0,0,1,0,0,0,0,0,0
3998839,f8ae3c84-b87b-49f6-9c7a-1a52c4ea28bd,2,71,9,Spain Women's,Jana Fernandez Velasco,Athenea del Castillo Belvide,83.3,67.2,89.7,73.6,9.050967,0.4364032617824094,0.47566505181137264,0.5527075950463344,0.07704254323496174,0.8800923927965587,0.951665149280952,0.07157275648439332,1.5520134296186652,1.53755927948376,-0.014454150134905142,2.6950395904608873,2.4882380655400245,1,1,1,1,1,2,1,0,0,0,0,0
3998839,6eae067e-8d46-4a6b-ab7e-d9ef2b63a6f5,2,71,13,Portugal Women's,Catarina Amado,Andreia Alexandra Norton,13.8,6.5,19.2,12.6,8.146778,6.900738485265165,0.3730496476492182,0.9290941197863068,0.5560444721370886,0.7432320353224344,1.465661862548375,0.7224298272259406,1.229558776359685,2.0551611016412306,0.8256023252815456,3.5943374946446642,1.7856641205697532,0,1,1,1,1,3,0,0,1,0,0,1
3998839,d384d155-160f-4a0d-8d08-0e03b2657da0,2,71,14,Portugal Women's,Andreia Alexandra Norton,Catarina Amado,19.4,12.6,18.4,2.1,10.547511,-4.174121337164323,0.9290940084839142,0.2792134968124115,-0.6498805116715027,1.4656617806806758,0.6930356492947398,-0.7726261313859359,2.0551610492393353,1.2511120628624428,-0.8040489863768925,1.7856647510368329,5.154309014336242,1,0,1,0,3,1,0,0,1,0,0,1
3998839,3297258d-331f-4657-8519-83901e3198ff,2,71,23,Portugal Women's,Ana Ines Palma Capeta,Diana Micaela Abreu de Sousa e Silva,59.8,11.6,55,18.8,8.653323,-1.8071240607299757,1.2410631655533877,0.7599350261820813,-0.4811281393713064,1.932825697486533,1.601277704121053,-0.3315479933654799,2.7786832315125687,2.6744290362761904,-0.10425419523637824,1.1045160644169771,2.9551976784960208,1,1,2,1,3,3,1,0,0,0,0,0
3998839,61b6ffb1-1cd5-4096-9bdf-43de1ee65569,2,71,24,Portugal Women's,Diana Micaela Abreu de Sousa e Silva,Andreia Alexandra Norton,55,18.8,49.6,14.9,6.661081,-6.370808630668236,0.7599350261820813,0.744430305785319,-0.015504720396762317,1.601277704121053,1.589453693258097,-0.011824010862956147,2.6744290362761904,2.7601356565160033,0.0857066202398129,2.9551976784960208,2.3105470279886613,1,1,1,1,3,3,0,0,0,0,0,0
3998839,15fda074-5158-461c-b8df-708db683c20d,2,71,26,Portugal Women's,Andreia Alexandra Norton,Fátima Alexandra Figueira Pinto,47.8,15.2,42.9,24.6,10.6004715,-2.282408234698309,0.9565625351142055,0.639428181340569,-0.3171343537736365,1.67517735640592,1.4606442925539205,-0.21453306385199955,2.689660910069419,2.6064958145931456,-0.08316509547627327,1.7333999837278689,3.772769052122261,1,0,2,1,2,3,1,0,0,0,0,0
3998839,8412aeba-4a1e-48ce-8c7b-8c799197bffe,2,71,40,Spain Women's,Alexia Putellas Segura,Salma Paralluelo Ayingono,116.8,59.3,110.4,47.8,13.160927,7.194169520003795,0.7628664348683879,1.1301600028451049,0.367293567976717,1.404466453206589,2.292404787215996,0.8879383340094069,2.3554895159249796,3.7304229435295206,1.374933427604541,2.0796185394130955,1.8315073831214437,1,1,1,1,2,5,0,0,0,0,0,0
3998839,535e02c1-1b54-4d84-9d51-331cab803f13,2,71,45,Portugal Women's,Diana Catarina Ribeiro Gomes,Ana Ines Palma Capeta,11,44.1,38.1,40,27.408392,27.17708283594679,0.5915595554414269,0.8237264663082183,0.23216691086679142,1.3486882940507403,1.1883630627737887,-0.16032523127695164,2.3227574222911542,1.8956522929524708,-0.4271051293386834,4.374903891089179,0.8087946383240281,0,1,2,1,3,1,1,1,1,0,0,1
3998839,2a530f9a-6347-440d-9335-22454c7a5774,2,71,48,Portugal Women's,Ana Ines Palma Capeta,Diana Micaela Abreu de Sousa e Silva,36.8,38.2,31.7,46.6,9.8270035,-5.3268466882501,0.7956728060577936,0.6770519529360186,-0.11862085312177495,1.67200701556894,1.7720644987747505,0.10005748320581054,2.8234124997505643,3.13476802733358,0.31135552758301577,3.4810365752652954,5.459876351880094,0,0,2,0,3,6,0,0,0,0,0,0
3998839,d159e204-4ffe-44bf-ad18-38359a5e09a7,2,71,50,Portugal Women's,Diana Micaela Abreu de Sousa e Silva,Tatiana Vanessa Ferreira Pinto,32,46.6,32.7,54.8,8.229824,-0.29848502157645385,0.8205649548525242,0.8126051557063141,-0.007959799146210145,1.9571262891660592,1.7329035318536437,-0.2242227573124156,3.313988725615289,2.892654607941574,-0.4213341176737151,4.576668575903142,3.238561252828449,0,0,1,2,6,3,0,0,0,0,0,0
3998839,c859655b-fc68-4c36-8810-2a1bc7b67f6b,2,71,51,Portugal Women's,Tatiana Vanessa Ferreira Pinto,Ana Borges,33,55.3,37.8,66.3,12.001667,2.0302340045535345,1.1611150887445496,0.3823133288838597,-0.7788017598606899,2.020829104304692,0.8297130799271476,-1.1911160243775445,3.0694164431488455,1.5496902706040647,-1.5197261725447808,1.3564088966492214,3.558567645073409,1,0,2,1,5,1,1,0,0,0,0,0
3998839,0e7a9891-5412-4283-a260-9adf6e758e23,2,72,43,Spain Women's,María Francesca Caldentey Oliver,Salma Paralluelo Ayingono,50.8,4.6,58,12,10.324728,9.69961105425618,1.6288164909051452,1.096856506970871,-0.5319599839342743,2.3262342065965913,2.0143117438438116,-0.3119224627527797,3.247240348659341,3.2513271711949456,0.004086822535604551,1.0581861484374289,1.1694025567813635,2,1,3,1,3,3,1,1,1,0,0,1
3998839,24b0ecb0-3592-4209-a8ff-75d661d9a506,2,72,48,Portugal Women's,Fátima Alexandra Figueira Pinto,Ana Ines Palma Capeta,75.2,76.5,103,74.7,27.858212,19.146067369137022,0.5301052859114044,0.20615611079407445,-0.3239491751173299,0.9957694100463894,0.45710840690529514,-0.5386610031410943,1.730067549664479,0.8885605201281839,-0.8415070295362952,2.368288188989088,4.84379086791041,1,0,1,1,1,1,1,0,1,0,0,1
3998839,b46d2a41-689c-4bc6-bf52-f9a9597f91ea,2,72,56,Spain Women's,Laia Aleixandri López,Salma Paralluelo Ayingono,24.5,8.7,45.5,16.4,22.367163,22.349817276374026,0.6461160994902185,0.1366190428631841,-0.5094970566270345,1.3313441136604844,0.52255467652212,-0.8087894371383645,2.1088400316137115,1.2563676952801488,-0.8524723363335627,4.244661946395092,7.218576489812486,0,0,2,0,3,1,0,0,1,0,0,1
3998839,997ba572-9156-4b73-b03b-05cb4f13f472,2,74,34,Portugal Women's,Dolores Isabel Jacome Silva,Catarina Amado,93.8,46.6,74.1,43.8,19.89799,-19.038517692944804,0.9222563500601878,0.03341927559818201,-0.8888370744620058,1.6476243179193901,0.17210612231234235,-1.4755181956070478,2.860630266411911,0.5902492138407172,-2.270381052571194,1.0247655524103545,10.36341981745846,1,0,1,0,2,0,1,0,0,1,1,1
3998839,a5f6c25e-3c0b-4e71-8ed7-b0a185b74b04,2,74,37,Portugal Women's,Catarina Amado,Ana Ines Palma Capeta,73.4,43.3,106.1,31,34.936802,30.157411945428976,0.232687563479175,0.5163434461874373,0.28365588270826236,0.4942330868949076,1.1695564374764778,0.6753233505815701,1.0228498924943823,2.1597545980749673,1.136904705580585,4.440710297424662,3.182662175365968,0,0,1,1,1,1,0,0,0,1,1,1
3998839,ecef118b-b8e1-4c07-a46e-f7f621dc0d36,2,75,20,Spain Women's,Laia Aleixandri López,María Francesca Caldentey Oliver,15,16.6,56.5,19.7,41.615623,40.90995038869812,0.47969424123267307,0.708272309809109,0.22857806857643598,0.7907530105399757,0.9065927943129715,0.11583978377299575,1.2374280685366466,1.1871251097086324,-0.050302958828014166,2.4118479927388052,1.1262677526230687,1,1,1,1,1,1,1,0,1,0,0,1
3998839,99450ba2-75fb-41fb-91ef-7eae5e1016fc,2,75,31,Spain Women's,Jana Fernandez Velasco,María Méndez Fernández,43.4,55,39.3,46.5,9.4371605,-2.9064962952859617,0.12519025434797132,0.04228196086304431,-0.08290829348492701,0.4075730842805792,0.24009435316434657,-0.16747873111623263,0.9113751019454208,0.6892533062811513,-0.22212179566426948,7.242697914339999,11.585595092481942,0,0,0,0,1,0,0,0,1,0,0,1
3998839,5024435c-fadb-4819-a4d3-6d7b9e0fe98f,2,75,34,Spain Women's,María Méndez Fernández,Victoria López,41.4,48.8,57,63.4,21.36633,11.885729799823011,0.061700191855643585,0.08029368831875357,0.018593496463109982,0.3129689531558175,0.36961052240607833,0.056641569250260815,0.8288207358212679,0.9760441204271206,0.14722338460585271,10.449482382312725,8.815075503332528,0,0,0,0,0,0,0,0,1,0,0,1
3998839,aef4bca1-52ae-4106-a1d0-87e016dbc503,2,75,39,Spain Women's,Victoria López,Jana Fernandez Velasco,55.7,67.5,63.9,75.9,11.738825,3.3303725002486146,0.4822426516196356,0.18194937148807272,-0.30029328013156287,0.8237924704215845,0.5046220596793076,-0.3191704107422769,1.4321009985271875,1.028378233835121,-0.40372276469206647,2.3559783288714846,6.684895483630687,1,0,1,0,1,2,0,0,1,0,0,1
3998839,92b5400e-c061-493d-8964-b33068314660,2,75,40,Spain Women's,Jana Fernandez Velasco,Victoria López,63.9,75.9,57,70.8,8.58021,-3.5224334397408654,0.2822885396283727,0.07134945088782446,-0.21093908874054823,0.6592103462754488,0.31185921273467443,-0.3473511335407744,1.2147435707612722,0.8372019300234668,-0.3775416407378054,5.886865104731753,8.655212045720186,0,0,0,0,2,0,0,0,1,0,0,1
3998839,47666369-b582-4276-ad8c-605504e335fb,2,75,43,Spain Women's,Victoria López,María Méndez Fernández,57,69.8,49,61.1,11.819053,-4.376487048354889,0.3771980476007752,0.04075700297370801,-0.3364410446270672,0.7145805541444302,0.2397326392983329,-0.47484791484609734,1.2639457112833214,0.7004247080349787,-0.5635210032483428,3.1083764402146485,12.159416585551535,0,0,1,0,1,0,0,0,1,0,0,1
3998839,c6481545-9e31-42e9-a038-7c238837fbd7,2,75,46,Spain Women's,María Méndez Fernández,Laia Aleixandri López,50.1,57,47.2,29.1,28.050312,-1.67393772847079,0.04858652952856692,0.06010110416743868,0.01151457463887176,0.2635068938135548,0.1990636429612347,-0.06444325085232011,0.7234550214001612,0.44854300455113577,-0.2749120168490254,11.475301290113109,8.46599377793033,0,0,0,0,0,0,0,0,1,0,0,1
3998839,7f9cc227-daeb-4417-9f46-c856a038bcc5,2,75,50,Spain Women's,Laia Aleixandri López,Olga  Carmona García,45.7,23.8,56.7,10.7,17.105846,6.293302489666303,0.3074422386539608,0.09017684347646036,-0.21726539517750043,0.5118247944772166,0.27645983299362936,-0.23536496148358726,0.7619968211588841,0.5761025237489732,-0.18589429740991092,3.54695159392279,7.427132790359841,0,0,1,0,1,1,0,0,1,0,0,1
3998839,9dba0f13-5d5e-4d09-8e31-3f500aecdfb0,2,75,53,Spain Women's,Olga  Carmona García,María Méndez Fernández,51.8,17.4,42.4,48,32.01125,-6.164221448728341,0.3634926706989614,0.004620363999457199,-0.3588723066995042,0.7210450633369168,0.06261648231594079,-0.658428581020976,1.194094295735887,0.2998384032788381,-0.894255892457049,3.6539267674025364,17.259419704891446,0,0,1,0,1,0,0,0,1,0,0,1
3998839,86f0c04b-f81e-4031-9033-db7b366a8646,2,75,58,Spain Women's,María Méndez Fernández,Victoria López,49.3,54.4,66.7,74.1,26.284025,8.876779048810505,0.07981969130905459,0.0572142341831103,-0.022605457125944285,0.27173147333237463,0.23158199362888499,-0.04014947970348964,0.6711163727374342,0.5980346416968874,-0.07308173104054683,7.728682888440576,8.947650256334981,0,0,0,0,1,0,0,0,1,0,0,1
3998839,8f98dc4c-52ef-4336-9fb6-07b630796299,2,76,5,Spain Women's,Victoria López,Olga  Carmona García,77.2,50.6,76.6,24.5,26.106895,-1.9917297588635492,1.0163685815702064,0.06418105711935214,-0.9521875244508542,1.8580601858032066,0.3259355447573149,-1.5321246410458917,2.9292942920836427,0.9897141673688715,-1.9395801247147713,2.6477341259691407,9.033281607161204,1,0,3,0,3,0,0,0,1,0,0,1
3998839,c7683b6a-076a-464d-a188-ff4bd69fa732,2,76,8,Spain Women's,Olga  Carmona García,María Francesca Caldentey Oliver,78.7,21.2,88.4,8.4,16.0602,0.6884890933928531,0.357283096676637,0.11465240764195442,-0.24263068903468257,0.7847461499186774,0.3812940310613136,-0.4034521188573638,1.5777870579521707,0.8903892248914208,-0.6873978330607499,3.449547622210765,7.041320256451452,0,0,1,0,1,1,0,0,0,0,0,0
3998839,f561062f-00e2-4172-b9c1-fdb8033fbc91,2,76,11,Spain Women's,María Francesca Caldentey Oliver,Salma Paralluelo Ayingono,88.7,8.4,98.1,24.5,18.643229,17.647315555814806,0.4971407456447833,0.8988035853535035,0.4016628397087202,0.8651546898660587,1.48390548713731,0.6187507972712514,1.4363075787670714,2.461285932156252,1.0249783533891805,2.4083167138186603,0.9706659905514993,1,1,1,1,1,2,0,0,0,0,0,0
3998839,7dde6ce4-cb36-4403-9991-b3db6b1eff61,2,77,0,Spain Women's,Adriana Nanclares Romero,Laia Aleixandri López,15,28.1,27.3,21.5,13.958868,11.14419649564563,0.19207183816454526,0.02688586945086984,-0.1651859687136754,0.3716021479086303,0.13154155714873303,-0.24006059075989725,0.5386403513604336,0.3427048357513113,-0.19593551560912237,4.949657459479993,11.04272500661986,0,0,1,0,1,0,1,0,1,0,0,1
3998839,08c1ab6c-f25c-4892-8dbb-552c2f0f23ec,2,77,2,Spain Women's,Laia Aleixandri López,María Méndez Fernández,27.8,24.5,33.7,48,24.22932,6.823790239746344,0.11123588754411191,0.009590315213414427,-0.10164557233069749,0.30898311920355637,0.0944106299953667,-0.21457248920818967,0.6088900714519443,0.3440476391866344,-0.2648424322653099,6.750851038758214,16.122871275101456,0,0,0,0,1,0,0,0,1,0,0,1
3998839,7523ce91-6036-4214-87a3-0f1e569e9cfb,2,77,5,Spain Women's,María Méndez Fernández,Jana Fernandez Velasco,35.5,56,57.5,75.4,29.331894,14.172420348808785,0.015034779098886925,0.02016252354777929,0.005127744448892364,0.11416887226116669,0.1408382647595788,0.026669392498412117,0.41597265875296113,0.5014607746146836,0.0854881158617225,13.161571910392126,12.527238341976446,0,0,0,0,0,0,0,0,1,0,0,1
3998839,c92315e8-e45c-4925-859c-3783ff73427a,2,77,32,Portugal Women's,Catarina Amado,Diana Micaela Abreu de Sousa e Silva,29.6,2.7,48.8,13.4,21.980219,21.786314739693196,1.2373781831417,1.2205846141227028,-0.01679356901899709,1.9548857721683297,1.916444452456186,-0.038441319712143596,2.8128478804370767,2.9069084443783337,0.09406056394125706,1.9877290047063871,0.8378944554312705,2,1,2,2,3,2,0,0,0,0,0,0
3998839,b2a6e74a-e083-438a-a51e-726746920d39,2,78,1,Spain Women's,Athenea del Castillo Belvide,Jana Fernandez Velasco,50.6,78.7,44.4,72.6,8.6977005,-2.868341912873234,0.7301260393139485,0.6437441908971987,-0.08638184841674978,1.3728948155108578,1.3481412449451544,-0.024753570565703376,2.2316550482858477,2.257725912360875,0.026070864075027345,2.6926753709695563,4.221035571519095,1,0,2,2,2,3,1,0,1,0,0,1
3998839,51f95bcd-8be9-40fd-8b33-ad103c3d8a2e,2,78,2,Spain Women's,Jana Fernandez Velasco,Patricia Guijarro Gutiérrez,44.2,72.3,48.5,65.9,7.7103825,6.348530254363695,0.8767144507206023,0.923798884807187,0.04708443408658469,1.6135539616308285,1.7755143830275029,0.16196042139667433,2.5114714773076723,2.8158888251947505,0.3044173478870782,3.1661648103981728,2.4097214771402165,0,1,3,2,3,3,0,1,1,0,0,1
3998839,140cdfe4-350c-430c-a62a-8085bad0a048,2,78,38,Spain Women's,Jana Fernandez Velasco,Laia Aleixandri López,70,79.5,51.3,42.2,41.72505,-5.015125569208273,0.7366332607864787,0.15044272338506912,-0.5861905374014096,1.2418556109280936,0.3589482221861239,-0.8829073887419697,1.9352515128927756,0.7136147714426239,-1.2216367414501517,1.6711180459341655,5.730964953255878,1,0,1,0,2,1,1,0,1,0,0,1
3998839,216fd88a-3917-412f-8fdf-d6dcd73cc120,2,78,42,Spain Women's,Laia Aleixandri López,Olga  Carmona García,51.3,40.1,68.7,14.8,30.705862,11.544758066658488,0.2032251204985149,0.0735168802060145,-0.1297082402925004,0.41811689441691213,0.2910823669560549,-0.12703452746085725,0.7521955475678578,0.7967796103502178,0.044584062782360045,4.809134613040866,8.20296224932939,0,0,1,0,1,0,0,0,1,0,0,1
3998839,33aa749b-3f3e-4204-a7c5-d1ca21ae0aee,2,78,46,Spain Women's,Olga  Carmona García,Salma Paralluelo Ayingono,76.6,10.5,85.1,7.1,9.15478,4.514062923601919,0.4735383476721682,0.5868846276637922,0.11334627999162405,0.7594299782609666,0.8973030644227797,0.13787308616181315,1.208313853339627,1.3552130583542132,0.1468992050145863,2.4090993832094854,1.847620181373564,1,1,1,1,1,1,1,0,0,0,0,0
3998839,f61f75b1-24ef-44a4-8d95-ea319258a29e,2,78,54,Portugal Women's,Ana Borges,Tatiana Vanessa Ferreira Pinto,4.3,72.7,18.7,74.2,14.477914,13.314794005631327,0.6881952052956872,0.6597577345324092,-0.028437470763278072,0.8150436294877874,0.865178051562855,0.050134422075067575,0.979657106452034,1.1462017316995805,0.16654462524754654,1.123630227606771,1.3250973468540308,1,1,1,1,1,1,1,1,0,0,0,0
3998839,aa325ae6-ac91-4245-b9b4-0f7bda22cdd5,2,78,57,Portugal Women's,Tatiana Vanessa Ferreira Pinto,Diana Catarina Ribeiro Gomes,15.8,75.8,12.3,66.8,9.656604,-0.805967481601968,0.6911967225968292,0.45884497936628876,-0.23235174323054042,1.0215203115829972,0.914934983552791,-0.10658532803020615,1.4301964339843405,1.651439399853951,0.22124296586961045,1.6960614613352052,2.7827442235745727,1,1,1,1,2,1,1,1,0,0,0,0
3998839,035868e6-ac30-4936-bd52-bf254de5f6b1,2,79,3,Spain Women's,Alexia Putellas Segura,Jana Fernandez Velasco,88.9,17.4,83.8,45.2,28.263935,1.872801740924487,0.5649382600686175,0.017642598787454167,-0.5472956612811632,1.3780215360737635,0.18642365936728963,-1.1915978767064739,2.536051351926883,0.7764693507190961,-1.7595820012077867,4.54884333649627,14.313166834088014,0,0,2,0,2,0,0,0,0,1,1,1
3998839,3177e172-6cef-4882-9a54-f886761819d4,2,79,28,Portugal Women's,Ana Rita Silva Seiça,Inês Teixeira Pereira,22.2,19.3,4.3,36.7,24.963373,-15.780407361275053,0.15195487662938606,0.015903170616391422,-0.13605170601299463,0.43517227677971326,0.09577442273576667,-0.3393978540439466,0.9061767057298296,0.3072548977034138,-0.5989218080264158,6.217002058867035,12.52019833807788,0,0,0,0,1,0,0,0,1,0,0,1
3998839,8a7c90e7-f68c-4904-97f8-0fe0a6946b67,2,79,33,Portugal Women's,Inês Teixeira Pereira,Ana Rita Silva Seiça,5.4,28.2,10,8.5,20.229929,0.7845322449725387,0.09778495265495737,0.015638045854392227,-0.08214690680056515,0.2682439396706373,0.11049755421092045,-0.15774638545971686,0.5574565663550886,0.36891946263096065,-0.1885371037241279,7.003908470727428,13.039532434676161,0,0,0,0,1,0,0,0,1,0,0,1
3998839,7495d347-0a05-4078-84f0-a5046a89187c,2,79,39,Portugal Women's,Ana Rita Silva Seiça,Ana Ines Palma Capeta,28.1,6,51.6,10.6,23.94598,23.537016247695945,0.2309556753611902,0.6394221926067312,0.40846651724554095,0.6359686116905295,1.124239343423066,0.48827073173253643,1.2742964323954091,1.9354290571317623,0.6611326247363531,5.269128739168391,1.7994560562462254,0,1,0,1,1,1,0,1,0,0,0,0
3998839,4efe2e6a-2334-44e7-a88e-48f4d566809a,2,80,41,Portugal Women's,Fátima Alexandra Figueira Pinto,Catarina Amado,32.5,4.7,23.8,6.7,8.926926,-7.448229561579026,0.34413441038480247,0.25539793711863623,-0.08873647326616624,0.9162887046855299,0.7276901133999607,-0.18859859128556922,1.671562143142099,1.398152365970613,-0.27340977717148607,6.411936265497787,6.550935593457941,0,0,0,0,3,2,0,0,1,0,0,1
3998839,41a18625-4f74-417e-94fa-6333b1e2282c,2,80,42,Portugal Women's,Catarina Amado,Diana Micaela Abreu de Sousa e Silva,24,5.7,38.1,15.9,17.402586,16.57131908490463,0.8410789369993167,0.8154044735301487,-0.02567446346916802,1.2933401754265927,1.305925781507014,0.012585606080421252,1.904357924721438,2.0390235444182814,0.13466561969684343,1.1290496299464126,1.1706135225098875,1,1,1,1,2,2,0,1,0,0,0,0
3998839,456aff8b-b3a0-4959-b46a-9aa5aed2e3b2,2,80,47,Portugal Women's,Diana Micaela Abreu de Sousa e Silva,Fátima Alexandra Figueira Pinto,37.3,12.1,36,2.1,10.084146,-4.874836530363098,1.5014143147069916,1.0604728557968726,-0.44094145891011904,2.187975868934317,1.632942773137129,-0.5550330957971881,2.962660104589987,2.347861707736207,-0.61479839685378,1.0428762695945408,0.8571576604417047,2,1,3,1,3,3,0,0,0,0,0,0
3998839,cef3207f-ef2e-4bf1-8746-5baf164f61b1,2,81,50,Portugal Women's,Catarina Amado,Ana Ines Palma Capeta,22.7,2.7,31.4,10.3,11.552056,10.759071833030376,0.6832417146922731,0.7972149408523816,0.11397322616010852,1.3561336704368203,1.675468980880861,0.3193353104440406,2.262454450354279,2.818021192572523,0.555566742218244,3.603835062327783,2.8862575880061767,0,1,2,1,3,3,1,1,0,0,0,0
3998839,953709ff-83c5-441b-9ab6-028d323bbc4c,2,82,50,Portugal Women's,Ana Rita Silva Seiça,Tatiana Vanessa Ferreira Pinto,50.4,13.9,54.2,24.9,11.637869,6.822463010396305,0.06094981987190456,0.4847011358814773,0.4237513160095727,0.2802540925993598,0.9003044201119907,0.620050327512631,0.7448883448297661,1.4634733647045235,0.7185850198747574,9.813919882976247,3.1917192450278233,0,0,0,1,0,2,0,0,1,0,0,1
3998839,39e8e173-6110-4b98-98a2-f2811707bb9a,2,82,51,Portugal Women's,Tatiana Vanessa Ferreira Pinto,Ana Rita Silva Seiça,53.9,24.9,50.1,11.6,13.832209,-7.6463196279771495,0.5426468757747291,0.0338472929385229,-0.5087995828362062,0.9535236495170768,0.2115645920744272,-0.7419590574426496,1.5028476773024724,0.6480198066062418,-0.8548278706962306,2.785234954669884,11.75267386268237,1,0,1,0,2,0,0,0,1,0,0,1
3998839,7ff7039d-995a-486e-afbe-f4411ae73ee1,2,83,34,Spain Women's,María Méndez Fernández,Patricia Guijarro Gutiérrez,28.6,67,36.5,73.6,10.294173,5.297842452551237,0.018386675637286368,0.05533363587801079,0.03694696024072442,0.12666818706243002,0.27831632080144425,0.15164813373901423,0.426661495265022,0.7321985663682339,0.3055370711032119,12.592612985102129,10.564791222231493,0,0,0,0,0,0,0,0,1,0,0,1
3998839,d4683293-c1db-457b-a2c0-87ed618495d8,2,83,36,Spain Women's,Patricia Guijarro Gutiérrez,Adriana Nanclares Romero,36.3,74.1,13.8,45,36.783962,-15.937882924939345,0.2907350333860626,0.005939665951091515,-0.2847953674349711,0.6205162853138135,0.05212689342814141,-0.5683893918856722,1.103873038635286,0.19486332666627976,-0.9090097119690062,4.023505138867085,15.504380082924412,0,0,1,0,1,0,1,0,1,0,0,1
3998839,8cdc8f5e-7c8d-4f6a-823b-b1d797d398ee,2,83,40,Spain Women's,Adriana Nanclares Romero,Laia Aleixandri López,15.5,42.4,42.9,26.3,31.780025,26.219829864383613,0.04828939966431119,0.017776211884148796,-0.030513187780162397,0.1710855758560359,0.14896556453308002,-0.02212001132295588,0.37494527902188424,0.536894441720888,0.16194916269900372,9.119050262720028,14.039347977185509,0,0,0,0,0,0,0,0,1,0,0,1
3998839,b90e68cb-112d-478b-8826-5d674e958c8d,2,83,44,Spain Women's,Laia Aleixandri López,Olga  Carmona García,52.4,22,69,8.7,21.270872,10.11654740441557,0.06937021627336887,0.07039647639492753,0.001026260121558667,0.37056101325850827,0.32667449474831844,-0.04388651851018982,1.0463512191595385,0.8836582251400871,-0.16269299401945148,10.958252958464879,9.637724329694068,0,0,0,0,0,0,0,0,1,0,0,1
3998839,4380480f-e904-41f7-8612-a5f3ea15187e,2,83,49,Spain Women's,Olga  Carmona García,Alexia Putellas Segura,80,11.2,69,6.1,12.124768,-11.949608425997113,0.3482369006968004,0.46007814351832094,0.11184124282152053,0.7217454813844127,0.756441025708606,0.034695544324193306,1.3419610188195747,1.1991566410734467,-0.14280437774612809,3.5288965131678736,2.548799266744641,0,1,1,1,1,1,0,0,1,0,0,1
3998839,e38b003c-7af0-4379-9803-6cecb1a0e8ea,2,83,52,Spain Women's,Alexia Putellas Segura,Patricia Guijarro Gutiérrez,66.4,6.4,66.9,24,17.607101,7.802547871029276,0.864870516563997,0.03913920208920526,-0.8257313144747918,1.2994015893136621,0.289112395327989,-1.010289193985673,1.936285792322658,0.9509010458978687,-0.9853847464247892,1.0230399470867277,12.708910385861637,1,0,1,0,3,0,0,0,1,0,0,1
3998839,e6a88293-23f6-4b8d-a50f-c4c46bd43093,2,84,39,Portugal Women's,Inês Teixeira Pereira,Ana Rita Silva Seiça,7.9,27.2,7.9,10.1,17.1,-3.190640616889766,0.5392990726285544,0.02061973634849238,-0.518679336280062,0.7084515607986495,0.11287176393309722,-0.5955797968655523,0.914497557356298,0.3447009266852916,-0.5697966306710064,1.8564427774666434,11.752464001919574,1,0,1,0,1,0,0,0,1,0,0,1
3998839,6d9bc76d-80a0-45f3-9028-a6c7ae44d2b1,2,84,41,Portugal Women's,Ana Rita Silva Seiça,Fátima Alexandra Figueira Pinto,10.2,9,16.1,23.9,16.025604,8.95224148004823,0.2149157080836839,0.12219642279381505,-0.09271928528986885,0.4226499331378207,0.41577998130700716,-0.006869951830813514,0.7173109118725592,0.9222004207757168,0.2048895089031576,4.631224081888861,7.622407094350472,0,0,1,0,1,1,1,0,0,0,0,0
3998839,de3dc158-8fec-4a8b-b29c-26f158b891a9,2,84,43,Portugal Women's,Fátima Alexandra Figueira Pinto,Ana Rita Silva Seiça,16.1,23.1,19.7,0.6,22.78618,-2.495604394912789,0.36049329469091557,0.24965808653901816,-0.1108352081518974,0.7293517827862628,0.5283344338855348,-0.20101734890072798,1.2478830791766742,0.9865397322402413,-0.2613433469364329,3.639834726825445,4.3164327757031975,0,0,1,1,1,1,1,0,0,0,0,0
3998839,0184bfec-8f41-4898-9cea-5a5d14ef4368,2,84,57,Spain Women's,Laia Aleixandri López,Alexia Putellas Segura,72.3,46.8,89.7,35.8,20.585432,17.59255399525123,0.2598979941115783,1.1097321223417103,0.8498341282301319,0.6536628931640868,1.7402423445235689,1.0865794513594822,1.3930714654909626,2.7255870070158954,1.3325155415249328,4.46310129578263,0.6199082468074608,0,1,1,1,1,3,0,1,1,0,0,1
3998839,ce387ddf-cff2-47c3-941a-6540f0119ae3,2,85,11,Spain Women's,Aitana Bonmati Conca,Cristina Martín-Prieto Gutierrez,107.1,29.4,111.9,39.4,11.0923395,8.574214976660553,1.5784997896291553,1.2861024148719473,-0.29239737475720795,2.73544820884729,2.432669989364637,-0.30277821948265293,4.014736985487541,3.7998800561069688,-0.21485692938057266,1.3240368228556767,1.612186097401818,1,1,3,2,6,5,0,1,0,1,1,1
3998839,c4e8dc87-f74c-43c5-b40e-a1f5d73b291a,2,86,34,Portugal Women's,Ana Rita Silva Seiça,Ana Ines Palma Capeta,27.1,12.1,57,6.2,30.47655,25.504736720561525,0.5062811349512353,0.48804097996378637,-0.01824015498744891,1.1039640017851542,0.8243449076759234,-0.2796190941092308,1.9041364061045996,1.415463321026646,-0.4886730850779535,3.4728737420159854,2.353749376515823,0,1,1,1,2,1,0,1,0,0,0,0
3998839,aad5e844-32e6-4476-9cf3-ea35b196ed59,2,87,24,Portugal Women's,Tatiana Vanessa Ferreira Pinto,Ana Rita Silva Seiça,62.1,10.3,52.4,8.3,9.904039,-9.590542914746308,0.4267120498560984,0.20991135770518843,-0.21680069215090997,0.9233972103836298,0.5718428699478151,-0.3515543404358147,1.6540089960687598,1.1816730488983096,-0.47233594717045024,4.081918066195312,5.352006823702196,0,0,1,0,2,1,0,0,1,0,0,1
3998839,10016ad4-e7a4-4c75-9071-69da207b02fc,2,87,27,Portugal Women's,Ana Rita Silva Seiça,Inês Teixeira Pereira,48.1,9,19.4,26.9,33.824547,-23.151134982154943,0.3923143235914571,0.006875991869220615,-0.3854383317222365,0.74095967383821,0.06070342232295518,-0.6802562515152548,1.3006578805901372,0.22891764236363266,-1.0717402382265044,3.0802916238349827,15.200613078042148,0,0,1,0,1,0,0,0,1,0,0,1
3998839,816d0605-8d09-463d-9468-2b1c82d3dad5,2,87,31,Portugal Women's,Inês Teixeira Pereira,Ana Rita Silva Seiça,21,26.9,35.8,3.7,27.51872,8.171462487199662,0.10767150066346749,0.031145222105406843,-0.07652627855806066,0.2976029015020399,0.1671649272117973,-0.1304379742902426,0.6082985328369767,0.5031313155142952,-0.10516721732268142,6.797636061436411,10.849751090406443,0,0,0,0,1,0,1,0,1,0,0,1
3998839,b97d6510-67a7-4168-bdf5-6e8715ba3cda,2,87,34,Portugal Women's,Ana Rita Silva Seiça,Tatiana Vanessa Ferreira Pinto,38.1,6,48.3,12.1,11.884864,11.740010941137967,0.1592482728934004,0.718609583070457,0.5593613101770566,0.44347406371149733,1.3072951830246158,0.8638211193131184,0.9589422408870883,2.0967668902000525,1.137824649312964,5.8982795725737756,2.7759524175370625,0,1,0,2,1,2,0,0,1,0,0,1
3998839,03075a09-d1e1-4256-b361-98c9259a8893,2,87,35,Portugal Women's,Tatiana Vanessa Ferreira Pinto,Ana Rita Silva Seiça,47.5,12.1,38.9,11.3,8.637129,-8.345409565590558,0.718609659911713,0.07366073471047,-0.644948925201243,1.307295232266084,0.3515380976084404,-0.9557571346576437,2.0967669065684027,0.9612699634407816,-1.1354969431276212,2.7759518758527526,10.104550107936866,1,0,2,0,2,0,0,0,1,0,0,1
3998839,1e4a01b2-724c-4e72-ac6c-bc60857b5b14,2,87,37,Portugal Women's,Ana Rita Silva Seiça,Andreia Martins Faria,40.9,17.5,53.4,29.5,17.327723,14.815203530495396,0.15602082493361302,0.2675482566734336,0.1115274317398206,0.5298933501329328,0.9340431843139596,0.4041498341810268,1.2413606785220506,2.0982130593212944,0.8568523807992439,6.68829773389901,6.179774026496818,0,0,0,0,1,1,0,0,1,0,0,1
3998839,cfd81c87-7530-42ab-b2a4-070c5833580b,2,87,40,Portugal Women's,Andreia Martins Faria,Diana Catarina Ribeiro Gomes,52.1,36.4,48.1,64.8,28.680307,-8.06151911543516,0.8138066149659087,0.036215101544609066,-0.7775915134212996,1.5422774341055605,0.18046201366179584,-1.3618154204437647,2.6185357633178765,0.5765216411329938,-2.0420141221848827,1.714479931222439,10.169725640242454,1,0,1,0,3,0,0,0,0,0,0,0
3998839,e6f34606-3d21-4498-ab17-7f4da94c6c45,2,88,20,Spain Women's,Patricia Guijarro Gutiérrez,Salma Paralluelo Ayingono,18.6,3.8,15,4.8,3.7363083,-3.075117949945138,0.9567338800812548,0.8841637320115416,-0.07257014806971318,1.5480452771153212,1.5324827014187532,-0.015562575696568048,2.2511170746938736,2.3115113159385174,0.060394241244643876,1.7150994411578477,1.94630534480685,1,1,2,2,2,3,0,0,1,0,0,1
3998839,86df8468-27aa-4784-b2ad-c7993eff97c7,2,88,20,Spain Women's,Salma Paralluelo Ayingono,Olga  Carmona García,15,4.8,19.4,7.7,5.269725,5.084950934079814,0.8841637320115416,1.0095721266536342,0.12540839464209252,1.5324827014187532,1.718818326065023,0.18633562464626974,2.3115113159385174,2.5693441379159103,0.2578328219773929,1.94630534480685,2.4337674975300776,1,2,2,2,3,3,0,0,1,0,0,1
3998839,8abf97f7-0bee-462c-8e7b-1aca2ef55f43,2,88,21,Spain Women's,Olga  Carmona García,Patricia Guijarro Gutiérrez,19.4,7.7,25.3,3.1,7.48131,4.023043542170427,1.0095721266536342,1.1259382217170832,0.11636609506344908,1.718818326065023,1.881607773434662,0.16278944736963896,2.5693441379159103,2.7589771028046273,0.18963296488871695,2.4337674975300776,2.034907577215615,2,2,2,2,3,3,0,0,1,0,0,1
3998839,f97ced2d-ac83-4c0b-b4f3-bd4c5c7bf5ab,2,88,22,Spain Women's,Patricia Guijarro Gutiérrez,Cristina Martín-Prieto Gutierrez,25,3.6,44.7,15.1,22.810963,22.424602482989172,1.1259383409540595,0.8930225041629458,-0.23291583679111372,1.8816078827308516,1.420950242033152,-0.46065764069769966,2.7589771892636272,2.139323995490615,-0.6196531937730123,2.0349075016473646,1.3927619175059123,2,1,2,2,3,2,1,1,0,0,0,0
3998839,899a78c4-a8ed-4399-b7be-050d6c6c1e29,2,88,24,Spain Women's,Cristina Martín-Prieto Gutierrez,Aitana Bonmati Conca,45.5,15.6,41.4,29.6,14.588009,-0.8911142459086534,0.8930225914831578,0.4150907200516919,-0.47793187143146587,1.4209502574229016,0.9679304170571215,-0.45301984036578014,2.1393239601968808,1.7538742893638855,-0.3854496708329953,1.3927611884346476,4.748790414716405,1,0,2,1,2,2,1,0,0,0,0,0
3998839,e1431e18-ceb0-47bd-984b-adeb5f3acbf8,2,88,43,Portugal Women's,Ana Borges,Ana Ines Palma Capeta,107.4,69.6,100,53.8,17.447063,7.871201348883634,0.18881457093983264,0.4328122161302849,0.24399764519045228,0.3911706837868173,0.9238257619051946,0.5326550781183773,0.6789339058378963,1.6159091548443592,0.9369752490064629,5.02315684956032,3.490452801966938,0,0,0,1,1,2,0,0,0,1,1,1
3998839,faba7f30-0e19-4f29-82e8-dcf9e67f0a99,2,90,3,Spain Women's,Olga  Carmona García,Laia Aleixandri López,95.3,8.2,77.9,12.3,17.87652,-10.129694038196106,0.4508597548480957,0.02594213914106336,-0.42491761570703235,0.7989463771198021,0.20202867176624204,-0.59691770535356,1.363697246209614,0.7098837642928222,-0.6538134819167918,2.640254123560086,13.002733126767605,1,0,1,0,1,0,1,0,1,0,1,1
3998839,2c0bad98-7829-427c-b0cb-634692cf801c,2,90,6,Spain Women's,Laia Aleixandri López,Alexia Putellas Segura,82.8,12.3,89.9,21,11.229425,10.785192049976871,0.10673666788589001,1.0555107777749824,0.9487741098890924,0.45615159747240014,1.823661613793884,1.3675100163214837,1.1621262597004705,2.9031234950988942,1.7409972353984238,8.977334400425212,1.462930410635694,0,1,0,2,0,3,0,1,0,1,1,1
3998839,486f39e9-7632-4f91-a14a-027ea2feeb1d,2,90,7,Spain Women's,Alexia Putellas Segura,Salma Paralluelo Ayingono,89.9,20.7,94.8,15.3,7.291776,0.46971871123958664,1.055510639789032,0.45410568596063966,-0.6014049538283923,1.8236615225526867,1.1886542373356483,-0.6350072852170383,2.90312343108367,2.2636357085288337,-0.6394877225548363,1.4629310840046665,5.347133501607831,1,0,2,0,3,3,1,0,0,1,1,1
3998839,4191ca65-785c-4eff-a60e-94743ec7d2fc,2,90,49,Spain Women's,Adriana Nanclares Romero,Jana Fernandez Velasco,13.5,45,42.4,69.3,37.758442,23.67003387904758,0.07005256297521664,0.26841147016997335,0.1983589071947567,0.20951168790997024,0.5031828813686173,0.2936711934586471,0.4138020131399094,0.854578242865571,0.44077622972566166,7.986724320795908,3.9855739452061907,0,0,0,1,1,1,0,0,1,0,0,1
3998839,d17fcca1-e620-454d-bbb1-55c47fae4390,2,90,51,Spain Women's,Jana Fernandez Velasco,Aitana Bonmati Conca,42.6,69.8,58,69.3,15.408114,14.363827664700906,0.2304692708857157,0.9221580199759576,0.6916887490902419,0.45467375089408246,1.3836668084810821,0.9289930575869997,0.7914651885892111,1.9026369763859399,1.1111717877967289,4.435442127041873,1.7322909417345898,0,1,1,2,1,2,1,0,1,0,0,1
3998839,5d7146cc-10ad-41ed-bd42-8e23760ca5ad,2,91,9,Spain Women's,Aitana Bonmati Conca,Jana Fernandez Velasco,73.1,70,65.4,71.6,7.864477,-7.410880779380371,0.4907972232167504,0.08804190889478851,-0.4027553143219619,0.9566519456302581,0.37761879238284657,-0.5790331532474116,1.65305107071043,0.9728055563768614,-0.6802455143335686,2.699694590767672,8.397636005927788,1,0,1,0,1,0,0,0,1,0,0,1
3998839,dcb1b425-84c5-4270-bfde-28e89a02d515,2,91,10,Spain Women's,Jana Fernandez Velasco,María Méndez Fernández,65.4,71.6,56.2,64.7,11.5,-5.329377075070752,0.0712809198575407,0.03607844134752776,-0.035202478510012944,0.33422264169357685,0.22655287695811263,-0.10766976473546422,0.8999869632828562,0.7059576262646775,-0.1940293370181787,9.171564719568543,11.456132318060584,0,0,0,0,0,0,0,0,1,0,0,1
3998839,01df4940-7e3f-4334-bfb3-ecf8390ec228,2,91,12,Spain Women's,María Méndez Fernández,Adriana Nanclares Romero,56.2,60.3,40.9,41.4,24.316662,-12.160689402844568,0.08642592364784119,0.0024091164932022267,-0.08401680715463895,0.3604420984155973,0.033021522538323266,-0.3274205758772741,0.9102115128139769,0.17109477533591144,-0.7391167374780655,8.480629835003889,18.28324840291428,0,0,0,0,0,0,0,0,1,0,0,1
3998839,158c7472-4b61-416f-812f-cd409194c9ab,2,91,16,Spain Women's,Adriana Nanclares Romero,María Méndez Fernández,42.1,41.7,54.7,56.5,19.437078,10.566190165798375,0.0056717742719302406,0.04496433920619407,0.03929256493426383,0.05376788037680267,0.2428743422953956,0.18910646191859293,0.22241719089106837,0.6607704424882952,0.4383532515972268,15.675975447467042,10.823683312431713,0,0,0,0,0,0,0,0,1,0,0,1
3998839,b39958f4-4957-4b3c-8827-fba5dfd6d96b,2,91,19,Spain Women's,María Méndez Fernández,Laia Aleixandri López,55.2,54.7,53.6,27.1,27.646338,-1.195036755604022,0.0376248994166628,0.04165735497216982,0.00403245555550702,0.23282569514898735,0.17093033650113187,-0.061895358647855475,0.6952093037417701,0.4580209179516004,-0.23718838579016976,12.933832194249181,9.614639405113497,0,0,0,0,0,0,0,0,1,0,0,1
3998839,06a4afb2-71af-4934-8709-064465b10696,2,91,22,Spain Women's,Laia Aleixandri López,Olga  Carmona García,55.4,24.5,68.2,11,18.603495,7.068190849603006,0.2610541105806943,0.066922075345669,-0.19413203523502526,0.4940345138044353,0.24611481313099878,-0.24791970067343652,0.8621212419235068,0.620505245754041,-0.24161599616946583,4.070522036146968,8.343530609653083,0,0,1,0,1,0,0,0,1,0,0,1
3998839,8f1f987e-6c12-4edc-bcb8-3637e8f76451,2,91,24,Spain Women's,Olga  Carmona García,Salma Paralluelo Ayingono,71,9.4,83.5,4.8,13.319534,7.061999417655819,0.3855280113304555,0.28675654153663066,-0.09877146979382484,0.6972599521064581,0.5943537286639512,-0.10290622344250688,1.2126548931524275,1.058932540564968,-0.15372235258745937,3.008112898347876,4.099594506548467,0,0,1,1,1,1,0,0,1,0,0,1
3998839,09a32c20-abc8-4c0e-9f78-cc0a89e88a1d,2,92,21,Spain Women's,Salma Paralluelo Ayingono,Alexia Putellas Segura,112.4,7.7,103,6.4,9.489468,-4.473736171239473,0.5935917945799355,0.15185826768929597,-0.4417335268906395,0.9803775844098054,0.4639615967563888,-0.5164159876534166,1.503154142844085,1.0151596700782,-0.48799447276588515,2.5778443634002666,7.6192077888562455,1,0,1,0,2,2,0,0,1,0,0,1
3998839,aee27b90-32ae-4dcc-9775-87484676db11,2,92,25,Spain Women's,Alexia Putellas Segura,Jana Fernandez Velasco,97.1,10.6,83.3,29.3,23.240698,-0.9617956802339336,0.7523098405371937,0.010923677776231992,-0.7413861627609617,1.2133832366681536,0.14760520269755412,-1.0657780339705996,1.8466112082291664,0.6956981010407586,-1.1509131071884078,2.101297485758667,15.81213192701926,1,0,2,0,2,0,0,0,1,0,1,1
3998839,ea80f8e4-add0-48a7-8c25-c72adb387e0f,2,92,28,Spain Women's,Jana Fernandez Velasco,Olga  Carmona García,83.9,31.5,89.9,12.4,20.020239,-3.751145273602475,0.17218773757702416,0.04693695038399649,-0.12525078719302768,0.5119143911195199,0.28849657783136906,-0.2234178132881508,1.250387388077853,0.939941458733202,-0.3104459293446511,5.572577740831227,10.394391809927,0,0,0,0,1,0,0,0,1,0,1,1
3998839,480de0a0-cf1f-49a9-b24b-cec01e7fdb96,2,92,31,Spain Women's,Olga  Carmona García,Salma Paralluelo Ayingono,91.5,11.2,108,8,16.807438,6.341758896375232,0.16294339040176153,0.26808282574912556,0.10513943534736403,0.48416899613992453,0.633253898653482,0.1490849025135575,1.1418026373163028,1.2037611896903093,0.06195855237400649,5.836508027007267,5.366265360820207,0,0,0,0,1,2,0,0,0,1,1,1
3998839,644deceb-fe02-4180-8bea-eca113610bfe,2,92,33,Spain Women's,Salma Paralluelo Ayingono,Cristina Martín-Prieto Gutierrez,112.4,10,114.3,42.2,32.25601,24.837869666059465,1.2687918701954033,1.2325152582693237,-0.03627661192607956,1.5477567567661636,2.278907403129993,0.7311506463638295,1.9325855467991586,3.45875236415137,1.5261668173522114,0.5425575080628638,2.2795197973511607,2,1,2,2,2,5,0,0,0,1,1,1
3998836,64acb706-5dbb-4e49-a392-39c3c8eb72c8,1,0,43,Iceland Women's,Guðný Árnadóttir,Sandra María Jessen,4,57.4,42.9,73.2,41.98631,33.35341402505675,0.4796488390380017,0.8789806372737374,0.3993317982357357,1.0524219562147814,1.089520707966904,0.03709875175212263,1.8018405183223822,1.4680483193984837,-0.33379219892389855,3.857433547886018,0.5440538500744866,0,1,1,1,2,1,0,1,1,0,0,1
3998836,766aed16-3fc3-49cc-818d-59f41c926518,1,4,49,Iceland Women's,Hlín Eiríksdóttir,Guðný Árnadóttir,72.2,71.1,65.1,74.2,7.7472577,-7.654392881803602,1.0779531788941537,0.1809123380419656,-0.897040840852188,1.676934905793327,0.6302655977731979,-1.046669308020129,2.5649077322865335,1.4244313574799607,-1.1404763748065727,0.7919557648187371,6.940751713198776,1,0,2,0,2,1,0,0,0,0,0,0
3998836,f67d2de3-7341-4d00-be05-ee7d4ea78f54,1,5,7,Iceland Women's,Alexandra Jóhannsdóttir,Ingibjörg Sigurðardóttir,53,64.3,40.6,64,12.403628,-11.677394578876346,1.1608344510608752,0.16950446935757554,-0.9913299817032997,1.6239625833551892,0.5705489706691705,-1.0534136126860187,2.170918575708398,1.2006810793757352,-0.970237496332663,0.9875802322327674,7.922258428856917,2,0,2,0,2,1,0,0,1,0,0,1
3998836,17ba0209-eded-43e8-bc96-33d6df033235,1,5,10,Iceland Women's,Ingibjörg Sigurðardóttir,Sandra María Jessen,39.4,70.4,74.7,74.4,35.525906,29.261424013717658,0.3752912400287733,0.5309119846405846,0.15562074461181136,0.7571126459869735,1.0218672674427305,0.264754621455757,1.2740454153234366,1.6720419389023706,0.397996523578934,3.4076052630968072,3.056595177952528,0,0,1,1,1,2,0,0,0,0,0,0
3998836,6082933e-4956-42d2-aa3c-e65f44e1622a,1,5,12,Iceland Women's,Sandra María Jessen,Hlín Eiríksdóttir,74.7,74.4,69.2,74.4,5.5,-4.470430435386554,0.5309119846405846,0.6025684644236696,0.07165647978308498,1.0218672674427305,1.3064222620103152,0.2845549945675847,1.6720419389023706,2.197101168509942,0.5250592296075713,3.056595177952528,3.7747366399731064,0,0,1,1,2,3,0,0,0,0,0,0
3998836,23bc3364-d2b4-4175-b27f-e9d4622e4b38,1,5,52,WNT Finland,Oona Siren,Saara Katariina Kosola,48.2,30.2,65.1,7.9,27.98035,8.869961456503901,1.1178365622337454,0.060353965592807375,-1.057482596640938,1.5846433295503737,0.2624686462483147,-1.322174683302059,2.1505509878805507,0.7155755208777999,-1.4349754670027508,0.9828894955419298,8.909968538826263,1,0,2,0,2,0,1,0,1,0,0,1
3998836,9119495b-3f0a-4a33-9740-98487750ec63,1,5,57,WNT Finland,Saara Katariina Kosola,Oona Siren,76.3,12,75.7,30.3,18.309834,6.5512392873365854,0.4276549861463609,0.6065775485654958,0.17892256241913496,0.9950446627576743,1.2294243232109043,0.23437966045323,1.8954236347350204,2.171203696120171,0.27578006138515065,3.3977321543431898,2.730355751816229,0,1,1,1,1,3,0,0,1,0,0,1
3998836,ac906aba-2a16-403c-a9a7-eae391a9096a,1,6,1,WNT Finland,Oona Siren,Joanna Tynnilä,72.1,12,64.1,4.3,11.103603,-10.84379820154021,1.0096369268964278,0.20539558738220043,-0.8042413395142274,1.4771329985512631,0.49956209297121357,-0.9775709055800496,2.0879375075189,0.975854362046408,-1.112083145472492,1.804784857330436,5.136694815599922,2,0,2,0,2,1,0,0,0,0,0,0
3998836,62c8194a-4698-4a6b-a207-a370ec4fe7fc,1,6,3,WNT Finland,Joanna Tynnilä,Sanni Maija Franssi,64.1,4.3,86.5,20.8,27.821035,27.715174395801824,0.20539558738220043,1.2088176527247882,1.0034220653425878,0.49956209297121357,1.8075840806007781,1.3080219876295645,0.975854362046408,2.62582723747788,1.6499728754314722,5.136694815599922,1.261853215134342,0,2,0,2,1,3,0,1,0,0,0,0
3998836,7e299f77-b127-4dcc-a45e-9b1c351f1ddc,1,6,12,WNT Finland,Sanni Maija Franssi,Saara Katariina Kosola,77.3,7.4,84.8,4,8.234683,3.372788707041387,0.7924839722818806,0.251040829638521,-0.5414431426433597,1.5253744268802032,0.7305026506858535,-0.7948717761943497,2.4618243046270574,1.5023215525647902,-0.9595027520622672,2.3623508448027475,5.582461221187705,1,0,1,0,3,1,0,0,1,0,0,1
3998836,fe4b37f2-438d-4736-b854-36c9c3917319,1,7,12,WNT Finland,Saara Katariina Kosola,Eva Nyström,87.6,75.1,91.9,60.4,15.316005,13.043677180138332,0.7125387558361989,0.12910819575271565,-0.5834305600834833,1.1268954451751072,0.508650045476795,-0.6182453996983122,1.6061374129766646,1.2027717125005428,-0.40336570047612175,2.053495854171492,7.611663760543755,1,0,2,0,2,1,0,0,1,0,0,1
3998836,ead04b4b-40c5-48a4-ba1f-6ab6d89d2a02,1,7,44,Iceland Women's,Cecilía Rán Rúnarsdóttir,Guðný Árnadóttir,4.2,42.9,16.4,64.4,24.720234,9.401726069628424,0.3562374207489945,0.002925130279738926,-0.35331229046925555,0.5661754334381647,0.03233027372001241,-0.5338451597181523,0.7899584321810034,0.13471172719384303,-0.6552467049871603,3.121742546354709,17.548451036812043,0,0,1,0,1,0,0,0,1,0,0,1
3998836,e23cde78-03fc-47bc-b121-8b852daf99c6,1,7,51,Iceland Women's,Guðný Árnadóttir,Hlín Eiríksdóttir,45.1,69.2,56,77.1,13.461798,6.414869637944662,0.18150582852975275,0.616541371781469,0.43503554325171623,0.4935740049882234,1.119596323777205,0.6260223187889817,1.0840179205001925,1.7381571937532185,0.654139273253026,5.421459071238201,2.6890478216122595,0,1,0,1,1,2,0,0,0,0,0,0
3998836,9c6678ce-5878-46b8-93cf-e47ace017cd4,1,7,53,Iceland Women's,Hlín Eiríksdóttir,Hildur Antonsdóttir,57.1,76.1,57.2,64.9,11.200446,4.966964815491579,0.5064172320752945,0.8173209883225349,0.3109037562472403,0.9758879488922134,1.5766697785229091,0.6007818296306957,1.6582061364707255,2.5443714625591727,0.8861653260884472,2.872051032132138,2.3159327274000527,1,1,1,1,2,3,0,0,0,0,0,0
3998836,01378d08-ad45-45af-af86-462e281894d9,1,8,0,WNT Finland,Natalia Kuikka,Eva Nyström,15.5,30.5,18.6,15.5,15.316984,0.6130980140350459,0.2723675348361836,0.32379530213011276,0.05142776729392917,0.518331674679264,0.6704791194183685,0.15214744473910446,0.8941043720490705,1.1018055932986692,0.20770122124959878,3.96643195765782,4.289272526576097,0,0,1,1,1,2,0,0,1,0,0,1
3998836,af7f9737-57e8-46ca-bd9b-6c3878e7775f,1,8,1,WNT Finland,Eva Nyström,Eveliina Summanen,18.6,15.5,28,25.6,13.797463,11.197694192300716,0.4691236509596362,0.2271948204639722,-0.241928830495664,0.8265129642412341,0.655001727864716,-0.1715112363765181,1.241934668209966,1.2702240678212693,0.02828939961130339,3.0383469460332884,6.517029808241285,0,0,1,0,2,2,0,0,1,0,0,1
3998836,01587f49-caf9-421f-abfe-b36526228b72,1,8,2,WNT Finland,Eveliina Summanen,Joanna Tynnilä,28,25.6,34.5,5.2,21.410511,0.809303856547217,0.2271948204639722,0.03732729623858449,-0.18986752422538772,0.655001727864716,0.17688687958929084,-0.47811484827542516,1.2702240678212693,0.4776609056378725,-0.7925631621833968,6.517029808241285,10.292529169820567,0,0,0,0,2,0,0,0,1,0,0,1
3998836,d542b275-ee9e-41de-b9f6-ba5393ad5a43,1,8,6,WNT Finland,Joanna Tynnilä,Eveliina Summanen,50.1,12.5,40.6,26.6,17.001764,-5.40781327164369,0.578213750888226,0.09251739953955333,-0.4856963513486727,1.1220412669344646,0.3835383882694968,-0.7385028786649678,1.820217484556715,0.9814194733877349,-0.83879801116898,3.442604955211833,8.052552729806106,0,0,2,0,2,0,0,0,0,0,0,0
3998836,3c6d7b02-65b0-44cc-b58c-18d2f2e437aa,1,8,52,Iceland Women's,Cecilía Rán Rúnarsdóttir,Glódís Perla Viggósdóttir,11.5,41.7,15.8,56.5,15.412008,3.015023330018508,0.30090409336895446,0.01404766037000521,-0.28685643299894925,0.595991955971228,0.10207012414264914,-0.49392183182857885,1.001939951799204,0.3583629642713543,-0.6435769875278498,3.838758629618968,13.128438107056615,0,0,1,0,1,0,0,0,1,0,0,1
3998836,c55125c5-7401-4422-89d7-c35f0d42b137,1,8,55,Iceland Women's,Glódís Perla Viggósdóttir,Cecilía Rán Rúnarsdóttir,13,53,4.3,43.5,12.88177,-7.966099875525586,0.14097674343858135,0.04649725442256528,-0.09447948901601608,0.35749832103230184,0.200848020916017,-0.15665030011628484,0.6808527140174601,0.5044905336618329,-0.17636218035562712,6.009465118178909,9.652602136414288,0,0,0,0,1,0,0,0,1,0,0,1
3998836,b5f627f5-6426-4da6-97a6-c9c9c67f8677,1,9,6,Iceland Women's,Guðný Árnadóttir,Hlín Eiríksdóttir,41.3,73.4,44.8,76.3,4.545327,1.9912776447486777,0.464017195427194,0.5075248292807054,0.04350763385351142,0.8780826815903986,0.9702250396001886,0.09214235800978998,1.4933997448620298,1.5683944877406786,0.07499474287864882,2.790423543706792,3.4481031348877362,1,0,1,1,1,2,0,0,1,0,0,1
3998836,9d14b914-ff85-4dc8-8c86-ef6b7b805985,1,9,8,Iceland Women's,Hlín Eiríksdóttir,Guðný Árnadóttir,41.3,74.6,33.7,67.3,10.538027,-4.545028690847062,1.256121903996621,0.5988077687970725,-0.6573141351995484,1.738728291666301,1.1413898512933847,-0.5973384403729163,2.3214761564177646,1.8350922118748005,-0.4863839445429641,0.8612942093925652,2.7760031465265222,2,1,2,1,3,2,1,0,1,0,0,1
3998836,17992051-d7f0-4638-8134-1e36e76fb591,1,9,17,Iceland Women's,Guðrún Arnardóttir,Sveindís Jane Jónsdóttir,58.2,21.6,84.3,5,30.9317,14.48610521507431,0.028578634964539922,0.0696603994194544,0.041081764454914474,0.1802465741963067,0.21171059054069125,0.03146401634438453,0.611387754834561,0.45887808991321377,-0.1525096649213472,11.486525730073204,8.004458262033786,0,0,0,0,0,0,0,0,1,0,0,1
3998836,b95d9193-1470-44c4-aed6-b655c690a3cb,1,10,15,Iceland Women's,Alexandra Jóhannsdóttir,Karólína Lea Vilhjálmsdóttir,77.4,3.5,79.2,2.5,2.0591261,0.6826059217086708,1.1281596065381347,0.8810055014995055,-0.24715410503862922,1.800794852846889,1.5514207552560528,-0.24937409759083606,2.5125211267607845,2.3852145916296417,-0.12730653513114287,1.2433699165206824,1.5699482926654238,1,1,2,1,4,3,1,1,1,0,1,1
3998836,c0a10e19-3db3-47d1-ab79-6b9db9a3cf23,1,10,16,Iceland Women's,Karólína Lea Vilhjálmsdóttir,Sveindís Jane Jónsdóttir,81.2,2.6,89.7,2.9,8.505293,5.989690535338312,1.019723329864806,0.3229616416888888,-0.6967616881759173,1.7784777878225317,0.7480984408097661,-1.0303793470127656,2.628714071605214,1.4347509301051045,-1.1939631415001097,2.566034913519178,3.9203550581388082,2,0,2,1,4,1,0,0,0,1,1,1
3998836,0277f008-abaf-4b19-abd4-40f9749cbd47,1,10,18,Iceland Women's,Sveindís Jane Jónsdóttir,Karólína Lea Vilhjálmsdóttir,100.7,6.4,95.7,12,7.50733,1.6744334008139177,0.6290945882633411,0.23979522896735345,-0.38929935929598763,0.9767713877750436,0.7753513679243664,-0.20142001985067715,1.5689524773920276,1.6035098203222005,0.034557342930172874,1.6085106403223781,7.302385843886307,1,0,1,0,1,1,0,0,0,1,1,1
3998836,d7468155-3240-46a8-aa62-88f165fee0ee,1,11,7,Iceland Women's,Cecilía Rán Rúnarsdóttir,Glódís Perla Viggósdóttir,2.6,58,17,72.3,20.294088,10.826108770887075,0.060017766909978315,0.006013114360290056,-0.05400465254968826,0.1849131937019278,0.06328863756629753,-0.12162455613563027,0.34822098302940546,0.254380284715903,-0.09384069831350245,8.439343936281523,16.08302911738679,0,0,0,0,0,0,0,0,0,0,0,0
3998836,a3ce5301-d84f-4397-9457-ee961c0efa46,1,11,11,Iceland Women's,Glódís Perla Viggósdóttir,Sandra María Jessen,19.4,74.3,70,71,50.707493,47.456376420638954,0.4326152985253594,0.5954131534373895,0.16279785491203014,0.6429004878223816,1.0033224585648326,0.36042197074245097,0.9283295739073025,1.5414879894517168,0.6131584155444143,2.530229589589815,2.198117919555787,1,1,1,1,1,2,0,0,0,0,0,0
3998836,562ceadd-556f-43dd-971b-8110a253343c,1,11,19,WNT Finland,Saara Katariina Kosola,Oona Siren,59,16.3,53.4,28.6,13.514807,-2.1263671446614865,0.49990178317326833,0.0910065633782232,-0.4088952197950451,1.0247800019503492,0.37339223401056876,-0.6513877679397805,1.6947101214516593,0.9495319421150429,-0.7451781793366165,3.126653105255642,8.5801346459819,0,0,1,0,1,0,0,0,1,0,0,1
3998836,2945730a-5b0c-4cb2-9d6a-247472892fdf,1,11,21,WNT Finland,Oona Siren,Natalia Kuikka,53.4,28.6,44.7,41,15.147607,-7.738008038095515,0.06917096022047951,0.0280743506675524,-0.04109660955292711,0.31818430840444945,0.16278439389572352,-0.15539991450872592,0.8572740704741626,0.5336530748766217,-0.3236209955975409,10.187789286360738,11.081111233331693,0,0,0,0,0,0,0,0,1,0,0,1
3998836,2197a481-8ab1-4c37-a0a0-4f6aa1d88930,1,11,26,WNT Finland,Natalia Kuikka,Emma Wilhelmina Koivisto,55.3,48.7,72.2,77,32.9621,4.835308428252048,0.5292531437199419,0.01815701580101037,-0.5110961279189316,0.9866320620802923,0.11179389049545063,-0.8748381715848417,1.6863656668679694,0.39450282687898097,-1.2918628399889884,2.5540871057546877,12.17801338233654,1,0,1,0,1,0,0,0,1,0,0,1
3998836,3832e1df-afd6-4fac-862b-27b07d45bd6c,1,11,35,Iceland Women's,Sveindís Jane Jónsdóttir,Guðrún Arnardóttir,7.2,4.8,4.2,10.8,6.708204,-1.2601571286489275,0.528455097297406,0.6279982252171308,0.09954312791972475,0.7366497966350802,1.082774946866816,0.34612515023173573,1.046640633770819,1.659828824773183,0.613188191002364,1.940263546819486,2.3523690185981154,1,1,1,1,1,2,0,0,0,0,0,0
3998836,5f1fc5b8-762c-49cf-9883-daa047b50113,1,11,45,WNT Finland,Eva Nyström,Joanna Tynnilä,49.9,54.2,48.4,33.5,20.754276,-0.37066423053475717,0.15308612464057317,0.009501769489357954,-0.1435843551512152,0.3825467477346889,0.07902740574817983,-0.30351934198650904,0.6772351201758373,0.2633882064933623,-0.413846913682475,5.908989252193536,15.017226461311665,0,0,0,0,1,0,0,0,1,0,0,1
3998836,0d566659-12d0-436f-b785-dfd404b91e0a,1,11,48,WNT Finland,Joanna Tynnilä,Eva Nyström,48.4,33.8,43.3,48.4,15.465122,-5.290668455086305,0.03472451055089959,0.03652612937662921,0.0018016188257296215,0.19394724384093276,0.18830642343303358,-0.0056408204078991775,0.5280772148255825,0.5008996001567023,-0.027177614668880135,11.472884529116977,10.966663551534262,0,0,0,0,0,0,0,0,1,0,0,1
3998836,0ae19449-4cff-455e-8c06-b5f56f5a3f62,1,11,50,WNT Finland,Eva Nyström,Natalia Kuikka,43.8,47.4,51.5,69.3,23.21422,2.0551858659390376,0.05894192188415349,0.013860745200712257,-0.045081176683441235,0.26491807718287685,0.13391677285451004,-0.13100130432836682,0.6810590009480064,0.4953135425229049,-0.18574545842510154,9.851500195843068,15.753501270855239,0,0,0,0,0,0,0,0,1,0,0,1
3998836,dd8ab20f-f2ec-4490-9e9d-1c27165398ff,1,11,53,WNT Finland,Natalia Kuikka,Oona Siren,51.5,69.3,62.2,60.4,13.917615,13.208916835136684,0.022868798303180306,0.40324090959594006,0.3803721112927598,0.18689645826563098,0.9763342160374515,0.7894377577718206,0.6519005172584019,1.8060085511969866,1.1541080339385847,14.61250940958016,3.9658978500692434,0,0,0,1,0,1,0,0,0,0,0,0
3998836,01acbf50-db94-4a3a-8fb4-e6fb7d3af780,1,11,54,WNT Finland,Oona Siren,Natalia Kuikka,61.9,60.6,50.5,67.8,13.483323,-13.209894122091796,0.4032409564129143,0.037226182711539005,-0.3660147737013753,0.9763341894223837,0.23855608052558364,-0.7377781088968001,1.8060084481240117,0.7394917982646899,-1.066516649859322,3.9658965308827985,12.154695489327414,0,0,1,0,1,0,0,0,1,0,0,1
3998836,26250de7-2261-472c-ab9f-c073e4c06136,1,11,56,WNT Finland,Natalia Kuikka,Eva Nyström,51.7,67.8,43.8,49.2,20.208166,-3.01240571313312,0.040552873731529965,0.007466051107185532,-0.03308682262434443,0.26074359260406427,0.08437179954889044,-0.1763717930551738,0.780707065349068,0.36047764918135156,-0.4202294161677164,12.422167925526002,16.09468479937184,0,0,0,0,0,0,0,0,1,0,0,1
3998836,59453cb1-8522-4110-9296-b55ec779045a,1,12,4,WNT Finland,Eva Nyström,Natalia Kuikka,44.7,42,43.8,57.7,15.725775,-2.902147429858914,0.26198750974891777,0.025885522732385237,-0.23610198701653254,0.6416391753118904,0.18413967944509851,-0.4574994958667919,1.1744996356758801,0.5888732705290063,-0.5856263651468738,5.753287424343456,12.623845480676005,0,0,0,0,2,0,0,0,1,0,0,1
3998836,710a86ac-6469-431e-9673-160d060fbdb0,1,12,9,WNT Finland,Natalia Kuikka,Emma Wilhelmina Koivisto,58.1,64.1,78.8,75.1,23.441202,12.301655346220102,0.2126056958020172,0.0482627861287286,-0.16434290967328863,0.6496610349783306,0.2808656535911076,-0.368795381387223,1.3703730647285288,0.8246011559913187,-0.5457719087372102,6.142434667343775,12.044525325630376,0,0,0,0,1,0,0,0,1,0,0,1
3998836,88d74617-fda4-46a4-b06c-fc7499d4b03e,1,12,13,WNT Finland,Emma Wilhelmina Koivisto,Sanni Maija Franssi,84.6,61.4,85.5,48.7,12.73185,5.785635672708608,0.41312291951711455,0.3392475385100836,-0.07387538100703095,1.0322975900494573,0.9872797984389883,-0.04501779161046904,1.9813098677727563,2.0550757495021394,0.07376588172938314,3.895220155879466,4.618903758264146,0,0,1,1,1,1,0,0,1,0,0,1
3998836,92294e38-a940-48bd-b24c-3ccaf516c3f7,1,12,17,WNT Finland,Sanni Maija Franssi,Oona Siren,85.9,48.7,78.8,57.9,11.621101,-9.728156595055722,0.4932213238025064,0.12073575313038273,-0.3724855706721236,1.1637424601620832,0.5193446575484028,-0.6443978026136804,2.17559136503973,1.2950833743930183,-0.8805079906467115,3.7069255898442846,9.026871348936165,0,0,1,0,3,0,0,0,1,0,0,1
3998836,fa7d7a61-6863-426f-9294-af5e5249df50,1,12,19,WNT Finland,Oona Siren,Eva Nyström,78.8,57.9,62.7,37.8,25.753057,-12.421732999203016,0.24072586903883894,0.23754461665877105,-0.0031812523800678894,0.7208873599083856,0.5150250922431973,-0.20586226766518834,1.5457859359482646,0.9821272814396561,-0.5636586545086085,5.416545118324005,4.481640252046117,0,0,0,1,1,1,0,0,1,0,0,1
3998836,d1302e5b-f397-47a8-8ae8-958a19ce8969,1,12,23,WNT Finland,Eva Nyström,Joanna Tynnilä,70.1,28.6,65.8,11.6,17.535393,-10.00422592422396,0.41158068892851063,0.09855525694178024,-0.3130254319867304,0.8773015632783159,0.317770869611126,-0.5595306936671899,1.580055297993893,0.7452205686749611,-0.834834729318932,3.506546014586993,7.265546062411393,0,0,1,0,1,1,0,0,1,0,0,1
3998836,511171dc-7632-4968-ba88-b97d760d12a7,1,12,26,WNT Finland,Joanna Tynnilä,Ria Öling,69.7,12,87.9,20.1,19.921095,19.800157693693883,0.3647650574487145,0.23765603087386752,-0.127109026574847,0.6798941682051866,0.7431982490076124,0.06330408080242589,1.2360329384481867,1.5583591167415571,0.3223261782933704,3.1695235275763527,6.964311797367658,0,0,1,0,1,2,0,0,1,0,0,1
3998836,c1f9fb9a-7ac3-462d-84b9-3c999cf7d2cd,1,12,27,WNT Finland,Ria Öling,Saara Katariina Kosola,87.9,20.3,84.7,13.6,7.4249578,-6.417061664293854,0.24961840359427045,0.48355546727131354,0.2339370636770431,0.7546569730936907,1.0378251668206242,0.28316819372693347,1.5643195405177868,1.7673101304692107,0.20299058995142394,6.633193234960675,4.407971681585157,0,0,0,2,2,2,0,0,1,0,0,1
3998836,b9268962-0c9d-4285-bee2-3c852a476329,1,12,46,WNT Finland,Natalia Kuikka,Saara Katariina Kosola,53.4,47.8,96.2,12.4,55.542778,30.610722820785384,0.3909286066975778,0.11480799475896566,-0.27612061193861215,0.8579660775380188,0.2812827021940195,-0.5766833753439993,1.5740672849755972,0.5246548522512702,-1.049412432724327,3.6385275742666887,6.49828332931205,0,0,1,0,1,1,0,0,1,1,1,1
3998836,146b2156-903d-4e24-9e5c-ff537652cb8c,1,13,25,Iceland Women's,Cecilía Rán Rúnarsdóttir,Ingibjörg Sigurðardóttir,6.5,35.8,11.9,10.4,25.967672,1.498380385063598,0.5334436296886724,0.06326694099046894,-0.4701766886982035,0.8232063926153436,0.22421177214669977,-0.5989946204686438,1.2048747565398412,0.5397319822411257,-0.6651427742987155,2.055132133177984,8.407363301528196,1,0,1,0,1,0,0,0,0,0,0,0
3998836,f73e6124-f1ac-4935-a2c0-e0bc7f437202,1,13,58,Iceland Women's,Karólína Lea Vilhjálmsdóttir,Guðrún Arnardóttir,89.1,5,76.9,3.2,12.332072,-9.984750500576936,0.6747270482479836,0.0919619313468705,-0.5827651169011131,1.2694260929203804,0.4095775524363325,-0.8598485404840479,2.0160505706274585,1.0494349595222423,-0.9666156111052162,3.5630880865717662,9.215048483392982,0,0,2,0,3,0,1,0,1,0,0,1
3998836,f2232361-f9dc-4cec-b992-b5023c815df1,1,13,59,Iceland Women's,Guðrún Arnardóttir,Sveindís Jane Jónsdóttir,77.1,3.7,97.5,6.4,20.5779,15.759245100946387,0.11188418424992276,0.3396505835196318,0.22776639926970904,0.44766933593378505,0.8517860990097406,0.4041167630759555,1.0853694302500416,1.6236800271093286,0.538310596859287,8.186048443687229,4.681654258614012,0,0,0,1,0,1,0,0,1,0,0,1
3998836,f6b7fc6d-a153-40bb-8ced-1cb010940ca5,1,14,19,Iceland Women's,Cecilía Rán Rúnarsdóttir,Glódís Perla Viggósdóttir,19.9,38.5,27,40.4,7.34983,7.110377919316264,0.020599667010322304,0.02646345444440612,0.005863787434083816,0.12877225970866418,0.14371253232786474,0.014940272619200556,0.3935460302052885,0.4121706780236349,0.018624647818346385,12.116069129165423,11.227834094936766,0,0,0,0,0,0,0,0,1,0,0,1
3998836,095b6938-ad88-48ed-9472-a1b3622ecead,1,14,20,Iceland Women's,Glódís Perla Viggósdóttir,Cecilía Rán Rúnarsdóttir,21.6,44.3,20.8,37.9,6.449806,-0.7283168917548295,0.026463449467971842,0.008743757030303986,-0.017719692437667856,0.14371251425003023,0.08479886583361768,-0.058913648416412556,0.4121706439598193,0.32640614626241676,-0.08576449769740252,11.227834587015218,15.849983711109811,0,0,0,0,0,0,0,0,1,0,0,1
3998836,9b8dfa63-a13c-48a1-97bc-0afaf027df3b,1,14,27,Iceland Women's,Cecilía Rán Rúnarsdóttir,Alexandra Jóhannsdóttir,20,39.1,30.5,38.1,10.547511,10.48388459195938,0.053966409153181384,0.829035587926065,0.7750691787728836,0.21414312745108902,1.14298146558067,0.928838338129581,0.530597579661794,1.5636409614848743,1.0330433818230804,8.995269992171865,0.8801684071287157,0,1,0,1,0,1,1,0,1,0,0,1
3998836,430dcfa9-51aa-4799-8f62-d4d708e17bcf,1,14,29,Iceland Women's,Alexandra Jóhannsdóttir,Cecilía Rán Rúnarsdóttir,30.7,37.9,15,33.8,16.226522,-15.858199705706284,0.82903571379687,0.021885512604749,-0.807150201192121,1.1429815494913511,0.15336535922775332,-0.9896161902635978,1.5636410139706804,0.47523610215266376,-1.0884049118180168,0.8801678589475939,13.80271769207579,1,0,1,0,1,0,0,0,1,0,0,1
3998836,8e52c199-824f-4233-96ba-3e606ca0a387,1,14,34,Iceland Women's,Cecilía Rán Rúnarsdóttir,Ingibjörg Sigurðardóttir,16,33.2,20.4,18.6,15.248607,2.3490123355698955,0.12070085364169118,0.12951040193454516,0.008809548292853978,0.3638209395849219,0.3693392408147089,0.005518301229787026,0.7631945395907602,0.740690752363018,-0.022503787227742267,6.736652355205794,6.546307926013322,0,0,0,0,1,1,0,0,1,0,0,1
3998836,baf4d1bb-2b77-4605-b6c5-b66d6b3df0e5,1,15,1,WNT Finland,Linda Sällström,Emma Wilhelmina Koivisto,56.1,66.4,49.5,76.3,11.898319,-10.157758588380801,0.9000898099080479,0.41421343565968954,-0.48587637424835833,1.763181685229726,1.084099307317514,-0.6790823779122119,2.804165525334005,2.0612995912415095,-0.7428659340924955,3.528296404058159,5.945563606182059,0,0,3,0,3,3,0,0,0,0,0,0
3998836,65505fdd-8aa9-4aad-ac3d-a0b20253bcbc,1,15,16,WNT Finland,Sanni Maija Franssi,Eva Nyström,50.7,60,32.9,26.3,38.112072,-16.042568376694547,0.5043975871856015,0.005523633386050017,-0.49887395379955146,1.038252899583337,0.058341947432997227,-0.9799109521503399,1.7898974863565582,0.23436409218082901,-1.5555333941757292,3.7617045542394107,16.408597105079263,0,0,2,0,2,0,0,0,1,0,0,1
3998836,a640018d-f028-40e9-8ce0-cd49e59e00a1,1,15,21,WNT Finland,Eva Nyström,Saara Katariina Kosola,36.8,22.8,72,8.9,37.845078,27.764791624229346,0.028421983125798026,0.07496391784230497,0.046541934716506944,0.14916652944523728,0.2591095008660418,0.1099429714208045,0.4112936843590268,0.61039396411163,0.19910027975260325,11.173448058325512,8.05612721846154,0,0,0,0,0,0,0,0,0,0,0,0
3998836,07d42dc0-a9bb-46ab-acc5-da515bc8f30a,1,15,42,WNT Finland,Ria Öling,Sanni Maija Franssi,100.1,19.3,105.7,30.6,12.611503,11.601247369804312,1.1304248545855675,1.1508703731715568,0.02044551858598931,1.8769013276582027,1.9739692844430412,0.09706795678483848,2.902892387189482,3.0742898175604805,0.17139743037099864,0.652878477348629,0.9257401528501994,1,1,1,1,3,4,1,0,1,1,1,1
3998836,aebb47a4-3412-4c72-8421-5648403adc9b,1,16,50,Iceland Women's,Cecilía Rán Rúnarsdóttir,Alexandra Jóhannsdóttir,5.9,36.4,15.6,39.1,10.068764,9.752898922289504,0.09766453003094737,0.46347405223179783,0.36580952220085045,0.3039947681970124,0.9593343265918456,0.6553395583948332,0.6174812719813211,1.5270246926288205,0.9095434206474994,7.413745380307291,3.793442626564477,0,0,0,1,1,2,0,0,1,0,0,1
3998836,70915d03-e6cd-4a6d-9477-6d40be95d06a,1,16,51,Iceland Women's,Alexandra Jóhannsdóttir,Glódís Perla Viggósdóttir,15.8,39.1,8.8,62.9,24.808064,-9.329588555933356,0.46347406154681225,0.035213903357693054,-0.4282601581891192,0.9593343336632303,0.19066082809759446,-0.7686735055656359,1.5270246979543458,0.5420549106870065,-0.9849697872673393,3.7934424574429912,10.842548009564114,0,0,1,0,2,0,0,0,1,0,0,1
3998836,c75c9f27-5d8c-4e5b-bf68-7b39ea298b55,1,16,54,Iceland Women's,Glódís Perla Viggósdóttir,Hildur Antonsdóttir,12.3,64.8,49.1,66.4,36.834766,34.86285874980703,0.2645447651941414,0.30311871859562767,0.03857395340148628,0.5102985530484047,0.6509671114502484,0.14066855840184378,0.869072678663743,1.085340636721336,0.21626795805759302,4.057639923897444,4.670185348792211,0,0,1,1,1,2,0,0,1,0,0,1
3998836,aede705f-45c6-4d86-bc86-6eeec16751a6,1,16,58,Iceland Women's,Hildur Antonsdóttir,Hlín Eiríksdóttir,54.5,69.1,62.8,72.2,8.860023,6.032750259779192,1.0415918954478864,0.4742675448157431,-0.5673243506321433,1.4858633966943111,1.0753514609335515,-0.4105119357607596,2.0324326669961867,1.7928974172102685,-0.23953524978591823,1.6787061393527223,4.571396806021882,2,0,2,1,2,3,1,0,0,0,0,0
3998836,13719517-c366-4608-ba8c-99a9572396b6,1,19,41,WNT Finland,Oona Siren,Eva Nyström,24.6,38.4,14.5,35.2,10.5948105,-10.195721614811404,0.696020811452478,0.1293803503859951,-0.5666404610664828,1.267937449033513,0.4808499695817866,-0.7870874794517263,1.969714755407866,1.1005638411582028,-0.8691509142496632,3.037628434375361,7.413322166475205,0,0,2,0,2,1,0,0,1,0,0,1
3998836,aab21e07-4e54-4657-9350-011171d77a7f,1,19,44,WNT Finland,Eva Nyström,Emma Wilhelmina Koivisto,14.5,35.5,39.8,73.2,45.402424,18.795697537351046,0.5578305560169977,0.014618614491193638,-0.5432119415258041,0.8751088380388489,0.08548594336661183,-0.789622894672237,1.3736045519926519,0.26292280576198995,-1.110681746230662,1.9143902859807276,12.707981717087955,1,0,1,0,1,0,0,0,1,0,0,1
3998836,1c8920bb-fadf-4b71-a2cb-a25f77b9d192,1,19,49,WNT Finland,Emma Wilhelmina Koivisto,Natalia Kuikka,29.6,71.2,16.8,69.5,12.912397,-11.700915133925363,0.31542481072433404,0.10027779499472074,-0.2151470157296133,0.5754326581140939,0.30203174091808815,-0.2734009171960058,0.9345255686745875,0.6537880953002392,-0.2807374733743483,3.575453541874263,7.077933445096745,0,0,1,0,1,1,0,0,1,0,0,1
3998836,c392e3ec-3d88-4e93-8f70-5065313481ad,1,20,32,Iceland Women's,Guðný Árnadóttir,Cecilía Rán Rúnarsdóttir,33.7,62.5,9.2,45.8,29.650295,-21.76683701702268,0.7275884475571627,0.02398373203610024,-0.7036047155210624,0.9243510809475812,0.13625526626924714,-0.7880958146783341,1.211015568686183,0.4027496978849493,-0.8082658708012337,1.0375902959249945,11.71450098884425,1,0,1,0,1,0,1,0,1,0,0,1
3998836,1bd839f4-0741-4707-8c13-9309167d1480,1,20,43,Iceland Women's,Hildur Antonsdóttir,Hlín Eiríksdóttir,42.1,55.1,52.7,71.7,19.695684,4.9579147772023475,0.5961020445911668,0.09133587705922111,-0.5047661675319457,1.0572555776025565,0.32221638569621297,-0.7350391919063435,1.7797756742763737,0.7528650128481992,-1.0269106614281744,1.994023367770056,8.121420939084201,1,0,1,0,1,0,0,0,1,0,0,1
3998836,e24669b7-b0e6-4767-af7c-1889883a4c01,1,20,45,Iceland Women's,Hlín Eiríksdóttir,Hildur Antonsdóttir,55,72.2,60.5,61.7,11.85327,9.204980076587006,0.44148856326659275,0.18475573207980736,-0.25673283118678536,0.8205892868064428,0.6446009406180219,-0.17598834618842096,1.269668358270002,1.4460329552046334,0.17636459693463147,3.7850997540631104,7.048840256834194,0,0,1,0,2,1,0,0,0,0,0,0
3998836,84e70b54-cc10-4221-82d8-8b150e83866f,1,20,47,Iceland Women's,Hildur Antonsdóttir,Sandra María Jessen,67.8,62.1,79.5,69.3,13.737904,6.698137662028827,0.9684695878974107,0.2445546912404172,-0.7239148966569935,1.4158908162549897,0.6160214136312024,-0.7998694026237873,2.0446562947769924,1.2005677890579394,-0.844088505719053,0.6964511722609086,4.8693737005846405,1,0,1,1,2,1,0,0,0,0,0,0
3998836,cd4b6cd6-ee13-4cc3-88b8-80b1b6073695,1,20,55,WNT Finland,Anna Koivunen,Eveliina Summanen,3.3,30.9,14.9,28,11.957006,11.271417322500966,0.12510599055212057,0.08977216129133664,-0.03533382926078393,0.3122623314544467,0.3446186181246004,0.03235628667015367,0.6146912343040297,0.795140335909314,0.18044910160528427,6.267408808357604,9.123782709583686,0,0,0,0,1,0,1,0,1,0,0,1
3998836,d2b379c5-a1a3-447e-8172-0a4aff7c49ac,1,20,57,WNT Finland,Eveliina Summanen,Oona Siren,15.6,28.6,29,39.7,17.400288,14.020074909654866,0.24289556153884984,0.07438928001432575,-0.16850628152452407,0.5832303557109043,0.35864591400228335,-0.22458444170862096,1.1073161715914661,0.9572899943517605,-0.15002617723970557,4.718175109691209,9.235951816059938,0,0,1,0,1,0,0,0,1,0,0,1
3998836,e1dfda2d-b85d-41cf-8316-f6888b78447f,1,21,0,WNT Finland,Oona Siren,Joanna Tynnilä,33.1,34.1,50.1,9.3,30.067259,10.755443973796218,0.2921243938487888,0.039726047746255246,-0.25239834610253353,0.7927470333823107,0.19066203968268874,-0.602084993699622,1.5929784429702363,0.5039308306201821,-1.089047612350054,4.821310329695238,10.221455038915165,0,0,1,0,1,0,0,0,0,0,0,0
3998836,815484ed-665e-4dd1-9f4a-e57c8a103400,1,21,5,WNT Finland,Joanna Tynnilä,Sanni Maija Franssi,67.7,20.5,93.1,16,25.795542,19.76691847110139,0.26060205289065763,0.3103414203713294,0.04973936748067176,0.8000212517556072,0.6813886507330995,-0.11863260102250772,1.6326817905947844,1.2821989155159388,-0.35048287507884557,6.601539791085254,3.935078181457161,0,0,0,1,2,1,0,0,1,0,0,1
3998836,c79881c5-9465-40f6-8cb8-9195d3d1949c,1,21,13,WNT Finland,Sanni Maija Franssi,Joanna Tynnilä,103.7,22.1,115.2,14.9,13.567977,-1.3453407185626496,1.1779181711964641,0.12036094929405414,-1.05755722190241,1.8021647452684286,0.47326046880752776,-1.328904276460901,2.6174222555025537,1.1859993982380153,-1.4314228572645384,1.8680795673652875,7.632030817869684,2,0,2,0,3,1,0,0,0,0,0,0
3998836,24f52479-f720-4155-a302-cecdd1920574,1,21,49,Iceland Women's,Cecilía Rán Rúnarsdóttir,Guðný Árnadóttir,7.2,35.8,24.7,72.9,41.02024,12.05901940018559,0.11151914291355487,0.003441915648455769,-0.10807722726509911,0.3124410936249118,0.03911978671477096,-0.27332130691014084,0.5925858260584259,0.16500847477441838,-0.42757735128400753,6.812812417897324,17.272894600300784,0,0,0,0,1,0,0,0,0,0,0,0
3998836,1addb2db-6584-474e-b841-7a40256b46c2,1,22,12,WNT Finland,Joanna Tynnilä,Saara Katariina Kosola,91.4,11.3,104.9,5.6,14.65401,2.9490756224132397,0.3332970013080336,0.08275027576556533,-0.25054672554246826,0.7818829819107455,0.3496269911760162,-0.43225599073472926,1.4830347723995179,0.889428612950935,-0.5936061594485829,4.1331108585314675,8.865499443114379,0,0,1,0,1,0,0,0,1,0,0,1
3998836,9442cab0-e959-4a34-960a-787521a8e7d8,1,22,16,WNT Finland,Saara Katariina Kosola,Eveliina Summanen,98.7,7.9,83.8,21.5,20.173498,-2.1292716677721373,0.19582107336437668,0.07919662781987236,-0.11662444554450432,0.587288797204644,0.3361493711974506,-0.2511394260071934,1.2216457592341796,0.9365361596919393,-0.28510959954224036,6.922771491343422,8.192084738888486,0,0,0,0,2,0,0,0,1,0,0,1
3998836,8599cbf0-5897-4526-ad21-59d80b98758d,1,22,27,Iceland Women's,Karólína Lea Vilhjálmsdóttir,Sandra María Jessen,30.8,29.6,32.8,26.8,3.4409301,1.610807735017417,0.9540370486666128,0.8459478675880081,-0.10808918107860466,1.3390104552278372,1.3876887499806876,0.04867829475285035,1.7875127706972243,2.188698267476845,0.4011854967796209,1.3738378118930819,1.4403687041838884,1,1,2,1,2,2,1,0,0,0,0,0
3998836,92e94cc2-39ff-408d-ac35-cf59bd557aa7,1,22,30,Iceland Women's,Sandra María Jessen,Guðrún Arnardóttir,34,24.7,21,19.2,14.115594,-13.811068734344545,0.7398978963621612,0.10951194741344158,-0.6303859489487196,1.3209271141599614,0.36249848386504674,-0.9584286302949148,2.0566069258130133,0.8120368846209577,-1.2445700411920555,2.293738374719444,7.103021350155324,1,0,1,0,3,1,1,0,0,0,0,0
3998836,7e83b467-471f-4c43-a250-c8e8c8551df3,1,23,2,Iceland Women's,Ingibjörg Sigurðardóttir,Cecilía Rán Rúnarsdóttir,31.3,8.7,6.3,24.4,29.52101,-20.70468263490082,0.37257886591080935,0.01603097456602389,-0.3565478913447855,0.65439455973125,0.09263549160590856,-0.5617590681253415,1.0721240490551627,0.2676061388608374,-0.8045179101943253,3.0685724863995065,12.494921048071417,0,0,1,0,1,0,0,0,1,0,0,1
3998836,262e6a78-2446-4add-b184-47856606ef72,1,23,5,Iceland Women's,Cecilía Rán Rúnarsdóttir,Alexandra Jóhannsdóttir,5.9,22.6,24.3,21.6,18.427155,17.96629677833404,0.1515037270782675,0.11037018818090266,-0.041133538897364846,0.35201130603369274,0.4007551106923985,0.04874380465870576,0.6099865265366435,0.8678304683074396,0.25784394177079606,5.734283855835404,8.594143823732518,0,0,0,0,1,0,1,0,1,0,0,1
3998836,755880e9-79f4-430b-9e95-29c0c3861b85,1,23,11,Iceland Women's,Alexandra Jóhannsdóttir,Guðný Árnadóttir,32.6,35.4,34.2,63.5,28.145515,-1.4390782961916244,0.5910959539900559,0.015491930667479406,-0.5756040233225764,0.8784738767669449,0.11549581263485816,-0.7629780641320867,1.2761972558360235,0.38290131201689864,-0.8932959438191248,1.7498777963115169,14.390817757976814,1,0,1,0,1,0,0,0,0,0,0,0
3998836,4e5dfae4-a15a-4035-b204-2ce325141d6d,1,23,14,Iceland Women's,Guðný Árnadóttir,Sandra María Jessen,45,65.8,63,70,18.483505,14.900823296771208,0.47341395139193393,0.47531666755651364,0.0019027161645797097,0.6784534254220045,0.7557904720729491,0.07733704665094465,0.9686326418038905,1.1800277625519797,0.2113951207480892,2.2635153938554184,2.391958723553083,1,1,1,1,1,1,0,0,0,0,0,0
3998836,69c70796-529e-4484-b362-b179870a37a3,1,23,34,WNT Finland,Sanni Maija Franssi,Joanna Tynnilä,72.7,14.2,64,9.3,9.984989,-9.984211042941247,0.9456806927982567,0.06693187644977101,-0.8787488163484857,1.6217396706755058,0.33081025855412816,-1.2909294121213777,2.484247931387052,0.9039713091216921,-1.5802766222653597,2.036834166009306,10.358956834256466,1,0,2,0,3,0,1,0,1,0,0,1
3998836,b7b22e82-3d70-4492-b2d8-2eef9aba5c48,1,23,35,WNT Finland,Joanna Tynnilä,Natalia Kuikka,64,9.3,47.2,32.7,28.80625,-9.302030689269536,0.05409160638098781,0.02656983147835643,-0.02752177490263138,0.25546934304830465,0.14268459682085902,-0.11278474622744564,0.7031234676469303,0.4286566551431968,-0.27446681250373356,10.101986119999811,11.10463719456247,0,0,0,0,0,0,0,0,1,0,0,1
3998836,888ce490-6881-4f85-811d-61c525fa3349,1,23,43,WNT Finland,Natalia Kuikka,Emma Wilhelmina Koivisto,63.4,51.6,71.6,77.8,27.453234,-3.6352594677359136,0.6563366539051441,0.055517294306587396,-0.6008193595985567,1.0966054896687885,0.21280137924538056,-0.8838041104234079,1.8074967767259875,0.575694776096766,-1.2318020006292216,1.7320508341603909,8.778124780528993,1,0,1,0,1,0,0,0,0,0,0,0
3998836,f7b503cc-a828-4bfe-8ee4-67d258396a35,1,23,45,WNT Finland,Emma Wilhelmina Koivisto,Linda Sällström,77.2,78.4,110.3,74,33.391167,22.144692504408233,0.3678046890577365,0.4053767018761846,0.037572012818448075,0.6270948231742839,0.6326800647418995,0.00558524156761564,1.0639838625379618,0.9996253604936115,-0.06435850204435034,3.057626945693093,2.7346688155419927,0,1,1,1,1,1,0,0,0,0,0,0
3998836,bcf106e7-45d3-4cea-bec8-3c8a888d5f1a,1,23,57,Iceland Women's,Cecilía Rán Rúnarsdóttir,Hlín Eiríksdóttir,15.6,41.7,30.3,72.2,33.857643,9.109433045331102,0.2199736421421128,0.002612084503314231,-0.21736155763879855,0.6245066203617791,0.034055659333955504,-0.5904509610278236,1.1681853677145144,0.1598700172165217,-1.0083153504979927,6.901373647852231,18.143181403724487,0,0,0,0,2,0,0,0,1,0,0,1
3998836,effc6237-0082-47b8-a1c8-2741da232be2,1,24,2,Iceland Women's,Hlín Eiríksdóttir,Alexandra Jóhannsdóttir,36.5,72.2,42.5,52.2,20.880613,11.039137668974476,0.09668584516937488,0.0975167955286715,0.0008309503592966172,0.268784166909069,0.37357731779764736,0.10479315088857838,0.5368153135193087,0.8274550896518875,0.29063977613257885,7.066437035622341,8.888217128280269,0,0,0,0,1,0,0,0,0,0,0,0
3998836,81116534-2456-4f74-a7fd-31d95d8b2409,1,24,12,WNT Finland,Anna Koivunen,Eva Nyström,13.9,45.1,25.5,35,15.380833,11.590319637689618,0.0004195815938864691,0.005476590871723337,0.0050570092778368676,0.010629971515762648,0.05745294905686224,0.04682297754109959,0.07022935702753404,0.23006741653024151,0.15983805950270746,23.469183771904724,16.388764964140094,0,0,0,0,0,0,0,0,1,0,0,1
3998836,c4dc4c39-4a6d-4887-8cbd-49b152ab3f9b,1,24,14,WNT Finland,Eva Nyström,Joanna Tynnilä,28.2,35,35.6,13.7,22.548836,3.5332932908978876,0.009413143808441602,0.008819699373390492,-0.00059344443505111,0.08336187378448937,0.08692080464353026,0.003558930859040896,0.29741946092033594,0.3220223000454928,0.024602839125156872,15.540960433164251,16.305044313080916,0,0,0,0,0,0,0,0,1,0,0,1
3998836,b2cd4b21-9ecc-4b60-8cd9-948e26a4755b,1,24,18,WNT Finland,Joanna Tynnilä,Eva Nyström,35.6,13.4,29.8,36,23.33238,-1.796162677742032,0.008340332672137851,0.01215445654430586,0.003814123872168009,0.0875737551757986,0.10021235046802425,0.012638595292225649,0.3359486750026095,0.37873218843559014,0.04278351343298065,16.81177789164406,13.824379302910343,0,0,0,0,0,0,0,0,1,0,0,1
3998836,c791ef91-db46-4846-a74a-f9ee26756ee3,1,24,21,WNT Finland,Eva Nyström,Natalia Kuikka,29.8,36.4,35.4,55.9,20.288174,4.190629155985874,0.016953372876956026,0.023912922438916535,0.006959549561960508,0.12938370352760356,0.16806631344570458,0.03868260991810102,0.4557035152751571,0.5445570130383434,0.08885349776318624,13.207500734593772,12.323433017627874,0,0,0,0,0,0,0,0,1,0,0,1
3998836,d941828a-e1a1-44d7-b293-d09f9cc42500,1,24,24,WNT Finland,Natalia Kuikka,Eva Nyström,35.4,55.7,32.1,38.9,17.12104,-1.862417302857537,0.03037086706092799,0.016695894545497005,-0.013674972515430987,0.19505726449619976,0.12789338595031235,-0.0671638785458874,0.6001502922798319,0.4478750027608837,-0.15227528951894814,11.717835102564962,13.489716538834282,0,0,0,0,0,0,0,0,0,0,0,0
3998836,001dacf4-e3d9-4dc4-b644-66d612c93eba,1,24,28,WNT Finland,Eva Nyström,Natalia Kuikka,36.3,39.9,36.6,54.2,14.303146,-0.9001766691538791,0.1929887388232836,0.029913040008296195,-0.1630756988149874,0.5260512339004436,0.20228021779865415,-0.3237710161017895,1.0347079471631406,0.6394447266137213,-0.3952632205494193,6.142934899974931,12.38984683130992,0,0,0,0,1,0,0,0,1,0,0,1
3998836,00cc35fb-4182-4770-87c6-7752ba6afba4,1,24,41,Iceland Women's,Cecilía Rán Rúnarsdóttir,Glódís Perla Viggósdóttir,15.2,30.2,23.2,44.9,16.73589,8.333269527903383,0.0607202713893774,0.0015185445845990527,-0.059201726804778344,0.18664048777924133,0.024728108937300295,-0.16191237884194104,0.35767926228368957,0.1241076471564001,-0.23357161512728947,8.40455703245084,19.89005442616092,0,0,0,0,0,0,0,0,1,0,0,1
3998836,87c7293f-896a-4cba-b46d-b4f695a71dfe,1,24,45,Iceland Women's,Glódís Perla Viggósdóttir,Guðný Árnadóttir,28.7,49.2,35.1,63.5,15.666844,3.6700181974204042,0.0158613861282559,0.056048708486252895,0.04018732235799699,0.1091834623490174,0.22134738423162065,0.11216392188260325,0.3536479904910259,0.5330115393939575,0.1793635489029316,12.862398969989012,9.05018129901044,0,0,0,0,0,0,0,0,1,0,0,1
3998836,541d26ff-33fa-4a20-9b57-fb427e28b0e8,1,24,48,Iceland Women's,Guðný Árnadóttir,Hlín Eiríksdóttir,35.1,63.5,50.4,66.5,15.591344,13.618114190049127,0.28727707615458004,0.607533418108231,0.320256341953651,0.536043870489849,0.8244750916020301,0.2884312211121811,0.8729690502025055,1.1682413400920486,0.2952722898895431,3.8385635036702492,1.547678726500658,0,1,1,1,1,1,0,1,1,0,0,1
3998836,8a783ed3-872a-4aac-a216-82bc59205a2b,1,24,52,Iceland Women's,Hlín Eiríksdóttir,Guðný Árnadóttir,41.5,56.5,34.3,65.4,11.447707,-9.169506923209354,1.0213728602282268,0.036408237775596534,-0.9849646224526303,1.5509300956781251,0.24984832937035936,-1.3010817663077658,2.26515161952076,0.766051498315458,-1.499100121205302,0.7066407082065144,13.163151713992344,1,0,1,0,2,0,1,0,1,0,0,1
3998836,06656eed-ee5e-4f32-ac1b-021faec53389,1,24,59,Iceland Women's,Guðný Árnadóttir,Cecilía Rán Rúnarsdóttir,41,68.3,8.6,50.1,37.161808,-27.94094765843876,0.7573601281676503,0.102587662265527,-0.6547724659021233,0.9558852587247417,0.286549311688232,-0.6693359470365097,1.3045531512243653,0.6221039536203677,-0.6824491976039976,0.8902870977764327,6.875525928459174,1,0,1,0,1,1,0,0,1,0,0,1
3998836,ef97b516-2c5e-4bd9-ab06-12c8de41d226,1,25,13,WNT Finland,Anna Koivunen,Natalia Kuikka,23.2,27.9,28.3,39.6,12.763228,5.852446348529625,0.158093646535159,0.11144142170918965,-0.046652224825969354,0.33819696669300564,0.29050217408820567,-0.047694792604799974,0.5491032010885145,0.5630360084093405,0.013932807320826024,5.5397316906142,6.619815153002046,0,0,0,0,1,1,1,0,0,0,0,0
3998836,0b3b660e-64de-4407-9995-0d393db33962,1,25,39,WNT Finland,Anna Koivunen,Natalia Kuikka,11.8,40.5,21.7,57.5,19.67257,8.355574488342299,0.000755348304164704,0.008798393820057017,0.008043045515892314,0.01728309362221181,0.09269146751735419,0.07540837389514238,0.10663082238978872,0.3719156592141706,0.26528483682438186,22.335675382207853,16.336172308469727,0,0,0,0,0,0,0,0,1,0,0,1
3998836,445a29c0-f844-490b-a0bd-72806e1449cb,1,25,42,WNT Finland,Natalia Kuikka,Eva Nyström,24.7,55.9,24.9,32.7,23.200863,1.2375189915043876,0.013262333823241648,0.013398266220388632,0.00013593239714698377,0.11907304053391617,0.10617607404148538,-0.012896966492430786,0.437293413496426,0.3673384098085867,-0.0699550036878393,14.619479610943456,14.712578801739538,0,0,0,0,0,0,0,0,1,0,0,1
3998836,d0746bb7-bc60-43ef-984c-8572a3a5042b,1,25,54,Iceland Women's,Sveindís Jane Jónsdóttir,Karólína Lea Vilhjálmsdóttir,90.7,30.6,91.1,40.4,9.80816,1.8681598042854475,1.1979637672820629,0.3485552198515982,-0.8494085474304647,2.0595591232913324,1.0553469439005825,-1.00421217939075,3.0309019660534284,2.1036788846246774,-0.927223081428751,2.1835035873205246,5.613851112807688,2,0,2,0,4,1,0,0,1,0,0,1
3998836,86fedc48-325b-43ff-ac3c-e9e50230a66c,1,25,56,Iceland Women's,Karólína Lea Vilhjálmsdóttir,Hlín Eiríksdóttir,91.1,40,113.8,62.1,31.681225,5.946786717324308,0.5324750175478714,0.05735030767349893,-0.4751247098743725,1.3581456376783647,0.2932843652365146,-1.06486127244185,2.5287087848210192,0.9103867672403523,-1.618322017580667,3.7663578924537515,9.275831513703286,0,0,1,0,1,0,0,0,0,0,0,0
3998836,3279a661-f2ad-464c-95a8-79487767b4c6,1,26,47,Iceland Women's,Sveindís Jane Jónsdóttir,Guðrún Arnardóttir,74.5,41.2,61.7,30.2,16.877203,-13.602111556374147,0.6965869059588504,0.012466942785664415,-0.684119963173186,1.219761746809538,0.09700789394785171,-1.1227538528616863,1.999667609142399,0.36946085052269706,-1.630206758619702,1.9396545835536911,13.491104722897944,1,0,1,0,3,0,0,0,0,0,0,0
3998836,43cf9ba9-9601-449a-bde2-9f2cfb72a27c,1,26,55,WNT Finland,Saara Katariina Kosola,Sanni Maija Franssi,47.4,33.5,56.1,13.7,21.627066,3.7897459457089013,0.29453387888128024,0.019210648994786306,-0.27532322988649394,0.5928700433793526,0.12316805496254314,-0.46970198841680944,1.093642734954562,0.4075690776465505,-0.6860736573080116,3.7984768728482416,12.402566413943175,0,0,1,0,1,0,0,0,1,0,0,1
3998836,43b45fbd-4340-4cbd-a7f7-b4c36a356f3e,1,27,2,WNT Finland,Sanni Maija Franssi,Oona Siren,78.9,12.2,77.2,23.2,11.130589,3.6399230630224366,0.4499757654512261,0.08404005422369751,-0.36593571122752855,0.6718676463376636,0.42123350728958636,-0.25063413904807724,1.0213470360964956,1.1618573924651487,0.14051035636865317,2.4206597218218526,10.508138255524319,1,0,1,0,1,0,0,0,1,0,0,1
3998836,e6e7c38d-2b3d-4801-bdf1-10bd784680d5,1,27,5,WNT Finland,Oona Siren,Saara Katariina Kosola,84.6,24.5,104.3,10.1,24.401844,4.873373698145407,0.41750972173377,0.06644309640124275,-0.35106662533252725,0.9100092805241405,0.2583374076734883,-0.6516718728506523,1.6829566742448125,0.6874472279250206,-0.995509446319792,4.650355321873315,8.420158099892536,0,0,2,0,2,0,0,0,1,0,0,1
3998836,127cf66d-f3c3-4022-9365-82b37ee1edee,1,27,51,WNT Finland,Ria Öling,Sanni Maija Franssi,115.2,20.7,106.5,30,12.734991,3.087638425319991,0.6342744870728594,0.47236606047874746,-0.16190842659411192,1.2826798180082988,1.3232942723073706,0.040614454299071845,2.212206011535453,2.6333699380280566,0.4211639264926035,2.477467202774636,4.059472926208943,1,0,1,1,2,1,0,0,1,1,1,1
3998836,8779072b-ec8f-4e86-8efb-34cf70d238a5,1,28,3,Iceland Women's,Sandra María Jessen,Karólína Lea Vilhjálmsdóttir,42.1,49.3,35.1,47.8,7.1589108,-6.804380239879194,0.6959241072471671,0.5985750224537267,-0.0973490847934404,1.249014554521478,1.195306627781862,-0.053707926739615885,1.9808194962268821,2.0370131226047263,0.0561936263778442,2.9612356784214016,2.8287597500216752,1,1,2,1,2,2,0,0,0,0,0,0
3998836,c0feaade-4353-41aa-91d5-5891891f3e80,1,28,35,Iceland Women's,Cecilía Rán Rúnarsdóttir,Guðný Árnadóttir,25.3,41.4,41.8,70,33.01833,10.953318347755982,0.1596459877512534,0.05193905804443413,-0.10770692970681928,0.4570056926607411,0.1818197171260959,-0.2751859755346452,0.8989376549531107,0.41913582456711523,-0.4798018303859955,6.216419630072156,8.900275187791914,0,0,0,0,1,0,0,0,0,0,0,0
3998836,99374bf5-f828-4d6f-a58b-e5e459bc0f02,1,28,53,Iceland Women's,Guðný Árnadóttir,Alexandra Jóhannsdóttir,52.6,70.6,53.7,58.2,12.448695,5.268405403830343,0.6650529928844489,0.422561832641941,-0.24249116024250783,1.1656564956739008,1.1237538276597157,-0.041902668014185185,1.7994431556411477,2.114109198545752,0.3146660429046042,2.481674366383025,5.349290877907372,1,0,2,0,2,2,0,0,1,0,0,1
3998836,4b762703-1b5b-47e1-8795-9626690ca54b,1,28,55,Iceland Women's,Alexandra Jóhannsdóttir,Guðrún Arnardóttir,51.4,55.7,39.4,22.2,35.584408,-12.168464829621229,0.5788510084212801,0.0018857632950529445,-0.5769652451262272,1.270629093002105,0.034355377754090755,-1.236273715248014,2.219651374366116,0.19989804313508186,-2.0197533312310343,2.9272258060081486,19.69364454113793,1,0,1,0,2,0,0,0,1,0,0,1
3998836,82cfcef5-e34b-4858-b15d-988eb1c6a11f,1,29,8,WNT Finland,Eveliina Summanen,Ria Öling,43,54.8,50.3,54,7.3437047,7.31731487436069,0.648590987420897,0.25971423723480375,-0.3888767501860933,1.0391945378628744,0.6929779960314255,-0.3462165418314489,1.61427417939748,1.3315492838771665,-0.28272489552031344,1.6506957777587739,5.497346029242245,1,0,1,0,1,2,0,0,0,0,0,0
3998836,aab1e2b4-9e7d-44f3-8f8e-3e1e2ed7c95e,1,29,10,WNT Finland,Ria Öling,Saara Katariina Kosola,50.7,54.2,57.6,39.9,15.877657,8.339795472528571,0.45289199509947276,0.15976323368287804,-0.2931287614165947,0.9359211066783957,0.4479865484247071,-0.4879345582536886,1.5657609632587821,0.9609754656591654,-0.6047854975996168,3.645298907117343,5.848172379127952,0,0,1,0,2,1,0,0,0,0,0,0
3998836,66db9fbd-3ce2-4fdd-bb39-100cdca4a6bd,1,29,14,Iceland Women's,Alexandra Jóhannsdóttir,Glódís Perla Viggósdóttir,52.9,32.5,32.6,35,20.453362,-20.025054275419052,0.539173172442328,0.054783364148043884,-0.48438980829428413,1.1271568741447868,0.24036377651162902,-0.8867930976331578,1.8535861538574971,0.6447511246145746,-1.2088350292429224,3.554424477984454,9.127228728527745,0,0,1,0,3,0,0,0,1,0,0,1
3998836,e54e0290-8abf-462d-819f-99aabb64e7f0,1,29,17,Iceland Women's,Glódís Perla Viggósdóttir,Alexandra Jóhannsdóttir,32.5,35.4,41.2,33.2,8.973851,8.527974036272553,0.2637039521459951,0.7507729712853463,0.48706901913935113,0.5690947933923803,1.1405318183599453,0.571437024967565,1.017687698979532,1.6784991659742232,0.6608114669946912,4.25266785606671,1.339826520887946,0,1,1,1,1,2,0,0,1,0,0,1
3998836,836c3e8a-d29e-4ecf-a95b-8bd95b923844,1,29,18,Iceland Women's,Alexandra Jóhannsdóttir,Guðný Árnadóttir,41.2,33.2,34,57.1,24.96097,-8.590722029996087,0.8341658936234694,0.02364820416299345,-0.810517689460476,1.2012149944839392,0.15921724063556777,-1.0419977538483713,1.7224630703411736,0.4916048330810762,-1.2308582372600974,0.9770980105725257,12.603984401352749,1,0,1,0,2,0,0,0,1,0,0,1
3998836,11a6408c-7414-4d0b-bead-8e648b299ba9,1,29,23,Iceland Women's,Guðný Árnadóttir,Hlín Eiríksdóttir,34.8,63.1,49.2,74.5,18.366274,9.51755955459437,0.15052122118606182,0.2857058197708052,0.1351845985847434,0.37186865039055256,0.549555462623851,0.17768681223329846,0.7141854735679044,0.9076708987643123,0.19348542519640788,5.788417166257559,3.921289058408058,0,0,0,1,1,1,0,0,0,0,0,0
3998836,f9d3d7ea-de86-4933-b65d-6d2286576c24,1,29,25,Iceland Women's,Hlín Eiríksdóttir,Karólína Lea Vilhjálmsdóttir,49.1,73.4,62.6,70.8,13.748091,13.231888810566431,0.7055522820562496,0.7132556243002579,0.00770334224400826,1.074195723160505,1.015374661906054,-0.05882106125445108,1.4587529723309194,1.534519585538341,0.07576661320742151,2.1606502178316944,1.1777901894341418,1,1,2,1,2,1,0,0,0,0,0,0
3998836,17dd3914-1276-4176-991f-0bcf32122fd1,1,29,32,WNT Finland,Ria Öling,Saara Katariina Kosola,73,8.4,67.4,9.6,5.7271285,-4.117617649783497,0.4087522809226976,0.3718002381683424,-0.03695204275435521,0.9229028662210167,0.8402597816463825,-0.0826430845746342,1.599366095381298,1.4699083484031696,-0.1294577469781284,4.698136872558439,4.250651075083577,0,0,1,1,2,2,0,0,1,0,1,1
3998836,47a64d38-7d9e-454d-accf-7fea0a9de58a,1,29,33,WNT Finland,Saara Katariina Kosola,Eveliina Summanen,67.4,9.3,65.1,18.6,9.580188,1.9801874888504187,0.6466720566698579,0.11906790167912376,-0.5276041549907342,1.1332464405674854,0.45620779966596,-0.6770386409015254,1.7407325685640123,1.1022409338625834,-0.6384916347014289,2.252440202563003,8.138214703911475,1,0,1,0,2,0,0,0,1,0,1,1
3998836,8ee86753-c485-4354-a876-b37f32a1edab,1,29,39,WNT Finland,Eveliina Summanen,Oona Siren,80.1,39.3,87.1,54,16.281584,4.1512800689278535,0.2407298568743002,0.16916108025898463,-0.07156877661531558,0.6057040735294427,0.5811162413720105,-0.02458783215743221,1.3254511755029637,1.3559382334257841,0.03048705792282047,4.618288327210006,6.67460830718744,0,0,1,0,1,1,0,0,0,1,1,1
3998836,df96e6fa-a9c2-4921-99a2-f0cca28808cf,1,30,38,WNT Finland,Saara Katariina Kosola,Joanna Tynnilä,102.4,26.7,85,25.6,17.434736,-15.786387147285218,0.7145773552399682,0.04057492115987027,-0.674002434080098,1.2222609821248742,0.20664560427562434,-1.0156153778492498,2.0244042901143513,0.6404952829253121,-1.3839090071890392,1.5321021466362774,10.027538858816934,1,0,1,0,1,0,0,0,0,0,0,0
3998836,d44cc835-535c-48e1-b71e-08a938d0254d,1,31,29,WNT Finland,Natalia Kuikka,Eva Nyström,33.9,61.5,33.9,43.4,18.1,2.576683422655236,0.0022390901183940827,0.002924965330748011,0.0006858752123539281,0.034781638731032696,0.04347614772337549,0.008694508992342795,0.16943200169707207,0.22031706481437052,0.05088506311729846,20.02985813198765,18.135394094493446,0,0,0,0,0,0,0,0,1,0,0,1
3998836,4901cddf-86c1-46a2-8f7e-553c15ef26e4,1,31,31,WNT Finland,Eva Nyström,Joanna Tynnilä,34.8,38.9,39.3,20.1,19.331062,2.08971377366521,0.008369110524609433,0.014761288485321988,0.006392177960712555,0.08133398181620359,0.10100994453773746,0.019675962721533866,0.3247847315682635,0.3358193204961387,0.011034588927875233,14.996934859871503,13.032589555004277,0,0,0,0,0,0,0,0,1,0,0,1
3998836,b86e0a98-bff0-41e3-a99c-0850fd7662b5,1,31,34,WNT Finland,Joanna Tynnilä,Eva Nyström,40.1,20.3,33.3,39.5,20.368603,-4.408671706387324,0.029171721064601995,0.009539971019710275,-0.01963175004489172,0.15535775297205162,0.09564780136532151,-0.05970995160673011,0.44918417536974886,0.37177610006903383,-0.07740807530071503,11.000588189223723,15.22504316914052,0,0,0,0,0,0,0,0,1,0,0,1
3998836,8b63ce3d-398d-4009-b905-50cbd6f00ff8,1,31,37,WNT Finland,Eva Nyström,Natalia Kuikka,34.2,39.7,37.2,58,18.544271,1.0665879431547722,0.03299053424936441,0.02841904069833581,-0.004571493551028604,0.18292285090432484,0.18168720090665477,-0.001235649997670063,0.5334791963165815,0.538093077826671,0.004613881510089568,10.904164372436764,12.657317078706631,0,0,0,0,0,0,0,0,1,0,0,1
3998836,2dbc893e-5a76-4cdb-affd-ac7f7b64d3bf,1,31,39,WNT Finland,Natalia Kuikka,Emma Wilhelmina Koivisto,40.3,58.6,56.5,74.7,22.839659,9.479055951243154,0.04833191301065913,0.06641347992815923,0.018081566917500097,0.2707507901906663,0.22228491394439118,-0.0484658762462751,0.7507663205844384,0.5245573275591947,-0.22620899302524367,11.65878718101105,8.214965240796746,0,0,0,0,0,0,0,0,1,0,0,1
3998836,704b56d3-0b7d-4846-9fe0-8ff7dba3e16c,1,31,42,WNT Finland,Emma Wilhelmina Koivisto,Oona Siren,56.5,74.7,53,67.2,8.276473,0.05184094888490165,0.1605443122855492,0.5680774137606808,0.40753310147513155,0.37373268222462713,1.0581396098742664,0.6844069276496392,0.7200406226927466,1.7734197680461514,1.053379145353405,5.5505296474688235,2.4194639427568294,0,1,0,1,1,2,0,0,1,0,0,1
3998836,4f4aafcc-9231-42ac-ad1b-46d4a2ca8f53,1,31,44,WNT Finland,Oona Siren,Natalia Kuikka,48.2,66.2,35.6,76.1,16.024044,-15.36546687984628,0.6390641111205334,0.09183140287667767,-0.5472327082438557,1.1065774629025842,0.3459377725233322,-0.760639690379252,1.784690427302586,0.8246624656381611,-0.960027961664425,1.8998644109406386,8.074924677601018,1,0,1,0,1,0,0,0,1,0,0,1
3998836,64f5ea06-e9fd-4c12-8edc-343cfe36463d,1,31,48,WNT Finland,Natalia Kuikka,Emma Wilhelmina Koivisto,43.3,77.8,62.3,77.2,19.009472,16.856414948007,0.4349053418632325,0.33510134316900997,-0.09980399869422252,0.8473188831348673,0.818385297815853,-0.028933585319014243,1.4476683234792949,1.5374336348150726,0.0897653113357777,3.065184762426218,4.22014345693165,0,0,1,1,1,1,1,0,1,0,0,1
3998836,968e7060-4389-4f6f-a42d-ff265ed345ae,1,31,49,WNT Finland,Emma Wilhelmina Koivisto,Sanni Maija Franssi,62.3,76.9,63.4,63.3,13.644413,7.281894198753221,0.33510171603542627,1.013512944323122,0.6784112282876956,0.818385814153392,1.5569284657540312,0.7385426516006393,1.5374342375469785,2.4646833117345164,0.9272490741875379,4.220139565058913,0.4574313151644526,0,1,1,1,1,1,0,0,1,0,1,1
3998836,2c8f033a-9e77-4197-8703-faf149b4dbc8,1,31,57,WNT Finland,Sanni Maija Franssi,Ria Öling,101,41.8,108.2,50.3,11.139569,3.4220589424024865,0.565960152234025,0.9882497147427884,0.4222895625087635,1.2074578638957052,1.7565709468233779,0.5491130829276727,2.0275814806097516,2.6060154027320928,0.5784339221223411,3.1145057445900206,2.1027322388757423,0,1,1,2,3,3,0,0,0,1,1,1
3998836,377d8817-aeb8-4ffd-a756-dbef6269bb0a,1,31,58,WNT Finland,Ria Öling,Saara Katariina Kosola,108.2,50.3,105.6,27.8,22.649725,-3.2102477508085485,1.0019900064599176,0.2228442466231001,-0.7791457598368176,1.7463746146325465,0.6814472932294199,-1.0649273214031267,2.584115758517744,1.4199973762839802,-1.1641183822337637,2.63899036072087,5.7339339678076895,2,0,2,0,3,1,0,1,0,1,1,1
3998836,bdecf985-bc77-4393-b80f-a2b0cc887f0f,1,34,20,Iceland Women's,Cecilía Rán Rúnarsdóttir,Sandra María Jessen,22.3,32.7,68.8,38.7,46.885498,46.75584178902881,0.5481004297528245,0.8399938959195296,0.2918934661667051,0.866279136300921,1.2933502566468382,0.4270711203459172,1.2687384472920729,1.9556354763929753,0.6868970291009024,2.1441677876345735,1.0473120383010033,1,1,1,1,1,2,1,0,0,0,0,0
3998836,717f0968-210f-458b-942f-b8d5496ea7ad,1,34,26,WNT Finland,Joanna Tynnilä,Saara Katariina Kosola,49.7,20.7,64.5,9.1,18.804255,9.379043840673411,0.25173164477656695,0.031327339844088295,-0.22040430493247865,0.6684095771216088,0.13711771637327966,-0.5312918607483291,1.1827705298395763,0.376436036456394,-0.8063344933831823,6.117623307146769,10.423281056152089,0,0,0,0,1,0,0,0,1,0,0,1
3998836,5af11ff3-4092-4cc8-9cb9-b69e0a412df3,1,34,34,WNT Finland,Saara Katariina Kosola,Joanna Tynnilä,79.5,17.8,92.5,7,16.900888,3.2290140819612603,0.14034394525487753,0.02977903596462734,-0.1105649092902502,0.46983109590829025,0.1799864146976785,-0.28984468121061174,1.110687865142451,0.5913991790292303,-0.5192886861132207,6.5354673488493775,11.37494483602832,0,0,0,0,1,0,0,0,1,0,0,1
3998836,3b6816b7-6bb2-467c-b627-ae334eecbbfd,1,34,37,WNT Finland,Joanna Tynnilä,Saara Katariina Kosola,90.2,10.1,85.2,15.7,7.50733,-0.23010020563700806,0.10698196419249034,0.13497610160114676,0.027994137408656417,0.3471435611585497,0.4547178481894939,0.10757428703094418,0.8288902912150449,1.0557621577749463,0.22687186655990144,7.0866695446755354,6.926437628752591,0,0,0,0,1,1,0,0,1,0,1,1
3998836,e250323d-2e6c-42df-96a5-07a956b03dbb,1,34,40,WNT Finland,Saara Katariina Kosola,Ria Öling,85.3,15.7,99.3,30.2,20.155643,19.45986346471461,0.33537739794484717,1.0915480058958027,0.7561706079509556,0.8170063537404086,1.6778509628803557,0.8608446091399471,1.563898158131539,2.6136185652140775,1.0497204070825386,4.422959200970177,0.45203730962771516,0,1,1,1,1,2,0,1,1,0,1,1
3998836,023bd2df-2598-4faf-ae43-7434ac65201f,1,34,43,WNT Finland,Ria Öling,Sanni Maija Franssi,95.6,28.5,100.8,41.6,14.094325,7.707695651373612,1.0446307844183502,0.7510393290877353,-0.2935914553306149,1.8617930736416364,1.7013462882206631,-0.16044678542097324,2.9598243864411273,2.9238976719102103,-0.035926714530917,1.354162555704325,3.6489278916943295,1,0,2,1,3,3,0,0,1,1,1,1
3998836,bcfa70f2-3a4f-4dcb-83aa-9d956b4ef4c5,1,34,53,Iceland Women's,Karólína Lea Vilhjálmsdóttir,Sandra María Jessen,37.2,70.2,55.5,68.8,18.353474,17.497839590027354,0.16448195367805885,0.9136211521124249,0.749139198434366,0.49370007820204187,1.1654465129220104,0.6717464347199685,1.091330398002808,1.592594114392654,0.5012637163898461,6.003312992817071,0.4814997636063293,0,1,0,1,1,1,0,1,1,0,0,1
3998836,57f52d5a-a9c3-41b1-b2c9-129699e359da,1,34,57,WNT Finland,Joanna Tynnilä,Eva Nyström,71.6,7.8,64.6,7.3,7.017834,-6.198178758108774,0.9328752858152757,0.1678599527889433,-0.7650153330263324,1.234676991837871,0.43189426840669864,-0.8027827234311724,1.5699165064706115,0.8216919942623625,-0.748224512208249,1.019290183125988,5.897248817394772,1,0,2,0,2,1,1,0,1,0,0,1
3998836,c28b371e-76bc-455b-9f84-4940302a3243,1,35,0,WNT Finland,Eva Nyström,Eveliina Summanen,57.3,11.6,66,21.5,13.179529,11.75095927652437,0.5662601569880646,0.11638311643343932,-0.4498770405546253,0.7745483523687884,0.3888968970300875,-0.3856514553387009,1.0519795340025662,0.8643097295561044,-0.18766980444646175,1.7638691814832268,7.412954367159246,1,0,1,0,1,1,0,0,1,0,0,1
3998836,c228d7f6-b53a-45f2-8fb2-3bf686f093f8,1,35,5,WNT Finland,Eveliina Summanen,Ria Öling,72.7,34.3,85.2,32.7,12.601984,12.084789823222891,0.3346276151218677,0.5221865553470276,0.1875589402251599,0.7587875028886476,1.2541795525524015,0.49539204966375394,1.4253384794386719,2.3117642667465423,0.8864257873078705,4.288782025219284,4.050831748474795,0,0,1,1,2,3,0,0,0,0,0,0
3998836,0ad9c7be-3720-4ca5-8f56-382edc1083fe,1,35,11,Iceland Women's,Sveindís Jane Jónsdóttir,Guðrún Arnardóttir,38.6,23.4,23.9,20.1,15.065855,-15.063391837098038,0.45891199049954895,0.21856319273562694,-0.240348797763922,0.9325479267802844,0.5155756504124481,-0.4169722763678363,1.6285673871694644,1.0259337927803938,-0.6026335943890706,3.0059173682038973,4.771445904260333,0,0,1,1,1,1,0,0,1,0,0,1
3998836,d29d1de6-31c9-4f95-a475-7457c77e7ff5,1,35,13,Iceland Women's,Guðrún Arnardóttir,Cecilía Rán Rúnarsdóttir,23.9,20.1,5.5,32.3,22.077137,-16.61983694695762,0.43155324478716617,0.004415391342713048,-0.4271378534444531,0.7461412571210668,0.05361899479222387,-0.692522262328843,1.2507520343320098,0.23539285045325833,-1.0153591838787515,2.6634224371612816,17.08649268443397,1,0,1,0,1,0,0,0,1,0,0,1
3998836,687f879b-5d97-4ae1-84f8-2481ed1948f9,1,35,37,WNT Finland,Oona Siren,Ria Öling,86.5,58.3,92.9,49.2,11.125196,9.553453592870174,0.901353699738966,0.3462581314156299,-0.5550955683233361,1.491976115437061,1.0707257823994394,-0.4212503330376216,2.303730361098067,2.0964836289901334,-0.20724673210793343,1.1549281172576273,6.561460488500249,1,0,1,0,3,3,0,0,1,0,0,1
3998836,cac1ee84-44d5-49c7-8ad5-6c203026e159,1,36,6,Iceland Women's,Hildur Antonsdóttir,Hlín Eiríksdóttir,16.8,25.3,34.3,33.7,19.411594,18.310438725278132,0.7150741540998495,0.7109839023998434,-0.004090251700006098,1.1926483905403755,1.3643459940394391,0.1716976034990636,1.8649180643557393,2.260134905887048,0.39521684153130865,1.603552830890263,2.1797152351400118,1,1,1,1,2,2,0,0,1,0,0,1
3998836,dd2e2a67-ccc0-4781-b75a-6e5c1852e10c,1,36,19,WNT Finland,Natalia Kuikka,Eva Nyström,44.1,62.1,37.7,50.1,13.6,-3.865420610081955,0.023739750834472467,0.008254169083040516,-0.015485581751431951,0.17396826014353878,0.0772894464982372,-0.09667881364530158,0.5641867041535155,0.300397750172388,-0.26378895398112745,12.907647438750427,15.215977307323838,0,0,0,0,0,0,0,0,1,0,0,1
3998836,6a2c5e97-9402-4d2c-9abc-85ec96d08f9b,1,36,22,WNT Finland,Eva Nyström,Joanna Tynnilä,38.7,43.4,43.9,22.4,21.634232,3.2623573519752114,0.01572103289977822,0.03971477379983278,0.023993740900054558,0.11477319299108661,0.21565424777350184,0.10088105478241523,0.38356464231367515,0.5847099862976981,0.20114534398402295,13.489410945530064,11.068291367004715,0,0,0,0,0,0,0,0,1,0,0,1
3998836,55eb37b9-f385-4d94-8d5d-b86748640b58,1,36,25,WNT Finland,Joanna Tynnilä,Eva Nyström,43.5,23.4,30.2,43.4,24.018534,-11.584012619941277,0.149669557711981,0.4199336546772162,0.27026409696523523,0.46431888550185757,0.685466164241541,0.22114727873968348,0.9441952838816455,1.07359956456086,0.1294042806792145,6.67032926124097,2.678533909548078,0,1,0,1,1,1,0,0,1,0,0,1
3998836,b4880d03-0dca-4736-b9ef-363d201d6239,1,36,29,WNT Finland,Eva Nyström,Sanni Maija Franssi,36,34.1,57.1,20.9,24.888752,18.470960356932324,0.5196134359122762,0.55862355653207,0.03901012061979381,1.0186371236259346,0.8283077675842375,-0.1903293560416971,1.631906138523392,1.2440802150867294,-0.38782592343666256,3.2551287606610813,1.8767617007730328,0,1,1,1,2,1,0,0,1,0,0,1
3998836,177f790c-d2b6-4c4f-80dd-aa8831b5fc54,1,36,32,WNT Finland,Sanni Maija Franssi,Joanna Tynnilä,46.2,13.4,34,18.8,13.341664,-10.127053796587887,0.8515430593673229,0.43314883358934697,-0.4183942257779759,1.2376965027591038,0.799371432127297,-0.4383250706318068,1.778487789087645,1.3524536773028926,-0.42603411178475237,1.081381074219572,2.813849769170415,1,1,1,1,2,1,1,0,0,0,0,0
3998836,c6a09e74-d7fe-4948-8652-72317ad661ac,1,36,40,Iceland Women's,Hlín Eiríksdóttir,Sandra María Jessen,101.7,67.7,100.2,53,14.776333,9.512813422980166,0.874482984970754,0.8620078065700162,-0.012475178400737863,1.422869840326793,1.4527701539488052,0.029900313622012176,2.1423127463015996,2.3777182465935662,0.2354055002919666,1.2100686107899774,1.2078535550654397,1,1,1,1,2,2,1,0,1,0,0,1
3998836,c780fa3f-b2c8-4043-9cf5-ec59334c0413,1,36,49,Iceland Women's,Glódís Perla Viggósdóttir,Hildur Antonsdóttir,71.7,70,85.9,73.9,14.725827,8.775039505279963,0.5075681842981393,0.5380083454506931,0.03044016115255377,0.9067855595338021,0.8679746847044577,-0.03881087482934442,1.3714834868865464,1.4740611122694354,0.10257762538288895,3.3369117667585106,2.022411111117658,0,1,1,1,2,1,0,0,0,0,0,0
3998836,25ecd3f1-9b2a-4bc4-b90b-386ad7cbffbd,1,37,11,WNT Finland,Emma Wilhelmina Koivisto,Linda Sällström,29.8,76.1,62.9,64.7,35.00814,34.94246008847129,0.4000346605187343,0.7447086046492695,0.34467394413053515,0.6999804357706974,1.0104594878399444,0.3104790520692471,1.1501878414456748,1.4658115759764772,0.3156237345308024,2.890228511508209,1.0737353589448917,1,1,1,1,1,1,0,1,1,0,0,1
3998836,4cca6cf1-84f6-4591-b835-341f3ea48c08,1,37,22,WNT Finland,Eveliina Summanen,Linda Sällström,55.3,49.9,69.7,58.8,16.92838,11.75452637735009,0.33021116861468747,0.21125318853533032,-0.11895798007935715,0.8458349723471815,0.6398562218377082,-0.20597875050947334,1.6679140389180407,1.3862369995948347,-0.281677039323206,4.697891674535091,5.482091482146507,0,0,1,0,2,1,0,0,1,0,0,1
3998836,6d542aed-bd10-4687-8900-dffd2431c370,1,37,25,WNT Finland,Linda Sällström,Emma Wilhelmina Koivisto,86.7,58.8,89.3,68.1,9.656604,-3.3780818615361454,0.6710614506958575,0.06322282278808145,-0.6078386279077761,1.1870384048202431,0.29280587785507145,-0.8942325269651716,1.9436243884418263,0.7859406379416504,-1.1576837505001758,1.8212432938938785,9.636930878079744,1,0,1,0,2,0,0,0,1,0,0,1
3998836,7ffb81d5-953d-4422-9ade-b1c149edd413,1,39,15,Iceland Women's,Hildur Antonsdóttir,Glódís Perla Viggósdóttir,39.5,56.6,27.1,60.5,12.998846,-12.94122221754077,0.47205701111776244,0.10777690567689982,-0.36428010544086264,0.9968081725437925,0.3934770677596783,-0.6033311047841142,1.6877932863622782,0.8799891489693685,-0.8078041373929097,3.1356334478446493,7.896385063222795,0,0,1,0,1,1,0,0,1,0,0,1
3998836,b1e79da5-78c9-4c41-a9f9-0b040fc96f76,1,39,18,Iceland Women's,Glódís Perla Viggósdóttir,Guðný Árnadóttir,27,58.2,32.8,73.4,16.26899,1.3864006971257226,0.3455218353650138,0.17288965707834006,-0.17263217828667374,0.7401207066511246,0.47754476821764935,-0.26257593843347526,1.2811276082359702,0.9361431588064297,-0.34498444942954043,3.6771990818511022,5.958236822233621,0,0,1,0,1,1,0,0,1,0,0,1
3998836,78d08957-816b-48d2-968d-73240fa1dbec,1,39,19,Iceland Women's,Guðný Árnadóttir,Hlín Eiríksdóttir,34,73.5,38.9,77,6.021628,3.1528493228586,0.4689088309758354,0.28820261877935577,-0.18070621219647964,0.7886544837772886,0.5735759229310106,-0.21507856084627808,1.215209449916903,0.971396318922723,-0.24381313099418,2.5138984735500647,3.9349817261725537,1,0,1,1,1,1,0,0,1,0,0,1
3998836,d214be53-e8df-455b-809e-1713920aff7a,1,39,23,Iceland Women's,Hlín Eiríksdóttir,Karólína Lea Vilhjálmsdóttir,45.4,72.6,63.2,62.9,20.271408,20.169487854449677,0.8680548588174246,0.2254126510945308,-0.6426422077228938,1.4138235602884073,0.6025159122542114,-0.8113076480341959,2.088360357899321,1.2439508760894211,-0.8444094818098999,1.5389079710257114,4.9876514460899655,1,0,2,1,2,1,1,0,1,0,1,1
3998836,4fa972dd-ffab-4808-9589-0a620c998703,1,39,27,Iceland Women's,Karólína Lea Vilhjálmsdóttir,Sveindís Jane Jónsdóttir,79.2,61.5,110.6,55.1,32.045593,28.331424805409288,0.6182237861506215,0.7261690382323578,0.10794525208173633,1.0567328158129445,1.200175435496166,0.14344261968322147,1.8092990515498866,1.8720687966605003,0.06276974511061373,1.7704680042238197,1.9034347196643129,1,1,1,1,1,2,1,0,0,1,1,1
3998836,d6c3f681-e5a6-41a7-842b-d812a2a48697,1,39,30,Iceland Women's,Sveindís Jane Jónsdóttir,Sandra María Jessen,111.4,53.9,114.5,34.1,20.041208,8.279357794102694,0.821204792157246,0.6951569577246997,-0.1260478344325463,1.2831254037950584,1.0996136424267302,-0.18351176136832814,1.9494561200739589,1.7023227994711518,-0.24713332060280702,1.4345913591287223,1.5337117017633217,1,1,1,1,2,2,0,0,0,1,1,1
3998836,88040600-9b79-45f0-8156-d74131bd8ae9,1,41,10,Iceland Women's,Karólína Lea Vilhjálmsdóttir,Guðrún Arnardóttir,85.3,10.2,80.4,2.5,9.1268835,-8.798344176050179,0.4495694974967712,0.4696658825866566,0.02009638508988537,1.020274095941437,0.9057380208266287,-0.11453607511480823,1.7953696782117194,1.5520504525524401,-0.24331922565927933,3.8829344063433577,2.827686249601018,0,1,1,1,2,1,0,0,1,0,0,1
3998836,952b4b3e-1a96-410b-b978-43aaf846bb56,1,41,20,Iceland Women's,Guðný Árnadóttir,Hildur Antonsdóttir,59.6,44.9,70.2,57.1,16.161682,7.9443726504113314,0.36463331850534153,0.20119418407820222,-0.1634391344271393,0.6641122415079664,0.5596692041865424,-0.10444303732142401,1.1171773227846487,1.130470438545044,0.013293115760395269,3.176041250956317,6.289683329071148,0,0,1,0,1,2,0,0,1,0,0,1
3998836,a97347bc-02b8-4c06-a9fb-6f275b978ad8,1,41,23,Iceland Women's,Hildur Antonsdóttir,Hlín Eiríksdóttir,78.5,61.1,101,72.3,25.133444,9.082130245337119,0.39455959614627456,0.028910604667063602,-0.365648991479211,0.8724691697461894,0.1514962092976085,-0.7209729604485808,1.6236217312507222,0.48151017423511533,-1.1421115570156068,3.73655460912598,10.837525291256032,0,0,1,0,2,0,0,0,1,0,0,1
3998836,2c795bec-ecf0-4e9c-8720-5d04816826e4,1,42,16,WNT Finland,Sanni Maija Franssi,Ria Öling,42.6,62.7,48.8,75.3,14.042791,1.1897803425209048,1.3259412671871573,0.3411769242797613,-0.984764342907396,1.8783775319391942,0.9377641591227385,-0.9406133728164557,2.5730765868213434,1.7857173533430963,-0.7873592334782471,0.3772700395707951,5.182586430457791,1,0,2,0,3,1,1,0,1,0,0,1
3998836,cae26d79-bdd8-4834-9663-9c81bdf0daac,1,42,22,WNT Finland,Sanni Maija Franssi,Ria Öling,51.7,60.6,62.7,62.9,11.237883,9.6324158569983,0.888208349633271,0.5987372431985457,-0.2894711064347253,1.5495477038697056,1.2624168991602198,-0.2871308047094858,2.3608740506788495,2.1005420249131075,-0.260332025765742,2.260239108938387,3.275098823654348,1,0,2,1,3,3,0,0,0,0,0,0
3998836,e6c599e8-212b-46d7-93c3-cbb945a0448c,1,42,47,Iceland Women's,Cecilía Rán Rúnarsdóttir,Glódís Perla Viggósdóttir,13.9,43.7,16.8,65.9,22.388613,-0.2359279249204178,0.2596492073367059,0.13719296940793818,-0.1224562379287677,0.5695841892780912,0.33105994417311296,-0.23852424510497822,1.0025955710497065,0.6333965180834898,-0.3691990529662167,4.369166538193048,5.99309995869516,0,0,1,0,1,1,0,0,0,0,0,0
3998836,34e4c3cc-bd76-4b1b-ae96-809ef02d12b6,1,42,55,WNT Finland,Joanna Tynnilä,Eva Nyström,48.9,7.5,37.5,12,12.256019,-8.946213373233618,0.7614794667715035,0.06436883092368093,-0.6971106358478225,1.0204859230272039,0.2755922994867075,-0.7448936235404964,1.3264118625194659,0.6596645392345925,-0.6667473232848734,1.098706042166658,9.164433720734845,1,0,1,0,1,0,0,0,1,0,0,1
3998836,a562cc86-4df5-464f-beb6-cbd082211df9,1,42,58,WNT Finland,Eva Nyström,Natalia Kuikka,37.5,12,25.2,38.7,29.396938,-7.686872243833008,0.12849104075123816,0.024121524768758344,-0.10436951598247982,0.4091812687620723,0.14160214849582045,-0.26757912026625186,0.8665961796089274,0.4635849721737364,-0.40301120743519103,6.8690882425653355,11.460503939147038,0,0,0,0,1,0,0,0,1,0,0,1
3998836,91af93f2-f548-4d0b-a44d-523efa4214b2,1,43,3,WNT Finland,Natalia Kuikka,Emma Wilhelmina Koivisto,35.6,40.5,50.9,73.2,36.102356,7.739560886736044,0.8867928563166304,0.01648138828619311,-0.8703114680304374,1.098277908241551,0.09682506260880942,-1.0014528456327416,1.5152694024666589,0.3246139714819071,-1.1906554309847517,0.4613309554932789,12.370184665786844,1,0,1,0,1,0,0,0,1,0,0,1
3998836,c2fc96f3-e835-4b5e-b5a0-2f64551a4ce3,1,43,9,WNT Finland,Emma Wilhelmina Koivisto,Oona Siren,63.4,66.6,54.7,63.8,9.139475,-6.96306649478673,0.3709239949598933,0.14221142469337564,-0.22871257026651767,0.8159025534677223,0.4469281915421485,-0.3689743619255738,1.4411105446332446,0.9799537476729786,-0.461156796960266,4.772961791507147,6.599684506813636,0,0,1,0,2,1,0,0,1,0,0,1
3998836,a9003797-d7e9-494a-acbc-b4ed34caff25,1,43,10,WNT Finland,Oona Siren,Eva Nyström,54.4,62,49.9,38.9,23.534231,-0.9178791696277813,0.30365801330432707,0.017655308728464474,-0.2860027045758626,0.7247561419606168,0.15755163521978383,-0.5672045067408329,1.3962438350884587,0.5809846418834271,-0.8152591932050316,4.1802460267953725,15.069259736390693,0,0,1,0,1,0,0,0,1,0,0,1
3998836,388efc2c-9763-4ed9-b847-e0ab41116132,1,43,14,WNT Finland,Eva Nyström,Saara Katariina Kosola,58.7,35.6,77,6.2,34.630188,6.763650858180178,0.025142631660811397,0.008671255523245559,-0.016471376137565837,0.18652494998568783,0.0794376574916582,-0.10708729249402964,0.6234272020216416,0.3247022094506452,-0.2987249925709964,13.15762058853928,14.809774549632365,0,0,0,0,0,0,0,0,1,0,0,1
3998836,4266a227-0396-4ae2-9012-31ac431a297b,1,43,20,WNT Finland,Saara Katariina Kosola,Oona Siren,75.1,21.5,70.9,38.7,17.705366,-0.5552875237746946,0.22085596209101124,0.14755512393953227,-0.07330083815147898,0.5546888201850614,0.4604987116176794,-0.09419010856738197,1.1679664401144905,1.1202941326471936,-0.04767230746729689,4.8423372893010495,6.124449312476623,0,0,1,0,1,1,0,0,1,0,0,1
3998836,812f69ce-4f48-40c9-a69f-f3be5e705694,1,43,24,WNT Finland,Oona Siren,Eva Nyström,70.9,34.1,57.5,27.4,14.981655,-14.304220730212634,0.3749700712384838,0.023220191356048234,-0.35174987988243556,0.8226646452905058,0.1466250633087187,-0.676039581981787,1.6116713294425686,0.49893723617681546,-1.1127340932657532,3.403939353468661,11.840910728282603,0,0,1,0,1,0,0,0,1,0,0,1
3998836,bdce3792-6433-41c1-89e5-3acd757d794f,1,43,29,WNT Finland,Eveliina Summanen,Natalia Kuikka,65.8,42.8,49.7,52.7,18.900265,-17.165668566911442,0.6691081161230059,0.02481321908237142,-0.6442948970406345,1.1080334296378007,0.17261902086964875,-0.935414408768152,1.7283589224914733,0.5624685158231907,-1.1658904066682827,1.7427294535829878,13.372906487329209,1,0,1,0,2,0,0,0,1,0,0,1
3998836,17176175-7fae-437d-9a39-c77a0fc16839,1,43,32,WNT Finland,Natalia Kuikka,Ria Öling,49.9,52.7,72.7,48.6,23.165707,23.165678283732447,0.0485894107280109,0.27780894686424273,0.22921953613623183,0.263530611994227,0.8992521704021343,0.6357215584079073,0.778157223298271,1.9471938838297413,1.1690366605314704,11.35176247323235,5.740989481215579,0,0,0,0,0,1,0,0,0,0,0,0
3998836,c749d3fc-0d5f-4536-8afc-d042007499d2,1,43,37,Iceland Women's,Alexandra Jóhannsdóttir,Glódís Perla Viggósdóttir,42.3,30,27,31.1,15.339492,-15.084031822634941,0.8831996622676179,0.26511866953426416,-0.6180809927333537,1.453137349438577,0.7590660430193344,-0.6940713064192426,2.149933314324072,1.5231615140878971,-0.6267718002361748,1.6209242864213285,5.806453721714532,1,0,2,0,2,2,0,0,0,0,0,0
3998836,b03cc874-85be-41ee-be62-3bc43b453c15,1,44,1,WNT Finland,Sanni Maija Franssi,Emma Wilhelmina Koivisto,72.6,67.2,64.5,76.6,12.408464,-11.831857459864253,0.7789097348482943,0.24187261272045948,-0.5370371221278348,1.50962501603612,0.5955032326837271,-0.9141217833523929,2.375104718112086,1.1593521010822694,-1.2157526170298167,2.6534557307806463,4.748586074184057,1,0,1,1,3,1,0,0,1,0,0,1
3998836,7a12f551-b678-4a22-bfb6-67745fc8383b,1,44,3,WNT Finland,Emma Wilhelmina Koivisto,Eveliina Summanen,64.3,76.6,58.8,59.2,18.248562,2.5076114424332445,0.33276610772682175,0.546415233966135,0.21364912623931326,0.716708407448834,1.1260232476842702,0.4093148402354362,1.2914594906753807,1.888042409692108,0.5965829190167273,3.819140510922567,3.739465221690373,0,0,1,2,1,2,0,0,1,0,0,1
3998836,c6829335-0dc3-4fb5-9875-242982cb9990,1,44,5,WNT Finland,Eveliina Summanen,Natalia Kuikka,58.8,59.2,38.9,70.6,22.934036,-22.53975693180908,0.5720517761926754,0.019788359080182387,-0.552263417112493,1.1501193211840075,0.12935901443739645,-1.0207603067466111,1.9080283767773207,0.43982775866802226,-1.4682006181092984,3.5709524789926372,12.11211872643371,0,0,2,0,2,0,0,0,1,0,0,1
3998836,e2f9aac2-5f01-45c2-a380-6af83099e07f,1,44,11,WNT Finland,Natalia Kuikka,Ria Öling,46.2,68.5,68.5,42.2,34.48159,27.564913925924955,0.22996492466809154,0.1431735991577855,-0.08679132551030605,0.5905063464553456,0.5331320056031321,-0.05737434085221349,1.1675951176867732,1.2644355494407236,0.0968404317539504,4.990854842412533,8.096849963916762,0,0,1,0,1,0,0,0,1,0,0,1
3998836,97814e87-a38b-4fe7-a46c-02ca99ba1031,1,44,15,WNT Finland,Ria Öling,Saara Katariina Kosola,76,38.4,94.5,8.9,34.820972,3.811423485161413,0.8697426113692218,0.01239938000268686,-0.857343231366535,1.275395666024914,0.09540510970975373,-1.1799905563151603,1.8535257019766682,0.36206091055965867,-1.4914647914170096,1.0354709300904121,13.497451239852307,1,0,1,0,2,0,0,0,1,0,0,1
3998836,15445ada-cd80-4467-a795-17b8e3d682d0,1,45,36,Iceland Women's,Hildur Antonsdóttir,Karólína Lea Vilhjálmsdóttir,104.2,56.1,103.9,46.3,9.804591,5.268979134531911,0.7931607166381908,0.6446735901558234,-0.1484871264823674,1.365069742994976,1.5349536884551171,0.16988394546014107,2.316863196275708,2.8482624231252283,0.5313992268495205,1.3513384259163057,2.8785967817195677,1,1,1,1,2,2,0,1,0,0,0,0
3998836,da88fc05-1e7d-43ba-b91a-5bf973ee9bf0,1,46,29,Iceland Women's,Cecilía Rán Rúnarsdóttir,Alexandra Jóhannsdóttir,11.5,36.1,26.6,37.3,15.147607,15.131051994161439,0.1159737056409152,0.3593442268335013,0.24337052119258612,0.3152276422839133,0.7157489883881296,0.4005213461042163,0.632745432497908,1.2059917025708384,0.5732462700729304,6.590484067844292,3.434543993503229,0,0,0,1,1,1,0,0,1,0,0,1
3998836,60d031b8-a854-4431-91eb-e63b32bdaac7,1,46,30,Iceland Women's,Alexandra Jóhannsdóttir,Cecilía Rán Rúnarsdóttir,26.6,37.5,7.5,33.7,19.474342,-19.242809665364334,0.3593442180331405,0.006986527063877329,-0.35235769096926317,0.7157489820634378,0.07902637946921548,-0.6367226025942223,1.2059916964023398,0.3177799071538097,-0.8882117892485302,3.434544102889966,17.649491184863173,0,0,1,0,1,0,0,0,1,0,0,1
3998836,ff17d68f-8623-4241-a06c-388b5fb235da,1,46,36,Iceland Women's,Cecilía Rán Rúnarsdóttir,Ingibjörg Sigurðardóttir,11.2,34.8,12.7,18.1,16.76723,-0.5879059650618643,0.2593450411763973,0.11615413808951071,-0.1431909030868866,0.512114513775292,0.3059651334764297,-0.20614938029886237,0.8651923957299225,0.6036718343047744,-0.261520561425148,4.153768719700907,6.522594370172794,0,0,1,0,1,1,1,0,1,0,0,1
3998836,64509d6d-c970-462b-b981-664bee7fe342,1,46,39,Iceland Women's,Ingibjörg Sigurðardóttir,Guðrún Arnardóttir,13.3,18.1,28.2,5,19.839859,10.678471469776113,0.4499972016806266,0.019778864359310328,-0.4302183373213163,0.6531944324942965,0.1286052910354897,-0.5245891414588069,0.9078216416871564,0.3950248874884643,-0.5127967541986921,2.411792167398507,13.503698697147412,1,0,1,0,1,0,0,0,0,0,0,0
3998836,d37102e5-11f9-498e-9412-85d94c35676b,1,46,41,Iceland Women's,Guðrún Arnardóttir,Sandra María Jessen,28.2,5.2,49.1,7.7,21.04899,20.263895684315813,0.10467873176983004,0.5668949228429699,0.4622161910731399,0.321820489301762,0.8931805657684476,0.5713600764666856,0.6654128860118333,1.347682604414886,0.6822697184030526,7.253402393136831,2.0481925664358513,0,1,0,1,1,1,0,0,0,0,0,0
3998836,05f40ee0-8459-44d2-8acb-89de272c11c5,1,46,49,WNT Finland,Saara Katariina Kosola,Joanna Tynnilä,68.7,22.7,57.6,24.5,11.244999,-10.157741364247002,0.38497894646848274,0.24396242473055632,-0.14101652173792642,0.7205424463742206,0.5750791722912356,-0.14546327408298498,1.2421019529529846,1.1292166892180044,-0.1128852637349802,3.1526318682451633,4.528407238312317,0,0,1,1,1,1,0,0,1,0,0,1
3998836,63a30880-3dfe-4097-a66c-98cb4f2fa69a,1,46,53,WNT Finland,Joanna Tynnilä,Saara Katariina Kosola,65.8,16.3,78.9,11.6,13.917615,9.197452934524293,0.25933185472969705,0.16058968987293182,-0.09874216485676524,0.5252810062742718,0.44471395565896693,-0.08056705061530484,0.9843453275551161,0.9216718629524422,-0.06267346460267387,4.141306838140223,6.04440350779806,0,0,1,0,1,1,0,0,1,0,0,1
3998836,ab957b09-fc95-4ee3-b9eb-75a30f58c171,1,47,7,WNT Finland,Oona Siren,Joanna Tynnilä,86.5,34.1,78.9,14.2,21.301878,-14.511212057483178,0.5702346539134903,0.08239197252737493,-0.4878426813861153,1.3601482082656435,0.2993242955077124,-1.060823912757931,2.481981635185102,0.7628833901339305,-1.7190982450511716,3.7535094392304034,7.802698733396831,0,0,1,0,3,1,0,0,1,0,0,1
3998836,5028914a-aee3-490c-8368-fade99e61bea,1,47,9,WNT Finland,Joanna Tynnilä,Sanni Maija Franssi,79.1,13.9,94.6,9.5,16.112417,8.826809146998364,0.13367813769060571,0.3106287391308829,0.1769506014402772,0.40009629912210043,0.5900676194714101,0.18997132034930964,0.9405562604992811,1.037899905251213,0.09734364475193191,6.296637350420845,3.6192937127579983,0,0,0,1,1,1,0,0,1,0,0,1
3998836,038e5d19-a1a9-4a3e-98c0-50ff7903a6a4,1,47,12,WNT Finland,Sanni Maija Franssi,Joanna Tynnilä,93.3,3.5,78,7.9,15.920113,-7.638955174607922,0.7517542153888989,0.02786638398252164,-0.7238878314063772,1.0487994052081404,0.17910993542235637,-0.869689469785784,1.5226766857044154,0.5937718404818688,-0.9289048452225466,1.0480503296589343,11.576586967895052,1,0,1,0,1,0,1,0,1,0,0,1
3998836,f7916c72-f6de-416a-9a21-3183c78bb0e8,1,47,14,WNT Finland,Joanna Tynnilä,Eva Nyström,75.5,7.9,57.3,14.5,19.359753,-12.81759259910153,0.06196866694653733,0.009523214182583348,-0.05244545276395399,0.2494180905077228,0.08334003271234874,-0.16607805779537405,0.649297635935728,0.307784698147267,-0.341512937788461,8.734091243539902,14.631954827095251,0,0,0,0,0,0,0,0,1,0,0,1
3998836,eda28479-1752-4cd0-bac2-b340f4ab25b6,1,47,19,WNT Finland,Eva Nyström,Natalia Kuikka,56.3,14.2,43.3,50.1,38.18128,-8.635648552809911,0.1260223120491761,0.023481632112480697,-0.10254067993669541,0.3334587678876362,0.11843490172284316,-0.21502386616479302,0.6207606126935251,0.34010847476967204,-0.2806521379238531,6.414716876107099,11.329114734146554,0,0,0,0,1,0,0,0,0,0,0,0
3998836,d2657141-8d23-4691-a7b0-38a15a7b99e5,2,45,40,Iceland Women's,Cecilía Rán Rúnarsdóttir,Ingibjörg Sigurðardóttir,8,60.5,25.4,62.8,17.551353,16.551873599146106,0.0319954150326386,0.11935648740001045,0.08736107236737185,0.1657900669286323,0.36916567925835736,0.20337561232972506,0.4204511327162015,0.71643220109514,0.29598106837893856,11.688161948925126,7.86684958981889,0,0,0,0,0,1,0,0,1,0,0,1
3998836,15e2c911-2279-468a-b452-ba5cfaf1aeb7,2,45,41,Iceland Women's,Ingibjörg Sigurðardóttir,Guðrún Arnardóttir,26.2,63.2,27.9,78.1,14.996666,-3.0430566262203627,0.07725836836796068,0.05848754992302893,-0.018770818444931753,0.30734856526211,0.21987814877238968,-0.08747041648972034,0.7088928238782229,0.5487921935729317,-0.1601006303052912,9.717329782447338,8.673233520170404,0,0,0,0,0,0,0,0,1,0,0,1
3998836,98379dfc-10bf-4c7b-9441-5ed2bdcedaf8,2,45,46,Iceland Women's,Guðrún Arnardóttir,Karólína Lea Vilhjálmsdóttir,38.2,78.3,59.6,73,22.046541,21.49533753389919,1.153759114376171,0.922404833527136,-0.23135428084903498,1.5469737329668496,1.1867457136029425,-0.36022801936390714,2.051576561784602,1.7268092967902822,-0.3247672649943196,0.7009330322189202,0.4105601617524209,1,1,2,1,2,1,1,1,1,0,0,1
3998836,7feb6828-1260-47de-b3f2-883edd397397,2,45,50,Iceland Women's,Karólína Lea Vilhjálmsdóttir,Sveindís Jane Jónsdóttir,56.6,78.6,77.5,74.8,21.242645,19.296276575111285,0.8475428688126965,0.2763784717529147,-0.5711643970597817,1.6092656421019251,0.5731177058993036,-1.0361479362026216,2.4900240405574507,1.0967302945771928,-1.393293745980258,3.1740417489640027,4.001974124063832,0,0,3,1,4,1,0,0,1,0,0,1
3998836,85005fff-4662-415c-b213-1b4209a6265b,2,46,24,WNT Finland,Natalia Kuikka,Emma Wilhelmina Koivisto,41.2,63.7,64,75,25.446611,16.249008307479286,0.048121832437197046,0.12299957959912523,0.07487774716192819,0.30483559649042347,0.3461515047900588,0.04131590829963533,0.9335242068276804,0.7198413370740575,-0.21368286975362294,12.120391256992278,6.549331138004489,0,0,0,0,0,1,0,0,1,0,0,1
3998836,602a585c-dc6a-4fab-87f0-8b2340ef01ca,2,46,27,WNT Finland,Emma Wilhelmina Koivisto,Ria Öling,72.6,70.7,68.8,63.3,8.318654,0.22106735952588252,0.274640865101626,0.386551894969993,0.11191102986836698,0.6402134061084002,0.8471212537282043,0.20690784761980419,1.2057986773527443,1.513883111569106,0.3080844342163618,4.580180809690727,4.330265381370388,0,0,1,1,1,2,0,0,1,0,0,1
3998836,0f6bf861-17ae-4e4d-a185-5769c043586b,2,46,33,WNT Finland,Linda Sällström,Sanni Maija Franssi,93.1,69.3,98.2,56,14.244297,12.734171008693291,0.36312460158883897,0.7460781568585091,0.3829535552696701,0.7094366543741664,1.4818837037846215,0.7724470494104552,1.273498776924992,2.439173870705283,1.1656750937802909,3.308754211376653,2.338914230496051,0,1,1,1,1,3,0,0,0,0,0,0
3998836,ccc8b299-b5e8-4580-92f9-31d5e289d592,2,46,59,Iceland Women's,Cecilía Rán Rúnarsdóttir,Guðrún Arnardóttir,11.1,34.2,21.7,58.5,26.511318,9.028647552529947,0.014919445445412564,0.0754646377555564,0.06054519231014383,0.09359452902070348,0.24722031254992005,0.15362578352921658,0.3126421423126001,0.5657597093435927,0.25311756703099253,12.724831541472403,7.865765006655515,0,0,0,0,0,1,0,0,1,0,0,1
3998836,07b677b7-314d-45f3-9843-550122de75f5,2,47,1,Iceland Women's,Guðrún Arnardóttir,Guðný Árnadóttir,24.4,60.9,42,77.3,24.0566,11.398147766020145,0.1744114230422969,0.19193198619245153,0.017520563150154628,0.397666529017823,0.41598606933148063,0.018319540313657623,0.7411160820455461,0.7910186578636749,0.049902575818128736,5.314313711005812,4.9941172463878045,0,0,0,1,1,1,0,0,1,0,0,1
3998836,df7b25c1-10f6-4695-a5a1-492e9ab85428,2,47,37,Iceland Women's,Sædís Rún Heiðarsdóttir,Hildur Antonsdóttir,43.1,6,49.8,19.2,14.8030405,10.864308107630734,0.09750241659816158,0.26394714865078234,0.16644473205262075,0.3027036582527873,0.7705963587159931,0.4678927004632058,0.6720800251844505,1.573917647695995,0.9018376225115445,7.222642906826592,5.517780313870262,0,0,0,0,1,1,0,0,1,0,0,1
3998836,8f541c20-d528-4c96-9fd5-7b3f738d872e,2,47,39,Iceland Women's,Hildur Antonsdóttir,Sædís Rún Heiðarsdóttir,49.3,17.1,40.9,7.8,12.53196,-11.086652538912162,0.5906116234756447,0.1982910046537941,-0.39232061882185054,1.0845146025797692,0.4899979648077199,-0.5945166377720492,1.8269428536990429,0.9862750048970795,-0.8406678488019633,2.163713498250179,5.1055637839684325,1,0,1,0,1,1,0,0,1,0,0,1
3998836,91636be2-7732-4949-93b4-06e269174de8,2,47,42,Iceland Women's,Sædís Rún Heiðarsdóttir,Ingibjörg Sigurðardóttir,32.5,7.8,19.9,6,12.727922,-12.479907902660315,0.5599977936311822,0.16147720960785078,-0.3985205840233314,0.8674829613765563,0.4462579552308715,-0.42122500614568487,1.2734484239234454,0.8416662329730559,-0.4317821909503895,2.0477332453562798,6.964814884051796,1,0,1,0,1,1,0,0,1,0,0,1
3998836,de2d5726-7c8d-48f1-933c-2746dc94399a,2,47,45,Iceland Women's,Ingibjörg Sigurðardóttir,Sandra María Jessen,20.4,4,40.4,4.9,20.020239,18.911143991590265,0.8080103709251569,0.6254733894949512,-0.1825369814302057,1.135175716235198,1.0357991518232967,-0.09937656441190135,1.4670671949866052,1.5833677225545113,0.1163005275679061,1.515008624678313,2.2031349761848773,1,1,2,1,2,2,0,0,0,0,0,0
3998836,4a51135d-b46f-4042-b467-bf633bd30c98,2,47,46,Iceland Women's,Sandra María Jessen,Sædís Rún Heiðarsdóttir,40.7,5.3,27.9,20,19.491793,-7.686848010353501,0.9554020379521801,0.2970827545972777,-0.6583192833549025,1.2711030475258736,0.9015923496549079,-0.3695106978709657,1.7609539946168806,1.7658551157948377,0.004901121177957046,0.563850018983175,5.913695709281795,1,0,1,0,2,1,0,0,0,0,0,0
3998836,5af988c4-0572-4c99-aec7-5269d4a61323,2,47,50,WNT Finland,Linda Sällström,Oona Siren,92.2,66.4,85.6,61.5,8.220098,-2.228148133856969,0.6209210919776955,0.5094700660181058,-0.11145102595958967,1.1736965511881186,1.1786651590080046,0.004968607819886062,1.9397745690976707,2.092901164328692,0.15312659523102123,2.651883313830079,4.138042713372067,1,0,1,1,2,2,0,0,0,0,0,0
3998836,93104d4b-7000-4d5a-b458-b7b0712c7814,2,47,51,WNT Finland,Oona Siren,Sanni Maija Franssi,85.6,61.5,98.4,49.6,17.477127,16.928860143532756,0.5094700660181058,1.28717768196508,0.7777076159469741,1.1786651590080046,2.0005719408215956,0.821906781813591,2.092901164328692,2.931781790680424,0.8388806263517323,4.138042713372067,1.6880455632542128,0,2,1,2,2,3,0,0,0,0,0,0
3998836,2e768c2a-88ff-45a8-bac6-f4b33912077c,2,48,2,Iceland Women's,Sandra María Jessen,Sædís Rún Heiðarsdóttir,29.2,4.9,16,9.6,14.011781,-11.003932119951685,0.2524584827732028,0.12554777728616334,-0.12691070548703948,0.5151682567069955,0.3608440328306767,-0.15432422387631883,0.8787096494933467,0.7330078702383094,-0.14570177925503736,4.28732502552171,6.635640427075877,0,0,1,0,1,1,0,0,0,0,0,0
3998836,94a4ea13-233b-4b85-9ee8-cfdcd87770b9,2,48,3,Iceland Women's,Sædís Rún Heiðarsdóttir,Hildur Antonsdóttir,16,10,28.6,12,12.757743,12.64779547804143,0.25638410205013556,0.11244838331374349,-0.14393571873639208,0.5213109762807421,0.42813478816674855,-0.09317618811399353,0.8864440092967026,0.9456780864403682,0.059234077143665576,4.2754209464475,8.752723499380567,0,0,1,0,1,0,0,0,0,0,0,0
3998836,95be3943-fa7a-43fe-a1c9-3206ef79bdb9,2,48,13,WNT Finland,Saara Katariina Kosola,Eveliina Summanen,57.8,34.6,62.7,44.6,11.135978,4.949619419997603,0.5164698049649064,1.033049669882892,0.5165798649179856,0.8751429806814391,1.537206008664319,0.6620630279828797,1.3810516827107793,2.150523662264499,0.7694719795537197,2.274457196112661,1.4354282265302485,1,1,1,2,1,2,0,1,1,0,0,1
3998836,c7d1fe4f-7ae4-4a88-8fba-63e51c111336,2,48,49,Iceland Women's,Guðný Árnadóttir,Alexandra Jóhannsdóttir,22.3,76.9,42,75,19.791412,18.943415122034523,0.6827000389448383,0.040332042343894314,-0.642367996600944,0.8290359528210602,0.21450572344679977,-0.6145302293742605,1.0303814178729847,0.5818305078078163,-0.44855091006516834,1.157995762685546,10.947844189067998,1,0,1,0,1,0,0,0,0,0,0,0
3998836,0fe4409a-916a-4aa7-9d3b-f4f0d0795ca3,2,48,52,Iceland Women's,Alexandra Jóhannsdóttir,Sveindís Jane Jónsdóttir,51.1,76.8,63.4,57.5,22.88624,18.86812943259674,0.2035682293570625,0.38243495318725806,0.17886672383019556,0.5147345287134594,0.8138764108217936,0.29914188210833426,1.0057530021398835,1.3917281224087188,0.3859751202688353,5.164395247091897,4.056460793193193,0,0,0,1,1,2,0,0,0,0,0,0
3998836,df69e546-9837-4e69-a30f-fd79a61acc89,2,49,0,WNT Finland,Oona Siren,Sanni Maija Franssi,77.6,18.9,86.2,5.5,15.922312,-0.9379253392765534,0.7002627842087764,0.19550401157121977,-0.5047587726375566,1.1456046560827364,0.6252695398893365,-0.5203351161933999,1.8201377669373224,1.3101234144156488,-0.5100143525216736,1.4588834159081137,7.7022160610039725,1,0,1,0,1,1,0,0,1,0,0,1
3998836,2ae4b974-8b42-4bb7-a07d-a6c1c7517d34,2,49,3,WNT Finland,Sanni Maija Franssi,Oona Siren,92.2,8.3,85,7.5,7.244308,-5.599297379332789,0.33964129516800246,0.5211873329306914,0.18154603776268896,0.8660996810830803,0.9885531400982123,0.12245345901513194,1.6300411463640552,1.7026785863274558,0.07263743996340066,5.270789701665705,2.5891888864491013,0,1,0,1,2,1,0,0,1,0,0,1
3998836,1b2899ec-41a6-4349-a5a5-ff9e532c85ea,2,49,5,WNT Finland,Oona Siren,Saara Katariina Kosola,91.1,5.9,102.9,2.4,12.308127,3.3934062661368074,0.570565216545772,0.19376028494516012,-0.37680493160061185,1.0995860184831736,0.542528187278606,-0.5570578312045676,1.8498595859585452,1.133745158609214,-0.7161144273493312,2.6733406153381614,6.23823658203559,1,0,1,0,3,1,1,0,1,0,0,1
3998836,96ee9edc-4e99-4fd1-9b64-eac3e12ca4b0,2,49,10,WNT Finland,Saara Katariina Kosola,Oona Siren,97.8,10.3,96.2,3.3,7.180529,-6.661579226694123,0.5260982888157889,0.08619665146216683,-0.4399016373536221,1.092683881191179,0.34660303558486416,-0.7460808456063148,1.8597215853408144,0.8799351263061863,-0.9797864590346281,3.6697004866664686,8.340686081773272,0,0,1,0,2,0,0,0,1,0,0,1
3998836,b1caa827-4e74-4887-b57e-192df998a329,2,49,12,WNT Finland,Oona Siren,Joanna Tynnilä,96.2,3.3,70.3,2.8,25.904825,-18.338401224486923,0.9254272205464179,0.052449294115154824,-0.872977926431263,1.1998289801515865,0.20186661267324038,-0.9979623674783461,1.7218133878811288,0.5167136865476579,-1.205099701333471,0.43962790660535,8.971634696942022,1,0,1,0,1,0,0,0,1,0,0,1
3998836,e9c8c8fe-01b0-48a8-bc9b-a6867019bbd1,2,49,15,WNT Finland,Joanna Tynnilä,Eva Nyström,69.5,3.9,55.4,25.3,25.627523,-4.175171636183293,0.13346369804768812,0.00574081540605938,-0.12772288264162873,0.34492640899279614,0.06522665008293434,-0.2796997589098618,0.6874027336453771,0.2661671248655468,-0.4212356087798303,6.149572618289983,16.734372575345592,0,0,0,0,1,0,0,0,1,0,0,1
3998836,ad82a2bf-826d-4699-a2e6-a17a23d82664,2,49,18,WNT Finland,Eva Nyström,Natalia Kuikka,54.8,31,62,46.5,17.090641,7.455146905834866,0.004202077370964239,0.01253875502851224,0.008336677657548001,0.05667923702291161,0.0878334467552398,0.031154209732328186,0.24879434301661113,0.3050645790088061,0.056270235992194995,18.14534596436302,13.322887702952658,0,0,0,0,0,0,0,0,1,0,0,1
3998836,ed64acab-e553-4d9e-a15d-ed896dc4b318,2,49,24,WNT Finland,Natalia Kuikka,Eva Nyström,59.1,52,46.5,45.4,14.223924,-11.627092657550229,0.1943802426924768,0.015940273412492212,-0.1784399692799846,0.46631472216140485,0.11194498753446688,-0.354369734626938,0.9112457271793446,0.36992243208900116,-0.5413232950903435,5.131057102660162,13.181794162075615,0,0,0,0,1,0,0,0,1,0,0,1
3998836,7f838ad6-ffcf-4dcb-8522-55a1bebf433e,2,49,26,WNT Finland,Eva Nyström,Natalia Kuikka,46.5,45.4,50.3,56.5,11.732433,2.0717085985398427,0.023763948616488267,0.015516475627361501,-0.008247472989126765,0.14087058903820834,0.11445625697676494,-0.026414332061443405,0.43015254633718153,0.3776355958485732,-0.05251695048860833,11.782352903498557,14.570299802400326,0,0,0,0,0,0,0,0,1,0,0,1
3998836,5dc96dac-6249-4173-9943-56bf594abb6d,2,49,32,WNT Finland,Natalia Kuikka,Saara Katariina Kosola,69.1,55.4,95.1,13.6,49.226418,16.88857984443444,0.24873516302196738,0.028846220515850167,-0.2198889425061172,0.7767467458132628,0.13677982643402717,-0.6399669193792356,1.6649916809818683,0.41066631990538577,-1.2543253610764826,5.750531103204142,10.710809547720208,0,0,0,0,1,0,0,0,0,0,0,0
3998836,3ec756fa-e2be-4358-96be-8578b33fa42c,2,50,6,WNT Finland,Sanni Maija Franssi,Saara Katariina Kosola,85.2,4.6,82.9,9.9,5.7775426,1.8660296143909818,1.3929529370488103,0.38934105970313926,-1.003611877345671,1.8317732752103915,1.0909565374534627,-0.7408167377569288,2.3953519470600972,2.0538453479513867,-0.3415065991087105,0.5625028797222825,6.01561045223789,2,0,2,0,2,3,0,0,1,0,0,1
3998836,dc6f3b60-52ee-4e2e-a9cd-1e1b9cee88c4,2,50,9,WNT Finland,Saara Katariina Kosola,Oona Siren,76.2,12.6,67.7,26.3,16.122654,-2.400289978913868,0.4094131152825066,0.07365504081372044,-0.3357580744687862,0.9619470755626794,0.35459327691585774,-0.6073537986468217,1.8442105674252447,0.9676788838968452,-0.8765316835283995,3.7445238584070966,9.384452460368923,0,0,1,0,2,0,0,0,1,0,0,1
3998836,d0a3f72e-676d-4908-b977-c976be152384,2,50,12,WNT Finland,Oona Siren,Emma Wilhelmina Koivisto,69.3,29.3,92.2,65.4,42.75067,14.160451877330516,0.06577388356350741,0.008277062155988137,-0.05749682140751927,0.33187430613495955,0.08552509080890774,-0.2463492153260518,0.9201722859887367,0.3628803293679541,-0.5572919566207826,10.430724700166058,15.911822694397205,0,0,0,0,0,0,0,0,1,0,0,1
3998836,6fa50208-9e33-4fb3-96f8-3dfeaef78296,2,50,24,Iceland Women's,Sandra María Jessen,Sædís Rún Heiðarsdóttir,25.7,12.4,11.5,13.5,14.242542,-13.433258117458223,0.5439946361942528,0.12981398716684783,-0.414180649027405,0.8978831590945473,0.4020281420985532,-0.4958550169959941,1.403785478523136,0.9007870592838293,-0.5029984192393068,2.2241342210067088,6.548770995713212,1,0,1,0,1,1,1,0,0,0,0,0
3998836,320149ab-917a-49e5-94ce-41c7177ee84d,2,50,52,Iceland Women's,Cecilía Rán Rúnarsdóttir,Hlín Eiríksdóttir,8,42.8,48,61.8,44.28318,36.80707418419421,0.1652668250528474,0.2923777028026737,0.12711087774982632,0.45716342963779566,0.6464856840508515,0.18932225441305583,0.8763511769644962,1.202273766609556,0.3259225896450598,6.312905336806716,4.073348319337606,0,0,0,1,1,1,0,0,0,0,0,0
3998836,aed219fb-3ed2-4ad2-9a89-3e1a29d72a61,2,54,11,WNT Finland,Oona Siren,Emma Wilhelmina Koivisto,18.1,74.8,13.8,71.3,5.5443664,-3.037983083556796,0.5851610287900694,1.1602319495252926,0.5750709207352233,0.9971446575637868,1.6458523552502875,0.6487076976865007,1.5817199538104723,2.1754700960374787,0.5937501422270064,2.006739030117032,0.860537334743055,1,1,1,2,1,3,0,1,1,0,0,1
3998836,af904d2e-4270-4c91-a7c5-7cc86b36978c,2,55,21,WNT Finland,Oona Siren,Emma Wilhelmina Koivisto,23.2,74.4,14.5,76.1,8.864536,-8.774709925001176,0.444976380888655,0.42635615810136573,-0.018620222787289253,0.9422271450031983,0.8269929322489176,-0.1152342127542807,1.6028318024773882,1.3146012518879633,-0.2882305505894249,3.471608917391024,4.212112228723489,0,0,1,1,2,2,0,0,0,0,0,0
3998836,6c7149dc-9d2d-4041-b588-1f5fef7306ce,2,55,22,WNT Finland,Emma Wilhelmina Koivisto,Natalia Kuikka,14.5,76.1,8.5,64,13.505924,-2.548289538199853,0.42635615810136573,0.2748597577090679,-0.15149640039229784,0.8269929322489176,0.6023535411781302,-0.22463939107078734,1.3146012518879633,1.071697174760117,-0.24290407712784634,4.212112228723489,4.275361717228566,0,0,1,1,2,1,0,0,0,0,0,0
3998836,d52ac39f-a1a3-4c4f-9dba-fa9748d1720b,2,55,23,WNT Finland,Natalia Kuikka,Oona Siren,8.5,64,20.5,69.5,13.200378,10.272695955905803,0.2748597577090679,0.2979977343719367,0.02313797666286882,0.6023535411781302,0.7444566319446486,0.1421030907665184,1.071697174760117,1.4121572044603363,0.3404600297002194,4.275361717228566,4.524968702420588,0,0,1,1,1,1,0,0,0,0,0,0
3998836,74241b08-1e3f-44ed-a40d-a387073c1882,2,55,26,WNT Finland,Oona Siren,Eveliina Summanen,22,68.3,17.4,54.4,14.641379,-1.6012356525384206,0.8058574986216464,0.4872402282518864,-0.31861727036975995,1.2389159428486058,0.9747854178534802,-0.2641305249951257,1.8445551995422624,1.6268668922748115,-0.21768830726745092,1.1652539485272557,3.1308717309797354,1,0,1,1,1,2,0,0,0,0,0,0
3998836,19e401f3-f921-4705-b2ec-1c788b2b585d,2,56,26,Iceland Women's,Cecilía Rán Rúnarsdóttir,Guðrún Arnardóttir,15.6,42.8,23.1,51.2,11.260995,6.892423376931916,0.0022206899287751805,0.02546573222823702,0.02324504229946184,0.029894749431639785,0.11886014787591762,0.08896539844427784,0.14269890436511423,0.3129191192974032,0.17022021493228895,18.52651935229156,11.05421278496726,0,0,0,0,0,0,0,0,1,0,0,1
3998836,f766675d-a4a3-4be7-a089-f93093614456,2,56,29,Iceland Women's,Guðrún Arnardóttir,Guðný Árnadóttir,23.9,55.7,35.4,74.4,21.953133,6.047573747092059,0.24890228488992686,0.05460792636900397,-0.1942943585209229,0.469179817525439,0.2193110099979827,-0.24986880752745633,0.769154831273581,0.5497836461293953,-0.21937118514418563,4.204039713163957,9.04447113821285,0,0,1,0,1,0,0,0,1,0,0,1
3998836,44ca063b-1045-4811-b1a6-4d7543e20d63,2,56,32,Iceland Women's,Guðný Árnadóttir,Alexandra Jóhannsdóttir,35.8,74,42.3,60.5,14.983324,10.446686141012123,0.08950243743745036,0.09511530645017782,0.005612869012727464,0.30456317836249885,0.39323406175600306,0.08867088339350421,0.7182383307008393,0.9781581186241605,0.25991978792332115,7.5719618567020985,8.253311507758536,0,0,0,0,1,0,0,0,0,0,0,0
3998836,83b4aa6e-0742-4abf-b49f-067ae65a99c6,2,59,18,WNT Finland,Saara Katariina Kosola,Oona Siren,47.9,8.8,55.2,24.2,17.042593,11.862696932206177,0.799937099294413,0.33410441144542025,-0.4658326878489928,1.390518536636323,0.8075459342048221,-0.582972602431501,2.0761798200682477,1.3849655374484684,-0.6912142826197794,2.098477487555935,5.362018761671533,1,0,2,0,2,2,0,0,1,0,0,1
3998836,ced94047-28d2-4a52-937f-8c5526db6c3f,2,59,20,WNT Finland,Oona Siren,Emma Wilhelmina Koivisto,58.4,31.5,83.8,72.8,48.485565,13.334114537941126,0.5478747609286768,0.06024399768406592,-0.4876307632446109,1.1658847818559674,0.2214790768010899,-0.9444057050548775,2.0127091160389967,0.5476346573531116,-1.4650744586858853,3.3007792509674827,8.628213477098207,0,0,1,0,2,0,0,0,1,0,0,1
3998836,e4d774f3-e815-4d96-8352-18ee50f80cd7,2,59,27,WNT Finland,Emma Wilhelmina Koivisto,Oona Siren,84.9,73,76.8,65,11.384639,-1.735461461503867,0.267218474245204,0.10764037069155606,-0.15957810355364793,0.5264219294428113,0.3421205354720059,-0.18430139397080542,0.907158621137432,0.7994064328122298,-0.10775218832520217,4.1190537789716,7.058969178727821,0,0,1,0,1,1,0,0,1,0,0,1
3998836,f6d856be-aa35-4447-a49a-d2caa38fe6ca,2,59,28,WNT Finland,Oona Siren,Eveliina Summanen,76.8,63.7,76.2,53.6,10.117806,3.4111906832388925,0.21990331908316915,0.4944887103379785,0.2745853912548093,0.5517757742482633,0.8983685252375465,0.3465927509892832,1.148226042904511,1.486488362241064,0.33826231933655304,4.949283545182348,2.8537437170668754,0,1,1,1,1,2,0,0,0,0,0,0
3998836,c7d35b8d-9750-4167-bdad-337d22f6b647,2,59,29,WNT Finland,Eveliina Summanen,Oona Siren,76.2,53.6,76.2,62,8.4,-3.151852687475312,0.4944887103379785,0.2836364948673341,-0.21085221547064437,0.8983685252375465,0.6360497084810385,-0.26231881675650803,1.486488362241064,1.1502535075833502,-0.33623485465771386,2.8537437170668754,4.685601791267744,1,0,1,1,2,2,0,0,0,0,0,0
3998836,90304715-14ed-49b4-93a2-0d726c25969e,2,59,48,WNT Finland,Natalia Kuikka,Eva Nyström,48.5,59.5,52.3,38.5,21.34104,6.394787240537127,0.028488525363603488,0.02816181039290781,-0.00032671497069567887,0.1435108340241022,0.15439678019522965,0.010885946171127453,0.4110686761125094,0.47127488208599294,0.06020620597348353,10.895765615103846,11.038784203088209,0,0,0,0,0,0,0,0,1,0,0,1
3998836,140e904f-7ed0-4a2a-949e-e224270e7def,2,59,51,WNT Finland,Eva Nyström,Joanna Tynnilä,53.2,34.8,55.6,17.4,17.564737,-1.2483317244652596,0.041360357452211435,0.04271194143120685,0.001351583978995416,0.20459766740469604,0.19558408104185657,-0.00901358636283947,0.5984949749688045,0.5685356175132851,-0.029959357455519475,9.992807190388978,9.737889859592931,0,0,0,0,0,0,0,0,1,0,0,1
3998836,b72052a6-24a2-4dda-ba37-20b24265a6ad,2,59,54,WNT Finland,Joanna Tynnilä,Saara Katariina Kosola,56.4,15.7,74.4,3.2,21.914606,9.487210874982651,0.17015708410683122,0.2213373009302739,0.051180216823442676,0.41219701756289456,0.4649719236295172,0.05277490606662266,0.8590873779889174,0.8661663891562321,0.007079011167314686,5.407322483422265,4.60432387824812,0,0,0,1,1,1,0,0,1,0,0,1
3998836,e9d091eb-4a87-46ce-92ee-16d6cd65001e,2,60,6,WNT Finland,Eveliina Summanen,Eva Nyström,50.1,31,36.2,28.1,14.199296,-14.163693714108987,0.4986905295292144,0.051315304761020156,-0.44737522476819425,1.0249886089102758,0.2567151575527528,-0.7682734513575229,1.710978660494158,0.7018027109218065,-1.0091759495723513,3.1352471137218236,9.964482356819628,0,0,1,0,2,0,0,0,1,0,0,1
3998836,91b21b71-ac8e-4d66-a773-9452b73a416f,2,60,9,WNT Finland,Eva Nyström,Eveliina Summanen,37.7,30,47.4,36.1,11.458621,10.200630826255406,0.17314764909594535,0.6105959492120491,0.4374483001161037,0.4740055701596542,1.159743744114868,0.6857381739552137,0.9809966932300989,1.8345975085857458,0.8536008153556469,5.675844361959457,2.7832090071201097,0,1,0,1,1,2,0,0,1,0,0,1
3998836,b069a3fa-945e-4c91-a25a-306a9cda9c39,2,60,11,WNT Finland,Eveliina Summanen,Natalia Kuikka,47,36.3,37.1,49.4,16.420109,-10.337522185637653,0.894102406425075,0.0387589106044577,-0.8553434958206173,1.3784835866915262,0.22887229583522053,-1.1496112908563056,1.971942052923339,0.6632158882484376,-1.3087261646749013,1.450796224414918,11.508937714260224,1,0,2,0,2,0,1,0,0,0,0,0
3998836,e0657a5f-c731-4498-90b5-355516e1f248,2,60,15,WNT Finland,Natalia Kuikka,Ria Öling,50.9,54.8,71.3,37.1,27.008331,21.88090911119493,0.09433031138580378,0.46937570847273674,0.37504539708693296,0.4231075584639658,1.0197921894408188,0.596684630976853,1.0342296552102395,1.9090717448844308,0.8748420896741913,10.236106285855445,2.932944995623359,0,1,0,1,0,1,0,0,1,0,1,1
3998836,4d981147-7902-4f83-9c70-83089498a3fa,2,60,32,WNT Finland,Sanni Maija Franssi,Oona Siren,82.5,66.8,94,73.4,13.259336,3.7653665813692,0.2940649450937261,0.0760813414772497,-0.2179836036164764,0.5585777668614311,0.28194638679440187,-0.27663138006702925,1.0270573968272803,0.6975085551789507,-0.32954884164832954,3.739382007211503,8.20315708838343,0,0,1,0,1,0,0,0,1,0,0,1
3998836,d430c7c9-13f2-48c0-af83-15c82bc85a75,2,60,34,WNT Finland,Oona Siren,Emma Wilhelmina Koivisto,94.7,74.4,94.9,63.3,11.101802,8.454245840133858,0.1874048954937445,0.5066711465831395,0.319266251089395,0.44547833274596554,1.0936589340087692,0.6481806012628037,0.8808613576916758,1.855849877154433,0.9749885194627571,5.200756535675663,4.170000330514606,0,0,0,1,1,3,0,0,1,0,0,1
3998836,3fecbeea-d7c5-4df0-a37c-1eebb02f989c,2,60,40,WNT Finland,Emma Wilhelmina Koivisto,Sanni Maija Franssi,110.1,62,103.7,56.9,8.18352,0.645104885528557,0.5206707895683148,0.5606764786448507,0.0400056890765359,1.0820596892781325,1.3227886384685243,0.2407289491903919,1.897374551330747,2.3337200772021056,0.43634552587135866,2.9066685183991425,3.8787945158442927,1,0,1,1,1,3,0,0,1,0,0,1
3998836,8647eb25-666e-4e9a-ad3f-a5772cb6368a,2,60,43,WNT Finland,Sanni Maija Franssi,Emma Wilhelmina Koivisto,111.2,63.8,108.4,65.8,3.4409301,-2.9130159208941713,0.7512064998772784,0.7585012202654858,0.007294720388207443,1.3805018841005823,1.3861958738698048,0.005693989769222529,2.1615366930252784,2.1396488632220616,-0.021887829803216796,3.475497769286538,3.432664552299869,0,0,2,3,3,3,0,0,1,0,0,1
3998836,52178978-c148-4637-b172-78df6384b002,2,60,46,WNT Finland,Emma Wilhelmina Koivisto,Oona Siren,104.8,59.1,101.5,56.4,4.263801,-0.3126227505581909,1.1921108069821909,1.3435621231380412,0.1514513161558504,1.9380119101610647,2.1942369816538654,0.2562250714928007,2.7973186204019993,3.181401319989711,0.3840826995877116,1.6316776955479873,1.3970591756544442,1,1,3,2,3,4,0,0,1,0,0,1
3998836,2e1f0d9e-a64c-4e86-be1d-e2167d0482eb,2,60,48,Iceland Women's,Karólína Lea Vilhjálmsdóttir,Sveindís Jane Jónsdóttir,19.5,25.7,39.6,36.1,22.631174,21.01773129286748,0.8940307493921457,0.9013780738076413,0.007347324415495682,1.7143568396491364,1.1939221057351026,-0.5204347339140338,2.679437242297411,1.731752808841617,-0.9476844334557941,2.595406689548597,0.565913611677147,1,1,2,1,2,1,0,1,1,0,0,1
3998836,ded76989-3deb-4f71-9c15-90607e07657b,2,60,54,WNT Finland,Eva Nyström,Natalia Kuikka,79.2,23.8,65.5,33.8,16.961428,-10.9530075330536,0.6286179505730936,0.015355815180119218,-0.6132621353929744,0.9133858387387686,0.0919137988004374,-0.8214720399383312,1.2525441907865305,0.2698945224266845,-0.982649668359846,1.6445933365687313,12.662411659886702,1,0,1,0,1,0,0,0,1,0,0,1
3998836,6a330412-d2ca-4718-8e00-8bd9bf558e47,2,60,57,WNT Finland,Natalia Kuikka,Eveliina Summanen,66,34.6,72.6,43.2,10.840664,6.7614342731739825,0.055921863924227266,0.05611482345996362,0.0001929595357363506,0.2197234773959294,0.32297606861454364,0.10325259121861424,0.549007838047806,0.9061081587939009,0.357100320746095,8.868344768479275,11.124409732136536,0,0,0,0,0,0,0,0,1,0,0,1
3998836,5fee741f-1bed-46d6-8717-48ab1049f25b,2,61,0,WNT Finland,Eveliina Summanen,Linda Sällström,77,43,91.3,30.8,18.797073,12.966010557973156,0.1942595433911658,0.8328365793925567,0.6385770360013909,0.6917862049242333,1.5941616613686198,0.9023754564443865,1.561133991263434,2.5568252007744743,0.9956912095110402,6.942342145891681,2.6822696518866866,0,1,0,2,1,3,0,0,0,0,0,0
3998836,ec183242-b7a2-40ee-8080-7b4014176ff3,2,61,3,WNT Finland,Linda Sällström,Joanna Tynnilä,88,29.9,83.6,18.3,12.40645,-8.821397953679899,0.9066905652844961,0.1763320293231163,-0.7303585359613798,1.6255528206742957,0.5573572402062302,-1.0681955804680654,2.5267987229983264,1.25047754355641,-1.2763211794419165,1.8635827869823582,5.929095827908981,1,0,2,0,3,1,0,0,0,0,0,0
3998836,1ade991b-5031-4f34-8c53-198f4a435b3a,2,62,4,WNT Finland,Natalia Kuikka,Eveliina Summanen,37.3,73.4,42.6,58.3,16.003124,9.65601079039692,0.6438186261105983,0.035500611391423006,-0.6083180147191752,0.8479653772434861,0.20918815294419232,-0.6387772242992937,1.072290581697524,0.5934409524404904,-0.47884962925703345,1.4126048356672092,11.749505461153682,1,0,1,0,1,0,1,0,1,0,0,1
3998836,ca895896-6ba5-4a7d-8372-ca9e2c77f785,2,62,14,WNT Finland,Eveliina Summanen,Eva Nyström,73.9,44,70.5,27.1,17.238619,-4.880088621655325,1.1555242465634106,0.06308628373483281,-1.0924379628285779,1.7884970378159037,0.3092318282206983,-1.4792652095952055,2.634897145286122,0.9111735186317382,-1.7237236266543836,1.2191750141264537,8.952043646989512,2,0,2,0,2,0,0,0,1,0,0,1
3998836,d71e2d24-dc38-497c-a450-b7d826b22364,2,62,21,WNT Finland,Eva Nyström,Eveliina Summanen,88.2,12,75.4,19.6,14.886235,-6.673789224338606,0.4213938094965217,0.012090784012164783,-0.40930302548435693,0.849426666088332,0.1260160896793519,-0.72341057640898,1.5667400033359424,0.5252306586335972,-1.0415093447023454,2.958998210187696,14.762030970943277,1,0,1,0,1,0,0,0,1,0,0,1
3998836,3c9a1c83-7579-4ba7-bd07-30c413491b98,2,62,42,Iceland Women's,Cecilía Rán Rúnarsdóttir,Alexandra Jóhannsdóttir,7.4,39.8,17.6,44,11.030866,10.122082399360025,0.38003010107262686,0.43703165476747563,0.05700155369484877,0.6660541630602649,0.9931784968481345,0.32712433378786965,1.066491991572035,1.6538262488413842,0.5873342572693492,3.0771728807317067,4.896395634266576,0,0,1,1,1,2,1,0,1,0,0,1
3998836,298102e2-55b2-4869-a427-59e3c8f00ee1,2,62,49,WNT Finland,Eveliina Summanen,Natalia Kuikka,63.3,32.4,52.3,41.9,14.534442,-10.519576513646193,0.8690596274722258,0.03845995029322522,-0.8305996771790005,1.2446567716728933,0.2034039334864387,-1.0412528381864545,1.686520528595481,0.5376729909548179,-1.148847537640663,0.9731992840315069,11.941050514009225,1,0,1,0,2,0,1,0,1,0,0,1
3998836,ee21402e-a3de-4590-baa1-5d152d90bacc,2,62,58,WNT Finland,Emma Wilhelmina Koivisto,Sanni Maija Franssi,90.4,73.9,113.4,65.2,24.590445,18.954158908025878,0.18045186865885382,0.3996982492649288,0.219246380606075,0.4723631345422473,0.9403042269203646,0.4679410923781173,0.9455793843902262,1.684811789717141,0.7392324053269149,5.53367733232833,4.945531798035609,0,0,0,1,1,2,0,0,0,0,0,0
3998836,c1b23a95-eb59-4084-94e9-5959cb2192a3,2,64,5,WNT Finland,Saara Katariina Kosola,Eva Nyström,82.5,10.4,80.5,20.7,10.492378,3.8116358907943066,0.2033920049016611,0.13902438961324945,-0.06436761528841164,0.6435886642258255,0.5776067572086314,-0.06598190701719409,1.3743422057301429,1.408883138439379,0.03454093270923608,6.642852350965271,8.846883065490895,0,0,0,0,1,0,0,0,1,0,0,1
3998836,7bdffe3a-5865-4b74-924d-b99b0f573b33,2,64,9,WNT Finland,Eva Nyström,Eveliina Summanen,80.5,25.7,77,36.3,11.162885,-1.1500838787372132,0.12352348952170883,0.11484650313573458,-0.00867698638597425,0.5728268391306537,0.41254176769917505,-0.16028507143147863,1.4932621938710124,1.0595407135166883,-0.4337214803543241,8.674717373856938,7.003756109693132,0,0,0,0,0,1,0,0,1,0,0,1
3998836,6238cc3e-93a8-4beb-a3da-fd8baa757f36,2,64,12,WNT Finland,Eveliina Summanen,Oona Siren,75.4,33.5,80.9,38.3,7.3,5.934226876021967,0.1378489172673095,0.22812832454927331,0.09027940728196382,0.4363023305924254,0.7253294349003281,0.2890271043079027,1.0441194133291203,1.5539995280437802,0.5098801147146599,6.337954803581096,6.423109110390941,0,0,0,0,1,1,0,0,1,0,0,1
3998836,b445269d-cc06-4bc2-8700-e0031ece5efc,2,64,14,WNT Finland,Oona Siren,Eveliina Summanen,80.5,38.3,75.6,38.3,4.9,-4.8959677719654096,0.5678595281537709,0.30509835260850793,-0.262761175545263,1.0805552515146526,0.7241143728971733,-0.3564408786174793,1.8293684608787422,1.379793292543785,-0.44957516833495714,2.815979642798178,4.908883827860625,1,0,1,1,2,2,0,0,1,0,0,1
3998836,82bd3536-fe6c-410a-aa5b-957531f5226d,2,64,16,WNT Finland,Eveliina Summanen,Emma Wilhelmina Koivisto,75,41.4,95.3,74.4,38.743904,2.672628481511957,0.13444487139772665,0.014999923998109921,-0.11944494739961672,0.4506988039194862,0.11104664393005878,-0.33965215998942744,1.0582367002960953,0.39871965775359963,-0.6595170425424957,6.863189384297491,13.21162557375794,0,0,0,0,1,0,0,0,1,0,1,1
3998836,98b662d6-4b89-4e8a-8dfb-5d23032e8eb9,2,64,23,WNT Finland,Emma Wilhelmina Koivisto,Joanna Tynnilä,99.7,53.6,88.7,32.2,24.061588,-7.822640641506574,0.7278865111728898,0.03330149771888072,-0.6945850134540091,1.4793977859488432,0.27277856684678714,-1.206619219102056,2.460272625147051,0.9540451756442873,-1.5062274495027634,3.0160204386518465,13.090871682505483,0,0,1,0,3,0,0,0,1,1,1,1
3998836,c04421a2-640a-49ea-89d4-73af01365179,2,64,36,WNT Finland,Ria Öling,Natalia Kuikka,87.8,73.4,69.1,74.6,18.738462,-15.152521371193707,0.39922733320593823,0.020631496120076195,-0.37859583708586203,0.8102568334373773,0.13824881462117375,-0.6720080188162035,1.4488149656558469,0.4527833521963186,-0.9960316134595283,3.2345411781932034,12.413555885920259,0,0,1,0,1,0,0,0,0,0,0,0
3998836,24f26e67-15c7-4bc4-9d3d-c0aadf5f2496,2,64,39,WNT Finland,Natalia Kuikka,Eveliina Summanen,68.8,72.5,75.2,54.9,18.72752,13.431144895771332,0.06076565008320361,0.1856036045560542,0.12483795447285059,0.2535184770749312,0.634093073538043,0.3805745964631118,0.6502038096384578,1.4282535074922642,0.7780496978538064,8.960634325152796,6.845716258851199,0,0,0,0,0,1,0,0,0,0,0,0
3998836,daa33716-8a85-40df-8e83-77f7e85edbc6,2,64,44,Iceland Women's,Guðný Árnadóttir,Karólína Lea Vilhjálmsdóttir,26.1,54.4,42,62.5,17.844326,13.81738204873848,0.36573761860047743,0.4887712914342728,0.12303367283379535,0.7357710226222669,0.9857666526711641,0.24999563004889724,1.2713626927446793,1.591066654215091,0.3197039614704118,3.77025865467144,3.4975502108417906,0,0,1,1,2,2,0,0,0,0,0,0
3998836,365a0b08-4fcc-426d-bc50-e2bd063854fc,2,64,46,Iceland Women's,Karólína Lea Vilhjálmsdóttir,Guðný Árnadóttir,43.1,61.8,36,72.4,12.758135,-10.101712191774197,1.703581249426562,0.23923442556275218,-1.46434682386381,2.198708612701785,0.6043595230094092,-1.594349089692376,2.6918812032565347,1.1747244952548188,-1.5171567080017159,1.1321034378864572,5.066909366032274,3,0,3,0,3,1,1,0,1,0,0,1
3998836,83ca02b4-c30f-4e96-9102-e6d603694b01,2,65,3,WNT Finland,Joanna Tynnilä,Sanni Maija Franssi,29.9,19.8,34.6,46.1,26.716661,6.719032486343721,0.026041958944304073,0.07798925297011186,0.05194729402580779,0.17309855994907727,0.28249306213953895,0.10939450219046168,0.5380385620427436,0.6445744884220624,0.10653592637931886,12.005845563870478,8.244522919390032,0,0,0,0,0,0,0,0,0,0,0,0
3998836,0ce90108-7976-4d10-8e7d-c3fb87062d07,2,65,46,Iceland Women's,Agla María Albertsdóttir,Sædís Rún Heiðarsdóttir,92.4,10.2,91,3.5,6.844706,-6.000399401851247,1.1913006867486884,0.46382893604432185,-0.7274717507043665,1.7596708553624476,0.9626374330004182,-0.7970334223620295,2.5132011407815114,1.6907032359825476,-0.8224979047989638,0.8528236881279833,4.132891438784011,1,0,2,2,2,2,0,0,1,0,0,1
3998836,ea7b27c2-9a2b-4f5e-b8de-8cc0baeb6255,2,65,47,Iceland Women's,Sædís Rún Heiðarsdóttir,Dagný Brynjarsdóttir,91,3.5,83.5,9.1,9.360022,-1.2050865987642752,0.5997531352661285,0.27721347900914567,-0.32253965625698283,1.1176982159067943,0.7624603960842616,-0.35523781982253266,1.8420551954443778,1.575963298252231,-0.2660918971921469,3.5652451381164805,5.0133530304847715,0,0,2,0,2,1,0,0,1,0,0,1
3998836,4ead3f7c-5ac8-4472-bd14-e4477c53b69f,2,65,48,Iceland Women's,Dagný Brynjarsdóttir,Agla María Albertsdóttir,83.5,9.1,91.8,12.4,8.931965,8.364376805472588,0.5391143185657848,0.9416139259822457,0.40249960741646085,1.0755631959857752,1.6138935587302479,0.5383303627444727,1.9072956536412782,2.6014365305563056,0.6941408769150275,2.6338661172614612,1.1031876175987207,1,1,1,1,2,3,0,1,1,0,0,1
3998836,8e3ec34b-ac39-4c71-8b59-74ed38538beb,2,65,51,Iceland Women's,Agla María Albertsdóttir,Guðný Árnadóttir,90.6,14.9,87.1,67.1,52.317207,-3.9670894007522364,1.1602864274835507,0.056030079670852335,-1.1042563478126983,1.9035627581251198,0.24341815669922667,-1.6601446014258932,2.9176279595239363,0.6791824566114046,-2.2384455029125316,1.0685428736271676,9.116292134305695,1,0,2,0,3,0,0,0,1,0,0,1
3998836,b6ee4049-1d15-45a5-94a0-bf801b560a24,2,65,57,Iceland Women's,Guðný Árnadóttir,Karólína Lea Vilhjálmsdóttir,87.7,65.4,109.5,66.7,21.838728,12.400336699312714,0.1400094639519398,0.21969062473848391,0.07968116078654411,0.4039324503210536,0.5847463841330688,0.18081393381201516,0.8891898119473759,1.1721322945766712,0.28294248262929533,6.246242457516316,5.48169844442122,0,0,0,0,1,1,0,0,0,0,0,0
3998836,9c6f3751-3a40-49b6-bca4-5ac365619317,2,66,33,Iceland Women's,Dagný Brynjarsdóttir,Guðrún Arnardóttir,115.9,68.1,113.4,45.8,22.439697,19.61118204970535,0.6564568247044615,1.2533030377398542,0.5968462130353926,0.9581140919164947,2.3494769333314407,1.3913628414149461,1.6179097437277914,3.6081351486192874,1.990225404891496,1.3606642609103299,2.3470174227635647,1,1,1,2,1,5,0,1,0,1,1,1
3998836,e4484e65-4b73-4650-83b9-9db2df06535f,2,67,39,WNT Finland,Eveliina Summanen,Eva Nyström,42.6,49.3,32.4,32.2,19.911053,-9.989855930566549,0.8958329564230358,0.010954071903232191,-0.8848788845198037,1.0937492041795043,0.08108713924519861,-1.0126620649343057,1.4965832756005057,0.2981821175373665,-1.1984011580631393,0.40906610628225804,13.72575586146436,1,0,1,0,1,0,1,0,1,0,0,1
3998836,660d2cf8-7ecd-487e-a329-af0528efcf9c,2,67,44,WNT Finland,Eva Nyström,Natalia Kuikka,38.9,36.3,39.9,51.1,14.833745,0.31891430533201515,0.3515332715375749,0.01875130793528409,-0.33278196360229084,0.5836456483674861,0.12958918160221805,-0.45405646676526806,0.9398928663611359,0.44818211179399153,-0.49171075456714436,3.1654750274152295,12.381125000093139,0,0,1,0,1,0,0,0,1,0,0,1
3998836,b1ccc70b-441d-4a43-9beb-182ba06431bc,2,67,48,WNT Finland,Natalia Kuikka,Saara Katariina Kosola,53.6,55.2,90.9,13,56.321667,28.421072068704895,0.04915018001753459,0.18049108972564595,0.13134090970811135,0.28774084178725917,0.4940464109514193,0.20630556916416015,0.8502892277631833,1.0285833517352094,0.17829412397202615,11.862598096861904,5.7425351983652915,0,0,0,0,0,1,0,0,0,1,1,1
3998836,0d82c370-7c40-4035-b509-c68f69b70d3f,2,68,57,Iceland Women's,Cecilía Rán Rúnarsdóttir,Guðrún Arnardóttir,5,41.1,7.4,61.4,20.44138,0.3897295154640119,0.03142294139251776,0.03821281325913248,0.00678987186661472,0.17255727028897536,0.1633321252651192,-0.009225145023856157,0.47843360345298835,0.44089251232323107,-0.03754109112975729,12.09257827135215,9.879266685359651,0,0,0,0,0,0,0,0,0,0,0,0
3998836,6f52c4bb-7b97-4dd3-ab8e-7a69edff2f1e,2,69,25,WNT Finland,Eveliina Summanen,Oona Siren,52.5,15.9,54.4,31.3,15.516766,5.498895698975701,0.1962400068929079,0.15605518090789577,-0.040184825985012135,0.6427137298972421,0.5093462842489735,-0.13336744564826852,1.358248700947266,1.1107492860750738,-0.24749941487219207,7.059189653598688,7.273095594122973,0,0,0,0,1,1,0,0,1,0,0,1
3998836,de882045-04cc-49c5-a8d2-88804e8bd652,2,69,28,WNT Finland,Oona Siren,Eveliina Summanen,56.9,33.5,57.8,30.2,3.4205263,0.46660951006992235,0.3498011188872937,0.39628080888551875,0.04647968999822505,0.6501097577361373,0.926254781618354,0.2761450238822166,1.1071470165137725,1.6735122319374651,0.5663652154236927,3.3066023368793904,3.902162722232874,0,0,1,1,1,2,0,0,1,0,0,1
3998836,822fdd05-4f8f-4075-b58b-a6955d57c19e,2,69,29,WNT Finland,Eveliina Summanen,Natalia Kuikka,58.2,30.4,47,54.2,26.303612,-11.827086375583129,0.8480236661813685,0.07219387339890353,-0.775829792782465,1.3219793449215185,0.28216982873355906,-1.0398095161879595,1.9968718108690762,0.6531197573917698,-1.3437520534773064,1.03020823067588,8.77352300804087,1,0,1,0,2,0,1,0,1,0,0,1
3998836,0c2cf79f-02d5-4362-ac71-fa886fc7f211,2,69,33,WNT Finland,Natalia Kuikka,Eveliina Summanen,53.8,57.5,63.3,40.6,19.38711,11.770835153595073,0.5158808230079421,0.06990162458493077,-0.44597919842301137,0.9000832043510052,0.3477757196470123,-0.5523074847039928,1.3509205210332136,0.9217835700940267,-0.4291369509391869,2.8144993507695717,10.769678805438723,1,0,1,0,2,0,0,0,1,0,0,1
3998836,f56720ee-3b40-4e9c-976a-a00816e13886,2,69,35,WNT Finland,Eveliina Summanen,Oona Sevenius,65.5,38.5,77,26.5,16.62077,9.451247350836056,0.22579112693976233,0.4319460897257531,0.20615496278599077,0.6090335970719817,1.0076605608182723,0.3986269637462906,1.2860436923833516,1.7611493762510408,0.47510568386768925,5.080939104185068,4.593491282065082,0,0,0,1,1,2,0,0,1,0,0,1
3998836,c453d1b2-4f4e-4911-9984-09ef2d4063e7,2,69,44,WNT Finland,Eveliina Summanen,Saara Katariina Kosola,78.3,38.7,97.6,18.3,28.082912,10.532921693921349,0.17018945830319446,0.1277891367245948,-0.04240032157859966,0.5363157691913156,0.404157213135993,-0.13215855605532262,1.1942784938046154,0.9689936083021665,-0.22528488550244885,6.131410487313281,6.537527770310314,0,0,0,0,1,1,0,0,1,1,1,1
3998836,c2bee5bb-b455-414b-b026-03eb50472b8c,2,71,10,Iceland Women's,Guðný Árnadóttir,Guðrún Arnardóttir,39,77.9,28.8,71.6,11.988745,-7.091188708318512,0.4947483705674803,0.273169128514811,-0.22157924205266927,0.7538668297363696,0.5936915618919397,-0.16017526784442992,1.1091440940918826,1.0341468001937761,-0.0749972938981065,2.2188845664487897,4.416740675033214,1,0,1,1,1,1,1,0,1,0,0,1
3998836,589a94dc-9ebb-4e61-ac13-cc19c61f5c1d,2,71,11,Iceland Women's,Guðrún Arnardóttir,Dagný Brynjarsdóttir,28.8,71.6,45.3,68.1,16.867128,16.70902777133952,0.3860546865346701,1.1477206021592692,0.7616659156245991,0.7066428447789501,1.623453767956618,0.916810923177668,1.1328725285097394,2.2364936422564714,1.103621113746732,3.2035562465242555,0.9654163838602311,0,2,1,2,1,2,0,0,0,0,0,0
3998836,bf47b841-4721-43e6-bfdb-41c5cbd65856,2,71,24,WNT Finland,Ria Öling,Joanna Tynnilä,94.9,19.2,78.1,5.9,21.427319,-21.424089920558934,0.8732945238129716,0.010292125107384921,-0.8630023987055866,1.584899186136836,0.09352753081977459,-1.4913716553170615,2.5292947537092956,0.3797552760733742,-2.1495394776359213,1.729906814576425,14.731500446139785,1,0,1,0,3,0,0,0,1,0,0,1
3998836,2078b04b-1372-49b4-9d8a-171144ef1400,2,71,29,WNT Finland,Joanna Tynnilä,Eveliina Summanen,85.4,7.5,84.7,18.5,11.02225,6.138025976751109,0.1919353778439165,0.15350552263422865,-0.03842985520968786,0.5170583043396312,0.5781737065182326,0.06111540217860145,1.140503309072847,1.3798390849816242,0.2393357759087773,5.278172608905405,7.45029760042129,0,0,0,0,1,1,0,0,1,0,0,1
3998836,9f239939-a64e-4fe2-a78b-6551aec31bff,2,71,32,WNT Finland,Eveliina Summanen,Eva Nyström,84.7,18.5,66,27.7,20.840586,-14.051050298961997,0.4368073559115732,0.09483444923693428,-0.3419729066746389,0.944072860732175,0.2880727080754015,-0.6560001526567736,1.7850051988509081,0.695921474652646,-1.0890837241982623,3.0792191378862186,7.144992117999847,0,0,1,0,1,1,0,0,1,0,0,1
3998836,a058d95c-94b0-48e7-ad9d-2997e74a92a9,2,71,37,WNT Finland,Natalia Kuikka,Oona Siren,68.4,49.3,76.6,41.2,11.526057,9.014797039317045,0.2599636423226995,0.36187627798402683,0.10191263566132736,0.5287674792512617,0.9017370390485979,0.37296955979733626,0.9456047149197166,1.6511844168818062,0.7055797019620895,4.206521228043288,5.493312508312147,0,0,1,0,1,2,0,0,1,0,0,1
3998836,b40ea166-07bf-454e-a643-b6ebb8a9d5d8,2,71,38,WNT Finland,Oona Siren,Eva Nyström,76.6,40.5,58.5,32.4,19.829775,-18.56493413765088,0.49398502394022964,0.019247279061973873,-0.47473774487825576,1.089194851391818,0.1444813154440638,-0.9447135359477541,1.8559599533533735,0.5032423656913261,-1.3527175876620474,3.839067952247577,12.9737081415828,0,0,1,0,3,0,0,0,1,0,0,1
3998836,c1824590-e306-40b9-b936-176be3b66984,2,71,41,WNT Finland,Eva Nyström,Natalia Kuikka,56.7,33.2,63.5,51.4,19.428844,6.025581631651612,0.02439065443368932,0.05792802042005643,0.03353736598636711,0.15035860834405623,0.25961727482766067,0.10925866648360444,0.4916293774813249,0.6580571617385021,0.16642778425717725,11.611610845107183,9.818185789980141,0,0,0,0,0,0,0,0,1,0,0,1
3998836,ebe5a697-abcd-45f3-b12c-8bcffa3eb669,2,71,44,WNT Finland,Natalia Kuikka,Oona Siren,63.5,54.4,68.4,47.9,8.140024,6.10492943426042,0.4929119230943631,0.48932225923491784,-0.003589663859445258,0.8860635367788469,1.0498325627087974,0.16376902592995057,1.388065300760653,1.7217406123732988,0.33367531161264585,2.709814351558933,4.764448333360613,1,0,1,2,1,3,0,0,1,0,0,1
3998836,716e2c58-5a9f-48e3-8190-e8ffee078e60,2,71,46,WNT Finland,Oona Siren,Eveliina Summanen,68.6,45.2,65.8,36.1,9.521029,-2.6777670865603653,0.9999568280881829,0.699007890744966,-0.3009489373432168,1.5404198954407666,1.257603315443264,-0.28281657999750265,2.1573571078990543,1.8748952838322044,-0.28246182406684994,1.4224673632784433,2.8866612953340525,1,1,2,1,2,3,1,0,1,0,0,1
3998836,251ab436-ff54-4d8b-ae78-260190dd4a7f,2,71,46,WNT Finland,Eveliina Summanen,Ria Öling,65.8,36.1,82.5,49.3,21.28685,15.704138917802808,0.699007890744966,0.8570279019082847,0.15802001116331865,1.257603315443264,1.4032458467457012,0.1456425313024372,1.8748952838322044,2.1388356036120957,0.2639403197798913,2.8866612953340525,1.924863243839613,1,1,1,2,3,2,0,1,0,0,0,0
3998836,195c213a-57c7-4110-a632-d96e6b16359b,2,71,48,WNT Finland,Ria Öling,Oona Siren,81.1,49.3,70.9,50.3,10.248902,-10.172465527100066,0.8570279969391782,0.2082851194010474,-0.6487428775381308,1.4032458771395517,0.7042605411410223,-0.6989853359985294,2.1388355970028305,1.510158615896032,-0.6286769811067985,1.9248618753182254,6.92374616187169,1,0,2,0,2,1,1,0,0,0,0,0
3998836,2deb60bb-2ef4-47c4-9568-46a7c258fc41,2,72,11,WNT Finland,Anna Koivunen,Eveliina Summanen,1.4,55.6,26.3,59.5,25.203571,23.91399450352887,0.11661390683941568,0.017089388276273276,-0.0995245185631424,0.2754547128624492,0.10664739355005988,-0.16880731931238935,0.44671586803536373,0.31074643546385905,-0.13596943257150468,6.446660227629058,12.684767450851579,0,0,0,0,1,0,0,0,1,0,0,1
3998836,b887a424-2948-4169-b325-c8f1cd65f5de,2,72,14,WNT Finland,Eveliina Summanen,Emma Wilhelmina Koivisto,28.5,64.4,39.9,75,15.566631,7.284594741352166,0.101691634003153,0.15296787850518506,0.05127624450203207,0.27492263881997014,0.32584859341829997,0.050925954598329826,0.5397597340394805,0.5183027186366314,-0.021457015402849167,6.901064587419048,5.6329078399130115,0,0,0,0,1,1,0,0,1,0,0,1
3998836,eea186ad-c219-43e6-bc84-a37c0e30d1de,2,72,16,WNT Finland,Emma Wilhelmina Koivisto,Oona Siren,41.2,76.1,45,72.1,5.517246,5.094848170986509,0.4967700914860594,0.5080184643139236,0.011248372827864228,0.7555462850264507,0.9547860498849623,0.19923976485851158,1.0708151364706984,1.5111131267880387,0.4402979903173403,2.264686994755001,3.3864865613930735,1,0,1,1,1,2,0,0,1,0,0,1
3998836,48a90be5-58ac-4186-992b-d24c14032a80,2,72,17,WNT Finland,Oona Siren,Eveliina Summanen,45,72.1,32.8,66.4,13.465883,-9.528030009941205,0.5080184643139236,0.021231562018086885,-0.4867869022958367,0.9547860498849623,0.16409362612087164,-0.7906924237640907,1.5111131267880387,0.5532700521101351,-0.9578430746779035,3.3864865613930735,13.43244554230191,0,0,1,0,2,0,0,0,1,0,0,1
3998836,c630ad56-e84e-4a8d-bc8f-51bb2ee6bd7e,2,72,20,WNT Finland,Eveliina Summanen,Natalia Kuikka,31.3,65.8,24.7,64.6,6.708204,-6.047803387541521,0.02974361974728161,0.06343560531807195,0.03369198557079034,0.15491057007547165,0.2023638876493041,0.04745331757383245,0.4442670016388903,0.4286713430009769,-0.015595658637913401,10.92010645953775,8.3000462532862,0,0,0,0,0,0,0,0,1,0,0,1
3998836,ff243023-6a96-4b95-af33-ba2865f87272,2,72,21,WNT Finland,Natalia Kuikka,Eveliina Summanen,24.7,64.6,30.7,68.6,7.2111025,4.655763489505617,0.15676332453168723,0.055383437636382475,-0.10137988689530475,0.34688701679653483,0.2263536517877232,-0.12053336500881162,0.6130244101408925,0.5565810682553634,-0.05644334188552913,5.577045592015534,9.113592470813627,0,0,0,0,1,0,0,0,1,0,0,1
3998836,ff5d536d-67ea-4ca2-a0af-2ce27c85ebaf,2,72,24,WNT Finland,Eveliina Summanen,Oona Siren,30.9,68.6,37.7,57.3,13.188252,9.478982275432344,0.090566749613554,0.29912676433408186,0.20856001472052788,0.33949308762813984,0.7765035317707597,0.43701044414261986,0.797805749804116,1.3965522360750866,0.5987464862709706,8.003577904030703,6.439187269290931,0,0,0,0,0,3,0,0,1,0,0,1
3998836,a9f74014-1a05-420e-9a92-1df8c037065c,2,72,26,WNT Finland,Oona Siren,Eva Nyström,37.7,54.6,26.5,33.4,23.976656,-10.147665038005258,0.39974009414246225,0.002117990914781533,-0.3976221032276807,0.9028861199638593,0.04086479084407455,-0.8620213291197847,1.5082951930965431,0.23061134515744441,-1.2776838479390986,4.882907259371373,20.445867768809197,0,0,1,0,3,0,0,0,1,0,0,1
3998836,d8190ce5-cdfe-406b-bfe0-719c71d0d795,2,72,30,WNT Finland,Eva Nyström,Joanna Tynnilä,29.1,27.5,32.6,13.8,14.140014,0.5129018651384314,0.003671356382692656,0.004277285257625048,0.0006059288749323917,0.056605098539673965,0.05060250889540169,-0.006002589644272277,0.28172895503509665,0.23898074669121847,-0.042748208343878186,18.614398409323353,16.67893718714544,0,0,0,0,0,0,0,0,1,0,0,1
3998836,5f757795-31b9-48e7-b3d7-53aec7f2e025,2,72,34,WNT Finland,Joanna Tynnilä,Saara Katariina Kosola,45.4,23.4,99.3,13.4,54.819798,42.719262545206846,0.09230717275713546,0.9121424634458531,0.8198352906887176,0.3639072142617976,1.2208439742103199,0.8569367599485223,0.909620343698051,1.7065265685672,0.796906224869149,8.134666335598002,0.6140820537180977,0,1,0,1,0,2,0,0,0,1,1,1
3998836,4931d935-af28-44d3-acc9-ca9de4f4de70,2,73,4,Iceland Women's,Cecilía Rán Rúnarsdóttir,Alexandra Jóhannsdóttir,5,40.4,18,45.7,14.038875,12.84155508986349,0.17719092908726722,0.13873911907601771,-0.038451810011249504,0.418030113149531,0.4532233518604812,0.0351932387109502,0.7597572585721839,0.9257538281155905,0.16599656954340658,5.408242921121597,7.486972847301565,0,0,0,0,1,1,0,0,1,0,0,1
3998836,cf274afc-22d0-4fdf-9885-242b0503c829,2,73,6,Iceland Women's,Alexandra Jóhannsdóttir,Guðrún Arnardóttir,18,45.7,12,62.7,18.027756,-8.200680026817054,0.15729567178851314,0.06873261050677311,-0.08856306128174003,0.4819033138007286,0.2640874416798384,-0.2178158721208902,0.9537605429464272,0.6389971114471692,-0.314763431499258,7.005690575431066,8.437747621530539,0,0,0,0,1,0,0,0,0,0,0,0
3998836,5bf69f07-8d50-4454-9fe9-fd1f7af8d735,2,73,8,Iceland Women's,Guðrún Arnardóttir,Karólína Lea Vilhjálmsdóttir,17,68.1,35.1,64.4,18.474306,18.427587579505413,0.28315250801157615,0.5874563348251529,0.30430382681357676,0.5871148824658052,1.2377073277756423,0.6505924453098371,1.012845239266894,2.051393668867032,1.038548429600138,4.066272480445096,4.259751773131361,0,0,1,1,1,3,0,0,0,0,0,0
3998836,0cbe2d13-e492-4ffc-aded-e03347b2c480,2,73,15,WNT Finland,Saara Katariina Kosola,Eveliina Summanen,63.5,3.3,57.4,20,17.779202,1.6558668245224197,0.33131647774207595,0.24327809978790504,-0.08803837795417091,0.6084784184905572,0.5409185819198209,-0.06755983657073628,0.9960994397933146,1.0234340192321065,0.027334579438791917,3.47241307447336,4.440299922446551,0,0,1,1,1,1,1,1,1,0,0,1
3998836,f91bd4fb-fb3c-41b6-aeec-afca295c0c6f,2,73,18,WNT Finland,Eveliina Summanen,Ria Öling,56.9,20.9,83.4,22.6,26.554472,25.40183679730316,0.5302708593886755,1.0216260384561995,0.491355179067524,0.8190673336382787,1.5760464516438577,0.756979118005579,1.269457111388735,2.302268021346425,1.0328109099576899,2.0279992861572755,1.3413729779868975,1,1,1,2,1,2,1,1,1,0,0,1
3998836,775bea51-3639-47b9-b7d9-4c092920b132,2,73,33,WNT Finland,Natalia Kuikka,Eveliina Summanen,63.8,52.5,63.7,47.7,4.8010416,0.749229927436545,0.053367954283616674,0.11038289366809641,0.05701493938447973,0.2269340706474866,0.36778421670303796,0.14085014605555135,0.6340507502684469,0.8688930434402731,0.23484229317182614,9.06133103345654,7.085415500554673,0,0,0,0,0,1,0,0,1,0,0,1
3998836,8776f9b9-d4d4-45ea-a597-c61153126cf6,2,73,34,WNT Finland,Eveliina Summanen,Oona Siren,65.6,47.2,75.8,47.6,10.20784,10.025767730970813,0.14735297835762365,0.5409400290621174,0.39358705070449373,0.4293780420634833,0.8935147483502105,0.4641367062867272,0.9558710940969319,1.4920359693452439,0.5361648752483119,6.146722988977705,2.050052884756058,0,1,0,1,1,1,0,0,1,0,0,1
3998836,6a150759-7899-4885-98fd-b0db60bc2339,2,73,35,WNT Finland,Oona Siren,Eveliina Summanen,75.8,47.6,68.6,43,8.5440035,-6.638839889012395,0.6982287815496878,0.039797776202718724,-0.6584310053469691,1.0403472982034196,0.2208441932160203,-0.8195031049873993,1.636817338556508,0.6943930162540313,-0.9424243223024766,1.2889721027124355,10.27173257399863,1,0,1,0,1,0,0,0,1,0,0,1
3998836,466da528-5920-4d8f-8301-2555833a10b5,2,73,37,WNT Finland,Eveliina Summanen,Oona Siren,68.6,43,77.2,43.4,8.609298,8.552639862606313,0.16350409118695203,0.3104722923663139,0.14696820117936188,0.5270816413715209,0.806781080213967,0.2796994388424461,1.2130198703727892,1.5722942498003736,0.35927437942758433,6.363062388576671,5.784933511631273,0,0,0,0,1,2,0,0,1,0,0,1
3998836,07bca928-e644-4b5f-a49e-e038e5b1a4ca,2,73,40,WNT Finland,Oona Siren,Joanna Tynnilä,77.4,32.6,63.3,23.8,16.62077,-15.730943805967016,0.5619325406368841,0.05548083732712899,-0.5064517033097552,1.1319125874390104,0.23043219978953516,-0.9014803876494752,2.069020863747169,0.6504733616848031,-1.418547502062366,2.393454948374722,8.929956573752444,1,0,1,0,1,0,0,0,1,0,0,1
3998836,4b5e2587-e315-4cff-9446-d99c291cd58f,2,73,42,WNT Finland,Joanna Tynnilä,Eva Nyström,62.2,22.6,56.4,31.8,10.875661,-3.764197753306618,0.08807057915401448,0.1649121060703328,0.07684152691631832,0.2855024109678701,0.36567594079807153,0.08017352983020143,0.6909066188161304,0.6754198383981784,-0.015486780417951929,7.4544307790246735,5.435541118388171,0,0,0,0,1,1,0,0,1,0,0,1
3998836,afb076ca-c751-4b33-b2bd-8c824a188fbe,2,73,44,WNT Finland,Eva Nyström,Joanna Tynnilä,55,32.8,57.8,19.8,13.2981205,-0.0003058211228790242,0.29252771247070813,0.012861576227298685,-0.27966613624340947,0.5153220804167389,0.11596952585912071,-0.3993525545576182,0.8373010437247894,0.462476726725021,-0.3748243169997684,3.7146824058546364,14.099623466026523,0,0,1,0,1,0,0,0,1,0,0,1
3998836,17fca2bf-3a24-406c-afce-ab1d8794f012,2,73,48,WNT Finland,Joanna Tynnilä,Oona Siren,64.2,16.9,66.2,23.2,6.6098413,4.030422451816783,0.07268705760802475,0.3595735240205961,0.2868864664125714,0.38107198508193224,0.9565869205630727,0.5755149354811404,1.0620363085691573,1.8596945191366319,0.7976582105674745,10.707262738394183,4.663326516213738,0,0,0,1,0,1,0,0,1,0,0,1
3998836,ece735d2-aded-4350-a63d-e345b449e752,2,73,49,WNT Finland,Oona Siren,Joanna Tynnilä,66.6,23.6,63.3,11.6,12.445481,-7.553288883234352,0.6373901776164062,0.20328698896450734,-0.4341031886518988,1.210281368891003,0.5588470613591298,-0.6514343075318733,2.092608333094778,1.2146888199232226,-0.8779195131715551,2.108517117105947,5.39675297943745,1,0,1,0,1,1,0,0,1,0,0,1
3998836,2368a8e5-6cc0-4d2d-b5cd-fe86cecbee72,2,73,51,WNT Finland,Joanna Tynnilä,Saara Katariina Kosola,63.1,10.1,72.8,2.4,12.384668,3.9320079328160915,0.3064169134778437,0.10572329330070578,-0.20069362017713793,0.6865732651311401,0.3673712409054191,-0.319202024225721,1.3531523437269224,0.8847473422116642,-0.4684050015152582,3.9809094834462178,7.4579901180055534,0,0,1,0,1,1,0,0,1,0,0,1
3998836,033642c8-e0ba-4566-82c2-c0ad3d50dc3f,2,73,53,WNT Finland,Saara Katariina Kosola,Ria Öling,70.9,2.6,78.8,9.6,10.555094,10.5201516931673,0.46267502890521867,0.482251625695401,0.01957659679018231,0.8786768132409498,1.0496138754800872,0.1709370622391374,1.5235353194770374,1.9450669447227167,0.42153162524567933,2.8124975371597403,2.912774732778523,1,1,1,1,1,1,0,0,1,0,0,1
3998836,8b96d367-c506-465b-a3cd-fd335176b16c,2,73,55,WNT Finland,Ria Öling,Oona Sevenius,81.1,8.6,88,2.8,9.013878,0.9219530308182513,0.9471600778124641,0.4941599711635801,-0.453000106648884,1.4161188357293568,1.057549884658722,-0.3585689510706349,2.2187276329722585,1.7582733326804152,-0.4604543002918433,0.5654350092933553,4.308377125898878,1,0,1,1,1,3,0,0,1,0,0,1
3998836,4d0fa54e-b840-4bc1-b7c2-045405ce7999,2,74,23,Iceland Women's,Cecilía Rán Rúnarsdóttir,Dagný Brynjarsdóttir,8,41.3,20.8,40.4,12.831601,12.806737940424938,0.017906175605555553,0.23751343165424132,0.21960725604868578,0.13070601682441033,0.6614324501277734,0.5307264333033631,0.4246198146555812,1.2080995985210319,0.7834797838654507,13.972843625602643,6.97662837341302,0,0,0,0,0,2,0,0,1,0,0,1
3998836,118f0631-ed36-46bc-89fa-d6d88615668a,2,74,24,Iceland Women's,Dagný Brynjarsdóttir,Cecilía Rán Rúnarsdóttir,20.8,40.4,8.2,41.1,12.61943,-12.604604869722522,0.2757574030852424,0.012993845836279846,-0.26276355724896255,0.7216751192237297,0.11416055709856271,-0.607514562125167,1.2726908524000309,0.3970703409610553,-0.8756205114389756,6.464328631972341,15.348045489179363,0,0,0,0,3,0,0,0,1,0,0,1
3998836,14ff461e-c14e-41ec-a92a-560a190fa280,2,74,27,Iceland Women's,Cecilía Rán Rúnarsdóttir,Alexandra Jóhannsdóttir,8.2,41.1,37.2,30,31.051731,28.403732677876548,0.02960458446016538,0.08904477622836751,0.05944019176820213,0.17929041400958243,0.4169414735762985,0.2376510595667161,0.5159843040430266,1.0671373680797205,0.5511530640366938,11.924133163322336,9.143414114721539,0,0,0,0,0,0,0,0,1,0,1,1
3998836,6f525d5b-b8d9-4470-a7e1-b780e2706951,2,74,30,Iceland Women's,Alexandra Jóhannsdóttir,Sædís Rún Heiðarsdóttir,37.8,27.2,49.3,4.7,25.268557,4.167969492309169,0.3368121615558611,0.1431053122297142,-0.19370684932614687,0.8426891752419499,0.345318242209358,-0.4973709330325919,1.6584096587669934,0.6759004537459726,-0.9825092050210208,4.019919363658811,5.881532874502045,0,0,1,0,1,1,0,0,1,0,1,1
3998836,9e624cae-d5f0-47da-86ea-8bff70473cb9,2,74,33,Iceland Women's,Sædís Rún Heiðarsdóttir,Sveindís Jane Jónsdóttir,49.6,4.3,103.5,24.7,57.63133,56.43246657849501,0.5550618728710953,0.3177072224529033,-0.23735465041819204,0.7325554739501811,0.6482643726312528,-0.08429110131892825,0.9566038811743462,1.135344532435225,0.17874065126087868,1.7799462594269984,3.7503242331176447,1,0,1,1,1,1,0,0,0,1,1,1
3998836,d9a91412-7673-4740-9121-39cff8503347,2,75,17,Iceland Women's,Sædís Rún Heiðarsdóttir,Cecilía Rán Rúnarsdóttir,48.6,27.1,17,29.8,31.715137,-30.947837965657442,0.5772312438490764,0.00007312411253103839,-0.5771581197365454,0.8389541921509743,0.0032994105974730563,-0.8356547815535013,1.1970965822674131,0.028120479906611488,-1.1689761023608016,1.7798617801058474,28.57005716644074,1,0,1,0,1,0,1,0,1,0,0,1
3998836,2a1ce3f9-6ad1-4092-98be-42365d1b3f80,2,75,25,Iceland Women's,Cecilía Rán Rúnarsdóttir,Guðrún Arnardóttir,20.4,38.9,29.4,63,25.725668,6.132227502347121,0.011056614936409668,0.051188834619634416,0.04013221968322475,0.09992798197959345,0.18976795109306022,0.08983996911346677,0.3626345222538476,0.4730966492796316,0.11046212702578395,15.789524591901158,8.976922363002847,0,0,0,0,0,0,0,0,1,0,0,1
3998836,105de2bb-0eef-4849-b9fe-c362d1afe828,2,75,27,Iceland Women's,Guðrún Arnardóttir,Cecilía Rán Rúnarsdóttir,29.4,63,19,43,22.542404,-7.570698022926436,0.051188834619634416,0.005825572174129307,-0.045363262445505106,0.18976795109306022,0.06473062747565124,-0.125037323617409,0.4730966492796316,0.27894815271093526,-0.19414849656869632,8.976922363002847,16.49144472258454,0,0,0,0,0,0,0,0,1,0,0,1
3998836,79e604d6-a422-4996-856b-25981aad1e0d,2,75,33,Iceland Women's,Cecilía Rán Rúnarsdóttir,Guðrún Arnardóttir,23.5,43.3,27.6,64.4,21.49465,0.9890499397194361,0.01047777727122449,0.07883383345488243,0.06835605618365793,0.09058130057040148,0.23123568847375237,0.14065438790335089,0.31967770307902266,0.48648240853262215,0.1668047054535995,14.963228236848565,7.639728163223508,0,0,0,0,0,1,0,0,1,0,0,1
3998836,21af65c5-2527-4513-833f-174f5a3bd46a,2,75,35,Iceland Women's,Guðrún Arnardóttir,Karólína Lea Vilhjálmsdóttir,29,65.4,55.7,76.6,28.953928,20.491534158867935,0.22667191709427928,0.28105547115253504,0.05438355405825576,0.43026900786876127,0.6647321079924302,0.23446310012366894,0.6940865348021492,1.1954314990168753,0.5013449642147261,4.467858045144123,5.4114373619573195,0,0,1,0,1,2,0,0,1,0,0,1
3998836,ae7f3d51-c1d4-4466-9121-b1539c899049,2,75,37,Iceland Women's,Karólína Lea Vilhjálmsdóttir,Guðný Árnadóttir,55.7,76.6,42.2,76.8,13.501481,-12.077571345061216,0.4951761907910399,0.060066991077047584,-0.4351091997139923,0.9549934636529596,0.27011121937277843,-0.6848822442801812,1.531540274581944,0.7278692006221864,-0.8036710739597576,3.464137470942074,9.194925339944254,0,0,1,0,2,0,0,0,1,0,0,1
3998836,428cbad4-fd67-432a-9979-246b3aaa3bad,2,75,40,Iceland Women's,Guðný Árnadóttir,Guðrún Arnardóttir,42.2,76.8,32.1,68.3,13.200758,-6.278986425213972,0.17961107375894358,0.13751616731532298,-0.0420949064436206,0.5140641117280228,0.42099837180527855,-0.09306573992274425,1.10944721996805,0.9594522778485856,-0.1499949421194645,5.69309827675704,6.320421149012516,0,0,0,0,1,1,0,0,1,0,0,1
3998836,0590a505-f9d2-4552-ab36-f719048f239c,2,75,42,Iceland Women's,Guðrún Arnardóttir,Cecilía Rán Rúnarsdóttir,32.1,66.5,15.6,44.2,27.740583,-12.67671472459321,0.20982906755455288,0.002830596359177425,-0.20699847119537546,0.5262420721193622,0.04153957231329098,-0.4847024998060713,1.076735980801781,0.20493423171723102,-0.8718017490845499,4.982262439756078,18.56585692872609,0,0,1,0,1,0,0,0,1,0,0,1
3998836,18c07320-6c29-4af3-b7db-72bec6fe643b,2,75,45,Iceland Women's,Cecilía Rán Rúnarsdóttir,Guðrún Arnardóttir,17.2,44,28.6,63,22.157618,8.628335346310124,0.007918926819361016,0.09394948589985534,0.08603055908049433,0.07797776459752047,0.2875803884378235,0.20960262384030304,0.29470379910549716,0.6465882131105649,0.35188441400506776,15.837451086908757,7.2092353100467,0,0,0,0,0,1,0,0,0,0,0,0
3998836,65822f91-b5ad-403c-874f-61e59672e6dc,2,75,47,Iceland Women's,Guðrún Arnardóttir,Guðný Árnadóttir,28.6,63,43.1,76.9,20.086313,8.954556032603236,0.35792053338695023,0.06035418372388029,-0.29756634966306994,0.6178571394334264,0.2268209505690652,-0.39103618886436114,1.0058965832443192,0.5571253006209694,-0.44877128262334975,3.1534121596341667,8.6681827410195,0,0,1,0,1,0,0,0,0,0,0,0
3998836,467678c2-eb6e-4267-bf54-498dc262760c,2,76,16,WNT Finland,Eva Nyström,Anna Koivunen,5.7,30.4,3.5,44.8,14.567086,-1.8964010649405196,0.035350197546594915,0.059620524884424236,0.02427032733782932,0.1718474565800749,0.24355083289785295,0.07170337631777807,0.46542425200959364,0.6063544549621322,0.1409302029525386,10.528402647800283,8.883604632120713,0,0,0,0,0,0,0,0,1,0,0,1
3998836,3fb9f0b7-c09b-4d5f-a25b-07fa40ff44b1,2,76,19,WNT Finland,Anna Koivunen,Emma Wilhelmina Koivisto,2.2,46.1,14.8,75.8,32.262207,6.833216713371044,0.10333727433217933,0.033962603158008794,-0.06937467117417054,0.3519658680104535,0.15758553110389514,-0.19438033690655834,0.7860024256433589,0.43147816628203356,-0.3545242593613253,7.3846227213346145,10.3449269195864,0,0,0,0,1,0,1,0,1,0,0,1
3998836,108edd9b-9bf5-4781-b7d4-b1dbcb87d601,2,76,22,WNT Finland,Emma Wilhelmina Koivisto,Linda Sällström,16.7,75.6,49.5,61.7,35.62373,35.49821567779807,0.43743648620615877,0.8454626668385226,0.4080261806323638,0.65804586306451,1.0036841682779336,0.34563830521342365,0.9447815536816302,1.2848011628231601,0.34001960914152995,2.5200944499723605,0.5669042749348263,1,1,1,1,1,1,0,1,1,0,0,1
3998836,8d4dd913-7f08-4cff-a79c-b684b5be223c,2,76,27,Iceland Women's,Dagný Brynjarsdóttir,Agla María Albertsdóttir,80,11.5,85.1,6.5,7.1421285,0.7384279276497949,0.9898788752176702,0.7149618749780998,-0.27491700023957033,1.4311572271271527,1.306095471807338,-0.12506175531981456,1.982637114311223,2.019533595644372,0.036896481333149156,0.84129512920115,3.0791935474182828,1,0,1,2,3,2,1,0,1,0,0,1
3998836,69c58ae5-b1d7-4472-828c-b13ad2ba71c3,2,76,37,Iceland Women's,Agla María Albertsdóttir,Guðrún Arnardóttir,68.9,43,54.6,43.8,14.32236,-14.322317661029729,0.8546973369040919,0.1708412971448823,-0.6838560397592096,1.5001752861711313,0.46524859382254635,-1.034926692348585,2.429604128166467,1.0360093740970922,-1.393594754069375,2.2922165535552663,5.571052973750658,1,0,2,0,2,1,0,0,1,0,0,1
3998836,b19d68b1-cbcc-41f5-b81b-c9bf4b1122ec,2,76,41,Iceland Women's,Guðrún Arnardóttir,Guðný Árnadóttir,55.1,44.8,56.1,60.9,16.131025,-2.15383222276445,0.39680230909019215,0.04748816250193319,-0.349314146588259,0.7019351705231721,0.23673934067432034,-0.46519582984885177,1.2400911324277109,0.6797598455860138,-0.5603312868416971,2.895287398320561,10.90757623735799,1,0,1,0,1,0,0,0,1,0,0,1
3998836,f24b5b8d-8435-4d15-8fce-b46715445117,2,77,4,WNT Finland,Natalia Kuikka,Ria Öling,8.1,57.3,35,73.6,31.45314,21.829413139872827,0.2792040568770005,0.6909669796701988,0.4117629227931983,0.5376579748560786,0.8938881876875586,0.35623021283148004,0.8821720128402867,1.2034830783584218,0.32131106551813515,3.941182086249089,1.18059318604356,0,1,1,1,1,1,0,0,0,0,0,0
3998836,0f308fac-a089-4ae1-bf58-412f7e915306,2,78,41,WNT Finland,Anna Koivunen,Natalia Kuikka,5.5,32.8,9.7,49.3,17.026155,4.0347794618042485,0.3374601378735318,0.0128973913835626,-0.3245627464899692,0.5458428088781603,0.11995376167345652,-0.4258890472047038,0.811041145874317,0.4364599706577088,-0.37458117521660816,3.2710909325980775,14.81676182744438,0,0,1,0,1,0,0,0,1,0,0,1
3998836,911c8155-86b9-4a2b-a78f-90ca5c80b6ed,2,78,47,WNT Finland,Natalia Kuikka,Nea Lehtola,19.2,54.8,31.7,75.4,24.09585,6.748963817645489,0.08952798890078215,0.12448867373582193,0.03496068483503978,0.3590881700893408,0.3098946922288497,-0.04919347786049111,0.8435615284317489,0.5927196600709673,-0.2508418683607816,8.272460838607538,6.289536631432148,0,0,0,0,0,1,0,0,1,0,0,1
3998836,128939e3-d409-4062-b764-e6092a8a4266,2,78,51,WNT Finland,Nea Lehtola,Jutta Rantala,46.3,75.2,69.9,69.5,24.278591,23.53453359575255,0.5896408107975024,0.7395360516028255,0.14989524080532313,0.895519507835087,1.2114901882564608,0.3159706804213738,1.333239325407475,1.8895145239442763,0.5562751985368013,1.7828119957306645,1.5324766206656113,1,1,1,1,1,2,0,1,0,0,0,0
3998836,b5c09519-355e-4517-805d-e59fcb7966cb,2,79,34,WNT Finland,Anna Koivunen,Oona Sevenius,4,52,45.8,49.3,41.88711,41.83849229846841,0.6725198699694274,0.6900228757470016,0.017503005777574243,0.9395937688379132,1.2597869524356307,0.3201931835977174,1.2459990888709087,1.9302527122274262,0.6842536233565175,1.473260972872884,2.40167935550997,1,1,1,1,1,3,1,1,0,0,0,0
3998836,ccb0795f-0ec2-4e32-888c-0eaad78faadf,2,79,39,WNT Finland,Oona Sevenius,Eveliina Summanen,42.6,49.9,34.8,45.4,9.004998,-7.340384316090251,1.172320530396658,0.2833320327500172,-0.8889884976466407,1.7555625306892073,0.8873315318904643,-0.868230998798743,2.503812393930417,1.835973842120331,-0.667838551810086,0.7830799527154482,6.89993385152558,1,0,2,0,3,2,1,0,0,0,0,0
3998836,6e5b9f0e-2bb9-4cbd-816b-d1341841804a,2,79,40,WNT Finland,Eveliina Summanen,Ria Öling,34.8,45.4,48.7,49.6,14.520675,13.427574732743878,0.3283329087146427,0.7801471918264091,0.4518142831117664,0.9637791795347023,1.426056076868347,0.46227689733364474,1.931749037958545,2.2559089848893445,0.32415994693079964,6.007142932603588,2.935821356290177,0,1,0,2,2,2,0,0,0,0,0,0
3998836,9520578c-c78e-48cf-a793-b347f33d33fc,2,79,45,Iceland Women's,Alexandra Jóhannsdóttir,Sædís Rún Heiðarsdóttir,73.3,31.8,64.7,14.3,19.498974,-13.56571143376081,1.1892876116832367,0.16489376337512057,-1.024393848308116,1.9544166985498155,0.4989744576497895,-1.455442240900026,2.891052157478223,1.173240546955235,-1.7178116105229881,1.1120067692626001,5.885594064750269,1,0,2,0,3,1,0,0,0,0,0,0
3998836,9827ddc6-271a-437a-9a0f-728870921192,2,79,48,Iceland Women's,Sædís Rún Heiðarsdóttir,Agla María Albertsdóttir,69.4,10.8,80.2,6,11.818629,6.075495283739002,0.7495974430483107,0.055967530372941436,-0.6936299126753692,1.0412440756932009,0.2961775812096867,-0.7450664944835141,1.6138909085436468,0.8551007865572798,-0.758790121986367,1.0214920671206413,10.711855829088234,1,0,1,0,1,0,1,0,0,0,0,0
3998836,70c53894-5ace-49a2-9fe0-2bdd648e5ceb,2,80,16,Iceland Women's,Sædís Rún Heiðarsdóttir,Sveindís Jane Jónsdóttir,83.3,9.1,95.4,9.6,12.110326,8.86951448917582,0.0015578981812478937,0.3469259339585943,0.34536803577734637,0.030291072508879423,0.6892266786695861,0.6589356061607067,0.20294396116306157,1.18871067719705,0.9857667160339884,20.12841683167325,3.7673229638745815,0,0,0,1,0,1,0,0,1,0,0,1
3998836,ba389cbf-0371-4284-84c1-2cd9d2cc8047,2,81,23,WNT Finland,Natalia Kuikka,Nea Lehtola,11,63.5,41.9,73.4,32.44719,26.562327425567645,0.17861999203246254,0.20585974321415554,0.027239751181693,0.4551278513576749,0.45300321874799687,-0.0021246326096780455,0.8981786661415737,0.8031757461321887,-0.09500292000938504,5.532657635195355,4.943594793181925,0,0,0,1,1,1,0,0,0,0,0,0
3998836,6a72a6a0-5edc-4dcd-84f8-ebb9cf435de2,2,81,32,Iceland Women's,Cecilía Rán Rúnarsdóttir,Dagný Brynjarsdóttir,25.2,6.7,61.4,16.3,37.4513,37.26735108503263,0.5825802667168836,0.6011335078685747,0.018553241151691102,0.7520604996638744,0.852308149897427,0.10024765023355253,0.9295833295626041,1.2211604045550883,0.2915770749924842,1.6368699442614516,1.6195140138615431,1,1,1,1,1,1,0,0,0,0,0,0
3998836,f407f211-7d58-4f6d-8c43-8a6e50ca221e,2,81,49,WNT Finland,Eveliina Summanen,Joanna Tynnilä,49.5,53.2,53.2,21.4,32.014526,2.38391475625923,0.552456260218674,0.003488153939616728,-0.5489681062790572,1.2313240938870083,0.05289538823066401,-1.1784287056563443,2.051133727073779,0.2740021763505917,-1.7771315507231873,3.8424781767574085,18.613340885465817,0,0,1,0,3,0,0,0,1,0,0,1
3998836,cf3f1c77-ac14-41ba-9934-1ff7e5da63ec,2,82,2,WNT Finland,Oona Sevenius,Joanna Tynnilä,90.7,6.8,99.9,2.8,10.031949,1.997155687055809,0.20477130392073456,0.13176921577275882,-0.07300208814797574,0.5151014661883422,0.3773121315417954,-0.1377893346465468,1.0806572405291772,0.86421274338066,-0.2164444971485172,5.022499072988075,6.264188288860417,0,0,0,0,1,1,0,0,1,0,0,1
3998836,50c9daa0-54f6-4b13-b603-4facf98f13b4,2,82,3,WNT Finland,Joanna Tynnilä,Oona Sevenius,99.9,2.8,89.1,8.1,12.030378,-2.128960035352222,0.13176921577275882,0.02912473296458848,-0.10264448280817035,0.3773121315417954,0.19946901076801965,-0.17784312077377573,0.86421274338066,0.683017262275046,-0.181195481105614,6.264188288860417,12.068661886892093,0,0,0,0,1,0,0,0,1,0,0,1
3998836,04f3acb0-e013-4acd-8b94-da3059ea1e4f,2,82,5,WNT Finland,Oona Sevenius,Eveliina Summanen,88.7,8.5,77,10.8,11.923925,-7.57077168760506,0.056117355765636416,0.04676636410777189,-0.009350991657864523,0.2968571903000705,0.23958546191576707,-0.057271728384303444,0.8755543013879566,0.7444129112477628,-0.13114139014019388,10.28437174862454,9.707863007150795,0,0,0,0,0,0,0,0,1,0,0,1
3998836,da14d5be-b003-4766-83d1-15b64056d6b1,2,82,7,WNT Finland,Eveliina Summanen,Joanna Tynnilä,77,10.8,97.2,3.3,21.54739,8.77163181471041,0.07437123075354324,0.35219706388304617,0.27782583312950293,0.3080945856020014,0.7299391103791756,0.42184452477717416,0.8590554672541475,1.3314048622822934,0.4723493950281459,8.21073584316858,3.563905319549358,0,0,0,1,0,1,0,0,1,0,0,1
3998836,c3342052-7242-4c06-b47d-99a45398c642,2,82,10,WNT Finland,Joanna Tynnilä,Jutta Rantala,96,6.3,99,23.2,17.164207,14.479453660444804,1.0858902876139431,0.9404614409670631,-0.14542884664688005,1.6869137125470088,1.7742873444741571,0.08737363192714831,2.442527207364198,2.8773682640574667,0.4348410566932688,1.9125517928686848,1.6080122356800435,2,1,2,1,3,3,0,1,1,0,0,1
3998836,6d55f3e2-6cd9-47dd-9ebf-7448431df3ea,2,82,13,WNT Finland,Jutta Rantala,Oona Sevenius,98.4,23.8,91.1,15.2,11.280514,-11.082148048659242,1.064586603186253,0.0952283015781107,-0.9693583016081423,1.9722133619298041,0.4619306041208786,-1.5102827578089255,3.0676616645624817,1.2120210056257523,-1.8556406589367294,1.8815463103248697,10.301427727425922,1,0,2,0,5,0,0,0,1,0,0,1
3998836,0361f83c-54c4-4246-967a-3f6f52ce8760,2,82,16,WNT Finland,Oona Sevenius,Eveliina Summanen,91.7,14.3,84.5,17.9,8.049845,-3.5889819869614996,0.4778387949243791,0.12479645674926602,-0.35304233817511305,1.132537971187498,0.5227797277300956,-0.6097582434574025,2.0721347433979487,1.2963662786747305,-0.7757684647232181,3.870382987141692,8.473137093177462,0,0,1,0,1,0,0,0,1,0,0,1
3998836,69585282-147c-467e-8068-44c3e5388dc5,2,82,18,WNT Finland,Eveliina Summanen,Saara Katariina Kosola,84.3,18.1,96.6,4.6,18.263077,-0.5529142735096002,0.2768286448368499,0.13675538610898996,-0.14007325872785992,0.7804457732561083,0.4134520922455896,-0.3669936810105187,1.6234584943349537,0.9585297325960848,-0.664928761738869,4.960890658303847,6.291549360410685,0,0,1,0,1,1,0,0,1,0,0,1
3998836,c2221ee2-3249-494b-ad4e-0f19ca7c92c0,2,82,22,WNT Finland,Saara Katariina Kosola,Eveliina Summanen,95.7,3.3,75.4,10.8,21.641165,-9.29285687722249,0.17532429257530296,0.04474775536696971,-0.13057653720833326,0.42752586642297163,0.2097676585330588,-0.21775820788991285,0.8852939706937865,0.6149018627822107,-0.27039210791157575,5.36625981230416,9.652040208803712,0,0,0,0,1,0,0,0,1,0,0,1
3998836,520f1d8b-f4bb-49ec-a10a-96061a967bc1,2,82,25,WNT Finland,Eveliina Summanen,Natalia Kuikka,73.2,14.5,67.7,40.1,26.184156,0.9961519204844222,0.10008790343201811,0.014874612912009711,-0.0852132905200084,0.3225940928364509,0.09253115737546774,-0.23006293546098316,0.7249240965333377,0.29708803867070893,-0.42783605786262874,7.235824641320898,12.74940247253413,0,0,0,0,1,0,0,0,1,0,0,1
3998836,fa060ea0-7f8c-4228-bc37-b370c6a36dca,2,82,30,WNT Finland,Natalia Kuikka,Ria Öling,82.1,48.7,91.1,60.2,14.603082,3.625979605908647,0.44259624859486635,0.1363025555039544,-0.3062936930909119,1.0535583117240008,0.5521607722028451,-0.5013975395211557,1.964077092049151,1.3275797481180935,-0.6364973439310575,4.17351205917422,8.099449684135095,0,0,1,0,3,0,0,0,1,0,0,1
3998836,984cfa4b-50fc-47ca-a42e-7cb51c3edea1,2,82,34,WNT Finland,Ria Öling,Oona Siren,91.1,60.2,85.6,52.7,9.300538,-1.4097191653093049,0.36604803996062224,0.38466965159790695,0.018621611637284707,0.8133363104820645,1.0381636331223003,0.22482732264023586,1.564699556834238,2.0412776870099822,0.47657813017574435,3.526188291534552,5.673458834868952,0,0,1,0,1,2,0,0,1,0,0,1
3998836,d9dd07ae-e959-4c45-8075-410dfeac8008,2,82,37,WNT Finland,Oona Siren,Ria Öling,92.7,54.9,91.1,70.1,15.283978,-10.6264813858052,1.1827150520034961,0.05863519089177672,-1.1240798611117193,1.9634920485428695,0.31705466259344456,-1.646437385949425,2.971520756156754,0.9078008779209008,-2.0637198782358532,1.3871290274328136,10.329980479913814,1,0,2,0,3,0,1,0,1,0,0,1
3998836,8eb9f74c-7350-4b39-a10b-bf7c8a72ea88,2,82,39,WNT Finland,Ria Öling,Nea Lehtola,90.7,72.1,103.1,74.8,12.690548,4.774916221263446,0.05863520705055552,0.1377453266619898,0.07911011961143427,0.31705471055409773,0.4133677678259588,0.09631305727186107,0.9078009571877361,0.9090995762689758,0.001298619081239627,10.329979745156763,6.513940739935422,0,0,0,0,0,1,0,0,1,0,0,1
3998836,bc2d9876-6a2b-4478-8e09-42f533478657,2,82,42,WNT Finland,Nea Lehtola,Ria Öling,103.1,74.8,90.2,73.9,12.931357,-6.449344910275656,0.6139028837037088,0.13277179009106255,-0.4811310936126463,1.0508740608297593,0.4212149778678598,-0.6296590829618995,1.573431251239883,0.9381678831633937,-0.6352633680764892,3.194997126962066,6.699441588263383,0,0,2,0,2,1,0,0,1,0,0,1
3998836,62f061f3-9847-4d91-aa27-b00ef6aa27b4,2,82,44,WNT Finland,Ria Öling,Natalia Kuikka,89.8,73.9,68,66.8,22.92706,-13.098923351244544,0.28370771446501497,0.003259637252897798,-0.2804480772121172,0.6451098517692624,0.04832313447291496,-0.5967867172963475,1.217779905587845,0.25294892575704336,-0.9648309798308017,4.217195778078217,18.452912894760836,0,0,1,0,1,0,0,0,1,0,0,1
3998836,584caf5c-b346-48f7-a4d2-3fba0b6afd7e,2,82,48,WNT Finland,Natalia Kuikka,Eva Nyström,69.7,63.8,61.9,43.6,21.653637,-2.5649516121271247,0.01995630337224902,0.008351260550093852,-0.01160504282215517,0.16489433246379023,0.09482384956780658,-0.07007048289598365,0.6079641146362305,0.427711416585234,-0.18025269805099647,13.477588239104056,16.728550298153923,0,0,0,0,0,0,0,0,1,0,0,1
3998836,95c6af9b-db8d-40e2-a4bc-ef0829c8e60c,2,82,50,WNT Finland,Eva Nyström,Natalia Kuikka,61.9,42.6,65.5,54.8,12.720063,1.684347228209539,0.015189725121044788,0.022994056196152902,0.007804331075108114,0.13474153397245772,0.16871003311638477,0.03396849914392705,0.5314989650170053,0.5714048205855374,0.0399058555685321,14.01568513218353,13.732736462360212,0,0,0,0,0,0,0,0,1,0,0,1
3998836,8d3f1262-2c99-4981-a539-f7df8a4dc875,2,82,54,WNT Finland,Natalia Kuikka,Nea Lehtola,66.2,56.9,87.8,74.8,28.052986,8.980119173049417,0.12820396857653227,0.030810656352283142,-0.09739331222424913,0.44917038103652235,0.17126697060764046,-0.2779034104288819,1.0333466910122155,0.5472162386988327,-0.4861304523133828,8.373644737397946,10.849260925759971,0,0,0,0,0,0,0,0,1,0,0,1
3998836,5cce47e3-9e44-429c-90d5-07aa8ecd4868,2,82,59,WNT Finland,Nea Lehtola,Ria Öling,92.7,72.1,84.3,73.6,8.532878,-6.885938107096649,0.566404789823831,0.111607427099782,-0.454797362724049,1.031056565958709,0.4045041917651161,-0.6265523741935929,1.6431007607117076,0.974484150095122,-0.6686166106165856,2.624521083126286,7.325189591037123,1,0,1,0,2,1,1,0,1,0,0,1
3998836,22651e72-b4ac-418d-80ae-4121e4ada1a6,2,83,1,WNT Finland,Ria Öling,Oona Siren,84.3,73.6,79.9,66.6,8.268011,0.9046237185606074,0.20327632605811988,0.2883445030575247,0.0850681769994048,0.5595237168598292,0.7626054230839203,0.20308170622409116,1.173492707266074,1.507850631888767,0.3343579246226931,5.36893215016191,5.072901589962313,0,0,0,0,1,2,0,0,1,0,0,1
3998836,ab62787b-87f4-4b5a-b53e-050dcc731d87,2,83,4,WNT Finland,Oona Siren,Natalia Kuikka,78.3,67.9,63.3,65.2,15.241063,-11.875102410229196,0.4372401884780955,0.010414419603697048,-0.42682576887439844,0.9538336888223736,0.11099354069135761,-0.842840148131016,1.7149458018800603,0.4614188428522778,-1.2535269590277824,4.158561435380344,16.99977651130206,0,0,1,0,2,0,0,0,1,0,0,1
3998836,1d056a78-662d-44ad-b224-4157646de77f,2,83,7,WNT Finland,Natalia Kuikka,Eva Nyström,62.2,61.1,55.4,43,19.335201,-3.1387353725846765,0.014495623311292455,0.00873090786987143,-0.005764715441421025,0.13295120156810222,0.09468997799145613,-0.03826122357664609,0.5042208034538562,0.41125980542944873,-0.09296099802440749,14.705844625532807,15.55674489129639,0,0,0,0,0,0,0,0,1,0,0,1
3998836,561c1e87-fe02-4e36-b45b-5684de282bc9,2,83,11,WNT Finland,Eva Nyström,Natalia Kuikka,55.4,40.8,59.5,53.4,13.250283,2.6387529060185955,0.03189374462215389,0.052947645339237355,0.021053900717083462,0.20189519639748166,0.2801128188025078,0.07821762240502617,0.6439328670451501,0.8090648212288555,0.1651319541837054,11.689323385473708,10.221742893186079,0,0,0,0,0,0,0,0,1,0,0,1
3998836,1574bfff-c517-47b5-8a8b-b1e145ce732b,2,83,15,WNT Finland,Natalia Kuikka,Ria Öling,67.5,58.3,71.9,75,17.269917,-3.8881953434404934,0.9941617860555476,0.02268152051769892,-0.9714802655378487,1.527164055804753,0.17677285597816236,-1.3503911998265907,2.276074446710195,0.6199111974254933,-1.6561632492847016,0.8851373278110138,13.305443221971984,1,0,1,0,2,0,0,0,1,0,0,1
3998836,b16c2bf6-fb75-435f-b0a7-45dd89086cb3,2,83,20,WNT Finland,Ria Öling,Nea Lehtola,77.2,73.4,86.6,75,9.535198,5.910627808670952,0.6078485058623248,0.44770070462949074,-0.160147801232834,1.1522426317729373,0.9033424150230591,-0.24890021674987817,1.9300353666993817,1.5015182677810683,-0.42851709891831335,2.5599756552904336,3.6102877167887266,1,0,1,1,2,2,0,0,0,0,0,0
3998836,69b8af3d-08a1-463e-8429-650b594a57e5,2,84,12,Iceland Women's,Cecilía Rán Rúnarsdóttir,Guðrún Arnardóttir,5,41.1,8,12,29.25423,-0.4416967680574686,0.197726238460257,0.010246117208473461,-0.18748012125178354,0.4205221955468853,0.07850716499809422,-0.34201503054879107,0.7044759091920526,0.27562353668579087,-0.42885237250626174,4.962673006381359,13.994324378967805,0,0,1,0,1,0,1,0,1,0,0,1
3998836,ea902820-6b1e-4e73-b6dd-967ad21dc1e4,2,84,21,Iceland Women's,Katla Tryggvadóttir,Alexandra Jóhannsdóttir,42.7,32.7,46.9,43.8,11.868024,4.445228689625125,0.44351230208856895,0.24424973980725803,-0.19926256228131092,1.1050073352632241,0.6456632764086977,-0.45934405885452645,1.9595248204178548,1.2544624124920745,-0.7050624079257803,4.80706443332863,5.008419593809088,0,0,1,0,3,1,0,0,1,0,1,1
3998836,0eca739f-4a6e-4c95-af15-05f88aa1c08c,2,84,24,Iceland Women's,Alexandra Jóhannsdóttir,Agla María Albertsdóttir,51.5,45.1,68.5,73,32.67124,7.523833247692721,0.2116003214914449,0.0451969480545956,-0.1664033734368493,0.5753948530083092,0.19665356113749846,-0.37874129187081074,1.16108425595524,0.5462510674648879,-0.614833188490352,5.232991922380689,9.516322205647294,0,0,0,0,1,0,0,0,1,0,1,1
3998836,da8c9905-18bc-44c3-9a0d-5c677bd2c128,2,85,43,Iceland Women's,Sædís Rún Heiðarsdóttir,Dagný Brynjarsdóttir,85.7,4.5,85.7,17.3,12.8,8.232093402125386,0.4194633918441839,0.672335115774959,0.25287172393077506,0.9846220924872785,1.3638357355385569,0.37921364305127836,1.8195920883364787,2.346645045633811,0.5270529572973324,3.996819485751051,2.504210521197544,0,1,1,1,2,2,0,0,1,0,0,1
3998836,04ef6e63-b2f1-44c5-94e3-49206968f066,2,88,52,Iceland Women's,Ingibjörg Sigurðardóttir,Agla María Albertsdóttir,111.5,47.3,112,34.9,12.410076,1.717103384200966,1.7099441743549515,2.370465297328951,0.6605211229739996,2.9139692900810577,3.6853567996283743,0.7713875095473166,4.383611724926751,5.043286476160317,0.6596747512335659,1.2534064934758375,0.798228116062965,2,2,3,5,4,7,1,0,1,1,1,1
3998836,f4fcd1ac-9215-4b58-aae0-990a06f43cc2,2,89,48,Iceland Women's,Cecilía Rán Rúnarsdóttir,Guðrún Arnardóttir,15.8,30.5,19.9,56.9,26.716475,3.1155655987247144,0.11334699677972837,0.014966773991678896,-0.09838022278804948,0.35510260269552574,0.09845149171013075,-0.256651110985395,0.717890023992243,0.3310364539556068,-0.3868535700366362,7.363786130824614,12.841650519763853,0,0,0,0,1,0,0,0,1,0,0,1
3998836,ce4e8882-88af-4b2f-8dd2-edb80ef2b0ae,2,90,4,WNT Finland,Oona Sevenius,Ria Öling,55.8,13.4,49.5,13.4,6.3,-5.858798550889475,1.2826281340115562,0.8207859497397678,-0.46184218427178836,1.8036895881768171,1.5376323728736891,-0.266057215303128,2.4086988867283705,2.3894752860101716,-0.019223600718198952,0.7429900678634759,2.419431144426122,1,1,3,1,3,4,1,0,1,0,0,1
3998836,94c81cb7-34ed-430b-929a-ba3b0e41a125,2,90,26,Iceland Women's,Katla Tryggvadóttir,Sædís Rún Heiðarsdóttir,47.6,52.8,77.5,3.3,57.82958,17.36995840652343,0.4714908228093636,0.20174964797539682,-0.26974117483396676,0.8950887913571623,0.3920473331079214,-0.503041458249241,1.5757048825529685,0.6185495062497546,-0.9571553763032139,2.635940232235468,4.807954436129635,1,0,1,1,1,1,0,0,1,0,0,1
3998836,9b31f724-a965-465b-b027-a87a35fc8c61,2,90,40,Iceland Women's,Dagný Brynjarsdóttir,Katla Tryggvadóttir,91.2,46.1,99.6,55.2,12.384264,3.9987940312874706,0.8164501061712104,0.3441576006176485,-0.4722925055535619,1.5113852503489313,0.9823029993139349,-0.5290822510349964,2.4602142600864694,1.9409837249570345,-0.5192305351294348,1.684076472606857,5.289433958858961,1,0,1,0,2,2,0,0,0,1,1,1
3998836,71ed052d-382e-4553-ae29-73de012602d1,2,93,20,Iceland Women's,Cecilía Rán Rúnarsdóttir,Guðný Árnadóttir,15.3,36.5,31.4,63.8,31.693848,13.017544536155242,0.03186970048347335,0.01943808117652452,-0.012431619306948832,0.13194649319343363,0.12962980988309675,-0.002316683310336881,0.328655570985194,0.41812037162176136,0.08946480063656737,10.349723784170576,13.332750101562855,0,0,0,0,0,0,0,0,1,0,0,1
3998836,9aa3fe03-9747-4e94-9f08-3adeb3a8d98f,2,93,25,Iceland Women's,Guðný Árnadóttir,Agla María Albertsdóttir,41.8,68.1,55.7,78.1,17.123375,8.355210319236235,0.33259498427709416,0.2095628338803135,-0.12303215039678067,0.5650633460948722,0.5461563455299177,-0.018907000564954535,0.9048905353575838,1.040407766439983,0.1355172310823991,3.346029462291385,5.9657834159558885,0,0,1,0,1,2,0,0,1,0,0,1
3998836,fc7f4ef2-452d-49c6-8a58-0d35ceda681d,2,93,37,Iceland Women's,Guðný Árnadóttir,Katla Tryggvadóttir,104.5,65.2,104.9,69.8,4.6173587,-3.8220341199374985,0.6310703893045477,0.9388316611507286,0.30776127184618085,1.3104266584933715,1.6443920918487323,0.3339654333553608,2.220537017431461,2.4338052719121834,0.2132682544807225,4.119634136436481,3.0382678875616023,0,0,2,3,3,3,0,0,0,0,0,0
3998836,0a583c37-d458-4306-a1f5-a91d6d13a28f,2,94,12,Iceland Women's,Katla Tryggvadóttir,Agla María Albertsdóttir,89.7,28.9,89.4,22.6,6.307139,-2.931956002434653,1.3120639321858014,0.3757419593117149,-0.9363219728740866,2.269766757571462,1.0350489415985156,-1.2347178159729466,3.5383367896683695,2.1135165639175573,-1.4248202257508122,1.599550250493898,4.8790191039093935,1,0,3,1,3,2,0,0,0,0,0,0
3998836,7064dafc-53e1-4f5b-9a15-6169eb879f51,2,96,16,Iceland Women's,Alexandra Jóhannsdóttir,Guðný Árnadóttir,64.7,25.7,65.3,56.5,30.805843,-0.015404355374357692,1.0029609322077342,0.031072739174145287,-0.9718881930335889,1.557886658923665,0.20591442516925312,-1.351972233754412,2.227503140142938,0.7102831685068552,-1.517219971636083,1.6812935620174392,11.832799674303514,1,0,2,0,3,0,1,0,1,0,0,1
3998836,f3a9ccec-7c9d-46a3-aa40-5cee04a8eea3,2,96,49,Iceland Women's,Guðrún Arnardóttir,Sædís Rún Heiðarsdóttir,77.5,8.8,90.6,5.8,13.439122,7.622876346217687,0.9231283115351501,0.26277861672869124,-0.6603496948064589,1.6023343450389351,0.8027733746009729,-0.7995609704379623,2.471016207651578,1.7046274867123332,-0.7663887209392446,2.742303528940743,5.740392325857458,1,0,2,0,3,1,0,0,0,0,0,0