match_id,pass_id,period,minute,second,team,passer,receiver,start_x,start_y,end_x,end_y,pass_length,progression,p_start_tau3,p_end_tau3,pt_tau3,p_start_tau5,p_end_tau5,pt_tau5,p_start_tau8,p_end_tau8,pt_tau8,nearest_start,nearest_end,n3_start,n3_end,n5_start,n5_end,n8_start,n8_end,passer_under_pressure,receiver_under_pressure,retained5,shot5,shot10,good5
3998853,443f94c7-e5cd-4954-ac45-891a7ce35cc1,1,0,10,Iceland Women's,Sandra María Jessen,Ingibjörg Sigurðardóttir,75.8,23,62.5,18.1,14.17392,-14.172822451169111,0.4603192882016138,0.042953440747673786,-0.41736584745394,1.205195514516971,0.24002284490817558,-0.9651726696087954,2.3311210024757507,0.7447738848207949,-1.586347117654956,4.820437528318532,10.330884390803506,0,0,1,0,3,0,0,0,1,0,0,1
3998853,85cbd329-3fa1-4dc5-8a5e-c00752394faa,1,0,13,Iceland Women's,Ingibjörg Sigurðardóttir,Glódís Perla Viggósdóttir,62.5,18.1,48.4,32.8,20.369095,-10.431758009439015,0.13263960951213183,0.09252993566797944,-0.040109673844152385,0.4464275108089752,0.3218875749403251,-0.12453993586865009,1.058567554635002,0.7841293398768269,-0.2744382147581751,6.731033986531542,7.59178914609325,0,0,0,0,1,1,0,0,1,0,0,1
3998853,dfda2d0b-eb21-45ca-831c-47a71a4b7480,1,1,27,Norway Women's,Vilde Bøe Risa,Tuva Hansen,48.5,5.9,43.1,0.1,7.924645,-7.419705082917162,0.5093794387753844,0.18590325042900702,-0.32347618834637737,0.9109772367855848,0.5183907911871712,-0.3925864455984136,1.5037218265729206,1.106679027478775,-0.39704279909414564,2.4305985692666616,5.555623881685794,1,0,1,0,1,1,0,0,1,0,0,1
3998853,dcd4eaad-9578-4220-ada7-85589d345924,1,1,30,Norway Women's,Tuva Hansen,Mathilde Hauge Harviken,35.4,2.3,13.3,9.9,23.370281,-18.24440924179457,0.24976021378869523,0.06717388803863603,-0.1825863257500592,0.6068351063726595,0.22579546316153534,-0.38103964321112416,1.116080103184937,0.5163290281772721,-0.5997510750076649,4.873175374935612,8.211973128809625,0,0,1,0,1,0,0,0,1,0,0,1
3998853,cf9722d7-dc3e-481a-80f3-982481a856bc,1,1,37,Norway Women's,Cecilie Fiskerstrand,Maren Nævdal Mjelde,9.6,41.1,15.6,51.4,11.920151,5.3849105226538825,0.005379820734085436,0.0025844336296539016,-0.0027953871044315345,0.045255996417907104,0.03521620067432989,-0.010039795743577218,0.16057414793160668,0.15721962980362147,-0.0033545181279852065,15.691604872797326,18.55621975910964,0,0,0,0,0,0,0,0,1,0,0,1
3998853,9c0dd8a0-dd28-4e2a-97fc-abf0630a8b01,1,1,44,Norway Women's,Maren Nævdal Mjelde,Lisa Fjeldstad Naalsund,32.2,50.2,39.7,45,9.126335,7.934981567518733,0.12563504087069055,0.9581147902488475,0.8324797493781569,0.42156352377680856,1.5049027317982382,1.0833392080214297,0.9454477513641436,2.1415393778587335,1.19609162649459,6.884857271266775,1.126411995138302,0,1,0,1,1,3,0,1,0,0,0,0
3998853,00e8e818-e94d-46ee-8ed3-c2e4d4e11c8f,1,1,45,Norway Women's,Lisa Fjeldstad Naalsund,Maren Nævdal Mjelde,39.3,45.4,28.5,55,14.449913,-11.840889405453396,0.9581151121998046,0.06747092387468019,-0.8906441883251244,1.5049029723746368,0.31198685057376124,-1.1929161218008755,2.1415395571704927,0.7908651342804165,-1.3506744228900762,1.126410762125167,9.857556464785096,1,0,1,0,3,0,1,0,1,0,0,1
3998853,f04f9e2f-33cd-4193-8a73-8162e07872ae,1,2,23,Iceland Women's,Cecilía Rán Rúnarsdóttir,Glódís Perla Viggósdóttir,5.3,41.1,6.1,58.8,17.71807,-0.7358360200755101,0.12409312920896831,0.09940793831709938,-0.024685190891868936,0.3451960278077685,0.3542610774580197,0.009065049650251233,0.7118979065648062,0.7828518756738632,0.07095396910905694,6.497567118121788,8.490094687684739,0,0,0,0,1,0,0,0,0,0,0,0
3998853,d84597a6-efab-4daa-92e2-d2faec3a234a,1,2,25,Iceland Women's,Glódís Perla Viggósdóttir,Sveindís Jane Jónsdóttir,5.9,61.6,49.8,77.9,46.82841,36.349022729661925,0.5911689101960339,0.5892793411881584,-0.0018895690078755134,0.8495416988536577,0.8794237349926622,0.02988203613900453,1.2339397346895207,1.3239232341273945,0.08998349943787387,1.6867689906391947,1.7697471656170274,1,1,1,1,1,1,1,0,0,0,0,0
3998853,6a6b7054-a275-47fd-82bc-c7067406c3a4,1,2,40,Norway Women's,Vilde Bøe Risa,Celin Bizet Ildhusøy,24.5,31.9,45.6,43.1,23.88828,21.37833695021365,0.6070557675145013,0.18597469675923747,-0.4210810707552638,1.150020050172729,0.583665134074111,-0.5663549160986179,1.8815651461397995,1.2941137190456555,-0.587451427094144,2.3886322863476868,5.976339848565654,1,0,1,0,2,1,1,0,1,0,0,1
3998853,740ae15b-01f3-435f-a6da-45d0956e33eb,1,2,43,Norway Women's,Celin Bizet Ildhusøy,Frida Maanum,48.2,36.5,58,20.6,18.677526,6.920957902665506,0.6868962558641227,0.3701356158699611,-0.31676063999416165,1.1963000618040809,0.786850209742083,-0.4094498520619979,2.0876350661650287,1.416239765889536,-0.6713953002754927,1.556025885014626,3.5565425526088723,1,0,1,1,1,1,0,0,1,0,0,1
3998853,4c7607d1-6dd0-4b3c-a444-12e32590e090,1,2,51,Norway Women's,Signe Gaupset,Frida Maanum,104.8,21.3,114.2,29.1,12.2147455,11.751275763367705,0.5474294999916387,1.9234995963708266,1.3760700963791879,0.9751642182345309,2.8080449157592144,1.8328806975246836,1.6284493360925094,3.8739189513582173,2.2454696152657077,2.5592542044785738,0.49598721170967425,1,2,1,3,2,4,0,0,1,0,0,1
3998853,ec4bc743-7b4c-4260-af8e-6bdaa741c2dd,1,2,57,Norway Women's,Signe Gaupset,Frida Maanum,111.9,13.6,108.3,18.3,5.920304,2.9614754951545876,0.3322701135056206,1.297157977081655,0.9648878635760345,0.7675994314656192,1.928782004215828,1.1611825727502088,1.5192973071150044,2.8439237899598546,1.3246264828448502,3.8830734118403387,0.549773436315996,0,1,1,2,1,3,0,0,0,0,0,0
3998853,29ee6a7f-8725-49e8-a237-b27f443e9c46,1,3,0,Iceland Women's,Guðrún Arnardóttir,Karólína Lea Vilhjálmsdóttir,8.8,60.5,19.6,59.6,10.837435,10.77856650943994,0.9415050348046311,0.9454679763438819,0.003962941539250808,1.4920149884934517,1.5707455096500045,0.07873052115655277,2.184147151250547,2.380039619052676,0.19589246780212877,2.2935068761953885,1.1768942106087024,2,1,2,1,2,3,1,0,0,0,0,0
3998853,47f7c4d6-479c-4852-bd5d-8fb6e6c3b4ab,1,3,17,Norway Women's,Lisa Fjeldstad Naalsund,Maren Nævdal Mjelde,79.9,2.8,64.5,34.8,35.512814,-1.045265146597508,0.17803673010079143,0.1317021298428763,-0.04633460025791514,0.5160668172068694,0.33142753772541794,-0.18463927948145148,1.0651645128614229,0.6811146592670534,-0.3840498535943695,6.252796551547763,6.136548816741298,0,0,0,0,1,1,0,0,0,0,0,0
3998853,0b94a3d5-8381-4398-bca5-f43e022b9aef,1,3,38,Iceland Women's,Cecilía Rán Rúnarsdóttir,Glódís Perla Viggósdóttir,6.7,42.7,7.3,61.8,19.109423,-1.4569007630263542,0.05817149549477558,0.028373694063283484,-0.029797801431492094,0.2510296182598727,0.1608853137411785,-0.09014430451869418,0.6280519011505298,0.46656273653128044,-0.16148916461924934,9.48042043455958,11.407566861244018,0,0,0,0,0,0,0,0,1,0,0,1
3998853,262bed24-df3c-4d61-8e04-b5e3c48b2071,1,3,52,Norway Women's,Celin Bizet Ildhusøy,Maren Nævdal Mjelde,68.6,53.1,55.7,44.3,15.615697,-11.400523082224801,0.80600428998434,0.029974531623854484,-0.7760297583604856,1.1032623133106536,0.19542290999440223,-0.9078394033162513,1.5615981278983473,0.6159398865853113,-0.945658241313036,0.9881940233524689,12.701675570511666,1,0,1,0,2,0,1,0,1,0,0,1
3998853,d178c97b-5a46-4953-be59-5acbb680d4e3,1,3,58,Norway Women's,Mathilde Hauge Harviken,Frida Maanum,48,28.8,55.9,32,8.523497,8.268613270239058,0.02411363585199079,0.48238571207283676,0.458272076220846,0.19934368351927417,1.1387858417982444,0.9394421582789703,0.6946917849159505,2.0021159699488242,1.3074241850328736,14.428610018735393,4.435272230762506,0,0,0,1,0,3,0,0,1,0,0,1
3998853,2a11034a-0565-41d8-83b7-53c2e90b6e8b,1,4,20,Iceland Women's,Alexandra Jóhannsdóttir,Sædís Rún Heiðarsdóttir,63.8,47.4,49.6,18.7,32.020775,-16.86658746694698,1.4245228330831123,0.008915558123778679,-1.4156072749593336,1.8917103623061955,0.09204578317848622,-1.7996645791277093,2.4903951513886287,0.35509860321566844,-2.13529654817296,1.0897219840398584,16.426808464754266,2,0,2,0,2,0,1,0,0,0,0,0
3998853,31ceaf93-7bb6-449c-b34b-10f79ab5d37f,1,4,24,Iceland Women's,Sædís Rún Heiðarsdóttir,Hildur Antonsdóttir,51.9,19.8,69.8,23.6,18.298906,18.221755224677665,0.11727997520207425,0.30298416811896284,0.18570419291688858,0.3826593173231375,0.7051726061508679,0.32251328882773034,0.8147407770087283,1.3476450410953047,0.5329042640865764,7.174943759388519,4.196677929408312,0,0,0,1,1,1,0,0,0,0,0,0
3998853,70ffc61f-c47a-479e-bf85-658ff62225e7,1,4,41,Norway Women's,Frida Maanum,Celin Bizet Ildhusøy,57.6,64.8,54.9,70.2,6.0373836,-4.616250220919667,0.7166129550505068,0.9133121570602748,0.19669920200976798,1.2126668768443398,1.5953188165442918,0.3826519396999519,1.952704517987533,2.359559959303234,0.40685544131570106,1.5290558996131394,3.0575973702365986,1,0,1,2,1,3,1,0,1,0,0,1
3998853,ed05207c-187a-47c7-9dfd-8d52e21a6087,1,5,5,Iceland Women's,Sveindís Jane Jónsdóttir,Katla Tryggvadóttir,102.1,48.4,106.5,32.8,16.20864,4.47296133612768,0.8746228832201894,0.5279414390586916,-0.3466814441614978,1.637420180551531,1.2432197844984312,-0.39420039605309976,2.3980718526617393,2.117527912272429,-0.2805439403893102,3.500298281846542,4.5434966547692905,0,0,3,1,4,3,1,0,0,1,1,1
3998853,664c1aae-35c6-4867-9c8e-535bc3571046,1,8,50,Norway Women's,Lisa Fjeldstad Naalsund,Maren Nævdal Mjelde,57.3,66.5,43.8,55.7,17.288435,-9.730467488875647,0.8570612717464878,0.22737805201147418,-0.6296832197350136,1.4183276588455547,0.5630397723347424,-0.8552878865108122,2.069130847325541,1.0994119687816237,-0.9697188785439175,1.9356285462998255,4.873591948051143,1,0,2,1,3,1,0,0,1,0,0,1
3998853,18ae0a51-9ea6-4999-93ff-e69f0bc9be92,1,8,58,Norway Women's,Cecilie Fiskerstrand,Mathilde Hauge Harviken,12.2,41.8,18.4,30.3,13.064838,5.753035815709325,0.30501040139714947,0.09601061991068759,-0.20899978148646187,0.525379460845367,0.31783503876140506,-0.20754442208396195,0.8002893702483566,0.7069901008396134,-0.09329926940874311,3.597472950119364,7.482564688307056,0,0,1,0,1,1,1,0,1,0,0,1
3998853,ddbbf754-d5a9-49ef-b2d8-44772a2bc766,1,9,3,Norway Women's,Tuva Hansen,Signe Gaupset,30.3,4.4,64.7,2.6,34.44706,29.746573918139404,0.27223690421729885,0.9222797197043425,0.6500428154870437,0.5659925088451717,1.2813095812200817,0.7153170723749099,0.9796923117845839,1.7231642107162417,0.7434718989316578,4.258688810979905,1.227179611006067,0,1,1,2,1,2,0,0,1,0,0,1
3998853,d305374f-eb3d-45f5-b5fd-d5d88cece160,1,9,6,Norway Women's,Signe Gaupset,Frida Maanum,64.7,2.6,79.8,5.6,15.395129,13.850287047706708,0.9222797197043425,0.48667724318201727,-0.43560247652232525,1.2813095812200817,0.8304474975923402,-0.4508620836277415,1.7231642107162417,1.3252200856154301,-0.39794412510081156,1.227179611006067,2.4580558713134235,1,1,2,1,2,1,1,0,1,0,0,1
3998853,2bb08494-c1d4-429e-8209-ba55eedf4650,1,9,13,Norway Women's,Frida Maanum,Signe Gaupset,99.7,6.4,111.8,19.3,17.686718,16.99121475264185,0.9066517021238337,0.752529632229162,-0.1541220698946717,1.3412779877035992,1.2009693140854287,-0.14030867361817045,1.8343412332758509,1.9022648997518274,0.06792366647597659,1.3019934171250247,1.3390389865912964,1,1,2,1,2,2,0,0,1,0,0,1
3998853,6de330a3-c46e-4094-a041-ab739e49a83e,1,9,17,Norway Women's,Signe Gaupset,Vilde Bøe Risa,113.6,19.1,108.8,37.9,19.403093,10.462776081347407,0.43266170410661536,1.7458295714219807,1.3131678673153653,0.9676855771821578,2.887068965371728,1.9193833881895703,1.809233801134349,4.056704213244624,2.2474704121102747,3.3150527287571703,1.0181205101389699,0,1,1,3,1,7,0,0,0,0,0,0
3998853,ca3b6391-a54e-4f1a-af3d-facb2d0a2aea,1,9,19,Norway Women's,Vilde Bøe Risa,Elisabeth Terland,108.8,37.9,113.7,43.3,7.291776,4.283212662591981,1.6435748673672124,1.73758912465366,0.09401425728644774,2.632497350405171,2.8575849905391637,0.22508764013399274,3.6314670267603835,4.018116154519373,0.38664912775898985,1.0181205101389699,0.7071867330024437,1,1,3,3,6,6,0,0,0,0,0,0
3998853,105f3192-2bee-4ed5-9514-a8dd6a7f9f59,1,11,20,Norway Women's,Lisa Fjeldstad Naalsund,Maren Nævdal Mjelde,48.2,43.7,33.7,57.9,20.295073,-16.241554393209597,0.580816989784192,0.10045725912697274,-0.4803597306572193,1.1685180186302493,0.31195500435154044,-0.8565630142787088,1.8930306971485025,0.7073026457016783,-1.1857280514468242,2.7610498441449756,7.070107699573047,1,0,1,0,2,1,0,0,1,0,0,1
3998853,5b269a76-e67e-42b0-bef1-837a7f7e5871,1,11,23,Norway Women's,Maren Nævdal Mjelde,Cecilie Fiskerstrand,32.2,57.3,7.3,40.2,30.206291,-23.212021821305115,0.455667545800568,0.06489508773759316,-0.39077245806297484,0.7373051619227299,0.21920995173702712,-0.5180952101857028,1.1688786407609817,0.5250757570581653,-0.6438028837028164,2.4570375352794875,8.260915233493478,1,0,1,0,1,0,0,0,1,0,0,1
3998853,7b1c371c-a011-41aa-801a-07cf9fc4ceba,1,11,40,Norway Women's,Celin Bizet Ildhusøy,Emilie Marie Woldvik,75.9,55,93.1,67.4,21.203773,8.18369342954221,0.40058519394932207,0.0382584395113737,-0.3623267544379484,0.8515286383464833,0.1786593060644217,-0.6728693322820616,1.4895801098813755,0.5064201614192917,-0.9831599484620838,3.5306422168822307,10.075913915881342,0,0,1,0,1,0,0,0,0,0,0,0
3998853,0928f69d-b896-4f0c-a1e7-444fc01a9148,1,12,14,Iceland Women's,Cecilía Rán Rúnarsdóttir,Ingibjörg Sigurðardóttir,4.7,41.3,2.2,26.4,15.108275,-3.2751322856146743,0.16106033305022038,0.04561798221490675,-0.11544235083531364,0.3882174189037801,0.18935999980828233,-0.19885741909549776,0.7030663409972854,0.4752308683098333,-0.22783547268745208,5.662571602033847,9.451050382738744,0,0,0,0,1,0,1,0,0,0,0,0
3998853,4fdbabf7-6d43-48e2-a8ad-3b1589f7e3fd,1,12,17,Iceland Women's,Ingibjörg Sigurðardóttir,Karólína Lea Vilhjálmsdóttir,4.4,19.5,43.2,44.2,45.994892,40.48886203469171,0.35218675630476703,0.4815325158736732,0.12934575956890615,0.6330001604543682,0.7543991344593043,0.12139897400493604,0.9876864532027092,1.1474966763336285,0.1598102231309193,3.3137743475119894,2.2928237671181964,0,1,1,1,1,1,0,0,0,0,0,0
3998853,4b747477-b23c-4ef5-a180-481cd462a981,1,12,26,Norway Women's,Mathilde Hauge Harviken,Maren Nævdal Mjelde,59.9,44.3,56.2,49.7,6.545991,-4.27953916962651,0.028618436793012642,0.01317293923993369,-0.015445497553078951,0.19749965768481226,0.11650808975504749,-0.08099156792976477,0.6568122268562792,0.4552332314520959,-0.20157899540418328,12.18913433174437,14.030253177237794,0,0,0,0,0,0,0,0,1,0,0,1
3998853,cc060d61-b526-4743-9b52-6ead5d961c0c,1,12,51,Norway Women's,Mathilde Hauge Harviken,Cecilie Fiskerstrand,35.6,28.2,7.7,41.1,30.737925,-27.08449776815526,0.3564137377613856,0.01552945209114163,-0.3408842856702439,0.5607600125664189,0.08622893803174872,-0.47453107453467025,0.7751855612569933,0.24300770508123087,-0.5321778561757624,3.111963405188635,12.518352290738362,0,0,1,0,1,0,0,1,1,0,0,1
3998853,ce4fdb52-343b-4e5c-be40-97d5ce87f124,1,12,55,Norway Women's,Cecilie Fiskerstrand,Lisa Fjeldstad Naalsund,7.9,42,24.8,42.7,16.914492,16.87955967480606,0.11657939623490658,0.3756477524632184,0.2590683562283118,0.28819870514094986,0.6141010111808541,0.3259023060399043,0.5147094014343482,0.8721064035897189,0.35739700215537074,6.468395504358535,3.0306526836615633,0,0,0,1,1,1,1,0,1,0,0,1
3998853,ef57c03c-413e-4da3-a1e4-e09666780cf2,1,12,56,Norway Women's,Lisa Fjeldstad Naalsund,Maren Nævdal Mjelde,24.8,42.7,21.9,63.4,20.902153,-5.613938498274791,0.3756477524632184,0.0040618706845685915,-0.3715858817786498,0.6141010111808541,0.04599922050610983,-0.5681017906747443,0.8721064035897189,0.18545872892558685,-0.6866476746641321,3.0306526836615633,17.16008309239642,0,0,1,0,1,0,0,0,1,0,0,1
3998853,e3e41266-8e4d-4bdc-a6e2-dad68131af3f,1,13,1,Norway Women's,Maren Nævdal Mjelde,Lisa Fjeldstad Naalsund,24.9,62.5,36,56.2,12.763228,12.177550365434982,0.06589720548860432,0.07647698556930019,0.010579780080695864,0.21429970467461515,0.35638973563060516,0.14209003095599002,0.47250490480999013,0.8905250459780149,0.4180201411680247,8.203561566347325,9.970242221821394,0,0,0,0,0,0,0,0,1,0,0,1
3998853,1333cfba-3397-4728-801e-3a0537cc76e2,1,13,12,Norway Women's,Celin Bizet Ildhusøy,Frida Maanum,80.9,51.9,80.9,25,26.9,-1.007742825284268,0.46845241956675465,0.10088804248250507,-0.3675643770842496,0.9697083415407781,0.3612616617615657,-0.6084466797792124,1.7126291828167077,0.9152542069805596,-0.7973749758361481,3.185294446566749,7.245480720713827,0,0,1,0,2,1,0,0,1,0,1,1
3998853,dcdf7ac9-0e22-472f-9581-f5cf104247a0,1,15,19,Norway Women's,Celin Bizet Ildhusøy,Lisa Fjeldstad Naalsund,73.6,58.5,63.4,66,12.660568,-12.334036988415185,0.710298237569254,0.23017346053587126,-0.48012477703338274,1.4219819477015823,0.6346652399392353,-0.787316707762347,2.3774223758897977,1.3308190639677004,-1.0466033119220972,2.6188316117971615,5.190440782064854,1,0,1,0,3,1,0,0,1,0,0,1
3998853,d100ddfe-1832-42d9-87a3-f9f92a1cd94a,1,15,21,Norway Women's,Lisa Fjeldstad Naalsund,Maren Nævdal Mjelde,63.4,66,49.9,54.5,17.734148,-9.297822723305146,0.47656236206754315,0.00962309754670771,-0.46693926452083545,0.7885841789645737,0.0825264408397117,-0.7060577381248619,1.2728193975960498,0.29972390072954597,-0.9730954968665038,2.425189452207587,14.449931444439157,1,0,1,0,1,0,0,0,1,0,0,1
3998853,1715c929-820c-4f86-b3ca-7f307a653d15,1,15,31,Norway Women's,Lisa Fjeldstad Naalsund,Mathilde Hauge Harviken,51.1,40.5,40.5,26.7,17.40115,-11.703024364815946,0.9960276721457559,0.1696339681779932,-0.8263937039677627,1.4840016088436843,0.5699273535190145,-0.9140742553246698,2.116736538310329,1.2017771059615976,-0.9149594323487316,0.6722386008130585,6.847349291439233,1,0,1,0,2,1,1,0,0,0,0,0
3998853,2f09bf59-ef1e-4964-849f-33c33ac58dc6,1,15,34,Norway Women's,Mathilde Hauge Harviken,Tuva Hansen,39.9,26.2,40.2,3.6,22.601992,-6.429677244755297,0.7011891146311957,0.20976105231947864,-0.4914280623117171,1.1609078565797508,0.5096355786526632,-0.6512722779270876,1.8187783488786993,1.0384630019053707,-0.7803153469733286,1.5769567575549157,4.9181949452932905,1,0,1,1,1,1,0,0,0,0,0,0
3998853,db780f99-1c28-4a60-8116-eabb834b41c5,1,16,19,Iceland Women's,Ingibjörg Sigurðardóttir,Cecilía Rán Rúnarsdóttir,15.5,19.5,3.4,36.5,20.86648,-10.160734469084076,0.053116541878607586,0.035368183795030074,-0.017748358083577512,0.20807207254615043,0.1625655075849373,-0.045506564961213136,0.4691665037835447,0.4273310739074599,-0.041835429876084795,9.209294455293888,10.266294770410811,0,0,0,0,0,0,0,1,1,0,0,1
3998853,c4cc2b20-bc22-417f-b484-5de8cce83172,1,16,22,Iceland Women's,Cecilía Rán Rúnarsdóttir,Glódís Perla Viggósdóttir,1.9,35.8,7,57,21.804815,3.903052601983674,0.32928814543734086,0.12439993368394205,-0.20488821175339883,0.580327743666392,0.3793866490292737,-0.20094109463711823,0.8984802173719677,0.7866642004103086,-0.1118160169616591,3.4317188300340122,6.764061399592952,0,0,1,0,1,1,1,0,1,0,0,1
3998853,ceeaf59b-b813-455b-9a8d-85f980cf82b4,1,16,24,Iceland Women's,Glódís Perla Viggósdóttir,Hildur Antonsdóttir,7,57,20.9,58.8,14.016062,13.404118943401485,0.18384189266582254,0.07489752078312437,-0.10894437188269818,0.47288979411604465,0.37205925760404984,-0.1008305365119948,0.8977541157600072,0.9740221322647004,0.07626801650469317,5.530664206782718,10.00084295049493,0,0,0,0,1,0,0,0,1,0,0,1
3998853,a82230d1-263c-48ff-ae8e-a488cd447207,1,16,30,Iceland Women's,Alexandra Jóhannsdóttir,Guðrún Arnardóttir,47.5,77.9,35.5,79,12.050311,-11.257157665142941,0.7055636845427173,0.6927866774561705,-0.012777007086546832,1.1570207212171417,1.1333295618014971,-0.02369115941564459,1.6738970393768704,1.7189325870464243,0.045035547669553866,2.30847217073549,1.7020533000581974,1,1,2,1,2,2,0,0,1,0,0,1
3998853,88260dd6-91ad-4197-9c69-f7c7f599ceb0,1,16,32,Iceland Women's,Karólína Lea Vilhjálmsdóttir,Guðrún Arnardóttir,45.3,79.4,40.2,76.1,6.074537,-3.131838801926264,0.8427749219791628,0.3644123616927835,-0.4783625602863793,1.2924357435070308,0.8684766324596194,-0.42395911104741146,1.8013380001208745,1.5546609009937893,-0.24667709912708524,2.2561965639217325,4.422687713291986,1,0,2,1,2,1,1,0,1,0,0,1
3998853,5ce63c8f-4642-4490-a7be-d3cd3e92d407,1,16,34,Iceland Women's,Guðrún Arnardóttir,Hildur Antonsdóttir,40.9,76.1,53.8,79.4,13.315405,9.910722356547552,0.8311176572419519,0.2986806754555691,-0.5324369817863828,1.4350164419522347,0.7151812854512127,-0.7198351565010219,2.0937252568406572,1.3126227547564042,-0.781102502084253,2.5160790633241956,4.474285808014612,1,0,2,1,3,1,0,1,1,0,0,1
3998853,00a5f8b5-51c7-4993-9e2c-f13124cee2ed,1,16,36,Iceland Women's,Hildur Antonsdóttir,Guðrún Arnardóttir,52.7,79.6,52.1,68.8,10.816654,4.330831560640846,0.9811544392749172,0.20008597744784704,-0.7810684618270701,1.46127239877269,0.6793270610764273,-0.7819453376962628,2.0228452808727164,1.4516059476705636,-0.5712393332021528,1.2216276806809312,7.146767395659847,1,0,2,0,2,1,0,0,1,0,0,1
3998853,f31c696a-c9e5-47ea-9d77-7001e1886978,1,16,40,Iceland Women's,Guðrún Arnardóttir,Sædís Rún Heiðarsdóttir,67.3,56.5,69.2,32.4,24.17478,3.8572823086045034,1.102282938182519,0.010587413606700674,-1.0916955245758184,1.5180522849745448,0.10776246881831789,-1.410289816156227,2.1139953034576218,0.4563878937636412,-1.6576074096939806,0.38284877465157874,14.684862972801586,1,0,1,0,2,0,1,0,1,0,0,1
3998853,5a877efe-e201-4e77-9f24-b54ffdef2580,1,16,59,Iceland Women's,Guðrún Arnardóttir,Alexandra Jóhannsdóttir,96.4,70.5,109.5,33,39.722286,25.944932322375237,0.07386712325108777,1.9253212163434172,1.8514540930923296,0.3410512937488813,2.9147863642164884,2.573735070467607,0.9213390920440343,3.9938759484693866,3.0725368564253523,9.881357731020996,0.8907107455529996,0,2,0,4,0,5,0,0,1,0,0,1
3998853,310c587b-8f17-47a4-86a4-301436fc30d9,1,18,5,Norway Women's,Elisabeth Terland,Celin Bizet Ildhusøy,38.9,52,47.4,64.3,14.951254,5.42418510873847,0.9133068354426543,1.0685896475017018,0.15528281205904748,1.6535630309630385,1.535062323145433,-0.11850070781760547,2.5661387881126934,2.165242642398169,-0.40089614571452437,2.239697964823798,1.0438324127606844,1,1,2,2,3,2,1,0,1,0,0,1
3998853,e8fd5121-e216-40ea-a527-425d6860ccff,1,18,23,Iceland Women's,Katla Tryggvadóttir,Hildur Antonsdóttir,18.8,25.1,24.8,32.4,9.449339,6.78812690955273,0.4592741743361313,0.530596304112124,0.07132212977599267,1.0144299531434255,1.2646538641349032,0.25022391099147767,1.8040091352864938,2.1849126068364617,0.38090347154996795,3.3289349325020887,4.63927170975807,0,0,1,1,1,3,0,0,1,0,0,1
3998853,a5fd635f-3012-4b35-9e59-213d62caecdc,1,18,25,Iceland Women's,Hildur Antonsdóttir,Katla Tryggvadóttir,26.7,32.2,40.4,24.1,15.915401,12.453006599035177,0.9576278577986859,1.0598485164983023,0.10222065869961638,1.7514116261791912,1.8409197946065035,0.08950816842731224,2.6379601008724616,2.7957671622650895,0.1578070613926279,2.931853520759335,1.6852747580248884,1,1,2,2,3,4,0,1,0,0,0,0
3998853,971c95fb-e67e-4383-b297-59ba0ade0988,1,18,53,Norway Women's,Lisa Fjeldstad Naalsund,Celin Bizet Ildhusøy,68.2,69.9,80,71.2,11.871394,9.081031841230647,0.8156737271350568,0.9166098570302811,0.10093612989522427,1.096124478850092,1.3225099585554945,0.22638547970540257,1.6045706264523536,1.963156178220833,0.3585855517684795,0.7744649093019521,0.7007117056134072,1,1,1,1,1,1,0,0,0,0,0,0
3998853,a2b75b5a-3ba5-45b7-9851-55b7c537e5bc,1,19,12,Iceland Women's,Ingibjörg Sigurðardóttir,Cecilía Rán Rúnarsdóttir,25.9,12.1,7.3,35.6,29.970152,-14.636890632431829,0.21481069632522518,0.0009057842572882678,-0.2139049120679369,0.4123174283782396,0.018884448272847354,-0.39343298010539224,0.6571174748949526,0.11059936678211903,-0.5465181081128336,4.6227050957108045,21.657506788204323,0,0,1,0,1,0,0,0,1,0,0,1
3998853,b9569858-2409-426d-8af5-08ffc38918e0,1,19,21,Iceland Women's,Glódís Perla Viggósdóttir,Guðrún Arnardóttir,18.8,60.1,35.9,78.7,25.265985,10.599795043109296,0.7496092531440539,0.16533548633931328,-0.5842737668047406,0.9809213680316559,0.3815406488622888,-0.5993807191693671,1.3620981526342422,0.7252721974698917,-0.6368259551643505,0.968353959479002,5.455426664549309,1,0,1,0,1,1,1,0,0,0,0,0
3998853,82ace27d-8d02-43d8-9d9c-cfb7e732828c,1,19,32,Norway Women's,Maren Nævdal Mjelde,Mathilde Hauge Harviken,44.9,31.4,42.5,24.2,7.5894666,-3.503378043407835,0.005771253112214164,0.006042926205953871,0.000271673093739707,0.07159648431126595,0.07505557364989562,0.0034590893386296784,0.30917562774299334,0.32171437506245804,0.012538747319464694,17.33143241544362,17.507977597893472,0,0,0,0,0,0,0,0,1,0,0,1
3998853,76dac5bf-0ddb-45fd-b5a3-0db6c39464f0,1,19,34,Norway Women's,Mathilde Hauge Harviken,Tuva Hansen,42.8,24.2,49.7,17.3,9.758074,4.9261717481030445,0.011880152981635235,0.04657236498350967,0.03469221200187443,0.1070047418402915,0.22986473679018826,0.12285999494989676,0.39348921353459515,0.6039679363999002,0.21047872286530506,14.531809249685171,10.334437777828844,0,0,0,0,0,0,0,0,1,0,0,1
3998853,363340d2-ff7c-4e04-8fe5-265bf17199c1,1,19,40,Norway Women's,Mathilde Hauge Harviken,Maren Nævdal Mjelde,43.3,30.6,40.2,53.3,22.910696,-3.6268780249581596,0.01220820203286587,0.007426903739322149,-0.00478129829354372,0.12124678253202337,0.07160584289367161,-0.049640939638351755,0.4464237764646455,0.2856228046851666,-0.16080097177947889,15.951796260802885,15.322891838107843,0,0,0,0,0,0,0,0,1,0,0,1
3998853,6e18a5aa-3b4d-4bf3-a008-55dda6910cb2,1,19,45,Norway Women's,Maren Nævdal Mjelde,Mathilde Hauge Harviken,50.2,55.7,39.3,42.9,16.812199,-9.208187150917595,0.19111571780004008,0.00442665035538034,-0.18668906744465974,0.46239551983253696,0.06576942168691897,-0.396626098145618,0.8887607639149411,0.31470037739015,-0.5740603865247911,5.249025691119228,18.822869615578156,0,0,0,0,1,0,0,0,1,0,0,1
3998853,f98617d4-ba25-47c5-a1d2-385bbe97056e,1,19,51,Norway Women's,Tuva Hansen,Maren Nævdal Mjelde,43.4,22.9,36,69.7,47.38143,-10.610483140880788,0.2944448597354345,0.24627109988522614,-0.04817375985020836,0.7220347287875822,0.4495758607324854,-0.27245886805509684,1.3077360725673792,0.7081172371736234,-0.5996188353937558,4.824034087837012,4.214134583134703,0,0,1,1,1,1,0,0,0,0,0,0
3998853,0d7b5a2d-c182-45da-975a-f2b0d65d0932,1,20,36,Norway Women's,Signe Gaupset,Frida Maanum,96,43.9,101.7,35.4,10.234256,5.445523086599863,1.5561626068921084,0.615903105569006,-0.9402595013231024,2.6942983634319013,1.5058770530933583,-1.188421310338543,3.9074210482579326,2.687941465281401,-1.2194795829765317,2.2444079694289694,4.4519078886919266,2,0,3,1,6,4,0,0,1,0,0,1
3998853,04cdc6bf-5b24-484a-8d32-b71612541555,1,20,43,Norway Women's,Frida Maanum,Tuva Hansen,104.8,5.4,112.3,1.1,8.64523,-1.863226674444597,0.6398832665988116,0.5771167164847366,-0.06276655011407495,1.0565192827655374,0.8274238092466767,-0.22909547351886073,1.5869459767905438,1.1977316209670328,-0.38921435582351105,2.4841729016526135,1.7758797354233233,1,1,2,1,2,1,0,1,0,0,0,0
3998853,fdaee20e-98de-4346-8bfd-e2e702be76da,1,21,2,Norway Women's,Elisabeth Terland,Emilie Marie Woldvik,99.6,28.8,82.3,60.6,36.201244,-19.688727719277413,1.3337775391822657,0.022810691841508492,-1.3109668473407572,2.405492779736878,0.1362942047188198,-2.2691985750180583,3.6494717003154444,0.4841990910548725,-3.165272609260572,1.2437933350151766,11.567204198959384,1,0,1,0,5,0,0,0,1,0,0,1
3998853,126a9a7e-d89e-4620-9776-e0c52f3ad7a1,1,21,8,Norway Women's,Emilie Marie Woldvik,Celin Bizet Ildhusøy,92.5,68,103.1,73.4,11.896218,1.8138135211780764,0.46554360995750166,0.45850326139748127,-0.007040348560020393,0.7625764431881358,0.7757014395292839,0.013124996341148165,1.16201323910734,1.1143340561591852,-0.04767918294815465,2.57608273969601,2.8477174656759825,1,1,1,1,1,2,1,0,1,0,0,1
3998853,0cb1e607-2f44-425d-84a8-1486ef242d27,1,21,22,Norway Women's,Lisa Fjeldstad Naalsund,Maren Nævdal Mjelde,79.7,47.4,78.8,73.9,26.515278,-12.380234311269462,0.25453052239439805,0.09913172318050434,-0.1553987992138937,0.6401136131285422,0.3485919862709494,-0.2915216268575928,1.332773525054352,0.8692173424882043,-0.4635561825661477,4.566542273372498,7.398798270790111,0,0,1,0,1,1,0,0,1,0,0,1
3998853,2c4ff328-98d3-401c-aafa-5dc0c087d137,1,21,36,Norway Women's,Lisa Fjeldstad Naalsund,Mathilde Hauge Harviken,66.8,67.7,54.7,51.2,20.461184,-6.2741150730961905,0.5495285172709066,0.1734633647588523,-0.3760651525120543,0.8521217927759773,0.47673954606383706,-0.37538224671214027,1.315178781362503,0.9811118675757746,-0.3340669137867285,1.982086876397623,5.751486809554012,1,0,1,0,1,1,0,0,1,0,0,1
3998853,30f29a2d-1a04-460d-86ff-ca204af136f2,1,21,40,Norway Women's,Mathilde Hauge Harviken,Tuva Hansen,51.7,40.8,47.6,25.6,15.743253,-5.513469896882214,0.40918706515556413,0.1597310933266178,-0.24945597182894633,0.7493184183870545,0.45078941576353243,-0.29852900262352206,1.2167498342612235,0.8850012286869883,-0.33174860557423524,2.9645895240659854,6.4563511124275585,1,0,1,0,1,1,0,0,1,0,0,1
3998853,b91f81ca-b687-4a22-b260-874f43fb2bc9,1,21,43,Norway Women's,Tuva Hansen,Cecilie Fiskerstrand,41.6,24.4,8.9,42,37.135563,-31.18102516778295,0.38896216553862695,0.01816380932975735,-0.3707983562088696,0.763242900623025,0.09472032129932854,-0.6685225793236965,1.2487516725409862,0.263209291725244,-0.9855423808157422,3.462320146690864,12.044951669470755,0,0,1,0,1,0,0,1,0,0,0,0
3998853,9178c3f5-c198-4426-a863-a46a71736c51,1,22,2,Iceland Women's,Ingibjörg Sigurðardóttir,Cecilía Rán Rúnarsdóttir,43.3,6.8,20.7,32.8,34.449383,-15.98359484938868,0.3928752203012625,0.0005007518872042722,-0.3923744684140582,0.5708904558523651,0.010831525156602557,-0.5600589306957625,0.7044424017105959,0.06519372743836785,-0.6392486742722281,2.8027896693696026,22.810807787993085,1,0,1,0,1,0,0,0,1,0,0,1
3998853,60b47b4a-29de-41b3-8fbf-db26dbcf2704,1,22,16,Iceland Women's,Ingibjörg Sigurðardóttir,Hildur Antonsdóttir,27.9,16.7,39.8,22.7,13.32704,12.956895986477818,0.007668466152997511,0.1256765385871662,0.11800807243416869,0.0709677215843544,0.3605153660738253,0.2895476444894709,0.24816314553189062,0.6889423396074014,0.44077919407551075,16.521879041082695,6.810590493308561,0,0,0,0,0,1,0,0,1,0,0,1
3998853,33c56743-a6f4-4e71-ba4e-c80c72d85876,1,22,17,Iceland Women's,Hildur Antonsdóttir,Ingibjörg Sigurðardóttir,39.8,22.7,29.8,18.1,11.00727,-10.775842799502712,0.1256765385871662,0.034935668105505954,-0.09074087048166025,0.3605153660738253,0.17638298649586842,-0.18413237957795686,0.6889423396074014,0.44757416771852354,-0.24136817188887782,6.810590493308561,11.655212038053447,0,0,0,0,1,0,0,0,1,0,0,1
3998853,edc3599f-2df7-4799-9506-b39c7f0f0347,1,22,40,Norway Women's,Signe Gaupset,Elisabeth Terland,83.6,7.3,89.4,7.6,5.8077536,4.365167720151192,0.7952131990507172,0.5407400645576425,-0.25447313449307474,1.5771434315898003,1.1559890907484838,-0.42115434084131653,2.6315261934647345,2.063948926894729,-0.5675772665700056,2.015217843445456,3.031463668854587,1,0,1,1,3,2,1,0,1,0,1,1
3998853,5b019fd5-d6cd-4bcc-82c0-7ac4c9e01724,1,23,5,Iceland Women's,Sveindís Jane Jónsdóttir,Katla Tryggvadóttir,59,71.1,55,45.9,25.515486,3.2032846487084754,1.003856780980062,0.32522218613294523,-0.6786345948471169,1.435118594609462,0.6479994442426069,-0.7871191503668551,2.0394913236363097,1.1966689738037954,-0.8428223498325143,0.7467263636826248,3.5297445691718172,1,0,1,1,2,1,1,0,0,0,0,0
3998853,f792e234-81f5-4337-8c15-a7eb11b9588f,1,23,12,Norway Women's,Celin Bizet Ildhusøy,Lisa Fjeldstad Naalsund,61.4,58.8,48.5,61,13.086252,-12.978275832574468,0.8602454827048197,0.1411853343019052,-0.7190601484029145,1.080668724375683,0.46662866125559876,-0.6140400631200842,1.44886891313382,0.9883657171599323,-0.46050319597388767,0.5871365679758651,8.021474209993384,1,0,1,0,1,0,0,0,1,0,0,1
3998853,24e2f9f1-66d8-4b62-8478-ca856f12ffbf,1,23,26,Norway Women's,Tuva Hansen,Signe Gaupset,27.2,5.3,42.2,3,15.175309,12.925273779274008,0.2599321411362869,0.5293375714375256,0.2694054303012387,0.5169373009965876,0.8044784820152636,0.287541181018676,0.9192073348403984,1.2373783891865606,0.3181710543461622,4.129831991320947,2.0270880356074144,0,1,1,1,1,1,0,1,1,0,0,1
3998853,d4153aa4-771a-43f6-be66-7181cddada34,1,23,46,Norway Women's,Signe Gaupset,Elisabeth Terland,108.6,21.7,110.5,37.1,15.516766,11.627606297125933,0.5988831340898079,0.8803245003116313,0.2814413662218235,1.072952160160904,2.0630363669016174,0.9900842067407134,1.873835512026498,3.4580192678001045,1.5841837557736065,2.021461544738553,4.881386224129323,1,0,1,1,1,5,1,0,0,1,1,1
3998853,ba8ef913-30bd-47ce-bae6-eed31c600c64,1,25,0,Iceland Women's,Hildur Antonsdóttir,Karólína Lea Vilhjálmsdóttir,25.5,53,36.2,62.4,14.242542,8.647842373971798,0.6956836985399434,0.5888100743584033,-0.10687362418154012,1.0966411036110884,1.0497729805720242,-0.04686812303906418,1.5521209849983517,1.7413456282836846,0.18922464328533284,1.6861443570782926,2.018411275277544,1,1,1,1,2,1,1,1,0,0,0,0
3998853,9f1a65b3-cd9c-4963-af05-10eef3e6f5fb,1,25,4,Norway Women's,Signe Gaupset,Frida Maanum,90.9,9.9,98.7,26.7,18.522419,16.75534119135939,0.4610228160357876,0.5758549653997348,0.1148321493639472,1.0406334634057135,1.3909791415447323,0.35034567813901885,1.9158609770046895,2.5204654398655495,0.60460446286086,3.579986350770755,4.727290942328351,0,0,1,1,2,3,0,0,0,1,1,1
3998853,21c110d2-77c1-4c71-8a73-343c10747b1c,1,25,28,Iceland Women's,Cecilía Rán Rúnarsdóttir,Ingibjörg Sigurðardóttir,4.2,42.2,5.3,24.5,17.734148,0.07833705871655638,0.14015085074604974,0.057643951929672504,-0.08250689881637724,0.3476750085030783,0.21709760940422385,-0.13057739909885446,0.6482251262538301,0.5129442606856354,-0.13528086556819474,6.0048147693659635,8.771438930787468,0,0,0,0,1,0,1,0,0,0,0,0
3998853,62fb3bdd-1096-4877-942d-fac204f5cf0c,1,25,34,Norway Women's,Vilde Bøe Risa,Signe Gaupset,73.4,44.2,85.7,34.3,15.789237,12.018497868009113,0.7402129122263431,0.3055764774599461,-0.434636434766397,1.1161819686425243,0.798216374281926,-0.31796559436059824,1.6442669253747404,1.5525484901454063,-0.0917184352293341,1.3853379039094644,4.525412660230612,1,0,1,1,2,1,1,0,0,1,1,1
3998853,3c8017c7-c0ec-4989-9121-692687a5da47,1,27,14,Norway Women's,Lisa Fjeldstad Naalsund,Emilie Marie Woldvik,21.4,72.2,13.1,72.2,8.3,-7.919665789145284,1.0466982739913508,0.24535216992245917,-0.8013461040688916,1.5771029851475222,0.7109157437318424,-0.8661872414156798,2.338338358860543,1.459090216790216,-0.8792481420703269,0.5597956342599625,5.358029666507141,1,0,1,0,3,1,0,0,1,0,0,1
3998853,8e6f21ad-6dd0-41e9-9155-ecb6c98941ec,1,27,35,Iceland Women's,Sandra María Jessen,Katla Tryggvadóttir,95.2,14.7,94.5,8.9,5.8420887,-4.789843881458864,1.1983502273478053,0.7254577612862477,-0.47289246606155755,1.989805077586654,1.537537078068658,-0.4522679995179961,2.9176789554634017,2.5054642929087874,-0.41221466255461436,1.8578282348924717,3.9090283613137915,2,0,3,1,3,4,1,0,1,0,0,1
3998853,4ecda0a0-3359-47b1-8d4f-9eaf1a5f37f3,1,28,8,Iceland Women's,Glódís Perla Viggósdóttir,Ingibjörg Sigurðardóttir,46.5,31.2,46.7,18.2,13.001538,-2.448138920720993,0.02459470911747262,0.019541299603046704,-0.005053409514425917,0.13990118297140272,0.1316836972997061,-0.008217485671696612,0.42495561900900175,0.41080246513510643,-0.014153153873895319,11.488507410841617,13.771279362458417,0,0,0,0,0,0,0,0,1,0,0,1
3998853,d182cb35-6e19-4c48-ab21-a6a356ac30d0,1,28,11,Iceland Women's,Ingibjörg Sigurðardóttir,Sædís Rún Heiðarsdóttir,50.8,17.9,72.1,3.9,25.489017,12.66314325522751,0.1405369398979518,0.040801966005610445,-0.09973497389234134,0.38431374407619734,0.19581887766530934,-0.188494866410888,0.7476101950983033,0.5608959305995687,-0.18671426449873463,6.328222389616266,10.043789348239073,0,0,0,0,1,0,0,0,1,0,0,1
3998853,00a23236-fa9b-485d-9893-805d376b1cc1,1,28,16,Iceland Women's,Sædís Rún Heiðarsdóttir,Ingibjörg Sigurðardóttir,77.3,3,61,4.5,16.368874,-12.356381346588385,0.7401083890169436,0.008321892803521129,-0.7317864962134225,1.029935387082128,0.08391788994664781,-0.9460174971354801,1.5172219855725346,0.35346553392697194,-1.1637564516455627,1.10663049366724,15.222876563611125,1,0,1,0,1,0,1,0,1,0,0,1
3998853,d0aa143f-b43d-478b-bea3-affafa30c4f5,1,28,24,Iceland Women's,Hildur Antonsdóttir,Glódís Perla Viggósdóttir,56.9,32.8,44.6,43.3,16.1722,-11.96273218905472,0.4399510238734065,0.08512226297260639,-0.3548287609008001,0.9463492414252583,0.31460779384285187,-0.6317414475824065,1.5863979512532917,0.7757999522378759,-0.8105979990154158,4.643485303751659,7.76341145448623,0,0,2,0,2,1,0,0,1,0,0,1
3998853,72020cf9-8aba-4c80-b109-c26355e9164e,1,28,27,Iceland Women's,Glódís Perla Viggósdóttir,Cecilía Rán Rúnarsdóttir,42.1,47.8,17.8,39,25.844341,-23.91536549275787,0.34939685428545886,0.0007177557200348753,-0.348679098565424,0.6569642614485734,0.018474341026750923,-0.6384899204218225,1.1451132930885763,0.13425534838030645,-1.01085794470827,3.29466543628532,22.16872526382397,0,0,1,0,1,0,0,0,1,0,0,1
3998853,9e5b41a6-c1ea-4bf1-926c-5c67c654bd7a,1,28,33,Iceland Women's,Cecilía Rán Rúnarsdóttir,Glódís Perla Viggósdóttir,17.8,39.9,23.3,58.7,19.588007,3.708526445841869,0.020154277114161494,0.020376997349077587,0.0002227202349160927,0.12027662272350166,0.15093408248497328,0.03065745976147162,0.3993860577524957,0.4948089713654002,0.0954229136129045,11.88624408036021,13.900583437022048,0,0,0,0,0,0,1,0,1,0,0,1
3998853,1ce39909-70db-4920-85ce-8733bc8b398c,1,28,36,Iceland Women's,Glódís Perla Viggósdóttir,Karólína Lea Vilhjálmsdóttir,23.3,58.7,50.7,69.4,29.415133,23.21303949629882,0.20663254826676006,0.3769202175247591,0.17028766925799907,0.4722246805947525,0.8069627991126334,0.3347381185178809,0.8911768080902246,1.4511157337023697,0.5599389256121451,4.902485754202047,3.5914097619339356,0,0,1,1,1,1,0,0,1,0,0,1
3998853,a230ebb2-a9da-4939-9208-2a99d66e4dfd,1,28,44,Iceland Women's,Karólína Lea Vilhjálmsdóttir,Katla Tryggvadóttir,55.6,53.6,72.1,45.9,18.20824,17.55836826314424,0.4001207321638763,0.38463744256765386,-0.015483289596222416,1.0293547676812205,1.0149795630134635,-0.014375204667756991,1.8747524478965543,1.9918541197013904,0.1171016718048361,4.977157322416204,5.159106324240279,0,0,1,0,3,2,0,0,0,0,0,0
3998853,bb4ed723-3082-4705-ae02-98627cd5d34b,1,29,3,Iceland Women's,Glódís Perla Viggósdóttir,Guðrún Arnardóttir,76.7,73.6,75.6,79.4,5.903389,-4.553539899192039,0.3269435627613299,0.19600157946696845,-0.13094198329436146,0.7316822238768413,0.473596029389364,-0.2580861944874773,1.356821507297288,0.9635327873416671,-0.39328871995562087,3.935587595656744,5.075776452077591,0,0,1,0,1,1,0,0,1,0,0,1
3998853,7f984eee-3d2b-494d-bdf9-d2012d8dad3c,1,29,4,Iceland Women's,Guðrún Arnardóttir,Glódís Perla Viggósdóttir,75.6,79.4,70.7,76.4,5.745433,-1.9207965651313117,0.19600157946696845,0.15110596170328622,-0.04489561776368223,0.473596029389364,0.4754540718067916,0.0018580424174275967,0.9635327873416671,1.0436094146623167,0.08007662732064957,5.075776452077591,6.558958034973726,0,0,0,0,1,1,0,0,0,0,0,0
3998853,ef02b301-9cd3-46cf-8c71-6b38bc41b868,1,29,6,Iceland Women's,Glódís Perla Viggósdóttir,Ingibjörg Sigurðardóttir,70.7,76.4,56.7,56.1,24.659481,-4.033662215114241,0.4951646740665452,0.06962681142595202,-0.4255378626405932,0.8980184764767055,0.25046184792349363,-0.6475566285532119,1.4920911871033486,0.5992703399103776,-0.8928208471929711,2.6577926971798536,8.197513736611251,1,0,1,0,2,0,0,0,1,0,0,1
3998853,95cff7ef-6746-4bba-be8e-4a126c875546,1,29,18,Iceland Women's,Sandra María Jessen,Sveindís Jane Jónsdóttir,111.6,49.9,103.1,58.7,12.234786,-12.221707197211629,1.57895451495681,0.47547376746979564,-1.1034807474870143,2.5480952549200717,0.9433765232470948,-1.604718731672977,3.5574689158667705,1.7316285784363987,-1.8258403374303718,1.5373239075127234,2.7113331580183178,2,1,3,1,4,1,0,1,0,1,1,1
3998853,7ba29fed-621a-481e-9f31-91a0a6af588d,1,29,33,Norway Women's,Maren Nævdal Mjelde,Vilde Bøe Risa,15,46.6,26.2,32.5,18.006943,11.107861708275578,0.25148614974360745,0.07757244678806119,-0.17391370295554626,0.4846039627972502,0.31306675780212967,-0.17153720499512054,0.7727967586836211,0.7088414373204883,-0.06395532136313276,4.232748715940036,9.521634376395225,0,0,1,0,1,0,0,0,1,0,0,1
3998853,dd3dc70b-9a6b-4006-ba2b-f21412b405c7,1,29,36,Norway Women's,Vilde Bøe Risa,Maren Nævdal Mjelde,27.4,32.9,21.4,53.7,21.648094,-6.675431624121444,0.29683620710290376,0.05993175623676673,-0.23690445086613704,0.6907326531119516,0.2149747386812708,-0.47575791443068083,1.2260434370326914,0.505034013487883,-0.7210094235448083,4.438811859023713,8.599428177994788,0,0,1,0,1,0,0,0,1,0,0,1
3998853,ed885d19-3d08-4d26-bd1f-e60a2b112d35,1,29,40,Norway Women's,Maren Nævdal Mjelde,Mathilde Hauge Harviken,20.8,60,17.4,40.8,19.498718,-1.4070715073388271,0.06574633858046447,0.004308329056811192,-0.061438009523653275,0.20111382405669667,0.05276537048390583,-0.14834845357279083,0.4015097552483561,0.22935035278216695,-0.17215940246618913,8.17535318753281,17.16622559656199,0,0,0,0,0,0,0,0,1,0,0,1
3998853,60c1f339-0a2d-4242-a98c-fd074114d02c,1,29,47,Norway Women's,Mathilde Hauge Harviken,Maren Nævdal Mjelde,20.3,44.2,18.5,55.4,11.34372,-2.873202481668798,0.28079553436228155,0.014080061760802448,-0.2667154726014791,0.5561194775877598,0.11701088407011027,-0.4391085935176495,1.0043442085799479,0.42935347720368916,-0.5749907313762588,3.9040060574290623,13.790555072558153,0,0,1,0,1,0,0,0,1,0,0,1
3998853,296dae91-3233-4a01-a47c-f629860de94b,1,29,51,Norway Women's,Maren Nævdal Mjelde,Vilde Bøe Risa,24.5,57.1,28.3,47.9,9.953894,4.979198782794953,0.13235612224731705,0.7664238456289449,0.6340677233816279,0.41192881294371303,1.2814298669618327,0.8695010540181196,0.9172964409468134,1.9477635284077655,1.030467087460952,6.538636980197318,1.5505357713423624,0,1,0,1,1,2,0,1,1,0,0,1
3998853,9080e6ce-7aaa-4863-ad56-a3c5acd4b963,1,29,52,Norway Women's,Vilde Bøe Risa,Celin Bizet Ildhusøy,28.9,47.4,44,64.2,22.588715,11.640165035648096,0.766423781275173,0.3385137521310898,-0.42791002914408316,1.2814298176947458,0.8211085653792204,-0.46032125231552545,1.9477634899895733,1.528772817381488,-0.4189906726080852,1.5505361032352423,4.483370397053661,1,0,1,1,2,2,1,0,1,0,0,1
3998853,1774f43d-407c-4f61-a317-aba11292c94f,1,29,59,Norway Women's,Maren Nævdal Mjelde,Cecilie Fiskerstrand,18.5,53.9,2.3,42.5,19.80909,-15.279195225518322,0.4959939297993614,0.08081950926655955,-0.41517442053280185,0.8300471434688346,0.275587958829482,-0.5544591846393525,1.3640497816563737,0.656755291397255,-0.7072944902591187,2.3087882326542135,7.815931025923018,1,0,1,0,1,1,0,1,0,0,0,0
3998853,4b93151c-fd54-4f21-b7fb-5899a81cc700,1,30,11,Iceland Women's,Sveindís Jane Jónsdóttir,Glódís Perla Viggósdóttir,73.9,48.2,57,39.9,18.82817,-16.176474206946992,0.25319271480727157,0.020190221466057253,-0.2330024933412143,0.8246137378858337,0.13061136668906234,-0.6940023711967713,1.8026086010951812,0.4261504539105237,-1.3764581471846575,5.741251641251637,12.106810848197638,0,0,0,0,1,0,0,0,1,0,0,1
3998853,d7fbc246-6393-455c-a7f0-27eaaf8d1a77,1,30,14,Iceland Women's,Glódís Perla Viggósdóttir,Hildur Antonsdóttir,57,39.9,64.6,35.3,8.883693,7.401068582462386,0.047280263983054134,0.3357064890968399,0.2884262251137858,0.21403318551031572,0.6836442401405868,0.4696110546302711,0.5759853384580143,1.1607659941753221,0.5847806557173079,9.491542193516036,3.676245666312559,0,0,0,1,0,1,0,0,1,0,0,1
3998853,cfe7252a-0512-4607-a2a4-8d9035f1e615,1,30,17,Iceland Women's,Hildur Antonsdóttir,Ingibjörg Sigurðardóttir,64.2,26.2,56.2,23,8.616263,-8.544928125388175,0.3776923013868069,0.025563315721608703,-0.3521289856651982,0.7932897086888383,0.1527587564088932,-0.6405309522799452,1.3974725485792736,0.4645734900527363,-0.9328990585265373,3.9893672338871364,12.134398941562866,0,0,1,0,2,0,0,0,1,0,0,1
3998853,0012cb5c-1dee-4785-8794-009c67602aa4,1,30,19,Iceland Women's,Ingibjörg Sigurðardóttir,Glódís Perla Viggósdóttir,56.2,23,52.1,41.1,18.558556,-1.8828541144865625,0.026051880250357637,0.01783787045943668,-0.008214009790920958,0.15402787607029533,0.14155746590179705,-0.012470410168498286,0.4480019279371795,0.4973646202854382,0.049362692348258685,12.577332168030477,13.37061673082189,0,0,0,0,0,0,0,0,1,0,0,1
3998853,cbf3caa2-3e98-4512-b5ac-ddae78839267,1,30,42,Norway Women's,Cecilie Fiskerstrand,Maren Nævdal Mjelde,5.9,29.7,6,45.9,16.200308,0.41138259791527787,0.47299758089711613,0.01429992243769343,-0.4586976584594227,0.7068082176867269,0.09455698014323434,-0.6122512375434925,1.0348654541808902,0.30070868586894167,-0.7341567683119485,2.297146348800924,13.042462444209102,1,0,1,0,1,0,0,0,1,0,0,1
3998853,f8823719-edc3-4c58-a72e-86bb5002c06b,1,30,45,Norway Women's,Maren Nævdal Mjelde,Lisa Fjeldstad Naalsund,6,45.9,20.6,48.3,14.795945,14.406646104218126,0.15580675250937465,0.6267198027976858,0.47091305028831115,0.36588848797786944,1.0301711419829387,0.6642826540050693,0.6982647081620248,1.585905389947871,0.8876406817858462,5.626723421335466,1.7769005527182526,0,1,0,1,1,1,0,0,1,0,0,1
3998853,cd486c62-5425-4ce2-8e08-84d4842ba6f2,1,30,48,Norway Women's,Lisa Fjeldstad Naalsund,Celin Bizet Ildhusøy,18.3,53.3,36,57.4,18.168653,16.782763623465684,0.9249766373701598,0.4211241465571175,-0.5038524908130423,1.2284130963724094,0.8019782584536215,-0.4264348379187879,1.656958817777984,1.3214862630362316,-0.3354725547417523,0.562366670990526,3.2617197933178135,1,0,1,1,1,2,1,0,1,0,0,1
3998853,169e708b-01e3-4994-954c-b835f27e08d0,1,31,22,Iceland Women's,Sveindís Jane Jónsdóttir,Hildur Antonsdóttir,46.7,79.9,42.7,62.2,18.146349,3.031291153548594,0.8421721206537617,0.23109193852786156,-0.6110801821259001,1.4476073714200357,0.7154826186587884,-0.7321247527612473,2.156290569188138,1.5295903710375514,-0.6267001981505869,2.190198758366994,5.663377183548113,1,0,2,0,3,1,0,0,1,0,0,1
3998853,0fdc2af6-65b9-43e2-99e6-24dbeb43a664,1,31,26,Iceland Women's,Hildur Antonsdóttir,Alexandra Jóhannsdóttir,42.4,60.2,35.9,61.1,6.5620117,-6.520482782795284,1.0424528567555162,0.5626230843126485,-0.47982977244286773,1.6488124739808465,1.26327502161533,-0.3855374523655166,2.4033239987789172,2.180614564636315,-0.22270943414260236,1.008786814356263,3.792213054554439,1,0,2,1,3,3,1,0,1,0,0,1
3998853,36bad778-d3c1-4913-b7c2-b29322bfb148,1,31,28,Iceland Women's,Alexandra Jóhannsdóttir,Cecilía Rán Rúnarsdóttir,32.7,61.9,11.9,35,34.003677,-18.210572031284897,0.40924661725361644,0.0010642864460768263,-0.40818233080753963,0.9339683826694042,0.020703160002844605,-0.9132652226665596,1.6563583822320675,0.11285367928858263,-1.543504702943485,4.273255030397734,21.228842686506358,0,0,1,0,2,0,0,0,1,0,0,1
3998853,dbecac16-816b-48b2-86bb-e74e1e78a47e,1,31,32,Iceland Women's,Cecilía Rán Rúnarsdóttir,Ingibjörg Sigurðardóttir,11.9,34.7,17.3,27.8,8.761849,4.80775172368503,0.001492958812879367,0.004559921287333259,0.0030669624744538923,0.023657956295885123,0.05133755355901028,0.027679597263125154,0.11860064627933026,0.2018302505150076,0.08322960423567735,19.7800105449002,17.42954269048121,0,0,0,0,0,0,0,0,1,0,0,1
3998853,e281859f-1902-45e5-b0e2-1e777d330411,1,31,50,Norway Women's,Celin Bizet Ildhusøy,Elisabeth Terland,73.9,69.9,82.8,57.9,14.940214,13.664866516284405,1.0443758571599677,0.16904663299933967,-0.8753292241606281,1.762319401528928,0.7227523629395086,-1.0395670385894196,2.620025149350561,1.7485128938173098,-0.8715122555332511,1.6238568374485427,8.788911870655307,1,0,2,0,4,0,1,0,0,1,1,1
3998853,b5f64b46-e926-4492-b755-408cd004cde8,1,32,18,Iceland Women's,Cecilía Rán Rúnarsdóttir,Glódís Perla Viggósdóttir,5.3,42.4,1.8,59,16.964964,-4.992227516882139,0.16337194191337226,0.01667802618378948,-0.1466939157295828,0.3889293889683005,0.12534150614899056,-0.2635878828193099,0.7035002081558264,0.4085266998545623,-0.29497350830126406,5.59470301438614,14.277578703517321,0,0,0,0,1,0,1,0,1,0,0,1
3998853,07684bff-b5b4-49fa-bbdc-402f3e4a13ab,1,32,22,Iceland Women's,Glódís Perla Viggósdóttir,Guðrún Arnardóttir,4.1,64.8,14.4,79.4,17.867569,5.812846018215822,0.389738590466255,0.1975997454763062,-0.19213884498994876,0.6680235735350056,0.47617673246959463,-0.191846841065411,1.0335438181788053,0.8400555372812638,-0.19348828089754144,2.9621457896302554,5.420030410512843,1,0,1,0,1,1,1,0,0,0,0,0
3998853,68dcc264-9556-4b43-b3a2-a531eeb11bbb,1,32,24,Iceland Women's,Guðrún Arnardóttir,Karólína Lea Vilhjálmsdóttir,14.4,79.4,32.1,74.8,18.287973,18.172692755844395,0.1975997454763062,0.8323274690858089,0.6347277236095027,0.47617673246959463,1.0013369670368275,0.5251602345672328,0.8400555372812638,1.345284954747683,0.5052294174664193,5.420030410512843,0.6014314518097111,0,1,0,1,1,1,0,1,0,0,0,0
3998853,8c6669f2-74f8-40c4-bb22-5a1aaf22a80c,1,32,58,Norway Women's,Frida Maanum,Lisa Fjeldstad Naalsund,81.1,18.3,69.3,27.5,14.96262,-7.674958640658936,0.7104005355566295,0.024602972513191886,-0.6857975630434376,1.3528613224598185,0.19631718360910438,-1.156544138850714,2.236018130951528,0.6643375719089626,-1.5716805590425653,2.216340426753407,13.859838327111527,1,0,1,0,2,0,1,0,1,0,0,1
3998853,6cd09fa2-8f7f-40fd-9b14-020528e340d6,1,33,3,Norway Women's,Lisa Fjeldstad Naalsund,Maren Nævdal Mjelde,72.2,34.6,62.8,53.3,20.929644,-10.621834786085593,0.06348047625299849,0.08329473702128255,0.01981426076828406,0.3288597571419039,0.25398860219594976,-0.07487115494595414,0.8992672040891286,0.5592405933990839,-0.3400266106900447,10.749952010107656,7.543488830462742,0,0,0,0,0,1,0,0,1,0,0,1
3998853,b9ef745d-cf78-475a-85f7-3bcb089dbc84,1,33,6,Norway Women's,Maren Nævdal Mjelde,Lisa Fjeldstad Naalsund,62.8,53.3,68.5,46.2,9.104943,6.854027318475765,0.3242575091159823,0.2031396964349092,-0.12111781268107308,0.5528925445619423,0.6071968648436386,0.054304320281696294,0.8611593756847491,1.2681818746424964,0.40702249895774734,3.423511663396844,5.847386093841311,0,0,1,0,1,1,0,0,1,0,0,1
3998853,6334e688-bf30-49c6-a8a8-b59e1aa700c3,1,33,8,Norway Women's,Lisa Fjeldstad Naalsund,Mathilde Hauge Harviken,67.6,46.2,53.4,31.7,20.295073,-14.349680426597025,0.430970771543678,0.10059356458136674,-0.33037720696231127,0.8812091868960127,0.32403347431551344,-0.5571757125804992,1.5420551381202496,0.7251525564135408,-0.8169025817067088,3.136021277487693,7.165929326399058,0,0,1,0,1,1,0,0,1,0,0,1
3998853,157ebebd-8b84-4475-9577-4c2bc6ff9afd,1,33,11,Norway Women's,Mathilde Hauge Harviken,Tuva Hansen,53.7,28.3,56.2,16.9,11.670904,-0.5287119021159299,0.3691593012042019,0.2670099695113313,-0.10214933169287055,0.6907262218694589,0.638168224739,-0.05255799713045883,1.1821727152466626,1.1895486506633193,0.007375935416656709,3.1783164710656564,4.681973060713931,0,0,1,1,1,1,0,0,1,0,0,1
3998853,e1532c22-30cf-456b-9474-0bf948b7e692,1,33,14,Norway Women's,Tuva Hansen,Maren Nævdal Mjelde,52.5,29.4,46.3,52.3,23.72446,-6.392114169379099,0.7416740537096717,0.014484327337172712,-0.7271897263724989,1.297512670033406,0.11428583851927057,-1.1832268315141354,1.8442356723513669,0.40361812838034383,-1.440617543971023,2.873509960355576,13.396566002996709,1,0,1,0,3,0,0,0,1,0,0,1
3998853,aebe6e4d-372f-42d2-a002-a70dcbe33186,1,33,43,Norway Women's,Cecilie Fiskerstrand,Mathilde Hauge Harviken,16.2,51,22.2,32.9,19.06856,6.3238432050877265,0.001580283565338921,0.013510669656347783,0.011930386091008861,0.022244987625626447,0.09296192143946523,0.07071693381383878,0.10615121546030953,0.3157095375091757,0.20955832204886615,19.390298233396514,13.178550011861244,0,0,0,0,0,0,0,0,1,0,0,1
3998853,8d0eec90-d5de-45dd-abad-353c0b43d42e,1,35,45,Norway Women's,Celin Bizet Ildhusøy,Lisa Fjeldstad Naalsund,75.5,53.3,64.5,46,13.201894,-9.378360936082657,0.633653782053144,0.2872962305318371,-0.34635755152130693,1.1728334927555486,0.874213906897512,-0.2986195858580366,1.914525795480844,1.7187860043767103,-0.19573979110413364,2.7103267110338787,6.106684173004689,1,0,1,0,2,1,0,0,0,0,0,0
3998853,ac36f6c2-1bf0-42b2-802a-735fd567afe4,1,35,52,Iceland Women's,Sveindís Jane Jónsdóttir,Karólína Lea Vilhjálmsdóttir,54.2,51.3,56.9,47,5.0774007,3.2761530867332453,0.6870392589806411,0.6619823267710705,-0.025056932209570615,1.1053876072640068,1.1756980327610504,0.0703104254970437,1.7024246033907486,1.876632639176261,0.17420803578551247,1.5585683486495783,2.321539932298304,1,1,1,1,1,2,0,0,1,0,0,1
3998853,69fd4ffa-2336-48d4-b1d5-ff374de63556,1,35,53,Iceland Women's,Karólína Lea Vilhjálmsdóttir,Sveindís Jane Jónsdóttir,56.1,47.2,62.5,54.2,9.484725,5.076911476881293,1.089303695205905,0.4826196678272892,-0.6066840273786158,1.5803502625289916,1.1636578289254518,-0.4166924336035398,2.2290774321047033,2.1183723853951606,-0.11070504670954273,1.251830566503785,3.960566587373825,2,0,2,1,2,2,1,0,1,0,0,1
3998853,b82f1bfc-0e97-4d2b-b3bc-a5fdf07e8af1,1,36,25,Iceland Women's,Alexandra Jóhannsdóttir,Glódís Perla Viggósdóttir,32.1,55.1,21.9,59,10.920165,-10.73546518499613,0.5940851700515618,0.01939538170030157,-0.5746897883512603,0.8626137524550651,0.12505775938128708,-0.7375559930737781,1.242056553183556,0.403065021463746,-0.8389915317198099,1.6947941235379598,12.251707966555507,1,0,1,0,1,0,1,0,1,0,0,1
3998853,06c4bf35-c2fe-4ef7-abfe-45302a15063f,1,36,28,Iceland Women's,Glódís Perla Viggósdóttir,Cecilía Rán Rúnarsdóttir,21.9,59,16.7,37.6,22.022715,-3.404855829304452,0.027782293056122728,0.013507773646384157,-0.01427451940973857,0.15313710198079938,0.0860262607132312,-0.06711084126756818,0.4551153901492163,0.2608591008345752,-0.19425628931464112,11.121128923701937,13.074206471835382,0,0,0,0,0,0,0,0,1,0,0,1
3998853,84aa619c-8bdb-43ac-81ed-7cb81e311a5b,1,36,34,Iceland Women's,Glódís Perla Viggósdóttir,Cecilía Rán Rúnarsdóttir,22.1,58.7,12.7,45.5,16.204937,-7.770912104752739,0.11239345866865251,0.0649421862056445,-0.04745127246300801,0.39272081874460174,0.24629978150880621,-0.14642103723579553,0.8619980321294358,0.6089340328978613,-0.2530639992315745,8.295615296242923,8.520605346326816,0,0,0,0,0,0,0,1,0,0,0,0
3998853,cc20bb19-02b4-4e29-a397-e7ca5f349bbe,1,36,59,Norway Women's,Celin Bizet Ildhusøy,Emilie Marie Woldvik,87.6,32.7,86.9,55,22.310984,-3.128001573363342,1.055345759983191,0.026767664513536665,-1.0285780954696544,1.8875911021378895,0.1969489132516678,-1.6906421888862218,2.920011335093415,0.6619162343355649,-2.25809510075785,2.010455717268138,13.742318111707867,1,0,2,0,3,0,1,0,0,0,0,0
3998853,4f13ef92-7118-481f-aefa-29ed06cd6c0a,1,37,23,Iceland Women's,Cecilía Rán Rúnarsdóttir,Glódís Perla Viggósdóttir,4.9,43.4,4.1,58.4,15.021318,-2.2012743516797144,0.2265605678656829,0.1222711030434148,-0.1042894648222681,0.46459849075420384,0.3645718763297264,-0.10002661442447747,0.7752146241712705,0.7488235626683895,-0.026391061502881064,4.572557858434318,6.76080565764619,0,0,1,0,1,1,1,0,0,0,0,0
3998853,944e58f5-8d60-49d0-9cee-7e55b8537b4d,1,37,42,Iceland Women's,Karólína Lea Vilhjálmsdóttir,Sveindís Jane Jónsdóttir,25.6,77.9,34.8,68.7,13.010765,11.819984944185393,0.8882566221514939,0.8983962928326753,0.010139670681181379,1.4588285350168386,1.7016256051794927,0.24279707016265406,2.2174175484952166,2.6316824783280377,0.41426492983282115,1.338223041803281,3.082233809271012,1,0,1,2,3,3,0,1,0,0,0,0
3998853,12b04c63-07db-41d0-bf9e-e5ebbc519b23,1,38,36,Norway Women's,Vilde Bøe Risa,Maren Nævdal Mjelde,70.3,47.4,65.5,68.5,21.639086,-11.254146959088011,0.8488338291226932,0.2924457882381756,-0.5563880408845177,1.298016805981986,0.5519864511616256,-0.7460303548203605,1.9688941943610212,0.964093193142054,-1.0048010012189672,1.0674603675909107,3.7756720707437905,1,0,1,1,2,1,0,0,1,0,0,1
3998853,5c75ddc1-156e-4977-8437-e0d58be51ea3,1,38,38,Norway Women's,Maren Nævdal Mjelde,Lisa Fjeldstad Naalsund,65.5,68.5,76.8,55.6,17.149343,15.571650385128684,0.2924457882381756,0.3525380996898485,0.06009231145167293,0.5519864511616256,0.9281484467594238,0.37616199559779817,0.964093193142054,1.8281335088076587,0.8640403156656047,3.7756720707437905,5.293285324230911,0,0,1,0,1,2,0,0,0,0,0,0
3998853,24dff373-add7-437d-be1b-678cbb545228,1,38,56,Iceland Women's,Ingibjörg Sigurðardóttir,Sandra María Jessen,24.2,13.6,67,22.7,43.756714,43.61898161154702,0.19401664642375935,1.1365548921835686,0.9425382457598093,0.43231857665884255,1.7469681958589562,1.3146496192001136,0.7662511341075243,2.554366058372085,1.7881149242645606,5.082288230883694,0.580872392136159,0,1,0,1,1,3,0,0,0,0,0,0
3998853,b0c4702f-7eb5-4f9e-b2ee-d31042714466,1,39,18,Norway Women's,Elisabeth Terland,Lisa Fjeldstad Naalsund,78,60.6,65.3,60,12.714166,-11.461741544335474,0.7779972478350111,0.11984770086289058,-0.6581495469721206,1.4484177410066308,0.47545129383654083,-0.97296644717009,2.3662354432772985,1.1538908202720302,-1.2123446230052684,2.0892324095953336,8.064862591540152,1,0,1,0,2,0,1,0,1,0,0,1
3998853,bf44e636-bbec-4042-8ea3-42ca9ef7333b,1,39,24,Norway Women's,Lisa Fjeldstad Naalsund,Mathilde Hauge Harviken,58.2,46.2,49.4,30,18.435835,-9.194473701318692,0.3807042701419544,0.20627793266542663,-0.17442633747652778,0.9069029503279981,0.46672595012237966,-0.4401770002056184,1.6837105322307326,0.9017499980952849,-0.7819605341354477,4.427308373812586,4.861510016536345,0,0,1,1,2,1,0,0,1,0,0,1
3998853,b312a727-7e08-4dce-bd8b-ea363e964fbc,1,39,28,Norway Women's,Mathilde Hauge Harviken,Cecilie Fiskerstrand,48.6,29.1,18.5,32,30.239378,-29.587571877827614,0.5293963159400739,0.000256271644380429,-0.5291400442956934,0.7890562670854189,0.007001971413184474,-0.7820542956722344,1.1855699173232936,0.04500520127728567,-1.140564716046008,1.9908044794461406,24.807817695611558,1,0,1,0,1,0,0,0,1,0,0,1
3998853,c9e96330-0a29-4610-bd2b-0ba9fc5b57b8,1,39,31,Norway Women's,Cecilie Fiskerstrand,Maren Nævdal Mjelde,21.2,35.4,33.1,60,27.327093,9.735226575397675,0.0004994039575766812,0.0019270827967765056,0.0014276788391998244,0.010448914795418197,0.03115780018908528,0.020708885393667085,0.057798889238951344,0.15599620565648414,0.09819731641753279,22.80628576646113,19.94582340078415,0,0,0,0,0,0,0,0,1,0,0,1
3998853,7b86bc5f-2da3-4ead-83e6-bebfed301f8d,1,39,38,Norway Women's,Maren Nævdal Mjelde,Elisabeth Terland,46,54.2,63.7,50.4,18.103315,18.097605262691616,0.07551511314982313,0.15361540213835875,0.07810028898853562,0.3676603496015962,0.5324572831666247,0.16479693356502845,0.9540212238895915,1.1804614348318985,0.22644021094230693,10.941304038695405,7.084469212823758,0,0,0,0,0,1,0,0,1,0,0,1
3998853,da5e536a-33f7-40ef-a138-75b7f6933827,1,39,40,Norway Women's,Elisabeth Terland,Maren Nævdal Mjelde,60.8,48.2,49.1,51.4,12.129716,-12.045446535903444,0.7028404869479623,0.05128393363847273,-0.6515565533094896,1.0882222599210858,0.31787693993008453,-0.7703453199910013,1.6663450016654087,0.9211130574647763,-0.7452319442006323,1.4228524111859713,12.0911976174231,1,0,1,0,1,0,0,0,1,0,0,1
3998853,f77881c1-0198-41da-aaec-1eaab7365610,1,40,2,Iceland Women's,Sveindís Jane Jónsdóttir,Guðrún Arnardóttir,77.5,79.3,65,77.3,12.658989,-8.569596073796127,1.074126962841193,0.14413400571942275,-0.9299929571217702,1.50434716102895,0.41821800038583445,-1.0861291606431156,2.0006177499846403,0.8911994515119739,-1.1094182984726664,1.4668148979730555,6.275277803419006,2,0,2,0,2,1,1,0,1,0,0,1
3998853,d0789742-fc99-4692-acf4-b1deb0ea1052,1,40,7,Iceland Women's,Glódís Perla Viggósdóttir,Guðrún Arnardóttir,53.6,72.5,59.9,79.3,9.269844,2.118284808482656,0.9066641345936364,0.2501775089183984,-0.656486625675238,1.286621193844525,0.5831482999101012,-0.7034728939344237,1.7881834476912115,1.1162569438910512,-0.6719265038001603,0.944803070998558,4.525427882763854,1,0,1,1,2,1,1,0,0,0,0,0
3998853,202fdef1-7645-497f-9267-292ab6436b4c,1,40,8,Iceland Women's,Guðrún Arnardóttir,Sveindís Jane Jónsdóttir,62.2,79.9,68.7,79.3,6.5276337,5.610880518029376,0.7904891886681976,0.7580246709714086,-0.03246451769678904,1.0902901465111545,1.2993083029797712,0.20901815646861666,1.5947891887853562,1.9987309829713082,0.403941794185952,0.8892778134341006,1.7566971238380413,1,1,1,1,1,3,0,1,0,0,0,0
3998853,a2d8897c-0a10-4704-ba41-b672656e1071,1,40,23,Norway Women's,Vilde Bøe Risa,Celin Bizet Ildhusøy,70.8,39.6,77.6,40.5,6.8593,6.7986779786697795,0.4641847734634596,0.7865775859771511,0.3223928125136915,1.008424086365316,1.5622248286378284,0.5538007422725124,1.857027621112576,2.5190492690827067,0.6620216479701306,3.215697046231487,3.437707194395196,0,0,1,2,1,3,1,0,1,0,0,1
3998853,91a688c3-b2dc-44f3-bec0-36a94c38a395,1,40,39,Norway Women's,Celin Bizet Ildhusøy,Frida Maanum,85.3,22.3,79.4,6.7,16.678429,-13.555960849418355,1.0987463651199774,0.21783689763384737,-0.88090946748613,1.833464202286163,0.5896089087338433,-1.2438552935523197,2.8132158448416194,1.2683982097248454,-1.544817635116774,1.619125357452522,5.058742260342999,2,0,2,0,2,1,1,0,1,0,0,1
3998853,ce76ebed-c787-4d8f-a445-d3e5c20a8d76,1,40,42,Norway Women's,Frida Maanum,Signe Gaupset,81.7,3.4,91.7,1.4,10.198039,5.1131131115109625,0.20364199488985274,0.06944186096043697,-0.13420013392941577,0.5235170425215062,0.30182407453008847,-0.22169296799141774,1.1071968154103489,0.7899384011874474,-0.31725841422290146,5.108445348275147,9.004638093529161,0,0,0,0,1,0,0,0,1,0,0,1
3998853,d7a66900-deab-4235-84c1-13e40fbac1e1,1,40,46,Norway Women's,Frida Maanum,Tuva Hansen,93.8,10.8,78.5,3.7,16.867128,-15.904540794388751,0.6182398710005256,0.07089191384755214,-0.5473479571529735,1.250251962934909,0.2541690066103694,-0.9960829563245395,2.0094694985884436,0.6522925562043822,-1.3571769423840614,4.192764913653206,8.101108237375048,0,0,2,0,3,0,0,0,1,0,0,1
3998853,ec832c2a-a146-4a2f-a204-8720bfaf0f9c,1,40,49,Norway Women's,Tuva Hansen,Lisa Fjeldstad Naalsund,78.6,3.7,71.1,12.8,11.792371,-0.8953647603493948,0.15703272270262328,0.0408788271645561,-0.11615389553806718,0.4100730993765969,0.22829811303710418,-0.18177498633949274,0.8772456080456801,0.6618506340161355,-0.21539497402954455,5.7249277822135,10.674892414878814,0,0,0,0,1,0,0,0,1,0,0,1
3998853,bfe39ca5-1190-402d-bf48-c4584978b2bc,1,41,6,Norway Women's,Frida Maanum,Celin Bizet Ildhusøy,117.9,15,103.1,28.3,19.89799,4.533240170599935,0.5286722249726803,0.5648542554546697,0.036182030481989425,0.9680515303764009,1.2598431828018761,0.2917916524254752,1.6379499851374621,2.318805020595498,0.6808550354580358,2.7748981121235268,2.8283813098649904,1,1,1,1,2,1,0,0,0,0,0,0
3998853,e5b76fcb-4ade-409f-ab8f-363734cf1802,1,41,12,Iceland Women's,Karólína Lea Vilhjálmsdóttir,Sandra María Jessen,24.2,61.6,59.8,70.9,36.7947,30.537687535758266,0.7811790587506225,0.9116006865018909,0.1304216277512683,1.4095536417045342,1.2505201780125095,-0.15903346369202476,2.1871901379203056,1.7042800794036193,-0.48291005851668634,2.202273292290832,0.7839895468604189,1,1,2,1,2,2,0,0,0,0,0,0
3998853,0e44c0fe-7e69-46e0-91e1-97c817269f16,1,41,23,Norway Women's,Tuva Hansen,Emilie Marie Woldvik,71.1,30,72.2,47.7,17.734148,1.4958063081187944,0.19514587779875647,0.09645730268080367,-0.0986885751179528,0.7093094384531854,0.3845111414684266,-0.3247982969847588,1.6252994815901955,0.9902905705966442,-0.6350089109935514,7.468469519041922,7.995812917615652,0,0,0,0,1,1,0,0,1,0,0,1
3998853,b644f2a3-a246-4ee6-a8d4-f7758180815a,1,41,25,Norway Women's,Emilie Marie Woldvik,Maren Nævdal Mjelde,72.2,47.7,49.4,36.8,25.271526,-22.256267745631156,0.4275497177366139,0.03666340674814999,-0.3908863109884639,0.8736170686614828,0.1996908480596632,-0.6739262206018196,1.5377537738651605,0.5354362177316092,-1.0023175561335513,3.2104959048969413,11.657549614199592,0,0,1,0,1,0,0,0,1,0,0,1
3998853,d654a795-f518-4b89-a6dd-7b38ab98294c,1,41,28,Norway Women's,Maren Nævdal Mjelde,Tuva Hansen,49.4,36.8,59.3,17.6,21.602083,5.971247573054441,0.14783424402596895,0.05924922198830612,-0.08858502203766283,0.4385622246903168,0.29602921335861127,-0.14253301133170554,0.8495951901336601,0.7794890965806999,-0.07010609355296027,7.0040048094494916,10.8061580552281,0,0,0,0,1,0,0,0,1,0,0,1
3998853,6e94f4cc-d730-4b49-af1a-10e8754cd98e,1,41,30,Norway Women's,Tuva Hansen,Lisa Fjeldstad Naalsund,59.9,17.6,63.2,24,7.2006946,5.128170339572449,0.12190993111557843,0.40443595221975354,0.28252602110417513,0.4767094439314536,0.9759513773134516,0.499241933381998,1.1123475928046203,1.7440892424048813,0.631741649600261,8.19787223892805,4.705755195615551,0,0,0,1,0,3,0,0,1,0,0,1
3998853,d192000d-c478-4ce8-b311-d101b162e65b,1,41,32,Norway Women's,Lisa Fjeldstad Naalsund,Vilde Bøe Risa,61.7,23.7,55.9,28.2,7.340981,-4.641291971873137,0.49590236317861497,0.47280466632329304,-0.023097696855321925,1.1208302404546506,1.032145171685958,-0.08868506876869264,1.957694708844031,1.8328643996564449,-0.1248303091875862,4.16012071101829,3.204502474465308,0,0,1,1,3,1,0,0,1,0,0,1
3998853,1fb3b4c6-641a-4d71-9730-459c37fee760,1,42,24,Norway Women's,Frida Maanum,Mathilde Hauge Harviken,63.7,25.2,55.1,22.3,9.075792,-9.057550800965693,0.511867263664735,0.22515996138784616,-0.28670730227688884,1.0600010948815637,0.6766113415266544,-0.3833897533549093,1.7941344467565365,1.3635442440879235,-0.43059020266861303,3.0465447221443904,6.813425552862175,0,0,1,0,2,2,0,0,1,0,0,1
3998853,25ada7a5-28c5-469c-95f1-a82516804b6d,1,42,27,Norway Women's,Mathilde Hauge Harviken,Tuva Hansen,55.1,22.3,55.3,2.8,19.501026,-7.361613580842089,0.6488509842987634,0.10397251560103193,-0.5448784686977315,1.2143567259408,0.3711661260382951,-0.8431905999025049,1.9158812208670666,0.8932555127286559,-1.0226257081384107,3.0927552476151563,7.489862155483159,0,0,2,0,2,1,0,0,1,0,0,1
3998853,2c99fbf3-5569-43bb-a171-584f1514c3cf,1,42,36,Norway Women's,Celin Bizet Ildhusøy,Emilie Marie Woldvik,68.6,33.6,72.6,58.8,25.515486,0.8047548452479276,0.41968389944128925,0.020424629081734865,-0.3992592703595544,0.967511622562532,0.12142754233043494,-0.846084080232097,1.7131803553699214,0.41428524297064945,-1.298895112399272,4.03147203208991,11.8476993448269,0,0,1,0,2,0,0,0,1,0,0,1
3998853,f75b6ac2-322f-458e-9c97-e139081bcee9,1,42,39,Norway Women's,Emilie Marie Woldvik,Lisa Fjeldstad Naalsund,72.6,58.8,69.4,53.5,6.1911225,-1.3777778629817874,0.0562546353883659,0.06594484229932653,0.009690206910960626,0.2175711355056425,0.2600315592755586,0.0424604237699161,0.5779791242842277,0.6922917914448359,0.11431266716060817,8.792182912225616,8.467739756241757,0,0,0,0,0,0,0,0,1,0,0,1
3998853,c92c1610-a824-4b1e-a595-57cdb9e1e6da,1,42,42,Norway Women's,Lisa Fjeldstad Naalsund,Emilie Marie Woldvik,69.4,53.5,78.2,66.2,15.45089,3.037591790159034,0.23211655324174474,0.04141570353856522,-0.19070084970317952,0.5302573620015876,0.2514491277990645,-0.2788082342025231,1.025238621855646,0.7708731746246651,-0.25436544723098087,4.652391905036642,12.056565515396672,0,0,1,0,1,0,0,0,1,0,0,1
3998853,c88a92c1-761e-4197-976c-e83ce09905d6,1,42,45,Norway Women's,Emilie Marie Woldvik,Lisa Fjeldstad Naalsund,78.2,66,69.1,60.3,10.737783,-5.572306939960818,0.16833346466587257,0.10679783315027487,-0.0615356315155977,0.5660976378333009,0.42323409430572556,-0.14286354352757535,1.2613792471081868,1.0406104684079354,-0.22076877870025147,7.310980774688779,7.755805128675039,0,0,0,0,1,1,0,0,1,0,0,1
3998853,b2948781-91cd-4bc2-9b9b-4a7abaef49a0,1,42,48,Norway Women's,Lisa Fjeldstad Naalsund,Mathilde Hauge Harviken,66.5,57.1,55.9,40,20.118896,-7.933639961272192,0.549208279720832,0.11233034532323197,-0.43687793439760003,1.0448978003276843,0.43718256774692016,-0.6077152325807642,1.7434661074814046,1.0560455859679667,-0.6874205215134379,2.6506655024832906,8.037671900344195,1,0,1,0,2,0,0,0,1,0,0,1
3998853,b1e24c95-d6a4-4e33-8967-a4529a60ef21,1,42,51,Norway Women's,Mathilde Hauge Harviken,Elisabeth Terland,55.9,40,77.7,43.3,22.048355,21.671471861493934,0.8783989202136038,0.9536279641826892,0.07522904396908547,1.4293470751687802,1.446381371260697,0.017034296091916756,2.12109799452401,2.1945114553025418,0.07341346077853173,1.7219279960005507,1.0462026133537785,1,1,2,2,2,2,1,1,0,0,0,0
3998853,d796e27c-a765-4f77-a3ee-c6a0f78aa16a,1,42,52,Norway Women's,Elisabeth Terland,Celin Bizet Ildhusøy,77.7,43.3,76.8,53.9,10.638139,-2.9526353547319744,0.9536279641826892,0.18170322243740222,-0.771924741745287,1.446381371260697,0.669250889483152,-0.777130481777545,2.1945114553025418,1.4691740101469264,-0.7253374451556154,1.0462026133537785,8.069008601217048,1,0,2,0,2,0,1,0,0,0,0,0
3998853,b39d694e-d353-4d64-8cef-2301c945f8fa,1,44,19,Iceland Women's,Sandra María Jessen,Katla Tryggvadóttir,67.5,12.8,63.8,14.1,3.9217343,-2.753190993551698,0.99467851509159,0.6603845669145867,-0.3342939481770033,1.4752121978425623,1.3575697728782152,-0.11764242496434707,2.278440335509283,2.2984156102268805,0.019975274717597635,0.6830584798412915,3.3643503935762826,1,0,1,2,2,3,1,0,1,0,0,1
3998853,f5295f55-fc93-47d9-aa77-9eaff4169d79,1,45,2,Iceland Women's,Guðrún Arnardóttir,Glódís Perla Viggósdóttir,83.1,77.8,74.5,63,17.117243,1.841869876563571,0.18030279789846182,0.018685424655957208,-0.1616173732425046,0.4267718205972044,0.14851254027188115,-0.27825928032532327,0.8373852427574733,0.5270264667264982,-0.31035877603097506,5.274630699717646,13.780810558701141,0,0,0,0,1,0,0,0,1,0,0,1
3998853,60b0b515-e6e9-48b3-8cb6-180208a181a1,1,45,4,Iceland Women's,Glódís Perla Viggósdóttir,Ingibjörg Sigurðardóttir,74.5,63,64.2,35.6,29.272,-4.990367626204602,0.03535088844774689,0.00512698061896064,-0.030223907828786253,0.21534599605411653,0.0625592578541501,-0.1527867381999664,0.6615086555068489,0.28562216701375165,-0.37588648849309725,11.547957427827557,17.929219129873495,0,0,0,0,0,0,0,0,1,0,0,1
3998853,3d96eaf7-524d-4f6a-a019-5894f246e0ec,1,45,9,Iceland Women's,Ingibjörg Sigurðardóttir,Alexandra Jóhannsdóttir,66.4,36.5,77,38.2,10.7354555,10.67649290685511,0.14286305395656607,0.2298875267987936,0.08702447284222753,0.425876236597346,0.6281769495580986,0.20230071296075253,0.8756566506106513,1.2322676964557728,0.3566110458451215,7.1253441334629315,5.91957924351952,0,0,0,0,1,2,0,0,1,0,0,1
3998853,d1c4f995-8a25-414c-8c9b-4a680b01f4b2,1,45,13,Iceland Women's,Alexandra Jóhannsdóttir,Karólína Lea Vilhjálmsdóttir,82.9,39.6,91.8,50.4,13.994642,7.045543022569348,0.7914152167325909,0.9422698406132388,0.15085462388064796,1.4220743815584767,1.8663940580244474,0.4443196764659707,2.4123380713857436,3.014908175290039,0.6025701039042954,1.395025554044583,3.083856959492608,1,0,1,2,1,3,1,0,1,0,0,1
3998853,90743d10-e15a-4805-9027-8c149dc978f8,1,45,30,Iceland Women's,Glódís Perla Viggósdóttir,Hildur Antonsdóttir,37.1,59.3,48.4,57.9,11.386395,11.313387631269478,0.011164308282373235,0.3632454237149232,0.35208111543254994,0.09986294079592162,0.7539225181832808,0.6540595773873592,0.3687569995441389,1.2335159070850423,0.8647589075409035,15.031054425737427,4.2507974308142495,0,0,0,1,0,2,0,0,1,0,0,1
3998853,90a97d87-4e7c-4ef7-99ea-1b5beb610439,1,45,31,Iceland Women's,Hildur Antonsdóttir,Glódís Perla Viggósdóttir,48.4,57.9,36.7,59,11.7515955,-11.635803025884584,0.3632454237149232,0.034229731836214604,-0.3290156918787086,0.7539225181832808,0.18920700764872703,-0.5647155105345538,1.2335159070850423,0.538877535134998,-0.6946383719500443,4.2507974308142495,11.28402022732465,0,0,1,0,2,0,0,0,1,0,0,1
3998853,78206058-1de1-44b6-a0d1-8ceeaee2ae15,1,45,34,Iceland Women's,Glódís Perla Viggósdóttir,Cecilía Rán Rúnarsdóttir,36.7,59,24.1,38.7,23.892467,-10.46941713253949,0.04464386252832497,0.004579614603617562,-0.040064247924707405,0.22340284920321107,0.055397235027580136,-0.16800561417563092,0.5962144453040801,0.236620184887705,-0.3595942604163751,11.219455957437225,17.28472276801703,0,0,0,0,0,0,0,0,1,0,0,1
3998853,8bd50af1-0046-4b5d-973a-b5a528068115,1,45,41,Iceland Women's,Glódís Perla Viggósdóttir,Karólína Lea Vilhjálmsdóttir,32.1,57.8,58.7,51,27.455418,27.40503832598234,0.5573790145726132,0.5405248099026579,-0.01685420466995524,0.8360517448535031,0.9987422997637438,0.16269055491024076,1.2100194985272041,1.624751502909301,0.4147320043820968,1.9147873588281157,2.648124408084205,1,1,1,1,1,2,1,0,0,0,0,0
3998853,aecd6a4c-8050-4d1f-a0ad-2d261da16114,1,45,51,Norway Women's,Lisa Fjeldstad Naalsund,Maren Nævdal Mjelde,53.4,48.2,33.4,53.9,20.796394,-20.605531403098993,0.6328869877938127,0.058003509484030984,-0.5748834783097817,1.197663647910252,0.25444919058405846,-0.9432144573261936,1.8496033543954806,0.672413943521644,-1.1771894108738366,2.6449737418036188,9.042405580868497,1,0,1,0,2,0,0,0,1,0,0,1
3998853,1f3dd721-2ecd-476a-969c-96329878bc8a,1,45,55,Norway Women's,Maren Nævdal Mjelde,Celin Bizet Ildhusøy,39.7,54.8,57.9,53.3,18.26171,18.144228190718422,0.4115445826885394,0.31496914383705016,-0.09657543885148923,0.8212980120501354,0.8545242909882775,0.03322627893814212,1.399405429166415,1.6743906053222801,0.27498517615586504,3.1157614137423524,4.791843093561075,0,0,1,1,1,1,0,0,1,0,0,1
3998853,cebada93-9d81-4846-beb4-0e5db5108015,1,45,57,Norway Women's,Celin Bizet Ildhusøy,Lisa Fjeldstad Naalsund,58,51,54.9,36.5,14.827677,-2.225772164775627,0.9393988013353896,0.2666032162771795,-0.6727955850582101,1.7821758130537362,0.8861093006829318,-0.8960665123708044,2.818856122679067,1.8796231424798375,-0.9392329801992296,3.538653742676698,7.051492206933883,0,0,3,0,3,1,0,0,1,0,0,1
3998853,98b1691c-7572-43e4-8e1e-4b103c795711,1,46,4,Norway Women's,Frida Maanum,Signe Gaupset,85.3,19,108.2,17.1,22.978685,14.79830383076068,1.0258355051083297,0.26669607519808014,-0.7591394299102495,1.8598522550659304,0.63392323562403,-1.2259290194419004,2.888494291883806,1.3128093293112728,-1.5756849625725333,2.1978609654532817,4.327324170083931,1,0,1,1,4,1,0,0,0,0,0,0
3998853,6490782c-ebad-4104-8321-58f8e65bab31,1,47,17,Iceland Women's,Glódís Perla Viggósdóttir,Ingibjörg Sigurðardóttir,44.6,71.6,34.7,36.5,36.46944,-3.617753887495354,0.00886404993025176,0.00015319281341691357,-0.008710857116834846,0.08989968584730348,0.006772582065133541,-0.08312710378216995,0.3443558605095314,0.05712487487267846,-0.2872309856368529,15.969020454448806,28.081180654267797,0,0,0,0,0,0,0,0,1,0,0,1
3998853,7cbb9e32-8da2-40bf-ad33-6f804082785e,1,47,30,Iceland Women's,Hildur Antonsdóttir,Sædís Rún Heiðarsdóttir,62.5,23.6,69.9,7.6,17.628386,0.12925167274548954,0.5226872634531381,0.5051569066792841,-0.01753035677385395,1.0571188974040273,0.8349140699468942,-0.2222048274571331,1.735919171039397,1.2777188634881549,-0.4582003075512422,3.752795796960648,2.4867484762466727,0,1,1,1,2,1,0,0,1,0,0,1
3998853,e29b4a76-8573-41d4-a910-e3a276aef0e1,1,47,31,Iceland Women's,Sædís Rún Heiðarsdóttir,Sveindís Jane Jónsdóttir,69.9,7.6,85.8,29.9,27.387953,24.003606218867375,0.5051569066792841,0.8731071867648698,0.3679502800855856,0.8349140699468942,1.426958105431202,0.5920440354843077,1.2777188634881549,2.298980731053803,1.0212618675656482,2.4867484762466727,1.0910471616101873,1,1,1,1,1,2,0,0,0,0,0,0
3998853,72535a32-7f2c-4738-87ff-1fc8f1ccbd5c,1,48,3,Norway Women's,Frida Maanum,Signe Gaupset,24.8,28.8,39.1,34.3,15.321227,14.756004635660588,0.6776834666371511,0.6079748807854864,-0.06970858585166462,1.3099946100060889,1.196560855547148,-0.11343375445894077,2.1902228553585195,2.047212602700929,-0.14301025265759026,2.4877844155737114,2.2944102159154633,1,1,1,1,2,1,1,0,0,0,0,0
3998853,58f48acd-1af1-4ad4-abc8-36ada0fec5bd,2,45,1,Norway Women's,Justine Kvaleng Kielland,Tuva Hansen,48,42,27.5,43.4,20.547749,-20.534692973520464,0.07093761356519916,0.002995044825522052,-0.0679425687396771,0.3249203398644752,0.04722842043054226,-0.27769191943393295,0.8988576899380712,0.25767886417131625,-0.641178825766755,8.635144763601769,18.44702085203321,0,0,0,0,0,0,0,0,1,0,0,1
3998853,d37f3afe-3af7-4d09-920f-8652c5d845cb,2,45,4,Norway Women's,Tuva Hansen,Marit Bratberg Lund,28.9,42,28.8,27.2,14.800338,-0.9719139072578571,0.024310068390747598,0.02319227211949045,-0.0011177962712571494,0.14561092140197665,0.16215076562139882,0.016539844219422173,0.48264599609644915,0.5388810384307436,0.056235042334294494,11.507496919022957,13.020099728957407,0,0,0,0,0,0,0,0,1,0,0,1
3998853,229c778c-1700-41b3-8daa-44b8e54d90c6,2,45,6,Norway Women's,Marit Bratberg Lund,Signe Gaupset,30.6,23.9,56,9.3,29.297098,19.855831034532102,0.11699306752690446,0.3158775043584702,0.1988844368315657,0.3700023179113187,0.5983867942705211,0.2283844763592024,0.8385692700578008,1.0252192251636845,0.18664995510588367,6.836127486601538,3.637881118307367,0,0,0,1,1,1,0,0,0,0,0,0
3998853,645a86b3-a71c-493a-a9f1-124cf95a8426,2,45,22,Norway Women's,Justine Kvaleng Kielland,Marit Bratberg Lund,47.7,8.4,37.2,11.2,10.866922,-8.76167310302094,1.2333512611350075,0.5624412579645948,-0.6709100031704127,1.7939315181858764,1.0841958139755739,-0.7097357042103025,2.5296272830125672,1.8227510174112482,-0.706876265601319,0.8151195511914114,2.653519973480693,2,1,2,1,2,2,1,0,1,0,0,1
3998853,e4805492-4e83-41bb-96a4-d34ffd2c6ab6,2,45,24,Norway Women's,Marit Bratberg Lund,Celin Bizet Ildhusøy,36.2,11.5,51.1,42,33.944954,19.584762773146863,0.7289638842110414,0.38445641278308884,-0.34450747142795257,1.2242934261298237,0.6652465615167892,-0.5590468646130345,1.928475730569077,1.114698974748427,-0.8137767558206499,1.6542884702407175,2.9823527489894874,1,1,1,1,2,1,0,0,1,0,0,1
3998853,4dcca971-72ac-441d-8667-599b0cca5fa9,2,45,30,Norway Women's,Celin Bizet Ildhusøy,Emilie Marie Woldvik,55.1,41.7,56.7,67.5,25.849566,-4.093244298968969,0.5771011625371955,0.013577616290896355,-0.5635235462462991,1.3643538699515712,0.1280703878611152,-1.236283482090456,2.4899957027325907,0.5235759617796193,-1.9664197409529716,3.270239514512181,14.961633290215657,0,0,1,0,2,0,0,0,1,0,0,1
3998853,5fea13d8-8619-4473-8b09-c78c7999f37d,2,48,15,Norway Women's,Justine Kvaleng Kielland,Marit Bratberg Lund,84.6,7.3,88.4,4,5.0328918,0.2902385460570329,0.7313775740327779,0.5416742291898102,-0.1897033448429677,1.100493303384892,1.0045425778349075,-0.09595072554998452,1.6926911063330055,1.6450978590335312,-0.04759324729947423,1.2780342436950802,2.842225670606233,1,1,1,1,1,2,1,0,1,0,0,1
3998853,8bfc0b0a-401a-49f2-9f5f-fe78dfdfb512,2,48,18,Norway Women's,Marit Bratberg Lund,Justine Kvaleng Kielland,87.5,5.6,76.9,4.6,10.647065,-8.449759266804968,0.8001784679756941,0.2552354263726109,-0.5449430416030833,1.2778958739732316,0.5563064980561948,-0.7215893759170368,1.943625633532417,1.053164542984563,-0.8904610905478538,1.4074419622026249,4.369084726575856,1,0,1,1,2,1,0,0,1,0,0,1
3998853,d41f37a8-a6d6-4a4e-a4f6-fed8109ac70c,2,48,20,Norway Women's,Justine Kvaleng Kielland,Maren Nævdal Mjelde,73.2,5,61.2,29.7,27.4607,-1.2552549415113532,0.5435300684178089,0.07294989963285518,-0.47058016878495373,1.0172799129868142,0.29391370589647203,-0.7233662070903422,1.6397248773495874,0.7235218867090998,-0.9162029906404876,3.102671124097961,8.604161360016333,0,0,1,0,2,0,0,0,1,0,0,1
3998853,7cb21d54-bd24-4685-a107-a1bb0596fffc,2,48,24,Norway Women's,Maren Nævdal Mjelde,Emilie Marie Woldvik,57.1,42.1,65,59.2,18.836666,4.680089010014896,0.08327626397889111,0.15125327666270227,0.06797701268381116,0.33047652521444615,0.40302663649773257,0.07255011128328642,0.780456611631255,0.8429610316941684,0.06250442006291335,9.255522764256472,5.878862705622772,0,0,0,0,0,1,0,0,1,0,0,1
3998853,a18a9c78-e2e1-4206-bc0c-dd44a5c7f176,2,48,27,Norway Women's,Emilie Marie Woldvik,Maren Nævdal Mjelde,62.9,54.1,48.8,53.1,14.135417,-13.57996241223968,0.6151009665850611,0.039474871952156126,-0.5756260946329049,1.0646928322779825,0.2106023438211026,-0.8540904884568798,1.7225762801134497,0.6106116064073449,-1.1119646737061046,2.0965538611757193,10.474246693187833,1,0,1,0,2,0,1,0,1,0,0,1
3998853,1b16819d-571f-4451-b5de-428616a53e65,2,48,40,Norway Women's,Elisabeth Terland,Frida Maanum,87.5,53,87.2,39.7,13.303383,2.2021993238464077,1.210046810309119,0.05793451000492231,-1.1521123003041969,1.980699464301207,0.34777211014854725,-1.6329273541526597,2.8991849514313888,1.0307530704789318,-1.868431880952457,1.3035680208935314,11.291440953596537,1,0,2,0,3,0,1,0,0,1,1,1
3998853,ce1a6e8f-5dc2-408a-900a-f4c73b9a1a10,2,48,43,Norway Women's,Frida Maanum,Signe Gaupset,98.5,35.9,107.5,28.7,11.525623,5.036920040471941,1.0338986723455408,0.4660451675898755,-0.5678535047556652,1.827791650872388,0.9930341523546155,-0.8347574985177725,2.825875237253407,1.8251530391168618,-1.0007221981365453,1.7652484929256547,3.0157057005967722,1,0,2,1,3,1,1,0,0,1,1,1
3998853,f5bc489c-4609-48f3-a866-87e9e3acb662,2,48,44,Norway Women's,Signe Gaupset,Frida Maanum,107.6,27.9,108.7,37.5,9.662815,5.752169850604407,0.4660453665435251,1.0708819019725246,0.6048365354289995,0.9930343743175724,2.217540481257116,1.2245061069395438,1.8251532741483667,3.4806682602258325,1.6555149860774658,3.0157042086410484,3.656419341517137,0,0,1,3,1,4,0,0,0,1,1,1
3998853,087387bd-913e-404c-8bad-ac736168de58,2,50,0,Norway Women's,Celin Bizet Ildhusøy,Lisa Fjeldstad Naalsund,39.9,69,39.1,57.8,11.228535,2.3530089103733047,0.5518412561374144,0.6954688255845675,0.14362756944715305,1.0260663232962222,1.3825501021442177,0.35648377884799554,1.5998084087657884,2.104356238349069,0.5045478295832806,3.031043467098323,4.055891158543413,0,0,1,2,2,3,1,0,0,0,0,0
3998853,366bee06-5598-46d0-8a05-3b3eafae7f99,2,50,1,Norway Women's,Lisa Fjeldstad Naalsund,Emilie Marie Woldvik,39.1,57.8,54.7,63.9,16.750223,13.298755666824718,0.6954688255845675,0.4383919697961183,-0.2570768557884492,1.3825501021442177,0.9115953679720853,-0.4709547341721324,2.104356238349069,1.6838366967426814,-0.4205195416063876,4.055891158543413,2.96232394050167,0,1,2,1,3,1,0,1,0,0,0,0
3998853,1bdff9c3-eece-4bc1-9f48-4f0b816561d7,2,50,49,Norway Women's,Signe Gaupset,Frida Maanum,95.3,25,87,3.7,22.860008,-20.160103065296443,0.7298762623686219,0.03194364469431234,-0.6979326176743096,1.0882515573531335,0.1909040639672193,-0.8973474933859142,1.6092516245668183,0.5886029726586205,-1.0206486519081976,1.534262125075298,11.40514006594162,1,0,1,0,2,0,1,0,0,0,0,0
3998853,52cb1161-722a-4b0b-9258-d96ab6ca9e7b,2,50,52,Norway Women's,Frida Maanum,Signe Gaupset,92.3,4.3,101.3,6.2,9.198369,6.557961216028609,0.28433365921006165,0.7638251636739192,0.4794915044638575,0.6935243020227365,1.1084100930243246,0.41488579100158807,1.2999406292879694,1.620359884593046,0.32041925530507664,4.565010831540283,1.2007747959171784,0,1,1,1,1,2,0,1,0,0,0,0
3998853,022804ea-cbe9-4655-acb3-0917b5fbf0c6,2,51,12,Norway Women's,Emilie Marie Woldvik,Justine Kvaleng Kielland,85.2,48.5,89.4,43.6,6.453681,5.0120002969760655,0.29728015072256153,0.8182316004620946,0.5209514497395331,0.7067323416952244,1.5406952362031676,0.8339628945079433,1.4293830345741627,2.5955747739077233,1.1661917393335606,4.132191840517237,1.8934011914102349,0,1,1,1,1,2,0,0,1,0,0,1
3998853,afdf4822-559f-4a2f-8884-0c49a67304a3,2,51,13,Norway Women's,Justine Kvaleng Kielland,Lisa Fjeldstad Naalsund,89.4,43.6,74.9,51.2,16.371012,-15.65884573636379,0.8182316004620946,0.031973148562393236,-0.7862584518997014,1.5406952362031676,0.20185304184057737,-1.3388421943625903,2.5955747739077233,0.6878284245063082,-1.907746349401415,1.8934011914102349,11.111141419585811,1,0,1,0,2,0,0,0,1,0,0,1
3998853,ba9a4bbb-60c8-458d-848f-ea904a28eccb,2,51,23,Norway Women's,Frida Maanum,Marit Bratberg Lund,98.2,20.4,86,14.2,13.685028,-13.365149886566037,0.3430863187980065,0.04849686865403629,-0.2945894501439702,0.773039657166748,0.20709742637860035,-0.5659422307881476,1.3646637192064126,0.556579601728657,-0.8080841174777557,4.3714994817241495,9.372041562224311,0,0,1,0,2,0,0,0,0,0,0,0
3998853,ca5dd6a6-e123-4b37-824f-f7f0674d0bca,2,51,40,Norway Women's,Frida Maanum,Maren Nævdal Mjelde,81.1,12.5,62.6,31,26.16295,-10.46244117121499,1.0733914792653274,0.13724818744213843,-0.936143291823189,1.6639893520061324,0.3801047993824315,-1.2838845526237008,2.4437353127749377,0.8218533446745135,-1.6218819681004242,1.3708424272317614,6.143835932452151,1,0,2,0,3,1,1,0,1,0,0,1
3998853,e1917c58-66d3-4baa-a146-209c38e6b4da,2,51,43,Norway Women's,Maren Nævdal Mjelde,Lisa Fjeldstad Naalsund,63.1,32.7,73.3,41.2,13.277425,10.650951438080234,0.32661745638141765,0.22904465922538444,-0.0975727971560332,0.6088674072257647,0.670947718663619,0.06208031143785431,1.0586989872616197,1.4348905192363037,0.376191531974684,3.4683153196776906,5.522329442838822,0,0,1,0,1,1,0,0,1,0,0,1
3998853,2cfd8ac4-e127-4fc5-b5fb-7721e78b8c47,2,51,44,Norway Women's,Lisa Fjeldstad Naalsund,Tuva Hansen,73.2,41.2,54.6,26.5,23.707594,-19.96343191812627,0.6031210681462584,0.1683254572202092,-0.43479561092604924,1.0946765099252855,0.48881766854916836,-0.6058588413761172,1.8581949297534621,0.9938336587767008,-0.8643612709767613,2.110483385604704,6.1299853043590735,1,0,1,0,1,1,0,0,0,0,0,0
3998853,c30c1deb-6d60-4434-9114-1827ad6fe1cd,2,51,48,Norway Women's,Tuva Hansen,Cecilie Fiskerstrand,43.3,26.9,17.9,40.2,28.671413,-24.289528237089584,0.10844334592262199,0.0014073570209173904,-0.1070359889017046,0.31761951393795274,0.020410184853901968,-0.2972093290840508,0.6095420580451729,0.09869531456281393,-0.510846743482359,7.03951363192735,19.721112799659405,0,0,0,0,1,0,0,0,1,0,0,1
3998853,7cb83971-9c82-4086-813e-46b75d0d7248,2,52,10,Iceland Women's,Sveindís Jane Jónsdóttir,Guðrún Arnardóttir,71,73.9,52.8,67.6,19.259542,-13.063453470937269,1.1586756426728992,0.0698464470947566,-1.0888291955781426,1.5685135569894009,0.32953841401767375,-1.238975142971727,2.1022446268293367,0.8701027708731165,-1.23214185595622,0.6765447372147093,10.170885772933222,1,0,2,0,2,0,1,0,1,0,0,1
3998853,c602f6d8-dcb8-4a42-adc1-3de83b19f8cd,2,52,32,Norway Women's,Lisa Fjeldstad Naalsund,Celin Bizet Ildhusøy,39.9,60.2,49.6,78.4,20.62353,2.416038196330774,1.032868190254476,0.0971433930730406,-0.9357247971814355,1.3908955847089248,0.3274827920465832,-1.0634127926623416,1.9854200468423457,0.7764043923609419,-1.2090156544814037,0.3354637239754147,7.374392812993617,1,0,1,0,2,1,0,0,1,0,0,1
3998853,937d896c-448d-43c2-a311-73017346ed69,2,52,35,Norway Women's,Celin Bizet Ildhusøy,Lisa Fjeldstad Naalsund,47.4,77.1,45.6,68.8,8.492938,1.750481796466147,0.3087322743626439,0.6881355001178096,0.37940322575516566,0.679189006304507,1.2287989014837013,0.5496098951791943,1.2069739015986156,1.9102367176263222,0.7032628160277066,4.07089619171171,2.044778423304983,0,1,1,1,1,2,0,1,0,0,0,0
3998853,1245753c-47d0-4072-b0f9-b39f26bb51e4,2,52,51,Iceland Women's,Ingibjörg Sigurðardóttir,Glódís Perla Viggósdóttir,30.7,7.9,25.2,28.4,21.224985,-0.6129162428287884,0.009641999115730469,0.029986345465244924,0.020344346349514455,0.08323699227766072,0.1556827186739364,0.07244572639627568,0.29831835198124856,0.4563827967014823,0.15806444472023373,15.352405276804856,10.782660372884523,0,0,0,0,0,0,0,0,1,0,0,1
3998853,d9e39a33-ec00-49d7-9ec4-f859e374b980,2,53,5,Norway Women's,Justine Kvaleng Kielland,Marit Bratberg Lund,40.1,48.9,27.9,38.2,16.227446,-11.723433880887498,0.39466270770812695,0.1768670803744349,-0.21779562733369204,0.7642299816316849,0.5462207779897329,-0.21800920364195198,1.242330214418457,1.0856224025750851,-0.1567078118433718,3.2599558481754265,7.27469172892185,0,0,1,0,1,1,1,0,1,0,1,1
3998853,9a8394e7-bfb7-4707-bff3-3ce40a613e48,2,54,28,Norway Women's,Celin Bizet Ildhusøy,Elisabeth Terland,55.6,63.7,62.1,65.3,6.6940274,5.436285492361947,1.4963208432802717,0.9418661886040165,-0.5544546546762552,2.447969756516167,1.870116914905277,-0.5778528416108901,3.449992687555269,2.9541227099360947,-0.4958699776191744,2.2854867289884004,2.468386180139908,3,1,3,2,4,4,0,0,0,0,0,0
3998853,52bba45a-a9de-4661-887b-60e22c6c821c,2,54,49,Norway Women's,Marit Bratberg Lund,Frida Maanum,84.4,4.8,88.3,20.7,16.371317,12.950888618454051,0.7779597307412266,0.5680876280574072,-0.2098721026838194,1.1881778368318152,1.2084788157492743,0.020300978917459078,1.746505791058495,2.133050034765069,0.38654424370657403,1.3711715942474638,2.8523940211737053,1,1,1,1,2,2,0,1,1,0,0,1
3998853,d5f97246-cbd2-44ef-ad0e-3840be4c4f26,2,54,55,Iceland Women's,Alexandra Jóhannsdóttir,Sandra María Jessen,42.4,58.7,56.2,60.5,13.916896,12.808752301763107,0.3960025871269963,1.1597122604215617,0.7637096732945654,0.9147943732967295,1.7460076966767977,0.8312133233800681,1.6904413744008777,2.5821505458914,0.8917091714905223,3.758565631045393,0.5900741931728467,0,1,1,2,1,2,0,1,0,0,0,0
3998853,c28382b7-bedf-490c-b689-cc04ab640879,2,55,10,Iceland Women's,Glódís Perla Viggósdóttir,Ingibjörg Sigurðardóttir,48.2,56.4,37.6,36.5,22.547062,-8.825130667842359,0.04816031379085816,0.007560467969069586,-0.04059984582178858,0.2730996274066749,0.07840831022597618,-0.19469131718069876,0.7847400332481373,0.3342510973082123,-0.45048893593992506,11.92813823212495,15.281854859706128,0,0,0,0,0,0,0,0,1,0,0,1
3998853,1ad33816-72a7-4042-815b-97620c06912e,2,56,6,Norway Women's,Cecilie Fiskerstrand,Marit Bratberg Lund,6.8,29,14.2,11.1,19.369307,4.057082479657424,0.18933500605803769,0.1148456360841779,-0.07448936997385978,0.39888754336921795,0.3214984677561253,-0.07738907561309266,0.6845835976015204,0.6416489134165106,-0.042934684185009786,5.03992136392407,6.703324215298865,0,0,0,0,1,1,1,0,1,0,0,1
3998853,ec335faf-ba60-46df-825f-b0e73b28bee1,2,57,14,Norway Women's,Lisa Fjeldstad Naalsund,Marit Bratberg Lund,85.1,13.9,87.5,4.8,9.411163,-4.3291436198133155,0.2878842204790229,0.3898013370271556,0.10191711654813268,0.7067092257959094,0.8960287960458075,0.1893195702498981,1.3811611000322617,1.605666112010248,0.22450501197798634,4.607602235731143,4.505333086418338,0,0,1,1,1,2,0,0,1,0,0,1
3998853,7e3deff2-15e7-4f88-bce2-f02672ff162f,2,57,16,Norway Women's,Marit Bratberg Lund,Tuva Hansen,87.5,4.3,74.9,5.9,12.701181,-8.262689873057717,0.6537613264446867,0.298235665405601,-0.35552566103908567,1.1811176567439277,0.7216950015737122,-0.4594226551702154,1.9876567454479688,1.343570087697234,-0.6440866577507347,1.9245367792969073,4.563194090531626,1,0,1,1,1,1,1,0,1,0,0,1
3998853,8b3fbecd-e02c-4216-a9d5-162793b5474a,2,57,30,Norway Women's,Emilie Marie Woldvik,Celin Bizet Ildhusøy,72.8,63.9,82.1,77.6,16.558382,-0.4809346287778382,0.2770086893227784,0.19217841074284078,-0.0848302785799376,0.7542986123042144,0.45739043590402484,-0.2969081764001895,1.504495635621508,0.924753903667173,-0.579741731954335,5.624166121079596,5.106600315164547,0,0,0,0,2,1,0,0,1,0,0,1
3998853,63139c47-cd22-4dcd-9a96-acc46e4dd0ad,2,57,37,Norway Women's,Celin Bizet Ildhusøy,Justine Kvaleng Kielland,90.1,71.6,82.8,58.7,14.822281,1.8679961928293025,0.4220326771331975,0.24052294139563157,-0.1815097357375659,0.9049438912941238,0.6506146610460865,-0.25432923024803733,1.5935498057543922,1.3239239691365805,-0.2696258366178117,3.510619152110079,4.962105179002787,0,0,1,1,1,1,0,0,1,0,0,1
3998853,6a98614e-ba8c-4c38-94cb-1d99de34925b,2,57,50,Norway Women's,Signe Gaupset,Justine Kvaleng Kielland,103.8,23.3,95.9,39.5,18.023596,-0.838686642132533,1.4630134558123444,0.3599513156366514,-1.103062140175693,2.3987828594382696,1.11163033664667,-1.2871525227915996,3.53487895844321,2.360678587815787,-1.1742003706274229,1.3576057947821958,5.916101809847831,1,0,4,0,4,2,0,0,0,1,1,1
3998853,22a9e0f8-c251-45bb-9be5-8379a9b3315e,2,58,10,Iceland Women's,Glódís Perla Viggósdóttir,Cecilía Rán Rúnarsdóttir,9.4,53.3,10.1,39.9,13.418271,1.4967677439808824,0.19675559396835204,0.03689190062727799,-0.15986369334107406,0.4607964782571749,0.18379453437566728,-0.2770019438815076,0.8345355887756739,0.47783215522490957,-0.35670343355076434,5.098577591183113,10.97854197399781,0,0,0,0,1,0,0,1,1,0,0,1
3998853,41cc5204-54e0-45d3-96e2-b9a794695b13,2,58,13,Iceland Women's,Cecilía Rán Rúnarsdóttir,Ingibjörg Sigurðardóttir,9.1,36.8,8.5,24.3,12.514392,-1.6537530771750681,0.182858590818896,0.17586881581329575,-0.006989775005600246,0.46196147998316195,0.4365774561300335,-0.025384023853128435,0.8285871990546928,0.776488606659957,-0.0520985923947358,5.785798982806251,5.71086900801873,0,0,0,0,1,1,1,0,1,0,0,1
3998853,6e37b802-f2a9-4c4e-9028-e3abbd35e14e,2,58,17,Iceland Women's,Ingibjörg Sigurðardóttir,Guðrún Arnardóttir,5.4,32.5,21.5,68.6,39.52746,12.277081668914462,0.16568795018010435,0.01324392019405837,-0.15244402998604598,0.450596007497526,0.09466578735609803,-0.35593022014142794,0.8343708715377613,0.31194550178705577,-0.5224253697507055,6.416639798864042,13.523096281767383,0,0,0,0,1,0,0,0,0,0,0,0
3998853,c7a52384-cf1f-4178-b624-354d812ee12a,2,58,30,Norway Women's,Justine Kvaleng Kielland,Celin Bizet Ildhusøy,81,23.7,81.1,47.1,23.400213,2.72662074875079,0.7103962174806489,0.3204544638463866,-0.38994175363426226,1.215881970669436,0.8990085378444351,-0.3168734328250008,1.978174406019303,1.8553666581867114,-0.12280774783259152,1.6318383155913678,5.634452289571289,1,0,1,0,2,2,1,0,0,0,0,0
3998853,cea2f3e2-2296-4bc5-9ed7-dc3a95167d0e,2,58,47,Norway Women's,Cecilie Fiskerstrand,Maren Nævdal Mjelde,14.5,51.3,31.2,62.9,20.33347,14.39820578422487,0.14670578032851492,0.08248811640172622,-0.0642176639267887,0.3224268324897738,0.30165618762028307,-0.020770644869490706,0.5410087572087023,0.6502854845520423,0.10927672734333993,5.7612226174322405,9.223653747624207,0,0,0,0,1,0,1,0,1,0,0,1
3998853,df0947bf-c2ed-40b5-882b-657efeeaf7ed,2,58,50,Norway Women's,Maren Nævdal Mjelde,Cecilie Fiskerstrand,24.3,59.9,8.2,43.3,23.125095,-14.101569717794405,0.29752056976678437,0.06898987144714368,-0.22853069831964068,0.5708371683109468,0.21533240084702734,-0.35550476746391946,0.908627450582536,0.4551997096484048,-0.45342774093413124,3.864878285533747,8.056221798617353,0,0,1,0,1,0,0,1,1,0,0,1
3998853,9f12de01-5507-42cd-999d-8a8e5018e56b,2,58,54,Norway Women's,Cecilie Fiskerstrand,Tuva Hansen,12.8,44.4,22.8,40.3,10.807867,10.08979754672444,0.4978507836075834,0.1026897048651488,-0.39516107874243456,0.6904828295813241,0.37136605956177116,-0.31911677001955296,0.9213200290990723,0.7939820096531889,-0.1273380194458834,2.108340659270791,8.010115687851771,1,0,1,0,1,0,1,0,1,0,0,1
3998853,db33d19d-0126-49a8-990e-22d6bcf46f02,2,59,2,Norway Women's,Cecilie Fiskerstrand,Tuva Hansen,5.9,41.7,11.3,35.2,8.450444,5.306735479464834,0.0036195952819709203,0.005979955394988407,0.0023603601130174866,0.04530722156483165,0.060516098568669366,0.015208877003837717,0.20428521046724835,0.22383246266976342,0.019547252202515075,17.36162951009163,16.67023275618732,0,0,0,0,0,0,0,0,1,0,0,1
3998853,9a8d3748-eee2-4502-b4cd-00b8d8a4555a,2,59,7,Norway Women's,Tuva Hansen,Marit Bratberg Lund,19.6,31.4,21,19.6,11.882761,-0.31231480169144277,0.1231989189791848,0.07040748564487621,-0.05279143333430858,0.37535561602850526,0.23851373331300252,-0.13684188271550274,0.7612110434728949,0.5324306278165902,-0.2287804156563047,6.846648203008029,8.122084696200808,0,0,0,0,1,0,0,0,1,0,0,1
3998853,f79287ad-54ee-4791-af7c-69421a8c9617,2,59,20,Norway Women's,Maren Nævdal Mjelde,Lisa Fjeldstad Naalsund,27.9,53,40.9,48.9,13.631214,13.413835488615817,0.04588811402564376,0.06671955655862337,0.02083144253297961,0.17083985556101286,0.2858440990439911,0.11500424348297825,0.4356360007397337,0.7438148770097895,0.30817887627005586,9.269225841178889,8.86266987792505,0,0,0,0,0,0,0,0,1,0,0,1
3998853,ebb78a8f-109a-4894-9eb5-6d0dc8db2cb6,2,59,23,Norway Women's,Lisa Fjeldstad Naalsund,Celin Bizet Ildhusøy,49.6,47.9,65.4,53.7,16.830923,14.54932668255649,0.1603074005355992,0.5146144980830134,0.3543070975474142,0.546427493837771,1.0546600062481648,0.5082325124103938,1.2446487299043942,1.862658722207832,0.6180099923034377,7.838771549213595,2.8813212484841717,0,1,0,1,2,1,0,0,1,0,0,1
3998853,38d0b972-5501-4416-aae9-e297a57e11b8,2,59,57,Norway Women's,Frida Maanum,Justine Kvaleng Kielland,83.9,49.5,79.3,49.1,4.6173587,-4.375838639061534,0.21441825318374808,0.23602382087350415,0.021605567689756078,0.6232285307726965,0.6981252306825348,0.07489669990983838,1.3442531902409276,1.4903681929512285,0.14611500271030087,5.355245985161898,5.95576788737025,0,0,0,0,1,2,0,0,0,0,0,0
3998853,c7fbc584-ef87-4fbf-8dc9-e2c9edd7fd37,2,60,8,Iceland Women's,Glódís Perla Viggósdóttir,Cecilía Rán Rúnarsdóttir,7.8,50.9,7.5,41.8,9.104943,0.2138138941003973,0.02322244488160917,0.02783105642996936,0.004608611548360189,0.14722498845743706,0.15840489106449096,0.011179902607053899,0.4395297150820029,0.4436442297154666,0.004114514633463684,12.140393180185024,11.940768582621137,0,0,0,0,0,0,0,0,1,0,0,1
3998853,1cc1c928-ac96-4eaf-9f16-863b8dcf10e1,2,60,13,Iceland Women's,Cecilía Rán Rúnarsdóttir,Ingibjörg Sigurðardóttir,7.5,41.6,11.3,26.5,15.570806,2.976268675584521,0.051120958381627425,0.03605188518744967,-0.015069073194177753,0.22676960002459734,0.17526450701891738,-0.05150509300567996,0.5779559050489578,0.4776573644741016,-0.10029854057485615,9.752838240775665,10.367399948989414,0,0,0,0,0,0,0,0,1,0,0,1
3998853,2a11fc63-7ecb-4bf9-a187-b1131b8ccaf6,2,61,9,Iceland Women's,Ingibjörg Sigurðardóttir,Glódís Perla Viggósdóttir,49.3,22.7,46.8,37.5,15.009664,-0.4568285417685445,0.0626214650691633,0.045371322154655044,-0.017250142914508257,0.2709131028073721,0.23166457318978884,-0.03924852961758324,0.6891394048073122,0.6549132880224064,-0.034226116784905725,10.401600097571839,10.045105158712364,0,0,0,0,0,0,0,0,1,0,0,1
3998853,86aa45f8-ac04-4fa1-bf38-917aadd344d3,2,61,11,Iceland Women's,Glódís Perla Viggósdóttir,Ingibjörg Sigurðardóttir,46.8,37.5,42.7,21.4,16.61385,-6.263610244400908,0.3268613480804683,0.19169738139719178,-0.13516396668327652,0.6185954929389594,0.49567384446431756,-0.12292164847464188,1.0606458373358087,0.9277818615983864,-0.13286397573742237,3.5236634397529554,5.974587054817474,0,0,1,0,1,1,0,0,0,0,0,0
3998853,a075337f-4e49-4be0-9f42-6efc17a0162a,2,61,12,Iceland Women's,Ingibjörg Sigurðardóttir,Alexandra Jóhannsdóttir,43.4,21.3,54.2,28.9,13.206059,12.119861710390069,0.19169734716901893,0.5200254781301203,0.3283281309611014,0.49567379738448003,0.9855416259672087,0.4898678285827287,0.9277818111133759,1.614753791738485,0.6869719806251092,5.974587807681345,2.7418623543471923,0,1,0,1,1,2,0,0,0,0,0,0
3998853,3b3042fc-58dd-4328-8404-3494418adfb3,2,61,15,Iceland Women's,Alexandra Jóhannsdóttir,Karólína Lea Vilhjálmsdóttir,59.3,27.9,74.3,28.4,15.008331,14.74503350692897,0.8302811420883875,0.8197358293210834,-0.010545312767304194,1.3460479271204822,1.455557011171242,0.10950908405075976,2.0999488083535507,2.396950104477031,0.29700129612348025,1.1507137820075088,1.4617220990575595,1,1,1,1,2,3,1,0,0,0,0,0
3998853,1dec09c2-7153-4cbb-bbcf-2b5a63ac7677,2,61,20,Norway Women's,Tuva Hansen,Cecilie Fiskerstrand,30.6,47.9,6.2,42.8,24.927294,-24.086070726689584,0.18685083594689006,0.0009172585502864434,-0.18593357739660363,0.49596221604423174,0.021450324080533687,-0.47451189196369803,0.9874658688761151,0.13160225392268537,-0.8558636149534298,5.60315868869482,22.411701975452004,0,0,0,0,1,0,0,0,1,0,0,1
3998853,fde8a9e4-19f2-42a6-8677-4f749aaa7028,2,61,31,Norway Women's,Marit Bratberg Lund,Frida Maanum,26.9,40.6,45,38.3,18.245548,18.08266919225997,0.3979188449298336,0.7932951994534636,0.39537635452363,0.8268688795876994,1.1654196013900593,0.3385507218023599,1.4502297198225462,1.8001496182216932,0.34991989839914694,3.385091012463831,0.9583002703872492,0,1,1,1,1,1,0,1,1,0,0,1
3998853,89904e3c-2cc2-442c-afdf-7cc2faec90ac,2,61,38,Norway Women's,Signe Gaupset,Lisa Fjeldstad Naalsund,49.5,33.1,44.6,45,12.869344,-4.7287458250188905,0.8105225905275804,0.35470939224359205,-0.4558131982839883,1.2915657215886376,0.8051925121298098,-0.4863732094588278,1.9534050114152395,1.389425423261717,-0.5639795881535226,1.3123523674493018,3.9781755715458886,1,0,1,1,2,1,0,0,1,0,0,1
3998853,9957e0ff-74dc-4913-a07c-90ab67900fbd,2,62,10,Iceland Women's,Sveindís Jane Jónsdóttir,Sandra María Jessen,74.3,69.4,82.3,67.3,8.271034,7.793596645001138,1.221934206883618,1.3840667163408868,0.16213250945726876,1.9107464493362227,2.080437395293021,0.16969094595679812,2.7695914763536003,3.002444345605937,0.23285286925233661,1.0451493997843602,0.7832837465361421,1,2,3,2,3,3,1,0,0,0,0,0
3998853,f6158bc6-e53a-4371-8960-7d96274741b4,2,63,6,Norway Women's,Justine Kvaleng Kielland,Tuva Hansen,26.2,61.9,12.7,53.4,15.953056,-11.810847395506599,0.8012075429136812,0.19785906109571325,-0.603348481817968,1.1890677834440793,0.5788788928166437,-0.6101888906274355,1.875331809513181,1.155803039101875,-0.719528770411306,0.9103882436427864,6.866529613225805,1,0,1,0,1,2,0,0,1,0,0,1
3998853,4613fbdd-b562-495c-bb6a-181227dd9c55,2,63,7,Norway Women's,Tuva Hansen,Marit Bratberg Lund,12.8,54.8,28.8,17.2,40.862698,14.210011131055722,0.19785906415130305,0.0020102925914775157,-0.19584877155982555,0.5788789117935278,0.02654833096354544,-0.5523305808299823,1.155803075821624,0.12215398162229157,-1.0336490941993324,6.8665312154786475,18.716263706825018,0,0,0,0,2,0,0,0,1,0,0,1
3998853,28393a79-bd60-4590-9219-2cfea46b8246,2,63,28,Norway Women's,Signe Gaupset,Justine Kvaleng Kielland,87.5,14.5,82.4,18.4,6.4202805,-2.0528516137067925,0.20125277013834533,0.06701840045625634,-0.134234369682089,0.6782845171254204,0.3519215399482376,-0.32636297717718277,1.4736723898491244,1.0117923067087422,-0.4618800831403822,6.716726239343657,10.073074446087638,0,0,0,0,1,0,0,0,1,0,0,1
3998853,e7bd5cb4-fc07-4297-88a5-7873da15e8d9,2,63,29,Norway Women's,Justine Kvaleng Kielland,Signe Gaupset,82.1,18.6,94.9,19.9,12.865847,11.368179629404843,0.11155730828446819,0.3230977639904497,0.2115404557059815,0.46043468786695646,0.9212017007628165,0.46076701289586003,1.1804149518156126,1.838140404737649,0.6577254529220364,7.968570486784271,5.6884178980720685,0,0,0,0,1,2,0,0,1,0,0,1
3998853,7d7caa9f-8edd-4d10-bf44-d61e68951a3e,2,63,31,Norway Women's,Signe Gaupset,Justine Kvaleng Kielland,94.5,20,87.5,24.4,8.268011,-3.64254317584372,0.5526302079109294,0.4891554813111984,-0.06347472659973102,1.1803465752358149,1.0608526063318096,-0.11949396890400532,2.037436130428489,2.0139393357214406,-0.023496794707048352,3.05155521398851,2.9126863930138063,0,1,1,1,2,1,0,0,0,0,0,0
3998853,e910261d-f430-43ac-b406-f533e534a033,2,64,17,Norway Women's,Tuva Hansen,Cecilie Fiskerstrand,19.2,47.9,3.8,47.5,15.405194,-15.332688540028116,0.8250728340463358,0.0359728677907336,-0.7890999662556022,1.1416601638679371,0.16403613889128135,-0.9776240249766558,1.519233611112684,0.416452447803055,-1.1027811633096292,1.0964694017925491,10.329295550260236,1,0,1,0,2,0,1,1,1,0,0,1
3998853,f25f921d-b396-47f5-8f6c-edf5a0d97063,2,64,34,Iceland Women's,Ingibjörg Sigurðardóttir,Sædís Rún Heiðarsdóttir,37.3,6.1,51.4,1.1,14.96028,10.516694613893009,0.2783255354918865,0.062009995058894006,-0.21631554043299248,0.48826435909640287,0.24891953439455186,-0.239344824701851,0.7421097329066584,0.6332674335000379,-0.10884229940662049,3.8573954048343144,8.71646323492436,0,0,1,0,1,0,0,0,0,0,0,0
3998853,570f179d-a9ba-45ee-aabe-bcd2e6dce0eb,2,64,52,Norway Women's,Frida Maanum,Maren Nævdal Mjelde,47.4,44.7,34.6,59.1,19.266552,-14.757852101302078,0.3539021136790103,0.0741325670248793,-0.279769546654131,0.9392594063537628,0.29377898866604046,-0.6454804176877224,1.760001115107416,0.7541521073652698,-1.005849007742146,4.96339493493539,8.393465357990658,0,0,1,0,2,0,0,0,1,0,0,1
3998853,4b62bc4e-f118-42fd-b89c-03723bb7b06f,2,64,54,Norway Women's,Maren Nævdal Mjelde,Justine Kvaleng Kielland,34.6,59.1,41.3,50,11.300443,8.177047909369989,0.1738646054399806,0.473313791952427,0.2994491865124464,0.45081500956186865,0.989735612671371,0.5389206031095024,0.914467248564568,1.650504415376185,0.736037166811617,5.530742025886542,3.340645169478918,0,0,0,1,1,1,0,0,1,0,0,1
3998853,3641cd8c-b93a-4f79-9a2a-8bfbaabf0883,2,64,56,Norway Women's,Justine Kvaleng Kielland,Tuva Hansen,41.3,50.3,27.5,41,16.641214,-13.134251797373011,0.7198930766041641,0.0752969893216198,-0.6445960872825444,1.1856671805428318,0.3325178183516568,-0.853149362191175,1.795796217700477,0.7964817590208539,-0.999314458679623,1.6145710291513267,9.893235526231518,1,0,1,0,2,0,1,0,1,0,0,1
3998853,37c2e1cb-fc9f-449d-973d-144f5073e2d6,2,65,0,Norway Women's,Tuva Hansen,Marit Bratberg Lund,27.5,41,24.7,28.3,13.004999,-3.510114331390781,0.5491892874591149,0.045389366235933974,-0.503799921223181,0.9066750935143323,0.2272819717716757,-0.6793931217426565,1.3703773510295105,0.6076239236217903,-0.7627534274077202,2.1416495873944306,10.710527098190035,1,0,1,0,1,0,0,0,1,0,0,1
3998853,2fe956a8-7843-4bba-9edb-69b1665465e3,2,65,2,Norway Women's,Marit Bratberg Lund,Celin Bizet Ildhusøy,24.2,28.2,56.8,49.2,38.778343,32.65787670730651,0.19604595520589618,0.2458564086005583,0.04981045339466211,0.4985768259493808,0.7689946462078474,0.2704178202584666,0.9095941625281927,1.5116893766461876,0.6020952141179949,5.513745054466949,7.334392200803036,0,0,0,0,1,1,0,0,1,0,0,1
3998853,51b2bb48-c525-4321-a045-884b53bb00f9,2,65,9,Iceland Women's,Ingibjörg Sigurðardóttir,Dagný Brynjarsdóttir,49.3,29.2,59.3,32.2,10.440307,10.321035723886233,0.6323995631963046,0.30093390915311996,-0.3314656540431847,1.0174510624072304,0.8210294124514538,-0.1964216499557766,1.4240683108008525,1.5013282932466094,0.07725998244575694,2.429179112404209,6.196972877625328,1,0,1,0,2,2,0,0,1,0,0,1
3998853,ff90bd7d-d156-451d-bf63-a945544743d7,2,65,26,Norway Women's,Karina Sævik,Emilie Marie Woldvik,59.2,77,55.3,79,4.382921,-4.371974828491432,0.8402331245776162,0.2923972797027178,-0.5478358448748984,1.4788475765698106,0.7264813991024137,-0.7523661774673969,2.256994550893534,1.3806483994473393,-0.8763461514461948,1.7488618450488873,4.791766556915486,1,0,1,1,3,2,1,0,1,0,0,1
3998853,b6366067-3c1d-4fa6-ab12-013c06308d74,2,65,28,Norway Women's,Emilie Marie Woldvik,Lisa Fjeldstad Naalsund,55.7,78.4,47.8,70.4,11.24322,-3.4454157056471644,0.7821885429321737,0.35837207561541035,-0.4238164673167633,1.2496648787983684,0.9053538349072965,-0.3443110438910719,1.8600675902132844,1.6757172527905588,-0.18435033742272555,2.0434644574590335,5.572590047617239,1,0,2,0,2,2,1,0,1,0,0,1
3998853,3528866c-8733-4c01-a220-e368318f9557,2,65,31,Norway Women's,Lisa Fjeldstad Naalsund,Tuva Hansen,47.7,70.4,34.3,57.7,18.462124,-9.077562396126979,0.370198520987163,0.1405478242828657,-0.2296506967042973,0.917300895020399,0.4006207762389207,-0.5166801187814783,1.6745108693457171,0.8256352594386154,-0.8488756099071018,4.55930216183986,6.266229490071239,0,0,1,0,2,1,0,0,1,0,0,1
3998853,ad251e3f-8164-4d75-8346-6dcb6eec6404,2,65,33,Norway Women's,Tuva Hansen,Marit Bratberg Lund,36.4,56.3,31.2,30.2,26.612967,-4.164895972311996,0.5923023305906495,0.034487925686925866,-0.5578144049037237,0.8871273796741693,0.1760426426001624,-0.711084737074007,1.3049668185160874,0.4754845457790966,-0.8294822727369908,1.7337952727222246,10.717251058077995,1,0,1,0,1,0,0,0,1,0,0,1
3998853,9d1a3dd6-ae75-4275-9314-137801b5d295,2,66,4,Iceland Women's,Cecilía Rán Rúnarsdóttir,Sædís Rún Heiðarsdóttir,8.2,30.1,24.7,1.7,32.84524,9.529243942644456,0.08533737519148826,0.01274261746838123,-0.07259475772310703,0.3229858519763649,0.08351033267510918,-0.23947551930125574,0.7497203570962945,0.291298418656757,-0.4584219384395375,8.10161128799647,13.16107227605868,0,0,0,0,0,0,0,0,1,0,0,1
3998853,28ea7c46-fce9-45f3-9066-70682ad4554a,2,66,13,Iceland Women's,Ingibjörg Sigurðardóttir,Cecilía Rán Rúnarsdóttir,14.7,20.5,8.2,37.5,18.200275,-4.737612507743123,0.003995980165220863,0.0014202303278739257,-0.002575749837346937,0.04951284712968867,0.023698710727916933,-0.025814136401771735,0.21873247822014982,0.12071472795213878,-0.09801775026801104,18.084516333664578,20.077326327825734,0,0,0,0,0,0,0,0,1,0,0,1
3998853,472adbd2-937a-469a-9bc1-c5a1f9ffae15,2,66,18,Iceland Women's,Cecilía Rán Rúnarsdóttir,Ingibjörg Sigurðardóttir,17.3,39.4,22.8,19.2,20.935377,3.3011490428491186,0.03192990524546306,0.013812350239903175,-0.018117555005559886,0.15740200233398882,0.10437983853809374,-0.05302216379589508,0.43867122543008363,0.35039677592645924,-0.0882744495036244,10.659766796558747,14.161907797414875,0,0,0,0,0,0,0,0,1,0,0,1
3998853,4f7580e7-a001-4bd8-9040-4e8a183f05f7,2,66,20,Iceland Women's,Ingibjörg Sigurðardóttir,Alexandra Jóhannsdóttir,24.2,18.6,38.6,20.9,14.582523,14.550267430409548,0.038690849258641045,0.4246176100137123,0.38592676075507126,0.19625787924398955,0.897792134562918,0.7015342553189284,0.5539519975545913,1.4676120662278402,0.9136600686732489,10.521565798346893,3.9505553995336795,0,0,0,1,0,2,0,0,1,0,0,1
3998853,44cd1671-826c-4746-b1a4-e50c2e2bc1ae,2,66,21,Iceland Women's,Alexandra Jóhannsdóttir,Ingibjörg Sigurðardóttir,38.6,20.9,26.4,21.6,12.220065,-11.780579566854158,0.4246176100137123,0.034371792108385986,-0.3902458179053263,0.897792134562918,0.21409907634840095,-0.683693058214517,1.4676120662278402,0.6485927980203099,-0.8190192682075303,3.9505553995336795,12.34292209922895,0,0,1,0,2,0,0,0,1,0,0,1
3998853,22d704ec-7162-4717-bd82-b16c0f5a5592,2,66,25,Iceland Women's,Ingibjörg Sigurðardóttir,Cecilía Rán Rúnarsdóttir,26.4,21.6,11.9,34.9,19.675873,-12.828834178080996,0.28876678783714804,0.0022025412479813513,-0.2865642465891667,0.5549281396626311,0.03106482802017059,-0.5238633116424605,0.9700000525594261,0.16217671488539354,-0.8078233376740326,3.818832682374014,18.511627838613876,0,0,1,0,1,0,0,0,1,0,0,1
3998853,8f1de0ac-bbb3-4df4-991a-f9917d84ad66,2,66,39,Norway Women's,Emilie Marie Woldvik,Tuva Hansen,50.9,71.1,35.4,57.2,20.819702,-10.554641682680597,0.6131484483334781,0.05269981250105768,-0.5604486358324204,1.1519150848359838,0.23844544747708807,-0.9134696373588957,1.7947294053466192,0.6435305791852366,-1.1511988261613826,2.5162460375210025,9.342355931793824,1,0,1,0,2,0,0,0,1,0,0,1
3998853,f80e9ba4-3fef-45c3-9f54-dc66326c98a1,2,66,42,Norway Women's,Tuva Hansen,Cecilie Fiskerstrand,28.5,57.4,6.2,45.4,25.323704,-20.788313734783728,0.12110922249748413,0.006634056779785314,-0.1144751657176988,0.40846334188313504,0.05440088709428364,-0.3540624547888514,0.8365159485739775,0.20137323385806308,-0.6351427147159144,8.14828132419058,15.101756448697815,0,0,0,0,0,0,0,0,1,0,0,1
3998853,7e46becb-ac00-4fc7-be97-925e6d847906,2,66,46,Norway Women's,Cecilie Fiskerstrand,Tuva Hansen,6.3,45.7,22,45.4,15.702866,15.694123580761413,0.16518392345133742,0.2735139256068605,0.10833000215552308,0.36009552270584055,0.6642910606705219,0.30419553796468135,0.6252685365767076,1.1311092188168699,0.5058406822401623,5.423690794180612,6.0535826310650585,0,0,0,0,1,2,1,0,1,0,0,1
3998853,748e7be9-30e9-4434-99b9-4f38bfd66402,2,66,51,Norway Women's,Tuva Hansen,Karina Sævik,33.6,51.3,49.2,53.6,15.76864,15.041430949834918,0.4279640601672857,0.21532361789283044,-0.21264044227445528,1.1314319691437753,0.7707695432175643,-0.360662425926211,2.0377129503876033,1.7169054727469752,-0.320807477640628,5.380748193594034,7.1935688858009605,0,0,0,0,2,1,0,0,1,0,0,1
3998853,a71e5a78-20af-4433-944d-8bb008948a66,2,67,1,Norway Women's,Signe Gaupset,Frida Maanum,115.1,27.1,109.1,29.3,6.3906183,-1.474885844805538,0.3916303495990354,0.8363587064287973,0.44472835682976186,0.904647384475477,1.5432344418087942,0.6385870573333172,1.6581197670600396,2.3914471759474196,0.73332740888738,3.6497367464967447,2.007626033056529,0,1,1,1,1,3,0,0,0,1,1,1
3998853,d20d2ecf-9785-4711-b497-e4448e9ca61f,2,67,50,Norway Women's,Marit Bratberg Lund,Karina Sævik,107.2,9.3,107.5,52.7,43.401035,15.441887278106048,0.007365124912930882,0.5618733432357046,0.5545082183227737,0.0845853240020894,1.2751745454596928,1.1905892214576035,0.40484722194549944,2.320402429811017,1.9155552078655176,15.689671364237855,3.010097031225875,0,0,0,1,0,2,0,0,0,0,0,0
3998853,f61d748c-dc4f-4a3a-929d-38901c95603d,2,68,19,Iceland Women's,Ingibjörg Sigurðardóttir,Glódís Perla Viggósdóttir,23.3,25,25.6,38.5,13.694525,3.4445599150602106,0.0007198991336169503,0.0015010906156997141,0.0007811914820827639,0.016787449835552803,0.020222933136456,0.003435483300903198,0.10801199787920912,0.08732781444838734,-0.020684183430821776,22.15742691243984,19.504690073800074,0,0,0,0,0,0,0,0,1,0,0,1
3998853,9ef360ff-ad4e-4176-8b88-0f00f2c0d245,2,68,34,Iceland Women's,Glódís Perla Viggósdóttir,Dagný Brynjarsdóttir,37.6,33,46,32.9,8.400596,8.35696776690159,0.14975945895858592,0.3168754131886098,0.16711595423002387,0.3882534537490487,0.8423031267440644,0.4540496729950157,0.8161713641563869,1.557319803807733,0.741148439651346,5.806857727674304,5.515828602932562,0,0,0,0,1,2,0,0,1,0,0,1
3998853,f71003d4-38d3-4d6b-bba1-039880db1255,2,68,35,Iceland Women's,Dagný Brynjarsdóttir,Ingibjörg Sigurðardóttir,46,32.9,38.1,20,15.126798,-9.966814862225462,0.3168754131886098,0.15378962881330957,-0.16308578437530022,0.8423031267440644,0.437161747202486,-0.40514137954157836,1.557319803807733,0.9011059019040156,-0.6562139019037173,5.515828602932562,6.07368478818872,0,0,0,0,2,1,0,0,1,0,0,1
3998853,c1142beb-8a84-4a81-98ad-9fe65a1c0df4,2,68,54,Iceland Women's,Guðrún Arnardóttir,Karólína Lea Vilhjálmsdóttir,45.2,68.4,48.4,55.7,13.096946,6.7089079780190986,0.3930219648743497,0.9769314553911468,0.5839094905167971,0.6596890997281364,1.3283177171888723,0.6686286174607359,0.9992124949825387,1.8264512858904869,0.8272387909079482,2.921924325156958,0.5791137475049987,1,1,1,1,1,2,0,1,0,0,0,0
3998853,a8b1ec6c-d81b-4819-a7c5-70f860d432d2,2,69,15,Iceland Women's,Ingibjörg Sigurðardóttir,Glódís Perla Viggósdóttir,48.4,41.8,44.6,48.3,7.5292764,-4.23283252437983,0.04504819856196018,0.01075556479041884,-0.034292633771541334,0.25145776368345,0.11122405535905461,-0.1402337083243954,0.7544508262877531,0.447697372487069,-0.3067534538006841,10.202531608539573,15.99763643029538,0,0,0,0,0,0,0,0,1,0,0,1
3998853,a83a7c84-b4f2-4037-be1b-ae136875da49,2,69,27,Iceland Women's,Sædís Rún Heiðarsdóttir,Ingibjörg Sigurðardóttir,65.4,2,51.1,8.9,15.877657,-9.071906712114725,0.778135749523889,0.02284608720242808,-0.7552896623214609,1.1618913448601087,0.17473534622622802,-0.9871559986338807,1.630789732414205,0.6138619407465259,-1.0169277916676793,1.8081713054635784,13.185937409906554,1,0,2,0,2,0,0,0,1,0,0,1
3998853,2b6bc884-0d85-495e-b7c0-c2bbb96218cd,2,69,36,Iceland Women's,Sædís Rún Heiðarsdóttir,Glódís Perla Viggósdóttir,58.9,2,42.8,24.3,27.504545,-6.827432254027826,0.31255256184654945,0.013533984807592941,-0.2990185770389565,0.6994291339411357,0.12706598512147527,-0.5723631488196604,1.3491998143657684,0.4780293584864302,-0.8711704558793383,3.9506941138324287,14.995219142012326,0,0,1,0,1,0,0,0,1,0,0,1
3998853,bfc1f30f-6d76-44f1-a1bd-1a45224e07d0,2,69,39,Iceland Women's,Glódís Perla Viggósdóttir,Guðrún Arnardóttir,42.8,24.6,50.7,61.2,37.44289,6.250825643617176,0.016107572601595784,0.09325785303613746,0.07715028043454167,0.1409847262623288,0.2559923636823952,0.1150076374200664,0.5091949606006676,0.5106197359573343,0.001424775356666741,14.207274588715368,7.140146088792114,0,0,0,0,0,1,0,0,1,0,0,1
3998853,76d11b31-c920-4470-9f55-d60d1be37832,2,69,50,Norway Women's,Justine Kvaleng Kielland,Marit Bratberg Lund,30.2,18,33.1,7.4,10.98954,-0.35801949360887875,0.4515769998508979,0.10241954920056588,-0.349157450650332,0.9106616306847641,0.3057384230481403,-0.6049232076366238,1.5513348744978133,0.6793255476175176,-0.8720093268802956,3.198297739929059,6.973420189256487,0,0,1,0,2,1,0,0,1,0,0,1
3998853,71d27591-8dfc-4a1c-8789-d1eede8552a1,2,69,51,Norway Women's,Marit Bratberg Lund,Tuva Hansen,32.4,7,16.5,17,18.783237,-12.415146368088969,0.31948510468585983,0.045143009770877346,-0.2743420949149825,0.6026644237719677,0.24672148286732962,-0.35594294090463807,1.0698683000102243,0.7084713352806835,-0.36139696472954075,3.5292942825187392,10.796360197526477,0,0,1,0,1,0,0,0,0,0,0,0
3998853,8ea6f3dd-9f0c-4f69-b340-5f0a2e1828d0,2,69,55,Norway Women's,Tuva Hansen,Frida Maanum,17.8,14.3,52,22.5,35.169304,35.166090576910136,0.367246537526475,0.186555895919718,-0.18069064160675702,0.7990326372512955,0.5007677626211298,-0.2982648746301657,1.4146329994628954,0.9525057877113312,-0.46212721175156424,3.8778425695991694,5.949820409038398,0,0,1,0,2,1,0,0,1,0,0,1
3998853,08950377-a6c4-4161-862c-8fb761309c9e,2,70,16,Iceland Women's,Karólína Lea Vilhjálmsdóttir,Sveindís Jane Jónsdóttir,58.6,67.7,79.8,71.8,21.592823,16.102112704912372,0.1917141030009952,0.12705669558392757,-0.06465740741706763,0.43142898587079076,0.365311946720083,-0.06611703915070777,0.7996621830723231,0.7753220758112418,-0.024340107261081267,5.0844638187888735,6.507533869612182,0,0,0,0,1,1,0,0,1,0,0,1
3998853,7cb02969-0fb3-4915-92e1-fd307b4ff0da,2,72,40,Norway Women's,Tuva Hansen,Synne Jensen,24.7,17,41.9,16.6,17.20465,16.505988334008464,0.5030299776899061,0.35529003823280914,-0.14773993945709696,0.8700330494854698,0.6918458844630221,-0.1781871650224477,1.2812978676579367,1.21602507253114,-0.06527279512679685,2.649793873635631,3.3476929414345196,1,0,1,1,2,1,0,0,1,0,0,1
3998853,704b9744-cadd-4389-a4ce-b81d7d06029c,2,72,43,Norway Women's,Synne Jensen,Tuva Hansen,36.1,18.4,24.3,14.3,12.491998,-12.454919387739437,0.7314415265479779,0.05167697102872732,-0.6797645555192505,1.4516202423291622,0.26310901789125024,-1.188511224437912,2.248878165384936,0.7361981203977227,-1.512680044987213,3.17164697339309,9.897852487978161,0,0,1,0,4,0,0,0,1,0,0,1
3998853,5124e163-2ee5-49d9-86af-1b8d7238d1c6,2,73,9,Norway Women's,Justine Kvaleng Kielland,Cecilie Fiskerstrand,39.9,12,6.6,36.6,41.40109,-28.59808590007826,0.5435470359920741,0.002145042386344191,-0.5414019936057299,0.9580120613754162,0.030369255994846068,-0.9276428053805701,1.5108546745754312,0.16253393059302054,-1.3483207439824108,2.3224209296122376,18.569124577587075,1,0,1,0,1,0,0,0,1,0,0,1
3998853,fe5ab587-2196-43af-ad21-75c7d1f4392a,2,73,15,Norway Women's,Cecilie Fiskerstrand,Tuva Hansen,6.6,36.9,8.9,22.1,14.97765,0.9096134323979186,0.022130644852710744,0.006167702195486627,-0.015962942657224116,0.12669315225513383,0.07941377953699048,-0.04727937271814335,0.4074327157698359,0.340976880940391,-0.0664558348294449,11.618235668045434,17.747849933425712,0,0,0,0,0,0,0,0,1,0,0,1
3998853,93aa4d73-0f0a-4a85-a6f2-67e440cb33ff,2,73,21,Norway Women's,Tuva Hansen,Marit Bratberg Lund,17.9,16.3,16.8,5.6,10.756393,-3.9677532898877956,0.4468367142566604,0.12997969698090364,-0.31685701727575677,0.8079862810064727,0.39776159993506766,-0.4102246810714051,1.2568192086606325,0.8255726653860295,-0.431246543274603,2.999943582312777,6.858787912763543,1,0,1,0,2,1,0,0,1,0,0,1
3998853,0ec0b5ba-527d-4c3c-95bb-dbe6ce809359,2,73,49,Norway Women's,Justine Kvaleng Kielland,Marit Bratberg Lund,13.5,11.2,8.6,8.4,5.6435804,-5.469781582745085,0.9791700485733825,0.5448059828702605,-0.434364065703122,1.482236799927415,1.0068080067044658,-0.4754287932229493,2.0977686118105128,1.5868904279774625,-0.5108781838330503,1.7259464432696061,3.1680396154045254,2,0,2,1,2,2,1,0,1,0,0,1
3998853,540a9882-5640-46e0-b191-80df43d7c1bf,2,74,33,Iceland Women's,Ingibjörg Sigurðardóttir,Sædís Rún Heiðarsdóttir,27.8,44.2,30.2,17.2,27.106457,-0.35361894356097423,0.7423609956972149,0.045834254570056694,-0.6965267411271582,1.063042951442261,0.204334203106627,-0.858708748335634,1.621610480426409,0.5874148775091673,-1.0341956029172419,1.0702208548352836,9.517419213080613,1,0,1,0,1,0,1,0,1,0,0,1
3998853,1250d2be-2a9d-4341-8d3b-fe6ad9b0e250,2,74,58,Norway Women's,Signe Gaupset,Frida Maanum,76.4,70.4,92.2,46.3,28.81753,24.646946059295047,1.0189687526333502,0.38056652163522525,-0.638402230998125,1.7500169871098938,0.9642306109912653,-0.7857863761186286,2.6439934053216634,1.8234332101932533,-0.82056019512841,1.3284037972518021,5.014377322021614,1,0,1,0,3,2,0,0,0,1,1,1
3998853,dff5a4cb-0170-4ab9-821e-9b4539ce674a,2,76,8,Iceland Women's,Cecilía Rán Rúnarsdóttir,Glódís Perla Viggósdóttir,14.2,38.4,18.8,59.3,21.400234,2.7881683478542243,0.036397823544682344,0.06715891774011244,0.0307610941954301,0.2029315261774252,0.2480031555334117,0.04507162935598652,0.6091830114340271,0.608867865193522,-0.0003151462405051042,10.886916515185618,8.335319705201295,0,0,0,0,0,0,0,0,0,0,0,0
3998853,f7f9d0bc-8dd1-4e22-bca3-5cc636b5faad,2,76,11,Iceland Women's,Glódís Perla Viggósdóttir,Sveindís Jane Jónsdóttir,19.7,59.3,63.1,65.9,43.898975,39.622644368384066,0.5977693506185207,0.24266803483297478,-0.3551013157855459,0.8274305312240388,0.6180120801667013,-0.20941845105733747,1.17228076659393,1.141724990190104,-0.030555776403826007,1.6105572874022984,5.58588361764204,1,0,1,0,1,2,1,0,0,0,0,0
3998853,85684c48-3fbc-4537-a73f-36fa1dd01fc8,2,76,25,Norway Women's,Marit Bratberg Lund,Synne Jensen,49.2,4,63.1,7.7,14.384019,13.998360543862447,0.2632067620087448,0.8106585819927151,0.5474518199839703,0.6110687999439514,1.1795603526262046,0.5684915526822533,1.1153298495894512,1.7679203161947292,0.652590466605278,4.6839645480337735,0.9443970073354819,0,1,1,1,1,1,0,1,1,0,0,1
3998853,8bc40b4e-bfb3-458e-a834-e0e32809489c,2,76,29,Norway Women's,Synne Jensen,Signe Gaupset,59,20.7,68,33.3,15.484185,11.550529714370825,0.6979525765715399,0.5811328394644996,-0.1168197371070403,1.4937779156405804,1.4099955801494002,-0.0837823354911802,2.57187428028901,2.57413569937833,0.0022614190893199826,2.9299967954934267,3.7178488193425125,1,0,1,1,3,3,0,0,1,0,0,1
3998853,b706a752-a61a-4369-9608-648ad4bb2c76,2,76,38,Norway Women's,Emilie Marie Woldvik,Lisa Fjeldstad Naalsund,76,76.3,72.2,67.4,9.677293,1.944846148627434,0.04214322616383485,0.11132911352804865,0.0691858873642138,0.20652521400025498,0.4541702197690491,0.2476450057687941,0.6230285354629795,1.1211154258630962,0.49808689040011667,9.890051036770569,8.90269739539681,0,0,0,0,0,0,0,0,1,0,0,1
3998853,8b5a1dd8-6098-4a56-8c3c-8c2bfd0496df,2,76,47,Norway Women's,Frida Maanum,Synne Jensen,103.1,21.4,106.1,15.6,6.529931,-2.9504320805727993,0.5938738574067037,0.166277007036543,-0.4275968503701607,1.0709437681470209,0.4988492631357363,-0.5720945050112846,1.7422538712386362,1.0829775399949286,-0.6592763312437075,3.243554808088926,7.488075995833378,0,0,2,0,2,2,0,0,0,1,1,1
3998853,c2538a46-c164-46db-94d5-7221405ca300,2,77,7,Iceland Women's,Glódís Perla Viggósdóttir,Amanda Jacobsen Andradóttir,12.2,64.3,53.8,62.2,41.65297,40.681681458070045,0.1781659265954402,0.687190739350416,0.5090248127549758,0.4235258247349776,1.1500820289325877,0.7265562041976101,0.7797413931646382,1.6231861228932518,0.8434447297286136,5.335303985834747,2.1260902350059854,0,1,0,1,1,3,0,0,1,0,0,1
3998853,43092841-ef8e-4492-ab9a-522ad9dac2a4,2,77,21,Norway Women's,Justine Kvaleng Kielland,Signe Gaupset,71.8,37.5,72.4,44.7,7.2249565,0.4333154862514377,0.8329957240727079,0.2226385951747468,-0.6103571288979611,1.4457129007034601,0.771777604076407,-0.6739352966270531,2.337527867865665,1.708899468259172,-0.6286283996064927,1.8213927538608543,6.264039649114021,1,0,2,0,2,1,0,0,1,0,0,1
3998853,fd9d1900-16b6-4feb-9cff-8b9ec01df6c1,2,77,24,Norway Women's,Signe Gaupset,Emilie Marie Woldvik,69,48.6,65,62.7,14.656398,-7.780320665602538,0.251632812871089,0.056291461654716005,-0.19534135121637303,0.8461631938780795,0.299533745714161,-0.5466294481639185,1.8138488222509028,0.8605062431348971,-0.9533425791160057,6.692205728074549,11.066078236470222,0,0,0,0,1,0,0,0,1,0,0,1
3998853,9af5260b-984b-40bf-90c4-4655d8b70c55,2,77,30,Norway Women's,Emilie Marie Woldvik,Justine Kvaleng Kielland,65.9,55,70.4,44.8,11.148542,6.309266439863144,0.3526493820835627,0.821415848116392,0.4687664660328293,0.8700710669314594,1.5150735673993192,0.6450025004678598,1.5943427268606125,2.4213848424351867,0.8270421155745742,5.207637817399847,2.0831138914241882,0,1,0,1,2,3,0,0,1,0,0,1
3998853,bb530a42-1228-42de-a6f7-449dff7dbec8,2,77,31,Norway Women's,Justine Kvaleng Kielland,Maren Nævdal Mjelde,71.7,45.2,52,55.5,22.23016,-21.16506464701834,1.084436872273228,0.03230637249162682,-1.0521304997816012,1.6378330649389687,0.2044457594265821,-1.4333873055123867,2.433801503382976,0.6589333167335065,-1.7748681866494695,0.7548315709743473,11.414357958569592,1,0,2,0,2,0,1,0,1,0,0,1
3998853,03293220-3fe1-4207-ba81-7ce1cf8becf3,2,77,36,Norway Women's,Maren Nævdal Mjelde,Signe Gaupset,55.7,60.9,68.3,78.5,21.645323,3.1510141475314555,0.7570551802793858,0.036310452666915155,-0.7207447276124707,1.133045061462084,0.2229494642295175,-0.9100955972325664,1.74994129859149,0.7208116796063042,-1.0291296189851857,1.140034275892948,10.968409852921297,1,0,1,0,1,0,1,0,0,0,0,0
3998853,3803c4c6-adee-48fd-aa57-27ae67870c8f,2,77,58,Iceland Women's,Cecilía Rán Rúnarsdóttir,Glódís Perla Viggósdóttir,3.9,38.9,7.5,50.4,12.050311,3.1255224680357117,0.11305671775293101,0.0682773611563722,-0.04477935659655881,0.2853805422508809,0.27089573114180365,-0.014484811109077234,0.5267457209789054,0.6147599497860272,0.08801422880712184,6.565385963646179,9.557139071210992,0,0,0,0,1,0,1,0,0,0,0,0
3998853,76467d9e-008a-4302-a297-413fec2d125e,2,78,1,Iceland Women's,Glódís Perla Viggósdóttir,Guðrún Arnardóttir,6.4,50.1,15.4,73.7,25.25787,4.153381537780987,0.35670013264712225,0.07821605305170905,-0.2784840795954132,0.6748427150772818,0.2467397744408815,-0.4281029406364003,1.0600924242456449,0.5327029030562018,-0.527389521189443,3.484283660117459,7.7454604356360734,0,0,1,0,1,1,1,0,0,0,0,0
3998853,ad10768b-324b-48be-918b-73cfc4db62a9,2,78,46,Norway Women's,Justine Kvaleng Kielland,Marit Bratberg Lund,78.1,8.7,86,5.5,8.523497,3.86199076727366,0.6495211392407666,0.16262246307535086,-0.4868986761654157,1.1748367282264247,0.5562207237485314,-0.6186160044778933,1.965901252620855,1.2832115374096456,-0.6826897152112095,2.2305271152714603,6.944415843790252,1,0,1,0,2,1,0,0,1,0,0,1
3998853,e9c1ddce-13b0-45e6-a6d7-0d965bfaf72e,2,78,48,Norway Women's,Marit Bratberg Lund,Lisa Fjeldstad Naalsund,79.3,4.6,71,19.6,17.14322,0.8642463529258464,0.23424231876662926,0.3034235006220493,0.06918118185542005,0.717780455086002,0.8120302286754153,0.09424977358941333,1.5924315014936923,1.638467590603411,0.04603608910971868,5.759689561238046,5.884928100529272,0,0,0,0,1,2,0,0,0,0,0,0
3998853,f45b169a-9e11-428b-8650-fcb16a18d8e7,2,78,49,Norway Women's,Lisa Fjeldstad Naalsund,Marthine Østenstad,71,19.6,52.3,20.7,18.732325,-17.32037577805221,0.3034235006220493,0.133568319002217,-0.16985518161983232,0.8120302286754153,0.37527364508732897,-0.43675658358808633,1.638467590603411,0.7672209908041752,-0.8712465997992358,5.884928100529272,6.363884271240151,0,0,0,0,2,1,0,0,0,0,0,0
3998853,acef45d6-4ea8-4bd7-a9ca-5ee5add47818,2,78,51,Norway Women's,Marthine Østenstad,Tuva Hansen,52.3,21.1,54.9,8,13.355523,-2.251022847901041,0.13356831937531546,0.004915855835711468,-0.128652463539604,0.37527364679433695,0.05879901823577678,-0.3164746285585602,0.7672209935926668,0.26089445237932496,-0.5063265412133419,6.363884278219943,16.855591685646154,0,0,0,0,1,0,0,0,1,0,0,1
3998853,58b895b4-9328-4e6d-b700-26a2baccfbd3,2,79,3,Norway Women's,Tuva Hansen,Justine Kvaleng Kielland,47.4,22.5,52,20,5.235456,3.79920077123154,0.9141524493227858,0.6390757273280653,-0.27507672199472055,1.492575149707504,1.2425675958368863,-0.2500075538706177,2.1298911172565833,1.976068227253488,-0.15382289000309535,1.5012533599687528,2.953181126439692,1,1,1,1,2,3,1,0,1,0,0,1
3998853,331ca312-c5a7-449e-aa0c-27ff34616261,2,79,5,Norway Women's,Justine Kvaleng Kielland,Tuva Hansen,51.3,20.3,56.1,29.2,10.111875,6.662484724202088,1.0791827634157423,0.46473065888635046,-0.6144521045293918,1.665124494922953,1.0283949721078374,-0.6367295228151155,2.3513260330869565,1.8211374814897545,-0.530188551597202,1.8613404608739423,3.25385534660724,2,0,2,1,2,1,0,0,1,0,0,1
3998853,915d68ce-f5b0-4390-a0a6-f0716c118f2b,2,79,17,Norway Women's,Justine Kvaleng Kielland,Frida Maanum,63.6,48.1,74.1,25.1,25.283394,8.720831120892313,0.3757527822255699,0.07237021019887675,-0.30338257202669316,0.8103131500554404,0.3015606605931213,-0.508752489462319,1.5456600655714203,0.8034751516476548,-0.7421849139237655,3.358168139894402,8.74989366691947,0,0,1,0,1,0,0,0,1,0,0,1
3998853,9e466b32-443d-4bd3-8304-f7e751b84236,2,79,22,Norway Women's,Frida Maanum,Emilie Marie Woldvik,84.8,40.3,100.9,60.9,26.145172,6.888383797015042,0.8184987945315663,0.3262885060029154,-0.49221028852865084,1.3749104233545968,0.6869167929283031,-0.6879936304262937,2.2438716486662287,1.3621540602018016,-0.881717588464427,1.3099617618878385,3.5813479547939955,1,0,1,1,2,1,0,0,1,0,0,1
3998853,46544cf1-48f3-4152-b138-cad81c5cad0c,2,79,33,Norway Women's,Justine Kvaleng Kielland,Signe Gaupset,81,44.3,92.3,45,11.321661,11.088688762909413,0.4848277076540437,0.5440039099233565,0.05917620226931275,0.822159016213069,1.4390356082027762,0.6168765919897072,1.4739437614003452,2.62437760220473,1.1504338408043848,2.307285862023081,5.58995412890044,1,0,1,0,1,3,0,0,0,1,1,1
3998853,1f54ee9b-1ea1-43ea-bb24-762708d54120,2,79,35,Norway Women's,Signe Gaupset,Karina Sævik,92.3,45.2,100.9,38.5,10.9018345,9.025050645878942,1.2291098413662986,1.8007736807274513,0.5716638393611526,2.1705682178552417,2.5718034270133496,0.40123520915810795,3.300822921735763,3.5630938965565675,0.2622709748208045,1.7006363341014576,0.5245800549937626,1,2,2,3,4,4,0,1,0,1,1,1
3998853,2370c44e-aaae-4917-bf3b-570410b2b77f,2,79,36,Norway Women's,Karina Sævik,Frida Maanum,100,38.9,103.8,44.8,7.017834,3.134073749578551,1.9110266397014026,1.2117418653004686,-0.6992847744009341,2.6643022779328556,2.3831117003149616,-0.281190577617894,3.646038134201267,3.6958419775178566,0.04980384331658971,0.36067357198226363,2.726506627790762,2,1,3,2,4,6,0,0,0,1,1,1
3998853,a7f92efb-2237-4abe-b234-cf0e57088e6d,2,80,19,Norway Women's,Signe Gaupset,Marthine Østenstad,56.7,67.5,36.2,70.4,20.704105,-20.128198704231565,0.6221745660118613,0.038005447760832325,-0.5841691182510289,1.4363115363855405,0.19601436105608488,-1.2402971753294556,2.4848136515959798,0.6111580201885299,-1.8736556314074497,4.476048450737201,10.174872776799194,0,0,1,0,3,0,0,0,1,0,0,1
3998853,1e5586ed-9a81-474e-9063-7a9401382832,2,80,22,Norway Women's,Marthine Østenstad,Cecilie Fiskerstrand,38.5,70.8,17.8,50.9,28.714108,-15.653904831742963,0.06506260839641692,0.0018407188528695015,-0.06322188954354742,0.25656996060081383,0.030157346370722822,-0.226412614230091,0.6974063521496534,0.14537942953535354,-0.5520269226142999,8.442965153801914,20.928290388597958,0,0,0,0,0,0,0,0,1,0,0,1
3998853,eac1b4e3-efae-4ad1-90da-943322a73738,2,80,26,Norway Women's,Cecilie Fiskerstrand,Marthine Østenstad,17.8,50.9,26.2,69,19.954197,4.598968777435246,0.013079947746112963,0.04968600272758347,0.03660605498147051,0.09217441348288645,0.18778459481712348,0.09561018133423703,0.28554300141732647,0.44726342859886103,0.16172042718153457,13.594349870174737,9.112390121855782,0,0,0,0,0,0,0,0,1,0,0,1
3998853,5dab9e7e-6c68-4637-a14f-46aa255a8cc9,2,80,52,Norway Women's,Frida Maanum,Synne Jensen,95.9,41.7,110.7,28.3,19.96497,9.213981657184911,1.0941418971556525,0.1133140863812004,-0.980827810774452,2.023044025653829,0.5103769905647656,-1.5126670350890632,2.944645566952866,1.2810704853444048,-1.6635750816084611,3.054074083231622,8.60720888295639,0,0,2,0,5,0,0,0,0,1,1,1
3998853,d61d1e14-46ad-428a-92ad-a8d9437bc600,2,81,56,Norway Women's,Synne Jensen,Emilie Marie Woldvik,96.3,24.5,94.1,43.3,18.928286,2.2091598746164856,0.46506530354226716,0.10811569034312832,-0.35694961319913887,0.9027959720052157,0.603953944879976,-0.29884202712523966,1.6004002320426405,1.6991544411234867,0.0987542090808462,3.062636632540789,9.582738878475897,0,0,1,0,2,0,0,0,1,0,0,1
3998853,21755495-a53d-4114-8388-11e14eda70c7,2,81,58,Norway Women's,Emilie Marie Woldvik,Signe Gaupset,96.3,43.4,102.4,57.8,15.638734,-1.089339758546764,0.4833556395514794,0.31263409281112065,-0.17072154674035878,1.3403765680492277,0.9901764028906038,-0.35020016515862384,2.7166345637504383,2.103106225449117,-0.6135283383013213,3.7039707351656928,5.662779848900706,0,0,1,0,1,1,0,0,0,0,0,0
3998853,6093ae45-eff3-4807-8101-74a0e04cfc3e,2,82,0,Norway Women's,Signe Gaupset,Marit Bratberg Lund,103.7,57.7,103.1,73.3,15.611534,-13.281001458050099,0.3952029407966431,0.03665896364276449,-0.3585439771538786,1.0225151830146837,0.1707962620391691,-0.8517189209755146,2.05992989579482,0.5460329749986959,-1.5138969207961241,3.9899646081662117,10.029107257012154,0,0,1,0,1,0,0,0,0,0,0,0
3998853,b5b73132-2294-4942-9e79-0fb08c41e4c5,2,82,23,Norway Women's,Synne Jensen,Frida Maanum,69,33.3,78.1,29,10.06479,8.118358486817648,0.7300723599049987,1.160198558567508,0.43012619866250934,1.4711842716467038,1.8298867972711095,0.35870252562440563,2.612545475098883,2.683519429776289,0.07097395467740641,2.5442425328657587,1.1710174097760524,1,1,2,2,2,3,0,1,1,0,0,1
3998853,626ee08b-f8c4-47ac-a761-7ca34dd2d33a,2,82,24,Norway Women's,Frida Maanum,Karina Sævik,79.3,29.2,83.5,35.9,7.9075913,5.378998066155134,1.160198488299005,1.0369521295766193,-0.12324635872238576,1.8298867649192412,1.9394252013318731,0.10953843641263195,2.6835193798107193,2.934917532015124,0.25139815220440465,1.1710191972859274,2.503302170489828,1,1,2,2,3,5,1,0,1,0,0,1
3998853,6938a68b-7bdd-4c4a-9f2b-4c51fecb05a9,2,82,32,Norway Women's,Lisa Fjeldstad Naalsund,Justine Kvaleng Kielland,83.5,27.8,79.3,40.3,13.186736,-2.216173519738952,0.23961296029778814,0.11525269079153908,-0.12436026950624907,0.5885546292795898,0.455366956192077,-0.13318767308751278,1.2455605577572078,1.186185823637615,-0.05937473411959271,4.604336007282685,7.701385769243683,0,0,1,0,1,1,0,0,1,0,0,1
3998853,322f370b-ad1a-4605-ac5f-5586fdbd21d4,2,82,34,Norway Women's,Justine Kvaleng Kielland,Emilie Marie Woldvik,80.7,47.2,82,62.9,15.75373,-4.412668178519205,0.13201108950689133,0.027611304407236973,-0.10439978509965436,0.5238802972486113,0.18408729001372404,-0.33979300723488726,1.319916946221839,0.6421421777189121,-0.6777747685029268,7.836189492447676,11.448522231028315,0,0,0,0,1,0,0,0,1,0,0,1
3998853,bca29441-fb36-49be-adf8-1cd5cdc93c4b,2,82,41,Norway Women's,Justine Kvaleng Kielland,Signe Gaupset,87.5,67.4,85.2,73,6.0539246,-5.449792023998874,0.44003126837480233,0.17626479373401643,-0.2637664746407859,0.8347163174729225,0.49285498314294873,-0.3418613343299738,1.444181015338152,0.991957879483161,-0.45222313585499097,2.919839122894684,6.719602167434226,1,0,1,0,1,1,0,0,1,0,0,1
3998853,150373ea-572c-47af-b83a-45784ecc06f4,2,82,44,Norway Women's,Signe Gaupset,Lisa Fjeldstad Naalsund,84.6,70.4,83.5,56.8,13.644413,6.481044878863081,0.22050674656711763,0.06683726746936054,-0.15366947909775708,0.5579080917685857,0.38579985606655764,-0.17210823570202805,1.1605510220544015,1.1255456138626267,-0.03500540819177478,4.957678044546762,10.8566551538797,0,0,1,0,1,0,0,0,1,0,0,1
3998853,0db7da4b-1680-42db-bffb-292c6823c552,2,82,49,Norway Women's,Frida Maanum,Karina Sævik,89.7,33.4,104.2,22.1,18.383144,7.134762214365178,0.2590911054824349,0.13734143535949442,-0.1217496701229405,0.6641638787447429,0.4370121202748193,-0.22715175846992364,1.3779446629360153,1.0183221064835382,-0.3596225564524771,4.698231529406525,6.598129306543845,0,0,1,0,1,1,0,0,1,0,0,1
3998853,82935081-11a6-4a68-a3a2-3b3f294264a1,2,83,14,Norway Women's,Cecilie Fiskerstrand,Marthine Østenstad,17.2,43.3,35.4,62,26.094635,15.439224388850675,0.17066152825843808,0.0029543996989511963,-0.16770712855948688,0.34616358364364863,0.039595675516708034,-0.30656790812694057,0.5152889879253973,0.17163508487950677,-0.3436539030458906,5.304219152774112,18.751747697353178,0,0,0,0,1,0,0,0,1,0,0,1
3998853,4ab3aa2a-5b79-49a2-89ba-90110ee1a587,2,83,18,Norway Women's,Marthine Østenstad,Justine Kvaleng Kielland,40.8,64.3,54.6,67.1,14.081193,12.051566943443092,0.13859739234632923,0.3606668864659974,0.2220694941196682,0.34900375605760525,0.7912886050077592,0.44228484895015396,0.6660414641006567,1.3844407009019315,0.7183992368012748,6.026464364821003,3.808171678463401,0,0,0,1,1,1,0,0,1,0,0,1
3998853,4464682c-11b7-4adf-ba0f-889c12e055a1,2,83,21,Norway Women's,Justine Kvaleng Kielland,Synne Jensen,55.6,53.7,75.5,12,46.20498,13.264961318008858,0.38658744782386706,0.02678374861259107,-0.359803699211276,1.0297474950811571,0.16506158752150332,-0.8646859075596538,1.9237352314294405,0.5148583753465663,-1.4088768560828742,5.352646438649513,12.378401528805638,0,0,0,0,3,0,0,0,1,0,0,1
3998853,8eacdd8c-c29e-42e2-8b42-361895d4c969,2,83,29,Norway Women's,Synne Jensen,Justine Kvaleng Kielland,94.4,27.2,87.6,44.4,18.495405,-4.075730396299996,0.872517266383108,0.35803361418683355,-0.5144836521962745,1.3307895268355998,0.8497524119350709,-0.4810371149005289,2.0410607635858242,1.704406985877425,-0.3366537777083993,0.921987324662579,3.6633666583855615,1,0,1,1,2,1,0,0,1,0,0,1
3998853,66deae53-2303-45b4-be79-cc445f06798e,2,83,32,Norway Women's,Justine Kvaleng Kielland,Lisa Fjeldstad Naalsund,89.4,44.7,92.7,30,15.065855,1.884972216420536,0.5025847120816331,0.0892369789058509,-0.4133477331757822,1.216003029426984,0.46101378553176997,-0.7549892438952139,2.2822376508960835,1.2714842441299248,-1.0107534067661588,3.463238331812369,9.593071643048821,0,0,1,0,1,0,0,0,1,0,0,1
3998853,2ac0635c-6fdd-417c-8e70-1a3360a1825d,2,83,54,Iceland Women's,Sveindís Jane Jónsdóttir,Hlín Eiríksdóttir,105.9,46.8,107,35.4,11.452948,1.864221611679417,0.9586777719629336,0.26255690734682824,-0.6961208646161053,1.579743230221517,0.7210831856190181,-0.858660044602499,2.3094207160681774,1.411166696149159,-0.8982540199190185,2.1687583691002223,6.257258619081241,1,0,2,0,3,2,1,0,0,1,1,1
3998853,3d88874a-8333-448a-a98e-122edede5af8,2,85,2,Iceland Women's,Cecilía Rán Rúnarsdóttir,Glódís Perla Viggósdóttir,18,40.2,22.8,48.8,9.848858,4.4026551256143875,0.0032593843849669604,0.011810911586943296,0.008551527201976336,0.047074802459696474,0.10161882891685249,0.05454402645715602,0.22930332800174374,0.36706905189939726,0.1377657238976535,18.22924390549498,15.409749491830931,0,0,0,0,0,0,0,0,1,0,0,1
3998853,120dcb7a-432e-4337-b963-bd3242d4668f,2,85,5,Iceland Women's,Glódís Perla Viggósdóttir,Cecilía Rán Rúnarsdóttir,22.8,48.8,20.5,40.8,8.324061,-1.9056750757994223,0.014327619325164062,0.005112434407514613,-0.009215184917649449,0.10861005391129103,0.05907736125680528,-0.04953269265448575,0.3771945114520276,0.25070906522681463,-0.12648544622521296,13.474376535155356,17.91843693243697,0,0,0,0,0,0,0,0,1,0,0,1
3998853,5927f428-1e23-49ff-9449-5ea72bb7152d,2,85,12,Iceland Women's,Glódís Perla Viggósdóttir,Agla María Albertsdóttir,36.3,51.4,81,3.4,65.59032,30.988573404467722,0.38110700131997394,0.48875941350927143,0.1076524121892975,0.6606476001109146,0.6870707560724628,0.026423155961548206,1.0894107680200276,0.99410199871966,-0.09530876930036758,2.9951262355780695,2.15886974111802,1,1,1,1,1,1,0,0,1,0,0,1
3998853,c59b0cf0-a5be-437d-897c-b274713d20c3,2,86,9,Norway Women's,Marthine Østenstad,Karina Sævik,19,64.6,58,62.3,39.06776,38.064215177576386,0.06587264603390779,0.9292543810596721,0.8633817350257643,0.2853159886437428,1.3188696287085562,1.0335536400648133,0.6991240706777286,1.835326565125197,1.1362024944474685,9.157545979464295,0.8134080273793108,0,1,0,1,0,2,0,1,0,0,0,0
3998853,6912cc4d-8e14-4200-b2dc-e2342be2017a,2,86,45,Norway Women's,Emilie Marie Woldvik,Justine Kvaleng Kielland,37.7,70.8,37.5,57.8,13.001538,3.476112342148909,0.1366222014926416,0.26498942375024875,0.12836722225760716,0.5068394680587661,0.7229998234533387,0.21616035539457257,1.1524600907599687,1.4118554663709333,0.2593953756109646,7.75911018204591,5.866748627527347,0,0,0,0,1,2,0,0,1,0,0,1
3998853,9dcfc248-0a4f-444a-85e1-d11077796b2e,2,86,55,Norway Women's,Marit Bratberg Lund,Lisa Fjeldstad Naalsund,53,20.4,56.7,39.2,19.160637,6.50296737119416,0.20800620440211615,0.04901856494168753,-0.15898763946042863,0.551610737109207,0.23252117921697069,-0.31908955789223636,1.0333908730217876,0.61014877257402,-0.42324210044776756,5.64267243406025,10.075034227606281,0,0,0,0,1,0,0,0,1,0,0,1
3998853,76c66ce5-2d15-42c6-a16f-c0c9c4c4a797,2,87,3,Norway Women's,Lisa Fjeldstad Naalsund,Tuva Hansen,61.1,46.7,51.6,36.6,13.865786,-9.204605985826767,0.6066345865378949,0.026112505279931048,-0.5805220812579639,1.1200239437937294,0.2005794261727135,-0.9194445176210159,1.927029729502528,0.6860959482215202,-1.240933781281008,2.156385583039096,13.626255111840544,1,0,1,0,2,0,0,0,1,0,0,1
3998853,4b2beef1-efe7-49fc-8f5b-6135f2b22bb0,2,87,12,Norway Women's,Marthine Østenstad,Frida Maanum,48.8,63.2,68.6,28,40.38663,22.102250345269915,0.5345639526752989,0.09524294728544695,-0.4393210053898519,0.8697331343867742,0.2763884585447159,-0.5933446758420584,1.384437718189669,0.6166489559013202,-0.7677887622883488,2.0996565704273285,7.114077070676291,1,0,1,0,1,1,1,0,1,0,0,1
3998853,4a9f5737-0cc4-4b80-855e-c5b843690c88,2,87,49,Norway Women's,Justine Kvaleng Kielland,Synne Jensen,78.1,31.4,95.9,18,22.280035,10.14204651778212,0.2503462783682397,0.042367165628338026,-0.20797911273990166,0.5359229816876003,0.19883054867688552,-0.3370924330107148,1.1029200717737129,0.6059086647786918,-0.4970114069950211,4.254550510992569,9.72608248924831,0,0,1,0,1,0,0,0,1,0,0,1
3998853,8c7068ab-6d0d-4d3a-8929-4fd38f5403b5,2,87,59,Norway Women's,Synne Jensen,Karina Sævik,113.8,21.3,104.2,29.7,12.756175,0.8402092809931894,0.38287309754038024,0.5657347839578215,0.18286168641744127,0.9414598711692514,1.5533529722528125,0.6118931010835611,1.813875891791661,2.9834004091473534,1.1695245173556923,4.042552439250718,3.811773486063965,0,0,1,1,1,1,0,0,0,0,0,0
3998853,1ce970d4-7b1a-4c01-9967-6cc0570ce436,2,88,38,Iceland Women's,Agla María Albertsdóttir,Dagný Brynjarsdóttir,66.2,29.6,78.4,25.5,12.870509,10.741360071562056,1.1431604987084012,0.7576200690471393,-0.3855404296612619,2.0384699143980987,1.685354369362728,-0.3531155450353707,3.2009338935272416,3.0195341662728983,-0.18139972725434328,1.5112301415468214,2.2355264828082486,1,1,2,1,4,2,1,0,1,0,0,1
3998853,2ef7acda-19aa-4b97-a8c7-dc60e47a712d,2,89,42,Iceland Women's,Sædís Rún Heiðarsdóttir,Cecilía Rán Rúnarsdóttir,39.6,7.5,13.2,25.7,32.06556,-21.032799894561776,0.3561379090677708,0.044235328596189706,-0.3119025804715811,0.6792505593140354,0.16715081416023267,-0.5120997451538027,1.156202780064,0.41125504387368045,-0.7449477361903196,3.4031214535975884,9.3851662781924,0,0,1,0,1,0,0,0,1,0,0,1
3998853,f6d1e00a-438d-4374-82bd-e27e4e5c0344,2,89,47,Iceland Women's,Cecilía Rán Rúnarsdóttir,Glódís Perla Viggósdóttir,11.3,25.3,15.6,31.5,7.545197,4.944017418068199,0.39599655613442064,0.6155504974891008,0.2195539413546802,0.6004563635429998,0.9783249861303246,0.3778686225873248,0.8597173053701817,1.3711999673282873,0.5114826619581057,2.790302670460509,2.338006298775642,1,1,1,1,1,2,1,0,1,0,0,1
3998853,71161f06-babc-45cf-827f-ff85644662c5,2,89,48,Iceland Women's,Glódís Perla Viggósdóttir,Berglind Rós Ágústsdóttir,15.6,32.9,29.3,29.8,14.046351,13.369411557031668,0.6155507053156164,0.12545953803278276,-0.49009116728283364,0.978325147185238,0.4983927077114491,-0.4799324394737889,1.3712000825072281,1.133858092746119,-0.2373419897611091,2.3380048053683624,8.384984228872156,1,0,1,0,2,0,0,0,1,0,0,1
3998853,decdfdd6-0095-44e4-be74-c5c1f1e2f94d,2,89,53,Iceland Women's,Berglind Rós Ágústsdóttir,Guðrún Arnardóttir,40.4,32,45.1,56.9,25.339693,3.2180591800510854,0.3068062439882912,0.05592905682225004,-0.2508771871660412,0.8803825333057897,0.2395342824119409,-0.6408482508938489,1.7430235554133346,0.6423447060977554,-1.1006788493155792,5.919743949357715,9.03524792784841,0,0,0,0,2,0,0,0,0,0,0,0
3998853,8a1a1479-9540-4b5c-a928-831c3d950237,2,90,10,Norway Women's,Frida Maanum,Karina Sævik,51.9,23.9,75,11.1,26.409279,16.49635084668958,0.387225011828583,0.08255456500099882,-0.30467044682758415,0.784099553677506,0.2801286125159089,-0.503970941161597,1.4067157987183743,0.6279732956280323,-0.778742503090342,3.3543640361307645,7.790669258999926,0,0,1,0,1,1,0,0,1,0,0,1
3998853,d1801cf6-6e38-4d96-a1e5-8e8e35405705,2,90,40,Iceland Women's,Berglind Rós Ágústsdóttir,Agla María Albertsdóttir,62.7,39.4,68.8,27.5,13.372359,4.59934634537462,0.40621226456755843,0.44473156147866744,0.038519296911109,1.0901002004173466,1.035108584348173,-0.054991616069173466,2.0931269624471485,1.939329084198782,-0.15379787824836644,5.840265906951098,3.78768142087798,0,0,0,1,3,2,0,0,1,0,0,1
3998853,2996b400-71ef-4d3f-9eac-0bd1522973cc,2,90,45,Iceland Women's,Agla María Albertsdóttir,Dagný Brynjarsdóttir,67.3,32.9,114.9,19.2,49.532314,31.76000703371318,0.6499589200451374,0.054121000991628414,-0.595837919053509,1.3386701590316543,0.27138926843332767,-1.0672808905983266,2.3685814358106185,0.7841263528907152,-1.5844550829199033,2.6424048833803195,9.570809535369225,1,0,1,0,2,0,0,0,0,0,0,0
3998853,a7ee5818-d8fd-4abe-b18a-f71e9bb621a6,2,95,28,Norway Women's,Marthine Østenstad,Signe Gaupset,37.8,47.2,67.1,76.1,41.154587,18.47083475875378,0.10803033634325233,0.1497082227353295,0.04167788639207716,0.4149518110284241,0.47027976125911697,0.05532795023069287,1.012076213601813,1.045801645827866,0.033725432226052954,7.546509632891103,6.373140129535545,0,0,0,0,1,1,0,0,1,0,0,1
3998838,e197511d-755d-42c3-9288-d9f377a5212a,1,0,3,Italy Women's,Manuela Giugliano,Martina Lenzini,46.6,43.7,35.7,66.1,24.911242,-14.754749187664913,0.05367056609008069,0.002135376120883086,-0.051535189969197606,0.2498973568320065,0.029518314836801226,-0.22037904199520528,0.6558341455858439,0.14946309856530612,-0.5063710470205377,10.689451452125692,18.600276712176715,0,0,0,0,0,0,0,0,0,0,0,0
3998838,f62df994-b254-4d7a-ae57-66e133b2870d,1,0,6,Italy Women's,Martina Lenzini,Lucia Di Guglielmo,37,66.1,49.9,76,16.260996,8.20333707681641,0.012500991145178419,0.08786639761482345,0.07536540646964504,0.085686514131616,0.27491905429882174,0.18923254016720575,0.3028764612817364,0.6153106230244927,0.3124341617427563,13.269517194194194,7.449676548380008,0,0,0,0,0,1,0,0,0,0,0,0
3998838,dc94852c-b902-4457-a60a-4538606c8eea,1,0,8,Italy Women's,Lucia Di Guglielmo,Arianna Caruso,48.9,77.3,75.9,77.8,27.00463,22.20696893506051,0.5211316666050934,0.5442318223818787,0.02310015577678537,0.7359455302988768,0.8200112872960125,0.0840657569971357,1.050645038721415,1.274153898454287,0.22350885973287205,1.9890806245178685,1.9179483973961065,1,1,1,1,1,1,1,1,0,0,0,0
3998838,04a31bef-4c13-4e62-b81c-c5202891b81c,1,0,28,Italy Women's,Laura Giuliani,Manuela Giugliano,15,50.5,30.8,46,16.42833,16.122128039958923,0.0018370443166444155,0.04266570523729161,0.04082866092064719,0.026426870292428937,0.20203057947364247,0.17560370918121354,0.12607996664591403,0.512315099652412,0.3862351330064979,19.109257515580914,10.49807065847125,0,0,0,0,0,0,0,0,1,0,0,1
3998838,86fe1106-e482-4c2f-acc6-9c1a6c12025b,1,0,33,Italy Women's,Manuela Giugliano,Elena Linari,36.8,41.8,37.9,20.5,21.328384,-1.1645343473810357,0.14554871105034808,0.2413267489960544,0.09577803794570633,0.4303907168864178,0.5150377413019986,0.08464702441558086,0.8453975884958725,0.941047350778911,0.09564976228303845,6.546082473216272,4.437444776037585,0,0,0,1,1,1,0,0,0,0,0,0
3998838,6139d8cc-2a17-4ace-a3fb-e73c6c09aa0a,1,0,45,Italy Women's,Cecilia Salvai,Martina Lenzini,35.4,39.4,37.4,65,25.678005,-1.6982779282198948,0.1022338585366424,0.0867864863962798,-0.015447372140362597,0.34428887695570976,0.27928183264406475,-0.065007044311645,0.7898207405895371,0.6475523155858453,-0.14226842500369186,7.3453034829481085,7.471989541129503,0,0,0,0,1,1,0,0,0,0,0,0
3998838,a2668301-89c2-45ea-b2d6-90d6be77755d,1,0,48,Italy Women's,Martina Lenzini,Arianna Caruso,40.1,68,68.2,62.5,28.633198,28.1885310714187,0.31258562177373156,0.5534720238366206,0.24088640206288908,0.5705400315241513,0.9954921580640157,0.42495212653986436,0.9419741934703549,1.636991192446498,0.695016998976143,3.5881280633135693,2.4184512992613483,0,1,1,1,1,2,1,0,0,0,0,0
3998838,6d464f41-7678-42a7-8fbb-ba2584dbd4cd,1,1,13,Belgium Women's,Mariam Abdulai Toloba,Jarne Teulings,51.1,11.1,62.7,20.7,15.057224,14.25254752286643,0.5878198546356785,0.5125964095543307,-0.07522344508134782,1.302910639844272,1.2557721724777586,-0.04713846736651339,2.299945294699152,2.3106077440858,0.010662449386648287,3.045075252919497,4.171593519117715,0,0,1,1,2,3,0,0,0,0,0,0
3998838,00c724bd-ecf0-4ffe-bb03-1ea960adf688,1,1,21,Italy Women's,Lisa Boattin,Laura Giuliani,35.7,27.2,11.6,27.9,24.110165,-23.80700215338223,0.3561084750788628,0.000026809183256825513,-0.35608166589560597,0.5701135876437239,0.001807049919406311,-0.5683065377243176,0.8498192139659839,0.019302179222466985,-0.8305170347435169,3.115558776482507,31.580298210914467,0,0,1,0,1,0,0,0,1,0,0,1
3998838,d1c53007-845f-4c81-bb91-68c1c79bc0cc,1,1,25,Italy Women's,Laura Giuliani,Cecilia Salvai,9.6,36.1,19.3,41.3,11.005907,9.760473480155142,0.000016125717005125946,0.0013492735661281244,0.0013331478491229985,0.001332022069240799,0.025867765085350602,0.024535743016109803,0.015952165171035065,0.14343257802185558,0.1274804128508205,33.105285692510485,21.02992122535759,0,0,0,0,0,0,0,0,1,0,0,1
3998838,a7e35563-c8f1-44ae-8435-3f2480b26a35,1,1,30,Italy Women's,Manuela Giugliano,Elena Linari,37.1,36.9,38.1,14.3,22.622112,-2.8796962816159066,0.17931746118477268,0.03682571622500196,-0.1424917449597707,0.504834225818602,0.2407113824933541,-0.26412284332524794,1.0205732128555183,0.765603243910109,-0.25496996894540924,5.946297630683459,12.331927402498792,0,0,0,0,1,0,0,0,0,0,0,0
3998838,0970036f-0d87-4e69-bfe2-51f1b4bde051,1,4,16,Belgium Women's,Amber Tysiak,Jarne Teulings,6.7,56.5,13.3,73.9,18.609674,2.5393578880374434,0.3444667918292806,0.08251540938703797,-0.2619513824422426,0.5492500932984044,0.26614243505355495,-0.2831076582448494,0.791368176523046,0.5626389047107836,-0.22872927181226244,3.207369729936805,7.749825664485888,0,0,1,0,1,1,1,0,0,0,0,0
3998838,49db4491-5b04-4526-a0d7-744c8f0f9258,1,5,10,Belgium Women's,Lisa Lichtfus,Sari Kees,3.1,40.7,3.3,54.3,13.601471,-0.670775230890186,0.0016121252060211232,0.0013671574966657046,-0.0002449677093554186,0.02110761970961838,0.01912014268639833,-0.001987477023220049,0.08969630196145503,0.08432026360547189,-0.005376038355983145,19.29060590005491,19.78506454354495,0,0,0,0,0,0,0,0,1,0,0,1
3998838,fac3bc04-3215-4888-9b87-7d978b76bb9d,1,5,16,Belgium Women's,Sari Kees,Lisa Lichtfus,21.5,53.6,14.6,33.2,21.53532,-6.184676285317465,0.024267305518528688,0.000994657994764224,-0.023272647523764463,0.14955431790728196,0.022407546917873254,-0.12714677098940871,0.4645563990252035,0.1406383989876343,-0.3239180000375692,11.759806331712904,21.722799237057036,0,0,0,0,0,0,0,0,1,0,0,1
3998838,69ab3821-4c7c-43a9-a3f8-6f04faa5cc2f,1,5,22,Belgium Women's,Janice Cayman,Laura Deloose,21.9,17.8,37.6,3.4,21.303755,10.417822972330953,0.0321462993421119,0.04665160515624445,0.01450530581413255,0.13864447702508662,0.21198644518686083,0.07334196816177421,0.35538416407979256,0.530135934765909,0.17475177068611647,10.36987718464659,10.342574563382133,0,0,0,0,0,0,0,0,1,0,0,1
3998838,a2751f29-38f9-4df5-8f24-a898326720c9,1,5,33,Belgium Women's,Laura Deloose,Jarne Teulings,83.8,19.6,83.8,35.5,15.9,5.07375270911141,0.9817806760050984,1.215681993568008,0.23390131756290966,1.7460667359258941,2.106367573762662,0.3603008378367678,2.7185110871008678,3.163561912777063,0.44505082567619514,1.554463478730889,1.922394599561823,1,1,1,3,3,3,0,0,1,0,0,1
3998838,b5e1fbec-67f7-4637-a208-ebd09d8a0d9c,1,5,41,Belgium Women's,Amber Tysiak,Lisa Lichtfus,48.2,58,19.9,43.6,31.752953,-26.142825691280706,0.5099721935413811,0.0007997685294300058,-0.5091724250119511,0.9615009675469203,0.021304356384906603,-0.9401966111620137,1.4837885010165697,0.13575979273959426,-1.3480287082769755,3.5308870744481275,23.68056364789808,0,0,1,0,2,0,0,0,1,0,0,1
3998838,55f4e727-c034-4e90-a920-9499032aa0fe,1,5,46,Belgium Women's,Lisa Lichtfus,Amber Tysiak,20.3,44.4,30.7,64.6,22.720036,7.170643920029846,0.0018473235198955887,0.04461431723920347,0.04276699371930788,0.03514921633749549,0.16534345574807413,0.13019423941057864,0.18547910311768362,0.3826770599877195,0.19719795687003588,21.512735444170673,9.36409484333489,0,0,0,0,0,0,0,0,1,0,0,1
3998838,cc35bdc2-dfcd-4907-aa61-37684f1abda6,1,5,48,Belgium Women's,Amber Tysiak,Sari Kees,28.4,61.8,26.8,45.6,16.27882,0.7902884492753941,0.08859989254068917,0.031104567602873154,-0.05749532493781602,0.26291819367361746,0.17756137240663875,-0.08535682126697872,0.5642917284423193,0.5161436289418153,-0.04814809950050403,7.337386714183611,11.475388178608258,0,0,0,0,1,0,0,0,1,0,0,1
3998838,93f5b159-26be-4744-b436-873ef7834733,1,5,55,Belgium Women's,Sari Kees,Janice Cayman,39.9,43.6,30.1,22,23.71919,-11.503437209847206,0.5593719243823277,0.0122610308581142,-0.5471108935242135,0.9664362247166838,0.09800116564258439,-0.8684350590740993,1.6100674699066435,0.3726934242484437,-1.2373740456581999,2.0442402215489275,13.659697520649424,1,0,1,0,1,0,1,0,1,0,0,1
3998838,453753e4-6a3b-416a-bf3f-edf8f6500339,1,6,8,Belgium Women's,Jill Janssens,Amber Tysiak,57.5,71.7,43.3,68,14.674127,-11.571499458985457,0.927618939744568,0.04741809067212056,-0.8802008490724474,1.5041150788533069,0.22390890800394572,-1.280206170849361,2.2223865417878295,0.6565424645564019,-1.5658440772314277,2.2480875784081915,9.537056376480955,2,0,2,0,2,0,0,0,1,0,0,1
3998838,cfc68c81-1c4a-41ee-9ba4-1a20b5fda31c,1,6,11,Belgium Women's,Amber Tysiak,Sari Kees,44,66.4,37.6,41.7,25.515682,-1.962826786753027,0.20401078537065717,0.023842261272914167,-0.180168524097743,0.45623385454650894,0.17014318549658172,-0.2860906690499272,0.9109812451746233,0.5933130429342219,-0.3176682022404014,4.856184293173672,12.626638527065035,0,0,1,0,1,0,0,0,1,0,0,1
3998838,69118f5b-3c3c-445b-80cf-a1942baef8cb,1,6,14,Belgium Women's,Sari Kees,Amber Tysiak,37.6,44.3,41.6,65.1,21.181124,0.1921956376799301,0.07843686059943696,0.07575581571343633,-0.0026810448860006275,0.28905416528415395,0.31041011484812053,0.02135594956396658,0.7079890015212641,0.7757790419953452,0.0677900404740811,8.010514736088448,8.450860382496142,0,0,0,0,0,0,0,0,1,0,0,1
3998838,6b7bbf57-ec3b-4b3d-8bac-a7b708158941,1,6,16,Belgium Women's,Amber Tysiak,Tessa Wullaert,43.6,65.3,61.9,63.7,18.369812,17.732213437618867,0.38621568541730117,0.4022890133981143,0.016073327980813124,0.6919589710898818,0.8728625091078598,0.18090353801797798,1.0939671353077236,1.608060408801296,0.5140932734935724,3.107868571309768,3.452211644847818,0,0,1,1,1,1,0,0,1,0,0,1
3998838,7571fe6b-b66d-4fc9-905d-eb5f51209822,1,6,17,Belgium Women's,Tessa Wullaert,Justine Vanhaevermaet,62.3,63.5,57.1,64.6,5.315073,-5.237389522593553,0.532705213502021,0.9529745604650214,0.42026934696300033,1.0481105703286007,1.6165862921849645,0.5684757218563639,1.7921436986704449,2.3763985556762277,0.5842548570057828,2.7917052382433782,1.94460194349483,1,1,1,2,2,3,0,0,1,0,0,1
3998838,3e85131f-265c-4299-8ca8-4c1ff49a769e,1,6,20,Belgium Women's,Justine Vanhaevermaet,Jill Janssens,72.7,69.7,87.1,72.4,14.650939,9.67598364394555,0.808683810808963,0.2344364017673951,-0.5742474090415679,1.1194878749092965,0.573110415208581,-0.5463774597007155,1.6558423951236396,1.036501955624917,-0.6193404394987225,0.8358931315261159,5.9943470843481395,1,0,1,0,1,2,1,0,1,0,1,1
3998838,5462d0e2-0f07-43d1-aadf-d98a66115e0a,1,6,27,Belgium Women's,Justine Vanhaevermaet,Tessa Wullaert,108,56.3,97.8,43.6,16.288954,-2.2491973973579427,1.1795612849658548,0.539997176959341,-0.6395641080065138,1.7945999358468376,1.2298967548364972,-0.5647031810103404,2.651103786383517,2.2975267921579565,-0.35357699422556044,1.4233493665467334,2.851822264298739,2,1,2,1,3,1,1,0,0,1,1,1
3998838,73035d0b-b5f2-4cf2-80c4-75c864983fec,1,7,29,Belgium Women's,Jill Janssens,Tessa Wullaert,79.1,51.8,95.7,73.9,27.640007,0.8584695053112839,0.26411440912245293,0.08653500811741133,-0.1775794010050416,0.635454417427376,0.24683848035867528,-0.3886159370687007,1.3099840794101707,0.5374156217645678,-0.7725684576456029,4.5808145221175565,7.365686138939866,0,0,1,0,1,1,0,0,0,0,0,0
3998838,af1e6abb-5faf-496a-9ce6-552d546019cf,1,7,58,Italy Women's,Cecilia Salvai,Cristiana Girelli,15.4,52.9,56,41,42.308037,41.384645012375216,0.3218123155551538,0.8476537840898815,0.5258414685347277,0.5663133421248604,1.3563474548706418,0.7900341127457814,0.8936820304198457,2.1354518455502567,1.2417698151304108,3.4679274666894515,1.5007658643669701,0,1,1,2,1,2,1,0,1,0,0,1
3998838,a18e3058-003e-4525-aaec-f7e37a855085,1,8,4,Italy Women's,Emma Severini,Arianna Caruso,58,39.4,51.8,36.5,6.844706,-6.286847171184746,1.8765383259378934,0.2568612025750541,-1.6196771233628393,2.676095275324478,0.8374136760662209,-1.838681599258257,3.5549963164095644,1.7462053145812366,-1.8087910018283277,1.4951749343034928,6.8139251996830446,3,0,3,0,4,1,1,0,0,0,0,0
3998838,703ccef7-e2be-486a-8869-ee86de721ed8,1,8,16,Belgium Women's,Lisa Lichtfus,Laura Deloose,5,40.8,16.8,22.7,21.606712,10.362780663716677,0.25242457826568193,0.17046784094258235,-0.08195673732309958,0.5161572954808464,0.3686498933766024,-0.147507402104244,0.8977804056744568,0.6604842056546468,-0.23729620001981,4.267439420049411,5.326788087425799,0,0,1,0,1,1,1,0,0,0,0,0
3998838,312f31d5-5a29-42f1-b7f1-80cf96449f5f,1,8,28,Italy Women's,Lucia Di Guglielmo,Manuela Giugliano,104.8,57.2,92.1,48.9,15.171684,-6.331283043698388,1.2080916228054166,0.10904057210254889,-1.0990510507028677,2.0428853737131436,0.49316172050139295,-1.5497236532117507,3.111263552874289,1.2818572923348792,-1.82940626053941,1.0044125469709124,9.219300845240486,1,0,2,0,4,0,0,0,0,1,1,1
3998838,ee66fa28-94fb-49f8-8f8c-744bc384704c,1,8,42,Belgium Women's,Mariam Abdulai Toloba,Tessa Wullaert,89.2,50.7,105.2,54.2,16.37834,12.095189229319171,0.9013805310094237,1.0342726021628486,0.13289207115342483,1.3109770332143156,1.438410773857839,0.12743374064352353,1.922975213342285,1.9810348857583346,0.05805967241604959,0.7307717574480809,0.8945296274314529,1,1,1,2,1,2,1,0,1,0,0,1
3998838,d0bd97d2-9981-4037-beb8-a7495f9d90c1,1,8,54,Belgium Women's,Jarne Teulings,Justine Vanhaevermaet,83.7,78.1,77.8,72.4,8.203658,-0.5792444032363591,1.2947761477933477,0.3838794637193285,-0.9108966840740191,1.5836138594677032,0.8793424554126564,-0.7042714040550467,1.9117849068548511,1.5322980386917566,-0.3794868681630945,0.9679065765073354,4.704293970995764,2,0,2,1,2,3,1,0,1,0,0,1
3998838,36d7af9e-296c-43f5-8404-8ac36a1ab1c4,1,8,57,Belgium Women's,Justine Vanhaevermaet,Jill Janssens,78.7,71.3,91,75,12.844454,6.367379544256529,0.8832572326474476,0.12966096053195034,-0.7535962721154973,1.4324642700089143,0.517829093657742,-0.9146351763511723,2.0696079642694123,1.219904807440895,-0.8497031568285174,1.9548547389030762,9.262785717703355,1,0,2,0,3,0,1,0,1,0,0,1
3998838,a4fef979-8439-46b1-a630-a3da6338fa4e,1,9,1,Belgium Women's,Jill Janssens,Amber Tysiak,87.5,73.3,59.7,61.8,30.084713,-17.588588881061533,0.15687332626915562,0.011110726080688369,-0.14576260018846726,0.4766999201596777,0.0938054516246924,-0.3828944685349853,1.0697393701603801,0.3487936740685787,-0.7209456960918015,6.104791925361264,14.731792466626123,0,0,0,0,1,0,0,0,1,0,0,1
3998838,3275d87e-04e6-4962-b7db-2f0efbed887e,1,9,5,Belgium Women's,Amber Tysiak,Sari Kees,57.4,54.3,53.4,42.1,12.839003,-2.420562166311001,0.03742790658777911,0.016057354152236834,-0.021370552435542273,0.17339050687232505,0.11727974796233999,-0.056110758909985056,0.4894320325461235,0.3913807211898636,-0.09805131135625988,10.092150459926263,13.858541359714206,0,0,0,0,0,0,0,0,1,0,0,1
3998838,c5ad5911-c50e-4799-895e-e7ae27189ee1,1,9,8,Belgium Women's,Sari Kees,Amber Tysiak,54.3,44.4,55.7,61.1,16.75858,-1.8263092321099919,0.03332822265114117,0.013830500334695304,-0.01949772231644587,0.18842268470077692,0.09417526625979342,-0.0942474184409835,0.5398533947399428,0.3265422119033252,-0.21331118283661754,12.039923516667246,13.070840321509584,0,0,0,0,0,0,0,0,1,0,0,1
3998838,c1fd7526-f33f-4bec-973f-940f5139e531,1,9,13,Belgium Women's,Jarne Teulings,Tessa Wullaert,67.4,77.3,76.2,67.8,12.949517,12.605395351014572,0.3286821423252785,0.6724779293392212,0.34379578701394276,0.5845435611359194,1.1054226562616385,0.5208790951257191,0.9719050723052539,1.7435211257873042,0.7716160534820503,3.4150038745192868,1.68357716278805,0,1,1,1,1,1,1,0,1,0,0,1
3998838,0345fdd6-8d30-4e17-8ee2-f82fa6d1e136,1,9,14,Belgium Women's,Tessa Wullaert,Amber Tysiak,75.8,67.8,25.9,55.9,51.299316,-43.2181449871742,0.6970979248050733,0.003947510848226624,-0.6931504139568466,1.2340336797709532,0.03878231876332086,-1.1952513610076323,2.0259484417734863,0.15125694984173516,-1.8746914919317512,1.7329423242893403,16.651885829981858,1,0,1,0,1,0,0,0,1,0,0,1
3998838,2530af29-804e-4d14-bcca-fe4d3d56e510,1,9,22,Belgium Women's,Amber Tysiak,Lisa Lichtfus,21.2,52.3,17.7,35.2,17.454512,-2.8498542427982443,0.0013226684273778305,0.0007679290802509653,-0.0005547393471268653,0.021111378147006758,0.01711749568080104,-0.003993882466205717,0.10762778295942774,0.10043923173852146,-0.007188551220906281,20.01809901768914,22.26806002097436,0,0,0,0,0,0,0,0,1,0,0,1
3998838,819cc8b9-55a6-45df-bea9-c452bff70723,1,10,4,Italy Women's,Lucia Di Guglielmo,Cristiana Girelli,14.9,72,37.1,67.3,22.69207,22.584160951612887,0.6284324769396211,0.793539297657041,0.1651068207174199,1.2363510858343034,1.0827869801936179,-0.15356410564068557,1.9981762178513969,1.602545416657109,-0.39563080119428795,2.5987288030754816,0.8659522674187073,1,1,1,1,3,1,0,1,0,0,0,0
3998838,f6cffc7f-bfa5-4179-90ab-9713bf33da94,1,10,17,Belgium Women's,Sari Kees,Amber Tysiak,54.3,9.4,51.5,37.5,28.239157,3.93094267439119,0.019000583775673548,0.011785843264819506,-0.007214740510854042,0.11225530147200848,0.08497142582770892,-0.027283875644299557,0.34079529666062147,0.2902322401726701,-0.0505630564879514,12.121298753748544,13.531418226002053,0,0,0,0,0,0,0,0,1,0,0,1
3998838,a34cbf0f-db0d-4ecb-a9b2-47cf71ce3e4d,1,10,34,Belgium Women's,Laura Deloose,Mariam Abdulai Toloba,71.8,0.5,79.8,2.1,8.158431,7.068672108416806,0.3906486051549443,0.6580099851748415,0.26736138001989723,0.8227700003928953,1.088261977677672,0.2654919772847768,1.4358107582459545,1.670196119217172,0.23438536097121743,3.4251253604801657,2.030417930237046,0,1,1,1,1,2,0,0,1,0,0,1
3998838,4e382641-e31f-4c19-a19f-62b32d13b8a1,1,10,38,Belgium Women's,Mariam Abdulai Toloba,Laura Deloose,81.7,1.9,89.9,1.6,8.205486,5.2320579375184835,0.6654358089783061,0.6002904360137385,-0.06514537296456757,1.1902950189892254,1.0711349367693725,-0.11916008221985286,1.867631233839534,1.6731310480722021,-0.19450018576733186,2.6218053254534706,2.3925419967568025,1,1,2,1,2,2,0,0,0,0,0,0
3998838,a0c6a97f-01f1-4388-8a83-021693ebab5b,1,11,8,Italy Women's,Cecilia Salvai,Martina Lenzini,27.8,51.2,23.6,63.6,13.091982,-6.368994033678121,0.430633753717499,0.03292429473733868,-0.3977094589801603,0.7724628945901318,0.188450541725208,-0.5840123528649238,1.2529978539110178,0.5744868285958079,-0.6785110253152099,2.802022652395927,12.201353253486618,1,0,1,0,1,0,0,0,0,0,0,0
3998838,9dd47684-630b-462c-8cf6-f5ba8a9ab346,1,11,27,Belgium Women's,Sari Kees,Lisa Lichtfus,23.4,11.6,6.2,26.6,22.821918,-13.897980399315998,0.42220474956022186,0.0021687101778066816,-0.4200360393824152,0.6038132426292836,0.029240925836803714,-0.5745723167924799,0.786105759982598,0.13444063076007196,-0.6516651292225261,2.588235268641719,18.61660248507965,1,0,1,0,1,0,1,0,1,0,0,1
3998838,ac83c70a-fe51-48e7-8fa0-ce14764e80f1,1,11,30,Belgium Women's,Lisa Lichtfus,Amber Tysiak,10.6,31.2,15.7,55.9,25.221024,4.248383671494878,0.0029282918248168203,0.0340232453212383,0.031094953496421482,0.03714055209014192,0.1315423032693279,0.09440175117918598,0.16099543442023917,0.2814594931313814,0.12046405871114224,18.001312046574384,10.14213390616185,0,0,0,0,0,0,0,0,1,0,0,1
3998838,818aa8fe-c03b-4e61-ab94-f889ce1d7435,1,11,34,Belgium Women's,Amber Tysiak,Lisa Lichtfus,11.7,53.9,8.3,35.2,19.006578,-2.6147164810424357,0.4042668207524134,0.06080846146667326,-0.34345835928574014,0.6175322414523831,0.2573416414473996,-0.36019060000498343,0.9047513997692656,0.6142670723440647,-0.2904843274252008,2.7343145703799685,10.201984110820332,1,0,1,0,1,0,1,1,1,0,0,1
3998838,bce00c76-b980-4ce1-9e4e-0aaf183d810f,1,11,36,Belgium Women's,Lisa Lichtfus,Tessa Wullaert,7.8,35.5,44.6,62.9,45.88028,33.48937951254702,0.22572734506742495,0.8017922304125459,0.5760648853451209,0.5479249288148508,0.9814917804723549,0.4335668516575041,0.9718598738441313,1.295664404948002,0.32380453110387064,5.386835960705146,0.7364264860359114,0,1,0,1,1,1,1,0,0,0,0,0
3998838,8e6e5bef-238d-4f14-9e84-83b041391f9e,1,11,39,Belgium Women's,Tessa Wullaert,Jill Janssens,44.6,62.9,51.4,75.2,14.054537,1.6969987639742072,0.8017922304125459,0.5066768738178703,-0.2951153565946756,0.9814917804723549,0.8158187612362766,-0.16567301923607824,1.295664404948002,1.2526798128596341,-0.0429845920883678,0.7364264860359114,2.2517627731934184,1,1,1,1,1,1,1,0,0,0,0,0
3998838,779535e0-783d-4a12-86f0-82401ad1a734,1,11,41,Belgium Women's,Jill Janssens,Jarne Teulings,52.2,75.2,44,75.6,8.20975,-7.5317965692868825,0.5066769690193614,0.20188676211040193,-0.3047902069089595,0.8158188282953449,0.45670920915488156,-0.35910961914046335,1.2526798506220318,0.8570461357618363,-0.3956337148601955,2.251762135056292,4.972191537585356,1,0,1,1,1,1,0,0,0,0,0,0
3998838,bb6fa57e-1c26-42dc-a857-b7f0c0c30df6,1,11,55,Italy Women's,Cecilia Salvai,Manuela Giugliano,30.2,18.6,43.9,25,15.121178,14.750447775520712,0.0031378231539229036,0.24312881799351857,0.23999099483959566,0.04178599743075816,0.613580116172132,0.5717941187413739,0.1947428694439749,1.1462656257250587,0.9515227562810838,17.80653116727793,5.588912994046778,0,0,0,0,0,2,0,0,1,0,0,1
3998838,708884d0-3688-47c1-ae6a-6c11dae58061,1,11,57,Italy Women's,Manuela Giugliano,Martina Lenzini,39.9,27,31.3,50.2,24.742676,-8.136470604749135,0.36157180680849493,0.008524397913782272,-0.35304740889471264,0.7353471688459088,0.07795613522375144,-0.6573910336221573,1.2348551313184584,0.304524676021292,-0.9303304552971663,3.7979546133931463,15.035790702086775,0,0,1,0,2,0,0,0,1,0,0,1
3998838,bcfc961a-aef0-44dd-b192-82846e7cf48e,1,11,59,Italy Women's,Martina Lenzini,Cecilia Salvai,31.7,48.2,30.8,27.9,20.31994,-1.3370127639919644,0.009529489974055907,0.007551586206688137,-0.0019779037673677705,0.083426567498705,0.08191228707620753,-0.0015142804224974743,0.32753881811576885,0.3302261718056136,0.0026873536898447403,14.59721997054039,16.235672404248845,0,0,0,0,0,0,0,0,1,0,0,1
3998838,418956c3-e4e1-4acb-a231-73eded0f0d94,1,12,39,Italy Women's,Manuela Giugliano,Martina Lenzini,18.2,76.7,12.3,78.9,6.2968245,-6.296470831733274,0.6392935782619273,0.6063106793581371,-0.03298289890379025,0.9992579739085059,1.0048370734795442,0.005579099571038304,1.4406502903731897,1.4115222079516738,-0.029128082421515877,1.7847631034406966,3.1514868178214024,1,0,1,2,2,2,1,0,0,0,0,0
3998838,887f97f3-bf27-426c-a90c-39249fbd0261,1,12,49,Belgium Women's,Jill Janssens,Lisa Lichtfus,61.4,47.7,22.5,47.2,38.903214,-38.66176232002368,0.25689860446531154,0.0019271387042493794,-0.25497146576106217,0.583327857627309,0.026123874591169646,-0.5572039830361394,1.0575410694785519,0.1218100748357831,-0.9357309946427688,4.64172763846858,18.86078023714492,0,0,1,0,1,0,0,0,1,0,0,1
3998838,ffcc4afe-b1bf-4264-b26a-81a491234764,1,12,53,Belgium Women's,Lisa Lichtfus,Amber Tysiak,23.4,48.3,37.6,65.7,22.45885,10.641087111229965,0.011879997001027742,0.10285514869324579,0.09097515169221805,0.07501991532408811,0.2573794714414678,0.18235955611737967,0.22816675293588276,0.44641669609356754,0.21824994315768478,13.344952019381477,6.824194497981623,0,0,0,0,0,1,0,0,1,0,0,1
3998838,b5409eba-9a36-4358-9233-45395033d681,1,13,7,Belgium Women's,Sari Kees,Janice Cayman,33.3,38.8,33.6,17.4,21.402103,-2.5985825319670965,0.01945048396978703,0.054607538031935965,0.03515705406214893,0.14399743741434665,0.20394278746395988,0.05994535004961324,0.48448867420285524,0.49929662782289896,0.014807953620043723,13.235297865686553,8.85167347572649,0,0,0,0,0,0,0,0,1,0,0,1
3998838,94a527c4-4eab-42bd-8388-3723ad358c55,1,13,9,Belgium Women's,Janice Cayman,Laura Deloose,35.3,14.9,47.3,2.5,17.255724,6.5389835727491885,0.35739362373503636,0.03345387592038049,-0.32393974781465584,0.5880153163883015,0.18394782404934096,-0.40406749233896055,0.8972797936868115,0.5193043221452529,-0.37797547154155864,3.125015780065911,12.257508313022747,0,0,1,0,1,0,0,0,1,0,0,1
3998838,d140f13e-1fac-4319-ba9e-9033caa745d5,1,13,12,Belgium Women's,Laura Deloose,Hannah Eurlings,51,1.7,60.8,1.7,9.8,8.40790426616779,0.44092637199632057,0.44072426336584214,-0.00020210863047842587,0.8576282437307805,0.9071801713977785,0.04955192766699801,1.4467808909895676,1.4884547279082525,0.04167383691868487,2.9344314607900395,4.43991047061016,1,0,1,2,1,2,0,0,0,0,0,0
3998838,0f1769b6-a023-4b89-bb5a-6bc0a3755ec0,1,13,16,Belgium Women's,Hannah Eurlings,Janice Cayman,49.3,1.7,38.9,2.6,10.438869,-8.900699582954985,0.6631960546624899,0.3496453861987721,-0.31355066846371776,1.080983489791841,0.6703380957121013,-0.41064539407973955,1.6664086577408912,1.146788553960673,-0.5196201037802182,1.7389609845028693,3.4212818704796564,1,0,1,1,1,1,1,1,0,0,0,0
3998838,5ff01a90-aad1-41a4-8d9b-84ab390cef31,1,13,40,Belgium Women's,Hannah Eurlings,Tessa Wullaert,45.6,1.7,60.8,19.1,23.104113,20.89847944110455,0.8955685847362547,1.1232558149623715,0.2276872302261168,1.5336691225493129,1.8864831415438492,0.35281401899453635,2.3033070631082824,2.810503331293292,0.5071962681850097,1.9648814355610837,2.0900948120500753,1,2,2,2,3,3,1,0,0,0,0,0
3998838,40498385-1d25-4748-8e52-cb3efc9f9cc8,1,13,51,Italy Women's,Elena Linari,Manuela Giugliano,40.3,39.1,46.5,42.2,6.931811,6.172163595082949,0.015504910857781508,0.2723300511304079,0.25682514027262643,0.13704896031465025,0.6994221374497424,0.5623731771350922,0.5008740088313162,1.3109984220283282,0.810124413197012,14.231439681613429,5.478145541641438,0,0,0,0,0,2,0,0,1,0,0,1
3998838,9b905726-c4b8-4788-8a06-335684694d89,1,13,52,Italy Women's,Manuela Giugliano,Elena Linari,46.5,42.2,39.7,30.7,13.360015,-7.303831269959446,0.2723300511304079,0.026993236631490815,-0.24533681449891712,0.6994221374497424,0.17595725855506997,-0.5234648788946724,1.3109984220283282,0.5538029421108699,-0.7571954799174583,5.478145541641438,11.934662503854458,0,0,0,0,2,0,0,0,1,0,0,1
3998838,b26a2f5f-1e8c-4738-939a-f7516d0e42d1,1,13,56,Italy Women's,Elena Linari,Lisa Boattin,43.9,16.6,51.1,5.1,13.567977,2.381556084890704,0.23974625965367755,0.18278573255266728,-0.056960527101010267,0.6162470776796761,0.5527119652954938,-0.0635351123841823,1.1775530652777653,1.1521148720841072,-0.025438193193658032,5.742714481164493,6.971761370339081,0,0,0,0,2,2,0,0,1,0,0,1
3998838,59a876fc-2789-4fc1-8748-972b3c47303f,1,14,3,Italy Women's,Lisa Boattin,Arianna Caruso,69.7,17.2,71.3,58.3,41.13113,3.201369554463973,0.43298703306737973,0.010591035271067535,-0.4223959977963122,0.9739955967673619,0.10399978165536308,-0.8699958151119989,1.7298874567299645,0.4304938780392498,-1.2993935786907147,4.153022129854462,14.892407643204383,0,0,1,0,2,0,0,0,1,0,0,1
3998838,acd7244e-26d9-4e3c-b172-c7131fb66eb2,1,15,1,Belgium Women's,Sari Kees,Mariam Abdulai Toloba,15.6,25.6,42.8,24.7,27.214886,26.686899648926072,0.20430276602921735,0.5083334482045088,0.3040306821752914,0.4584894384727961,0.8024260899626249,0.34393665148982877,0.8298390998392082,1.2860417952369978,0.45620269539778957,4.914789910731771,2.143069150923098,0,1,1,1,1,1,0,0,0,0,0,0
3998838,5b7a14bc-e7c2-4c20-a9c4-aa08d12403d0,1,15,2,Belgium Women's,Mariam Abdulai Toloba,Janice Cayman,42.8,24.7,28.4,8.7,21.525799,-18.098526890012835,0.5083334482045088,0.037711332456119746,-0.470622115748389,0.8024260899626249,0.1714160908956985,-0.6310099990669263,1.2860417952369978,0.4929531523915175,-0.7930886428454803,2.143069150923098,9.970345945159549,1,0,1,0,1,0,0,0,0,0,0,0
3998838,eb9a9792-fb0f-4c07-a231-56bfbb9fd14a,1,15,13,Italy Women's,Emma Severini,Manuela Giugliano,94.2,27.2,88.3,44,17.805899,-3.150674861659006,0.5803157059116608,0.13985212248769885,-0.44046358342396197,0.9805376180325258,0.485941065659144,-0.4945965523733818,1.6567337438982876,1.2198634303722533,-0.43687031352603434,1.9262672842277333,6.459142899177339,1,0,1,0,1,1,0,0,0,0,0,0
3998838,c183bdaf-f26a-477b-bcba-3613b7bfe647,1,15,16,Italy Women's,Manuela Giugliano,Arianna Caruso,88.7,43.7,96,52.9,11.74436,4.270729713019378,0.19020518911401207,0.5184546486293249,0.3282494595153128,0.5515613625406699,1.1181561641970428,0.5665948016563729,1.2755330600686297,2.0557336700188236,0.7802006099501939,5.393163228404021,2.804968132412515,0,1,0,1,1,1,0,0,0,0,0,0
3998838,676e90fd-65fa-4984-a0a7-8574984357f6,1,16,29,Belgium Women's,Janice Cayman,Hannah Eurlings,7.3,1.2,19.2,1.9,11.92057,11.431837651799398,0.7308712182789305,0.7405685824872326,0.009697364208302028,0.8625033654829709,0.9611338902100939,0.09863052472712297,1.0613279556575348,1.282994998246995,0.22166704258946024,0.9521564365215763,1.022599683204548,1,1,1,1,1,1,1,1,0,0,0,0
3998838,eae8b861-c0f9-4739-baca-ddb6e2b12f9f,1,18,4,Belgium Women's,Sari Kees,Jarne Teulings,21.8,55.9,31.8,74.3,20.941824,4.844173445921314,0.009157858940168503,0.03193460159375706,0.022776742653588554,0.08757100946462579,0.16561968455579923,0.07804867509117344,0.3398679787152908,0.4488740259757862,0.1090060472604954,15.1124624344206,11.11386618206674,0,0,0,0,0,0,0,0,1,0,0,1
3998838,b742ea6c-746d-4dc5-8220-12a968741278,1,18,6,Belgium Women's,Jarne Teulings,Amber Tysiak,32.5,74,17.2,69.9,15.839823,-13.186444680731341,0.20652616104240068,0.0994830160699608,-0.10704314497243989,0.5091180206188397,0.30162272456203787,-0.20749529605680184,0.9640431810355296,0.6933489347196604,-0.27069424631586914,5.305088467791716,7.046405174595844,0,0,0,0,1,1,0,0,1,0,0,1
3998838,e6b17245-8b85-4742-85ed-7803f503f216,1,18,8,Belgium Women's,Amber Tysiak,Jarne Teulings,16.5,69.1,27.6,77.2,13.7411785,7.905840319686064,0.40119755579260524,0.348287483326755,-0.05291007246585022,0.6906758107260914,0.680334199266192,-0.010341611459899425,1.1579122545092193,1.1707785953294734,0.012866340820254063,2.847759731003019,3.4911932193696043,1,0,1,1,1,1,0,0,1,0,0,1
3998838,e3004fe1-73c4-4c67-8d94-f102b5e4998a,1,18,14,Belgium Women's,Jarne Teulings,Tessa Wullaert,37.1,65,44.9,61.3,8.633076,8.525430992259018,0.8255145406203284,0.1908655794691632,-0.6346489611511652,1.4707953327227092,0.7054697920909297,-0.7653255406317795,2.2958914272437054,1.582641932994541,-0.7132494942491645,1.7052905135671246,7.532213458316455,1,0,1,0,3,1,1,0,1,0,0,1
3998838,bda0efef-901c-4c03-911e-cb40680f965e,1,18,17,Belgium Women's,Tessa Wullaert,Hannah Eurlings,52.2,60.2,75.1,25.1,41.909664,23.43746044148169,0.4080005144329606,0.13585598031677085,-0.2721445341161898,0.9639762713810462,0.3563336173187969,-0.6076426540622493,1.8962248963673,0.7003798188139263,-1.1958450775533738,3.4564877790148487,6.191523107807035,0,0,1,0,1,1,0,0,1,0,0,1
3998838,046fcf05-0c3d-4e04-8790-75941d58d83c,1,18,25,Belgium Women's,Hannah Eurlings,Tessa Wullaert,92.3,48,90.4,66.2,18.298906,-10.697635476623187,0.9564914875030481,0.029818070249689084,-0.926673417253359,1.634560231689641,0.1644323620224554,-1.4701278696671856,2.5861135200224092,0.5416342166980311,-2.044479303324378,1.160711177553984,10.847344087734337,1,0,1,0,2,0,1,0,0,0,0,0
3998838,d2d57b4a-9ba5-41fc-b9b6-bd5d55d169ec,1,18,57,Italy Women's,Cecilia Salvai,Arianna Caruso,12.5,49.9,33.8,51.7,21.375921,20.96449622046437,0.25892269814849717,0.8219936510868031,0.563070952938306,0.5255791165430663,1.2274178199389945,0.7018387033959281,0.8952340686888673,1.815394650591656,0.9201605819027887,4.220508577955926,1.016644272650951,0,1,1,1,1,1,0,1,0,0,0,0
3998838,041d88a7-f243-4118-82a3-f1c975b8f181,1,18,59,Italy Women's,Arianna Caruso,Sofia Cantore,34.4,52.6,55.8,55.9,21.652945,20.38274201364031,0.8219932072828586,0.6863881361203424,-0.1356050711625162,1.2274175401909684,1.0309995593385015,-0.19641798085246687,1.8153944759773315,1.6165168476801015,-0.19887762829723,1.0166462690871867,1.3470605386166676,1,1,1,1,1,1,1,1,0,0,0,0
3998838,8ec08a06-05c5-476d-94a5-058aa1e27bed,1,19,1,Italy Women's,Sofia Cantore,Arianna Caruso,54.7,56.1,46.6,58.1,8.343261,-8.343260327946894,0.6863876111598729,0.715122475001087,0.028734863841214153,1.0309992312953298,1.362631586894491,0.33163235559916115,1.6165166811135778,2.1749627784757632,0.5584460973621854,1.347063087786353,2.351563178129979,1,1,1,1,1,2,1,0,0,0,0,0
3998838,9c981698-58c2-4a06-8415-cca6453306d7,1,20,1,Belgium Women's,Hannah Eurlings,Jarne Teulings,94.6,32.4,93.3,55.2,22.83703,-4.210805321754069,0.42706365794495116,0.09784607544563576,-0.32921758249931543,1.1065866076525768,0.4148413998125884,-0.6917452078399884,2.1567837449033473,1.1344874760665866,-1.0222962688367607,3.9384024703633034,7.721199440765644,0,0,1,0,1,1,0,0,1,0,0,1
3998838,cd738b1c-d018-48dc-a574-1d809d19fbd0,1,20,10,Belgium Women's,Justine Vanhaevermaet,Jill Janssens,99,57.5,116,61.8,17.535393,5.171939196937238,0.6024973457483411,0.35786595369140234,-0.2446313920569388,1.143327041310099,0.8714904638057924,-0.2718365775043067,1.974757315639072,1.6665121516138786,-0.30824516402519353,2.3035544618851813,4.276513002119471,1,0,1,1,1,1,0,0,0,0,0,0
3998838,914f4004-249e-4b2f-8f71-b3750d7d4751,1,20,14,Italy Women's,Elena Linari,Emma Severini,10.5,28.9,11.8,16.6,12.368508,-0.6402353587878764,0.27879056061148944,0.14938108227659821,-0.12940947833489122,0.7130981324325366,0.4527710745172156,-0.260327057915321,1.4420676384977424,1.002716272292573,-0.43935136620516935,4.449057080444233,6.341862265132663,0,0,1,0,1,1,0,0,1,0,0,1
3998838,d7812367-6e21-4f6a-a002-0ff877b34614,1,20,18,Italy Women's,Lisa Boattin,Manuela Giugliano,3.5,20.6,36.6,30.7,34.606647,34.18731042052606,0.11291132823441451,0.06632817940569236,-0.04658314882872215,0.45709853142081525,0.360991463323697,-0.09610706809711822,1.0908451100962269,0.9904392538189383,-0.1004058562772886,9.120432563031528,11.09700240357476,0,0,0,0,0,0,0,0,1,0,0,1
3998838,607d154f-ac35-483f-9bd6-badc3f36a476,1,20,56,Belgium Women's,Lisa Lichtfus,Amber Tysiak,4.6,37.1,6,53.2,16.160755,0.6747666501653526,0.004160746354411995,0.01017467965870868,0.006013933304296685,0.055731420071656226,0.07500157528895879,0.019270155217302562,0.25324476908558985,0.26014690889287423,0.00690213980728438,18.258653616963493,13.920166547207758,0,0,0,0,0,0,0,0,1,0,0,1
3998838,2c1aa120-787a-4c07-a979-0c4d6c86a801,1,20,59,Belgium Women's,Amber Tysiak,Sari Kees,5.1,53.9,12,42.4,13.411189,7.711057355671755,0.005490792323392056,0.013518888273698973,0.008028095950306917,0.05589850297291346,0.10391514139324039,0.048016638420326926,0.22790320552935647,0.34155228934804005,0.11364908381868358,15.961858538311121,14.711063670656742,0,0,0,0,0,0,0,0,1,0,0,1
3998838,f59232e5-c605-4631-9136-f02c4b677440,1,21,5,Belgium Women's,Sari Kees,Tessa Wullaert,19.4,45.4,48.6,48,29.315525,28.898044752759247,0.03491387852239008,0.6587845055425712,0.6238706270201811,0.18920526637599827,1.2133722021811502,1.024166935805152,0.5375285284352483,1.9688378254966228,1.4313092970613743,11.000124637152407,2.577862026880766,0,1,0,2,0,2,0,0,0,0,0,0
3998838,0b8f7e6f-5d07-40e3-b814-08bf9777cb32,1,21,11,Italy Women's,Manuela Giugliano,Sofia Cantore,91.4,51.7,103.1,61.4,15.198027,3.6321672701072245,1.0223485081068548,0.6720063745146182,-0.35034213359223665,1.6851077498596034,1.2632828747512814,-0.421824875108322,2.502675170118321,2.026218978011522,-0.4764561921067991,2.150563943114222,2.9824292088992905,1,1,2,2,3,2,0,0,1,0,0,1
3998838,16a63f68-c890-41e1-a199-ad80f81ba331,1,21,15,Italy Women's,Sofia Cantore,Lucia Di Guglielmo,103.1,61.4,93.4,55.8,11.200446,-3.670168996258546,0.5186028478374209,0.09909685764331323,-0.4195059901941077,1.0157381981075613,0.4262512131704836,-0.5894869849370776,1.7662436843901779,1.1130283974302915,-0.6532152869598864,2.7208910198050367,8.615135981979952,1,0,1,0,2,0,0,0,1,0,1,1
3998838,b4b4c2bd-1a25-4829-94e3-c3726e61c9e3,1,21,21,Italy Women's,Arianna Caruso,Manuela Giugliano,91.7,43.9,94.9,38.1,6.624198,3.3956543816263327,0.5023398571378329,0.9834707667781858,0.4811309096403529,1.1342635336958478,1.6913656943719737,0.557102160676126,2.2282506189945765,2.8008378086192183,0.5725871896246417,2.812574545100146,0.9620621496914223,1,1,1,1,1,2,0,1,0,1,1,1
3998838,8bbad63e-4bfc-47fa-8b0b-9b22cdc86045,1,21,21,Italy Women's,Manuela Giugliano,Arianna Caruso,95.3,38,95.3,48.2,10.2,-1.2447249826860336,0.983470187502917,0.5934322711415191,-0.39003791636139795,1.6913651888674834,1.4443321617165115,-0.24703302715097197,2.800837355210702,2.64556108095564,-0.1552762742550624,0.9620642241954007,3.6122064357603185,1,0,1,1,2,2,1,0,0,1,1,1
3998838,248300c3-bb1d-468f-88d3-d975dd1feb87,1,21,38,Belgium Women's,Tessa Wullaert,Hannah Eurlings,89.3,70.7,110.7,30.4,45.629486,30.050354718886748,0.6335086801249762,0.18744469130045627,-0.4460639888245199,0.9669270692623922,0.44627423437111785,-0.5206528348912745,1.3513149157880049,0.8044342634616459,-0.546880652326359,1.9083143594929703,5.394400808646421,1,0,1,0,2,1,1,0,0,0,0,0
3998838,cae10474-9003-42aa-b31b-445f9dc6498b,1,22,53,Italy Women's,Elena Linari,Sofia Cantore,20.9,13.4,63.3,35.8,47.953312,45.75250294706295,0.09149791995432718,0.8191761498387031,0.7276782298843759,0.2456214540336005,1.3842708984820404,1.1386494444484399,0.4561460553879319,2.3038797805565316,1.8477337251685997,7.1847631100234866,1.1751885358126277,0,1,0,1,1,1,0,1,1,0,0,1
3998838,1d585c68-3876-471a-a64c-b9591ac17a2b,1,23,44,Belgium Women's,Amber Tysiak,Sari Kees,36.2,62.7,27.7,48.6,16.4639,-5.879682890943954,0.049164486501088275,0.005673897406237658,-0.04349058909485062,0.23799427100056078,0.07197418027133279,-0.166020090729228,0.6234496801201389,0.30950490508357514,-0.31394477503656376,10.224635389566961,18.47908131515584,0,0,0,0,0,0,0,0,1,0,0,1
3998838,0cd62d36-5432-4f3f-8163-83d985aafcc3,1,23,48,Belgium Women's,Sari Kees,Amber Tysiak,27.7,49.3,27.7,65.6,16.3,-3.0170499088376204,0.006931371196772412,0.009226149593722166,0.0022947783969497542,0.08119135552712357,0.08260023223510117,0.0014088767079775966,0.33430918003325943,0.31190557872109964,-0.022403601312159793,17.88225452701498,14.712838229886785,0,0,0,0,0,0,0,0,1,0,0,1
3998838,6b71c8c8-70ed-45dd-9ac6-ff73d3fbeaae,1,23,50,Belgium Women's,Amber Tysiak,Jarne Teulings,32.6,69.3,37.4,78.2,10.111875,1.1750350578541173,0.029874602909620535,0.05227347889796035,0.022398875988339815,0.16763751526241938,0.21399241991556606,0.04635490465314668,0.4789430091351247,0.5175527335851648,0.03860972445004013,11.342522465434746,9.310952994626808,0,0,0,0,0,0,0,0,1,0,0,1
3998838,bf916347-ae14-4dcb-9736-9f1f171439d3,1,23,53,Belgium Women's,Jarne Teulings,Justine Vanhaevermaet,33.4,76.1,43.7,60,19.112823,14.94538805596973,0.2178765539187329,0.4337001110148374,0.2158235570961045,0.49068242046575145,0.8490006123533572,0.3583181918876058,0.8519825616069999,1.4262711539365758,0.5742885923295759,4.923961877044227,3.0250591204363255,0,0,1,1,1,1,0,0,1,0,0,1
3998838,59180e73-a55e-4f0f-98a9-c649a3f3348e,1,24,3,Belgium Women's,Justine Vanhaevermaet,Laura Deloose,50,48.6,58.6,23.9,26.15435,7.050563749906338,0.8803915999360169,0.071015466086538,-0.8093761338494789,1.4136760678377882,0.3041487410263797,-1.1095273268114085,2.1561016087238554,0.8263913967009406,-1.3297102120229147,1.053655075574223,8.531432609311084,1,0,1,0,2,0,1,0,1,0,0,1
3998838,cf6e62e3-0fe5-4b8a-bc83-60a82390ef94,1,24,12,Italy Women's,Cristiana Girelli,Arianna Caruso,48.9,37.1,44.9,42.4,6.64003,-3.9792216057305154,0.7501648193910777,0.793163376879714,0.042998557488636346,1.3872335787710934,1.3548108152902074,-0.03242276348088602,2.2776689847459815,2.121834748178221,-0.15583423656776052,1.8472628196190286,2.3200968235047905,1,1,1,2,2,2,0,1,1,0,0,1
3998838,1830a07c-5bf6-4afc-be6a-9160a8f221a3,1,24,13,Italy Women's,Arianna Caruso,Cristiana Girelli,45.1,41.3,53.7,34,11.280514,8.340341253620352,1.247752586024576,0.4887319345534173,-0.7590206514711586,1.7040354134583657,1.1632932317725437,-0.540742181685822,2.3121050130096843,2.063930759688309,-0.2481742533213751,0.9648156851950414,3.642044022298235,2,0,2,1,2,1,1,0,1,0,0,1
3998838,3d6c6120-b59e-445c-8b35-41f4723a01eb,1,24,14,Italy Women's,Cristiana Girelli,Emma Severini,53.7,34,47.4,30,7.462573,-6.714529622410424,0.4887319345534173,0.3596647730033519,-0.12906716155006537,1.1632932317725437,0.8900507994696585,-0.27324243230288525,2.063930759688309,1.7489113200573418,-0.31501943963096735,3.642044022298235,3.866408505412339,0,0,1,1,1,1,0,0,1,0,0,1
3998838,01d6dda8-0b1d-4d07-8b91-abcf28613e64,1,24,20,Italy Women's,Cecilia Salvai,Arianna Caruso,36.5,33.2,42.1,38.3,7.574299,5.857881451441827,0.005101374521472916,0.026923123116118268,0.021821748594645352,0.07956393817034542,0.20716810192161084,0.12760416375126543,0.39467584891536533,0.6951113452469649,0.3004354963315996,18.958879960862348,13.07536781054284,0,0,0,0,0,0,0,0,1,0,0,1
3998838,c0c0d877-f73c-4bf8-9018-b49c8c8fb709,1,24,23,Italy Women's,Arianna Caruso,Manuela Giugliano,42.2,38.3,48.7,38.8,6.519202,6.508473586584429,0.055299409488789905,0.424075251804256,0.36877584231546606,0.31926802045838787,1.0038893985652555,0.6846213781068676,0.8936976922298057,1.752942138044485,0.8592444458146793,11.961719953199841,4.850774321254359,0,0,0,1,0,2,0,0,1,0,0,1
3998838,4437f6ba-35b5-4cea-93d0-f04eebca7179,1,24,24,Italy Women's,Manuela Giugliano,Arianna Caruso,48.7,38.8,44.9,39.8,3.9293766,-3.7901688493924013,0.424075251804256,0.13365753929174728,-0.2904177125125087,1.0038893985652555,0.51277127786974,-0.4911181206955155,1.752942138044485,1.1530133014978603,-0.5999288365466247,4.850774321254359,8.940466865329425,0,0,1,0,2,0,0,0,1,0,0,1
3998838,9492624a-0a36-4fc9-868e-3922d1fee512,1,24,26,Italy Women's,Arianna Caruso,Emma Severini,44.2,39.2,48.3,17.4,22.1822,0.6267647909303662,0.16225547906765658,0.05188622054644807,-0.11036925852120852,0.5673895488251227,0.27195744190984633,-0.2954321069152764,1.216515734159857,0.7398338637313139,-0.47668187042854304,8.297589011786627,11.334642980444952,0,0,0,0,0,0,0,0,1,0,0,1
3998838,04dc9c2f-1134-4fcb-a08b-1e1610c1530c,1,24,30,Italy Women's,Emma Severini,Cristiana Girelli,56.9,25.4,72,29.3,15.595512,15.588898536121548,0.14439448332997284,1.1061400546713496,0.9617455713413767,0.5306851547626467,1.8110869814773431,1.2804018267146966,1.2157194698079608,2.7472293006436628,1.531509830835702,8.371028693606023,1.3061544745641611,0,1,0,2,0,3,0,1,1,0,0,1
3998838,308cd208-3452-4f56-9a7a-03586bce4570,1,24,31,Italy Women's,Cristiana Girelli,Lisa Boattin,71.2,28.5,77.9,2.5,26.849394,-6.242893146677957,1.1061406816692396,0.0930752404233248,-1.0130654412459148,1.8110873710708832,0.30879183347075373,-1.5022955376001295,2.7472294826594523,0.7176989341231093,-2.029530548536343,1.3061519606634135,7.542071599737746,1,0,2,0,3,1,1,0,1,0,0,1
3998838,526db120-28ba-448c-a5f6-3aef99f412da,1,24,34,Italy Women's,Lisa Boattin,Elena Linari,77.1,2.5,62.5,5,14.812494,-10.335090102176324,0.2584119682097224,0.019650365682370732,-0.23876160252735168,0.525046262069542,0.1125082532746276,-0.41253800879491437,0.9383166114332134,0.377549046426825,-0.5607675650063884,4.227748497375256,11.895455114639532,0,0,1,0,1,0,0,0,0,0,0,0
3998838,9a2aafd3-0618-449b-b7d9-8d4b2ac26b7f,1,24,36,Italy Women's,Elena Linari,Emma Severini,62.5,5,69.1,14,11.1606455,10.158545532531178,0.019650365682370732,0.14178154816389596,0.12213118248152523,0.1125082532746276,0.4095153376433119,0.2970070843686843,0.377549046426825,0.9028952308486302,0.5253461844218053,11.895455114639532,6.275836649832652,0,0,0,0,0,1,0,0,0,0,0,0
3998838,af12f484-7568-433e-a3d9-b144f6636b1e,1,24,39,Italy Women's,Emma Severini,Arianna Caruso,68,23.1,72.9,34.6,12.5004,7.268782662674063,0.27160468023164697,1.023732674596098,0.752127994364451,0.7620072083559192,1.5325907800571643,0.7705835717012451,1.524183385969334,2.3526526122976454,0.8284692263283115,6.182567108275514,0.6337564603789377,0,1,0,1,2,3,0,1,0,0,0,0
3998838,88d020d6-8c67-4571-90c0-31a19051a414,1,24,44,Belgium Women's,Jill Janssens,Hannah Eurlings,26.7,60.8,52.9,36.1,36.00736,28.37718564835032,0.09112154802057172,0.2569897986797888,0.16586825065921706,0.35358558990893096,0.726458428787433,0.3728728388785021,0.8670993090075405,1.4771501505815503,0.6100508415740098,7.93821867056424,5.783487437958471,0,0,0,0,1,2,0,0,1,0,0,1
3998838,b555afbc-7d50-4726-bac2-e15d0d6cc060,1,24,49,Belgium Women's,Hannah Eurlings,Sari Kees,43.3,33.9,30.5,33.5,12.806249,-12.793537010443302,0.679759284833562,0.09333832493759228,-0.5864209598959697,1.2298053163980094,0.38784945142684146,-0.8419558649711679,2.0335631071870957,0.960640765841442,-1.0729223413456537,1.9992332942787183,9.434893928231507,1,0,1,0,2,0,1,0,1,0,0,1
3998838,ca869b5f-0629-4559-a409-b72a1b791c82,1,24,51,Belgium Women's,Sari Kees,Laura Deloose,30.7,34,47.7,3.3,35.09259,8.420023565216667,0.19253724174889644,0.05632304801395117,-0.13621419373494528,0.5587660559112504,0.2529700011898333,-0.3057960547214171,1.1629931243735898,0.7001757335627824,-0.4628173908108074,5.92146032026685,9.126523614138575,0,0,0,0,1,0,0,0,1,0,0,1
3998838,f0c5e8c9-3762-4aa8-b6c8-54f7bffe83df,1,24,56,Belgium Women's,Janice Cayman,Justine Vanhaevermaet,30.3,13.6,35.9,21.1,9.360022,7.306714206322127,0.32075040065343646,0.4917408054023955,0.17099040474895905,0.5786872029011322,0.9518546977026976,0.3731674948015654,0.9948932381622292,1.599177292557383,0.6042840543951539,3.4675763375052293,2.7252917746439524,0,1,1,1,1,1,0,1,1,0,0,1
3998838,c5d344e5-fc6a-47ba-9dec-1abf2aa80693,1,24,58,Belgium Women's,Justine Vanhaevermaet,Sari Kees,35.9,19.9,20.6,19.7,15.301307,-14.983105631761518,0.4917408723427598,0.09710267437477488,-0.39463819796798494,0.9518547522867805,0.3580397596306424,-0.5938149926561381,1.5991773298627252,0.8018224692985652,-0.79735486056416,2.7252912760818675,8.036859324212452,1,0,1,0,1,0,1,0,1,0,0,1
3998838,71450482-089c-4908-9abd-f4809835cfdc,1,25,0,Belgium Women's,Sari Kees,Hannah Eurlings,24.2,17.6,70.5,3.1,48.517418,36.64367938902086,0.8493668702131343,0.5234297402767979,-0.3259371299363364,1.296482543889627,0.762271639756126,-0.534210904133501,1.7710355932922492,1.1286867038053894,-0.6423488894868599,1.4642895427818188,1.9948006839644736,1,1,1,1,2,1,1,0,1,0,0,1
3998838,ff88e8d7-e599-4577-a855-7e5d4adfbd77,1,25,42,Italy Women's,Cristiana Girelli,Sofia Cantore,56.1,45.2,65.1,46,9.035485,8.884335843713131,0.8709414480673415,0.8272110692526291,-0.04373037881471242,1.2703465108153884,1.3441998795244372,0.0738533687090488,1.8376756768635147,2.1117637171577073,0.27408804029419254,1.3324696875098914,1.487142634269738,1,1,2,1,2,2,1,1,1,0,0,1
3998838,b356c85b-c194-40cc-a5c4-fb6d2f197fc1,1,25,44,Italy Women's,Sofia Cantore,Manuela Giugliano,67.1,47.4,55.6,48.7,11.573245,-11.569925489698953,0.9741800328897577,0.4445477870699204,-0.5296322458198374,1.7915452694717615,1.0983196227618282,-0.6932256467099334,2.8128352367275,2.01367963248882,-0.7991556042386798,1.9364359959172222,3.917878393947276,1,0,2,1,3,1,1,0,1,0,0,1
3998838,d30cee3c-90e1-4c3a-aa3c-ce75b8b1f678,1,25,46,Italy Women's,Manuela Giugliano,Lisa Boattin,56.8,45,66.1,11.5,34.766937,2.426499588430218,0.5197760163616233,0.004880964346800214,-0.5148950520148231,1.177851989034771,0.04948760852931879,-1.1283643805054522,2.080869364073817,0.23096589410960328,-1.8499034699642138,3.2593997786835156,16.091491088960627,0,0,1,0,1,0,1,0,0,0,0,0
3998838,8fbb681c-1af4-45f4-96b4-9475af04d7de,1,25,50,Italy Women's,Lisa Boattin,Emma Severini,70.4,9.4,100.4,24.1,33.407932,33.04140595539428,0.05489858848176381,0.8716139485075427,0.8167153600257789,0.1881698761885429,1.2827651735590644,1.0945952973705215,0.4568641331882267,1.9909130664653596,1.5340489332771328,8.726974853258671,0.8116995215272109,0,1,0,1,0,2,0,1,0,0,0,0
3998838,e648f8be-f0bf-4355-a42b-04e847702bb2,1,26,2,Belgium Women's,Lisa Lichtfus,Amber Tysiak,12.5,37.5,14,50.8,13.384319,0.9802976612022007,0.12784691410549373,0.021503967519399758,-0.10634294658609397,0.40171470494998834,0.16159850116840868,-0.24011620378157966,0.8578203744085158,0.5251360210768149,-0.3326843533317009,6.699148506691797,12.961153657460583,0,0,0,0,1,0,0,0,1,0,0,1
3998838,82579256-519d-4daf-963e-4f10449662fc,1,26,5,Belgium Women's,Amber Tysiak,Jarne Teulings,13.5,51.4,26.4,72.7,24.901808,7.960785813730496,0.029452407734709155,0.020405445150505554,-0.0090469625842036,0.1667758472399114,0.11160559099842693,-0.05517025624148447,0.4965159954060954,0.32930371079803833,-0.1672122846080571,11.098897379576849,11.80672155377757,0,0,0,0,0,0,0,0,0,0,0,0
3998838,96b9f963-ea82-4541-b66c-a51110dbc14e,1,26,23,Belgium Women's,Sari Kees,Lisa Lichtfus,18.1,57,7.2,36.9,22.865257,-9.5342645467925,0.26185266650400996,0.004299941115609008,-0.25755272538840096,0.48758315699937965,0.04705005337597558,-0.4405331036234041,0.7979573204554838,0.2013112836287122,-0.5966460368267716,4.061931454389393,16.701826361434193,0,0,1,0,1,0,0,0,0,0,0,0
3998838,fcf85792-4855-484d-9500-e38520780410,1,26,29,Belgium Women's,Lisa Lichtfus,Sari Kees,11,30.5,7.7,43.1,13.024976,-2.9295714169397513,0.004584957989314984,0.0031835791598419224,-0.0014013788294730614,0.05577467511563553,0.0434978671785648,-0.012276807937070734,0.24375217242204722,0.20964910901382475,-0.03410306340822247,17.04403842462988,17.834959921508823,0,0,0,0,0,0,0,0,1,0,0,1
3998838,d52d8c27-d2d8-49c1-8b7a-a7987af54e7e,1,26,37,Belgium Women's,Sari Kees,Amber Tysiak,29.7,50.9,36.6,67.2,17.700283,3.23205459144107,0.072571449723036,0.019989472280861873,-0.05258197744217413,0.29594520467736635,0.1434845027785791,-0.15246070189878724,0.725293088713074,0.47799849332939437,-0.2472945953836796,9.435526054723143,12.683978315035688,0,0,0,0,0,0,0,0,1,0,0,1
3998838,f13d9897-2cc5-4df6-b735-b912dba414d7,1,26,39,Belgium Women's,Amber Tysiak,Tessa Wullaert,36.3,67.5,49.8,66.7,13.523683,12.995747935149481,0.09283087663740106,0.6812602219293076,0.5884293452919065,0.3200702220850902,1.1734254055772884,0.8533551834921982,0.7455962676634633,1.7640267078135339,1.0184304401500706,7.484789854787765,2.2046064504889284,0,1,0,1,1,2,0,0,1,0,0,1
3998838,82804552-891e-4af1-98bd-105e050ecf8b,1,26,42,Belgium Women's,Tessa Wullaert,Sari Kees,47.8,64.1,35.4,54.6,15.620819,-9.734537999853032,1.1335721788109652,0.11173105858897034,-1.0218411202219948,1.6786763300270398,0.38222154857675406,-1.2964547814502856,2.2694592592539142,0.9279589939756518,-1.3415002652782624,1.0593549226324894,6.940308699899888,1,0,2,0,3,1,1,1,1,0,0,1
3998838,a3631e8b-d59c-440f-ac6c-e30627cfcfb0,1,26,45,Belgium Women's,Sari Kees,Tessa Wullaert,31.7,54.2,42.8,69.5,18.90238,6.790142623498696,0.1677873446802122,0.10546542666019164,-0.06232191802002056,0.45863956555622254,0.35798516081347886,-0.10065440474274367,1.0028117208914593,0.8250864384669124,-0.17772528242454688,5.591886678611807,7.247345863030849,0,0,0,0,1,1,1,0,0,0,0,0
3998838,4600b775-d3c0-4d9c-a402-c2f542209f94,1,27,0,Belgium Women's,Tessa Wullaert,Mariam Abdulai Toloba,56.7,71.1,58.5,41.4,29.754496,9.011366783448409,1.0127110192880642,0.32888717140823487,-0.6838238478798293,1.566897254910904,0.5962924192984587,-0.9706048356124453,2.246753071997512,1.1188426519837122,-1.1279104200137997,0.8862316978368345,3.3805109894674303,1,0,1,1,4,1,1,0,0,0,0,0
3998838,ab6f0fa6-4238-4223-a38c-bf198046ca30,1,27,25,Italy Women's,Cecilia Salvai,Manuela Giugliano,21.4,36.3,32.4,35.6,11.02225,10.958964809935352,0.0011008828175793476,0.03936467727028918,0.03826379445270983,0.016789766488307385,0.16498987443888857,0.1482001079505812,0.07774149893491615,0.3942945654453166,0.31655306651040044,20.43492857886679,9.892252943598033,0,0,0,0,0,0,0,0,1,0,0,1
3998838,ef2d02cc-1c46-4c46-a870-48b0598f1618,1,27,29,Italy Women's,Manuela Giugliano,Martina Lenzini,33.8,39.1,33.7,64.4,25.300198,-3.4783547778080077,0.09247573554057009,0.008704169913645443,-0.08377156562692464,0.2803197897946263,0.07257923230561425,-0.20774055748901205,0.5549783761601729,0.2664531802383681,-0.28852519592180476,7.388424240755706,14.60949123518581,0,0,0,0,1,0,0,0,1,0,0,1
3998838,a66d7932-b19d-4043-b56b-3acf0866587b,1,27,32,Italy Women's,Martina Lenzini,Cecilia Salvai,33.7,64.5,29.6,45.8,19.14419,-0.8755593040268366,0.009349777458413517,0.010763804045995744,0.0014140265875822264,0.0868878237456196,0.09248857916965622,0.005600755424036624,0.3528807841332797,0.3381315966552209,-0.014749187478058812,14.736579195595322,14.714603480526124,0,0,0,0,0,0,0,0,1,0,0,1
3998838,ee61d024-b910-482a-a430-7af287b09bd4,1,27,35,Italy Women's,Cecilia Salvai,Elena Linari,34.7,43.6,42.9,18.1,26.786003,5.225948972794953,0.028258626213120974,0.009619448617168003,-0.01863917759595297,0.16429153259375723,0.09237853839673386,-0.07191299419702336,0.4860224688331719,0.353383804007671,-0.1326386648255009,11.600329571922622,15.269087860635672,0,0,0,0,0,0,0,0,1,0,0,1
3998838,809673e5-cc99-424e-9f3f-dc96512af0fe,1,27,38,Italy Women's,Elena Linari,Emma Severini,44.3,17.1,62.8,6.6,21.272047,12.850474111754522,0.020577778215729578,0.10739818960093914,0.08682041138520956,0.1470054499885188,0.2781886581906897,0.13118320820217091,0.48345696138986205,0.5695524843576775,0.08609552296781542,13.550298732422492,6.707480811441997,0,0,0,0,0,1,0,0,0,0,0,0
3998838,923975d2-1ce0-4861-9b9d-469bd8d5c11a,1,27,40,Italy Women's,Emma Severini,Cristiana Girelli,64.4,5.6,77.6,25.4,23.796638,20.53806024146195,0.290693423834299,0.590645484928613,0.299952061094314,0.49081083398530145,0.9303887028390637,0.43957786885376227,0.7518541667291386,1.5358586520019737,0.7840044852728351,3.710930894548728,1.7530102307565836,0,1,1,1,1,1,0,1,0,0,0,0
3998838,a9a92ac9-c344-496a-b7c9-932a46702e9d,1,27,46,Belgium Women's,Hannah Eurlings,Tessa Wullaert,69.7,53.6,76.2,63.7,12.010828,2.305238066291416,0.8127332576235736,0.6497047047679031,-0.16302855285567053,1.3980639863435451,1.2523380546465528,-0.14572593169699233,2.108664241984468,1.9810400371372234,-0.12762420484724468,2.4193234574654494,2.6126137290996363,1,1,2,1,2,2,0,0,1,0,0,1
3998838,1871109b-869b-4572-b0ec-cdd6f1ad06dd,1,27,48,Belgium Women's,Tessa Wullaert,Hannah Eurlings,75.8,65.8,92.7,68.6,17.130383,11.640945456091906,1.3352048448287428,0.09742419641552234,-1.2377806484132206,1.9561422945713542,0.4065989498076064,-1.5495433447637479,2.589340776096147,0.9864780018264372,-1.6028627742697097,1.6512360750183213,8.987131142766657,2,0,2,0,3,0,0,0,0,0,0,0
3998838,ad06d3e7-2f20-4fe0-9e9b-05ccae1a8110,1,28,52,Belgium Women's,Jill Janssens,Jarne Teulings,83.5,53,92.3,63.4,13.623509,2.485107090038774,0.6296899538906838,0.23059192267060535,-0.3990980312200785,0.9734011541282233,0.5648747760219087,-0.40852637810631454,1.6563449219122734,1.2393965375748797,-0.4169483843373938,1.546871996378245,4.637065311767957,1,0,1,1,1,1,1,0,1,0,0,1
3998838,c0851cc6-a8db-41c0-9a27-6d1ea9457d80,1,28,54,Belgium Women's,Jarne Teulings,Tessa Wullaert,87.7,62.7,103.8,71.1,18.15957,4.412489448480933,0.5616218787534023,0.0910734897548607,-0.4705483889985416,0.8167042723207377,0.30893525144054945,-0.5077690208801883,1.3076475731360127,0.7484629510940124,-0.5591846220420003,1.7901165220627868,7.520626266357179,1,0,1,0,1,1,1,0,1,0,0,1
3998838,0005de7c-29ae-41ad-9f5d-cf9462ead74b,1,28,58,Belgium Women's,Tessa Wullaert,Jill Janssens,97.8,73.1,83.6,62.3,17.840405,-2.8324567734343233,0.7189801895060409,0.041374033280143656,-0.6776061562258973,1.0491795018918662,0.2271768439763015,-0.8220026579155646,1.500575841068497,0.7203430447064874,-0.7802327963620097,1.3374192891294256,10.259153524371252,1,0,1,0,1,0,0,0,0,0,0,0
3998838,2744ab2e-e6dc-49ec-8f94-b7f08273c0ba,1,29,15,Italy Women's,Cecilia Salvai,Elena Linari,10.3,54.8,14.9,32.9,22.377892,5.354310871193192,0.011423599420474256,0.00861754175328897,-0.002806057667185285,0.09808071974947008,0.08058110294351958,-0.017499616805950496,0.3667317267062666,0.33394655108438576,-0.032785175621880824,14.304986241129345,14.65306880420132,0,0,0,0,0,0,0,0,1,0,0,1
3998838,a4b9c9d4-59c6-49f1-a796-2617cd114942,1,29,19,Italy Women's,Elena Linari,Manuela Giugliano,22.3,29.7,32.4,41.4,15.45639,10.630250785547872,0.013718284479100467,0.12506923905842693,0.11135095457932646,0.11547256859133381,0.45886037993348805,0.34338781134215424,0.43586031645070233,1.0364495021979345,0.6005891857472322,13.52396190767683,7.642476211335844,0,0,0,0,0,1,0,0,1,0,0,1
3998838,479b2924-4f0d-4fc9-a65e-86f9a8a080a9,1,29,21,Italy Women's,Manuela Giugliano,Elena Linari,34.2,39.1,28.8,27.5,12.795312,-6.247927829410443,0.17527068737563437,0.04652839752204972,-0.12874228985358466,0.5278582210066665,0.23473551136194512,-0.2931227096447213,1.0898003778163197,0.6520921403877953,-0.4377082374285244,6.4256983429055845,10.10501977519649,0,0,0,0,1,0,0,0,1,0,0,1
3998838,b45d5bf2-9f2b-4cf5-88f3-41dd2e7116f8,1,29,24,Italy Women's,Elena Linari,Cecilia Salvai,36.1,23.4,27.1,36.6,15.976233,-7.435767953871888,0.3149199655318376,0.0052781525868972065,-0.30964181294494036,0.6377602671348631,0.06149095437685932,-0.5762693127580037,1.1256961544922583,0.2720686846360009,-0.8536274698562574,3.701266145353152,17.148141529908962,0,0,1,0,1,0,0,0,1,0,0,1
3998838,7bde523e-5163-4fec-9fe7-b404217747b3,1,29,40,Italy Women's,Martina Lenzini,Emma Severini,102.3,67.2,112.3,42.1,27.018698,24.470736525704105,1.053153597030851,1.239262455341887,0.18610885831103596,1.677535199238612,2.0306213476754973,0.35308614843688524,2.559910980503381,2.971975484524416,0.4120645040210351,1.0901278328147928,0.7855783793896268,1,1,2,1,2,4,0,0,0,1,1,1
3998838,d1977743-1e69-4cc5-9e47-28f23d37b383,1,30,11,Belgium Women's,Sari Kees,Amber Tysiak,18.1,32,10.7,51.2,20.576685,-7.658784046777143,0.044378878459244944,0.008848437430509901,-0.035530441028735045,0.2370807506800099,0.07602840710995411,-0.16105234357005577,0.6293226456145694,0.29623402863777604,-0.3330886169767934,11.34786518334434,14.451184200337122,0,0,0,0,0,0,0,0,0,0,0,0
3998838,a4c64612-d8cf-42ae-b4bd-5088a27ebee2,1,30,14,Belgium Women's,Amber Tysiak,Tessa Wullaert,10.8,52.5,42.5,55.3,31.82342,30.917279365380992,0.08445682138458359,0.9741686083305738,0.8897117869459903,0.26618540343829233,1.3970014574803296,1.1308160540420373,0.6032711048473113,1.8969653097128725,1.2936942048655613,7.508766899362353,0.9993201866395961,0,1,0,2,1,2,0,0,0,0,0,0
3998838,fc0e850a-24f2-426c-8cc2-db6a1580b99d,1,30,25,Italy Women's,Cecilia Salvai,Manuela Giugliano,40.4,23.1,52.3,34.4,16.410362,13.443043618507915,0.007381875862942595,0.24725467665907802,0.23987280079613543,0.06719816177212208,0.6018782823821882,0.5346801206100661,0.25497022559837573,1.0456098650767425,0.7906396394783668,15.160271070899853,5.294441950116619,0,0,0,0,0,1,0,0,1,0,0,1
3998838,c10cef7c-f6bd-4f5b-b9db-2ceeb7b93852,1,31,49,Italy Women's,Elena Linari,Martina Lenzini,82.4,23.1,60.8,23.7,21.608332,-20.179597279346616,0.44095619774794365,0.003600051166527459,-0.4373561465814162,0.8866366717088935,0.0444655361890144,-0.8421711355198791,1.692493850739981,0.21897641725345704,-1.473517433486524,2.900621596250368,17.17133165448429,1,0,1,0,1,0,1,0,1,0,0,1
3998838,d16895bb-e720-4c6f-8217-5d54abdf2374,1,31,54,Italy Women's,Martina Lenzini,Elena Linari,63.3,29.6,68.9,12,18.469435,-0.6225287115048275,0.10595113618401773,0.04279126602883033,-0.0631598701551874,0.2992349088275926,0.19595583546105536,-0.10327907336653727,0.629593816928569,0.5455837462063117,-0.0840100707222573,6.840339392188013,9.91543844738552,0,0,0,0,1,0,0,0,0,0,0,0
3998838,2da4feb5-4b41-4cfb-9d21-59472eb69c7d,1,32,0,Belgium Women's,Justine Vanhaevermaet,Jarne Teulings,42.8,48.6,49.7,57.7,11.420157,5.183538829278746,0.5674742363665074,0.38115292950692586,-0.18632130685958154,1.088542537508653,1.017000852811768,-0.07154168469688504,1.8536902877275376,1.8730902846034352,0.01939999687589755,2.675916987130726,6.049746160290083,1,0,1,0,2,3,1,0,0,0,0,0
3998838,e8712f0f-d094-48d4-a320-493585f769ad,1,32,8,Italy Women's,Cristiana Girelli,Lisa Boattin,85.3,14.3,74.5,12.9,10.890363,-9.778258014105745,0.831850178279798,0.08714450432425766,-0.7447056739555403,1.1756533588850213,0.3337216715614272,-0.8419316873235941,1.6527393172743123,0.8030554692399673,-0.849683848034345,0.9572184532013027,8.188635850860583,1,0,1,0,2,0,1,0,1,0,0,1
3998838,9f1588f5-f505-444d-a535-436863808d77,1,32,11,Italy Women's,Lisa Boattin,Manuela Giugliano,70.9,15.7,71.7,24.7,9.035485,4.118748996751137,0.4871405079149144,0.24190111809467404,-0.24523938982024038,0.855481458349979,0.7781264128541039,-0.07735504549587513,1.5034079010827073,1.669382467677557,0.16597456659484977,2.379491751692505,6.391950672654832,1,0,1,0,1,1,1,0,1,0,0,1
3998838,5fa83238-fcad-4785-802e-8a64f8a0f2fc,1,32,15,Italy Women's,Manuela Giugliano,Cristiana Girelli,77.6,26.1,89.8,21,13.223085,8.9406007686798,0.46848784994464043,1.0733723235055532,0.6048844735609128,1.1038517516898785,1.731226095291115,0.6273743436012365,2.015061283796994,2.6680043124249475,0.6529430286279534,4.832540090852576,0.7022347695059645,0,1,1,1,2,3,0,1,1,0,0,1
3998838,c085e434-2c88-4144-ac00-dbe7ff4a84ff,1,34,52,Belgium Women's,Sari Kees,Amber Tysiak,26.5,27.6,26.5,52.8,25.2,-0.053420744162622213,0.001312536779834074,0.014300507476302272,0.012987970696468199,0.02446354393020544,0.08018391411133945,0.055720370181134,0.127271164795064,0.22434900773097236,0.09707784293590835,21.370550527759043,12.749590016471906,0,0,0,0,0,0,0,0,1,0,0,1
3998838,d037a618-5efa-4c50-8996-4a0338b7eacb,1,35,3,Belgium Women's,Sari Kees,Amber Tysiak,26.4,33.5,25.5,55,21.51883,-1.857647608918498,0.02090268477009278,0.06115670877335393,0.04025402400326115,0.13540406389292006,0.2167242681558112,0.08132020426289113,0.41387781928727047,0.5154119551459895,0.10153413585871901,12.285385158475737,8.491618010684393,0,0,0,0,0,0,0,0,1,0,0,1
3998838,c2de9512-27b4-43ac-9a7c-a56eb51899cd,1,35,6,Belgium Women's,Amber Tysiak,Sari Kees,25.7,61.5,25.3,44.3,17.20465,1.9223310714033914,0.07806792358534423,0.022891957600594332,-0.0551759659847499,0.2575990398110727,0.15285337598773788,-0.1047456638233348,0.592803176232752,0.47483994969119353,-0.1179632265415585,7.784040199384115,12.821222093726483,0,0,0,0,1,0,0,0,1,0,0,1
3998838,3deed0aa-aa12-4f93-a8fb-cf9c074a4cd2,1,35,11,Belgium Women's,Sari Kees,Amber Tysiak,34.8,48.4,29.7,65.8,18.132015,-8.300334459381233,0.12428439488131834,0.06987184184170689,-0.054412553039611455,0.3820501262320573,0.27358408663370476,-0.10846603959835255,0.795696920826877,0.6454911066797251,-0.15020581414715195,6.960607128587417,8.705440106042278,0,0,0,0,1,0,0,0,0,0,0,0
3998838,70f283aa-c296-4dfc-889a-5731e86f84ec,1,35,13,Belgium Women's,Amber Tysiak,Sari Kees,29.3,65.8,24.1,49.8,16.823793,-2.1013382799084326,0.2701041032473881,0.21529657296178129,-0.05480753028560681,0.5462517862189902,0.4701943686664096,-0.07605741755258055,0.9371735522041746,0.8425435059777948,-0.09463004622637983,4.099804040902527,4.764545236783853,0,0,1,1,1,1,0,0,0,0,0,0
3998838,b9cb893d-e530-47ac-b520-12b40512ed3f,1,35,24,Italy Women's,Lisa Boattin,Cecilia Salvai,54.6,39.6,47.7,31.5,10.640489,-7.396716301130013,0.040239517503990664,0.005239765253128549,-0.03499975225086212,0.23089659475554433,0.06724211631619828,-0.16365447843934605,0.6960083313835096,0.313839968983616,-0.3821683623998936,10.518502070727028,16.71456116321199,0,0,0,0,0,0,0,0,1,0,0,1
3998838,0c300173-1cfc-48f7-8c71-3ffd4023dd6a,1,35,27,Italy Women's,Cecilia Salvai,Manuela Giugliano,49.1,31,55.7,44.4,14.9372015,7.018575802840147,0.017836355634226395,0.22810832698524186,0.21027197135101547,0.13778467285919008,0.6497965877817875,0.5120119149225975,0.46502306884016753,1.2324542652237598,0.7674311963835923,13.47932436480576,6.929679874511987,0,0,0,0,0,2,0,0,1,0,0,1
3998838,f74777cc-0684-4ada-abfd-e94c6dc21efc,1,35,36,Italy Women's,Elena Linari,Arianna Caruso,87.1,19.6,90.6,34.4,15.208221,8.782786182429714,0.4484392667138429,0.6927471548186749,0.244307888104832,1.0987258472308046,1.3548484414316448,0.25612259420084027,2.0310230258511983,2.3749528924721623,0.34392986662096403,3.9701925396310656,2.0500952162129242,0,1,1,1,2,2,0,0,1,0,1,1
3998838,2d9c5652-d6e8-4bef-a85f-48e92e96d4fb,1,35,37,Italy Women's,Arianna Caruso,Manuela Giugliano,90.4,34.5,79.7,35.2,10.722873,-10.478205604837495,0.6927472289335133,0.09257076784544349,-0.6001764610880698,1.3548483185897955,0.4211340707664557,-0.9337142478233398,2.3749526355836017,1.1954211760438576,-1.1795314595397441,2.050093869077157,7.959350591117195,1,0,1,0,2,1,0,0,1,1,1,1
3998838,9211a05e-46c0-4498-935d-2f021f2ae45a,1,35,41,Italy Women's,Manuela Giugliano,Lucia Di Guglielmo,86.1,39.4,96.2,44.6,11.360018,9.664847276947203,0.32994648952167616,1.0507376739272911,0.720791184405615,0.7942975139360776,1.911264911490316,1.1169673975542382,1.6782589831800392,2.9897084372212177,1.3114494540411785,3.7545565767936946,2.446707490468054,0,2,1,2,1,4,0,0,0,1,1,1
3998838,813a5901-a95c-4da5-a188-5190a18d25ed,1,36,1,Belgium Women's,Amber Tysiak,Sari Kees,11.4,56.4,13.6,37.1,19.424984,3.3918118821688523,0.02507897080111746,0.014162626408578908,-0.010916344392538552,0.11994292404833802,0.10331296295588799,-0.016629961092450032,0.3118967797254122,0.3269122122102125,0.015015432484800306,11.13416454942795,14.268081345555418,0,0,0,0,0,0,0,0,1,0,0,1
3998838,0449c4e3-ff14-4a57-b244-e2371c6e04a5,1,36,18,Belgium Women's,Hannah Eurlings,Justine Vanhaevermaet,76.3,19.8,67.9,35.7,17.98249,-4.134337664929703,0.6481856202264407,0.15134368423513936,-0.49684193599130133,1.2706232551103085,0.5314382531436342,-0.7391850019666742,2.1422857489676908,1.2293347348733845,-0.9129510140943062,2.9401486335131346,6.930961473785103,1,0,2,0,2,1,0,0,1,0,0,1
3998838,7df1ac6b-aec4-44f9-83c6-25f9bf86dbb9,1,36,20,Belgium Women's,Justine Vanhaevermaet,Jarne Teulings,65.1,38.7,67.9,53.2,14.767871,1.1692268104377632,0.29591465985685567,0.11509981934941049,-0.18081484050744517,0.7191785926494783,0.368675287224853,-0.35050330542462527,1.4158543253618776,0.8481393788426541,-0.5677149465192235,4.304475036615461,7.090346779853897,0,0,1,0,1,1,0,0,1,0,0,1
3998838,1ba5f173-b4ea-46a1-bcbd-eaa943becef1,1,36,22,Belgium Women's,Jarne Teulings,Jill Janssens,67.5,55.8,83.2,70.7,21.644861,6.901786482659297,0.26198122755873526,0.15627090176063932,-0.10571032579809594,0.5438451239092567,0.39699833579074867,-0.146846788118508,0.9705932503490721,0.8031990142827419,-0.1673942360663302,4.291872502068683,5.76311148235798,0,0,1,0,1,1,0,0,1,0,0,1
3998838,4ea214a6-2f5b-4343-8543-f11e4aee802d,1,36,25,Belgium Women's,Jill Janssens,Justine Vanhaevermaet,79.7,69.9,70.1,59.5,14.153445,-3.394133941877854,0.4597307551116338,0.4632650197494824,0.0035342646378486164,0.773392223221165,0.8968337807243631,0.12344155750319818,1.2271813883186233,1.5453702482774423,0.31818885995881896,2.567923432080128,3.2917734130867156,1,0,1,1,1,2,0,0,1,0,0,1
3998838,bfcd2ca8-6f3b-40e2-8507-a0063736c420,1,36,27,Belgium Women's,Justine Vanhaevermaet,Jill Janssens,69.7,64.1,71.4,73.1,9.159148,-3.0256628069173743,0.9063020186461973,0.2926625213946823,-0.613639497251515,1.3236094735006894,0.7125852663945922,-0.6110242071060972,1.8470992443056011,1.2665652889678671,-0.580533955337734,1.2126767187107612,5.199370844276642,1,0,2,0,2,2,1,0,1,0,0,1
3998838,320a9ea5-7946-4c35-8f0d-6dc8ad99a708,1,36,29,Belgium Women's,Jill Janssens,Sari Kees,71.4,73.1,53.3,53.9,26.386549,-9.331852818975548,0.7915838376745727,0.05191510522840934,-0.7396687324461634,1.3602321939946513,0.22115372662567687,-1.1390784673689744,2.036651532505052,0.5544221795501088,-1.4822293529549433,1.7737274533774041,9.464526698536993,1,0,1,0,3,0,0,0,1,0,0,1
3998838,c80176c4-0219-4622-ba03-58125bda83b4,1,36,40,Belgium Women's,Laura Deloose,Sari Kees,72.4,11.1,52.5,22.9,23.135471,-13.945966277843638,0.6586840021162751,0.1949584793681905,-0.4637255227480846,1.0768618399480685,0.4816395160992934,-0.595222323848775,1.6653992026408215,0.9520874764799434,-0.7133117261608781,2.000567098223654,5.1359260645505405,1,0,1,0,2,1,0,0,1,0,0,1
3998838,a92b3e4e-d760-4bed-8e51-d60dcd3cd3ac,1,36,43,Belgium Women's,Sari Kees,Hannah Eurlings,55.3,17,76.3,3.4,25.019192,11.66432000453971,0.34059691095639455,0.21893268657582485,-0.1216642243805697,0.8044754093498141,0.5122597024561588,-0.2922157068936553,1.4585888717844573,1.0087804756429302,-0.4498083961415271,4.986614423042327,4.7970467342922385,0,0,1,1,2,1,0,0,1,0,1,1
3998838,c84d99d4-8f5b-4607-9dd5-90c85872c44a,1,36,48,Belgium Women's,Mariam Abdulai Toloba,Hannah Eurlings,92.9,18.1,87.1,20.2,6.168468,-3.55577789664504,0.39975021475744976,0.7246635841153828,0.324913369357933,0.8758937454896206,1.2901538848226382,0.41426013933301753,1.555579476317677,1.9851768636441107,0.4295973873264338,3.740807249455188,3.2206225850346106,0,0,1,2,2,2,0,0,0,1,1,1
3998838,978bf807-dae4-4058-b5e7-9bb422a61c39,1,36,51,Belgium Women's,Hannah Eurlings,Tessa Wullaert,91.9,23.6,94.5,41.4,17.988886,6.997270274187926,0.6157879760392895,0.4199246467367246,-0.1958633293025649,1.182746042469263,1.0888549209501885,-0.09389112151907453,1.957842800287338,2.0189529982652954,0.06111019797795736,2.489673476202192,5.2238323281190535,1,0,1,0,2,2,0,0,0,1,1,1
3998838,36703922-a32e-4ed5-b6d7-dd672bb607bb,1,36,53,Belgium Women's,Tessa Wullaert,Hannah Eurlings,93.9,42.8,106.7,35.7,14.637281,12.271922299508638,0.9371328937579836,0.9041066573485372,-0.03302623640944635,1.729047667041921,1.7878020090716324,0.058754342029711415,2.8126250779562727,2.8446050232786333,0.03197994532236059,2.295803507380702,2.9710137125648513,1,1,2,2,2,4,0,0,0,1,1,1
3998838,db0d5b94-4b6f-4e65-b228-81c80e29a1bb,1,37,8,Italy Women's,Elena Linari,Martina Lenzini,35.9,24.8,26.7,63.4,39.68123,-10.727091504403376,0.08525372173676139,0.0007099523213208684,-0.08454376941544052,0.34277316812639097,0.01869481558107637,-0.3240783525453146,0.8810388635153209,0.13240741832699504,-0.7486314451883258,7.9577094906645724,22.42516365180409,0,0,0,0,1,0,0,0,1,0,0,1
3998838,554bb697-475f-469f-97a0-2f18185dde99,1,37,13,Italy Women's,Martina Lenzini,Lucia Di Guglielmo,28.1,63.9,42.5,74.2,17.70452,10.246312537106363,0.0022612216516071783,0.0058475204494851385,0.0035862987978779602,0.03625948420674505,0.06751499542332934,0.031255511216584285,0.19836491106384394,0.29020904252085133,0.0918441314570074,18.748643594959002,17.037385290050736,0,0,0,0,0,0,0,0,1,0,0,1
3998838,a0ef9fd1-a54d-4931-ac6b-d799cd9ccc40,1,37,24,Italy Women's,Elena Linari,Lisa Boattin,62,9.4,75.9,4.6,14.705441,9.026533346008634,0.429086701087117,0.5569548378191245,0.12786813673200748,0.7099936751810101,0.9267349581496948,0.21674128296868467,1.112553005974336,1.4321653749493561,0.3196123689750201,2.6842261073305083,2.1561839435179566,1,1,1,1,1,1,0,0,1,0,0,1
3998838,bb673e9b-9cdd-4e3f-b1a2-c574b92d9aaa,1,37,37,Belgium Women's,Justine Vanhaevermaet,Jarne Teulings,42.5,43.4,55.7,55.3,17.77217,11.47931047262962,0.3586431549923386,0.2775417709053922,-0.0811013840869464,0.9646936290665047,0.7783108192310769,-0.18638280983542777,1.81051335207555,1.5281788439693835,-0.28233450810616656,5.412987918558471,5.78350646820039,0,0,0,0,2,2,0,0,1,0,0,1
3998838,80d0c07e-c687-4b7a-a6ca-86ec4e8d7afe,1,38,33,Italy Women's,Manuela Giugliano,Elena Linari,27.4,40.5,36.6,12.2,29.757856,4.690030929488685,0.1930767365244778,0.00669025746849109,-0.1863864790559867,0.44474342595550925,0.055981968675001784,-0.3887614572805075,0.7716451251156015,0.1983466421766645,-0.5732984829389369,5.228139024407059,15.161398042583555,0,0,0,0,1,0,0,0,1,0,0,1
3998838,a509a7d7-9cd8-423f-8cb2-95ac8ff82304,1,38,39,Italy Women's,Elena Linari,Sofia Cantore,44.3,12.2,76.9,23.4,34.470276,34.4569732558289,0.33282374189888825,0.9598094223847643,0.626985680485876,0.6565024481424634,1.3073247221710713,0.6508222740286079,1.132876591635642,1.9623670029736964,0.8294904113380543,3.535625084411451,0.39827474101159477,0,1,1,1,1,1,0,1,1,0,0,1
3998838,81272d64-2e9c-41ba-bca3-4308c40655aa,1,39,9,Italy Women's,Martina Lenzini,Cristiana Girelli,75.9,74.2,99.6,47.8,35.47746,33.966927924697416,0.47198862981215395,1.0676854689072741,0.5956968390951202,0.7569797630997047,1.6360968812874326,0.8791171181877279,1.1933220699121507,2.375517976648638,1.1821959067364871,2.381460505718507,0.7642016563406951,1,1,1,1,1,3,0,0,0,0,0,0
3998838,db2bda31-3d33-4675-b6b5-febd63aa80cf,1,39,25,Belgium Women's,Janice Cayman,Sari Kees,23.4,17.8,15.4,33.5,17.620726,-5.683653890156435,0.11962508745519027,0.021452714284223583,-0.09817237317096668,0.29782635590004436,0.1410799337334129,-0.15674642216663145,0.5629793704495227,0.43225903798636856,-0.13072033246315418,6.393444319279976,12.858833616262233,0,0,0,0,1,0,0,0,1,0,0,1
3998838,01d40da4-65cc-4515-82ea-613174f8f09e,1,39,28,Belgium Women's,Sari Kees,Mariam Abdulai Toloba,20.6,28.2,43.8,31,23.368355,23.368296743011598,0.03533511087447716,0.037774673959336896,0.002439563084859736,0.1832266586764671,0.218831160995578,0.035604502319110914,0.5039663235685417,0.6408586865837975,0.13689236301525587,10.662906497843242,11.09859800317779,0,0,0,0,0,0,0,0,1,0,0,1
3998838,8340c040-1784-4b71-8c6c-9ddcfd6b8a07,1,39,31,Belgium Women's,Mariam Abdulai Toloba,Sari Kees,40.6,31,26.4,28.6,14.401389,-14.383227522746125,0.575434078326087,0.0909364438094465,-0.48449763451664046,1.0552094341725522,0.33417583582403404,-0.7210335983485181,1.6898914782515706,0.8211889942997036,-0.868702483951867,2.6557720990307354,7.706674823021463,1,0,1,0,2,1,0,0,0,0,0,0
3998838,e23f9ce3-31b2-4cf2-a6ce-f6e77f46ce61,1,39,33,Belgium Women's,Sari Kees,Hannah Eurlings,26.5,28.9,74.6,2.8,54.72495,35.46244936696662,0.5108937808674966,0.030802005611219936,-0.48009177525627666,0.801755684102101,0.15429412826802286,-0.6474615558340782,1.2724240361242636,0.4473400242378974,-0.8250840118863662,2.1376582892574505,10.767683282713165,1,0,1,0,1,0,0,0,1,0,0,1
3998838,3f5e7638-daa9-4fe1-9524-217c335651df,1,39,44,Belgium Women's,Hannah Eurlings,Laura Deloose,95.9,15,101.1,10.8,6.68431,-0.05812307935241989,0.6471763860456509,0.4029474613753285,-0.24422892467032237,1.2690218950283232,0.9142540763759027,-0.35476781865242046,2.0588488970182306,1.6237602395410269,-0.4350886574772037,3.416884094499004,4.7813739407076055,0,0,2,1,3,2,0,0,1,0,1,1
3998838,48bf18ab-72ff-4326-9dc8-3c2c70f109c7,1,39,51,Belgium Women's,Laura Deloose,Tessa Wullaert,92.5,18,108,33.3,21.779348,21.4734574646104,0.598464126996348,0.8969152014590658,0.2984510744627178,1.1585775204803832,1.6700553890575052,0.511477868577122,1.9673163397937992,2.7818263901271028,0.8145100503333036,2.395915293769331,1.9126300893594206,1,1,1,2,1,2,0,1,0,1,1,1
3998838,78172e42-78db-449e-9959-554e8f634082,1,40,22,Italy Women's,Elena Linari,Emma Severini,21.8,25.1,35.5,24.7,13.705838,13.449987450551575,0.002417407565546534,0.19981554007638594,0.1973981325108394,0.03621292395194802,0.47438684280077614,0.4381739188488281,0.17954758204441953,0.8920775303270126,0.7125299482825931,18.619627492066172,5.084425669631606,0,0,0,0,0,1,0,0,1,0,0,1
3998838,e48080f1-f628-4428-bebc-7a4ee573bd99,1,40,23,Italy Women's,Emma Severini,Elena Linari,36.5,26.1,23.7,27.6,12.887591,-12.446016356851857,0.1998155421040463,0.006088267102979703,-0.1937272750010666,0.4743868508050442,0.07048858084527754,-0.4038982699597667,0.8920775460441462,0.30109779975045137,-0.5909797462936949,5.084425668394344,16.545137298973213,0,0,0,0,1,0,0,0,1,0,0,1
3998838,610ab189-5920-4e4e-bbdf-af1b051f8ac2,1,40,27,Italy Women's,Elena Linari,Cecilia Salvai,27.6,30.1,24.6,47.7,17.853851,-2.781396040386184,0.01859374477926449,0.014657671837750654,-0.0039360729415138344,0.12361330933127997,0.10613920336297393,-0.017474105968306036,0.40972552720219535,0.36542046550052826,-0.04430506170166709,12.354522967435969,13.157598311197601,0,0,0,0,0,0,0,0,1,0,0,1
3998838,092f7b68-9e52-4924-b5d9-7ba2fc914237,1,41,3,Belgium Women's,Laura Deloose,Tessa Wullaert,23.9,15.3,41.1,26.1,20.309603,19.108442840273696,1.0242625873577202,0.31070214862785706,-0.7135604387298632,1.5736823869566852,0.817416638251492,-0.7562657487051931,2.2358859524030126,1.611634508337111,-0.6242514440659015,1.6584156841078155,4.577999528110898,2,0,2,1,2,1,1,0,1,0,1,1
3998838,e82e33b2-afb8-4aea-9121-c8b013843845,1,41,5,Belgium Women's,Tessa Wullaert,Justine Vanhaevermaet,41.5,26.4,57.1,20.6,16.643316,13.845599414713632,0.478116237722388,0.7040085870675871,0.22589234934519908,1.0252734310353508,1.0868105015039347,0.06153707046858381,1.8238364865781458,1.6526971118429763,-0.1711393747351695,3.128429731695984,1.5098638728412863,0,1,1,1,1,2,0,0,1,0,1,1
3998838,0ccb6d30-c630-449e-b45c-edbdedb95c57,1,41,8,Belgium Women's,Justine Vanhaevermaet,Jill Janssens,64.5,26.2,72,51.6,26.484146,7.8081686531909185,0.8347287832155026,0.1705775636130808,-0.6641512196024217,1.460076919773389,0.5419324827871363,-0.9181444369862526,2.1798541828251996,1.13888844500725,-1.0409657378179495,2.8028298635506923,6.622593011557538,1,0,2,0,2,1,1,0,0,1,1,1
3998838,5e25d0d9-6f07-42e0-90bb-ae97d8ef94f2,1,41,43,Italy Women's,Cecilia Salvai,Elena Linari,24.8,42.4,30.2,21.7,21.392756,3.584570911049056,0.006665960961147719,0.0033595186711781653,-0.0033064422899695537,0.06845395867215515,0.04783288016902079,-0.020621078503134355,0.2786035058923224,0.22663185360990146,-0.051971652282420955,15.77843254691569,18.406446164659314,0,0,0,0,0,0,0,0,1,0,0,1
3998838,3e8558ca-5d48-4858-afe4-f44f104d475a,1,41,53,Italy Women's,Emma Severini,Manuela Giugliano,55.7,19.6,57.5,27.9,8.492938,3.7979999545375946,0.22776338758167017,0.25332336462528915,0.02555997704361898,0.674950574737575,0.6908331748362345,0.015882600098659494,1.4083275856917883,1.4255683377572042,0.017240752065415865,6.126167882671263,4.960391404374497,0,0,0,1,1,1,0,0,1,0,0,1
3998838,c2d65a6e-b3c8-4abf-b0a0-ceb846ae1898,1,42,4,Italy Women's,Cecilia Salvai,Manuela Giugliano,60,41.5,72.7,57.5,20.427677,9.585226472324408,0.06879365842658842,0.6654225897349665,0.596628931308378,0.29567677926675184,1.1926100187937898,0.896933239527038,0.7778760324663069,1.9678372383390912,1.1899612058727844,8.767022724451646,2.282469295854988,0,1,0,1,0,2,0,0,0,0,0,0
3998838,26ca8eef-dbc1-416f-bd3c-9f00c538a7c6,1,42,22,Italy Women's,Manuela Giugliano,Cecilia Salvai,54.2,60.9,39.9,65.8,15.116217,-15.113058610540023,0.34711501944046386,0.025467447363996795,-0.32164757207646705,0.6778050261374403,0.1542791856815394,-0.5235258404559009,1.0879086473265702,0.4431070867333743,-0.6448015605931959,3.554038559472107,12.921002081394347,0,0,1,0,1,0,1,0,1,0,0,1
3998838,25be3f79-fb97-4dae-bb32-6b3308612dc1,1,42,29,Italy Women's,Cecilia Salvai,Sofia Cantore,50.9,62.5,68.1,58.3,17.705366,17.6390930337124,0.35978191324366693,0.8264302073988704,0.4666482941552035,0.635187632659268,1.4635811797887774,0.8283935471295094,1.0647665026633064,2.3379495638168066,1.2731830611535002,3.1564073316710317,1.6549266787530779,0,1,1,1,1,2,0,0,1,0,0,1
3998838,27cc2da8-6228-463c-910d-debfbea7c218,1,42,32,Italy Women's,Sofia Cantore,Cecilia Salvai,65.7,58.5,49.8,53.9,16.55204,-14.197937496956591,0.6910678525042372,0.058273397940874175,-0.632794454563363,1.3230545390155277,0.27611832239210415,-1.0469362166234235,2.2436199366292517,0.7722585843280405,-1.4713613523012112,2.000936413595457,9.33898303068088,1,0,1,0,2,0,1,0,1,0,0,1
3998838,a8f02f40-06ab-4f3d-9eff-93648cc02c1f,1,42,46,Belgium Women's,Lisa Lichtfus,Sari Kees,5.4,40.1,11.8,41,6.4629717,6.395422656595997,0.003573339066270971,0.005951711766228814,0.002378372699957843,0.038088040118357445,0.04993694317929928,0.011848903060941836,0.16336439345125076,0.17825199102470488,0.01488759757345412,16.977196316910653,15.428778018346334,0,0,0,0,0,0,0,0,1,0,0,1
3998838,2d0536a0-7eea-4b89-a223-6334b17aa608,1,43,1,Belgium Women's,Sari Kees,Amber Tysiak,35.2,38.9,35.8,61,22.108143,-1.9721260611802052,0.01831864005929735,0.032184062930411934,0.013865422871114585,0.14178272964531743,0.15528063586699511,0.01349790622167768,0.47049297058698447,0.4415485391978623,-0.02894443138912217,13.699362813197792,10.496870417859103,0,0,0,0,0,0,0,0,1,0,0,1
3998838,c4bc2d59-083c-4b0c-96f6-f29bb4453b84,1,43,13,Belgium Women's,Jill Janssens,Tessa Wullaert,57.5,69.3,69.2,57.2,16.831518,15.39427035968486,0.5305274980292135,0.7575929950017064,0.2270654969724929,1.0652090804451946,1.2773602225217695,0.21215114207657493,1.7973940579964178,2.1999429014556746,0.4025488434592568,2.9329557387034466,1.2368286953391545,1,1,1,1,2,1,0,0,0,0,0,0
3998838,21c960cf-ef14-49dd-9ca6-cce1e27bd1e7,1,43,15,Belgium Women's,Tessa Wullaert,Jarne Teulings,66.1,58.8,69.3,72.1,13.679546,-2.922913170365227,0.9095916705601153,0.37853254810897174,-0.5310591224511435,1.549087973765,0.9033261182556342,-0.6457618555093658,2.499008412696431,1.5946640201210556,-0.9043443925753756,1.2448766381416376,4.765103980790738,1,0,1,1,2,2,1,0,0,0,0,0
3998838,55ef2bce-608f-4520-aef8-32878248785c,1,43,32,Italy Women's,Cecilia Salvai,Emma Severini,34.2,25.4,43.2,16.3,12.798828,6.659637225148515,0.018366908657282757,0.05884736721236367,0.040480458555080916,0.13081924137422585,0.25482640431421716,0.12400716293999131,0.43276534078848805,0.6296075038337786,0.19684216304529056,12.764862550993032,10.160945676268339,0,0,0,0,0,0,0,0,1,0,0,1
3998838,8598f3a5-436c-4a87-8470-e7e5a89828f1,1,45,35,Belgium Women's,Justine Vanhaevermaet,Mariam Abdulai Toloba,50.8,40.1,65.1,28.2,18.603764,13.046265615744538,0.19567352846215272,0.7432028071087915,0.5475292786466388,0.6155096455829769,1.239274878584149,0.623765233001172,1.2756131784945852,1.9970826614377541,0.7214694829431689,7.078895527838219,1.387218067708962,0,1,0,1,2,1,0,1,1,0,0,1
3998838,680251da-08e5-4fb5-8543-5e062aa48836,1,45,39,Belgium Women's,Mariam Abdulai Toloba,Justine Vanhaevermaet,66.8,28.2,67.2,23.2,5.0159745,-0.9153673050233522,1.3973921605293038,1.1541942621588135,-0.24319789837049033,2.1679516840415474,1.9902192264294196,-0.17773245761212775,3.1163319842296278,2.975933445780264,-0.14039853844936356,1.5029390565982164,1.9796648969799662,2,1,2,2,4,4,0,0,1,0,0,1
3998838,6c114a4a-6ad3-441d-849e-32585d0c7c10,1,45,50,Belgium Women's,Laura Deloose,Justine Vanhaevermaet,98.5,22.2,96.2,46.5,24.408606,3.2405400776152646,0.5836345817277115,0.3105882696914268,-0.27304631203628477,1.1365063402735864,0.9780613148396874,-0.15844502543389904,2.052249899518938,2.1764094823019473,0.12415958278300909,2.3846818814845556,4.886960439978906,1,0,1,1,2,1,0,0,0,1,1,1
3998838,427e7414-6cc2-456a-8841-ec0d0f265b18,1,46,55,Belgium Women's,Jarne Teulings,Janice Cayman,65.9,35.2,52,12.8,26.362284,-18.9257198005088,0.4348835185787697,0.019522609873641236,-0.4153609087051285,0.9198136327362512,0.1270472011806035,-0.7927664315556476,1.6503271705752407,0.42767502829791315,-1.2226521422773275,3.2947388078786064,12.23697884865076,0,0,1,0,2,0,0,0,0,0,0,0
3998838,3ce3551f-dadc-4866-a17c-db9d297af2f1,1,47,19,Italy Women's,Cecilia Salvai,Elena Linari,21.2,49.2,26,17.5,32.061348,2.572100140980268,0.20670557397810818,0.011413037173873425,-0.19529253680423475,0.40758065079572,0.07199254130762034,-0.33558810948809964,0.6416143927851886,0.21824688489075056,-0.42336750789443806,4.752768347584991,13.446295058728424,0,0,1,0,1,0,0,0,0,0,0,0
3998838,7fbb1b58-b1e1-48fa-ba9e-816626e6d469,2,45,2,Belgium Women's,Jarne Teulings,Janice Cayman,53.3,37.9,40,23.3,19.749683,-14.991425855363204,0.24393117188484503,0.032134260368808364,-0.21179691151603666,0.690716851776614,0.16561308856047569,-0.5251037632161384,1.4414338429216944,0.5225681538836207,-0.9188656890380738,5.687313900855401,10.541187610462842,0,0,0,0,2,0,0,0,1,0,0,1
3998838,4bb5ce02-af7e-41d2-98fd-dd88b9fbd09e,2,45,13,Belgium Women's,Janice Cayman,Justine Vanhaevermaet,21.5,22.5,37.7,15.5,17.647663,14.173171655381921,0.5224005054566527,0.3739992280833729,-0.14840127737327985,0.8945643832787004,0.8665481680455853,-0.028016215233115038,1.4172507090346558,1.5907952060233,0.17354449698864416,2.4657172347167404,3.8629171711913357,1,0,1,1,2,1,1,0,0,0,0,0
3998838,82a51772-593b-4fe9-8eff-935a6926dced,2,45,16,Belgium Women's,Justine Vanhaevermaet,Hannah Eurlings,37.7,7.2,44,4.7,6.7779055,4.797404234779151,0.7337289348871012,1.0624349225395613,0.32870598765246006,1.1810925816881357,1.456974280020519,0.2758816983323833,1.8159337703621148,1.9669968137032476,0.15106304334113285,1.4230771130102502,0.8459701511269049,1,1,1,2,1,2,1,1,0,0,0,0
3998838,e1d0f02f-ce01-4889-b044-226e93e000e5,2,45,46,Belgium Women's,Janice Cayman,Sari Kees,29.7,8,22.7,33.1,26.057821,-1.7420002738655,0.028113860890099325,0.0008250127124013197,-0.027288848177698007,0.13321419735764958,0.02047686618521756,-0.11273733117243202,0.36919667710354664,0.12896962162532902,-0.24022705547821763,10.804288526167138,22.948417025440097,0,0,0,0,0,0,0,0,1,0,0,1
3998838,93546e9d-2f03-4c23-8927-6dce120092c4,2,45,54,Belgium Women's,Sari Kees,Jarne Teulings,48.6,53.4,57.2,71.5,20.039211,2.3892287690304954,0.13706786798438667,0.31026966212733936,0.1732017941429527,0.4479411160579925,0.6489583633961525,0.20101724733816,1.0489231246935344,1.2278688527055328,0.17894572801199837,6.562598265896912,3.768647285279624,0,0,0,1,1,1,0,0,1,0,0,1
3998838,4811d4a9-334b-4860-8d82-882619885e1f,2,45,56,Belgium Women's,Jarne Teulings,Amber Tysiak,51.2,74.8,37.1,74.4,14.105673,-12.653487463068572,0.4715444026758761,0.023956070950568988,-0.4475883317253071,0.8113401282564248,0.15252919541047713,-0.6588109328459476,1.3345371889324407,0.4935296368868847,-0.841007552045556,2.5697152398047556,12.221758119274453,1,0,1,0,1,0,0,0,1,0,0,1
3998838,e1ca6f8a-4aae-487e-b693-b5eaf638dab3,2,46,0,Belgium Women's,Amber Tysiak,Lisa Lichtfus,33.5,72.1,9.4,45.8,35.67212,-18.487897635028816,0.07374882704859775,0.00026892797458951583,-0.07347989907400823,0.29807632034237325,0.011386415633184932,-0.2866899047091883,0.7359858408733156,0.10157662517826249,-0.6344092156950532,8.40957704483441,26.23131703465929,0,0,0,0,0,0,0,0,1,0,0,1
3998838,b0be4aa1-4d35-4263-b7f5-01b975164a54,2,46,11,Belgium Women's,Janice Cayman,Sari Kees,29.6,21.4,23.9,31.9,11.947385,-4.147097263959012,0.01265159372449827,0.001040261257372473,-0.011611332467125797,0.08966132421851979,0.024132370720077494,-0.06552895349844229,0.3130418983236116,0.15366457286017576,-0.15937732546343586,13.32634498308061,21.51541581345315,0,0,0,0,0,0,0,0,1,0,0,1
3998838,c5ff3468-4d4e-42f4-aa3e-13d944f143e9,2,46,17,Belgium Women's,Sari Kees,Mariam Abdulai Toloba,42.1,31.8,58,34,16.05148,16.04074400603573,0.5527038554917293,0.5945842727238816,0.0418804172321523,0.8542786538254822,1.0826145946424046,0.22833594081692243,1.3015888874779864,1.8279544754175419,0.5263655879395555,1.9344546399438627,2.291421639375758,1,1,1,1,1,2,1,0,1,0,0,1
3998838,8eb46d0f-8f81-444d-ac5a-276bbded42ad,2,46,18,Belgium Women's,Mariam Abdulai Toloba,Sari Kees,58,34,51.6,26.7,9.708244,-7.391413109800801,0.5945842727238816,0.6457948055378975,0.051210532814015886,1.0826145946424046,1.311090740412916,0.22847614577051134,1.8279544754175419,2.110925770070123,0.2829712946525813,2.291421639375758,4.181918896396934,1,0,1,2,2,3,0,0,1,0,0,1
3998838,be3f765b-3963-402e-91f8-e115b512a648,2,47,12,Italy Women's,Elena Linari,Lisa Boattin,35.9,19.5,44.3,4.8,16.93074,3.0787520103459087,0.14972415265786296,0.08678826434003904,-0.06293588831782392,0.4001705938979006,0.32216803906187885,-0.07800255483602175,0.8546758287397879,0.7722652229188389,-0.08241060582094895,5.934535306727037,8.383268896092083,0,0,0,0,1,0,0,0,0,0,0,0
3998838,162c2e7f-28dc-4baf-9e8a-75205b13d07d,2,47,56,Italy Women's,Emma Severini,Sofia Cantore,58.5,22.1,75.5,4,24.831633,6.813474146683085,0.7695380930653203,0.09412459730174022,-0.67541349576358,1.2610784313827617,0.35272606807496243,-0.9083523633077992,1.9309927915573561,0.8608147916471273,-1.070177999910229,2.154509626946259,7.763661980050933,1,0,2,0,2,1,0,0,1,0,0,1
3998838,a5a7d33c-9ae1-4dc3-994b-13d80df59a50,2,48,0,Italy Women's,Sofia Cantore,Manuela Giugliano,75.3,4.2,68.5,21.4,18.495405,2.5130140796302243,0.8882637752516734,0.1523021568366101,-0.7359616184150634,1.2227951597581261,0.5686277270608548,-0.6541674326972713,1.7455447138072522,1.3176713357456138,-0.4278733780616384,0.737809373524927,7.536867995329183,1,0,1,0,2,1,0,0,1,0,0,1
3998838,5ef19690-f40c-49b8-9591-f960b7550f88,2,48,3,Italy Women's,Manuela Giugliano,Lucia Di Guglielmo,74.2,23.6,92.6,62.8,43.30358,13.002236632850803,0.2969161471656498,0.0211814286448494,-0.2757347185208004,0.8278980377695844,0.13711072081998238,-0.6907873169496019,1.7503515958240976,0.4544006348733414,-1.2959509609507562,4.724770744513134,12.442444689408447,0,0,1,0,1,0,0,0,0,0,0,0
3998838,ada6e4ac-45c1-4439-bc28-6465b94310d6,2,48,17,Belgium Women's,Jill Janssens,Tessa Wullaert,47.3,76.4,63.8,53.4,28.30636,23.528016658878094,0.01711547568240436,0.3353450798097389,0.31822960412733453,0.13165344562970574,0.8028830870668836,0.6712296414371779,0.4421316419477611,1.5560006951764018,1.1138690532286408,14.265519722357684,3.875932206535626,0,0,0,1,0,1,0,0,1,0,0,1
3998838,65f4b291-3ba7-4988-871c-2d91685735cd,2,48,19,Belgium Women's,Tessa Wullaert,Mariam Abdulai Toloba,63.6,48.6,71.6,34.5,16.211416,8.340408574700348,0.5297728160309336,0.44854114888910374,-0.08123166714182989,1.05232250174313,1.1426115048459013,0.09028900310277144,1.8902743322604403,2.121482945748897,0.23120861348845656,2.497745487090316,3.99848153669199,1,0,1,1,1,1,1,0,1,0,0,1
3998838,e6eb4e7c-3f16-41fd-8112-2c3dd2cdabbf,2,48,22,Belgium Women's,Mariam Abdulai Toloba,Hannah Eurlings,83.1,31.8,113.8,22.3,32.136272,19.045666140137104,0.47438490946312256,0.2065866060652223,-0.26779830339790023,1.0926896120457557,0.5403403779037579,-0.5523492341419978,1.9171183421759348,1.1276691464235882,-0.7894491957523466,3.837712711266771,5.061975945192206,0,0,1,0,2,1,0,0,0,0,0,0
3998838,a9bcc560-e0e5-45f4-a417-32992005b1e4,2,49,3,Belgium Women's,Jarne Teulings,Tessa Wullaert,106.2,4.2,91.4,18.5,20.579845,2.5876723855543275,0.22073088431328242,0.014316765338449784,-0.20641411897483264,0.4178582012892641,0.12764536533123863,-0.2902128359580255,0.6922063859843087,0.5319008728924157,-0.160305513091893,4.539060432888687,14.02145006394658,0,0,1,0,1,0,0,0,0,0,0,0
3998838,a9f562e5-e426-48a8-a227-882097773100,2,49,36,Italy Women's,Elena Linari,Martina Lenzini,15,27.1,29.2,61.4,37.123173,12.50173377000958,0.10436334249235281,0.023876381381642463,-0.08048696111071035,0.29601946846516974,0.14455878087967095,-0.1514606875854988,0.5680131351669668,0.4163284378068575,-0.1516846973601093,6.965837061186759,12.704518318924446,0,0,0,0,1,0,0,0,0,0,0,0
3998838,ca6845c9-37fa-4569-a4d1-96ad26ebfa0b,2,49,39,Italy Women's,Martina Lenzini,Lucia Di Guglielmo,28,61.4,39.7,75.9,18.631693,6.49647754183583,0.5996729429703173,0.09721778177819732,-0.50245516119212,0.9417499691014773,0.3061846721681109,-0.6355652969333665,1.3369115738690227,0.6750355782708696,-0.6618759955981531,2.127592291775115,7.288924770717263,1,0,1,0,2,1,1,0,0,0,0,0
3998838,b474353f-4cd2-4abf-948e-ff5cb847e116,2,49,44,Belgium Women's,Hannah Eurlings,Mariam Abdulai Toloba,80.1,16.7,71.1,10.7,10.816654,-10.80116193339483,1.239956969670874,0.16557350775995144,-1.0743834619109227,1.6807705140112124,0.542593146074595,-1.1381773679366174,2.222375141264027,1.1586693151421612,-1.063705826121866,0.5988532977364949,6.6931445303393895,1,0,2,0,3,1,1,0,1,0,0,1
3998838,77266066-694b-4e33-9406-46dadea59933,2,49,46,Belgium Women's,Mariam Abdulai Toloba,Laura Deloose,74.9,9.7,83.5,3.6,10.543718,2.7850982368643784,0.2540168177933602,0.15770751872038435,-0.09630929907297586,0.6572221155377064,0.4785940394701699,-0.1786280760675365,1.2722302981995863,1.0172132074957976,-0.25501709070378875,4.997792082399554,6.441344649675078,0,0,1,0,1,1,0,0,1,0,0,1
3998838,0daa4e79-c211-42e9-9006-034a7afd1ae7,2,50,6,Belgium Women's,Hannah Eurlings,Laura Deloose,109.4,5.3,104,4.2,5.510898,-2.929836937471748,0.3819878559269003,0.1298435614668509,-0.25214429446004943,0.7188127847329696,0.46375638083163045,-0.25505640390133916,1.290851082220512,1.0716111760504048,-0.21923990617010713,3.125962839103929,8.378392874523112,0,0,1,0,1,0,0,0,0,0,0,0
3998838,b4fb7126-3960-4ce9-aaf5-2d4001aaeab2,2,50,12,Italy Women's,Arianna Caruso,Sofia Cantore,28,62.8,37.5,74.8,15.305228,5.243799888912079,0.14552335724690185,0.4072574095357167,0.26173405228881486,0.5664624216043883,0.818493277612371,0.2520308560079827,1.3314033343225833,1.4038826016282058,0.07247926730562249,7.668468871894799,3.539252147237158,0,0,0,1,1,2,0,0,1,0,0,1
3998838,56bc1a60-4aa4-4e63-ba0b-3046ec16222c,2,50,16,Italy Women's,Sofia Cantore,Lucia Di Guglielmo,29,73.8,24.8,74.3,4.229657,-4.116158347592162,0.9486267641412607,0.6955839388869062,-0.2530428252543545,1.4949013555108572,1.1650156900143083,-0.32988566549654896,2.163107647100404,1.7683768246630513,-0.3947308224373527,1.5818666508132209,2.248020092037413,1,1,2,2,2,2,0,0,0,0,0,0
3998838,e0ddb875-fc70-412b-b510-33a6e067b0b0,2,51,58,Italy Women's,Martina Lenzini,Elena Linari,21.6,62.8,17.2,28,35.077057,-2.4910888494280243,0.3780597900539731,0.025325093018706567,-0.35273469703526655,0.6570541386023285,0.14565984919530442,-0.5113942894070241,1.0459199410692355,0.45611654001407737,-0.589803401055158,3.0473553816376504,11.52766203552974,0,0,1,0,1,0,1,0,0,0,0,0
3998838,f71fa755-d81b-4709-a919-9d086c9ea728,2,53,10,Italy Women's,Elena Linari,Lisa Boattin,42.5,11.6,51.2,2,12.955694,3.9430559582345808,0.1709377823475934,0.11280851375518179,-0.05812926859241162,0.4949646355849781,0.40437802252353244,-0.09058661306144566,1.0044250062624,0.910540798247101,-0.09388420801529906,7.123735016563004,8.307973863421603,0,0,0,0,2,0,0,0,1,0,0,1
3998838,68dea036-eadf-493d-a274-2eebcbc80c66,2,53,12,Italy Women's,Lisa Boattin,Arianna Caruso,52,2.3,56.1,13.3,11.73925,8.497582251055945,0.6208306250936094,0.21917054066316666,-0.40166008443044277,1.1095200474988762,0.6448106145282129,-0.46470943297066336,1.7270483229731517,1.315847785173254,-0.41120053779989774,3.481841115668523,5.721046617974367,0,0,2,0,2,1,0,1,1,0,0,1
3998838,78c3aac7-40dc-4f4c-aa13-5398accb30db,2,53,14,Italy Women's,Arianna Caruso,Giada Greggi,57.2,13,76.3,2.6,21.747873,10.839047093136408,0.5948002700692819,0.47812877268002274,-0.1166714973892592,1.1931679032500708,0.919895130334942,-0.27327277291512886,1.919508780071491,1.6010459103248171,-0.3184628697466738,3.639725773722447,2.783713303588031,0,1,2,1,3,1,1,0,1,0,0,1
3998838,358302e4-1a16-42c8-85fb-43d252aabd3c,2,53,19,Belgium Women's,Justine Vanhaevermaet,Hannah Eurlings,50.5,63.6,72.2,44.8,28.711147,25.357216099809733,1.1605493202818196,0.7136538779674375,-0.44689544231438205,1.7127318750452438,1.3793506867065164,-0.33338118833872743,2.33178194520499,2.4159792949179155,0.08419734971292536,1.392494610615791,1.9347095783089223,2,1,2,1,3,2,0,0,1,0,0,1
3998838,96205001-265d-414b-aaf9-a8c9ffc7bed1,2,53,34,Italy Women's,Sofia Cantore,Elisabetta Oliviero,71.2,65,68.7,76.3,11.573245,-8.01307967901618,0.8904300608917829,0.0812925274533379,-0.809137533438445,1.4200495044713128,0.32848048765228566,-1.0915690168190273,2.179602411907249,0.8178237180683691,-1.3617786938388798,1.1971718907020303,8.924693662090679,1,0,1,0,2,0,0,0,1,0,0,1
3998838,752d46b6-4d21-4bed-9d48-f70fbd8d31e2,2,53,37,Italy Women's,Elisabetta Oliviero,Arianna Caruso,68.1,75.7,64.5,52.6,23.378836,6.0805557828214205,0.8466858716456171,0.020468596427006724,-0.8262172752186104,1.1291019223681034,0.17275600784183215,-0.9563459145262712,1.5011231269094998,0.6399222641797102,-0.8612008627297896,0.9571947952256312,13.502798420140028,1,0,1,0,2,0,1,0,1,0,0,1
3998838,31309c73-3e1c-46fe-8c3d-b980df201694,2,53,43,Italy Women's,Arianna Caruso,Elisabetta Oliviero,78.6,54.6,93.8,75.7,26.004807,-0.3834143450146996,0.29359348903150795,0.03226775561377652,-0.2613257334177314,0.7189550166384915,0.15588371322198266,-0.5630713034165088,1.4073238053754407,0.46702211390931564,-0.9403016914661251,4.886066964757335,10.44187250206875,0,0,1,0,2,0,0,0,1,0,0,1
3998838,61a8dbcc-6425-4a68-a74e-a815a13762ff,2,53,52,Italy Women's,Sofia Cantore,Elisabetta Oliviero,100.4,53,105.4,70.4,18.104143,-10.204821572347104,1.0712647242760454,0.08332472277030561,-0.9879400015057398,1.8752922573400193,0.2873847526621472,-1.5879075046778721,2.9809997131464345,0.7214511018530879,-2.2595486112933467,1.0749109735586764,7.685458110563496,1,0,1,0,3,1,0,0,1,0,0,1
3998838,9b52a792-c0a2-4449-b215-f1629855f39f,2,54,2,Belgium Women's,Mariam Abdulai Toloba,Lisa Lichtfus,15.8,26.3,1.3,28.3,14.637281,-14.178463003478583,0.8627809592641407,0.11756145701825893,-0.7452195022458817,1.4384463427770948,0.3982750705099842,-1.0401712722671106,2.1769076048031435,0.8777788735399801,-1.2991287312631634,2.533050221036765,7.220070299510821,2,0,2,0,2,1,0,0,1,0,0,1
3998838,9c8f5526-7d7f-4d6c-9476-83276c793a8a,2,54,9,Italy Women's,Cecilia Salvai,Martina Lenzini,71.4,64.1,71.1,74.8,10.704205,-5.771442990748255,0.44127300055864066,0.4961925293467547,0.054919528788114014,0.7093335498384017,0.695891489435556,-0.01344206040284568,1.1024538384042648,0.989442472637206,-0.11301136576705884,2.5540745024409928,2.117311481811328,1,1,1,1,1,1,0,0,1,0,0,1
3998838,5901f0eb-fa10-417e-bcc4-ca6ab613ec24,2,54,9,Italy Women's,Martina Lenzini,Cecilia Salvai,71.1,75.3,80,69.5,10.623088,10.608422701055638,0.4961925293467547,0.15084168206904966,-0.34535084727770504,0.695891489435556,0.5580208611286043,-0.13787062830695174,0.989442472637206,1.279256285728516,0.28981381309130994,2.117311481811328,7.589431941689544,1,0,1,0,1,1,0,0,1,0,0,1
3998838,f22ae2dd-7fc5-49c1-aa65-579921651d24,2,54,14,Italy Women's,Cecilia Salvai,Sofia Cantore,91.6,62.9,99.9,54.7,11.667476,11.580654376422515,0.20601451998446874,0.8871465343110294,0.6811320143265607,0.694118868431731,1.5201813298740852,0.8260624614423542,1.535167700106858,2.447022765356271,0.9118550652494128,6.676850237939583,1.364642317894501,0,1,0,1,1,3,0,0,0,0,0,0
3998838,54ed6bf9-a623-4960-9750-e178c7abb942,2,54,16,Italy Women's,Sofia Cantore,Emma Severini,99.2,54.6,96.4,68.5,14.17921,-11.590242426687574,1.2547859622258193,0.05166285811909053,-1.2031231041067287,2.022388580679388,0.30343992102236733,-1.7189486596570207,2.9734131800905574,0.9297629001045893,-2.043650279985968,2.0208896716568097,11.511795891305738,1,0,3,0,3,0,1,0,0,0,0,0
3998838,da77f10b-9b8a-4196-8fdc-7869443c50d5,2,54,31,Belgium Women's,Amber Tysiak,Justine Vanhaevermaet,22.7,58.4,27.5,51.5,8.405355,5.812368244947308,0.01614920602754078,0.039428748769478446,0.023279542741937664,0.09868312898834561,0.22248937180943737,0.12380624282109176,0.31624693619504685,0.6376044831401987,0.32135754694515184,12.50614427308945,11.156917244838551,0,0,0,0,0,0,0,0,1,0,0,1
3998838,3bfc556c-05bf-434d-ad63-1fbba3a640a9,2,54,36,Belgium Women's,Justine Vanhaevermaet,Sari Kees,31.9,52.6,28.9,42,11.016352,-2.1254906483753047,0.03879958826222337,0.01599556965216042,-0.02280401861006295,0.2157198454182651,0.12571392519829822,-0.0900059202199669,0.6306463552261137,0.43101181474967376,-0.19963454047643991,11.27080500459303,13.490160605409123,0,0,0,0,0,0,0,0,1,0,0,1
3998838,780db068-66e7-480b-ae11-17be15e4959e,2,54,38,Belgium Women's,Sari Kees,Hannah Eurlings,36.9,40,66.2,4.2,46.26154,18.47740333288982,0.05875398129394313,0.19806991567219817,0.13931593437825504,0.2691448057605092,0.4047116498938664,0.13556684413335718,0.6917725486613533,0.6971373882382069,0.0053648395768536306,9.358819482033656,4.882977054259465,0,0,0,1,0,1,0,0,1,0,0,1
3998838,47c5c2c2-d5dc-4b77-a10f-6df87bd52a99,2,54,42,Belgium Women's,Hannah Eurlings,Laura Deloose,64.6,5.5,57.4,4.7,7.244308,-6.602735294252142,0.45010586661528473,0.03635125309982491,-0.41375461351545983,0.6728394360005032,0.14853567248069133,-0.5243037635198119,0.984225839792502,0.38606961387669736,-0.5981562259158046,2.430254005455021,9.983777516355687,1,0,1,0,1,0,0,0,1,0,0,1
3998838,d32367fc-8e6a-4fb7-9d25-4ba9a2ff8a22,2,54,47,Belgium Women's,Laura Deloose,Jarne Teulings,69.5,23.3,78.2,21.1,8.973851,7.315375913847333,0.48959766271353306,0.4089085986437012,-0.08068906406983184,0.929650934827328,0.9375072606306762,0.007856325803348274,1.5784164416792477,1.686468525305768,0.10805208362652041,2.916061230120009,4.322719402833337,1,0,1,1,2,2,0,0,1,0,0,1
3998838,feba518f-35e9-4d7b-81fe-e65fefb40aa3,2,54,49,Belgium Women's,Jarne Teulings,Hannah Eurlings,79,13.7,89.5,6.3,12.845622,3.2576531722597792,0.5027129923681251,0.3079766315145682,-0.19473636085355683,0.9951263429859162,0.6724063827505516,-0.32271996023536453,1.6943838344991704,1.1887530490116665,-0.505630785487504,2.9414546079947197,4.427597237712261,1,0,1,1,2,2,0,0,0,0,0,0
3998838,bf5a0486-ef75-4dd3-85a2-cf35fb697c3f,2,56,13,Italy Women's,Cecilia Salvai,Martina Lenzini,16.2,50.8,26.2,67.5,19.465097,6.612242682851658,0.1422829083765151,0.02698638812944188,-0.11529652024707324,0.3301467957750566,0.1524156206914012,-0.17773117508365543,0.5712688656769862,0.42577914272665296,-0.14548972295033324,5.886573357959835,11.89131952378158,0,0,0,0,1,0,0,0,0,0,0,0
3998838,d9ee5d01-e6cc-45c1-80d3-8b2d940b2260,2,56,15,Italy Women's,Martina Lenzini,Emma Severini,28.2,68.6,40.5,75.6,14.152385,9.045074697114643,0.23959807555554377,0.049494267863386614,-0.19010380769215715,0.5112438666707257,0.23664827713359396,-0.2745955895371318,0.9016300985398372,0.6373493312293275,-0.26428076731050976,4.492017739438233,10.021738594895535,0,0,1,0,1,0,0,0,0,0,0,0
3998838,3377c5f6-cf6a-4d7d-8d98-3dea4106b53f,2,56,23,Belgium Women's,Laura Deloose,Lisa Lichtfus,51.6,3.9,19.6,28,40.06008,-23.772685202012084,1.0656662784135456,0.011232480906026807,-1.0544337975075186,1.5248360845920215,0.07167659799395584,-1.4531594865980657,1.9891275270597983,0.23130259159465422,-1.757824935465144,1.5854650654267262,13.487323072224186,2,0,2,0,2,0,0,1,1,0,0,1
3998838,0ae71e85-c6fe-48dd-96be-119e21d048cc,2,56,33,Belgium Women's,Amber Tysiak,Justine Vanhaevermaet,41.5,73.5,42.3,58.6,14.921461,5.4540384501936074,0.013965866151228344,0.022417805876957932,0.008451939725729588,0.09113730394102323,0.16957801388824084,0.07844070994721761,0.3230682090127286,0.5557843358994862,0.23271612688675758,12.9069990689119,13.967933390035169,0,0,0,0,0,0,0,0,1,0,0,1
3998838,9d80872d-cc94-4046-a1d9-8a22439701ba,2,56,36,Belgium Women's,Justine Vanhaevermaet,Jarne Teulings,45.3,58.7,59.4,37.5,25.460754,16.353519033863577,0.04516501282266536,0.22919647658112322,0.18403146375845786,0.2562980422760229,0.6842894220720964,0.42799137979607355,0.7160276159440565,1.3897304139342108,0.6737027979901543,11.688527427450696,5.71587386635283,0,0,0,0,0,1,0,0,1,0,0,1
3998838,bc802e2a-e479-4af9-9fa0-330aaad6e199,2,56,39,Belgium Women's,Jarne Teulings,Hannah Eurlings,62.8,33.2,80.4,4.4,33.752037,4.353176773329601,0.19123582196329694,0.012535459588276836,-0.1787003623750201,0.6187803598006602,0.08777151871976904,-0.5310088410808911,1.3283171747006333,0.31947953420877495,-1.0088376404918584,7.56575212439238,13.320607890709056,0,0,0,0,1,0,0,0,1,0,0,1
3998838,fc573529-01fa-462f-b72d-5a324b1beb75,2,56,47,Belgium Women's,Hannah Eurlings,Justine Vanhaevermaet,93.5,23.5,86.1,38.1,16.368261,-2.7362205313816723,1.2265030509192905,0.06025041468223004,-1.1662526362370604,1.750873947158174,0.31661152638346096,-1.434262420774713,2.4663393960037663,0.9506109417147436,-1.5157284542890226,1.3685912340189503,9.594607885757284,2,0,2,0,2,0,1,0,1,0,0,1
3998838,129d23a4-ad4a-496e-92c4-6a9e8e49c8a0,2,56,51,Belgium Women's,Hannah Eurlings,Justine Vanhaevermaet,97.1,36.8,96.3,51,14.222517,-3.0058372425892443,1.1621595298523626,0.48181614276274215,-0.6803433870896205,2.1313906627032417,1.2813903236469508,-0.8500003390562909,3.3256942490461645,2.4393849608242935,-0.886309288221871,1.9389777830936108,4.491079889138613,1,0,2,1,4,2,1,0,1,0,0,1
3998838,3f5ba96e-6541-4dd1-85ce-f3a2b140f966,2,56,52,Belgium Women's,Justine Vanhaevermaet,Jill Janssens,97.3,52,105.1,66.9,16.818146,-5.074291862365456,0.6947812188988621,0.14122644202126547,-0.5535547768775967,1.5107058399474484,0.42999194403748336,-1.0807138959099651,2.63629542288682,1.001902168788973,-1.6343932540978467,2.7974166728571745,6.296399622807123,1,0,1,0,2,1,0,0,1,0,0,1
3998838,1752cf7d-9041-4a0a-b6b7-5694621b4762,2,57,3,Italy Women's,Cristiana Girelli,Giada Greggi,34,28.1,32.2,20.6,7.712976,-3.098329912999475,0.8524703138177968,0.2621156139850615,-0.5903546998327354,1.2136847012872811,0.8759426247173031,-0.337742076569978,1.9329928131438607,1.8333051270414757,-0.09968768610238499,0.7109872679258528,6.583541035344397,1,0,1,0,1,1,1,0,1,0,0,1
3998838,f99cf128-397b-415e-881d-b97f5a308306,2,57,5,Italy Women's,Giada Greggi,Lisa Boattin,32.2,20.6,24.4,12.1,11.536464,-9.670261100168418,0.2621156139850615,0.5126523658206131,0.25053675183555163,0.8759426247173031,0.8683373862640393,-0.007605238453263774,1.8333051270414757,1.4531740416194467,-0.380131085422029,6.583541035344397,2.308451087328314,0,1,0,1,1,1,0,0,0,0,0,0
3998838,2721aaf2-339d-4ffa-8a77-424f1c7576b3,2,57,25,Belgium Women's,Sari Kees,Janice Cayman,31.7,66.1,35.5,34.5,31.827662,7.397793642900311,0.0009521796990754536,0.006551308779944264,0.00559912908086881,0.01988647146558986,0.05331605357255162,0.03342958210696176,0.11121706824064646,0.18703581896034438,0.07581875071969792,21.92892991233123,15.152551658048326,0,0,0,0,0,0,0,0,1,0,0,1
3998838,ec27d31d-45bf-4d60-ab0c-98f562036d26,2,57,32,Belgium Women's,Mariam Abdulai Toloba,Hannah Eurlings,79.3,13.2,78.2,3.6,9.662815,-6.6962285286713055,0.49098276356604237,0.3614695131747746,-0.12951325039126776,0.9010933083472837,0.6816731273353324,-0.21942018101195138,1.4173022465148726,1.1554941224698332,-0.2618081240450394,3.644539744793965,3.295447826674486,0,0,2,1,2,1,0,0,1,0,1,1
3998838,bc9dfe76-4bcf-4c84-ac44-01bfe69cc141,2,57,34,Belgium Women's,Hannah Eurlings,Mariam Abdulai Toloba,79.3,4.2,91.3,3.8,12.006665,8.007875206902433,0.3923331568969193,0.3625409139300053,-0.029792242966913962,0.7021419221105131,0.7249031349940165,0.022761212883503412,1.1645139938526166,1.1894499929326194,0.02493599908000288,2.999774349569644,4.068132194578813,1,0,1,1,1,2,0,0,1,0,1,1
3998838,63c1bccc-3ceb-403b-914b-2b8202b1088b,2,57,40,Belgium Women's,Mariam Abdulai Toloba,Tessa Wullaert,90.9,14.1,109.9,46.7,37.732746,26.836411544905857,0.4663253663820876,0.6930513970171206,0.226726030635033,0.9509027544973657,1.2539552295615308,0.3030524750641651,1.6355413737528277,2.0009382884095377,0.36539691465671,3.33062895125859,2.6206845524990676,0,1,1,2,2,2,0,0,0,1,1,1
3998838,3c30cb89-8d7e-4b5e-9398-063c4a92180b,2,57,49,Italy Women's,Giada Greggi,Arianna Caruso,24.8,35.1,27.6,42.8,8.19329,2.883605025341666,0.24026465558771842,0.14121904756806017,-0.09904560801965825,0.5810164465170403,0.4893467108498685,-0.09166973566717179,1.137689522444267,1.142743344593399,0.005053822149132081,4.745752339627315,6.72866975601019,0,0,1,0,1,1,0,0,1,0,0,1
3998838,faae1086-301b-4316-b245-65cea8b4c03f,2,57,51,Italy Women's,Arianna Caruso,Cecilia Salvai,26.6,42.6,16.1,42,10.517129,-10.483066066527542,0.13390059118263956,0.011764016889086158,-0.1221365742935534,0.4680154148684434,0.11872505719118179,-0.3492903576772616,1.096874569234653,0.4679931617879045,-0.6288814074467486,6.83840903306351,15.717713765072032,0,0,0,0,1,0,0,0,1,0,0,1
3998838,16a79af5-9ae6-4781-9149-b41ecaf29dff,2,57,53,Italy Women's,Cecilia Salvai,Arianna Caruso,17.5,41.7,23.6,44.2,6.59242,6.022646193171596,0.021880127546248074,0.16972905277115594,0.14784892522490786,0.17060076270513022,0.5535424801828442,0.382941717477714,0.5678408386973507,1.1567063169729412,0.5888654782755905,14.233660132628357,7.259179275980335,0,0,0,0,0,1,0,0,1,0,0,1
3998838,9bed1be7-1d2e-42b0-bab0-d7037280ae22,2,57,54,Italy Women's,Arianna Caruso,Cecilia Salvai,23.2,44.7,15,42.8,8.417244,-8.123292627216301,0.19278764219641886,0.0635461031201806,-0.12924153907623825,0.5943161463890914,0.2913027906285757,-0.30301335576051563,1.2027472597323077,0.7470864034017414,-0.4556608563305663,7.07048783732688,9.537563615283744,0,0,0,0,2,0,0,0,1,0,0,1
3998838,d1ad883a-6002-4cd2-bc1b-f37d46ac3ade,2,57,56,Italy Women's,Cecilia Salvai,Martina Lenzini,15.6,43.3,21.3,59.2,16.890825,3.902005403528463,0.1213923308916,0.05278921582243824,-0.06860311506916175,0.39209180759474754,0.20465651402692117,-0.18743529356782637,0.8634043541442598,0.5158432601285711,-0.3475610940156887,6.90347422689596,8.96187503726905,0,0,0,0,1,0,0,0,1,0,0,1
3998838,1679c22e-24a4-4c84-83ca-9fd638090680,2,57,58,Italy Women's,Martina Lenzini,Elisabetta Oliviero,23.2,60.4,34,75.1,18.240889,6.039153158503936,0.21457945111969362,0.011143374515247063,-0.20343607660444657,0.4349942180833835,0.0975522925608976,-0.3374419255224859,0.757300725353843,0.3737145895654285,-0.38358613578841444,4.6539428355833605,14.166363862766659,0,0,1,0,1,0,0,0,1,0,0,1
3998838,55494e10-0b00-4c6b-970a-776849e2305d,2,58,1,Italy Women's,Elisabetta Oliviero,Arianna Caruso,36.6,74,35.2,53.8,20.248457,4.148659403220577,0.029583607881239194,0.19433674869691264,0.16475314081567344,0.1686644855584739,0.6150536841978869,0.44638919863941295,0.5304502088313279,1.259556639645504,0.7291064308141761,10.969825128682483,7.864360819088124,0,0,0,0,0,1,0,0,1,0,0,1
3998838,a3ad631d-9cfb-4088-aebb-d6af20eff1d9,2,58,10,Italy Women's,Lisa Boattin,Elena Linari,42.4,3.7,35,15.1,13.591173,-2.901471004819882,0.14673912859182112,0.007936547814660105,-0.138802580777161,0.33902826502822814,0.09484521597632803,-0.2441830490519001,0.6316246634650117,0.4092901719384181,-0.22233449152659357,5.784136447350021,17.472889162774692,0,0,0,0,1,0,0,0,1,0,0,1
3998838,2f60b14f-e33b-44b4-98e7-aa436fdb0eb5,2,58,13,Italy Women's,Elena Linari,Arianna Caruso,36.7,15.1,43,22.5,9.718539,7.9783354373119835,0.010934775719512535,0.5513155187443325,0.54038074302482,0.11348507144167191,1.0070200745015805,0.8935350030599085,0.4541801514519351,1.579879659350965,1.12569950789903,16.195849139486736,3.807561832968156,0,0,0,2,0,2,0,0,1,0,0,1
3998838,1920fc24-8637-4daf-be8e-82bcbaea5a5f,2,58,14,Italy Women's,Arianna Caruso,Elena Linari,43,22.5,34.8,16,10.463747,-9.552162099618783,0.5513155187443325,0.021749926377907618,-0.5295655923664249,1.0070200745015805,0.15582362865634913,-0.8511964458452314,1.579879659350965,0.5137008009468791,-1.0661788584040859,3.807561832968156,13.609127970911171,0,0,2,0,2,0,0,0,1,0,0,1
3998838,4130ccad-390e-4a04-9fe4-9ce788821f83,2,58,24,Italy Women's,Elisabetta Oliviero,Sofia Cantore,52.1,67.5,71.9,43.4,31.190544,25.037474493906622,0.293247323361599,0.8148476133200047,0.5216002899584057,0.5656007482846037,1.4576155405263203,0.8920147922417165,0.9879706738987717,2.337040466476808,1.3490697925780362,3.790485095188107,1.7008013396190493,0,1,1,1,1,3,0,0,0,0,0,0
3998838,9e441333-0f89-400d-9869-3be27c342f5a,2,58,30,Belgium Women's,Janice Cayman,Hannah Eurlings,34.5,31.6,56.4,22,23.911713,19.81353175598504,0.6145609214338403,0.46752415996552227,-0.14703676146831807,1.2397305921357467,0.8280211757584922,-0.41170941637725444,1.9700117472473873,1.3892618334653104,-0.5807499137820769,2.9686093810449203,2.612089020414857,1,1,1,1,3,1,1,0,1,0,0,1
3998838,4de1a4fa-dc23-45ae-8bd6-3f721dc963e4,2,58,32,Belgium Women's,Hannah Eurlings,Justine Vanhaevermaet,56.4,22,49,29.1,10.255242,-5.733708563919251,0.46752415996552227,0.3792823767894894,-0.08824178317603287,0.8280211757584922,1.0229109130874308,0.19488973732893855,1.3892618334653104,1.9897851351595504,0.60052330169424,2.612089020414857,5.089884070231377,1,0,1,0,1,2,0,0,1,0,0,1
3998838,e843ad46-16bc-47b0-adcf-281dc0f37794,2,58,35,Belgium Women's,Justine Vanhaevermaet,Laura Deloose,50.3,23.5,48.9,12.7,10.890363,-4.534621864682151,1.0171771787516386,0.5480557537655139,-0.46912142498612475,1.7466931359891693,1.2149286102896666,-0.5317645256995027,2.698176183400364,2.045410170329852,-0.652766013070512,1.0037190882404894,4.421950796132959,1,0,1,2,3,3,1,0,0,0,0,0
3998838,998db415-ec3e-44fd-9786-7b16cad7de86,2,58,59,Italy Women's,Elisabetta Oliviero,Cristiana Girelli,100,64.2,106.8,39.5,25.618938,18.18543774246551,0.6449038522648045,0.9812449171692467,0.33634106490444216,1.295976536459055,1.442010149696279,0.14603361323722397,2.1641941734767225,2.241279062287817,0.07708488881109465,3.0956255954121183,0.48860724879430395,0,1,1,1,3,1,0,0,0,0,0,0
3998838,16c8f317-37ca-4f0a-912a-78749b6ed2b6,2,59,34,Italy Women's,Cecilia Salvai,Arianna Caruso,75.3,28.5,85.2,25.3,10.404326,8.378232195839956,0.1622566646729382,0.7476094706280688,0.5853528059551306,0.4990552597551,1.3453492486886272,0.8462939889335271,1.1180062591707434,2.2396112872685614,1.121605028097818,6.052516024028441,1.57939627589072,0,1,0,1,1,2,0,1,1,0,0,1
3998838,71bc3aef-3528-4b94-9509-0c7446d70ada,2,59,39,Italy Women's,Arianna Caruso,Giada Greggi,92.2,31.5,96.1,27.1,5.879626,1.9112711961228541,0.5817794962862656,0.6129376349380777,0.03115813865181216,1.3248080068975328,1.387132934041981,0.06232492714444815,2.314435201474095,2.3559577912570093,0.04152258978291412,3.4880481218164316,4.336699475717488,0,0,1,2,3,3,0,0,1,0,0,1
3998838,81ea68f8-f516-4884-a40c-f7a41e86e3fe,2,59,45,Italy Women's,Lisa Boattin,Cristiana Girelli,107.9,2.2,112.5,44.4,42.44997,30.99401816160092,0.13225689872495802,1.6285950844711343,1.4963381857461764,0.36244994342774295,2.5732931370159995,2.2108431935882566,0.7781983551556354,3.5521555126224795,2.7739571574668442,6.255446137937583,1.631447704889077,0,2,0,4,1,5,0,0,1,0,0,1
3998838,612b315e-88c4-49ec-9382-757981358911,2,60,17,Belgium Women's,Hannah Eurlings,Janice Cayman,16.9,3.3,16.7,14,10.701869,2.9154147914143778,0.4294466348583942,0.888147756607173,0.45870112174877886,0.772922929466933,1.4120172939149707,0.6390943644480377,1.2051928533887337,2.0258900063960414,0.8206971530073077,3.008180814797516,2.563641793410307,0,2,1,2,1,2,0,1,0,0,0,0
3998838,468afd3d-6de2-4e47-a0e9-f6cbc33c6193,2,60,18,Belgium Women's,Janice Cayman,Tessa Wullaert,17.5,14.3,43.2,14,25.701752,24.59110967296823,1.1955905374762295,0.6646415365252449,-0.5309490009509845,1.6469301931791638,1.2447189263898861,-0.40221126678927765,2.1878867457769484,2.0276388898980455,-0.1602478558789029,1.4652376947676176,2.3714464047140624,2,1,2,1,2,2,1,0,0,0,0,0
3998838,553a305f-93b9-47bf-aabc-980163d55258,2,62,55,Italy Women's,Sofia Cantore,Elisabetta Oliviero,109.3,66.1,106.5,74.6,8.949302,-8.93225441073304,0.94501670444454,0.13044061684035893,-0.8145760876041811,1.4492289209387372,0.41507245836749584,-1.0341564625712414,2.140491985416793,0.9497851398373518,-1.1907068455794412,1.0109993205708099,6.558948436268959,1,0,1,0,3,1,0,0,1,0,1,1
3998838,501c20fb-ace3-4752-94ea-bbaac74df9b0,2,62,59,Italy Women's,Elisabetta Oliviero,Emma Severini,110.3,76.5,116.3,47.2,29.908026,29.67185651725431,0.3329020852279234,1.5711278984085506,1.2382258131806272,0.6660055564069208,2.4100992390078146,1.744093682600894,1.14752419101302,3.361501831374242,2.2139776403612217,3.7325124367117266,0.7316165950215343,0,1,1,3,1,4,0,0,1,1,1,1
3998838,e657973c-e869-4ef7-b403-044ac7c7f65b,2,63,1,Italy Women's,Emma Severini,Cristiana Girelli,116.3,47.2,116,43.5,3.7121422,2.7799873157681514,1.5711278984085506,1.7354378418705059,0.16430994346195527,2.4100992390078146,2.5404068545694507,0.13030761556163606,3.361501831374242,3.4621127526512643,0.10061092127702231,0.7316165950215343,0.3558879777784828,1,2,3,2,4,5,1,1,1,1,1,1
3998838,d6af8624-8152-41e7-b29b-ba8038957d9b,2,63,54,Italy Women's,Cecilia Salvai,Giada Greggi,45.7,40.3,56.3,40.6,10.604244,10.597779967280289,0.3572683856436201,0.22942176438958134,-0.12784662125403878,0.6225793018508938,0.7094100446075924,0.08683074275669855,1.0233932229372893,1.4028513882036093,0.37945816526632004,3.1764076456390242,6.635255476457835,0,0,1,0,1,1,1,0,1,0,0,1
3998838,c834ff51-8e4f-4c90-904d-a3dddb426ecb,2,63,55,Italy Women's,Giada Greggi,Martina Lenzini,56.3,40.6,44,66.9,29.034119,-16.917333086369425,0.2628386773794626,0.06076200494361205,-0.20207667243585054,0.7696482661602104,0.21323923573084916,-0.5564090304293613,1.4695148004446068,0.4994013687121099,-0.9701134317324969,6.510946129793257,8.509900060243426,0,0,0,0,2,0,0,0,1,0,0,1
3998838,1cf4270d-9392-402b-bc17-6ecd53227bd8,2,63,57,Italy Women's,Martina Lenzini,Laura Giuliani,43,65.2,18.8,41.5,33.87226,-20.192352731400717,0.29494011370161327,0.0036497399258553884,-0.2912903737757579,0.5339047256149237,0.03966955211755687,-0.4942351734973669,0.8518267569747188,0.17222130549425482,-0.6796054514804639,3.7356120748549735,16.948838748466148,0,0,1,0,1,0,1,0,1,0,0,1
3998838,89b476b8-217a-46b5-9b4f-c01dfd98cbf5,2,64,2,Italy Women's,Laura Giuliani,Arianna Caruso,19.4,41.1,42.2,40.6,22.805481,22.803700146476018,0.007192034751897809,0.17086807998816123,0.16367604523626342,0.06021453174283742,0.5497330204962804,0.48951848875344295,0.22320251398290553,1.1050534127502747,0.8818508987673692,14.958201403149193,7.529723726594478,0,0,0,0,0,1,0,0,1,0,0,1
3998838,5a01b3b9-b57f-42b4-97f3-5ba46346d1a6,2,64,4,Italy Women's,Arianna Caruso,Cristiana Girelli,43.5,42,62.5,38.7,19.28445,19.01144555034822,0.4711044896448993,0.7047688821603437,0.2336643925154444,0.9649779319520255,1.4459262543585578,0.4809483224065323,1.5321800780214825,2.4190737475128588,0.8868936694913763,3.781133910032874,2.9720168962810543,0,1,1,1,2,3,0,0,0,0,0,0
3998838,96e3b98e-bb60-4da3-a3a7-7a6b78c5818e,2,64,12,Belgium Women's,Mariam Abdulai Toloba,Amber Tysiak,38.3,30.7,34.3,48.8,18.53672,-3.9230129749952027,0.609732976355739,0.014246362178289491,-0.5954866141774495,1.0371454586475921,0.129605270791886,-0.9075401878557061,1.5684581469200678,0.4671564663405019,-1.101301680579566,2.422179571420566,15.468678044845353,1,0,1,0,2,0,0,0,1,0,0,1
3998838,0e59087f-b20b-45fb-a45a-983e2f4fb68e,2,64,16,Belgium Women's,Amber Tysiak,Sari Kees,38.3,49.8,35.3,37,13.146863,-2.467451074973667,0.04542256711537124,0.026596302459774564,-0.018826264655596673,0.18812866217188123,0.17025459956274794,-0.017874062609133295,0.5120343723646703,0.5383683398784469,0.02633396751377659,9.38633776865364,12.119759669600231,0,0,0,0,0,0,0,0,1,0,0,1
3998838,d3c29e88-f175-477f-8ce8-b5c59db38210,2,65,52,Italy Women's,Cecilia Salvai,Martina Lenzini,12.6,50.2,20.6,69.1,20.523401,4.311218035895692,0.0350629962450861,0.03303536353573355,-0.0020276327093525504,0.1370785581088316,0.142634218867475,0.005555660758643388,0.31259279693546205,0.34985049878978874,0.0372577018543267,10.058114428277554,10.321564414856867,0,0,0,0,0,0,0,0,0,0,0,0
3998838,5add2bcb-e8eb-4778-ae6c-53918a05f494,2,65,55,Italy Women's,Martina Lenzini,Elisabetta Oliviero,23.6,69.9,62.7,73.4,39.256336,34.606693867065914,0.2784395395737396,0.49581341494879766,0.21737387537505803,0.49915993550761056,0.8655226150548057,0.3663626795471951,0.8002426142744142,1.342337848582512,0.5420952343080977,3.8624823107805453,2.781033482467442,0,1,1,1,1,2,1,0,0,0,0,0
3998838,9a2c8b6d-f844-4d1d-abc7-b7b281aa1f24,2,66,32,Belgium Women's,Sari Kees,Lisa Lichtfus,12.5,21.9,4.3,41.1,20.877739,-6.692110445833805,0.6513505159742603,0.18017797520315604,-0.47117254077110426,0.7837351478200961,0.3713456113848222,-0.41238953643527393,0.93459678134141,0.6129838753680457,-0.32161290597336434,1.2876064817909967,5.1539731480968465,1,0,1,0,1,1,0,1,1,0,0,1
3998838,5dc35682-fc09-41b1-83aa-cf489a6a53da,2,66,34,Belgium Women's,Lisa Lichtfus,Amber Tysiak,4.2,42.8,17.5,67.1,27.701624,9.811867668201558,0.744296439412991,0.035455062235378546,-0.7088413771776124,0.8577565618110196,0.15733011519248957,-0.7004264466185299,1.0085572366326843,0.40232469972496815,-0.6062325369077162,0.8910803191069252,10.223855261000882,1,0,1,0,1,0,0,0,1,0,0,1
3998838,bd049ec1-e21d-44d9-a8a7-b0ac3a14c74d,2,66,38,Belgium Women's,Amber Tysiak,Sarah Wijnants,13.3,72.9,24.8,78.1,12.621015,9.116096840971807,0.21655117382242225,0.29067848834136495,0.0741273145189427,0.5062902211543219,0.658232598977019,0.15194237782269715,0.8914838314271863,1.1327457651919322,0.2412619337647458,5.167337787018403,4.644622665971551,0,0,0,1,1,2,0,0,1,0,0,1
3998838,b7974674-47ac-487d-bc36-ebf72aeee7ca,2,66,52,Belgium Women's,Justine Vanhaevermaet,Jarne Teulings,54.2,68.8,65.4,77.8,14.36802,5.418905105739427,0.25741622416772036,0.7362685777827999,0.4788523536150795,0.6864093932036743,1.3744646001403533,0.688055206936679,1.3424155800039586,2.1345185244341875,0.792102944430229,5.159888849269839,2.1573089103449656,0,1,0,1,1,2,0,0,1,0,0,1
3998838,662d184f-34ed-4a55-a14c-1d23bc8ed5b5,2,66,54,Belgium Women's,Jarne Teulings,Amber Tysiak,62.4,78.6,44.3,78.1,18.106905,-15.40954712256729,0.875727209512993,0.03799901662101376,-0.8377281928919792,1.4936384904899251,0.20549249024623037,-1.2881460002436949,2.1987616449637395,0.5951357502854464,-1.603625894678293,2.1284881855040068,10.645562237275932,1,0,2,0,3,0,0,0,1,0,0,1
3998838,9eb2cefa-6ea7-49d7-94d0-db9e28fe3d23,2,66,57,Belgium Women's,Amber Tysiak,Jarne Teulings,43.7,76.7,50,78.7,6.6098413,4.6819059908105345,0.044333708369395666,0.07301841985983631,0.028684711490440648,0.2376995575984923,0.28061907860768925,0.042919521009196965,0.6668053096929442,0.6869303594383565,0.020125049745412293,10.778995537717817,8.316160281174001,0,0,0,0,0,0,0,0,1,0,0,1
3998838,5f0a1ad2-930b-4e2c-928d-8b22a1223182,2,67,1,Belgium Women's,Jarne Teulings,Sari Kees,48.4,72.6,37.2,53.6,22.055386,-5.237243589535325,0.5512168557143798,0.019719653072203934,-0.5314972026421759,0.9434708949085368,0.16131632928153833,-0.7821545656269984,1.428649993118903,0.5328210060882299,-0.895828987030673,2.3641753859774273,14.96145674115089,1,0,1,0,2,0,1,0,1,0,0,1
3998838,94d243eb-b548-49d7-99f1-3a1b7a9bfb81,2,67,5,Belgium Women's,Sari Kees,Jarne Teulings,52,41.1,61.8,38.6,10.113852,9.792060424046007,0.36153521610299877,0.5460513471497137,0.18451613104671494,0.798568962955046,1.1136102544353583,0.31504129148031235,1.4098610045817563,1.8946329556303543,0.48477195104859794,3.8054625191073366,3.0073090746091293,0,0,1,1,1,2,1,0,1,0,0,1
3998838,2fd7c5ef-3949-4ccf-bbfc-c5b91c2e8562,2,67,43,Italy Women's,Giada Greggi,Lisa Boattin,54.7,5,69,2.3,14.552663,10.666866839023342,0.3275323225967169,0.7470571433805822,0.41952482078386527,0.604330735494245,1.0686009294895848,0.46427019399533986,1.0213576032286604,1.5286137899178165,0.5072561866891561,3.453885568997027,1.1560112347770455,0,1,1,1,1,1,1,1,0,0,0,0
3998838,277c92de-cb97-4b61-8b12-088766a4e8af,2,67,44,Italy Women's,Lisa Boattin,Giada Greggi,68.5,3.1,64.9,12.1,9.693296,1.5940404461461384,0.7562294594240746,0.6392707116674529,-0.11695874775662174,1.095051536970037,1.1510038601188288,0.05595232314879173,1.5540068649578105,1.8142124725635749,0.2602056076057644,1.160793222839426,2.787444136143214,1,1,1,2,1,2,1,1,0,0,0,0
3998838,4258369f-f329-4af5-8550-b1c1b598e12c,2,67,46,Italy Women's,Giada Greggi,Lisa Boattin,67.1,11.1,70.3,4.2,7.605919,-0.9718517397279527,0.7271677024424584,0.580183867320884,-0.14698383512157442,1.2537852625155974,1.0720776071279707,-0.18170765538762668,1.943795777047462,1.724647652980006,-0.21914812406745598,3.147602874575745,2.720260263346501,0,1,2,1,2,2,1,1,0,0,0,0
3998838,c951d061-853e-4c09-842d-9ca93e4fe6b6,2,68,0,Italy Women's,Giada Greggi,Lisa Boattin,77.7,4.8,81.8,1.5,5.263079,0.7947594246163661,0.20169302568766465,0.40674843335201033,0.20505540766434568,0.5091724472402113,0.7807303835764542,0.2715579363362429,1.0295681258238538,1.3044597041694352,0.2748915783455814,5.113237930519639,3.274162131640189,0,0,0,1,1,1,0,0,1,0,0,1
3998838,09911675-dd97-4161-ba7c-449db99d6714,2,68,5,Belgium Women's,Sari Kees,Tessa Wullaert,33.1,66.1,49.7,65.3,16.619267,16.02090056817042,0.36483221715918773,0.9057158927082795,0.5408836755490918,0.8882960690889783,1.408887193791534,0.5205911247025556,1.6162825765120534,2.070329610566464,0.4540470340544107,4.482657510529954,2.4298688331105165,0,2,1,2,2,2,0,1,1,0,0,1
3998838,a7e88802-b0d5-4b9a-b1dc-f57daee38856,2,68,13,Italy Women's,Laura Giuliani,Cecilia Salvai,35.3,32.9,37.2,31.5,2.3600848,1.7619099471610724,0.0007200375627286809,0.0022790030205992536,0.0015589654578705727,0.01587626159561007,0.029072062671766388,0.013195801076156317,0.09429259781536153,0.13084365295691353,0.03655105514155199,22.156341543518337,18.371025272911638,0,0,0,0,0,0,0,0,1,0,0,1
3998838,bf7a2b7d-3ed4-42fd-9557-b2a3a684e4c0,2,68,18,Italy Women's,Cecilia Salvai,Arianna Caruso,37.4,32.5,49.8,31.3,12.45793,12.202749159214065,0.05782122524348257,0.7247062174964181,0.6668849922529355,0.22480687193849735,1.1239311104627638,0.8991242385242665,0.5385151567375566,1.617039345245347,1.0785241885077905,8.816852891141735,1.4899408189010992,0,1,0,1,0,2,0,1,1,0,0,1
3998838,b40fa5c7-6421-433b-849b-b5c69a2cfaf9,2,68,49,Italy Women's,Giada Greggi,Elisabetta Oliviero,61.5,67.8,68.2,72.4,8.127115,3.671232952314945,0.9601424447481087,0.7496253840818256,-0.21051706066628317,1.627020846921875,1.2176650418219799,-0.4093558050998951,2.321553209358686,1.8363174366326742,-0.4852357727260119,2.0433515828912183,1.4768263559643624,1,1,2,1,3,1,1,0,1,0,0,1
3998838,16a4e43e-3945-47bc-b7a2-fffddc13311d,2,68,57,Belgium Women's,Lisa Lichtfus,Amber Tysiak,2.4,34.8,14.1,44.2,15.008331,11.73165645167012,0.09093332303507747,0.07708851019249788,-0.013844812842579587,0.23795100104181155,0.23821065878679965,0.00025965774498809546,0.4194765325512632,0.5138294533193407,0.0943529207680775,7.193037653140448,7.760394965669917,0,0,0,0,1,1,1,0,1,0,0,1
3998838,eee06a7e-d90b-486f-82ba-30f925018c5e,2,69,10,Italy Women's,Emma Severini,Cristiana Girelli,62.5,40.9,70.4,48,10.6216755,7.266023948973064,0.7307704293663104,0.39244493007182046,-0.33832549929448996,0.9698417397372796,0.8519266115231887,-0.11791512821409089,1.3443745963753033,1.568305921149055,0.22393132477375177,1.085730073412146,3.344211047804593,1,0,1,1,1,1,1,0,1,0,0,1
3998838,2e6db5c9-af42-40cc-957f-b2a086ab5fc1,2,69,11,Italy Women's,Cristiana Girelli,Emma Severini,70.4,48,63.3,49.4,7.236712,-7.232888025201646,0.39244493007182046,0.37855439968310056,-0.013890530388719902,0.8519266115231887,0.7246238071297458,-0.12730280439344288,1.568305921149055,1.31834302594242,-0.24996289520663506,3.344211047804593,3.1396277608741556,0,0,1,1,1,1,0,0,1,0,0,1
3998838,3de6dd19-1e4f-4b9f-b07c-e57d2acb00b1,2,69,13,Italy Women's,Emma Severini,Martina Lenzini,63.8,51.8,54.2,53.2,9.701547,-9.685522999395275,0.4222761166777465,0.052025533812932255,-0.37025058286481427,0.7412703590073766,0.2749406276524301,-0.4663297313549465,1.2921074354224862,0.7554191673801025,-0.5366882680423837,2.7425939964346147,11.4922790479818,1,0,1,0,1,0,0,0,1,0,0,1
3998838,da97ea12-e44a-4222-b621-a207cfd9cd08,2,69,17,Italy Women's,Martina Lenzini,Giada Greggi,56.3,52.2,70.4,48.6,14.55232,14.517723758004273,0.2157583129381409,0.41592716200015684,0.20016884906201593,0.5919224580149512,1.0471456297364485,0.4552231717214973,1.1630722250115781,1.9700697013742066,0.8069974763626284,5.821494804470074,4.406955619521581,0,0,0,1,1,2,0,0,0,0,0,0
3998838,da4f2a3f-f949-481a-a64d-359b5e74cff1,2,69,18,Italy Women's,Giada Greggi,Sofia Cantore,72,49.6,86.2,65.3,21.16908,6.730568382129292,0.7890301534255172,0.7702331241914061,-0.018797029234111085,1.367892010112276,1.1371961086093387,-0.23069590150293728,2.1934342471355803,1.7344617263744961,-0.4589725207610842,1.7142239085884792,1.0935992740509952,1,1,1,1,2,1,1,1,0,0,0,0
3998838,9f2347df-f3a3-4e91-9d08-5eecd272481d,2,69,44,Belgium Women's,Sari Kees,Janice Cayman,44,7.2,57.6,11.1,14.148145,14.008335024496787,0.44116121227246086,0.815438919272691,0.3742777070002301,0.8041432474996935,1.382339947088647,0.5781966995889536,1.2819078371291754,1.9606416167411649,0.6787337796119894,2.8438525787932325,2.106712934540994,1,1,1,1,1,3,0,0,1,0,0,1
3998838,1c74961e-a982-4382-b5fc-0c69bec18d4e,2,69,45,Belgium Women's,Janice Cayman,Hannah Eurlings,57.6,11.1,65.1,5.5,9.360022,3.9272415940791063,0.815438919272691,0.34922138207773423,-0.46621753719495673,1.382339947088647,0.8513892318005848,-0.5309507152880623,1.9606416167411649,1.5756621471477394,-0.38497946959342544,2.106712934540994,4.941600718374243,1,0,1,1,3,2,0,0,1,0,0,1
3998838,f259f726-20c8-409e-bbb6-ba2f9b08962c,2,69,47,Belgium Women's,Hannah Eurlings,Laura Deloose,65.1,5.5,65.1,3,2.5,-1.364039728164144,0.34335763316047546,0.46610302786568636,0.1227453947052109,0.8523990037566747,0.946544335547749,0.09414533179107432,1.5833126827617772,1.66273246731029,0.07941978454851273,5.4360652045931435,2.9173287869321816,0,1,0,1,2,1,0,1,1,0,0,1
3998838,a5a03a39-0c46-4c4f-8b31-ae36745bb460,2,70,5,Belgium Women's,Marie Detruyer,Hannah Eurlings,109.4,9.7,97.1,6.9,12.614674,-8.14884899931392,0.9723547265667148,0.2820654158247151,-0.6902893107419997,1.6279174644499694,0.748429002229866,-0.8794884622201035,2.3831740918525433,1.4736304344320372,-0.909543657420506,2.411046901115732,4.861167258690122,2,0,2,1,4,1,0,0,1,0,0,1
3998838,b01d0c9a-c383-46e7-ab10-4847dd396660,2,70,9,Belgium Women's,Hannah Eurlings,Janice Cayman,103.7,8.2,93.3,18.5,14.637281,1.4538422777469506,0.8375592139605477,0.41178955700527975,-0.4257696569552679,1.407263126880266,1.078071577224657,-0.32919154965560904,2.0670610737444197,2.103775585516864,0.036714511772444336,2.1727090596362157,4.5806894824597135,1,0,2,1,3,3,1,0,1,0,0,1
3998838,78855596-3693-4f51-a1d5-25f0f705fbe3,2,70,11,Belgium Women's,Janice Cayman,Laura Deloose,91.7,17,96.3,9.6,8.713208,-2.0790679902335896,0.6858094828709587,0.6391357860659115,-0.04667369680504718,1.389280086943247,1.372046601875239,-0.017233485068007814,2.3960591351981484,2.334594365603048,-0.0614647695951005,2.547478223118289,3.1710033117093346,1,0,1,1,3,3,0,0,1,0,0,1
3998838,9d46b2e9-2855-4a98-bea5-1f16aa8d81df,2,70,13,Belgium Women's,Laura Deloose,Janice Cayman,91.7,9.1,86.9,18.1,10.2,2.212032663262839,0.6025739383740611,0.7720439182396235,0.16946997986556234,1.1629301583840295,1.3503153625560955,0.18738520417206606,2.0022681901301045,2.277386283712766,0.2751180935826616,2.350376975181485,1.4016424985927416,1,1,1,1,2,2,0,1,1,0,0,1
3998838,a0134f4c-3a03-471a-adea-1e7ac48cf425,2,70,17,Belgium Women's,Janice Cayman,Sari Kees,87.5,16.5,72.2,11.9,15.976545,-15.341613866973546,1.0004520128779433,0.06089210464817096,-0.9395599082297723,1.8635804726148326,0.25955709495261253,-1.6040233776622201,2.973906194473342,0.7382113426412518,-2.23569485183209,2.228449187508273,8.732050423315862,1,0,2,0,2,0,0,0,1,0,0,1
3998838,7a8a3e42-df78-4e6c-8185-d4e7e2c043f4,2,70,19,Belgium Women's,Sari Kees,Amber Tysiak,70,16.2,64.2,44.4,28.790276,-0.5977620544929962,0.4338057067431324,0.003363470758205179,-0.4304422359849272,0.6961257774922563,0.060227519032480636,-0.6358982584597757,1.1375326050002446,0.3288008313999289,-0.8087317736003157,2.569667427476053,19.892086395554216,1,0,1,0,1,0,1,0,1,0,0,1
3998838,02bd3f65-0328-435a-8ff8-4af46b7d168b,2,70,24,Belgium Women's,Amber Tysiak,Justine Vanhaevermaet,71.6,49.4,81.8,51,10.324728,9.552128220193353,0.27509404579831503,0.6099254501517198,0.3348314043534048,0.6551696093902363,1.092425168093391,0.4372555587031547,1.2893354994844344,1.8846268817354865,0.5952913822510522,4.423516697716728,2.0361621401614203,0,1,1,1,1,2,0,1,1,0,0,1
3998838,87e62650-8822-4c18-a3fd-9365bd1bb4a5,2,70,28,Belgium Women's,Justine Vanhaevermaet,Sarah Wijnants,95.8,58.4,111.9,67.5,18.493782,1.7325571482946707,0.6562220257681227,0.1216428792252042,-0.5345791465429185,1.2595837968744954,0.425573743148798,-0.8340100537256974,2.044304081273392,1.0123935409791742,-1.0319105402942177,3.089775284806079,7.322352465491089,0,0,2,0,3,1,1,0,1,0,0,1
3998838,22dd1831-645c-4a45-9527-400da32f15ef,2,71,32,Italy Women's,Julie Piga,Michela Cambiaghi,23,67.4,58,63.6,35.20568,34.4559031414022,0.08006293079279249,0.4255944334579191,0.3455315026651266,0.23364817804948856,0.9415646385536779,0.7079164605041893,0.45989765536492105,1.6521427771085377,1.1922451217436167,7.610789977244647,3.7684089139420243,0,0,0,1,1,1,0,0,0,0,0,0
3998838,49b8d937-5974-4543-89f5-071160c3fd17,2,71,36,Belgium Women's,Janice Cayman,Sari Kees,50.8,19.5,47,17.3,4.3908997,-4.275315907733685,0.7019390185480251,0.6641151569570365,-0.037823861590988606,1.1963737226717008,1.1599655830793167,-0.03640813959238409,1.7564597936151327,1.710452086853029,-0.04600770676210364,3.2275361752871494,2.5111872950805303,0,1,2,1,2,2,0,0,1,0,0,1
3998838,5bbc36c1-978d-4446-b1ba-f0c34221be15,2,71,37,Belgium Women's,Sari Kees,Hannah Eurlings,47,17.3,82.7,17.5,35.70056,32.887193992731476,0.6641151569570365,0.3843564752160523,-0.27975868174098417,1.1599655830793167,0.7899896745593241,-0.3699759085199926,1.710452086853029,1.3842556329323858,-0.3261964539206432,2.5111872950805303,3.366579409281387,1,0,1,1,2,1,0,0,1,0,0,1
3998838,b58e79fc-3a5d-417f-b049-80e5135bb8e4,2,71,52,Italy Women's,Cecilia Salvai,Cristiana Girelli,8.8,52.9,49.2,50.8,40.454544,40.32675389325074,0.124457301793636,0.9303418316189777,0.8058845298253416,0.4204068146062554,1.2223846486481795,0.8019778340419241,0.9844729684579994,1.6114303803136933,0.626957411855694,6.805676310389988,0.6489246425679033,0,1,0,1,1,2,0,0,1,0,0,1
3998838,be2f1a27-f49e-48c1-9b2f-24d6ea19cca6,2,71,58,Belgium Women's,Janice Cayman,Sarah Wijnants,67.3,38.2,73.1,67.5,29.868546,-1.637090287408654,0.888128675508417,0.25244089124335994,-0.635687784265057,1.371568354723191,0.48824425973111524,-0.8833240949920758,1.891666018884393,0.8606072993509322,-1.0310587195334608,2.5141589577153334,4.175697927194993,2,0,2,1,2,1,0,0,1,0,0,1
3998838,6a65666f-8497-48bf-858f-33703add9824,2,72,5,Belgium Women's,Amber Tysiak,Sari Kees,54.2,53,52,40.4,12.790622,-0.9292747429260828,0.0778695787488701,0.036959362873173536,-0.040910215875696564,0.26416668752693656,0.21277249655460884,-0.051394190972327725,0.6313068276541441,0.600186501511724,-0.031120326142420107,7.8229121470954555,12.281919177955789,0,0,0,0,1,0,0,0,1,0,0,1
3998838,cce1fba1-6976-405a-afc1-1987a877a3cd,2,72,9,Belgium Women's,Sari Kees,Janice Cayman,54.1,40.3,61.8,15.5,25.967865,2.7541073285019237,0.05128992959006904,0.10489826325947613,0.053608333669407086,0.25630790687987587,0.31569138576802575,0.059383478888149877,0.677962469114877,0.6948404272719864,0.016877958157109352,10.251139390670998,7.015736774697935,0,0,0,0,0,1,0,0,0,0,0,0
3998838,4bdf2f06-3f04-4769-8e6f-2babec1a3350,2,74,42,Italy Women's,Julie Piga,Elisabetta Oliviero,34,69,42.7,76.5,11.486514,5.273769186860065,0.7283310761681908,0.20155519743751743,-0.5267758787306733,0.9794829918144857,0.5949298312181753,-0.3845531605963104,1.3849179985208817,1.1524440807457008,-0.2324739177751809,1.059625828393281,6.558320078443375,1,0,1,0,1,1,1,0,1,0,0,1
3998838,cd3cf6bb-b77c-44f0-bbac-900c3555ca0b,2,75,59,Italy Women's,Julie Piga,Laura Giuliani,19.2,66.8,4.3,45.8,25.748981,-11.543415164995452,0.07557447180453856,0.011263421846438618,-0.06431104995809994,0.2541267923958988,0.09074864738548906,-0.16337814501040976,0.5890873498242485,0.3079556965992092,-0.2811316532250393,7.891338621606276,15.28571287650711,0,0,0,0,1,0,0,0,1,0,0,1
3998838,a805df10-9cb1-4b30-96b8-8a631053c598,2,76,4,Italy Women's,Laura Giuliani,Elena Linari,6,51,21.8,18.4,36.227062,13.98197097736255,0.12283005403164744,0.002737006651188866,-0.12009304738045858,0.32602930631667904,0.033273327330891105,-0.2927559789857879,0.6317815077599553,0.15449148240777674,-0.47729002535217857,6.442742553649714,17.835820654735752,0,0,0,0,1,0,1,0,1,0,0,1
3998838,7763db42-a35b-41c9-9858-a91bbee8d77a,2,76,14,Italy Women's,Michela Cambiaghi,Giada Greggi,74.8,21.7,79.6,9.7,12.924396,-1.7359763760208224,0.8451483128739101,0.2991893950317499,-0.5459589178421602,1.4028174227778716,0.7784726993522465,-0.6243447234256251,2.213263409364014,1.527619449802299,-0.6856439595617148,1.3995819998523584,5.0369185587341825,1,0,1,0,3,2,1,1,0,0,0,0
3998838,e42d9b66-6d1d-4f91-9106-96adc85f7780,2,78,19,Italy Women's,Elena Linari,Cecilia Salvai,42.5,21.7,28.2,28.6,15.877657,-12.873859729677903,0.1437920790110013,0.015939026757303215,-0.12785305225369809,0.3770583703360114,0.11704140013509769,-0.26001697020091374,0.8079837442191969,0.38668791058898677,-0.42129583363021017,5.929311735107561,13.85428516563384,0,0,0,0,1,0,0,0,1,0,0,1
3998838,e0b9c317-e95e-4001-b55c-2092403e07b6,2,78,24,Italy Women's,Cecilia Salvai,Cristiana Girelli,30.6,29.9,61.3,34.5,31.042713,31.011613735745783,0.1701549936796503,0.8551981015959219,0.6850431079162715,0.43847394364845255,1.3414994535073352,0.9030255098588826,0.8250451861401349,2.034867042114255,1.20982185597412,5.664925251657648,1.0598925836434312,0,1,0,1,1,1,0,0,1,0,0,1
3998838,ae5ba1b8-02a1-4b60-a0d6-2e59199f35c1,2,78,34,Italy Women's,Arianna Caruso,Michela Cambiaghi,86.8,43.4,94.4,46.6,8.246211,6.936547143916965,1.6159141512846462,1.0534431742740977,-0.5624709770105485,2.3821212654340025,1.956515246996698,-0.4256060184373045,3.327626657640269,3.0157189943058698,-0.3119076633343991,0.555274525819664,2.9669296569228427,2,2,3,2,4,4,0,0,0,1,1,1
3998838,f95a49de-a7b3-4036-af9e-4d955d3d8ea5,2,78,46,Belgium Women's,Amber Tysiak,Sari Kees,10.9,50.4,12.8,34.6,15.913831,2.2586497395709557,0.09518457599517659,0.144196590698333,0.0490120147031564,0.26103663439353747,0.3712997456892434,0.11026311129570593,0.49655977730717443,0.6669060741846915,0.17034629687751707,7.099986043305875,6.1138916958941305,0,0,0,0,1,1,0,0,1,0,0,1
3998838,cb17e249-f1f5-4050-8fa9-c3eedecc4bf5,2,78,49,Belgium Women's,Sari Kees,Laura Deloose,12.8,34.6,29.5,8.5,30.985481,11.510559306536805,0.144196590698333,0.029668515180773423,-0.11452807551755956,0.3712997456892434,0.1611692049077954,-0.210130540781448,0.6669060741846915,0.43676681558262087,-0.23013925860207063,6.1138916958941305,11.786801931759648,0,0,0,0,1,0,0,0,0,0,0,0
3998838,cce6e3c1-6335-4131-9291-51097bf254a1,2,78,52,Belgium Women's,Laura Deloose,Elena Dhont,33.9,7.2,49.8,4.4,16.144659,13.425177431493381,0.28665644130581697,0.07330673781793227,-0.21334970348788468,0.5695555251339782,0.28317923726034083,-0.2863762878736374,0.9250328357123638,0.6700393525503175,-0.2549934831620463,4.067421484519327,8.777702586196352,0,0,1,0,1,0,0,0,0,0,0,0
3998838,565bd3a5-7a26-4331-9cac-792015c17009,2,79,28,Belgium Women's,Sari Kees,Janice Cayman,50.6,20.9,56,8.8,13.250283,0.7803445393254691,0.5931112657822709,0.21078504501113182,-0.3823262207711391,0.9050006129331868,0.46908788260835316,-0.43591273032483363,1.2318473927693894,0.8799941803707668,-0.35185321239862255,2.0395118279062,4.8002493382101274,1,0,1,1,2,1,1,1,0,0,0,0
3998838,c8d8d926-3234-4e9c-a4ba-061fd098d760,2,81,11,Belgium Women's,Lisa Lichtfus,Amber Tysiak,16.7,41.6,35.7,63.6,29.068884,15.771257161900337,0.0005060653558860415,0.004645089874393754,0.004139024518507712,0.010532318031555622,0.04692627843077437,0.036393960399218744,0.05808680346974803,0.19407978919636273,0.1359929857266147,22.766534205562074,16.27901828924052,0,0,0,0,0,0,0,0,1,0,0,1
3998838,9e181825-768e-4251-a58d-971c8869b230,2,81,23,Italy Women's,Elena Linari,Lisa Boattin,24.3,18.1,20.8,19.3,3.7,-3.162890520073802,0.4099935432535441,0.6258574169084579,0.21586387365491377,0.7053429174434488,0.9498389709201086,0.2444960534766598,1.1642789455937754,1.4611748605550414,0.296895914961266,2.8100612217832373,1.585216957171689,1,1,1,1,1,1,0,1,0,0,0,0
3998838,2638a9a0-cbfa-4a5d-9a7b-a4078fc0c99b,2,81,25,Italy Women's,Lisa Boattin,Laura Giuliani,17.8,22.5,2.9,33.8,18.700268,-13.576555271589655,0.7502962973354468,0.1489462381145507,-0.601350059220896,1.0636698338326467,0.37713102678360616,-0.6865388070490406,1.5646127193189132,0.7446786718045175,-0.8199340475143957,1.0625738273998666,5.860941183605098,1,0,1,0,1,1,1,1,0,0,0,0
3998838,0b12f8cf-f778-4f80-af03-282f37622768,2,81,40,Belgium Women's,Amber Tysiak,Sari Kees,64.3,73.7,50.6,61.6,18.278402,-7.5823926393983925,0.09580804945516792,0.06859965546732187,-0.027208393987846052,0.37692420759580414,0.24093725744357283,-0.1359869501522313,0.8658286109992452,0.5664789506136242,-0.29934966038562105,8.803017242531276,8.21804790255441,0,0,0,0,0,0,0,0,1,0,0,1
3998838,47d3fcf0-cd2d-4727-9b9b-ba5fbc620631,2,81,42,Belgium Women's,Sari Kees,Janice Cayman,50.8,59.2,54.4,15.1,44.246696,1.647474715132148,0.07468280219016021,0.013002644920658309,-0.061680157269501906,0.25986959755193884,0.08278382610993908,-0.17708577144199977,0.5846034517046338,0.2677989492050153,-0.3168045024996185,8.046565728040608,13.11016162230363,0,0,0,0,0,0,0,0,0,0,0,0
3998838,043108df-1524-431b-86f0-9311ef74d97a,2,81,46,Belgium Women's,Janice Cayman,Laura Deloose,54.4,15.1,69.8,3.8,19.101048,8.27585830615908,0.013002644920658309,0.059080019846807934,0.04607737492614963,0.08278382610993908,0.21323273559692466,0.13044890948698556,0.2677989492050153,0.5273577778350477,0.2595588286300324,13.11016162230363,8.58785753098243,0,0,0,0,0,0,0,0,0,0,0,0
3998838,012bfc77-c5ea-40d8-86e3-8a72ac611d64,2,81,49,Belgium Women's,Laura Deloose,Marie Detruyer,68.9,5.2,69.4,14.1,8.914034,4.980966633547929,0.4639260064123229,0.39851175027437297,-0.06541425613794993,0.7772704544510493,0.9835293784951518,0.2062589240441025,1.2853641448987354,1.8173892722079805,0.5320251273092451,2.4556456437109406,4.561782824066788,1,0,1,1,1,2,1,0,0,0,0,0
3998838,fc6593d4-795c-4dab-a53a-f27a026083c5,2,82,22,Italy Women's,Cristiana Girelli,Elisabetta Oliviero,90.8,61.6,104.1,70.2,15.838244,2.190894027125964,0.8153835578193137,0.061050115556815984,-0.7543334422624978,1.491618735320203,0.30563911697210094,-1.1859796183481022,2.427535926193397,0.8689234424422856,-1.5586124837511113,1.8672706354731547,10.42158896796904,1,0,1,0,3,0,0,0,0,0,0,0
3998838,ba425b50-7e08-457c-bfe6-b8b10e7cb315,2,84,6,Belgium Women's,Sari Kees,Amber Tysiak,49.8,14.5,44.8,47.4,33.27777,-0.8752677301893215,0.021210591634177385,0.008290270768695492,-0.012920320865481894,0.11898865776196979,0.06668602804815622,-0.05230262971381357,0.3555514840853332,0.2501609002464069,-0.1053905838389263,11.736320319645369,14.528242796374311,0,0,0,0,0,0,0,0,1,0,0,1
3998838,ba7f75ac-182f-4f0f-aeff-1370ccbf576e,2,84,10,Belgium Women's,Amber Tysiak,Sari Kees,42.1,45,48.4,27.9,18.223612,5.445078416156846,0.019860414054429322,0.022619405206519148,0.0027589911520898257,0.118963602258108,0.13597395270708898,0.017010350448980985,0.36029416525752456,0.3951273137807074,0.034833148523182866,12.175576514799612,12.39752236890055,0,0,0,0,0,0,0,0,1,0,0,1
3998838,4406b3a0-50ed-40ed-ad6e-565a8d8b346e,2,84,14,Belgium Women's,Sari Kees,Jarne Teulings,51.1,27.1,65,23.1,14.464093,12.559317651841482,0.05126405647995751,0.620362377116865,0.5690983206369076,0.22127484028066535,1.0341795940625569,0.8129047537818915,0.5370184269801554,1.507412033280409,0.9703936063002536,9.806392590564357,2.791667382373525,0,1,0,2,0,2,0,0,1,0,0,1
3998838,cb594c79-7a68-419d-9403-fc96c6a573cc,2,84,16,Belgium Women's,Jarne Teulings,Janice Cayman,62.8,21.7,58.4,11,11.569356,-8.028889794666739,0.8962787217233891,0.15921491440270472,-0.7370638073206843,1.286936881784188,0.4270614175614721,-0.8598754642227159,1.705566081892919,0.8206815801427123,-0.8848845017502067,2.155060927242195,6.1526163852061915,2,0,2,0,2,1,0,0,0,0,0,0
3998838,95eec4e9-ae6c-45eb-a481-31d260324e3c,2,85,2,Italy Women's,Arianna Caruso,Emma Severini,49.3,45,57.7,56,13.84052,6.554813620467328,0.6709835040526043,0.4201981906556694,-0.25078531339693494,1.4034155834438626,1.0793082393134197,-0.32410734413044295,2.4607651449984136,2.0129981235454926,-0.447767021452921,2.5025639917719764,4.793330886120547,1,0,1,1,2,2,0,0,0,0,0,0
3998838,87653c9e-f32f-4216-8a76-d75184c1c5bf,2,86,46,Italy Women's,Elisabetta Oliviero,Michela Cambiaghi,77.8,75.4,93,38.2,40.18557,28.021823934610413,0.07826727327834722,0.3266125733025081,0.2483453000241609,0.29088274733700437,0.7239457009523336,0.4330629536153292,0.686803161543126,1.259552388004082,0.5727492264609559,8.217556095318981,4.6979836506254085,0,0,0,1,0,2,0,0,1,0,1,1
3998838,88f0cd74-2c5a-4cb3-8728-a79d91f6b233,2,86,52,Italy Women's,Michela Cambiaghi,Lisa Boattin,103.4,28.5,97.4,32.1,6.9971423,-3.746662941563134,1.6309755720160375,0.9592697110604541,-0.6717058609555834,2.2110284281978165,1.6469134839705708,-0.5641149442272457,2.823686894736571,2.4607851139483947,-0.36290178078817625,1.2286239564700265,1.9486881377723464,3,1,3,2,3,3,0,0,1,1,1,1
3998838,91ac9605-8312-4f7e-9483-4790fc47753b,2,87,3,Italy Women's,Giada Greggi,Emma Severini,85.6,24.5,103.8,49.2,30.6811,19.10067348574416,0.6023287240149616,0.5257514267140032,-0.07657729730095841,1.2291295645119658,0.9186077052702207,-0.310521859241745,2.0799627643133545,1.5331580255853963,-0.5468047387279582,2.9495967909680973,2.2757852277391097,1,1,1,1,2,1,0,0,1,0,1,1
3998838,b61e92e2-e588-436a-b19a-ce8facf6c1b6,2,87,11,Italy Women's,Emma Severini,Arianna Caruso,106.3,60.3,99,52.1,10.978616,0.25386362718012734,1.0567807542139345,0.24882286275565724,-0.8079578914582772,1.3933517762978258,0.7535572271008851,-0.6397945491969407,1.8387460122234156,1.5714747027762102,-0.26727130944720545,0.5794076816495939,5.7382247819989995,1,0,2,0,2,1,0,0,0,1,1,1
3998838,56f396d6-063a-46f6-847e-e49fd38d721e,2,87,49,Belgium Women's,Amber Tysiak,Elena Dhont,37.2,20.9,57.6,7.2,24.57336,14.479017991836955,0.18636154339440775,0.03520378135126715,-0.1511577620431406,0.3706099509182154,0.1691311274708317,-0.20147882344738371,0.5728219285718059,0.4585283338590561,-0.1142935947127498,5.043305475485822,10.397666785812161,0,0,0,0,1,0,0,0,0,0,0,0
3998838,cc5af020-92d5-4f05-a2dd-f29175436e36,2,89,29,Italy Women's,Lisa Boattin,Cecilia Salvai,112.5,3.7,111.1,36.7,33.029682,27.574594662606295,0.6208948286224099,2.6458331822896737,2.024938353667264,0.8571260731151649,4.023458575711556,3.1663325025963918,1.3847410786409013,5.402308333931396,4.017567255290494,1.4651800087314828,1.042235745326635,1,3,1,4,1,8,0,0,0,1,1,1
3998838,66d9c131-9c91-4443-b1a2-4d541dc6f904,2,90,12,Belgium Women's,Sarah Wijnants,Tinne De Caigny,63.6,77.5,97.7,57.8,39.381466,39.19598167458117,0.12343868126871184,0.6754450183556442,0.5520063370869324,0.3112689317334286,1.2623290205996087,0.9510600888661801,0.6274200193012296,2.1088826745608378,1.4814626552596082,6.304383180965627,2.1046448293916784,0,1,0,1,1,2,0,0,1,0,0,1
3998838,d4cb78af-c372-4b72-bc82-3917e0fdcab6,2,90,20,Belgium Women's,Marie Detruyer,Jarne Teulings,98.7,14.3,85.9,17.9,13.296617,-7.255871485734559,0.2536949738158481,0.1389678805049888,-0.11472709331085931,0.6514495135187386,0.47256936742936684,-0.17888014608937175,1.2420291670762094,1.0343194172302665,-0.20770974984594281,6.037746908560747,8.006924290306763,0,0,0,0,2,0,0,0,0,0,0,0
3998838,35f1a17c-d1a2-429b-ad90-5cc6950181a6,2,90,46,Italy Women's,Elena Linari,Michela Cambiaghi,13.9,20.7,64.3,36,52.67115,51.997644918773815,0.23110521386892724,0.8349575951901763,0.6038523813212491,0.43776300361050335,1.4079308438070808,0.9701678401965774,0.7159802457926787,2.1195680936124845,1.4035878478198058,4.4122303733264765,2.5497554778036524,0,1,1,2,1,2,1,0,1,0,0,1
3998838,9d4a3b06-24d8-4fa3-9658-49d5476c5737,2,90,50,Italy Women's,Michela Cambiaghi,Cristiana Girelli,62.3,36.5,55.9,35.5,6.477654,-6.451707130869188,1.3008118792174805,0.5085867647799187,-0.7922251144375618,1.8854846152614515,1.156366009553493,-0.7291186057079586,2.602170730654459,2.049004539620206,-0.5531661910342529,1.5056276623796174,3.7363699175604914,2,0,2,1,2,2,1,0,1,0,0,1
3998838,4df005d2-6715-4b51-b09e-f1c500e234a5,2,91,46,Belgium Women's,Sari Kees,Tessa Wullaert,29.5,32.4,48.1,43.8,21.81559,18.818208151402132,0.17883740569378875,0.7980009284503455,0.6191635227565568,0.4581090048170003,1.1478833939794504,0.6897743891624502,0.8486390395205887,1.7489850391987807,0.900345999678192,5.640599313625209,0.9008353926020584,0,1,0,1,1,1,0,1,1,0,0,1
3998838,773dfb9e-4b1e-4f73-841a-655c04787a01,2,91,48,Belgium Women's,Tessa Wullaert,Sarah Wijnants,49.2,44.6,42.6,61.6,18.236227,-9.408173771331903,0.7980005994767931,0.08856918608516748,-0.7094314133916256,1.1478832035153006,0.2884442182902809,-0.8594389852250197,1.748984935801792,0.6883709690171433,-1.0606139667846486,0.9008368161056203,7.447435711545181,1,0,1,0,1,1,1,0,1,0,0,1
3998838,960fe5d3-36a9-49a6-865f-d033b1a0be10,2,92,6,Belgium Women's,Sarah Wijnants,Jarne Teulings,78.2,78.7,76.6,67.7,11.115754,5.477881084930722,0.6223253258236228,0.15763430872793557,-0.46469101709568716,0.882442939013686,0.5212201860542449,-0.36122275295944106,1.3215659066545518,1.1566947409790396,-0.1648711656755122,1.5101484924376547,6.568732571671127,1,0,1,0,1,1,1,0,1,0,0,1
3998838,8d333a1c-860d-47e7-a466-a3d879048b62,2,92,10,Belgium Women's,Jarne Teulings,Amber Tysiak,74.6,61.6,76.6,32.1,29.567719,6.16328586543122,0.5553300314918294,0.07441730420492289,-0.4809127272869065,0.9146713046900101,0.28173935943559597,-0.6329319452544142,1.4833352465649017,0.7275798567656145,-0.7557553897992871,2.034595731247957,8.219250222672434,1,0,1,0,1,0,0,0,1,0,0,1
3998838,ee1db614-c3a8-4f97-b5ef-d190f60a23f3,2,92,13,Belgium Women's,Amber Tysiak,Jarne Teulings,74.7,34,72.5,48.2,14.369412,-2.506969868414714,0.21935899299631037,0.1371825776525585,-0.08217641534375186,0.4826046401862773,0.4860285112004094,0.003423871014132107,0.9328712510613202,1.1637538946588097,0.23088264359748956,4.687945560636323,6.916040356418674,0,0,1,0,1,1,0,0,1,0,0,1
3998838,d0b6d6c1-0ea2-41e3-92cc-3134ee02fb0a,2,92,16,Belgium Women's,Jarne Teulings,Amber Tysiak,77.9,40,85.3,22.3,19.18463,3.1464379035754817,0.4302680796460845,0.1416192473362036,-0.2886488323098809,0.9813510815739833,0.42742318230400067,-0.5539278992699826,1.7805254444558867,1.0025065238296031,-0.7780189206262835,4.400429119639571,6.176461295570293,0,0,1,0,3,1,0,0,1,0,0,1
3998838,e51c3723-f4ff-4926-a500-827ad1240702,2,92,19,Belgium Women's,Amber Tysiak,Jarne Teulings,85.6,21.3,83.1,27.2,6.407808,0.09717279335028906,0.4532933548948718,0.2904476740828996,-0.1628456808119722,0.7695359881139069,0.7239129194788912,-0.04562306863501564,1.3268246824986831,1.3989292285051445,0.07210454600646132,2.5117597247413284,5.420726306935876,1,0,1,0,1,2,0,0,1,0,0,1
3998838,298d5365-4d74-4027-b7fb-b1fbc2bc73e9,2,92,21,Belgium Women's,Jarne Teulings,Elena Dhont,83.5,27.1,95.5,22.7,12.781237,8.720197917765109,0.5826945376058819,0.8188866293754273,0.23619209176954548,1.0283240989322793,1.3344496254873848,0.3061255265551055,1.6902391525143918,2.1610593245516614,0.47082017203726956,2.3702828374271436,1.1284483932396039,1,1,1,1,2,1,1,0,1,0,0,1
3998838,14ad753c-70b5-419b-86db-aa93d845692c,2,92,28,Italy Women's,Elisabetta Oliviero,Emma Severini,33.7,53.6,47.1,72.6,23.249947,7.507853749833103,1.176896693892235,0.03183042231093726,-1.1450662715812976,1.8441327364011388,0.20011225681452455,-1.6440204795866142,2.7006292905024445,0.6001988702253385,-2.100430420277106,0.765709606527035,12.93488847542163,1,0,2,0,3,0,1,0,0,0,0,0
3998838,a2f71876-f2e8-4436-ba0e-be217747833d,2,92,55,Italy Women's,Cristiana Girelli,Arianna Caruso,37.5,66.9,32.8,70.5,5.920304,-5.605372640738295,0.5384010967625839,0.2409452852336883,-0.29745581152889555,0.9127372466245115,0.7459438708140936,-0.16679337581041787,1.4769063987339544,1.5883801445760481,0.1114737458420938,2.26262904428419,5.615620280945959,1,0,1,0,1,1,0,0,1,0,0,1
3998838,a32f77ff-19ca-42ff-a330-27e31dbfd82a,2,93,4,Belgium Women's,Sarah Wijnants,Ella Van Kerkhoven,40.9,23.7,57.8,22.5,16.94255,16.147059659219835,0.7233763705679046,0.15962427192363068,-0.5637520986442739,0.9643321367668575,0.4670187835849536,-0.4973133531819039,1.3249649945798043,0.9783040583179791,-0.34666093626182526,1.0936013204035928,6.121281229649465,1,0,1,0,1,1,1,0,1,0,0,1
3998838,40aaa022-cff4-49bb-a910-1b6c0980f8ec,2,94,32,Belgium Women's,Sarah Wijnants,Ella Van Kerkhoven,49.7,63.1,93.3,30.2,54.620235,45.55627819964302,0.09464615208756244,1.0170009825377258,0.9223548304501633,0.28422461573316404,1.6563008566617126,1.3720762409285485,0.6465846343562069,2.5474540298564095,1.9008693955002025,7.17156337096303,0.8550053050079391,0,1,0,1,1,2,0,0,0,0,0,0
3998838,ac2b12d5-dd0b-46b0-81a7-bb1d9ce616ae,2,94,53,Italy Women's,Elena Linari,Cristiana Girelli,27.4,12.7,55.9,29.1,32.88176,31.52025532577224,0.8352179114147728,0.7297859192669838,-0.10543199214778898,1.0302105371545067,1.1866757553134735,0.15646521815896675,1.3203396082235963,1.9664477482364178,0.6461081400128215,0.6820497092647668,1.2985902568294247,1,1,1,1,1,1,1,1,0,0,0,0
3998838,a735ceea-63ee-40d2-a989-65dd007c8590,2,95,1,Belgium Women's,Marie Detruyer,Amber Tysiak,56.6,40.3,54.6,24.5,15.926079,-3.810970757272102,0.47869360841235375,0.07682885797703921,-0.40186475043531455,1.0037596593474798,0.2624072006635697,-0.7413524586839101,1.724239100908766,0.6007698334762189,-1.1234692674325473,3.9865169869825294,7.975224446488786,0,0,2,0,2,1,0,0,1,0,0,1
3998838,810c5396-1eb7-4c60-823f-4bdffae0e0a2,2,95,6,Belgium Women's,Marie Detruyer,Elena Dhont,64.8,17.5,76.8,6.7,16.144348,5.064726843760411,0.5645672743085485,0.37083405962405025,-0.19373321468449822,0.9628572083887865,0.755051823074537,-0.20780538531424952,1.4245970571900706,1.2981960521234333,-0.12640100506663732,3.1021653980148485,3.927597525366547,0,0,2,1,2,2,0,0,0,0,0,0
3998838,b2d81388-7a87-4265-b151-82447011e55a,2,95,7,Belgium Women's,Elena Dhont,Marie Detruyer,76.8,6.7,83.5,23.1,17.715813,14.32212182215023,0.37083405962405025,1.253194577047958,0.8823605174239078,0.755051823074537,1.9043905825653284,1.1493387594907913,1.2981960521234333,2.639751346074493,1.3415552939510598,3.927597525366547,1.2755756278526744,0,1,1,3,2,3,0,1,0,0,0,0
3998838,3e4234f0-33eb-4005-b494-ca10931f93e6,2,95,9,Belgium Women's,Marie Detruyer,Ella Van Kerkhoven,84.2,24.5,96.6,30.2,13.647344,13.642135835062664,1.253195018001214,0.7105108049102554,-0.5426842130909585,1.904391032562149,1.4049161099023764,-0.49947492265977256,2.639751777205838,2.406285077448341,-0.2334666997574968,1.2755745831958925,2.287255437889266,1,1,3,1,3,2,1,0,0,0,0,0
3998838,b01b1a25-5e7d-49d0-812c-fab94039140d,2,95,38,Belgium Women's,Sarah Wijnants,Marie Detruyer,43.5,59.2,57.2,42.5,21.600464,16.022877375651085,0.10586812262085558,0.7491318996633585,0.6432637770425029,0.2941244882658895,1.166691823663855,0.8725673353979655,0.6438869017995885,1.7691556319343626,1.1252687301347741,6.787676679738589,1.3885316821318558,0,1,0,1,1,2,0,1,1,0,0,1
3998838,ab8ab41c-8116-4824-aadd-741e43ff698d,2,96,21,Belgium Women's,Tessa Wullaert,Janice Cayman,105.9,71.5,103.9,78.3,7.088018,-7.034622514079885,0.9472148036264773,0.32941381700223404,-0.6178009866242432,1.5847165552062168,0.7581609574521788,-0.826555597754038,2.28273136099884,1.3969801260115116,-0.8857512349873287,2.332742484082096,4.103667099944145,1,0,2,1,3,1,0,0,0,0,0,0
3998838,9f621cc3-486b-4627-8603-de0a1ff2aa7a,2,96,23,Belgium Women's,Janice Cayman,Sarah Wijnants,103.4,77.5,96.6,72.7,8.323461,0.7998034943500372,0.28630308791000364,1.035356478326087,0.7490533904160832,0.7525045296933235,1.515633612681813,0.7631290829884896,1.4327709677010263,2.1942718542602484,0.7615008865592221,5.208363907657033,0.5739343575525527,0,1,0,1,1,2,0,0,0,0,0,0
3998838,1e886079-9273-4548-988b-6c2be5bfec28,2,96,24,Belgium Women's,Sarah Wijnants,Janice Cayman,97.3,71.9,99.5,78.7,7.1470275,-4.642025009026213,1.0353543323249903,0.5289556062048073,-0.506398726120183,1.5156318604096772,1.1442492165348084,-0.37138264387486886,2.194270438862621,1.8792571724587983,-0.31501326640382254,0.5739407882878992,4.2687174273380055,1,0,1,1,2,3,0,0,0,0,0,0
3998838,b168cd11-2e36-4bd2-a836-2b508e902624,2,96,25,Belgium Women's,Janice Cayman,Jarne Teulings,98.5,78.7,104,77.9,5.557877,3.1322985851682006,0.5289556062048073,1.2496794291448377,0.7207238229400303,1.1442492165348084,1.8127412210308071,0.6684920044959988,1.8792571724587983,2.456490183908669,0.5772330114498705,4.2687174273380055,0.7821771189692791,0,1,1,2,3,3,0,1,0,0,0,0
3998838,aafd9d9c-8a59-4a5c-b081-cf843c86e8e5,2,96,38,Belgium Women's,Amber Tysiak,Tinne De Caigny,77.4,23.7,85.9,33.8,13.200758,10.952896537272935,0.14867068073405396,0.16710284483420337,0.018432164100149417,0.42936840758049855,0.7270051282359534,0.2976367206554549,0.9630278987254002,1.8171559436307234,0.8541280449053232,6.291943328162597,8.754495372479628,0,0,0,0,1,0,0,0,0,0,0,0
3998841,9680022c-6128-4e2c-ab9e-c50361ec73b4,1,0,2,Sweden Women's,Gun Nathalie Björn,Hanna Lundkvist,46.5,41.2,57.6,72.4,33.115707,3.1996253042718905,0.046785775461512816,0.0039856501580067235,-0.04280012530350609,0.21175702645509914,0.05099807810520828,-0.16075894834989085,0.510295741551856,0.23822359014629407,-0.2720721514055619,10.840911147496193,17.28396807125982,0,0,0,0,0,0,0,0,1,0,0,1
3998841,a8742577-30e7-435d-81f0-a99f87ad7088,1,0,8,Sweden Women's,Hanna Lundkvist,Ingrid Filippa Angeldal,77.4,70.4,87.4,68,10.283968,9.36074653175718,0.5740601945594376,0.44228110091884165,-0.13177909364059592,1.0608800409343953,1.1167350893771195,0.055855048442724264,1.7641684397113446,2.069808737193536,0.30564029748219146,2.9377295094367724,4.490996205291846,1,0,1,1,2,2,0,0,1,0,0,1
3998841,febd46cd-8102-408e-bb37-db6325e74d27,1,0,20,Sweden Women's,Hanna Lundkvist,Johanna Rytting-Kaneryd,53.8,76.9,59.3,73.7,6.3631754,6.361994988710663,1.4347585224624666,0.7421635950047796,-0.692594927457687,1.9408274155121736,1.5372041065314568,-0.40362330898071686,2.618099512935896,2.454633140323386,-0.16346637261250985,0.7365697750017868,3.5827088422225604,2,0,2,1,2,4,1,0,0,0,0,0
3998841,bddf374a-428e-46e1-baa6-b45eedeb5263,1,0,22,Sweden Women's,Johanna Rytting-Kaneryd,Kosovare Asllani,57.9,72.1,59.4,62.5,9.716481,5.263624852048579,1.6095786203301992,1.22477805589604,-0.3848005644341592,2.4519031162153664,2.0341051185725103,-0.4177979976428561,3.2931958122514304,2.9832938343059774,-0.30990197794545304,1.3772508192139796,1.0730785299353827,2,1,3,2,5,5,0,1,0,0,0,0
3998841,0b11b33f-adad-499e-b853-0b71e65a59cf,1,0,50,Sweden Women's,Gun Nathalie Björn,Hanna Lundkvist,53.4,40.5,62.1,69.1,29.89398,1.8004879764263109,0.05877286073888738,0.01224009514487444,-0.04653276559401294,0.25362620370401434,0.1098184220160873,-0.14380778168792704,0.6635076515316578,0.4306221754546743,-0.2328854760769835,9.653076778904245,15.015180940594407,0,0,0,0,0,0,0,0,1,0,0,1
3998841,a8686973-eff6-4ecd-b584-051f596c1bfb,1,0,55,Sweden Women's,Hanna Lundkvist,Ingrid Filippa Angeldal,69.9,72.1,83,71.8,13.103435,10.713725185499946,0.21492866116753145,0.1871480746130981,-0.027780586554433356,0.5540620006391137,0.6085994694212907,0.05453746878217702,1.1184315508687133,1.3346555487617013,0.21622399789298807,5.3395621584077935,6.879856200615541,0,0,0,0,1,1,0,0,1,0,0,1
3998841,aaee8173-d2e4-47ff-924f-544e7bb2aadb,1,0,58,Sweden Women's,Ingrid Filippa Angeldal,Johanna Rytting-Kaneryd,87.4,68.9,98.7,76.1,13.398881,1.6503065473653251,0.7250426790435862,0.3338963792617201,-0.3911462997818661,1.319388279116621,0.7252742670461944,-0.5941140120704266,2.133177686786444,1.3272397286427018,-0.8059379581437423,2.093217025183623,3.8103932175703323,1,0,1,1,2,1,1,0,1,0,0,1
3998841,e7a9c03d-c26f-4083-a767-c87c31dd1ac7,1,1,0,Sweden Women's,Johanna Rytting-Kaneryd,Hanna Lundkvist,96.3,75.3,84,75.5,12.301626,-8.041374850542887,0.8862849083233137,0.07379282409635707,-0.8124920842269567,1.293120633500246,0.3672551672208463,-0.9258654662793998,1.9038110250438023,1.0056554466228151,-0.8981555784209871,0.8124232564821834,9.85616351821778,1,0,1,0,2,0,1,0,1,0,0,1
3998841,3f9f2be6-71c7-4a45-a37f-5d7c8ec5405f,1,1,20,Sweden Women's,Ingrid Filippa Angeldal,Hanna Lundkvist,105.4,66.2,111.5,74.5,10.300486,-5.538343416451806,0.7335369333935479,0.14850817968343832,-0.5850287537101095,1.4694473929657805,0.5167236172962342,-0.9527237756695464,2.4460069382890737,1.1978752232598482,-1.2481317150292255,2.6956719152269497,6.782225123113132,1,0,1,0,3,1,0,0,1,0,0,1
3998841,609edbf6-739f-4f84-883b-cdf16c8af49a,1,1,25,Sweden Women's,Hanna Lundkvist,Julia Zigiotti-Olme,103.6,74.1,92.6,71.4,11.326517,-3.8352359274134287,0.43175594623155217,0.19433518598346705,-0.23742076024808512,0.8345212101490727,0.5716093608020322,-0.2629118493470405,1.4637219788747486,1.2180571592240674,-0.2456648196506812,2.929614535325532,5.7697181529068295,1,0,1,0,1,1,0,0,1,0,1,1
3998841,cdd4dd03-75c6-4489-b0e9-fccec7f2ca00,1,1,27,Sweden Women's,Julia Zigiotti-Olme,Johanna Rytting-Kaneryd,92.6,71.4,104.3,69,11.943618,8.696859417072098,0.5899788638235833,0.9493351085540581,0.3593562447304748,1.1483850214529607,1.6392919102822705,0.4909068888293098,1.9613612763613046,2.47239245739539,0.5110311810340855,2.473779546439489,2.2017821881344184,1,1,1,2,1,3,0,1,1,0,1,1
3998841,7e13202a-f521-4ff1-8819-c48356934c96,1,2,23,Denmark Women's,Emma Snerle,Janni Thomsen,37.5,63.6,88.9,72.9,52.234566,40.53641959818384,0.13493675026350999,0.10924937723102358,-0.025687373032486402,0.5534859875908992,0.3104039773695455,-0.24308201022135367,1.337958756879145,0.6796532873102936,-0.6583054695688513,7.959505219261712,6.740334694979483,0,0,0,0,1,1,0,0,0,1,1,1
3998841,3846376a-abdc-46e5-a316-8771519440fc,1,3,21,Sweden Women's,Johanna Rytting-Kaneryd,Emma Stina Blackstenius,31.7,2.4,41,10.3,12.202458,11.573730912783674,0.4879284215846973,0.3735965958091202,-0.1143318257755771,0.7779600974754735,0.9214453418536526,0.1434852443781791,1.2378012272467407,1.6637759694687664,0.4259747422220257,2.287356494770979,4.819540240668647,1,0,1,1,1,2,0,0,1,0,0,1
3998841,d5fbfbf3-7275-4183-890c-dfca712b2312,1,4,24,Denmark Women's,Stine Ballisager Pedersen,Katrine Veje,25.7,51.3,26.9,23.1,28.225521,0.35317185038653065,0.01914401641555742,0.0023057018115410443,-0.01683831460401638,0.11925952066830642,0.04120102322878971,-0.0780584974395167,0.3879352181307552,0.21785189678017935,-0.17008332135057586,12.12348417869031,20.05337237429897,0,0,0,0,0,0,0,0,1,0,0,1
3998841,a87f5b9d-1d8a-4905-ade4-4d564ce9a0ca,1,4,57,Denmark Women's,Emma Snerle,Stine Ballisager Pedersen,76.9,7.7,52.3,14.2,25.444252,-18.589495939875988,1.445693547145873,0.009636958412404669,-1.4360565887334682,2.156104610251591,0.10112028955108032,-2.0549843207005107,2.9848355085286493,0.4259701088818592,-2.5588653996467903,1.7160663811485084,15.187320853678402,2,0,3,0,3,0,0,0,1,0,0,1
3998841,38c632df-9376-4bab-8da7-cc1c9db17d92,1,5,3,Denmark Women's,Stine Ballisager Pedersen,Katrine Veje,52,20.4,51.6,13.1,7.3109508,-2.731101270672866,0.04061140959402286,0.04646865678103876,0.005857247187015899,0.23085554253652465,0.25252587768914714,0.021670335152622483,0.6684531631993278,0.7245386887246612,0.05608552552533341,10.935477194962058,10.763674912749348,0,0,0,0,0,0,0,0,1,0,0,1
3998841,589ce387-5dc8-4a1c-b3f9-8cd46746e688,1,5,6,Denmark Women's,Katrine Veje,Sara Holmgaard,57,11.5,63.1,5.5,8.556284,2.604416347462262,0.10922609871756217,0.28172977528112064,0.17250367656355847,0.40630937017114366,0.6720285496036694,0.26571917943252576,1.0070097060423657,1.253946539071483,0.2469368330291173,7.303611227869962,4.849069849504147,0,0,0,1,1,2,0,0,1,0,0,1
3998841,32afbe75-2ba5-49ca-bc3c-b9bf82e12b39,1,5,7,Denmark Women's,Sara Holmgaard,Katrine Veje,63.1,5.5,48.7,9.3,14.892951,-11.086307075126186,0.28172977528112064,0.1536986629554816,-0.12803111232563905,0.6720285496036694,0.42739732862725566,-0.24463122097641377,1.253946539071483,0.941439937251174,-0.312506601820309,4.849069849504147,5.8609876545950055,0,0,1,0,2,1,0,0,1,0,0,1
3998841,29af1b73-859d-43ed-abef-7738de74a99b,1,5,10,Denmark Women's,Katrine Veje,Maja Bay Østergaard,42.3,12.5,9.2,26.2,35.823177,-29.233145398333775,0.4690559429327646,0.004640917919897251,-0.46441502501286736,0.7821772564523629,0.04399682202800672,-0.7381804344243562,1.3103198762829034,0.18241980980002287,-1.1279000664828804,2.4029407433892347,16.16547369084525,1,0,1,0,1,0,0,0,0,0,0,0
3998841,ed167647-fec5-4777-8f09-d29c91fd48a9,1,11,33,Sweden Women's,Madelen Fatimma Maria Janogy,Jonna Ann-Charlotte Andersson,104.6,6.6,98.2,2,7.881624,-7.029789440393856,0.6298774858676777,0.11487242367357703,-0.5150050621941007,1.238965562200589,0.4525546522440744,-0.7864109099565146,2.124291642999171,1.1345346956982523,-0.9897569473009189,2.5277155077320734,8.041388086059579,1,0,1,0,2,0,0,0,1,0,0,1
3998841,94c58f05-bdff-4a0b-8b40-aba404741d46,1,11,37,Sweden Women's,Jonna Ann-Charlotte Andersson,Kosovare Asllani,98.2,2,110.9,22,23.691559,23.63959999126446,0.19672259672791495,1.0550924528240682,0.8583698560961532,0.6978970060072714,1.755945170326703,1.0580481643194317,1.565830527970869,2.7797438394264624,1.2139133114555933,7.335084149851377,1.1930122840135333,0,1,0,2,1,2,0,1,0,0,0,0
3998841,7d91cfc1-6ce2-4f67-9804-ac824e6700b7,1,11,45,Sweden Women's,Julia Zigiotti-Olme,Jonna Ann-Charlotte Andersson,99.2,3.8,102.6,1.6,4.049691,-0.40806362910652183,0.45895075266444685,0.1505476561585135,-0.30840309650593334,0.9973868757515225,0.51189679362398,-0.4854900821275425,1.83100172204353,1.2046169166716842,-0.6263848053718457,4.072897119544624,6.68323187254022,0,0,1,0,2,1,0,0,1,0,0,1
3998841,5042f424-d320-4669-8e1e-03e9854d8f6a,1,11,48,Sweden Women's,Jonna Ann-Charlotte Andersson,Linda Brigitta Sembrant,99.5,2.4,80,4.4,19.602295,-10.722392748915766,0.8124046956535086,0.08480621171161393,-0.7275984839418946,1.331700455128616,0.3247020214257063,-1.0069984337029096,2.0584650225474364,0.8594704233067935,-1.1989945992406428,1.5394139141023215,7.873101001752968,1,0,1,0,2,1,1,0,1,0,0,1
3998841,c69e4663-5fd0-4860-a40c-4debe0db88cf,1,11,51,Sweden Women's,Linda Brigitta Sembrant,Gun Nathalie Björn,76.9,4.2,57.6,20.6,25.326862,-9.31714486156168,0.08261721243170389,0.004373938233954508,-0.07824327419774939,0.29894000471385584,0.055489292674486504,-0.24345071203936935,0.7726878252567113,0.24990823100930276,-0.5227795942474085,7.75627887295518,17.85190071050769,0,0,0,0,1,0,0,0,1,0,0,1
3998841,fb89ff2a-265b-483c-8b55-12ea1ac0378b,1,11,57,Sweden Women's,Gun Nathalie Björn,Hanna Lundkvist,55.1,35.1,56.2,57.4,22.327114,-1.0454606285684633,0.07458164496338442,0.013538990681852067,-0.06104265428153235,0.2982137434650621,0.11025759961868999,-0.1879561438463721,0.6993798363355278,0.40219530951941684,-0.29718452681611096,9.891970836009031,13.793909130077125,0,0,0,0,0,0,0,0,0,0,0,0
3998841,2d8d6e0b-c69c-4c30-857a-b32b58c30d07,1,15,13,Denmark Women's,Sara Holmgaard,Pernille Mosegaard Harder,55.1,11,52.9,15.6,5.0990195,-0.3141423063680264,0.5081957276987717,0.49892402018895665,-0.009271707509815097,0.948229437147807,1.266556950437108,0.31832751328930087,1.6917203761685278,2.3015748875556383,0.6098545113871106,2.359301348277244,4.974946473804328,1,0,1,1,1,2,0,0,0,0,0,0
3998841,28191650-3e4d-4a2c-8e64-9849f28499b1,1,15,14,Denmark Women's,Pernille Mosegaard Harder,Amalie Jørgensen Vangsgaard,55.7,14.3,72.8,9.3,17.816004,12.940110546394521,1.0537386992124513,1.0810050534013949,0.02726635418894352,1.768911977545781,1.501597041036134,-0.267314936509647,2.712426088534198,2.141762449868489,-0.5706636386657089,0.9952299822074805,0.5675915612973583,1,1,1,2,3,2,0,1,0,0,0,0
3998841,3acdbc60-9e7a-404f-9e8c-43c398275c9c,1,15,20,Sweden Women's,Johanna Rytting-Kaneryd,Kosovare Asllani,63.7,71.8,78.9,65.2,16.571058,16.449635311625272,0.6755021062222686,0.2817217487006125,-0.3937803575216561,1.2493973317172749,0.7153928575078367,-0.5340044742094382,1.9908321454303053,1.428801317565279,-0.5620308278650263,2.31139042144391,4.480887644767412,1,0,1,1,2,1,0,0,1,0,0,1
3998841,6785d903-75d2-4cf3-b37d-db5b29084ffd,1,15,23,Sweden Women's,Kosovare Asllani,Madelen Fatimma Maria Janogy,92.2,65.3,91.6,53.3,12.014991,6.228954767977445,0.5176693353850159,0.24587066447431724,-0.27179867091069865,0.8974643677452179,0.7543024426381703,-0.14316192510704762,1.4514941076816217,1.5749374091525465,0.12344330147092486,2.4783474923312485,5.4890022999155565,1,0,1,0,2,1,0,0,1,0,0,1
3998841,03f1f64c-9723-491c-a210-5cf870e8b4d5,1,15,29,Denmark Women's,Frederikke Thøgersen,Sara Holmgaard,23.8,9.3,34,6.6,10.551303,8.72173330089744,1.1265378262281833,0.8770228225340543,-0.24951500369412905,1.6301487926333253,1.479285130942916,-0.15086366169040932,2.2428003849787315,2.2401873337573313,-0.002613051221400209,1.3669526564540022,1.3451923513016089,2,1,2,1,3,2,0,0,0,0,0,0
3998841,264fa7c1-84a8-4a4c-b375-2ac7d00d9ad6,1,16,3,Denmark Women's,Karen Holmgaard,Sara Holmgaard,36.4,14.8,36.2,4.3,10.5019045,-3.771965607466285,0.6501086392099699,0.3852915759902873,-0.26481706321968257,1.2007722302195958,0.8203081730790618,-0.380464057140534,1.9040807355531153,1.4582605369858848,-0.44582019856723054,2.380482073790104,3.6872845891042934,1,0,1,1,2,2,0,0,1,0,0,1
3998841,62e1cd3d-20dd-4828-94f0-4e738dfbd136,1,16,15,Sweden Women's,Linda Brigitta Sembrant,Hanna Lundkvist,35,64.1,36.2,70.8,6.8066144,-0.9304098251350439,0.10333305040841217,0.10059156868949674,-0.002741481718915431,0.3894963696525464,0.3089066004393648,-0.08058976921318162,0.8758645004175319,0.6822077283964462,-0.19365677202108578,8.915715110625262,7.059517616018924,0,0,0,0,0,1,0,0,1,0,0,1
3998841,791c80cd-293b-42b7-b273-6ef78d7260d3,1,16,19,Sweden Women's,Linda Brigitta Sembrant,Julia Zigiotti-Olme,32.9,61.7,41.4,54.6,11.075197,9.817983580477716,0.04155901452699734,0.2997920416295429,0.2582330271025456,0.22234119500009383,0.7361158976472602,0.5137747026471663,0.639214123416704,1.3431133721868407,0.7038992487701367,10.623508917607479,5.394879272636792,0,0,0,0,0,2,0,0,1,0,0,1
3998841,4b0ed7ba-2288-4602-818d-6a5bd98c3670,1,16,20,Sweden Women's,Julia Zigiotti-Olme,Hanna Lundkvist,41.4,54.6,39.1,71.4,16.956709,-6.835528483643387,0.3068744555378143,0.01634339186857873,-0.29053106366923553,0.7297554422847518,0.13560323126359652,-0.5941522110211552,1.3207267190947147,0.49389384569502615,-0.8268328733996886,4.925379465695939,13.867455854091421,0,0,1,0,2,0,0,0,1,0,1,1
3998841,cb4255a5-47c6-4296-b8bd-2384d4c60626,1,16,22,Sweden Women's,Hanna Lundkvist,Ingrid Filippa Angeldal,39.1,71.4,44.5,73.9,5.95063,4.018544756078484,0.01634339186857873,0.0515241163610444,0.03518072449246567,0.13560323126359652,0.24961819050066156,0.11401495923706503,0.49389384569502615,0.6863700658609829,0.19247622016595678,13.867455854091421,9.835699154806267,0,0,0,0,0,0,0,0,1,0,1,1
3998841,2eaa6fb8-7e65-4035-a040-4ffa2b40ff35,1,16,38,Denmark Women's,Sara Holmgaard,Karen Holmgaard,25.9,5.6,35.4,13.4,12.291867,11.507411634794934,0.34562667391162794,0.15482986297982018,-0.19079681093180775,0.6779253143542288,0.5279914906874857,-0.14993382366674302,1.1394131171644677,1.1926463699545005,0.05323325279003277,3.502980117882944,6.514524239509008,0,0,1,0,1,1,0,0,1,0,0,1
3998841,5609e599-5576-41c3-a83b-e96698382495,1,16,42,Denmark Women's,Karen Holmgaard,Frederikke Thøgersen,40.1,28.7,42.3,73,44.354595,-3.722250855425443,0.40923383002041575,0.000583518223957565,-0.40865031179645817,0.9205325298924125,0.01917220559037348,-0.901360324302039,1.7207479533434578,0.14781503176210933,-1.5729329215813483,3.459557195830094,24.063785721849577,0,0,1,0,1,0,0,0,1,0,0,1
3998841,2d71c1d7-a269-4923-8087-ce5c599343b5,1,16,46,Denmark Women's,Frederikke Thøgersen,Emma Skou Færge,42.3,73,37.5,65.7,8.736704,-1.9929442765863143,0.0009046116535103538,0.002398279196335022,0.0014936675428246682,0.023890290209779834,0.037392438117208236,0.013502147907428402,0.16901688406065618,0.20755511257654471,0.038538228515888534,23.247022630033893,18.623831176367887,0,0,0,0,0,0,0,0,1,0,0,1
3998841,48ee5705-5d10-4426-bb37-a952b51b55a8,1,16,53,Denmark Women's,Stine Ballisager Pedersen,Katrine Veje,38.1,51.6,40.1,30.2,21.493256,2.2186527466645174,0.040775555068013905,0.015557199863272293,-0.02521835520474161,0.20547306994949951,0.14410841557012877,-0.06136465437937075,0.6114122947095822,0.5401916455337016,-0.07122064917588067,10.07101859764423,15.00050130190522,0,0,0,0,0,0,0,0,1,0,0,1
3998841,b898b820-0428-4ead-88a3-31645bec83fa,1,16,57,Denmark Women's,Katrine Veje,Stine Ballisager Pedersen,40.1,30.2,28.8,47.5,20.663494,-11.009110759743578,0.13042851783612017,0.0511116232338338,-0.07931689460228636,0.4709879074990478,0.21791835165723386,-0.2530695558418139,1.0979779681995663,0.595172771845197,-0.5028051963543693,7.562239835859494,9.247266486302905,0,0,0,0,1,0,0,0,1,0,0,1
3998841,0685a63e-e126-41e6-b2d8-cc7c3e397fbf,1,17,9,Denmark Women's,Katrine Veje,Emma Skou Færge,23.7,28,30.3,66,38.5689,3.652653187054625,0.8121016188797638,0.006676306709743472,-0.8054253121700203,1.215541484783177,0.077881385815359,-1.1376600989678178,1.7973154187577196,0.3516506644800785,-1.445664754277641,1.0613024159343902,16.23172374476176,1,0,1,0,2,0,0,0,0,0,0,0
3998841,8f52a6ae-f721-45e4-8bac-58b4c2a8a835,1,18,23,Denmark Women's,Karen Holmgaard,Frederikke Thøgersen,81,74,84.6,78.5,5.7628117,-0.5614139338451167,1.0440763975291327,0.7238281907771466,-0.3202482067519862,1.6824772187300716,1.3813305802468476,-0.301146638483224,2.5656669592455548,2.271368405793797,-0.2942985534517577,1.9645571175524585,2.660203234101245,2,1,2,2,2,2,0,0,1,0,0,1
3998841,4bbdf5f8-4d66-4e18-870b-944ec8eeb414,1,18,26,Denmark Women's,Frederikke Thøgersen,Emma Skou Færge,78.4,78.5,56.6,76.6,21.88264,-16.524355801614128,0.5659681256898882,0.023727584748925157,-0.5422405409409631,1.2148874338789828,0.1564079424185205,-1.0584794914604623,2.09786308139322,0.5359005856197413,-1.5619624957734786,3.585603834447024,11.889807478841995,0,0,1,0,3,0,0,0,1,0,0,1
3998841,c3b8959c-04e9-4282-9292-cb7e8d5a8da1,1,18,28,Denmark Women's,Emma Skou Færge,Stine Ballisager Pedersen,56.6,76.6,52.3,51.6,25.367105,4.519403545129705,0.09324412701426342,0.017108069735342648,-0.07613605727892077,0.33082943840133366,0.1434867885759258,-0.18734264982540785,0.7926780618745312,0.5083412981879756,-0.2843367636865556,7.6369715978474595,14.669370338064349,0,0,0,0,1,0,0,0,1,0,0,1
3998841,02c83305-5ca4-4bce-b107-b32faeefac8e,1,18,31,Denmark Women's,Stine Ballisager Pedersen,Katrine Veje,53.3,50,54.3,30.2,19.825237,1.0185823563474088,0.0550640164379219,0.02837319372750201,-0.02669082271041989,0.2804722986282994,0.17109032231747567,-0.10938197631082375,0.7615023396154013,0.5253867169052775,-0.23611562271012376,11.011685222088303,11.583533564496532,0,0,0,0,0,0,0,0,1,0,0,1
3998841,15061582-95ad-40e6-8480-ff09fae72c85,1,18,34,Denmark Women's,Katrine Veje,Stine Ballisager Pedersen,54.3,33.1,45.4,45.7,15.426276,-8.756109353533333,0.1814074725701492,0.046088217358307676,-0.13531925521184152,0.5701041995846914,0.22808310329247983,-0.34202109629221156,1.1955933174481246,0.6325786103440358,-0.5630147071040887,6.931965698616446,10.107386056588703,0,0,0,0,1,0,0,0,0,0,0,0
3998841,f57974ed-e713-4273-a331-ec326863ad29,1,18,53,Sweden Women's,Ingrid Filippa Angeldal,Hanna Lundkvist,34.9,70.8,37.2,77.9,7.4632435,-0.5595822895004829,0.5560994133077882,0.21007824390459998,-0.3460211694031883,0.9321364476963676,0.504533919176733,-0.42760252851963465,1.507540333812994,1.0309284407744206,-0.47661189303857343,2.088913236844575,4.855026504901839,1,0,1,1,1,1,1,0,0,0,0,0
3998841,f408d745-50f4-4b4a-913b-9680afeba9f5,1,18,58,Denmark Women's,Pernille Mosegaard Harder,Karen Holmgaard,74.2,5.2,69.5,23.9,19.281597,4.516787108648529,1.0998628515606603,0.4029990595277709,-0.6968637920328895,1.7148149714025274,0.963645239784386,-0.7511697316181414,2.4624051446068047,1.880384177085253,-0.5820209675215517,0.974831364070917,3.602151375348775,1,0,2,1,3,1,0,0,1,0,0,1
3998841,b5d507fb-8697-4eac-9af6-023d1d6d6324,1,19,2,Denmark Women's,Karen Holmgaard,Frederikke Thøgersen,70.5,29.4,67.3,54.8,25.60078,-4.116514815816487,0.7628663517683638,0.05984859580187968,-0.7030177559664841,1.336597532290536,0.27276285134409495,-1.063834680946441,2.2965609332809596,0.7859970095251482,-1.5105639237558113,1.405992653422504,9.023710074626177,1,0,1,0,1,0,1,0,1,0,0,1
3998841,679c9292-c469-4bdc-b8a2-e75eafc58f35,1,19,5,Denmark Women's,Frederikke Thøgersen,Emma Skou Færge,67.3,54.8,55.6,50.3,12.535549,-10.479735841432863,0.226653531855223,0.0738592222116256,-0.15279430964359741,0.585179707861453,0.28610045962587366,-0.29907924823557935,1.1941868368052815,0.7347231251209679,-0.45946371168431355,5.184322227620792,8.345367472893928,0,0,0,0,1,0,0,0,1,0,0,1
3998841,843450a3-7ba2-4705-9457-602ec82d032c,1,19,7,Denmark Women's,Emma Skou Færge,Stine Ballisager Pedersen,55.6,50.3,51.1,34.7,16.23607,-3.8850665187107296,0.1704709479168748,0.02108510503996997,-0.14938584287690485,0.45829114289589634,0.16189696016696872,-0.2963941827289276,0.9700829767091721,0.5729679025642388,-0.3971150741449333,5.687206475249525,13.409085098832657,0,0,0,0,1,0,0,0,1,0,0,1
3998841,114e0425-08df-4db8-b4b8-a8f7a136d729,1,19,9,Denmark Women's,Stine Ballisager Pedersen,Katrine Veje,51.1,34.7,56.1,20.4,15.148928,2.26515832130913,0.032787196981156445,0.018391837567704395,-0.01439535941345205,0.20726089083974558,0.14872034955928015,-0.05854054128046543,0.660369525400864,0.5306533788988794,-0.1297161465019846,12.406328203339827,14.424725153137977,0,0,0,0,0,0,0,0,1,0,0,1
3998841,970a8ac2-f06e-435c-9d44-86ed78b7f9fa,1,19,11,Denmark Women's,Katrine Veje,Emma Snerle,56.1,20.4,66.3,29.4,13.602941,12.102201702069003,0.05876867762487141,0.5420799150939702,0.4833112374690988,0.29268039659578926,1.1623709539442826,0.8696905573484933,0.8141280376154171,2.117866894992752,1.303738857377335,10.568890762223793,2.7823688435512506,0,1,0,1,0,1,0,0,1,0,0,1
3998841,6b38c60e-bae5-4e7b-a5a1-1caf127be232,1,19,13,Denmark Women's,Emma Snerle,Frederikke Thøgersen,67.1,30.6,85.2,74,47.02308,5.076434883188632,1.1902741091892939,0.0451254382697553,-1.1451486709195386,1.7670355148962422,0.20155787564731578,-1.5654776392489265,2.7124618084922725,0.5814290439272374,-2.131032764565035,0.2953385151393631,9.55264282477112,1,0,1,0,2,0,1,0,1,0,0,1
3998841,9cb65230-e72d-422a-ab7f-4dd80cf70788,1,20,19,Sweden Women's,Johanna Rytting-Kaneryd,Hanna Lundkvist,21.6,71.4,15,67.7,7.566373,-5.303783041110364,0.764062580362885,0.544366855897133,-0.21969572446575203,1.0602474586074526,0.94945978165814,-0.11078767694931257,1.5204572093576203,1.4735728004166204,-0.04688440894099988,1.0320398370984714,2.6012400670861187,1,1,1,1,1,2,0,1,0,0,0,0
3998841,cdcbe1ad-7cbd-49aa-9437-874a0c1cd18a,1,21,12,Sweden Women's,Ingrid Filippa Angeldal,Julia Zigiotti-Olme,7.8,2.5,14.7,20.2,18.997368,11.155476763522273,0.8901157939074987,0.08524588024842591,-0.8048699136590728,1.0568733572897062,0.3675302721973863,-0.6893430850923199,1.366198484135564,0.9226439605924927,-0.44355452354307146,0.4229318419770435,8.52383048747126,1,0,1,0,1,0,0,0,1,0,0,1
3998841,27a69c4d-c79c-4252-9a95-15a81f39975b,1,21,18,Sweden Women's,Julia Zigiotti-Olme,Hanna Lundkvist,28.1,22.4,36.9,55.6,34.34647,9.018552234688471,0.03836192641111354,0.004215453480622161,-0.034146472930491376,0.211182684299518,0.046608908985198996,-0.164573775314319,0.6138937891262192,0.19524002447305971,-0.41865376465315945,10.621369536886277,16.892243978207834,0,0,0,0,0,0,0,0,1,0,0,1
3998841,6feb3c73-6afd-43d9-aee1-62a7674e85e1,1,21,23,Sweden Women's,Hanna Lundkvist,Emma Stina Blackstenius,50.7,59,83.9,55.5,33.38398,32.57053479805547,0.09028487249097913,0.6998667282838409,0.6095818557928617,0.3655375634769547,1.2516110452811422,0.8860734818041875,0.9601760843045629,2.101315571841245,1.141139487536682,8.003492706020216,1.8542959771691268,0,1,0,1,0,2,0,0,1,0,0,1
3998841,5e5e62e8-e30f-4211-899c-dac76a94c180,1,21,25,Sweden Women's,Emma Stina Blackstenius,Hanna Lundkvist,83.9,55.5,65.2,65.3,21.112318,-21.071453075701633,0.6998667282838409,0.5240856229388885,-0.1757811053449524,1.2516110452811422,0.9543603246058391,-0.2972507206753031,2.101315571841245,1.6238991191696532,-0.47741645267159183,1.8542959771691268,2.3858791309631924,1,1,1,1,2,1,0,0,1,0,0,1
3998841,f7975889-7b7f-4c6b-b035-1fa1e9ee5944,1,21,28,Sweden Women's,Hanna Lundkvist,Johanna Rytting-Kaneryd,65.2,65.3,70,76.3,12.001667,-1.4291117098156363,0.5240856229388885,0.5963176414754634,0.0722320185365749,0.9543603246058391,1.0933900274276918,0.13902970282185267,1.6238991191696532,1.7621626409457296,0.13826352177607637,2.3858791309631924,2.8959072108285873,1,1,1,1,1,2,0,0,1,0,0,1
3998841,843edf11-817b-48f8-8e3e-bebf81b715ef,1,21,29,Sweden Women's,Johanna Rytting-Kaneryd,Kosovare Asllani,70,76.3,69,64.1,12.240915,5.379923316650007,0.7131828744514944,0.8256784554364726,0.11249558098497814,1.207197442639146,1.4258717891765567,0.21867434653741058,1.857079104525221,2.2788663301136793,0.42178722558845827,2.3604191226070466,1.632959700502295,1,1,2,1,2,3,0,1,1,0,0,1
3998841,0bfb53ce-48e1-41df-bee7-b41299822915,1,21,37,Sweden Women's,Linda Brigitta Sembrant,Gun Nathalie Björn,42.2,32.9,42,49.2,16.301228,-0.41739010968416324,0.0338480720991167,0.02709170359668133,-0.00675636850243537,0.19030828524066543,0.1586452342039718,-0.03166305103669362,0.5676860164593536,0.4857860630508877,-0.0818999534084659,11.15529893064833,11.587369393655003,0,0,0,0,0,0,0,0,1,0,0,1
3998841,0e3dfd55-cae7-4194-9b37-43b1aee4a2ca,1,21,39,Sweden Women's,Gun Nathalie Björn,Ingrid Filippa Angeldal,44.5,50.9,48.4,8.6,42.47941,-1.8998433085234012,0.052933987705669414,0.001778582640809466,-0.051155405064859945,0.24230894370354217,0.03363249345226426,-0.2086764502512779,0.637623510321957,0.19291329005195096,-0.444710220270006,9.87501000810787,20.686851152187806,0,0,0,0,0,0,0,0,1,0,0,1
3998841,7c65c0a6-a2b4-465f-b900-c525b0da528d,1,21,43,Sweden Women's,Ingrid Filippa Angeldal,Jonna Ann-Charlotte Andersson,56.5,9.3,77.9,2.8,22.365376,14.351324147504606,0.02243310847118663,0.017852721980293362,-0.004580386490893269,0.14666265055988903,0.13284551403216135,-0.013817136527727675,0.4750972394468665,0.4762215181931534,0.0011242787462868997,12.149218159540055,12.994771894590288,0,0,0,0,0,0,0,0,1,0,0,1
3998841,571ac685-aaa4-4658-83cc-3534009ca531,1,21,47,Sweden Women's,Jonna Ann-Charlotte Andersson,Ingrid Filippa Angeldal,83.7,3,78.4,4.9,5.6302752,-2.5962052193304856,0.09093422428737662,0.06837608660582749,-0.02255813768154913,0.3272438826774153,0.327610495995234,0.0003666133178187314,0.8196210183058886,0.8960394778005564,0.07641845949466775,7.564075327679139,10.066594836654831,0,0,0,0,1,0,0,0,1,0,0,1
3998841,08adb065-a86d-4625-8629-9b8e593160ba,1,21,51,Sweden Women's,Ingrid Filippa Angeldal,Jonna Ann-Charlotte Andersson,84.8,10.3,99.1,4.4,15.469324,4.7741331525343895,0.5889296646331933,0.039350209508454914,-0.5495794551247384,1.1870759996968363,0.24124674556874906,-0.9458292541280873,2.0191037488811268,0.7573908387997185,-1.2617129100814082,2.948036415566402,11.99330645452999,1,0,1,0,3,0,0,0,0,0,0,0
3998841,3566bd73-0649-433d-84c8-16f3d2a79d66,1,22,8,Sweden Women's,Gun Nathalie Björn,Julia Zigiotti-Olme,70.5,62.2,77.9,58,8.508819,8.46368337225207,0.016637917626791805,0.3314977444782379,0.3148598268514461,0.11610203797309859,0.842933918819529,0.7268318808464304,0.42309395136283073,1.5818001095071352,1.1587061581443046,12.615164348161873,5.702840164973624,0,0,0,0,0,2,0,0,1,0,0,1
3998841,fc7876d2-5a94-4575-9bd0-f340e2a5d684,1,22,10,Sweden Women's,Julia Zigiotti-Olme,Hanna Lundkvist,75.7,59.3,80.2,76.3,17.585505,-5.546077556078373,0.5708091981751655,0.006383039134513065,-0.5644261590406524,1.07128260105828,0.0807979014699832,-0.9904846995882969,1.728856711742883,0.3753542753644674,-1.3535024363784156,3.118267976734386,16.69852744466461,0,0,1,0,2,0,0,0,0,0,0,0
3998841,2a11727b-dbcc-461a-86f0-6198d420c4fa,1,23,10,Sweden Women's,Johanna Rytting-Kaneryd,Hanna Lundkvist,115.3,76.5,107.8,76.8,7.5059977,-1.9682170299704183,0.4456744864777278,0.20240798366166324,-0.24326650281606454,0.7404251762093951,0.5745847422219357,-0.1658404339874594,1.2142184018426283,1.1666986431060211,-0.04751975873660719,2.572674167292935,6.471478768246285,1,0,1,0,1,2,0,0,1,0,0,1
3998841,29f18fd6-c12d-4bc8-a504-de7d64574f06,1,23,12,Sweden Women's,Hanna Lundkvist,Ingrid Filippa Angeldal,107.8,76.8,101.5,68,10.822661,5.209927311441604,0.273140872308069,0.349502110309629,0.07636123800156003,0.7053287931091402,0.8645872660842797,0.1592584729751395,1.3333729162597487,1.686676847530801,0.3533039312710522,6.101235881062321,4.238736440221632,0,0,0,1,2,1,0,0,1,0,0,1
3998841,a5abc358-49a8-43bf-b170-7fc9065758bd,1,23,16,Sweden Women's,Ingrid Filippa Angeldal,Julia Zigiotti-Olme,98.2,54.6,91.3,39.1,16.966438,-2.476730112950264,0.8139175884994742,0.772596660863838,-0.04132092763563611,1.5832912150647622,1.3957104206597062,-0.18758079440505604,2.675452778220628,2.435480269683509,-0.23997250853711893,2.5361219830660495,1.7567147358692918,1,1,2,1,3,2,0,1,1,0,0,1
3998841,7c1b9ef8-c47b-4d38-9a3f-2f911e577cbd,1,23,17,Sweden Women's,Julia Zigiotti-Olme,Jonna Ann-Charlotte Andersson,92.2,37.7,94.6,24.3,13.613229,-1.9655274103322533,0.7725978873978688,0.2285209911612922,-0.5440768962365766,1.3957116314503857,0.6691355814014528,-0.7265760500489329,2.4354814878837594,1.5046244850600974,-0.930857002823662,1.7567095649922135,5.331849122980544,1,0,1,0,2,1,1,0,1,0,0,1
3998841,9acd77ea-f50f-47e7-be15-8f56c0272eab,1,23,45,Sweden Women's,Linda Brigitta Sembrant,Ingrid Filippa Angeldal,53.9,42.8,63.7,64.5,23.810291,4.759440371789459,0.09435957278679258,0.029024113541578793,-0.06533545924521378,0.3423479280014983,0.17132394180807586,-0.17102398619342246,0.7979946610650416,0.5164577899754663,-0.28153687108957526,8.268435644904972,12.013434414148595,0,0,0,0,0,0,0,0,1,0,0,1
3998841,33d637d8-9270-49bd-aca9-53d608600e8f,1,23,54,Sweden Women's,Ingrid Filippa Angeldal,Gun Nathalie Björn,85.7,75.9,66.2,67.6,21.192923,-10.814732181298268,0.4821933090147601,0.006195257706017255,-0.47599805130874284,0.7803187561070771,0.07095107019264943,-0.7093676859144277,1.2965102939046202,0.3198940296700458,-0.9766162642345744,2.3210193905734156,16.402548025035408,1,0,1,0,1,0,1,0,1,0,0,1
3998841,0e0de41a-ee32-4628-8cff-f8845323f6fc,1,23,58,Sweden Women's,Gun Nathalie Björn,Linda Brigitta Sembrant,64.8,64.1,57,37.1,28.104092,-2.8350745061845615,0.009964657177694954,0.003712497720447737,-0.006252159457247218,0.09743205107044069,0.05092448219753495,-0.04650756887290574,0.3969657965459964,0.278164694272391,-0.11880110227360541,15.384969486751793,17.1959404587415,0,0,0,0,0,0,0,0,1,0,0,1
3998841,9f55b3f9-0b09-42c9-8464-76de05653720,1,24,1,Sweden Women's,Linda Brigitta Sembrant,Gun Nathalie Björn,62.7,37.7,58,56.4,19.281597,-6.786221144940072,0.1053036853684212,0.04631774858200327,-0.058985936786417933,0.3095337687885933,0.23516495177153615,-0.07436881701705714,0.7315756265566429,0.6777340777476147,-0.05384154880902814,6.840672772510076,11.200386990020997,0,0,0,0,1,0,0,0,1,0,0,1
3998841,6b1700bc-ffa6-4ec5-9ec1-7b700f31c830,1,24,4,Sweden Women's,Gun Nathalie Björn,Ingrid Filippa Angeldal,63.7,58.4,77.4,70.8,18.478365,6.662430883540949,0.04957936813252676,0.042461882909584386,-0.007117485222942373,0.2457712018398115,0.24286346796799108,-0.002907733871820417,0.6961380474996635,0.7319967503444617,0.035858702844798196,10.80480394421229,11.50927884504446,0,0,0,0,0,0,0,0,0,0,0,0
3998841,d83d10a3-c55d-4a9c-84bb-fd591685412c,1,24,7,Sweden Women's,Ingrid Filippa Angeldal,Johanna Rytting-Kaneryd,84.4,72.1,98.7,76.9,15.084098,5.328722681030968,0.5298452372764455,0.37662485851553745,-0.15322037876090805,0.86514650841773,0.6417611032293159,-0.2233854051884141,1.4604630158006964,1.0674604319703567,-0.3930025838303397,2.07249400673612,3.0169126956172105,1,0,1,1,1,1,0,1,0,0,0,0
3998841,8c5475ba-63d4-4539-bc92-88c3545b5fe7,1,24,19,Sweden Women's,Kosovare Asllani,Johanna Rytting-Kaneryd,102.8,71.3,107.4,76.3,6.794115,-2.7100386382875925,1.154308365005516,0.6175604369110655,-0.5367479280944504,1.7375676906601996,1.0982390954393466,-0.639328595220853,2.4935962609633266,1.7328836836837571,-0.7607125772795695,0.6783019017462198,2.2912242470072863,1,1,2,1,4,2,1,0,1,0,0,1
3998841,777ddb9f-9f24-4498-a29e-24e831bbad50,1,24,25,Sweden Women's,Hanna Lundkvist,Gun Nathalie Björn,85.1,76.5,63.7,76.8,21.402103,-16.760067507979812,0.2517104768896663,0.06444172179579387,-0.18726875509387242,0.6938938948464126,0.24999375638527926,-0.44390013846113335,1.4424796520453633,0.630810677436845,-0.8116689746085183,4.948941827349644,8.511385132655763,0,0,1,0,1,0,0,0,1,0,0,1
3998841,5266272c-81ad-4895-aa74-3c372b58a8c0,1,24,28,Sweden Women's,Gun Nathalie Björn,Emma Stina Blackstenius,64.8,75.9,103.2,58.4,42.199646,40.93131313754469,0.7696924693041374,1.3389035916210617,0.5692111223169243,0.987280368505353,1.7425695856561945,0.7552892171508415,1.3512872338453197,2.3843468169858495,1.0330595831405298,0.8764709882242017,0.32172464826419267,1,2,1,2,1,2,0,1,1,0,0,1
3998841,ed616bfa-a434-4b5c-b976-9d226779926d,1,24,33,Sweden Women's,Emma Stina Blackstenius,Hanna Lundkvist,97.7,65.3,92.7,74.1,10.121264,-9.956739129252412,0.35053960552286917,0.04302478799895897,-0.3075148175239102,0.9612538008853765,0.25601612477200614,-0.7052376761133703,1.8372095639914914,0.7777923368710133,-1.059417227120478,5.478018830724197,10.948702493155002,0,0,0,0,3,0,0,0,1,0,0,1
3998841,43c78679-b236-4406-92ad-e0e8d56f4b6f,1,24,36,Sweden Women's,Hanna Lundkvist,Ingrid Filippa Angeldal,98.2,74.1,92.7,64.9,10.718676,3.522864222260992,0.16758225053615572,0.2651878054376391,0.09760555490148337,0.4995113063654355,0.7198294305896966,0.2203181242242611,1.0711308023715118,1.4493191737336277,0.3781883713621159,6.118990804725675,5.316649787916298,0,0,0,0,1,1,0,0,1,0,0,1
3998841,1fa374d9-659c-4066-81ca-975e89df7fce,1,24,39,Sweden Women's,Ingrid Filippa Angeldal,Hanna Lundkvist,98.5,65.2,117.4,64.3,18.921417,8.686669102785157,0.625624733634738,0.4474068236893965,-0.17821790994534153,1.1318722325109902,0.8642213782505908,-0.2676508542603995,1.8180556150648541,1.5314428188019948,-0.2866127962628593,2.334954085948146,2.911880547110893,1,1,1,1,2,1,0,0,1,0,0,1
3998841,cb10ee4a-99c0-41ab-b31e-4f3cd6780afd,1,24,41,Sweden Women's,Hanna Lundkvist,Jonna Ann-Charlotte Andersson,117.4,64.3,103.8,2.1,63.66946,-16.778409278758463,0.4474068236893965,0.0537684041956582,-0.3936384194937383,0.8642213782505908,0.20120340597512615,-0.6630179722754646,1.5314428188019948,0.5188650065979805,-1.0125778122040143,2.911880547110893,8.885910029217992,1,0,1,0,1,0,0,0,1,0,1,1
3998841,8c4bb33a-6177-4cae-95ad-7e0647bd09a2,1,24,47,Sweden Women's,Jonna Ann-Charlotte Andersson,Julia Zigiotti-Olme,103.8,2.1,92.2,10.7,14.440222,0.8273816819548472,0.11894536271428886,0.0512616313196188,-0.06768373139467007,0.3176139844487684,0.2765278203397411,-0.04108616410902732,0.6633101666617841,0.7920767352189774,0.12876656855719326,6.498250634961982,11.744017264511935,0,0,0,0,1,0,0,0,1,1,1,1
3998841,ae257161-20b5-4ddb-a006-cb914c548471,1,24,50,Sweden Women's,Julia Zigiotti-Olme,Ingrid Filippa Angeldal,92.2,12.6,92,38.1,25.500784,10.968928852339449,0.31058495214685855,0.13365749028436164,-0.17692746186249692,0.7729482211631932,0.5801888042604576,-0.19275941690273557,1.456232008622712,1.5174315278528316,0.06119951923011957,5.820957517622779,7.57976190575317,0,0,0,0,2,1,0,0,1,1,1,1
3998841,e0c86193-2922-4516-814c-882f7e43df8f,1,27,3,Denmark Women's,Emma Snerle,Katrine Veje,56,11.2,53.5,4.3,7.3389373,-5.295272349154359,0.49928805729931575,0.15405374678224917,-0.34523431051706654,0.9103559941016264,0.46777460576245705,-0.4425813883391693,1.504451190015701,0.9956573082949333,-0.5087938817207677,2.539571141477419,6.3653306302635295,1,0,1,0,1,1,0,0,0,0,0,0
3998841,fc5550a2-b4a1-4b08-a9fa-f90fb873aad0,1,27,24,Sweden Women's,Ingrid Filippa Angeldal,Emma Stina Blackstenius,56.9,67,112.8,32.2,65.84717,58.01880015236455,0.21521715454224208,1.3183280373536843,1.1031108828114422,0.56838130657443,1.9701749328820746,1.4017936263076445,1.1886690574733636,2.7392798517788552,1.5506107943054916,5.10126091015913,0.7946519143643539,0,1,0,3,1,4,0,1,0,0,0,0
3998841,9e6ee449-0cba-4296-86a6-1da649e2ebd3,1,28,52,Denmark Women's,Karen Holmgaard,Amalie Jørgensen Vangsgaard,65,48.4,73.2,49.5,8.273452,7.883280734150752,1.308020644162282,1.7367071114907418,0.42868646732845983,2.463625290334564,2.7924282917993866,0.32880300146482266,3.8857055393820064,4.010765133846425,0.1250595944644184,1.3525574367480757,0.587189416621548,1,1,2,3,4,6,0,0,0,0,0,0
3998841,09871850-d2c1-474a-a1c3-d1450d825862,1,30,13,Denmark Women's,Sara Holmgaard,Amalie Jørgensen Vangsgaard,17.3,6.9,46.8,11.7,29.887957,29.42214572457496,0.7399837542854718,1.117030176107189,0.3770464218217172,1.3352255633623398,1.4735825917803682,0.13835702841802844,2.0255387353644374,1.9229733452401714,-0.10256539012426602,3.2222491597430194,0.7963348378359664,0,1,2,2,2,2,0,0,1,0,0,1
3998841,f69ff02b-83a1-4a56-b0b4-851e7d1da4f8,1,30,23,Sweden Women's,Ingrid Filippa Angeldal,Hanna Lundkvist,78.4,46.3,77.5,61.7,15.426276,-5.645049120487819,0.8975629988589849,0.09340020634646087,-0.8041627925125241,1.3986557380236913,0.382452000171064,-1.0162037378526272,2.210343897003923,0.9937591431187829,-1.2165847538851402,1.0189830149643182,9.128031226141884,1,0,1,0,2,0,0,0,1,0,0,1
3998841,1cc8534c-18ba-4aa9-ac2a-1ac109eb98cb,1,30,26,Sweden Women's,Hanna Lundkvist,Kosovare Asllani,86.1,58.3,95.8,57,9.786726,8.949705303142668,0.291085238668829,0.41309240696320765,0.12200716829437863,0.7560983658612596,1.045238898704946,0.28914053284368635,1.5700755914074922,2.0595212676927894,0.4894456762852972,4.75510613322365,4.37462759011653,0,0,1,1,1,2,0,0,1,0,0,1
3998841,affe5737-1007-41c8-b784-796f1f3671f1,1,30,28,Sweden Women's,Kosovare Asllani,Johanna Rytting-Kaneryd,99.1,59.3,110.1,74.5,18.76273,-7.444140478460081,0.4113110312867221,0.073817528690984,-0.33749350259573807,0.9367803533147177,0.25578843139884827,-0.6809919219158693,1.7287534079707454,0.6302646986263607,-1.0984887093443847,3.7115779990725026,8.022589586368781,0,0,1,0,1,0,0,0,1,0,0,1
3998841,d8781c7a-e17c-407c-8625-5180d647194c,1,30,31,Sweden Women's,Johanna Rytting-Kaneryd,Hanna Lundkvist,107,74.1,95.7,73.7,11.307077,-5.053350311740537,0.5602610218559193,0.11958816644496185,-0.44067285541095746,0.8362414366974972,0.44905701067763265,-0.3871844260198645,1.2839830226938702,1.0472892805426215,-0.23669374215124872,1.8923606740122125,8.232449096985919,1,0,1,0,1,0,0,0,0,0,0,0
3998841,399f13b1-f435-4228-8b77-49d05b861adf,1,30,38,Denmark Women's,Amalie Jørgensen Vangsgaard,Sara Holmgaard,22.8,22.5,32.2,4.3,20.48414,3.982366169634517,0.6703509423254652,0.628777920073283,-0.04157302225218218,1.045130158669232,1.0601587198017945,0.015028561132562457,1.7082503563898053,1.6896623003916627,-0.018588055998142616,1.432697317719871,2.0536244765443534,1,1,1,1,1,2,0,0,1,0,0,1
3998841,d7cf1e06-fe27-4caf-a91f-e288c721f555,1,30,42,Denmark Women's,Sara Holmgaard,Karen Holmgaard,26.2,5.9,28.5,24.1,18.344753,6.934860806531688,1.0064119699523189,0.2892926723653785,-0.7171192975869404,1.5248194503978942,0.8935564315482425,-0.6312630188496517,2.1567263948671442,1.8302343985960585,-0.3264919962710857,1.1545449019128406,5.447471269549914,1,0,2,0,2,1,1,0,1,0,0,1
3998841,12b6fd8d-96d8-4113-89b2-a461d640f360,1,30,45,Denmark Women's,Karen Holmgaard,Frederikke Thøgersen,29.3,28.3,38.5,70.2,42.898136,4.536098554790243,0.5445515099627056,0.0034727521151099233,-0.5410787578475957,1.1181681084052661,0.052956289025070095,-1.065211819380196,1.9627345402037855,0.2698923509148621,-1.6928421892889234,2.7195310745308086,18.9308946452136,1,0,1,0,2,0,0,0,1,0,0,1
3998841,ee3bae4e-b04f-4d58-bdfb-28b702c9e115,1,30,50,Denmark Women's,Frederikke Thøgersen,Emma Skou Færge,40.5,72.6,34.8,67.8,7.4518456,-3.696312970743236,0.005911639506919148,0.007084547116326921,0.0011729076094077733,0.06853321257315426,0.06932741977798501,0.0007942072048307547,0.31245269423844174,0.30057586953956283,-0.011876824698878907,16.97781730069295,15.405628728344634,0,0,0,0,0,0,0,0,1,0,0,1
3998841,aab29332-d2c8-43dc-bd3e-7939e31c8f49,1,30,52,Denmark Women's,Emma Skou Færge,Stine Ballisager Pedersen,34.8,67.8,28.5,53,16.085087,-2.7981268274668167,0.015388328928662872,0.010504646816431276,-0.004883682112231596,0.11041267656345301,0.09917570277689823,-0.011236973786554777,0.399350540815009,0.40357835129258146,0.00422781047757248,13.08396449318268,14.735087944551692,0,0,0,0,0,0,0,0,1,0,0,1
3998841,1882849b-19ed-4171-a027-8cd956772f31,1,30,56,Denmark Women's,Stine Ballisager Pedersen,Emma Skou Færge,33,47.9,36.1,66,18.36355,-0.47832631009063675,0.11838964463840143,0.044896550793567865,-0.07349309384483357,0.3814134040350974,0.19443980556574353,-0.18697359846935385,0.8817006014932179,0.5306001666248251,-0.3511004348683928,6.864410206990584,9.551188773418092,0,0,0,0,1,0,0,0,1,0,0,1
3998841,ee9be892-72ae-40d1-981d-c325f88ba724,1,30,59,Denmark Women's,Emma Skou Færge,Frederikke Thøgersen,40.1,67.8,50.6,77.1,14.026403,5.90401302686746,0.5436032736525535,0.006543405891172722,-0.5370598677613807,0.755492374065746,0.07876124309154722,-0.6767311309741988,1.0980127873670704,0.35143326386250917,-0.7465795235045612,1.8584795543115677,17.33186292797087,1,0,1,0,1,0,0,0,1,0,0,1
3998841,3e620179-71c0-4919-b56f-1e1ff791dcab,1,31,5,Denmark Women's,Frederikke Thøgersen,Emma Skou Færge,49.8,77.1,36.4,76.6,13.409325,-11.860158648466168,0.21500314460682934,0.07213286146569083,-0.14287028314113853,0.5978533129658765,0.26105358986719024,-0.3367997230986863,1.1976125567706961,0.627674406499979,-0.5699381502707171,5.589241080237471,8.207575754300812,0,0,0,0,1,0,0,0,1,0,0,1
3998841,da6ae94b-2d6e-4545-b1bf-d3b2f21c4387,1,31,7,Denmark Women's,Emma Skou Færge,Maja Bay Østergaard,36.4,76.6,12.8,53.6,32.953907,-16.79851761341621,0.15693943993947876,0.011587628223424655,-0.1453518117160541,0.41121073817659864,0.07186250533014138,-0.33934823284645727,0.8093604151033373,0.22720091193841996,-0.5821595031649174,5.869138758731054,13.382465069717234,0,0,0,0,1,0,0,0,0,0,0,0
3998841,a724da7a-ebd7-4635-9588-db4cd7520a36,1,31,11,Denmark Women's,Maja Bay Østergaard,Stine Ballisager Pedersen,14.2,48.6,20,35.1,14.693195,6.028973923241153,0.014478806090438083,0.0032889965137708316,-0.01118980957666725,0.08268297352151756,0.04107563436541184,-0.04160733915610572,0.2453201552502784,0.18780534012967925,-0.05751481512059914,12.720010038482233,17.502451390070817,0,0,0,0,0,0,0,0,1,0,0,1
3998841,c5b2b134-9ae0-4bbf-b62e-384a626e4310,1,31,23,Denmark Women's,Stine Ballisager Pedersen,Maja Bay Østergaard,29.5,45.4,6.8,44.4,22.722015,-22.624518263107817,0.8411400461527295,0.0033488335399528986,-0.8377912126127767,1.1170905921005105,0.04401598684008032,-1.0730746052604303,1.5257359913627395,0.20633065168730658,-1.3194053396754328,0.8030537062322838,17.9328391131646,1,0,1,0,2,0,0,0,0,0,0,0
3998841,2b788fe8-fe94-49f8-9d89-1d9f0176aa1c,1,31,27,Denmark Women's,Maja Bay Østergaard,Katrine Veje,8.9,44.7,14.7,24.9,20.632013,4.822211299287289,0.015528001223979597,0.08426856375754399,0.06874056253356439,0.11346700212629626,0.2581596626172673,0.14469266049097104,0.39158328384458996,0.5621107300682513,0.17052744622366134,13.288117318606195,7.516671665240312,0,0,0,0,0,1,0,0,0,0,0,0
3998841,f0522bf5-59b1-4bc7-a56b-c032ccfeff75,1,31,35,Sweden Women's,Ingrid Filippa Angeldal,Julia Zigiotti-Olme,68.8,62.9,58,52.9,14.718696,-7.239920525605648,0.8115774747380067,0.07924323871601588,-0.7323342360219908,1.043540200023248,0.38929401253451185,-0.6542461874887362,1.4501755794214457,1.0234341875232544,-0.42674139189819127,0.7636646112259061,10.132912160195035,1,0,1,0,1,0,1,0,1,0,0,1
3998841,4bfda65a-8d21-4957-9c11-ad57d3dc8ab9,1,31,39,Sweden Women's,Julia Zigiotti-Olme,Johanna Rytting-Kaneryd,71.4,61.1,86.5,75.1,20.591503,4.462015811632078,0.5937357332813363,0.07777288073310795,-0.5159628525482284,1.1022021831065947,0.31442974902657045,-0.7877724340800243,1.7603574439858496,0.8114225455640628,-0.9489348984217868,3.0798740476572997,8.398442078542077,0,0,2,0,2,0,0,0,1,0,0,1
3998841,99df1364-d625-4159-a6b5-c4bfba976ff9,1,31,44,Sweden Women's,Kosovare Asllani,Ingrid Filippa Angeldal,99.7,56.4,90.6,64.1,11.92057,-11.91845693381359,0.9568821892588079,0.24909925011621617,-0.7077829391425917,1.7355969334823385,0.7384481284340855,-0.997148805048253,2.8145544401163543,1.5605880797183866,-1.2539663603979676,2.425549066912355,5.986364530206401,2,0,2,0,2,2,0,0,1,0,0,1
3998841,f5d5af4b-145b-40c2-b353-ebfd904f1194,1,31,53,Sweden Women's,Jonna Ann-Charlotte Andersson,Madelen Fatimma Maria Janogy,84.3,6.6,99,7.2,14.71224,9.94150747101525,0.2666825179586113,0.6636023684440314,0.3969198504854201,0.5740761747798651,0.9932242683967657,0.41914809361690064,1.0901915351597893,1.5365949412129603,0.44640340605317097,4.159575493547627,1.469414770318817,0,1,1,1,1,1,0,1,1,0,0,1
3998841,a7bca397-ab50-4898-82cd-a002eae09118,1,32,4,Sweden Women's,Ingrid Filippa Angeldal,Hanna Lundkvist,95.8,33.9,90.3,41.9,9.708244,-4.803749400808329,0.9789785152215377,0.22659690613346578,-0.752381609088072,1.6780731495945995,0.7016594482352434,-0.9764137013593561,2.7282714791957643,1.59205787796129,-1.1362136012344743,1.8572661667516888,5.838555305621633,1,0,2,0,2,1,1,0,1,0,0,1
3998841,15ff1a0f-5adc-47c9-8a8c-a727a3709cf7,1,32,8,Sweden Women's,Hanna Lundkvist,Johanna Rytting-Kaneryd,81.6,48.7,89.8,55.6,10.716809,5.382038919850693,0.4230003871711151,0.693327860625188,0.27032747345407293,0.8266138684367862,1.2071602536629888,0.38054638522620265,1.5456538333322716,2.0676967327881526,0.522042899455881,2.9191176024898753,1.6691858762802743,1,1,1,1,1,2,0,1,1,0,0,1
3998841,dc9f9a88-7455-4780-9cd8-64dddbc7416d,1,32,38,Sweden Women's,Emma Stina Blackstenius,Madelen Fatimma Maria Janogy,97.8,11.9,108,23.7,15.597436,15.570510682857048,0.2736172408927439,0.987509826005092,0.7138925851123481,0.7072602378939675,1.7536791934008902,1.0464189555069225,1.381426278918618,2.790030864678637,1.408604585760019,5.7350730076559,1.3166942427048485,0,1,0,1,2,3,0,1,0,0,0,0
3998841,c1882d4a-94af-4e6e-822f-309a82e72c2e,1,34,19,Denmark Women's,Amalie Jørgensen Vangsgaard,Frederikke Thøgersen,69.5,54.8,71,75.9,21.15325,-8.119762334314771,1.7840520129931148,0.05362499838549903,-1.7304270146076157,2.83591083720415,0.35619766849278717,-2.479713168711363,4.105584838403538,1.1133468541066425,-2.992237984296896,0.9135184274649367,12.083891026006599,2,0,2,0,5,0,1,0,0,0,0,0
3998841,66dc0d76-2583-43c4-b428-4f36443ba9cb,1,34,48,Sweden Women's,Kosovare Asllani,Jennifer Miley Falk,21.4,29.4,3.9,39.4,20.155643,-16.933410332168208,0.21981271944290837,0.004288961331494337,-0.21552375811141403,0.7347285145567084,0.05595279249947352,-0.6787757220572349,1.6673743257778035,0.27210984139831484,-1.3952644843794886,6.348401338327865,17.64539539794468,0,0,0,0,1,0,0,0,1,0,0,1
3998841,d914edf8-80eb-424b-b7ae-803dbf34278e,1,35,2,Denmark Women's,Emma Snerle,Pernille Mosegaard Harder,84.8,46.2,86.9,30.9,15.443445,1.41372963644298,0.8201947297567389,0.22928991580481425,-0.5909048139519246,1.5009304824311664,0.7318168939727316,-0.7691135884584348,2.388233969123022,1.4968386000689593,-0.8913953690540626,2.1700005720447737,6.944256996096501,1,0,2,0,2,1,0,0,0,1,1,1
3998841,0f1774e8-6887-45d8-ba3b-562c928a779d,1,35,44,Denmark Women's,Pernille Mosegaard Harder,Karen Holmgaard,64.5,59.9,63.6,47.9,12.033703,2.0092242026552043,1.2021995745441922,0.9955195735759013,-0.20668000096829098,2.21153404763067,1.9231555281270778,-0.28837851950359217,3.517825596450848,3.13781718470217,-0.38000841174867794,1.32655870445887,2.6472220823312846,1,1,1,2,5,4,1,0,1,0,0,1
3998841,97c533ca-adad-4b32-b879-0c8e3d85c873,1,35,46,Denmark Women's,Karen Holmgaard,Sara Holmgaard,63.1,43.8,63.9,28.3,15.520632,-0.28031951696375046,1.0719335413647995,0.10788419976822235,-0.9640493415965771,1.8884905196168875,0.43558118663301354,-1.452909332983874,3.0004583831925458,1.1402218929384365,-1.8602364902541093,1.767042808126676,7.893646856901586,1,0,2,0,3,1,1,0,1,0,0,1
3998841,ad227b49-316d-487e-8dd1-376918e6699c,1,35,49,Denmark Women's,Sara Holmgaard,Karen Holmgaard,70.4,28,78.3,34.7,10.358571,8.995509767954374,0.5139321986054759,0.43725741461797035,-0.07667478398750555,1.0074315015704156,1.2959235309588883,0.28849202938847274,1.787745572103894,2.512673116449189,0.7249275443452949,2.985425794362261,5.9502358116810825,1,0,1,0,2,2,0,0,1,0,0,1
3998841,ee49b49b-a1a4-437d-9434-25cd90d8437e,1,35,51,Denmark Women's,Karen Holmgaard,Pernille Mosegaard Harder,81.1,35.9,83.9,53.4,17.722584,0.6087174308097474,0.8692372681121187,0.6856671542396591,-0.18357011387245958,1.7924177428905805,1.2285574806644535,-0.5638602622261271,2.98812311709014,2.1527847434169423,-0.8353383736731979,2.4459554537941512,1.5980764626922292,1,1,1,1,4,1,0,0,1,0,0,1
3998841,33dab979-50d3-4b8e-8b87-b9acde02b68f,1,35,57,Denmark Women's,Frederikke Thøgersen,Emma Skou Færge,71.9,62.9,58.5,60.5,13.613229,-11.55362191354974,0.6268325932220088,0.19422465488757,-0.4326079383344388,1.1537650694342474,0.530135459361115,-0.6236296100731324,1.9309541643771668,1.0855329856546978,-0.845421178722469,2.746721519831973,5.5942185116574406,1,0,2,0,2,1,0,0,0,0,0,0
3998841,cca1d1ea-4c62-46f8-926a-23f3bdedf26c,1,36,0,Denmark Women's,Emma Skou Færge,Frederikke Thøgersen,63.1,65.6,78.1,77,18.840382,6.495458488075222,0.6356080171370755,0.046982528609299565,-0.588625488527776,1.1156331749702388,0.26307298263088885,-0.85256019233935,1.7670083145223747,0.8107075571359069,-0.9563007573864678,2.304948292603295,10.326395385605966,1,0,1,0,2,0,0,0,1,0,0,1
3998841,f079b5f4-cfab-48af-9c36-614f1a6cd8e1,1,37,7,Sweden Women's,Jennifer Miley Falk,Hanna Lundkvist,13.3,42.8,21.5,63.5,22.264996,5.47222706272666,0.09815248083140751,0.02867463591530981,-0.06947784491609771,0.3412957645288953,0.1645147985522661,-0.1767809659766292,0.8150946514919879,0.5019487925048017,-0.31314585898718617,7.504382215651056,11.35757198495294,0,0,0,0,1,0,0,0,1,0,0,1
3998841,297986ee-788b-4f42-b40c-35b2cec44d27,1,37,10,Sweden Women's,Hanna Lundkvist,Johanna Rytting-Kaneryd,23,64.9,49.7,76.5,29.110994,20.93421335863347,0.08384064248949884,0.07178552910831376,-0.012055113381185076,0.29910525451459247,0.2622119334834708,-0.03689332103112164,0.7216119042215973,0.6554792094613209,-0.06613269476027639,7.956444669383346,8.181245725120446,0,0,0,0,1,0,0,0,1,0,0,1
3998841,d7c15e54-6037-47d8-9e2c-91c40d4f401a,1,37,16,Sweden Women's,Johanna Rytting-Kaneryd,Hanna Lundkvist,56.2,74.5,43.2,74.1,13.006152,-11.499439921316636,0.5083687806627029,0.029641505187107862,-0.478727275475595,0.8828792453332189,0.18759188513678546,-0.6952873601964334,1.4429849572029423,0.5807387140365244,-0.8622462431664178,2.3936882915312854,12.307505537097613,1,0,1,0,1,0,0,0,1,0,0,1
3998841,f5343518-c0e2-4741-81b7-2cc2ead38b3c,1,37,18,Sweden Women's,Hanna Lundkvist,Julia Zigiotti-Olme,43.2,74.1,44.9,58.8,15.394155,6.612678836596558,0.03373632825578877,0.1620493130544192,0.12831298479863043,0.20226623964149926,0.43512090404903325,0.232854664407534,0.6095680614087677,0.9360335488346356,0.3264654874258679,11.714011945718825,5.667501914619863,0,0,0,0,0,1,0,0,1,0,0,1
3998841,ab7e62ca-c840-4a4d-a03a-6270d13fec7a,1,37,21,Sweden Women's,Julia Zigiotti-Olme,Hanna Lundkvist,44.9,58.8,49.7,73.9,15.844558,-0.6294055325722354,0.250163776801344,0.09243635701916754,-0.15772741978217647,0.5242153586478824,0.3075206303272032,-0.21669472832067915,0.9883629540898446,0.7160986433634658,-0.2722643107263788,4.264608936078198,7.428834258064358,0,0,1,0,1,1,0,0,1,0,0,1
3998841,b4001858-0be5-4533-9f1b-d23b44ad84e2,1,37,23,Sweden Women's,Hanna Lundkvist,Ingrid Filippa Angeldal,49.7,73.9,55.6,61.9,13.371985,10.024946113547017,0.1827867480744239,0.31668767847066115,0.13390093039623724,0.44063750740261737,0.7292164765045722,0.28857896910195485,0.8650204388736756,1.3823685458213189,0.5173481069476432,5.274502938289547,4.0223077272545416,0,0,0,1,1,1,0,0,1,0,0,1
3998841,2f0ee567-d64d-4202-bfcd-4cf8ea32d9f5,1,37,25,Sweden Women's,Ingrid Filippa Angeldal,Julia Zigiotti-Olme,50.1,59.7,47.9,49.5,10.434558,-0.10017463627353607,0.4494890685795894,0.06973008214401338,-0.37975898643557604,0.8615177195822362,0.3424775367984771,-0.5190401827837592,1.4679260006543118,0.9290531463031356,-0.5388728543511762,2.928975998574551,10.444943062278355,1,0,1,0,1,0,0,0,1,0,0,1
3998841,ede50129-8d7e-4ded-9069-3fbd9a774149,1,37,27,Sweden Women's,Julia Zigiotti-Olme,Linda Brigitta Sembrant,47.9,49.5,43.2,18.1,31.749804,-7.138268763264534,0.06435894644275933,0.0012261940760120874,-0.06313275236674724,0.3339505182638815,0.029150312782079985,-0.30480020548180153,0.9137239444161048,0.19690384068669084,-0.716820103729414,10.382004236052692,21.741974660569426,0,0,0,0,0,0,0,0,1,0,0,1
3998841,103ce936-00f0-4e9e-9dc6-f326b0241d02,1,37,32,Sweden Women's,Linda Brigitta Sembrant,Gun Nathalie Björn,56.2,22.3,46.8,36.3,16.862978,-7.0837087908304,0.14816416786394293,0.01681372947023747,-0.13135043839370547,0.4136482224607392,0.12909569261705484,-0.28455252984368434,0.9257156715905716,0.4535158373539951,-0.47219983423657647,5.931942725893434,14.207286544450996,0,0,0,0,1,0,0,0,1,0,0,1
3998841,3c47b968-7aae-4535-945e-3b4ea35c3b37,1,37,35,Sweden Women's,Gun Nathalie Björn,Ingrid Filippa Angeldal,50.3,39.8,64.1,55.6,20.978085,11.664349801026006,0.03260184252616518,0.03817498309092575,0.005573140564760569,0.18939030333107656,0.19935092753036565,0.009960624199289086,0.5682690479956914,0.5793803595036994,0.011111311508007926,12.04455759803721,10.663644519725285,0,0,0,0,0,0,0,0,1,0,0,1
3998841,02d5e092-bea0-4286-8367-74346871d175,1,37,38,Sweden Women's,Ingrid Filippa Angeldal,Hanna Lundkvist,71.3,58.4,84.3,74.9,21.00595,2.1351178020346993,0.14445621103298337,0.009117242899000342,-0.13533896813398302,0.4353755391950907,0.08965907907824841,-0.3457164601168423,0.982484222043884,0.36754701167369164,-0.6149372103701923,6.340981636960401,15.325439761399764,0,0,0,0,1,0,0,0,0,0,0,0
3998841,d0dda8be-116d-42d4-b166-159c3ba668e8,1,37,41,Sweden Women's,Hanna Lundkvist,Johanna Rytting-Kaneryd,87.4,75.3,97.7,76.9,10.423532,4.935531674245816,0.2501343427427851,0.6164018966296517,0.3662675538868666,0.5831304715402609,0.9580881836146228,0.3749577120743619,1.1443496415431569,1.4445849778688296,0.3002353363256727,4.478510754493483,1.8580383604206363,0,1,1,1,1,2,0,1,0,0,0,0
3998841,248b30a3-39c6-4eb6-9b8b-f119894c8ee9,1,37,44,Denmark Women's,Karen Holmgaard,Katrine Veje,21.6,21.1,15.5,19.9,6.2169123,-6.216853703319117,0.8188229178288862,0.7725098326378935,-0.04631308519099264,1.3187498958815576,1.246053187878348,-0.07269670800320949,2.013794772700708,1.9048733695208113,-0.10892140317989685,1.6728398234049002,1.779086985592118,1,1,2,2,2,2,0,0,1,0,0,1
3998841,0e3e29c2-3c36-4781-9749-7bcb07991b5d,1,40,39,Sweden Women's,Ingrid Filippa Angeldal,Hanna Lundkvist,50.1,70.3,55.4,76.9,8.464632,1.7886092814529917,0.6670665763845696,0.24300231765032285,-0.4240642587342467,1.1969353968648324,0.6940883737564939,-0.5028470231083385,1.8841439059963865,1.3760907537504463,-0.5080531522459402,2.2641304900979304,6.430523465794639,1,0,1,0,2,2,1,0,0,0,0,0
3998841,f030e28e-1882-4e3d-b9f3-c466cdff9ad5,1,40,41,Sweden Women's,Hanna Lundkvist,Johanna Rytting-Kaneryd,57.2,76.9,77.4,76.5,20.20396,16.740302588411218,1.1764995458306478,0.5515948071291447,-0.6249047387015031,1.6119529131079184,0.8763254577114585,-0.7356274553964599,2.1714149285468607,1.459804269156209,-0.7116106593906517,0.7123878984586859,1.9428120787147125,1,1,2,1,2,1,0,0,0,0,0,0
3998841,213ef075-539d-4a02-890e-5fe451fd0ece,1,41,32,Sweden Women's,Linda Brigitta Sembrant,Julia Zigiotti-Olme,53.9,42.6,63.7,32,14.436066,9.28557171117383,0.13355986720993887,0.07517561073854091,-0.05838425647139796,0.3677745299750752,0.36197973718284104,-0.00579479279223416,0.7960980174279725,1.012042794833555,0.2159447774055826,6.2245450043044706,9.26626899242276,0,0,0,0,1,0,0,0,0,0,0,0
3998841,443f491d-8f8d-4551-b697-435e0584bd05,1,41,35,Sweden Women's,Julia Zigiotti-Olme,Kosovare Asllani,70.5,32.5,91.6,47.4,25.830603,20.71670402373336,0.2440613027997373,0.9531920227766647,0.7091307199769274,0.7841723470448629,1.5642601921418324,0.7800878450969695,1.7258752366122714,2.502847243940895,0.7769720073286237,5.987985745983143,0.9631454442018303,0,1,0,1,1,2,0,1,0,0,0,0
3998841,ba3cc315-7fa6-4465-9b1f-ff746d570b73,1,44,44,Sweden Women's,Linda Brigitta Sembrant,Jonna Ann-Charlotte Andersson,70.3,8.9,77.2,2.5,9.411163,1.724273597389434,0.033975933823808556,0.06311480693788447,0.029138873114075918,0.17413191644088982,0.2760095800748241,0.1018776636339343,0.5387131538507419,0.732095538962234,0.19338238511149208,10.424894065448512,9.470528186668515,0,0,0,0,0,0,0,0,1,0,0,1
3998841,538a3a0b-587d-4f8d-bab5-2087b297d246,1,44,47,Sweden Women's,Jonna Ann-Charlotte Andersson,Kosovare Asllani,77.2,2.5,90.3,11.9,16.123585,16.017789703816497,0.23618155565592833,0.36161667181446805,0.12543511615853972,0.5148487311922954,0.9319424492554468,0.41709371806315143,0.9998369324883484,1.7787599279554298,0.7789229954670814,4.485274024243792,4.691302152389557,0,0,1,1,1,2,0,0,1,0,0,1
3998841,8becdfd0-e050-4185-ae1a-890e3b67034b,1,44,49,Sweden Women's,Kosovare Asllani,Madelen Fatimma Maria Janogy,89.9,12.6,96.4,17.6,8.20061,8.165461847540385,0.8573278126635446,0.5080265978072371,-0.3493012148563075,1.4597037900154166,1.1096623054985923,-0.35004148451682426,2.28413203831712,1.9366663295432374,-0.34746570877388283,1.4761206772069528,4.483625739701359,1,0,1,2,2,2,1,0,1,0,0,1
3998841,cbb30950-e8b9-4f5f-8833-f07499832df1,1,45,7,Sweden Women's,Linda Brigitta Sembrant,Jonna Ann-Charlotte Andersson,61.6,9.3,71.3,3.1,11.512168,4.876911237015243,0.29006685669188775,0.06532199506144794,-0.22474486163043983,0.5375023879353962,0.2527089132054047,-0.2847934747299915,0.8972153777681688,0.6119457664532424,-0.28526961131492645,3.775761211754241,8.615345446958935,0,0,1,0,1,0,0,0,1,0,0,1
3998841,93995257-52d9-4c36-ad5e-c01fe76ab62d,1,45,9,Sweden Women's,Jonna Ann-Charlotte Andersson,Julia Zigiotti-Olme,71.3,3.1,68.6,10.7,8.065358,1.936135590201431,0.23554340033459778,0.2795146114786793,0.04397121114408151,0.5241709642378134,0.7184516609005805,0.19428069666276715,0.9864496707689651,1.3826398505238162,0.39619017975485116,4.548744444443918,4.858098972377665,0,0,1,1,1,1,0,0,1,0,0,1
3998841,362e7ea9-6958-4183-bc69-f00a1e47e328,1,45,13,Sweden Women's,Julia Zigiotti-Olme,Kosovare Asllani,79.6,18.1,92.6,20,13.138112,12.031145084320798,0.5450233217333305,0.5684400193140029,0.02341669758067244,1.2092819841093574,1.3126207254802653,0.10333874137090793,2.2190051326324105,2.3892790339319148,0.17027390129950426,2.984856626688084,3.3436927107781993,1,0,1,1,2,3,0,0,1,0,0,1
3998841,9dc145d5-8cc0-49ab-a171-5c048dc25640,1,45,14,Sweden Women's,Kosovare Asllani,Jonna Ann-Charlotte Andersson,92.6,20,91.2,2,18.054363,-13.757750369472184,0.6817553260773602,0.28921920745764085,-0.3925361186197194,1.4051194429273346,0.522023644059142,-0.8830957988681926,2.4472447470860255,0.9150057121805968,-1.5322390349054287,2.4598801598331757,3.747706346502891,1,0,1,1,3,1,0,0,1,0,0,1
3998841,d12560d6-d2db-4b71-9177-5111ab9ec635,1,45,17,Sweden Women's,Jonna Ann-Charlotte Andersson,Linda Brigitta Sembrant,83.4,1.1,61.3,10,23.824778,-12.51051928187934,0.42141966736475794,0.03690684425346757,-0.38451282311129037,0.6628367431275749,0.16894390679947185,-0.49389283632810305,1.0661717670457114,0.49520120974658965,-0.5709705572991217,2.626080429543093,10.046935824565626,1,0,1,0,1,0,0,0,1,0,0,1
3998841,39bf3904-7b10-4356-ac79-fd766a94e33c,1,45,21,Sweden Women's,Linda Brigitta Sembrant,Gun Nathalie Björn,59.7,11.7,52,39.8,29.13589,-1.389634309439657,0.054862171826515385,0.0023003076952433765,-0.05256186413127201,0.2105280880132158,0.03866188574229831,-0.17186620227091748,0.5557302393378853,0.20678939272041752,-0.3489408466174678,8.816855761469444,20.03804649616873,0,0,0,0,0,0,0,0,0,0,0,0
3998841,441d6a72-c21f-4e77-9f4f-4acfae9af2ba,1,46,15,Sweden Women's,Linda Brigitta Sembrant,Gun Nathalie Björn,34.5,16,33.6,34.4,18.421997,2.2232694120320957,0.2343952503296571,0.013446865888004035,-0.22094838444165307,0.4523590754289424,0.10090291344305602,-0.35145616198588636,0.7396521130520738,0.3338240748118268,-0.405828038240247,4.386540143128701,13.800718233810034,0,0,1,0,1,0,0,0,1,0,0,1
3998841,b10f7bc8-6c47-48c7-91cb-deafb088e16b,1,46,19,Sweden Women's,Gun Nathalie Björn,Hanna Lundkvist,41.6,44,46.9,66.2,22.82389,0.8485779201056829,0.24294878111700083,0.13195973443367837,-0.11098904668332246,0.5407423481457349,0.3618031829177153,-0.17893916522801956,1.0329093096668183,0.7749904889001056,-0.2579188207667127,4.501147422475572,6.242510345060618,0,0,1,0,1,1,0,0,1,0,0,1
3998841,abb11842-d961-4660-85a4-037c538612fc,1,46,21,Sweden Women's,Hanna Lundkvist,Ingrid Filippa Angeldal,45,65.2,53.1,57.3,11.314592,10.019763332043127,0.3010217040895822,0.7860650918441253,0.48504338775454314,0.652829599595418,1.4081716207470607,0.7553420211516427,1.1950524205632165,2.1572526641158887,0.9622002435526722,3.99990795979487,2.1217848830656125,0,1,1,1,1,3,0,0,1,0,0,1
3998841,3477e638-a4b8-49d0-b940-a5704c20ca02,1,46,22,Sweden Women's,Ingrid Filippa Angeldal,Hanna Lundkvist,53,58,42.2,64.9,12.816006,-12.31172606201909,0.7860648463997991,0.14946230001125752,-0.6366025463885416,1.408171444811004,0.5197423646640931,-0.888429080146911,2.1572525523830834,1.1344377992734767,-1.0228147531096068,2.1217863915139903,8.125196307378886,1,0,1,0,3,0,0,0,1,0,0,1
3998841,fc81b711-de65-4ac7-ae5c-0abdf8910090,1,46,30,Sweden Women's,Hanna Lundkvist,Ingrid Filippa Angeldal,44.9,66.2,48.7,55.7,11.166468,6.530902408006199,0.2353862018495886,0.3548102877243942,0.1194240858748056,0.5713088407308504,0.9469529143597166,0.3756440736288662,1.1284911743884731,1.7398859496713162,0.611394775282843,4.710312151745553,6.331493785968364,0,0,1,0,1,3,0,0,1,0,0,1
3998841,a11855bd-852e-4893-ad69-903ff63d45c1,1,46,33,Sweden Women's,Ingrid Filippa Angeldal,Linda Brigitta Sembrant,46.5,51.1,38.1,31.7,21.140482,-7.986061545528472,0.6386631419149942,0.07491581062644972,-0.5637473312885445,1.1131463002386854,0.3173658059284971,-0.7957804943101883,1.7665838598642989,0.779613472643318,-0.9869703872209808,1.9790035003712145,9.10484824611689,1,0,1,0,1,0,0,0,1,0,0,1
3998841,0780c4f1-eb89-4487-a47e-fb395f492003,1,46,35,Sweden Women's,Linda Brigitta Sembrant,Gun Nathalie Björn,36.3,37.1,35.5,50.7,13.623509,-1.4245376397675358,0.22955000275697285,0.04446991447063373,-0.18508008828633912,0.5776465376888743,0.23720837968529834,-0.34043815800357596,1.1063036109696769,0.6790678785186799,-0.427235732450997,5.0289999176819284,10.39132887151252,0,0,0,0,1,0,0,0,1,0,0,1
3998841,072f4b8f-bf62-4a16-9f8e-f20e51d36382,1,46,49,Sweden Women's,Ingrid Filippa Angeldal,Gun Nathalie Björn,52.1,63.5,44.5,59,8.832327,-6.002377352168722,0.7734008729607273,0.2250730827640662,-0.5483277901966611,1.1333843623445345,0.5268160391774829,-0.6065683231670517,1.747960588062539,1.0614558295420227,-0.6865047585205164,1.0022176738641773,4.651598075913708,1,0,1,1,1,1,0,0,1,0,0,1
3998841,8c0ba153-5676-40d4-8a89-375405cdae46,1,46,50,Sweden Women's,Gun Nathalie Björn,Emma Stina Blackstenius,44.5,59,74.7,44.2,33.631535,32.35974472652666,0.3183549004199626,0.8481868982292852,0.5298319978093226,0.6142546986969504,1.1913704843778314,0.5771157856808811,1.0929622320124628,1.8091792989472064,0.7162170669347436,3.5516412043205587,0.7247977080431518,0,1,1,1,1,1,0,1,1,0,0,1
3998841,d84ada52-f082-4cdd-85cc-0c3b185a0cc8,1,46,52,Sweden Women's,Emma Stina Blackstenius,Madelen Fatimma Maria Janogy,75,44,71.4,40.5,5.020956,-3.425143956100115,0.8481865390823827,0.5731584566929774,-0.27502808238940535,1.191370254905112,1.2067375432836798,0.015367288378567823,1.8091791941296724,2.101709983801021,0.2925307896713487,0.7247990167291469,2.9381193429214663,1,1,1,1,1,2,1,0,1,0,0,1
3998841,eb3c1c3f-e365-4d8a-abb1-b8a6dfd742cd,1,46,54,Sweden Women's,Madelen Fatimma Maria Janogy,Emma Stina Blackstenius,72.4,39.1,76.4,28.5,11.329607,2.517377694927852,1.1470796698757872,0.6040396060055908,-0.5430400638701964,1.821589540078768,1.4154430614977669,-0.40614647858100117,2.670087089485448,2.415120538495591,-0.2549665509898569,1.833439228632215,4.322437527191123,2,0,2,1,2,3,0,1,1,0,0,1
3998841,1aed2b4d-bb15-4a78-817f-08b5c79f2168,1,47,7,Sweden Women's,Julia Zigiotti-Olme,Ingrid Filippa Angeldal,73.2,19,79,29.5,11.995416,8.972452339960626,0.1148410783137705,0.40082709149009016,0.28598601317631966,0.4238426595445005,0.8727316986643715,0.448889039119871,0.992812358366924,1.583159499899708,0.590347141532784,8.735981932178717,3.6272282621430363,0,0,0,1,0,2,0,0,1,0,0,1
3998841,68a1579b-2c3f-4c60-9498-dd4984ff1e48,1,47,11,Sweden Women's,Ingrid Filippa Angeldal,Hanna Lundkvist,84.4,31,91.8,56.6,26.648077,3.9969412469034538,0.8371546863324949,0.038154804932352446,-0.7989998814001424,1.471409493143028,0.26291214063207313,-1.2084973525109548,2.3599888219508407,0.8633249241288947,-1.496663897821946,1.839619007682087,11.749326493376437,1,0,2,0,2,0,1,0,1,0,0,1
3998841,de03454c-f8f2-4d13-ae34-68e07a89b9a8,1,47,22,Sweden Women's,Ingrid Filippa Angeldal,Johanna Rytting-Kaneryd,95.7,44.2,103.3,54.3,12.640016,2.674387393642533,0.9801921732133854,0.8709250587856353,-0.10926711442775006,2.0415283713185546,1.8375781317040862,-0.20395023961446834,3.3607738084456935,3.115610403105511,-0.24516340534018255,3.1353672024703365,2.8022536904605126,0,1,2,2,4,4,0,0,0,0,0,0
3998841,7a323ad9-e3c4-4d02-a0da-54f6bffdb573,1,47,39,Sweden Women's,Gun Nathalie Björn,Hanna Lundkvist,63.1,69.4,75.5,76.1,14.094325,6.745140241076491,0.03407028220097213,0.058885043140042136,0.024814760939070007,0.172276248690949,0.25236702266950867,0.08009077397855965,0.5066865420120062,0.6509026412506801,0.14421609923867384,10.45172932041986,9.319249200492738,0,0,0,0,0,0,0,0,1,0,0,1
3998841,d6e20a39-c2ec-48b2-abb0-4aa295f21772,1,47,41,Sweden Women's,Hanna Lundkvist,Johanna Rytting-Kaneryd,77.8,76.5,89.1,76.9,11.307077,7.665870351600333,0.27712857546466746,0.9435305054466528,0.6664019299819854,0.608196945153815,1.3658308263705101,0.7576338812166952,1.1379044923017492,2.0139446124870366,0.8760401201852874,4.206938926877851,0.6526933261570114,0,1,1,1,1,2,0,1,1,0,0,1
3998841,6e335101-7596-498d-8402-4d3cd6f38733,1,48,50,Denmark Women's,Sara Holmgaard,Pernille Mosegaard Harder,77.9,5.6,78.3,18.2,12.606348,7.312450843426802,1.1564394224225112,0.6631198055820928,-0.49331961684041836,1.8659981330518989,1.464340748782016,-0.40165738426988296,2.814899976036184,2.6067842445317275,-0.2081157315044564,0.870695452816494,2.7448512697770373,1,1,2,1,4,2,0,0,0,0,0,0
3998841,7c27db4f-d288-43d2-8186-5f110bc0dc02,1,48,51,Denmark Women's,Pernille Mosegaard Harder,Emma Snerle,78.3,18.2,71.8,13.5,8.021222,-7.949911545070108,0.8168736036242746,0.37214312390877563,-0.444730479715499,1.6860035653085423,0.9598200738221702,-0.7261834914863722,2.839023832994284,1.819428617083064,-1.0195952159112198,2.5009664490103103,4.3570618411788535,1,0,2,1,2,1,0,0,0,0,0,0
3998841,cc24d027-80e4-445e-a271-35e773297e2b,1,48,53,Denmark Women's,Emma Snerle,Frederikke Thøgersen,70.4,16,70,55,39.002052,2.899828600159445,0.5498106684836795,0.011092429800259072,-0.5387182386834205,1.1260682167094047,0.11707690899592507,-1.0089913077134796,2.01774544381188,0.5152871784268727,-1.5024582653850072,2.507401896713258,15.527783652887772,1,0,1,0,1,0,0,0,0,0,0,0
3998841,535a45ed-ff6b-482d-a819-eddb880773a8,1,49,8,Sweden Women's,Linda Brigitta Sembrant,Gun Nathalie Björn,28.8,15.8,25.6,47.8,32.159603,-0.3655637440581785,0.08226275806540057,0.0038183477815252895,-0.07844441028387528,0.2944975821487848,0.051108422520257775,-0.24338915962852703,0.7142058759343594,0.24596705695519344,-0.4682388189791659,7.928903670642757,17.852553979200895,0,0,0,0,1,0,0,0,1,0,0,1
3998841,ecbecc26-9b50-4121-a01a-e9fda9475cbd,1,49,12,Sweden Women's,Gun Nathalie Björn,Ingrid Filippa Angeldal,30.7,49.2,41.8,61.7,16.717056,8.617682105451834,0.00966340243873631,0.03418563003957183,0.024522227600835517,0.09401788691211052,0.18663303847747534,0.09261515156536482,0.3831749909630056,0.5525686562554762,0.16939366529247063,15.813251897527548,10.930604514031643,0,0,0,0,0,0,0,0,1,0,0,1
3998841,f8de2d61-b9bd-46a6-9293-80a2886f64c4,1,49,25,Denmark Women's,Karen Holmgaard,Sara Holmgaard,31.7,20,35,5.2,15.163443,-1.3112401266080838,0.9695848692223257,0.3576712070362506,-0.611913662186075,1.5776183928618437,0.7353701496061377,-0.842248243255706,2.293508880879107,1.2921531481555735,-1.0013557327235336,2.150126641103206,3.636080468012613,2,0,2,1,3,1,0,0,1,0,0,1
3998841,4cd4560e-6c44-4a98-b51d-fef1e80214b9,1,49,27,Denmark Women's,Sara Holmgaard,Karen Holmgaard,35,5.2,50.1,6.2,15.133077,14.20482407269742,0.3576712070362506,0.9258011399857866,0.568129932949536,0.7353701496061377,1.300587308820602,0.5652171592144642,1.2921531481555735,1.7651126577859502,0.4729595096303767,3.636080468012613,1.1302382614543172,0,1,1,2,1,2,0,1,0,0,0,0
3998841,3e158957-72c2-42fa-ba3b-c4e5a0b78fb1,1,50,0,Sweden Women's,Johanna Rytting-Kaneryd,Hanna Lundkvist,82.9,75.5,69.6,69.6,14.549914,-7.100876567204686,0.47793665084813003,0.510994756412007,0.03305810556387695,0.9362918749153561,1.1140899372862036,0.1777980623708475,1.6261556923148903,1.9393498665711935,0.31319417425630314,3.171507340049192,3.7057294092271875,0,0,1,1,2,2,0,1,1,0,0,1
3998841,64df127f-cf62-4e84-a9e0-4535340346cc,1,50,2,Sweden Women's,Hanna Lundkvist,Linda Brigitta Sembrant,70.5,68.9,54.4,53.6,22.210358,-9.67599288104639,0.6882485402455629,0.020526718039138938,-0.667721822206424,1.2357472337998887,0.130299700544453,-1.1054475332554357,1.9957407473545936,0.4561131572168616,-1.539627590137732,2.061196715798311,12.015358229391428,1,0,1,0,2,0,1,0,1,0,0,1
3998841,0420725b-5c60-437c-b94d-65a105cdac51,1,50,5,Sweden Women's,Linda Brigitta Sembrant,Gun Nathalie Björn,55.1,52.5,56.5,63.4,10.98954,-1.581479967005194,0.02785595727657883,0.030558964298774503,0.0027030070221956727,0.16227818212144432,0.17091585836933107,0.00863767624788675,0.5269777756253755,0.513885474906143,-0.013092300719232508,11.354153829284739,11.293598651273092,0,0,0,0,0,0,0,0,1,0,0,1
3998841,1f70a1b0-ede4-4832-8e15-92ff790d074b,1,50,8,Sweden Women's,Gun Nathalie Björn,Hanna Lundkvist,56.5,63.4,70.5,74.2,17.68163,7.508771806560034,0.11910557612360907,0.060341536777049266,-0.058764039346559806,0.3493728246734083,0.27798159818271995,-0.07139122649068835,0.7535664850037022,0.7588750295979818,0.005308544594279652,6.674749681429839,9.232387821371011,0,0,0,0,1,0,0,0,1,0,0,1
3998841,666e8e2c-e693-4a69-87a7-c003ec98cfa5,1,50,12,Sweden Women's,Hanna Lundkvist,Johanna Rytting-Kaneryd,76.9,74.9,85.5,77.2,8.902246,4.72278206531616,0.8833484301452524,0.29649926274018096,-0.5868491674050715,1.0773872042924744,0.7294992276074974,-0.34788797668497695,1.5080631934651436,1.3785492189360158,-0.12951397452912783,0.4511041521186883,4.7717966872390685,1,0,1,1,1,1,0,0,1,0,0,1
3998841,43a004fa-866e-4b0d-ac53-2da650535f70,1,50,14,Sweden Women's,Johanna Rytting-Kaneryd,Ingrid Filippa Angeldal,84.3,70.3,82.6,59.4,11.031773,4.692820346411644,1.0043722346680275,0.48449822204294807,-0.5198740126250794,1.7355752260378894,1.2315308730461996,-0.5040443529916898,2.6229780043871487,2.2999394000231472,-0.32303860436400145,2.3108121754910824,4.684738602623431,1,0,3,1,3,2,0,0,0,0,0,0
3998841,78d52f17-4837-44c0-871d-e11d784e9305,1,50,16,Sweden Women's,Ingrid Filippa Angeldal,Julia Zigiotti-Olme,82,55.7,83.7,42.8,13.011534,4.707739998965451,0.7057732386534453,0.770085571639631,0.06431233298618566,1.4166827654446255,1.4641960582497233,0.04751329280509786,2.4255606130652,2.5114763420768904,0.08591572901169053,3.3893935265359114,1.9555436877162735,0,1,2,1,2,3,0,1,0,0,0,0
3998841,97453061-b812-4677-b5d2-41be7e57a170,1,50,17,Sweden Women's,Julia Zigiotti-Olme,Emma Stina Blackstenius,84.7,42.6,100.8,38.4,16.63881,16.129069872040997,0.770085571254591,1.03092339047593,0.2608378192213391,1.4641960979392603,1.7830080753119324,0.3188119773726721,2.511476405019657,2.87576381422603,0.3642874092063728,1.9555439408166877,1.638828146388246,1,1,1,2,3,3,1,0,0,0,0,0
3998841,2fcf42d8-7a0e-48f4-805d-04cb57ba5145,1,50,19,Sweden Women's,Emma Stina Blackstenius,Madelen Fatimma Maria Janogy,100.8,38,96,28.9,10.288342,-7.138693680082522,1.0309232205034164,0.7187657473791829,-0.3121574731242336,1.7830080130760915,1.4178767921117676,-0.3651312209643238,2.8757638337980986,2.3871617661351596,-0.488602067662939,1.6388295928698045,3.4373557239335444,1,0,2,2,3,2,0,1,0,0,0,0
3998841,0c2c0111-9f98-4216-9f87-928b4933842d,1,50,27,Denmark Women's,Karen Holmgaard,Pernille Mosegaard Harder,47.8,25.9,55.7,29.6,8.723532,8.428290054147581,0.3181295969868136,1.134123759590268,0.8159941626034544,0.7510666377478202,1.7614187341658463,1.0103520964180261,1.5174694505122355,2.668098953509806,1.1506295029975704,3.8971047764215756,1.272628682588522,0,2,1,2,1,2,0,0,0,0,0,0
3998841,bd226d2f-4731-47c4-b4fe-96e9a724dee4,1,50,31,Denmark Women's,Pernille Mosegaard Harder,Amalie Jørgensen Vangsgaard,56.4,14.8,70.5,4.6,17.402586,7.554876630926017,1.1564887368225907,0.24025912763635185,-0.9162296091862389,1.5866060725499953,0.578937780235389,-1.0076682923146063,2.1303097587423485,1.1563950407291563,-0.9739147180131922,0.7859899375250124,4.696199056883989,1,0,2,1,2,1,1,0,0,0,0,0
3998841,da55d3fa-cb52-4dc1-89b9-68820cabd0ec,1,50,35,Sweden Women's,Kosovare Asllani,Ingrid Filippa Angeldal,59.7,72.4,56.1,63.4,9.693296,0.4035075267257753,0.6302293015654515,0.5567932851053892,-0.07343601646006237,1.1791353322034321,1.1499228911560646,-0.029212441047367532,2.0205455378661394,1.9173952710085806,-0.10315026685755879,2.1091374909733314,2.969949521813295,1,1,1,1,2,3,0,1,1,0,0,1
3998841,659d8c20-32cb-414d-a5fa-e4ffa677ed86,1,50,36,Sweden Women's,Ingrid Filippa Angeldal,Johanna Rytting-Kaneryd,56.1,63.4,77.4,74.9,24.206198,12.979170141833144,0.9213558748112015,0.20361686009551844,-0.717739014715683,1.4299080604187275,0.5362679348424924,-0.8936401255762352,2.1189990061254638,1.0785560201538664,-1.0404429859715973,0.9189823344293304,5.338490036898616,1,0,1,0,3,1,1,0,1,0,0,1
3998841,d3901364-bb7d-4ff9-8811-4504c3e7d1bf,1,51,4,Sweden Women's,Kosovare Asllani,Ingrid Filippa Angeldal,98.5,53.2,98.1,47,6.2128897,2.2372332613727473,0.6636643718550553,1.1056513529286462,0.4419869810735909,1.2459537881619127,1.7902057063715537,0.544251918209641,2.069879935316349,2.625489190757928,0.555609255441579,2.7318699201362113,1.9891504939671205,1,1,2,3,2,3,0,0,1,0,0,1
3998841,bbba2dde-31f9-46d7-9233-af7f845cc270,1,51,25,Sweden Women's,Jonna Ann-Charlotte Andersson,Emma Stina Blackstenius,13.7,24.7,39,12.6,28.044607,21.886607566074446,0.4845990284678148,0.6564368574100625,0.17183782894224775,0.8775708930663423,0.8234616268500691,-0.05410926621627321,1.3548392443406563,1.1071503811743397,-0.24768886316631655,2.9569215563966558,1.2772482630772866,1,1,1,1,2,1,0,1,1,0,0,1
3998841,dbf1f498-4d19-4e3f-91d4-cdc6b7f78dff,1,51,29,Sweden Women's,Emma Stina Blackstenius,Madelen Fatimma Maria Janogy,34.1,10.7,36.2,16.5,6.168468,3.7268774919339904,0.4586200991585949,0.13481221782985106,-0.32380788132874383,0.796637976246665,0.4636834398946952,-0.3329545363519698,1.2711175338190401,1.0478423726274513,-0.22327516119158886,2.717903005568797,7.675127165618355,1,0,1,0,1,1,1,0,1,0,0,1
3998841,4d17bea9-d90b-4aae-a421-f74233580765,2,45,47,Denmark Women's,Janni Thomsen,Karen Holmgaard,93.2,54.6,78.1,55.2,15.111916,-14.053005468078677,1.064362889177747,0.10740001320481689,-0.9569628759729302,1.9827424165429757,0.4891447731124,-1.4935976434305758,3.0667327361453625,1.2565928914127105,-1.810139844732652,2.8176877137155096,9.866549209941384,1,0,2,0,4,0,1,0,1,0,0,1
3998841,631de958-a760-40ac-a3be-11108be03abc,2,45,57,Denmark Women's,Emma Skou Færge,Emma Snerle,77.7,69.9,82.8,49.5,21.027838,13.406699426740282,0.07818109976530135,0.5199624697938124,0.4417813700285111,0.34657232671232746,1.2914003970483499,0.9448280703360223,0.9443544007239886,2.4292965977132597,1.484942196989271,8.893739969078725,4.19486898656427,0,0,0,1,0,2,0,0,0,0,0,0
3998841,4ee0db4a-6690-41bc-9520-6f36505b0bad,2,46,58,Sweden Women's,Madelen Fatimma Maria Janogy,Ingrid Filippa Angeldal,28.8,54.8,32.6,68.7,14.410066,0.40149763219207557,1.1337714217515211,0.4502584239679434,-0.6835129977835777,1.7586595117333408,0.8994061335459915,-0.8592533781873493,2.533868490214231,1.6070586930511601,-0.9268097971630709,2.1226894377581025,2.9250592529850308,2,1,2,1,3,1,0,1,1,0,0,1
3998841,70249bb3-0e40-4d7e-ac3e-277103b07699,2,47,4,Sweden Women's,Ingrid Filippa Angeldal,Hanna Lundkvist,31.3,69.9,20.2,68,11.261438,-10.049508201619545,0.5285972611309284,0.020158600657863235,-0.5084386604730652,0.7717457409824434,0.11889304996622119,-0.6528526910162222,1.1597075765605576,0.36675150368932424,-0.7929560728712333,1.9761402842956692,11.953187185001179,1,0,1,0,1,0,0,0,1,0,0,1
3998841,8eaa8106-1c55-4d30-9236-b25269e0c7a3,2,47,6,Sweden Women's,Hanna Lundkvist,Gun Nathalie Björn,21,68,22,55.7,12.340584,3.633794420763408,0.010472284437547736,0.007529214975839864,-0.002943069461707872,0.08738260370865791,0.07019488037038236,-0.01718772333827555,0.31120117012255366,0.26732368394693073,-0.043877486175622926,14.25024003956292,15.215378057700615,0,0,0,0,0,0,0,0,1,0,0,1
3998841,4f7f4a50-96b5-49a4-af15-0bd68a149b9d,2,47,13,Sweden Women's,Linda Brigitta Sembrant,Gun Nathalie Björn,35,27.4,32.4,47.1,19.870832,-1.958449582146386,0.12359019097995644,0.013110000214859092,-0.11048019076509735,0.30598558452327446,0.11185574856316874,-0.19412983596010572,0.5728926320937736,0.41351766651803157,-0.15937496557574204,6.3029713717464375,15.002394467691511,0,0,0,0,1,0,0,0,1,0,0,1
3998841,672e1243-baf3-45bf-aafd-318aba7aee81,2,47,36,Sweden Women's,Johanna Rytting-Kaneryd,Kosovare Asllani,93.5,77.2,90.7,76,3.0463092,-0.7427498945918316,0.9660308733082754,0.30691209166882405,-0.6591187816394514,1.3747060808079665,0.7573574204713193,-0.6173486603366473,2.043466846422445,1.5083468428074904,-0.5351200036149546,0.6533227770709755,4.219854692134039,1,0,1,1,2,1,1,0,0,0,0,0
3998841,25673d6d-deae-4441-a07c-d005a8dc8698,2,48,9,Denmark Women's,Emma Snerle,Pernille Mosegaard Harder,50.7,8.5,55.3,12.5,6.0959,5.821411562248471,1.069781451922213,0.9046206538072488,-0.1651607981149643,1.7385353948287776,1.5843691793533805,-0.1541662154753971,2.5635838857524726,2.445198268421535,-0.11838561733093744,1.7418622060776348,1.5260630645076159,2,1,2,1,2,3,0,0,1,0,0,1
3998841,27452bb4-7f63-4419-a308-33166d56745d,2,48,15,Denmark Women's,Sara Holmgaard,Katrine Veje,49,3.1,27.9,5.7,21.259586,-18.263392052025097,0.9393097861920958,0.7132621940894243,-0.22604759210267156,1.5480266475184337,0.9506547460150391,-0.5973719015033946,2.2964883002619287,1.4399202970272005,-0.8565680032347283,1.9435286371145393,1.076039122509613,1,1,2,1,3,1,0,0,1,0,0,1
3998841,50b2bf6f-6a53-4118-be37-8ab8486b82ae,2,48,20,Denmark Women's,Katrine Veje,Maja Bay Østergaard,21.2,19.4,2.1,37.4,26.24519,-17.00394045469058,0.22988734323892077,0.05174308756513636,-0.1781442556737844,0.6180741725007881,0.1897397868541541,-0.428334385646634,1.2071500857378414,0.46489531567197123,-0.7422547700658702,5.354167455767398,8.939563651086194,0,0,0,0,1,0,0,1,1,0,0,1
3998841,9f856a73-60fb-4af6-a5d1-4b4b5ec43168,2,48,22,Denmark Women's,Maja Bay Østergaard,Stine Ballisager Pedersen,4.9,39.5,7.2,24,15.669716,1.1719852469619525,0.051743087291270626,0.664739171648427,0.6129960843571564,0.1897397833441589,1.085905323216044,0.8961655398718852,0.4648953028463059,1.517338636053612,1.0524433332073062,8.939563652141496,3.0701396116092448,0,0,0,2,0,2,1,0,1,0,0,1
3998841,68c67feb-5de8-4cdb-b3e9-7f4c4d5c98e5,2,48,39,Sweden Women's,Julia Zigiotti-Olme,Ingrid Filippa Angeldal,84.5,17.8,83.9,46.1,28.30636,5.258170853197008,0.976130314560549,0.14715126230376285,-0.8289790522567861,1.2841317132409875,0.4529473452403679,-0.8311843680006197,1.7803231527898193,1.067823838242095,-0.7124993145477243,0.5042395121430348,6.078116519872195,1,0,1,0,2,1,0,0,0,1,1,1
3998841,eb8716cf-db3a-4262-8988-5d5a2889305a,2,48,42,Sweden Women's,Ingrid Filippa Angeldal,Johanna Rytting-Kaneryd,83.9,46.2,94.3,60.9,18.006943,3.50302192061487,0.45661841722908314,0.42178010445631253,-0.03483831277277061,0.7757352816033722,0.8351423391395313,0.05940705753615905,1.3712805813049809,1.469524127881876,0.09824354657689516,2.4583438314042185,3.212038541845614,1,0,1,1,1,1,0,0,0,1,1,1
3998841,1a1c27a6-ede5-4d62-8f1a-85d2645886fa,2,49,19,Denmark Women's,Karen Holmgaard,Frederikke Thøgersen,71.6,60.2,62.7,72.8,15.426276,-13.57754499112599,0.29607081064390006,0.07142043358948082,-0.22465037705441926,0.9781108722886173,0.2844656380936108,-0.6936452341950065,2.113098628011282,0.7922395310846291,-1.320859096926653,5.756214574819906,8.225025384754574,0,0,0,0,1,0,0,0,1,0,0,1
3998841,ede7c65b-2fe0-4015-b51a-9ecd46e50999,2,49,21,Denmark Women's,Frederikke Thøgersen,Karen Holmgaard,62.7,72.2,65.1,61.5,10.965857,6.767879012005153,0.1609113909539261,0.3562680453183976,0.19535665436447153,0.446076714619206,1.016627541467246,0.5705508268480401,1.020562633312849,2.018349499774497,0.997786866461648,5.721706787832737,6.387257034393012,0,0,0,0,1,3,0,0,1,0,0,1
3998841,311b1682-7a3b-4025-bd7f-bf6fd30b0d0f,2,49,25,Denmark Women's,Karen Holmgaard,Frederikke Thøgersen,61,66.9,52.6,71.9,9.775479,-9.724924379325543,1.1263293062297626,0.6639415894075477,-0.4623877168222149,1.619511145473589,1.2581677621800929,-0.36134338329349625,2.3062467001842952,2.0220385637192626,-0.2842081364650326,0.8977030920941347,3.0607069378611578,1,0,2,2,2,2,0,0,0,0,0,0
3998841,6703ab89-9a21-423b-80e4-a51151a0adf3,2,49,48,Sweden Women's,Linda Brigitta Sembrant,Gun Nathalie Björn,43.2,22,37.3,54,32.53936,-4.995459140717344,0.04683950720177901,0.004746195931694211,-0.0420933112700848,0.23532754150614352,0.056757230537523316,-0.1785703109686202,0.6519549665729404,0.2806797939114613,-0.3712751726614791,10.0219935994944,16.457468782754063,0,0,0,0,0,0,0,0,1,0,0,1
3998841,42aadc48-fa8a-4755-9fc4-ac1da73b41ea,2,49,53,Sweden Women's,Gun Nathalie Björn,Linda Brigitta Sembrant,45.4,53.6,43.2,25.1,28.584785,-2.4024809968857,0.09860513196066371,0.00834474518726536,-0.09026038677339836,0.29513458263128084,0.08293799784960941,-0.21219658478167142,0.6645388313371949,0.3407875523716383,-0.3237512789655566,7.063130316077665,15.206566739017903,0,0,0,0,1,0,0,0,1,0,0,1
3998841,2a8b2601-42c6-4c12-b204-33aa3c96639a,2,49,58,Sweden Women's,Linda Brigitta Sembrant,Jennifer Miley Falk,43.6,24.9,24.3,42.5,26.119915,-17.85473127753673,0.12441509647398655,0.0056413952796478635,-0.11877370119433868,0.32786042235408835,0.05436474574857802,-0.27349567660551033,0.6836244721605511,0.2178285485659154,-0.46579592359463573,6.32088223687322,15.845738197814704,0,0,0,0,1,0,0,0,1,0,0,1
3998841,ae98f25a-ba2a-492e-871d-97cd7144bdca,2,50,30,Sweden Women's,Jennifer Miley Falk,Hanna Lundkvist,6.8,54,28.6,71,27.644892,17.548398611720316,0.08263660639599564,0.013934859593888268,-0.06870174680210737,0.2260118565313338,0.11257235171993965,-0.11343950481139414,0.4182238580037029,0.3850553831894131,-0.03316847481428975,7.480788421724352,14.116765197277957,0,0,0,0,1,0,1,0,1,0,0,1
3998841,cbebdb3d-7c45-41de-beeb-24d068adcfb5,2,50,39,Denmark Women's,Katrine Veje,Amalie Jørgensen Vangsgaard,98.4,7,100.5,17.3,10.511898,9.515013883871152,0.7042050875719246,0.6261996707104275,-0.07800541686149709,1.122864475907201,1.2215977046880817,0.09873322878088064,1.701265276757263,2.0492280798942466,0.3479628031369837,1.8043274886876048,2.436649906331233,1,1,1,1,2,2,0,0,1,0,0,1
3998841,975c80ac-f7bb-4ef9-9b71-beb3ff03c4da,2,50,44,Sweden Women's,Ingrid Filippa Angeldal,Johanna Rytting-Kaneryd,38.6,64,57.1,73.9,20.982374,13.410741045444809,0.7860740389155996,0.08677278456729345,-0.6993012543483061,1.3889708981482478,0.3038750567299453,-1.0850958414183025,2.1650527103913473,0.7524142184654442,-1.412638491925903,2.407203158521944,7.65463835943987,1,0,1,0,3,1,0,0,1,0,1,1
3998841,38174dea-5a00-4113-ad55-3cb2cce6497b,2,50,55,Sweden Women's,Johanna Rytting-Kaneryd,Ingrid Filippa Angeldal,109.6,53.8,102.4,42.3,13.567977,-0.4696015875971007,1.2811379084077557,0.3961898581309571,-0.8849480502767986,2.0448944496777504,1.1154888797614408,-0.9294055699163095,2.9186733562534037,2.1198097682464105,-0.7988635880069932,1.832031540178555,5.4037076379947075,2,0,2,0,3,2,0,0,0,1,1,1
3998841,140922fa-0475-4073-86aa-888566233524,2,51,19,Sweden Women's,Ingrid Filippa Angeldal,Jonna Ann-Charlotte Andersson,95.6,61.4,86.6,24.7,37.787434,-4.282691163235285,0.6459351749135023,0.0334989886551957,-0.6124361862583065,1.4951679748550548,0.203525885368923,-1.2916420894861318,2.653533943581119,0.7034506339452893,-1.9500833096358297,3.398954758526599,10.69254233893355,0,0,1,0,3,0,0,0,0,0,0,0
3998841,e0890e3c-2a6a-43e2-8893-46c7cd75937d,2,52,21,Sweden Women's,Linda Brigitta Sembrant,Julia Zigiotti-Olme,21.2,25.5,36.1,25.5,14.9,14.714588894530038,0.004631766563275219,0.19630355724322188,0.19167179067994666,0.06413337014534555,0.5248584418475202,0.46072507170217464,0.2904148660683825,0.986993602437446,0.6965787363690635,18.651947815001424,6.405266581484257,0,0,0,0,0,2,0,0,1,0,0,1
3998841,3537b8a7-9515-41ff-9a77-6dd81575c843,2,52,26,Sweden Women's,Julia Zigiotti-Olme,Ingrid Filippa Angeldal,36.1,45.6,44.4,61.1,17.582378,5.597382832575434,0.3938766946287643,0.20510320030842125,-0.18877349432034304,0.8443577538583726,0.560547295352485,-0.2838104585058876,1.465081699479186,1.1442739134497735,-0.3208077860294125,4.77278495933638,5.503484154559343,0,0,1,0,2,1,0,0,0,0,0,0
3998841,f1b11f2a-45d6-4f96-80e3-ca9d7d08988f,2,53,14,Sweden Women's,Emma Stina Blackstenius,Jonna Ann-Charlotte Andersson,78.6,32.1,69.8,20.5,14.56022,-11.7073359479106,1.201040036108287,0.2702182476052486,-0.9308217885030383,1.756093692681028,0.6995310697709792,-1.0565626229100489,2.43739629994735,1.3612455073895293,-1.0761507925578209,1.054559849272365,5.548830117130532,2,0,2,0,2,2,1,0,0,0,0,0
3998841,56750425-2269-42f3-af73-1c398db1caa9,2,53,26,Sweden Women's,Julia Zigiotti-Olme,Ingrid Filippa Angeldal,84.9,13.8,92,28.9,16.685923,13.680187196359597,0.23630579092001913,0.5372508937186611,0.30094510279864195,0.6336801960810289,1.2367398456045402,0.6030596495235113,1.3384640822075229,2.360474490574814,1.0220104083672912,4.911945986303896,2.979122878834357,0,1,1,1,1,1,0,0,1,0,0,1
3998841,01e92452-4f86-4574-80e0-3f12367951f3,2,53,35,Sweden Women's,Kosovare Asllani,Jonna Ann-Charlotte Andersson,110,23.7,99.9,18.4,11.406138,-10.382400456704968,0.7638397915218356,0.17065697747512945,-0.5931828140467061,1.2715747958915742,0.4475280643834895,-0.8240467315080846,2.1222912455184186,0.9843808794354454,-1.1379103660829732,1.2941319857397229,5.533629388678654,1,0,1,0,1,1,1,0,0,0,0,0
3998841,4265b21e-29fc-4faf-bf7b-30bc69d40594,2,53,50,Sweden Women's,Hanna Lundkvist,Madelen Fatimma Maria Janogy,86.4,66.6,92,51,16.57468,12.771420109056454,0.28804290934248383,0.25869970310380447,-0.029343206238679365,0.7036873842967464,0.8108542884924768,0.10716690419573038,1.3395349648097765,1.7602575518072325,0.420722586997456,4.916446246664738,5.252618807010081,0,0,1,0,2,1,0,0,1,0,0,1
3998841,28628fa0-4945-4ead-8693-676d080ff07d,2,53,51,Sweden Women's,Madelen Fatimma Maria Janogy,Kosovare Asllani,92,51,85.3,49.8,6.8066144,-5.974097572227851,0.2853460331617155,0.21617473316468538,-0.06917129999703009,0.8307915290254606,0.6947741858917055,-0.13601734313375513,1.7683150897437374,1.5365889769766214,-0.23172611276711597,4.711376950293381,6.681323298345557,0,0,1,0,1,2,0,0,1,0,0,1
3998841,0f3354f3-0c65-4681-8e07-cc1bfc7e3d55,2,53,54,Sweden Women's,Kosovare Asllani,Madelen Fatimma Maria Janogy,92.2,51.3,100.4,52.1,8.238932,6.974726884582836,0.47350520001496427,0.9758807035994029,0.5023755035844386,1.1522675334049648,2.0279319640024194,0.8756644305974546,2.1448256237883276,3.2597631677956005,1.1149375440072729,4.038647611362313,3.923961315480025,0,0,1,3,2,4,0,0,1,0,0,1
3998841,f7f60e11-03f3-4459-8784-c71cf876e539,2,54,3,Sweden Women's,Ingrid Filippa Angeldal,Kosovare Asllani,95,55,100.6,46.5,10.1789,8.694798574948116,0.48541128178544657,1.1168105100952053,0.6313992283097587,1.0993318577297166,2.137941947542132,1.0386100898124153,2.02157022170217,3.3232145259384533,1.3016443042362833,3.30163327558297,2.6682255077125245,0,1,1,3,2,5,0,0,0,1,1,1
3998841,04058b06-1e8f-483c-b6b6-6eac2783cf59,2,54,4,Sweden Women's,Kosovare Asllani,Ingrid Filippa Angeldal,100.6,46.5,104.5,55,9.352005,-1.1096937108446099,1.6121924435333697,1.1931902447975162,-0.4190021987358534,2.5938415499215526,2.035475230736856,-0.5583663191846964,3.6933337554745047,3.1068532844345973,-0.5864804710399074,1.623531091297184,1.130612435850286,2,1,3,2,5,4,0,0,0,1,1,1
3998841,f6319f0e-e8cc-4626-b552-2afb2664c344,2,55,31,Denmark Women's,Katrine Veje,Pernille Mosegaard Harder,82.8,6.4,82.5,15.2,8.805112,5.16907769842642,0.48379629408431607,0.6225202508725456,0.13872395678822952,1.0596434382695372,1.312201999757687,0.2525585614881498,1.8819385506489454,2.302273047847332,0.42033449719838645,3.697869919474695,2.7459602891261983,0,1,1,1,2,3,0,0,1,0,1,1
3998841,e203e880-7499-42e7-acfc-542360b239d6,2,55,33,Denmark Women's,Pernille Mosegaard Harder,Amalie Jørgensen Vangsgaard,89,20,103.5,17.5,14.713939,8.990120634786024,1.402704994848264,0.6803268439437462,-0.7223781509045177,2.16762985879768,1.3588255953631498,-0.80880426343453,3.1445946403312255,2.282145510808168,-0.8624491295230574,0.7623756084096914,2.931742052554688,1,1,2,2,4,2,0,0,1,1,1,1
3998841,670e5bee-0ccc-449d-9048-13e649c449e2,2,55,36,Denmark Women's,Amalie Jørgensen Vangsgaard,Emma Snerle,112.3,25.6,104.2,47.5,23.349947,-1.1602899609782256,0.9207504183280809,0.9076848759117385,-0.01306554241634239,1.6095610174631862,1.5771002312092248,-0.03246078625396143,2.5429112420884223,2.5586296738238627,0.015718431735440408,1.9554117048966209,1.0780224783779868,1,1,2,1,2,2,0,1,1,1,1,1
3998841,8acf1886-d9c0-4517-9bf6-41f207e1ae3b,2,55,44,Denmark Women's,Katrine Veje,Sara Holmgaard,73.5,16.4,93,7.9,21.272047,10.200723361542188,0.32563048243039533,0.57462604474924,0.24899556231884462,0.6658173682471193,0.7714539894164031,0.10563662116928374,1.1818302933132516,1.1184348972959501,-0.06339539601730149,3.7274709383448315,1.6795547025631463,0,1,1,1,1,1,0,1,0,0,0,0
3998841,202206ee-4e60-403a-ba48-ee8a1bf300b8,2,58,3,Denmark Women's,Emma Snerle,Janni Thomsen,39.6,20.4,48.2,7.9,15.172673,4.105673550987575,0.5600190377854737,0.14160466174480224,-0.41841437604067144,0.9015905839230555,0.34965239919672414,-0.5519381847263314,1.438283543184842,0.7071535265989507,-0.7311300165858913,1.9938769738437623,5.927147327138206,1,0,1,0,1,1,0,0,1,0,0,1
3998841,750e98b3-a5e7-4677-a2e5-aa7799d1e311,2,58,21,Sweden Women's,Madelen Fatimma Maria Janogy,Kosovare Asllani,62.5,25.5,72.6,9.8,18.668154,3.0968815612571845,0.0821697568647804,0.4028700317151628,0.3207002748503824,0.2417266043044432,0.6086460894832997,0.3669194851788565,0.5221012090238969,0.8694245931385516,0.3473233841146547,7.525815762743594,2.7440510928219277,0,1,0,1,1,1,0,0,0,0,0,0
3998841,64fd1ada-93c5-4643-9525-9cb9b0ba3d95,2,61,48,Denmark Women's,Pernille Mosegaard Harder,Emma Skou Færge,46.3,31.1,47.7,57.9,26.836542,-0.247447657726795,1.2653436429638603,0.12846728426759227,-1.136876358696268,2.031508845661717,0.43229665918776367,-1.5992121864739535,2.9316212412084672,0.9753190593535038,-1.9563021818549635,0.8758988841867602,7.2138700430236256,1,0,2,0,3,1,1,0,1,0,0,1
3998841,a9709b70-dd03-46b3-89ef-f2297a94ffb6,2,62,6,Denmark Women's,Emma Snerle,Katrine Veje,78.3,6,74.7,1.4,5.841233,-5.710942134645549,0.5844154114043313,0.1613902031093759,-0.4230252082949554,0.9233038513938344,0.4193790791859328,-0.5039247722079017,1.4655395730685556,0.8812257637269443,-0.5843138093416114,1.8308743822338078,5.659277327210639,1,0,1,0,1,1,0,0,1,0,0,1
3998841,9c3d995d-26b2-430b-a307-b16a7f805e00,2,62,10,Denmark Women's,Katrine Veje,Emma Snerle,72.9,2.9,71.4,10.3,7.5504966,3.00025539787422,0.3249986656879848,0.27791231095083,-0.04708635473715478,0.7439301189776186,0.8186809406247115,0.0747508216470929,1.4170602854818717,1.678783927780036,0.26172364229816436,3.954109712911944,6.065993040828123,0,0,1,0,1,2,0,0,1,0,0,1
3998841,0978bea6-f938-4002-987d-f236421377a5,2,62,12,Denmark Women's,Emma Snerle,Stine Ballisager Pedersen,68.1,11,48.4,16.7,20.508047,-15.843164061434216,0.43951292482149124,0.005346274343820561,-0.43416665047767067,0.9632634674342095,0.07333175072366,-0.8899317167105496,1.7841958823040305,0.3474630514362913,-1.4367328308677392,3.3558481952715127,17.483353940641436,0,0,1,0,1,0,0,0,1,0,0,1
3998841,9af988c8-ccc8-4bc2-8523-2816cbf10455,2,63,13,Sweden Women's,Johanna Rytting-Kaneryd,Hanna Lundkvist,66.5,43.6,56,60.3,19.726631,-13.521326849778127,1.460810147883062,0.0632721019095779,-1.397538045973484,2.0557982277776605,0.31237793428182187,-1.7434202934958387,2.871751534242634,0.8631011429644513,-2.0086503912781826,0.8677207826432055,9.513926737800533,2,0,2,0,3,0,1,0,1,0,0,1
3998841,a0825cbb-37e7-4800-afac-1e2fe078fb87,2,63,19,Sweden Women's,Hanna Lundkvist,Gun Nathalie Björn,57.4,62,46.6,52.5,14.383672,-8.10346915023679,0.06588342524684512,0.017559265681692995,-0.048324159565152125,0.296597195089723,0.11678282346762596,-0.179814371622097,0.7863267953947561,0.4055829681657737,-0.3807438272289824,9.656269260763692,12.459489094196368,0,0,0,0,0,0,0,0,1,0,0,1
3998841,d0f36234-45bd-47eb-adfd-93c22dfa7131,2,63,22,Sweden Women's,Gun Nathalie Björn,Hanna Lundkvist,49.1,52.8,56.9,71.1,19.892963,1.698315752338189,0.036848212694490234,0.020726957619294138,-0.016121255075196097,0.1852859923326022,0.13301313063475895,-0.05227286169784326,0.5376428554545041,0.45273190334023183,-0.08491095211427224,10.292156579522867,12.01272238417624,0,0,0,0,0,0,0,0,0,0,0,0
3998841,ecdc13f0-3b00-4d11-b7be-9483842a754f,2,64,5,Sweden Women's,Ingrid Filippa Angeldal,Hanna Lundkvist,50.5,64.3,37.3,68.5,13.852076,-13.847406704132226,0.9152614973180123,0.045203780772287,-0.8700577165457253,1.5577875757460002,0.274716654194384,-1.2830709215516163,2.3753730320580373,0.8217326319845895,-1.5536404000734478,1.5945412864085775,11.737752459066158,1,0,1,0,3,0,1,0,1,0,0,1
3998841,fbcc08ad-d11d-4dad-8590-fbed9e65d49b,2,64,7,Sweden Women's,Hanna Lundkvist,Jennifer Miley Falk,37.8,68,14.8,47.4,30.876528,-18.62193489204992,0.03860429345280105,0.00012636679116670728,-0.03847792666163435,0.24114040702242948,0.0058210616228541005,-0.23531934539957539,0.7408645635526747,0.05126835504330546,-0.6895962085093692,11.15787251709077,27.72972940609962,0,0,0,0,0,0,0,0,1,0,0,1
3998841,df527581-b31b-4c9f-b06e-b3eaa4b14ddf,2,64,11,Sweden Women's,Jennifer Miley Falk,Gun Nathalie Björn,16.9,46.7,25.5,57.8,14.041723,7.155681152215777,0.00019364719126023966,0.002853358163989505,0.0026597109727292652,0.008599589752545208,0.04017410161170277,0.031574511859157564,0.07545377806144173,0.18682163505490834,0.11136785699346662,26.782526993889682,18.83818276809996,0,0,0,0,0,0,0,0,1,0,0,1
3998841,05fb2dfd-05d6-4890-a4a4-ccd784f62528,2,64,14,Sweden Women's,Gun Nathalie Björn,Linda Brigitta Sembrant,28.1,56.8,29.6,40.4,16.468454,3.0220779645562317,0.005104996842967848,0.012554486892632031,0.007449490049664183,0.05725391451959676,0.09299538726487129,0.03574147274527453,0.2331343973847206,0.31530946530563286,0.08217506792091225,17.351559226031124,13.533160396665549,0,0,0,0,0,0,0,0,1,0,0,1
3998841,f0ae486a-712c-488e-805d-107634aacb67,2,64,19,Sweden Women's,Gun Nathalie Björn,Ingrid Filippa Angeldal,29.2,57.4,44.4,71,20.396078,10.743153952941185,0.012961046880038863,0.021731291286116734,0.008770244406077871,0.10482730437649697,0.15278114002467877,0.0479538356481818,0.38271868825364314,0.48779680706451334,0.1050781188108702,14.01751527528526,13.735312819627264,0,0,0,0,0,0,0,0,1,0,0,1
3998841,e259b539-5ad6-4fd0-b779-377c833f1042,2,64,22,Sweden Women's,Ingrid Filippa Angeldal,Hanna Lundkvist,53.7,71.4,69.2,74.6,15.826876,11.895919607248054,0.0951466312877007,0.11229662388760052,0.017149992599899813,0.3292391531498884,0.40683689738108975,0.07759774423120136,0.7559036163604145,0.9958381705440693,0.23993455418365484,7.609651375879051,7.158042912472121,0,0,0,0,1,1,0,0,1,0,1,1
3998841,717d7569-05c7-4c9b-bdc3-f1b1b93f08af,2,64,29,Sweden Women's,Hanna Lundkvist,Madelen Fatimma Maria Janogy,98.9,65.3,112.7,36.9,31.575306,25.012939671260195,0.22741524785676503,1.3359710733430687,1.1085558254863037,0.6537205224784428,2.1879048393433655,1.5341843168649227,1.3670813553317334,3.1974888041749225,1.8304074488431892,5.521357477520261,1.1772552872783326,0,1,0,2,1,5,0,0,0,1,1,1
3998841,3258de6c-d6e5-41be-a290-e26b82d79c1b,2,65,33,Sweden Women's,Ingrid Filippa Angeldal,Johanna Rytting-Kaneryd,58.5,66.8,71.7,74.9,15.487091,7.496262877277836,0.8392302476433093,0.3809470727558345,-0.45828317488747483,1.5892441315901835,0.9607120903907462,-0.6285320411994373,2.45751349402477,1.8151166401021297,-0.6423968539226403,2.407569249019519,4.676057767801238,1,0,2,1,3,2,0,0,1,0,1,1
3998841,9892c1f4-8d89-4e96-8733-6e04b19c8c61,2,65,37,Sweden Women's,Johanna Rytting-Kaneryd,Kosovare Asllani,82.4,73.7,88,65.1,10.262553,9.822556828946063,0.5511500773487581,0.3207643961757015,-0.23038568117305658,1.1241849224495783,1.0493969522700357,-0.07478797017954264,1.9053037280813827,2.1593581107223736,0.2540543826409909,4.087519917138953,6.765199030615423,0,0,2,0,2,1,0,0,1,1,1,1
3998841,b4a2bf14-2943-4bfb-b48d-21e34fd4ee07,2,65,38,Sweden Women's,Kosovare Asllani,Johanna Rytting-Kaneryd,90.5,67.6,110.4,75.2,21.301878,3.9125299185291667,0.8568017902313471,0.1717414422513273,-0.6850603479800198,1.7473414855839544,0.4794453332347375,-1.267896152349217,2.832594998625524,0.9948827263845862,-1.8377122722409376,3.4479743239099805,5.8449334613893065,0,0,2,0,4,1,0,0,0,1,1,1
3998841,f6ffc37d-1c91-4634-b806-9fdffdad34f8,2,65,41,Sweden Women's,Johanna Rytting-Kaneryd,Emma Stina Blackstenius,110.4,75.4,113,47.8,27.722193,26.198146112127905,0.171741697886702,1.1012603296130035,0.9295186317263014,0.4794457531539763,1.9593561113794555,1.4799103582254793,0.9948832641601898,3.1378066975091463,2.1429234333489564,5.844928901708676,0.958669040841437,0,1,0,1,1,3,0,0,0,1,1,1
3998841,eb9b92c8-6b32-493c-a82e-c6ecc7890b9e,2,66,14,Sweden Women's,Johanna Rytting-Kaneryd,Emma Stina Blackstenius,72.6,62,86.4,71,16.475437,6.540593892961645,0.9223806491244579,0.6047098310875948,-0.31767081803686315,1.7334302399960717,1.1624713367390695,-0.5709589032570022,2.869073172869026,1.962996366230738,-0.906076806638288,2.162889677613177,3.146705423568538,1,0,2,2,2,2,0,0,1,0,0,1
3998841,bb8111eb-69e2-441a-afc9-6956fb38cd7f,2,66,22,Sweden Women's,Emma Stina Blackstenius,Gun Nathalie Björn,75.9,73.3,61.4,74.7,14.56743,-12.842937307865157,0.8672698277336627,0.020026316734399807,-0.8472435109992629,1.5594617556047015,0.1503384083530613,-1.4091233472516402,2.483421879777064,0.5376781320210353,-1.9457437477560287,1.87253700188302,13.072112131905929,1,0,2,0,2,0,0,0,0,0,0,0
3998841,9944d803-430f-4300-a54c-b40797bc8766,2,66,41,Sweden Women's,Johanna Rytting-Kaneryd,Kosovare Asllani,95.1,74.6,99.8,70.6,6.1717095,5.962216399080447,0.6885050930417773,1.5532891887955829,0.8647840957538055,1.281565253352938,2.236146729171571,0.9545814758186328,2.0477307434493692,2.970652826390945,0.9229220829415756,2.240037646574414,0.7215550588567997,1,1,1,3,3,4,0,1,1,0,0,1
3998841,90c5f854-35a5-4ddb-bed9-6e834db0f47f,2,66,42,Sweden Women's,Kosovare Asllani,Johanna Rytting-Kaneryd,98.7,70.6,105.2,78.5,10.230347,-3.963322526633405,1.5090766597173793,0.8419710002906464,-0.6671056594267328,2.1858322955573612,1.3530365401409865,-0.8327957554163747,2.9366230080290445,2.016589344197183,-0.9200336638318616,0.6034204737134323,1.3681451610933633,1,1,3,1,4,3,0,0,1,0,0,1
3998841,8be6ad2c-adb7-492b-b9c5-dd6a1032812b,2,66,52,Sweden Women's,Smilla Holmberg,Kosovare Asllani,116.9,74.7,111.9,52.5,22.756098,19.943231835095396,0.7242694084352812,1.648185384484973,0.9239159760496918,0.9330941647453425,2.6797326404304704,1.746638475685128,1.3005714679863436,3.8596959408765423,2.5591244728901987,1.0612213944350986,0.9518658040473233,1,2,1,2,1,5,0,1,0,1,1,1
3998841,8b5a0600-4e44-418f-ae5e-5d045c4b3f63,2,69,49,Denmark Women's,Emma Skou Færge,Josefine Hasbo,42.6,57.1,50.7,50.2,10.640489,9.21982206915267,0.3356599120654284,0.38788202958139084,0.05222211751596245,0.5836950712500438,0.8218018537064531,0.23810678245640926,0.9022103677177613,1.4517455507027772,0.5495351829850159,3.365048963472704,3.449519535503926,0,0,1,1,1,1,0,0,0,0,0,0
3998841,5ae3bab3-c598-4f97-bf0f-9e7b21a7a6d6,2,69,53,Sweden Women's,Ingrid Filippa Angeldal,Emma Stina Blackstenius,56.6,25.8,75.2,40.4,23.645718,20.16897697651472,0.6675573848289844,0.35534544886251546,-0.31221193596646896,1.2318851624309415,0.9403144794298506,-0.2915706830010909,2.0587729117041644,1.862007099023634,-0.1967658126805305,2.1512663738537303,5.455496050497365,1,0,1,0,2,2,0,0,1,0,0,1
3998841,f40bfcee-d68b-4fe1-8837-c4171564d8c7,2,70,8,Denmark Women's,Emma Snerle,Signe Kallesøe Bruun,18,12.1,42.3,23.2,26.715164,26.251443279473577,0.19319056068266918,0.3870358152802867,0.1938452545976175,0.5619245842369589,0.9611386005719281,0.3992140163349692,1.1498945153699702,1.8539918924604315,0.7040973770904613,6.474498157866963,4.260457653020109,0,0,0,1,1,2,0,0,0,0,0,0
3998841,b27368d7-ff3e-44a3-83ed-59031da3dbc3,2,70,10,Denmark Women's,Signe Kallesøe Bruun,Pernille Mosegaard Harder,42.1,21.3,55.7,6,20.47071,7.377290510959412,0.6656855295163698,0.29654619959514184,-0.369139329921228,1.3189494474552665,0.7686658505943249,-0.5502835968609416,2.240520794366801,1.4705891155461719,-0.769931678820629,2.507426487111557,5.341549222846863,1,0,1,0,3,2,0,0,0,0,0,0
3998841,a831623f-c058-4d5b-9d4f-c861d39f458e,2,70,23,Sweden Women's,Gun Nathalie Björn,Linda Brigitta Sembrant,23,67.6,27.3,52.1,16.085398,7.36382327767997,0.0036555135496861442,0.006016203189691923,0.002360689640005779,0.051213854714414954,0.06108118068039665,0.009867325965981694,0.2401994768892772,0.2605125334337794,0.02031305654450219,19.046117102615792,15.63388825088862,0,0,0,0,0,0,0,0,1,0,0,1
3998841,4457f010-d44c-4d4e-b9c7-9d0c12e32035,2,70,24,Sweden Women's,Linda Brigitta Sembrant,Julia Zigiotti-Olme,27.9,51.5,36.5,63,14.360014,6.20543576575092,0.007038361623443156,0.060135862726637415,0.05309750110319426,0.06722660283365937,0.2603033147566126,0.19307671192295323,0.27699224254996657,0.6568751414638194,0.37988289891385285,15.164385891645201,9.140404105121345,0,0,0,0,0,0,0,0,1,0,0,1
3998841,4c63afb8-4c9c-4ab3-be2a-4d0cb43b46fb,2,70,27,Sweden Women's,Julia Zigiotti-Olme,Smilla Holmberg,41.1,63.7,56.4,76,19.631098,9.30077190596154,0.13701193472086318,0.017110802895565783,-0.1199011318252974,0.45517448593881055,0.1460896057473866,-0.30908488019142394,0.9866295295608958,0.5299225206155469,-0.4567070089453489,7.7656543624364085,14.759616448921802,0,0,0,0,1,0,0,0,1,0,0,1
3998841,a7d24493-d49c-4f31-86ee-901e04e5ab2b,2,70,35,Sweden Women's,Smilla Holmberg,Kosovare Asllani,76.5,76,73.4,69.9,6.842514,1.0970008765136825,0.3017663613377594,0.3041957120248307,0.0024293506870712855,0.6918268126230487,0.8701751018197936,0.17834828919674495,1.380888830083173,1.7472781766815653,0.3663893465983923,3.9505458662735964,6.5346229194731995,0,0,1,0,1,3,0,0,1,0,0,1
3998841,4e4ef014-b6b7-40cb-8928-d86500954d7b,2,70,37,Sweden Women's,Kosovare Asllani,Ingrid Filippa Angeldal,73.4,69.9,83.9,70.6,10.523308,8.043494454994857,0.2933116228488339,1.137301330242246,0.843989707393412,0.8697226736178116,1.7938613087028437,0.924138635085032,1.7706519782318209,2.737894368144022,0.9672423899122014,6.954621870311158,0.7216485168698402,0,1,0,2,3,3,0,1,1,0,0,1
3998841,cf51d435-4bc4-4337-b55a-df7cc688b38d,2,70,38,Sweden Women's,Ingrid Filippa Angeldal,Kosovare Asllani,80.5,69.8,73.4,68,7.324616,-4.88486425084848,1.1373011571891394,0.17253690456345547,-0.9647642526256839,1.7938611606774273,0.6721561149309763,-1.121705045746451,2.7378943231049377,1.5490760024082606,-1.1888183206966771,0.7216489843398161,8.340821984059252,1,0,2,0,3,0,1,0,1,0,0,1
3998841,d19f2001-c808-4341-b1f9-c1337a847eda,2,71,1,Sweden Women's,Jonna Ann-Charlotte Andersson,Julia Zigiotti-Olme,56.9,8.2,53.7,14,6.624198,-0.5556969126403004,0.35024652390418626,0.24994960875337008,-0.10029691515081618,0.6153983669286442,0.6509074147390288,0.03550904781038455,1.0143637546121727,1.2868805817533795,0.27251682714120684,3.2345122211128516,5.081698457983565,0,0,1,0,1,1,0,0,1,0,0,1
3998841,c7e3e2e5-2e54-4478-ae41-828e76272293,2,71,9,Sweden Women's,Julia Zigiotti-Olme,Jonna Ann-Charlotte Andersson,66,19.2,59.1,9.4,11.985408,-10.288049294599354,0.7740277004392668,0.0605327010617759,-0.713494999377491,1.4198053789488656,0.2759456115106717,-1.1438597674381938,2.162781957646941,0.7406198575905643,-1.4221621000563769,2.858099048117957,9.11576572975621,1,0,2,0,3,0,0,0,0,0,0,0
3998841,4ff12bad-3716-4b5f-80d6-a9d311402900,2,71,12,Sweden Women's,Jonna Ann-Charlotte Andersson,Kosovare Asllani,61.7,10,78.4,17.8,18.431767,18.412978381970547,0.3850771253453036,0.9836061984267653,0.5985290730814617,0.7234183020995144,1.4734848109088425,0.7500665088093281,1.2788609551127126,2.2926765576515025,1.0138156025387899,3.0798273840019195,0.5746733594514764,0,1,1,1,1,2,0,1,0,0,0,0
3998841,379daeea-aadd-4f6d-a70d-a05404b5ec8f,2,71,31,Sweden Women's,Kosovare Asllani,Rebecka Blomqvist,93.7,12.1,84.9,19.4,11.4337225,-2.3566426673149934,1.0406139541700536,0.4246063069921047,-0.616007647177949,1.5913834671700622,1.0851199370931135,-0.5062635300769487,2.3928302993249497,2.0747905432884126,-0.3180397560365371,0.698855889483169,4.4733485341493076,1,0,1,1,3,2,0,0,1,0,0,1
3998841,f09da6da-6b1d-4ee1-bc57-145d90de255d,2,71,32,Sweden Women's,Rebecka Blomqvist,Julia Zigiotti-Olme,84.3,19.1,77.8,18.4,6.537584,-6.038888652125152,0.5165799841569632,0.38435004042158305,-0.1322299437353801,1.2128619813117656,0.9029852086900243,-0.3098767726217413,2.266322207222977,1.734841406212137,-0.5314808010108403,3.6298642111133064,3.7447221819114254,0,0,1,1,2,1,0,0,0,0,0,0
3998841,47c76cd8-745c-45d7-87eb-876fe181178e,2,71,34,Sweden Women's,Julia Zigiotti-Olme,Jonna Ann-Charlotte Andersson,81.8,13.8,101,7.7,20.14572,8.847627741402256,0.7640643538506374,0.14328481592292797,-0.6207795379277095,1.450731822776041,0.5465412335636977,-0.9041905892123434,2.3563877900524854,1.3087226958382354,-1.04766509421425,2.6910169965741084,8.008376164268793,1,0,2,0,3,0,0,0,1,0,0,1
3998841,50b6a02f-84b8-419d-9bd2-8eb3363b5093,2,71,36,Sweden Women's,Jonna Ann-Charlotte Andersson,Emma Stina Blackstenius,104.5,8.2,104.8,33.7,25.501764,18.922529642200164,0.45262506530215507,0.9080890320451014,0.4554639667429463,0.9392782628349237,1.7074932730588537,0.76821501022393,1.6797135662617964,2.765468710215844,1.0857551439540478,3.1912525266201954,2.053951263972838,0,1,1,1,2,3,0,0,1,0,0,1
3998841,f7b8921a-1fb5-4515-a284-0de3ffa0d1fa,2,71,46,Sweden Women's,Johanna Rytting-Kaneryd,Ingrid Filippa Angeldal,110.6,74.9,98.9,62.4,17.121332,5.3708631450979745,0.4467578622527225,0.09188331267307201,-0.3548745495796505,0.72891230576026,0.4412511342153852,-0.2876611715448748,1.1168095904771487,1.2226816218530736,0.10587203137592494,2.643971967448144,9.143358692846666,1,0,1,0,1,0,0,0,0,1,1,1
3998841,740fd63e-2440-439a-b056-511486946ba5,2,72,7,Denmark Women's,Maja Bay Østergaard,Emma Skou Færge,5.2,38.5,11.8,72.2,34.34021,1.9201185712004758,0.04995044122449283,0.019930081577393035,-0.030020359647099797,0.19715468935146307,0.15201237232043194,-0.04514231703103114,0.5063285111938498,0.49481692403016075,-0.011511587163689052,9.103895448653514,14.67202499870453,0,0,0,0,0,0,0,0,0,0,0,0
3998841,9dee5e8c-bc0a-43b4-b866-4bba5a984e8f,2,72,16,Sweden Women's,Jonna Ann-Charlotte Andersson,Julia Zigiotti-Olme,64.8,8.8,62.3,16.8,8.381527,1.217786543582811,0.5391420280224607,0.7785161846208413,0.23937415659838057,0.8290053690771043,1.253981931538436,0.42497656246133164,1.2063977923880558,1.8466443996124726,0.6402466072244168,2.079865970490046,1.6648074758959164,1,1,1,1,1,2,1,1,0,0,0,0
3998841,d429169a-e833-479b-a831-8170b9b5109b,2,72,17,Sweden Women's,Julia Zigiotti-Olme,Kosovare Asllani,62.7,14.4,72.4,23.7,13.438005,12.445147669951261,0.7385870507465632,1.0664260299324135,0.32783897918585037,1.242743280466508,1.6180820462475234,0.37533876578101544,1.8629060569003624,2.3234258367125755,0.46051977981221315,1.9698752527843382,0.7808560993491809,1,1,1,2,2,2,0,1,0,0,0,0
3998841,0ea36b58-47c9-4c66-9dc4-7bc1e4cd199e,2,72,18,Sweden Women's,Kosovare Asllani,Rebecka Blomqvist,72.4,22.4,74,14.3,8.256513,-1.9428280414475765,1.066426115621265,1.0237028474301453,-0.04272326819111982,1.6180820377105853,1.7858956592713544,0.16781362156076907,2.323425787290976,2.5537911983013903,0.23036541101041452,0.7808554023135841,2.6166028031806032,1,1,2,3,2,4,1,0,0,0,0,0
3998841,9634cf25-28cf-4e25-9f62-260f14fbd5d1,2,72,23,Denmark Women's,Josefine Hasbo,Signe Kallesøe Bruun,45.9,69.4,62.7,66.3,17.083618,16.671877663446523,1.151053893647979,0.6386444978577205,-0.5124093957902586,1.7427100117467273,1.308633258723002,-0.4340767530237253,2.5034777380297077,2.22282654792799,-0.2806511901017177,0.5108108366163479,2.7390850346216107,1,1,1,1,2,2,1,0,1,0,0,1
3998841,ee2b8367-65ee-4c8f-a6dd-41659da2febc,2,72,24,Denmark Women's,Signe Kallesøe Bruun,Pernille Mosegaard Harder,62.7,66.3,61.4,57.7,8.6977005,1.83265665848554,0.6386444978577205,0.6345126559716424,-0.004131841886078069,1.308633258723002,1.373289565608044,0.06465630688504187,2.22282654792799,2.353728876699224,0.1309023287712341,2.7390850346216107,3.6706179870641535,1,0,1,2,2,3,0,0,1,0,0,1
3998841,f28662e4-b2ce-47ab-95ba-d2a3fbecb048,2,72,27,Denmark Women's,Pernille Mosegaard Harder,Sara Holmgaard,60.7,39.7,62.7,27.6,12.264175,0.674399589137316,0.6277667320912905,0.22143938341317637,-0.40632734867811415,1.0004915123762192,0.633712314116738,-0.36677919825948124,1.6006104980553324,1.3000792349561359,-0.30053126309919653,1.6533522754897734,5.62437538294256,1,0,1,0,1,1,0,0,1,0,0,1
3998841,b5c05c88-b617-4a25-9e39-41525a2cb232,2,72,30,Denmark Women's,Sara Holmgaard,Pernille Mosegaard Harder,61.8,28,60.4,40.1,12.180722,-0.17584641322679317,1.3681069444688119,0.7756697478066523,-0.5924371966621595,2.007108983420096,1.712602812115625,-0.2945061713044712,2.8241098391076136,2.9565211028826783,0.13241126377506474,1.3805503100050258,2.8706831359597045,2,1,3,1,3,4,0,0,1,0,0,1
3998841,bf85f936-5c2a-4ea8-9275-042f36f93ed8,2,72,31,Denmark Women's,Pernille Mosegaard Harder,Stine Ballisager Pedersen,60.4,39.9,40,34.2,21.18136,-20.60989054952705,1.1736778229399885,0.01290767659961968,-1.1607701463403688,2.1418295686010063,0.1343642223422043,-2.007465346258802,3.344119895683961,0.5488582511685539,-2.795261644515407,1.6786434999289377,15.992884837673751,1,0,2,0,5,0,0,0,1,0,0,1
3998841,c6862d59-b7e5-4629-8e0f-7d81e24e035e,2,72,33,Denmark Women's,Stine Ballisager Pedersen,Emma Skou Færge,41.3,35.5,45.7,60.7,25.581244,1.6989169868549538,0.016674554796883737,0.0632960014060661,0.04662144660918237,0.15098683466716897,0.2529378055658521,0.10195097089868313,0.5777930237084326,0.6858190679440572,0.10802604423562467,14.747764036202113,8.512248305965374,0,0,0,0,0,0,0,0,1,0,0,1
3998841,76d9b393-8791-4301-a911-4c791864f048,2,72,35,Denmark Women's,Emma Skou Færge,Frederikke Thøgersen,46.5,63.5,62.2,74,18.887562,10.1069248178988,0.1765789259304717,0.03467396966984023,-0.14190495626063146,0.42265845191787216,0.17884120140746423,-0.24381725051040792,0.868394222380289,0.5650002314735475,-0.30339399090674146,5.295604770977181,10.379942300504261,0,0,0,0,1,0,0,0,1,0,0,1
3998841,f907c9b3-3173-44d7-aa2c-e4b054506321,2,72,38,Denmark Women's,Frederikke Thøgersen,Emma Skou Færge,62.2,74,47.4,67.1,16.329422,-10.434550005539776,0.16558849551988913,0.10731763885006407,-0.058270856669825066,0.41952682665807006,0.3355990982822378,-0.08392772837583229,0.8889757254332638,0.7680610192083781,-0.12091470622488565,5.5633254504455945,6.943809388725403,0,0,0,0,1,1,0,0,1,0,0,1
3998841,037d00ca-b045-4f00-b4e9-28feba610fea,2,72,40,Denmark Women's,Emma Skou Færge,Stine Ballisager Pedersen,47.4,66.7,36.2,52.5,18.085354,-7.373094180515082,0.29314383343378697,0.010623303922442552,-0.28252052951134443,0.5775776890914855,0.08911726369632363,-0.48846042539516193,1.0207450717811515,0.35912497937828797,-0.6616200924028635,3.8286036658868974,13.947824592471147,0,0,1,0,1,0,0,0,1,0,0,1
3998841,5982c585-8b92-4ec8-b077-4c2d2f527155,2,72,43,Denmark Women's,Stine Ballisager Pedersen,Katrine Veje,36.2,52.3,37.3,27.1,25.223997,0.9978150886241508,0.022102409008148572,0.009634505572638778,-0.012467903435509794,0.14864652305328308,0.08469560662753518,-0.06395091642574789,0.5167164979850691,0.3462742726412157,-0.17044222534385345,12.022073627426389,14.372295687950837,0,0,0,0,0,0,0,0,1,0,0,1
3998841,d8633851-8f1d-4da5-952c-31967a9d12fc,2,72,46,Denmark Women's,Katrine Veje,Stine Ballisager Pedersen,37.1,28.6,34.5,49.3,20.862646,-2.324137304175025,0.024415887606712167,0.01903347982030789,-0.005382407786404277,0.14819770498386414,0.11063588629365459,-0.03756181869020955,0.4876764292728745,0.34874670225583915,-0.13892972701703538,11.590262023151114,12.022507746727241,0,0,0,0,0,0,0,0,1,0,0,1
3998841,90caa630-6511-4d9d-bf53-b691a4a1c1a6,2,72,48,Denmark Women's,Stine Ballisager Pedersen,Emma Skou Færge,34.5,49.3,44.4,68.8,21.869156,5.104364022691243,0.02100609523265048,0.1158442643889882,0.09483816915633772,0.11973365512110068,0.3029022047774354,0.18316854965633472,0.3723159834905554,0.6109186952983531,0.23860271180779768,11.758588171357326,6.521726473275043,0,0,0,0,0,1,0,0,1,0,0,1
3998841,418f0074-43c9-4122-84b6-bb72e063ff02,2,72,50,Denmark Women's,Emma Skou Færge,Stine Ballisager Pedersen,46.1,70.1,35.2,50.8,22.165289,-5.690107449097127,0.4312605900138039,0.009963764001897328,-0.4212968260119066,0.6348479470535199,0.09481085989142739,-0.5400370871620925,0.9087331723821865,0.37001393019651324,-0.5387192421856732,2.53654978902869,15.317443269481364,1,0,1,0,1,0,0,0,1,0,0,1
3998841,13112972-fe0d-4c33-ae7b-8f4e969473c2,2,72,59,Denmark Women's,Katrine Veje,Sara Holmgaard,49,10,60.5,3.9,13.01768,7.482911607485832,0.1899259317214597,0.1548309403036641,-0.035094991417795596,0.44985085954768245,0.39649765094037054,-0.05335320860731191,0.9183787597228015,0.8006797520503317,-0.11769900767246977,5.113698765549559,5.815430412822435,0,0,0,0,1,1,0,0,1,0,0,1
3998841,2b9805f9-e041-41b8-953f-784d1d598d7c,2,73,1,Denmark Women's,Sara Holmgaard,Emma Snerle,56.6,4.9,55.1,14.8,10.012992,2.8469585517502054,0.9313857247256705,0.5018086269792494,-0.42957709774642105,1.2990488720395235,1.0691937301259717,-0.22985514191355172,1.7862111497677728,1.8449426979549992,0.05873154818722637,0.901013400913804,3.2346014785622725,1,0,1,1,2,1,0,0,1,0,0,1
3998841,6aaf1945-f505-4acc-b2b5-2f5b56e6f2e9,2,73,4,Denmark Women's,Emma Snerle,Josefine Hasbo,54.9,17.1,61.6,30.1,14.624979,9.777105820442856,0.786567268258384,0.31918975425021395,-0.46737751400817,1.3434148372194818,0.9179659760828639,-0.42544886113661795,2.1088214598679187,1.8867164752607073,-0.2221049846072114,2.3582901573092845,5.506842341382986,1,0,2,0,2,2,0,0,1,0,0,1
3998841,27974845-50ce-4767-a820-87fec8a7f529,2,73,6,Denmark Women's,Josefine Hasbo,Frederikke Thøgersen,62.2,30.4,69.6,69.4,39.695843,0.2435435454718231,0.9041925839620987,0.030737781218582148,-0.8734548027435165,1.3309386470209634,0.1583176813857711,-1.1726209656351922,2.0556403580249736,0.4966293258890606,-1.559011032135913,0.6836199584609486,10.677996403716563,1,0,1,0,1,0,1,0,1,0,0,1
3998841,ab95543a-454e-46c4-9acb-1e103070980c,2,73,11,Denmark Women's,Frederikke Thøgersen,Josefine Hasbo,69.6,69.4,70.6,49.2,20.224737,8.098886650084722,0.24512645545778894,0.2198514447569956,-0.025275010700793327,0.4867018845085436,0.742388628566869,0.2556867440583254,0.9022999512810854,1.6615873836002535,0.7592874323191681,4.268154362295433,6.417285557320064,0,0,1,0,1,1,0,0,1,0,0,1
3998841,750c61b4-a850-4d72-9fd1-f2dabb492282,2,73,14,Denmark Women's,Josefine Hasbo,Emma Skou Færge,72.4,54.1,61.8,61.7,13.043006,-12.469411346850691,0.4015958689673297,0.033105643728618656,-0.368490225238711,0.8759048868712389,0.21424224613330142,-0.6616626407379375,1.6445007831232528,0.7262822408760548,-0.918218542247198,3.4385149785259608,11.99618116228135,0,0,1,0,1,0,0,0,1,0,0,1
3998841,eb39739f-72f6-463d-b51b-62d2c60c5430,2,73,16,Denmark Women's,Emma Skou Færge,Stine Ballisager Pedersen,62.2,61,50.7,40.1,23.854979,-7.803405573707067,0.03935280339823718,0.030052151836210284,-0.009300651562026894,0.23752282771878386,0.14693007179491707,-0.09059275592386679,0.7831117522278094,0.46521923790514874,-0.31789251432266064,10.834748388888016,10.613089564145492,0,0,0,0,0,0,0,0,1,0,0,1
3998841,f8cf8a60-a389-4afc-acbc-8527eb6b679f,2,73,18,Denmark Women's,Stine Ballisager Pedersen,Emma Skou Færge,50.9,40.3,57.8,61,21.819715,3.4512795621034513,0.0564953150185655,0.017299269849268755,-0.03919604516929674,0.21147693944841645,0.12864056031313426,-0.08283637913528219,0.5626206744460976,0.4740819737522243,-0.08853870069387337,8.717843170037384,12.753198289200762,0,0,0,0,0,0,0,0,1,0,0,1
3998841,d3a9b8c8-8463-42c1-97bf-003b888d7912,2,73,42,Denmark Women's,Pernille Mosegaard Harder,Signe Kallesøe Bruun,64.7,49.3,72.7,51.2,8.22253,7.46863365053963,0.8746759385099194,0.6834235889372635,-0.1912523495726559,1.617862870713371,1.5346356150714655,-0.08322725564190558,2.637842030097242,2.6651427288418668,0.027300698744624707,2.7136163853378483,3.4108552498849063,1,0,2,1,2,4,0,0,0,0,0,0
3998841,77073d25-fd26-40d0-b903-5ebf258c71ae,2,73,43,Denmark Women's,Signe Kallesøe Bruun,Pernille Mosegaard Harder,72.7,51.2,71.4,37,14.259383,-0.08458339147998828,0.681744024502893,0.711035973827555,0.02929194932466206,1.5377472831197445,1.536472915453864,-0.0012743676658804048,2.67362688953601,2.6784078113515304,0.004780921815520589,3.5512956152240474,2.4274398341088816,0,1,1,1,4,2,0,0,0,0,0,0
3998841,e72841e1-2041-423f-b9d9-b102e1cd1bc2,2,74,3,Sweden Women's,Gun Nathalie Björn,Linda Brigitta Sembrant,33.6,56.3,29.6,35,21.672333,-2.614053738326163,0.06651440427255985,0.012829788823592654,-0.053684615448967195,0.27251614518370193,0.10468863555991467,-0.16782750962378726,0.7161927032426953,0.38340650096609435,-0.332786202276601,8.556675271351514,13.801810384041657,0,0,0,0,0,0,0,0,1,0,0,1
3998841,b3fa01a1-53de-40cb-a956-3a57d7eec429,2,74,11,Sweden Women's,Linda Brigitta Sembrant,Gun Nathalie Björn,34.7,38.3,29.6,54,16.507574,-6.160709013765114,0.18082117536196443,0.06165512630976756,-0.11916604905219687,0.46325555227725435,0.24673582820944664,-0.2165197240678077,0.9490998198373093,0.6190494834515,-0.3300503363858093,5.410064039261703,8.915807888179799,0,0,0,0,1,0,0,0,1,0,0,1
3998841,0dc38bb3-de4e-4dd6-8788-7a3d6b0228a5,2,74,13,Sweden Women's,Gun Nathalie Björn,Smilla Holmberg,29.6,54.5,39.9,71.1,19.535864,5.629836743550058,0.17089725752741236,0.07057295811433932,-0.10032429941307304,0.4161426662707293,0.2752556018450385,-0.14088706442569082,0.8155985570581405,0.7024519192264614,-0.11314663783167911,5.474136815126974,8.351645953674394,0,0,0,0,1,0,0,0,1,0,0,1
3998841,cf6dcf47-04e7-4d34-b631-7c4b3108a011,2,74,24,Sweden Women's,Kosovare Asllani,Rebecka Blomqvist,71.1,57.1,77.8,45.4,13.482581,9.2595730514481,1.304422338377562,0.33144173564002183,-0.9729806027375401,2.0882122865937274,0.9218867874002166,-1.1663254991935108,2.9712341421800077,1.7924860058517667,-1.178748136328241,1.6136604705797948,5.214666612809983,1,0,3,0,4,2,1,0,0,0,0,0
3998841,33bfc424-bb09-4b6d-9b00-d279817ad6b9,2,75,13,Sweden Women's,Jennifer Miley Falk,Gun Nathalie Björn,16,51.3,21.9,49,6.332456,6.100114024175355,0.00024163082456231768,0.0016454222426626104,0.0014037914181002928,0.011330047373344709,0.03600366023247329,0.024673612859128582,0.10078767118822518,0.20807821153582268,0.1072905403475975,27.422351340441338,21.747971857939092,0,0,0,0,0,0,0,0,0,0,0,0
3998841,5b47a627-576c-4386-8c08-86d861ba189b,2,75,24,Sweden Women's,Gun Nathalie Björn,Ingrid Filippa Angeldal,35.7,55.9,43.6,70.6,16.68832,3.486180292741764,0.026849054886812312,0.04527010088316334,0.01842104599635103,0.16442829424892003,0.23565940879408948,0.07123111454516945,0.5318244899904716,0.6815119057465034,0.14968741575603184,11.560059045067725,10.188817039578463,0,0,0,0,0,0,0,0,1,0,0,1
3998841,2011a663-c1bb-4b3c-88ea-635ee8f83f2c,2,75,29,Sweden Women's,Ingrid Filippa Angeldal,Johanna Rytting-Kaneryd,54.1,73.9,76.7,68,23.357439,22.543738471002342,0.48224318587227455,0.6328959978329568,0.15065281196068225,0.8128412641645072,1.2281071676881297,0.41526590352362247,1.3307912163871372,2.0114305946715434,0.6806393782844062,2.4203001610907027,3.0435683260183337,1,0,1,2,1,2,0,0,1,0,0,1
3998841,913229e6-d80e-476e-9cfa-268f91d85640,2,75,32,Sweden Women's,Johanna Rytting-Kaneryd,Smilla Holmberg,77.2,67.5,99.6,69.1,22.45707,15.334984716121674,0.9363729104176649,0.5692189402973808,-0.36715397012028406,1.6049698363042657,1.0917809143892416,-0.5131889219150241,2.4676662130259555,1.7795048226958134,-0.688161390330142,1.5796394651278092,3.279225773495714,1,0,1,2,3,2,1,0,1,0,0,1
3998841,47cbb14d-b774-43ba-b59b-bba618b8dfbb,2,75,44,Sweden Women's,Johanna Rytting-Kaneryd,Ingrid Filippa Angeldal,99.9,73.7,99.4,62.4,11.311056,8.806791432718633,0.2474449293252185,0.25379028990702635,0.006345360581807846,0.5921801686710155,0.7312242329830858,0.13904406431207028,1.107720505731929,1.5650403867454474,0.4573198810135184,5.42220517295376,5.507556300309574,0,0,0,0,2,1,0,0,0,0,0,0
3998841,61b9c0b3-6004-4b6c-bb24-e0f3dbc6f5b9,2,75,52,Denmark Women's,Emma Snerle,Nadia Nadim,27.3,24.6,34.8,20.9,8.363014,6.6558132325596375,0.44914597462494926,0.20322874868170782,-0.24591722594324145,1.1202950459775085,0.6632982689704002,-0.4569967770071083,2.1141300014639297,1.4626305609371302,-0.6514994405267995,4.370253284569009,6.44171720315362,0,0,1,0,2,1,0,0,0,0,0,0
3998841,3a5f84f1-86e9-490c-b31a-2c12dbcbbfc7,2,77,5,Denmark Women's,Maja Bay Østergaard,Emma Skou Færge,8.4,45.1,14.7,67.3,23.076612,2.935131168606574,0.01771711342521367,0.008945919221740147,-0.008771194203473522,0.11738690387727292,0.07598365481193653,-0.04140324906533639,0.3844037665795241,0.28760382438232823,-0.09679994219719584,12.576368629004895,14.49345740839508,0,0,0,0,0,0,0,0,1,0,0,1
3998841,dcae8ddf-960b-463c-97a0-7424d7fa6836,2,77,8,Denmark Women's,Emma Skou Færge,Stine Ballisager Pedersen,23,70.4,13.8,54.1,18.717104,-5.479776044663723,0.026192379361840032,0.015462122624678066,-0.010730256737161966,0.1413484095807815,0.09753680300607112,-0.043811606574710366,0.4176569514567296,0.32461294374480015,-0.09304400771192944,11.189602513316038,12.632984716364657,0,0,0,0,0,0,0,0,1,0,0,1
3998841,26542cfa-3185-474a-9e28-4ac5ae2c1d65,2,77,13,Denmark Women's,Stine Ballisager Pedersen,Maja Bay Østergaard,19.5,52.9,13.6,39.5,14.641379,-5.0766466793299685,0.2700238430589984,0.017719095869765743,-0.2523047471892327,0.5861877393594043,0.1384205718124826,-0.4477671675469217,1.0315145251926645,0.46631620221436476,-0.5651983229782997,4.250195520074538,13.589410210071454,0,0,1,0,1,0,0,0,1,0,0,1
3998841,77aaae7a-0623-4849-90d7-44532107ae24,2,77,15,Denmark Women's,Maja Bay Østergaard,Katrine Veje,13.8,38.3,15.3,17.9,20.455072,-0.7934035847307683,0.042005739330658466,0.013316363274949878,-0.028689376055708586,0.21632115183318043,0.08842183364445297,-0.12789931818872746,0.5976918475767377,0.298538285093791,-0.29915356248294667,10.288157061161257,13.085636255888273,0,0,0,0,0,0,0,0,1,0,0,1
3998841,f74188e4-10f5-4fcb-8cc4-9a385f6a251e,2,77,19,Denmark Women's,Katrine Veje,Emma Snerle,16.8,17.7,20.3,28.4,11.257886,5.209307962841379,0.4125088320551782,0.7476411646557359,0.33513233260055775,0.6543602961535875,1.1387730776295255,0.484412781475938,0.9855296245421269,1.6561698081161806,0.6706401835740537,2.711898370683772,1.3405283800656245,1,1,1,1,1,2,0,0,0,0,0,0
3998841,6e7c5573-f761-4cff-bcf9-d11caef9ca68,2,78,0,Sweden Women's,Kosovare Asllani,Ingrid Filippa Angeldal,59.4,49.2,55.6,55.7,7.5292764,-4.991750544920933,0.7410408610191073,0.32618614414771957,-0.4148547168713877,1.3268628656467032,0.9494131324708266,-0.3774497331758766,2.0504986443627105,1.8869362760585542,-0.16356236830415627,3.26414089212097,5.241121386319289,0,0,2,0,2,1,0,0,1,0,0,1
3998841,13278b31-2fdd-47f8-98bd-6d2e81f95a9d,2,78,8,Sweden Women's,Johanna Rytting-Kaneryd,Smilla Holmberg,56.4,75.2,50.3,74.9,6.1073728,-5.258215142943328,0.5801537761030374,0.025886011452000913,-0.5542677646510366,0.8354847828544247,0.16104612749841535,-0.6744386553560093,1.2684501068335254,0.5459848728627604,-0.722465233970765,1.7141768118062417,11.41468988346681,1,0,1,0,1,0,0,0,1,0,0,1
3998841,89f70589-c9a2-4de2-8471-d78d2019456e,2,78,10,Sweden Women's,Smilla Holmberg,Gun Nathalie Björn,50.2,74.9,36.7,60.9,19.44865,-7.8431232327102975,0.01623205265204647,0.0027238783353510663,-0.013508174316695404,0.14061912429718443,0.047321664659326024,-0.0932974596378584,0.5352760616595775,0.27262089881933943,-0.2626551628402381,13.58625374372749,19.74960437770697,0,0,0,0,0,0,0,0,1,0,0,1
3998841,e949ad25-e593-4fe3-962c-a5d2cb4c1842,2,78,13,Sweden Women's,Gun Nathalie Björn,Linda Brigitta Sembrant,36.5,57.8,37.6,34.5,23.32595,2.792815801604874,0.004157999088943152,0.02066941937454395,0.0165114202856008,0.05823351851548242,0.11902522768050468,0.06079170916502226,0.28908347134455953,0.3572275539407753,0.0681440825962158,18.125144818556155,11.862648132365198,0,0,0,0,0,0,0,0,1,0,0,1
3998841,b3be79a3-aec5-43d9-ac01-919fb460c47d,2,78,17,Sweden Women's,Linda Brigitta Sembrant,Julia Zigiotti-Olme,38,32.4,47.9,44.8,15.867262,10.091840565013072,0.22148864156775996,0.2796181765511407,0.05812953498338072,0.4718550279316012,0.7757046342091176,0.3038496062775164,0.8710203518131141,1.4618609718587674,0.5908406200456533,4.607549081411099,5.81673074246341,0,0,1,0,1,2,0,0,1,0,0,1
3998841,b97a0702-d687-4c15-822d-e148c7d21d8d,2,78,19,Sweden Women's,Julia Zigiotti-Olme,Gun Nathalie Björn,45.9,44.8,36.5,55.7,14.393401,-10.7078656498812,0.7499748215737313,0.0514795173362551,-0.6984953042374762,1.3397778238828586,0.24927894489617172,-1.090498878986687,2.030554136425362,0.6895670230790768,-1.3409871133462854,2.4287487095878593,9.676752335677714,1,0,2,0,2,0,0,0,1,0,0,1
3998841,32c9a755-e1ea-4605-9de0-27b0ce588226,2,78,21,Sweden Women's,Gun Nathalie Björn,Smilla Holmberg,36.5,55.7,45.4,73.4,19.811613,3.2274969636374067,0.18821626076984346,0.0304121916629129,-0.15780406910693057,0.44149816360079136,0.18425281979801172,-0.25724534380277964,0.8856409689034078,0.5780249736065974,-0.3076159952968104,5.117328770177164,11.543501752659228,0,0,0,0,1,0,0,0,1,0,0,1
3998841,250fa482-c69e-49a7-9139-7d6f04468020,2,78,24,Sweden Women's,Smilla Holmberg,Johanna Rytting-Kaneryd,47.4,72.9,80.9,72.6,33.501343,28.799310048369094,0.2647289362928368,0.1384459066100029,-0.1262830296828339,0.5478617664272916,0.44944655293085306,-0.0984152134964385,1.0037035976836852,0.9798687172606573,-0.02383488042302795,4.155777623417203,8.117648020192998,0,0,1,0,1,0,0,0,1,0,1,1
3998841,e30e762f-6e97-41d3-a406-997ecadd82e6,2,78,30,Sweden Women's,Johanna Rytting-Kaneryd,Rebecka Blomqvist,98.1,69.5,108.1,37.5,33.526108,24.580671199001358,0.2949360037432768,0.8979273871090737,0.6029913833657969,0.7694973599605078,1.4909443579525206,0.7214469979920127,1.4035631908222064,2.2781843123460894,0.874621121523883,6.319645244231173,1.4166246769060287,0,1,0,1,3,3,0,0,0,1,1,1
3998841,ae4cf50b-e69f-46e9-b5ae-1e504747a125,2,79,16,Sweden Women's,Jennifer Miley Falk,Johanna Rytting-Kaneryd,18.9,49.4,66,56.5,47.632133,45.07146203619891,0.048124023872048165,0.8918497189590886,0.8437256950870404,0.1827303657700226,1.6079709365740198,1.4252405708039972,0.42748369187477536,2.5144249916805523,2.086941299805777,9.22358037789941,2.0371192082204304,0,1,0,2,0,3,1,0,0,0,0,0
3998841,2bf60de2-c8b9-4aa6-a514-11d0fb136b9e,2,79,23,Denmark Women's,Janni Thomsen,Katrine Veje,52.8,4.7,41.1,8,12.15648,-9.23491489297362,0.7947475284150934,0.771173527441503,-0.023574000973590414,0.9908888107726106,0.9479633984965697,-0.04292541227604085,1.3530793440742024,1.2936218038007437,-0.05945754027345873,0.7698092634428901,0.820486101133781,1,1,1,1,1,1,1,0,0,0,0,0
3998841,920a4422-5906-4a02-a1b7-846bd0e3b20c,2,79,26,Denmark Women's,Katrine Veje,Pernille Mosegaard Harder,41.1,7,65.1,4.4,24.140423,20.09097613144803,0.8370082328439201,0.7113134512482501,-0.12569478159567005,1.0088737982747336,0.9582651038415464,-0.05060869443318716,1.3129564524914858,1.3770478208742891,0.06409136838280327,0.6035284413184043,1.140933339235722,1,1,1,1,1,1,1,0,0,0,0,0
3998841,d1386d37-5512-4b51-ac77-8b4daecc5b0e,2,79,46,Sweden Women's,Johanna Rytting-Kaneryd,Smilla Holmberg,77.4,76.2,75.5,78.1,2.6870058,-2.678590907766946,0.5074781242016869,0.19948813934850454,-0.3079899848531824,0.9393536566003341,0.554566907329118,-0.38478674927121614,1.6127219651302989,1.1937727370765858,-0.41894922805371304,2.494724554542546,5.35837838906008,1,0,1,0,1,1,1,0,1,0,0,1
3998841,73cdb2f0-cc1f-4b7e-a68d-f1cd77dc8a1b,2,79,48,Sweden Women's,Smilla Holmberg,Ingrid Filippa Angeldal,72.4,77.5,71.3,70.1,7.48131,3.345911281643552,0.6051123342323452,0.4230083523507505,-0.1821039818815947,0.966439709352414,1.0616095140208195,0.09516980466840552,1.5658013079454,1.9397377628182033,0.37393645487280325,1.7596827749822666,4.830530208980777,1,0,1,1,1,2,1,0,1,0,0,1
3998841,8f54411a-14dc-4090-a972-24733a5950e9,2,79,49,Sweden Women's,Ingrid Filippa Angeldal,Johanna Rytting-Kaneryd,71.3,70.1,80.5,76.7,11.322544,3.3333003081685675,0.39513112593275534,0.18131124982353528,-0.21381987610922007,1.042732456787691,0.598400597336734,-0.444331859450957,1.9372786872779229,1.2902158400906287,-0.6470628471872941,5.378595740791549,7.715775684331655,0,0,0,0,3,1,0,0,1,0,0,1
3998841,216db787-e18d-4adb-9e6c-3f6e09f6819b,2,79,56,Sweden Women's,Johanna Rytting-Kaneryd,Ingrid Filippa Angeldal,92.2,73.3,92.5,60.5,12.803515,9.078766155055916,0.23637631390921984,0.3040692248101795,0.06769291090095966,0.6568886954137527,0.816716303953854,0.15982760854010125,1.3078634397225684,1.6503203639195405,0.34245692419697216,6.343556976330811,5.747828206949785,0,0,0,0,2,2,0,0,0,0,0,0
3998841,5f9331f9-9685-4d46-bf7c-0544c57c4fd6,2,80,5,Denmark Women's,Nadia Nadim,Frederikke Thøgersen,47.4,38.8,62.2,70.1,34.62268,7.442056501471825,0.9107641005664484,0.08569044540910115,-0.8250736551573472,1.641246700149392,0.34662639484499963,-1.2946203053043923,2.6108502214431115,0.8601154939563505,-1.750734727486761,1.6968787318574476,8.78882579588759,1,0,1,0,3,0,0,0,1,1,1,1
3998841,9d5a2fce-8e57-468c-9741-03739682e2a9,2,80,8,Denmark Women's,Frederikke Thøgersen,Pernille Mosegaard Harder,63,70.3,97.1,58.7,36.019024,34.98781925436147,0.08569056383858172,0.29259310893474033,0.20690254509615863,0.3466266787781501,0.7267458463556903,0.38011916757754016,0.8601159344589429,1.382750528717905,0.5226345942589621,8.788821159955692,5.663944131750055,0,0,0,0,0,2,0,0,1,1,1,1
3998841,7393029e-26f6-4556-be13-ea8da2ab5ff3,2,83,41,Denmark Women's,Emma Skou Færge,Frederikke Thøgersen,35.6,68.6,51.1,69.9,15.55442,14.006028690861172,0.2884618157392058,0.07928821147777373,-0.20917360426143208,0.6703958193635333,0.2985877386627326,-0.37180808070080074,1.2415948006025874,0.6746098934417188,-0.5669849071608686,4.225564218106938,9.119714986667766,0,0,1,0,1,0,0,0,1,0,0,1
3998841,63de8f7c-e00b-424e-bcba-1b50cc7823bb,2,83,46,Denmark Women's,Frederikke Thøgersen,Emma Skou Færge,52.6,70.4,42.9,69.6,9.732934,-8.648119082250147,0.634599536036778,0.32951888383355704,-0.30508065220322095,0.9019739444454045,0.6721695925557349,-0.22980435188966952,1.2621706091452576,1.0959478685619921,-0.16622274058326547,1.5105926886048242,3.910437418960418,1,0,1,1,1,1,0,0,1,0,0,1
3998841,496f5275-6e60-4895-87d6-cf7b250c78b1,2,84,24,Denmark Women's,Stine Ballisager Pedersen,Emma Skou Færge,39.6,27.1,42.1,53.5,26.518106,2.367196429134353,0.012204241615305818,0.04202638279882419,0.02982214118351837,0.09962242438146357,0.15762215223792705,0.057999727856463484,0.34032177449681783,0.3663257234246902,0.02600394892787239,14.480532706984997,9.531788999052791,0,0,0,0,0,0,0,0,1,0,0,1
3998841,112feb8e-257f-4a1a-9459-277310f471b6,2,84,27,Denmark Women's,Emma Skou Færge,Frederikke Thøgersen,42.9,55.8,66,73.2,28.920063,15.312698082652368,0.2665985664203475,0.01028827962597298,-0.2563102867943745,0.4905452247668751,0.08938569228824539,-0.40115953247862973,0.7931767209527871,0.3645394731734841,-0.428637247779303,4.001538294861803,14.200752090819806,0,0,1,0,1,0,0,0,1,0,0,1
3998841,e3f553c2-e776-41ce-a5f9-4e44b2ecb793,2,84,30,Denmark Women's,Frederikke Thøgersen,Janni Thomsen,70.8,72.4,104.5,21.9,60.711945,35.08028774157697,0.1881071695808697,0.17766560617729768,-0.010441563403572024,0.42479043661627525,0.5374209298204641,0.11263049320418883,0.8382095277231192,1.2705371399557521,0.43232761223263294,5.095568053068972,5.621350844291488,0,0,0,0,1,1,0,0,0,0,0,0
3998841,dacf43d5-baa0-4947-b65a-94568faec5cd,2,85,40,Denmark Women's,Pernille Mosegaard Harder,Frederikke Thøgersen,52.3,56.4,50.7,63.8,7.570997,-3.6148891712317948,0.6650228180219806,0.3144593621648221,-0.3505634558571585,1.1021914112328923,0.7380380775359733,-0.36415333369691905,1.6591855912148428,1.3245516580878398,-0.33463393312700296,1.8460091727215298,4.5339786084668,1,0,1,1,2,2,0,0,1,0,0,1
3998841,888eaaa7-9427-4364-bae8-3e1de7394f6d,2,85,43,Denmark Women's,Frederikke Thøgersen,Pernille Mosegaard Harder,51.3,71.6,65.3,71.1,14.008925,12.696142561689165,0.7303226751040188,0.1321855247203887,-0.5981371503836301,1.1110103234398228,0.5527070217247043,-0.5583033017151184,1.6517629554676079,1.3181318505441164,-0.33363110492349146,1.4249004732647452,8.741138340596,1,0,1,0,2,0,1,0,1,0,0,1
3998841,a1ef6773-72e0-44c0-8e84-d672dd170359,2,85,46,Denmark Women's,Pernille Mosegaard Harder,Signe Kallesøe Bruun,73.9,71.6,99.4,37.8,42.34017,35.17355424016353,0.11914908479020422,0.541829037611318,0.4226799528211137,0.4833345464685626,0.9481898028421,0.46485525637353736,1.1663276732356243,1.5376786605102548,0.37135098727463056,8.52314150649068,2.498957494731127,0,1,0,1,0,2,0,0,0,0,0,0
3998841,ea360857-52f9-4d90-a324-89d49ecfe827,2,86,23,Sweden Women's,Ingrid Filippa Angeldal,Rebecka Blomqvist,83.4,53.8,91.6,42.7,13.800363,10.587158065595734,1.0034022873327062,0.4904263521989649,-0.5129759351337413,1.5902532971881185,1.0574243397803673,-0.5328289574077512,2.4332674199645465,1.959210931268565,-0.4740564886959815,0.8208576520069896,2.823639960238199,1,1,1,1,3,1,1,0,0,0,0,0
3998841,8c1ed2ec-f3d7-4d8b-b8f9-3f416f8985c3,2,86,25,Sweden Women's,Rebecka Blomqvist,Emma Stina Blackstenius,93,42.1,100.4,41.3,7.4431176,7.4384785966381415,0.9201085901821908,0.7361037945914138,-0.18400479559077698,1.529242488286151,1.3883028685865886,-0.14093961969956248,2.438454181669985,2.2404671579249444,-0.1979870237450405,1.0141681497823138,2.3685234744800128,1,1,1,1,2,2,0,0,0,0,0,0
3998841,3126a68c-7626-4b98-a663-4dbb61a1a4bb,2,86,43,Denmark Women's,Nadia Nadim,Josefine Hasbo,86.3,70.3,74.6,66.1,12.431009,-7.048993098630291,0.880967526780973,0.35955884085812806,-0.521408685922845,1.317329092065191,0.6400318461376981,-0.6772972459274929,1.8633726090969236,1.1217472781582658,-0.7416253309386578,1.6355834439567147,3.1548683736874676,1,0,2,1,2,1,0,0,1,0,0,1
3998841,5bbea6f7-851b-44d0-ac03-114f30b40b79,2,86,50,Denmark Women's,Emma Snerle,Katrine Veje,80.6,31.9,72.9,20.7,13.591541,-10.676886266514913,0.6906369763515262,0.12673379032399676,-0.5639031860275294,1.283667914611311,0.41499479833786196,-0.8686731162734491,2.203624624808926,1.0120770008226305,-1.1915476239862954,2.5355508141704517,6.8998183230124255,1,0,2,0,2,1,0,0,0,0,0,0
3998841,81246bfc-ecd9-442b-a654-12ac37aaed9c,2,86,52,Denmark Women's,Katrine Veje,Emma Snerle,72.9,20.9,72.4,30.7,9.812747,2.3253873571072745,0.37615867879191794,0.3424574955778142,-0.03370118321410376,0.7670716949695622,0.8595661537411123,0.09249445877155016,1.4211907217272848,1.7082950962978418,0.28710437457055704,3.5637717231016115,4.652115059348164,0,0,1,1,1,2,0,0,0,0,0,0
3998841,36f3cb47-831f-449a-b977-00493c37d63b,2,87,26,Sweden Women's,Lina Mona Andréa Hurtig,Emma Stina Blackstenius,65.6,54.5,77.2,53.2,11.672618,11.510005083168515,1.5978407737206763,0.5858629789739728,-1.0119777947467035,2.3613374259078252,1.3084200654277995,-1.0529173604800257,3.4417828846868472,2.3108443570861197,-1.1309385276007276,0.6815651524369569,3.14704070748638,2,0,2,1,3,2,1,0,1,0,0,1
3998841,9be03225-d8e7-45c2-b094-a76f010aede3,2,87,30,Denmark Women's,Katrine Veje,Emma Skou Færge,25.6,25.6,25.6,50.2,24.6,0.542528952112761,0.058180762378672896,0.05559488094575669,-0.002585881432916208,0.26197517261588965,0.20931370546594946,-0.05266146714994019,0.6622658819686024,0.5133860247036994,-0.14887985726490294,9.522446499399344,8.811908024446337,0,0,0,0,0,0,0,0,1,0,0,1
3998841,a69b19bf-937f-4dd8-9b41-4c9931a56d12,2,87,53,Sweden Women's,Jennifer Miley Falk,Lina Mona Andréa Hurtig,17.4,56.9,66,63.9,49.10153,44.929942944145324,0.007503059097871757,0.7214999389078297,0.713996879809958,0.05536750468144402,1.4576228293631848,1.4022553246817409,0.18266343902676302,2.3599235952638917,2.1772601562371285,14.695201841439403,3.7686384372230433,0,0,0,2,0,3,0,0,0,0,0,0
3998841,be7ed9ff-cf97-484c-8b1b-0b24d21dcb4f,2,87,59,Denmark Women's,Katrine Veje,Josefine Hasbo,41.1,18.5,46.7,25.3,8.809086,7.017410597394701,0.6287447643748275,0.30014778265608866,-0.32859698171873886,1.0335502715084843,0.9667245540167502,-0.06682571749173416,1.6803665444140579,1.9496554844510328,0.2692889400369749,1.7609217641145045,6.932376911268381,1,0,1,0,1,2,1,0,0,0,0,0
3998841,ada3d28d-b919-42f9-9c79-51991dded8bb,2,88,0,Denmark Women's,Josefine Hasbo,Frederikke Thøgersen,44.9,27.1,44.9,58.1,31,-1.050503401097103,0.263070842519022,0.01860357810563289,-0.24446726441338912,0.8851126288672335,0.1288658666846264,-0.7562467621826071,1.816241351154092,0.45582876027100305,-1.3604125908830889,7.324865472555133,12.46634339493049,0,0,0,0,1,0,0,0,0,0,0,0
3998841,79ac328e-75ea-4549-af9e-3d31248a123d,2,89,32,Sweden Women's,Emma Stina Blackstenius,Jonna Ann-Charlotte Andersson,100.9,9.8,85.1,9.2,15.811388,-10.814249849397967,1.2769870529119005,0.07130749746446034,-1.2056795554474402,1.7628278417783485,0.35426604613533014,-1.4085617956430183,2.3992539957353514,0.9666743327583815,-1.4325796629769698,1.0320293431084808,10.10141880391704,2,0,2,0,3,0,1,0,0,0,0,0
3998841,e7306af6-9e11-4f92-a78a-db101e4760d9,2,89,35,Sweden Women's,Jonna Ann-Charlotte Andersson,Rebecka Blomqvist,85.1,9.2,93.9,8.8,8.809086,5.869898486742379,0.5060969362119625,0.5700116773521945,0.06391474114023199,0.9209329569464242,1.029038449482547,0.1081054925361229,1.587675514580936,1.666014280485351,0.07833876590441502,2.411228712115118,2.8429901661709334,1,1,1,1,1,2,0,0,0,0,0,0
3998841,c1f6defd-587f-4717-98c5-4c9155e578e0,2,89,38,Denmark Women's,Frederikke Thøgersen,Emma Skou Færge,25.8,68,17.4,67.1,8.448076,-7.84536759468196,0.8772915987088237,0.14377403199774766,-0.733517566711076,1.2056382981235265,0.4423308367686051,-0.7633074613549214,1.7087530421538648,0.9024379674188546,-0.8063150747350102,0.6871374277066791,7.47296948864362,1,0,1,0,1,1,0,0,1,0,0,1
3998841,494d85da-e9a5-4047-b8ca-7f062614fbb6,2,89,40,Denmark Women's,Emma Skou Færge,Josefine Hasbo,17.9,67.8,30.4,63.8,13.124405,13.10999358179103,0.5357673485111931,0.19604622722398923,-0.3397211212872039,0.8733563941169961,0.6024826768666813,-0.2708737172503147,1.2873177923635826,1.1863147323752268,-0.10100305998835579,2.335084012717471,6.4313221571470605,1,0,1,0,2,1,0,0,1,0,0,1
3998841,dd6ceccb-5029-4631-9d0f-b90b3ec43d9a,2,89,41,Denmark Women's,Josefine Hasbo,Frederikke Thøgersen,30.4,63.8,31.6,73,9.277931,-1.6516118620086928,0.20020546332585593,0.09814111499781919,-0.10206434832803674,0.6141979712885508,0.3848006135670205,-0.2293973577215303,1.202762398068959,0.8844409139677942,-0.3183214841011648,6.512740549325128,8.171597588918738,0,0,0,0,1,0,0,0,1,0,0,1
3998841,76ec8e6c-7862-4ee3-9472-496069997e3b,2,89,43,Denmark Women's,Frederikke Thøgersen,Emma Skou Færge,31.6,73,23.8,67.8,9.3744335,-5.777629705458708,0.6260994284844825,0.15306031153677374,-0.4730391169477088,1.078658799691843,0.5025808586826522,-0.5760779410091909,1.603366614128271,1.0385040271298345,-0.5648625869984365,2.4255206065250126,7.292099395675434,1,0,1,0,2,1,0,0,1,0,0,1
3998841,f9480f6f-6c95-4be4-af25-7bc5a68428f6,2,89,44,Denmark Women's,Emma Skou Færge,Stine Ballisager Pedersen,24.3,67.6,15.6,50.6,19.096859,-5.33629104395294,0.2637742365072362,0.024720685885013676,-0.23905355062222253,0.6285310050745602,0.141605602691808,-0.48692540238275217,1.1394495003804643,0.429841392122732,-0.7096081082577324,4.6880818419332675,11.664981790368412,0,0,1,0,1,0,0,0,1,0,0,1
3998841,4f310b9f-161b-4f98-8368-2ece2a4e438d,2,89,52,Denmark Women's,Emma Skou Færge,Frederikke Thøgersen,36,56.3,47.7,71.9,19.5,6.542194742317363,0.03458018452730032,0.027472280817104077,-0.007107903710196244,0.1982675919730783,0.13700451845196887,-0.061263073521109435,0.5848644215710079,0.41273176148921986,-0.17213266008178807,11.327150838377895,10.886838014737275,0,0,0,0,0,0,0,0,1,0,0,1
3998841,a7a5ba37-d404-4a04-9d92-9b4b04084dc2,2,89,57,Denmark Women's,Frederikke Thøgersen,Josefine Hasbo,48.8,71.9,70.8,71.7,22.00091,19.491521358304837,0.3771625275752068,0.2273325814072699,-0.1498299461679369,0.6024838178478914,0.5121209094080987,-0.09036290843979267,0.8911017760777153,0.9615846139967872,0.07048283791907184,2.958437215140784,4.717915792777246,1,0,1,1,1,1,0,0,0,0,0,0
3998841,46dfd595-a931-428c-b56f-12b68ff1aa0f,2,90,0,Denmark Women's,Josefine Hasbo,Nadia Nadim,70.8,71.7,99.1,54.8,32.9621,32.91845894973903,0.2273325814072699,0.3505227362619178,0.12319015485464793,0.5121209094080987,0.8375119164551977,0.325391007047099,0.9615846139967872,1.5559985773746032,0.594413963377816,4.717915792777246,5.373322153561899,0,0,1,0,1,2,0,0,0,0,0,0
3998841,2801f969-b75f-414f-9726-e68913ee3b0c,2,90,5,Sweden Women's,Jonna Ann-Charlotte Andersson,Julia Zigiotti-Olme,9.5,20.7,24.6,13.8,16.601807,13.24051302104192,0.5719672874573526,0.28975444275819423,-0.28221284469915836,0.8414405920485942,0.61657595883863,-0.2248646332099642,1.174253287880957,1.055077202022124,-0.1191760858588331,1.8979197144086033,4.094660630490732,1,0,1,1,1,1,1,0,0,0,0,0
3998841,78b47ee4-5577-4bf1-a09f-7ebec7cd4db1,2,90,50,Denmark Women's,Frederikke Thøgersen,Pernille Mosegaard Harder,43.8,66.5,49.5,54.6,13.194695,8.680549913272458,0.7790640144172529,0.13781078706558947,-0.6412532273516635,1.354373737868218,0.5051148689251945,-0.8492588689430234,2.1287869653567055,1.1860153847793575,-0.942771580577348,2.1532830580353894,7.152451701100983,1,0,2,0,2,1,0,0,1,0,0,1
3998841,b7c3699e-ff32-4fc1-aeaa-ea3b7f858bbc,2,90,58,Sweden Women's,Linda Brigitta Sembrant,Lina Mona Andréa Hurtig,31.1,44.6,45.9,48.7,15.357409,14.409949878299301,0.8467586553155024,0.9457930042967229,0.09903434898122043,1.2393075132409632,1.5399961728570026,0.3006886596160394,1.8465750226577524,2.333889432414587,0.4873144097568345,0.8733253624208579,1.0710069915956237,1,1,1,1,1,3,1,1,0,0,0,0
3998841,22088b40-af22-407d-b551-57710558f728,2,92,22,Sweden Women's,Smilla Holmberg,Lina Mona Andréa Hurtig,71.7,73.9,92,70.6,20.566477,17.53209863259528,0.2358980582341425,0.47151572875029024,0.23561767051614774,0.453376114035538,1.064255458696935,0.610879344661397,0.7963839964169317,1.802470297630376,1.0060863012134442,4.3512627650655515,5.021628186832087,0,0,1,0,1,3,0,0,1,0,0,1
3998841,3c9e5174-9157-4f42-b5fc-09d6c7ef2926,2,92,24,Sweden Women's,Lina Mona Andréa Hurtig,Gun Nathalie Björn,87.2,73.1,57.4,78.1,30.21655,-26.68398862475803,0.2812093659166485,0.39075239755454516,0.10954303163789664,0.781538939960764,0.6140219372183979,-0.16751700274236603,1.5489434672063869,0.9056645451617262,-0.6432789220446606,5.176653597081842,2.853424701179209,0,1,0,1,1,1,0,0,1,0,0,1
3998841,8f632d57-c4a7-4047-a80f-8301b84571a9,2,92,55,Denmark Women's,Josefine Hasbo,Katrine Veje,56.8,7.9,55.1,1.8,6.332456,-4.4229364881860675,0.7306139416687568,0.5679769146114715,-0.16263702705728533,1.1955354727889418,0.8795684614146347,-0.31596701137430705,1.804928196768699,1.3644475352195602,-0.4404806615491388,1.910043759328207,1.8747631625232446,1,1,1,1,2,1,0,1,0,0,0,0
3998841,9fceed01-207e-471b-a085-8add1a45efb7,2,93,37,Denmark Women's,Sanne Troelsgaard-Nielsen,Emma Skou Færge,52.3,21.3,39,36.8,20.424006,-10.828008860304209,0.839767563062478,0.0993908085371068,-0.7403767545253712,1.4391456382139922,0.29794756121773497,-1.1411980769962573,2.278749492175903,0.6534378191776379,-1.625311672998265,1.3433533619839648,7.070313967874712,1,0,1,0,2,1,0,0,1,0,0,1
3998841,37cac377-84ad-477a-8a9a-6e9a92cadd76,2,93,41,Denmark Women's,Emma Skou Færge,Janni Thomsen,40.3,44.5,96.8,3.2,69.98528,36.32429421140624,0.404050526530988,0.019312428214958117,-0.3847380983160299,0.6558919942409729,0.12673607691786995,-0.529155917323103,0.9893319336682962,0.44010064708371205,-0.5492312865845841,2.8022214443681954,12.350027892349535,1,0,1,0,1,0,0,0,1,0,1,1
3998841,2c9cfdad-c4aa-4d74-8be7-830aa24f6ae2,2,94,14,Sweden Women's,Lina Mona Andréa Hurtig,Smilla Holmberg,72.1,72.1,64.2,74.6,8.286133,-7.99543067389358,0.7629456009969843,0.24302790704363497,-0.5199176939533493,1.318987416706047,0.6251596653067363,-0.6938277513993106,1.9038468517500897,1.2144645637507243,-0.6893822879993654,2.4019655339600363,5.084323796613298,1,0,2,0,3,1,0,0,1,0,1,1
3998841,959f91cc-5509-491f-9616-f05bf17a1447,2,94,15,Sweden Women's,Smilla Holmberg,Eva Sofia Jakobsson,64.2,74.6,110.4,74.1,46.202705,30.23112708094969,0.24361744137571634,0.1115034264059939,-0.13211401496972244,0.6287927962862631,0.30217983121597786,-0.3266129650702852,1.2228843085807364,0.6501540110385784,-0.572730297542158,5.084323796613298,6.628220920119295,0,0,0,0,1,1,0,0,0,1,1,1
3998841,3fc302d1-d6fa-435b-91cb-e8b6aeb56469,2,94,20,Sweden Women's,Eva Sofia Jakobsson,Emma Stina Blackstenius,117.8,71,113,45.7,25.75131,22.05078529457282,0.18784794618165715,1.2127142662736756,1.0248663200920185,0.41190709319738,1.9007763639395703,1.4888692707421902,0.8081397024361104,2.7527591159446065,1.9446194135084962,5.05535736283552,0.6447012740028699,0,1,0,2,1,4,0,0,0,1,1,1
3998841,c7b49124-f3e8-46cd-bd69-5136b68f5b5d,2,95,32,Sweden Women's,Emma Stina Blackstenius,Rebecka Blomqvist,110.4,12.3,95.3,10.5,15.206906,-9.158809133877252,0.5076659322880752,0.1649530798283267,-0.34271285245974853,0.9333933719832822,0.47880363926139596,-0.45458973272188624,1.5498650350775827,1.0421407736384505,-0.5077242614391322,2.784657517286555,6.019010034562511,1,0,1,0,2,1,0,0,0,0,0,0
3998841,be86be84-7bb2-4602-9118-92d79671457e,2,95,34,Sweden Women's,Rebecka Blomqvist,Hanna Ulrika Bennison,95.1,10.5,92.2,25.8,15.572412,7.387223597296487,0.3405517445331264,0.544265400900536,0.20371365636740957,0.7844173372779911,1.2036499905389886,0.41923265326099746,1.5163856620542353,2.1763035687024757,0.6599179066482403,3.823459057613491,4.288655653030271,0,0,1,2,1,2,0,0,0,0,0,0
3998841,3b558d66-bc6c-4526-b60b-3709280603e3,2,96,1,Denmark Women's,Katrine Veje,Janni Thomsen,83.8,20,98.9,4.4,21.711058,-0.025743082155344155,0.49609936961107715,0.15371582299408934,-0.3423835466169878,0.8542500830701433,0.3939723690757239,-0.46027771399441936,1.5283691903758974,0.8289891806104119,-0.6993800097654854,2.2705071706857995,5.77556961921259,1,0,1,0,1,1,0,0,1,0,1,1
3998841,fd743cb4-90bc-43bc-9cd9-e202585ed553,2,96,7,Denmark Women's,Janni Thomsen,Pernille Mosegaard Harder,92.3,15,112.2,43,34.351273,28.956369451587584,0.866885849045773,1.9698226426046226,1.1029367935588494,1.2659135702535667,3.0551725693125342,1.7892589990589676,1.9335247543993461,4.159155791900249,2.2256310375009027,0.9017130391528579,0.7388223007131527,1,2,1,3,2,6,1,0,0,1,1,1
3998841,03796946-1186-4979-af7a-2efe41b2a721,2,97,11,Denmark Women's,Frederikke Thøgersen,Sanne Troelsgaard-Nielsen,86.7,65.3,84.8,56.9,8.612201,2.7740413863365916,0.4777452817778749,0.30493049328267974,-0.17281478849519516,0.7690937409459667,0.7480855695035498,-0.021008171442416956,1.243385448064908,1.438905541617122,0.1955200935522139,2.3575759972334964,5.3494435507951605,1,0,1,0,1,2,0,0,1,0,0,1
3998841,d8995581-65e8-4712-bb32-30c33d90cfe7,2,97,44,Sweden Women's,Eva Sofia Jakobsson,Rebecka Blomqvist,48.9,28.5,59.4,13,18.721645,5.681277369057071,1.0166625796237587,0.0822024530710648,-0.934460126552694,1.4466151017037525,0.3035937989726858,-1.1430213027310667,1.963845244499174,0.6839444245210968,-1.2799008199780773,0.7493919583636122,8.28279545101493,1,0,1,0,3,0,1,0,1,0,0,1
3998841,8adf7975-3ef0-4694-8d50-2b8a6568d16e,2,97,46,Sweden Women's,Rebecka Blomqvist,Emma Stina Blackstenius,63.7,15.3,99.6,63,59.700085,30.736460831662335,0.30438795514176153,0.16661859450760635,-0.13776936063415518,0.7109886381881627,0.40154553175924484,-0.30944310642891787,1.3022439475355758,0.8094280389864569,-0.49281590854911894,4.301585110364355,5.48204505334904,0,0,1,0,1,1,0,0,0,0,0,0
3998841,ad648d7c-9243-47a6-afef-6c463f5fefef,2,98,22,Denmark Women's,Josefine Hasbo,Sanne Troelsgaard-Nielsen,55.3,44.3,70.8,63.3,24.5204,10.404419109566625,0.3340225271023876,0.5582064634360232,0.2241839363336356,0.7586585040435967,0.9075887200010277,0.14893021595743106,1.3446295437385825,1.4343693540135178,0.08973981027493538,4.229459244420207,2.0928864397383338,0,1,1,1,2,1,0,0,0,0,0,0
3998837,780d5cd3-c409-429b-81b0-184932155176,1,0,24,Switzerland Women's,Smilla Vallotto,Lia Wälti,71.3,30.2,63.7,34.4,8.683317,-6.901570638745156,0.4767525251534554,0.2901081484063716,-0.18664437674708378,1.1127487249650234,0.769998866246812,-0.3427498587182114,1.9799394979501432,1.535520097458638,-0.4444194004915052,4.446959383717387,4.702493584969467,0,0,1,1,3,1,0,0,1,0,0,1
3998837,1406c7c7-9f55-436c-9b21-ea35d4f88ccd,1,0,26,Switzerland Women's,Lia Wälti,Noelle Maritz,62.8,34.6,62.8,8.7,25.9,-7.749427871542224,0.30047766594430086,0.03894101810882208,-0.2615366478354788,0.7831058419519262,0.19723295985126046,-0.5858728821006658,1.54287153972666,0.5648029657117537,-0.9780685740149062,4.62446643974132,10.300648774823213,0,0,1,0,1,0,0,0,1,0,0,1
3998837,a72f448a-aad6-4181-abd8-126fb1df7612,1,0,33,Switzerland Women's,Julia Stierli,Livia Peng,33.7,42.3,11.8,45.3,22.104525,-21.999084686400792,0.7331534465977139,0.05468748081648063,-0.6784659657812332,0.9251627635620917,0.18338450151861946,-0.7417782620434723,1.263271286468036,0.4132737820723559,-0.8499975043956801,0.9819988292448419,8.72923658580418,1,0,1,0,1,0,0,1,1,0,0,1
3998837,70cf86e6-33c0-42b3-adf2-c9c83407fa15,1,0,44,Switzerland Women's,Noemi Ivelj,Iman Beney,77,65.4,98.1,76.1,23.65798,7.718112656076514,0.2963469126052125,0.11873593377977452,-0.17761097882543797,0.7022652779108256,0.3481849901273127,-0.3540802877835129,1.4007343006372155,0.7851606907073928,-0.6155736099298227,4.168210421767452,6.6154350072123105,0,0,1,0,1,1,1,0,0,0,0,0
3998837,b7079504-2702-4a1e-82f6-3429e53a0ffa,1,1,51,Switzerland Women's,Noelle Maritz,Lia Wälti,110.8,77.8,99.1,66.3,16.405487,5.310316217743818,0.4597683241587438,0.10841125920337139,-0.35135706495537244,0.6377792111673698,0.39486088404857245,-0.24291832711879735,0.8727970036998811,1.0089941539655154,0.13619715026563428,2.3321716478393544,7.502377297836144,1,0,1,0,1,1,0,0,1,0,0,1
3998837,cde36665-d8e3-4e08-a0f3-7c2f0666b355,1,1,53,Switzerland Women's,Lia Wälti,Nadine Riesen,98.1,62.2,83.4,54.2,16.73589,-8.073989599631435,0.7893045546410098,0.2931231389214754,-0.4961814157195344,1.2914754521332936,0.604747540538119,-0.6867279115951747,2.0002974391989037,1.1484236316546814,-0.8518738075442223,2.031705057755789,3.893301447650337,1,0,2,1,2,1,1,0,1,0,0,1
3998837,78db821c-08ec-4a20-9850-d84fdee82b8e,1,1,56,Switzerland Women's,Nadine Riesen,Lia Wälti,82.8,54.4,91.5,57.8,9.340771,6.287913864504674,0.6600513704137492,0.15148083198480392,-0.5085705384289453,0.943496889097084,0.6026553436195845,-0.34084154547749945,1.4238055524711992,1.524108389625107,0.10030283715390786,1.4156981461074125,7.748319271282478,1,0,1,0,1,1,1,0,1,0,0,1
3998837,ce807afe-b613-4122-851b-d430c9cc0db5,1,1,59,Switzerland Women's,Lia Wälti,Noelle Maritz,98.1,55.3,111.4,63.5,15.62466,1.6909759345475415,0.2980092997989779,0.24890070600361458,-0.04910859379536331,0.8522358317041484,0.62865014591604,-0.22358568578810845,1.7922315084163085,1.3308629874570606,-0.46136852095924796,5.20527701536885,4.656240881619088,0,0,0,1,2,1,0,0,0,0,0,0
3998837,1bd813cd-2cca-4300-8b25-9538bdc159ca,1,2,0,Switzerland Women's,Noelle Maritz,Riola Xhemaili,111.5,63.3,111.2,40.6,22.701982,15.981585218607812,0.5696690912771005,2.183130358574195,1.6134612672970945,0.9840194634611835,3.2782620227947685,2.294242559333585,1.7170827219521818,4.417498585162773,2.7004158632105906,2.009785647711331,1.242363993687218,1,2,1,4,1,5,0,1,0,0,0,0
3998837,1bdebc2f-00d9-4e98-a914-183bd367ae35,1,2,33,Switzerland Women's,Lia Wälti,Géraldine Reuteler,101.2,67.6,90.6,74.6,12.702756,-12.009354241017405,1.8014200379162122,0.10425980714008107,-1.697160230776131,2.854026182455903,0.4969886025188462,-2.3570375799370566,3.953070110053261,1.3026824735272107,-2.6503876365260504,1.6878652745042062,9.790222055566593,2,0,4,0,5,0,1,0,1,0,0,1
3998837,3c491e29-8621-46a5-b08d-2b3c83f87975,1,2,36,Switzerland Women's,Géraldine Reuteler,Viola Calligaris,91.9,75,76.4,70.8,16.058954,-8.497237693454593,0.4648827649650193,0.07066985883070274,-0.39421290613431653,1.1011017965086944,0.31978868889102624,-0.7813131076176683,2.047335345245953,0.9169299563548899,-1.130405388891063,3.7154145978168245,8.725045760800867,0,0,1,0,2,0,0,0,1,0,0,1
3998837,15d30236-d09f-4a79-b941-4e410c9633cf,1,2,39,Switzerland Women's,Viola Calligaris,Lia Wälti,71.5,69.1,78.3,56.5,14.3178215,11.71449779678035,0.35834693896206254,0.6761543336770659,0.31780739471500336,0.7290662171401769,1.3870236707092556,0.6579574535690786,1.3930649135754734,2.4086024731369142,1.0155375595614409,3.358829966147481,2.2630120904478392,0,1,1,1,1,2,1,1,1,0,0,1
3998837,a796f912-f295-48be-96fb-97097ee2ee76,1,2,42,Switzerland Women's,Lia Wälti,Julia Stierli,72.8,54.2,56.7,39.8,21.600231,-14.010560427079163,1.368474829283648,0.03181393963113711,-1.3366608896525107,2.0677446421639187,0.23155227311155466,-1.836192369052364,3.0374148077403866,0.7536414084281561,-2.2837733993122304,0.5983145474035806,13.39744239844567,1,0,2,0,3,0,0,0,1,0,0,1
3998837,34972d1d-a1d1-4040-8c6d-690c2488f969,1,2,44,Switzerland Women's,Julia Stierli,Noelle Maritz,56.7,38.5,68.6,12.6,28.502983,5.070710005943177,0.05344567479462162,0.10673798418238242,0.053292309387760806,0.323214803157558,0.3093803426451063,-0.01383446051245174,0.9579509381740992,0.7195645848601896,-0.23838635331390956,11.614492080477907,6.810997595590663,0,0,0,0,0,1,0,0,0,0,0,0
3998837,0d2a2431-7619-4f94-94e8-9573147bae82,1,2,47,Switzerland Women's,Noelle Maritz,Smilla Vallotto,70,8.7,84.3,13.4,15.052574,14.468677135174751,0.4244521490401709,0.33465775075959797,-0.08979439828057295,0.6958986302798464,0.8498832216547484,0.15398459137490195,1.1752175126116493,1.6644089729380287,0.4891914603263794,2.647317846403427,4.510391169030836,1,0,1,1,1,1,1,0,0,0,0,0
3998837,ec3cdce2-65c3-4110-882c-50dfbae5d621,1,3,28,Switzerland Women's,Livia Peng,Viola Calligaris,14.4,44.2,14.8,57,12.806249,-0.8812323947426535,0.037581931569605556,0.05060463506972156,0.013022703500116,0.17562042824490645,0.2143779299419453,0.03875750169703884,0.49398441676975086,0.5745798704734536,0.08059545370370275,10.099003282846418,9.216831068200996,0,0,0,0,0,0,0,0,1,0,0,1
3998837,8f43a015-b252-4d50-942d-494cbe23a408,1,3,30,Switzerland Women's,Viola Calligaris,Iman Beney,15.5,59.3,36.7,76.5,27.299816,15.321496433467757,0.31606367004165137,0.5792609766449655,0.2631973066033141,0.558764167525346,0.8206796240769417,0.26191545655159576,0.9279756123951709,1.1729192564397555,0.24494364404458457,3.500277754622245,1.7296181330428528,0,1,1,1,1,1,1,1,1,0,0,1
3998837,2f3303f9-b3a1-4912-b4b1-b47aa22da5d4,1,3,34,Switzerland Women's,Iman Beney,Lia Wälti,35,71.2,42,55,17.647663,11.11602354338497,1.0842696309733366,0.39601844126262575,-0.6882511897107109,1.506854515780008,0.9480318609066851,-0.5588226548733228,2.0533098817549393,1.7608049683743972,-0.2925049133805422,0.5165717364480588,3.6299113344461844,1,0,1,1,2,1,0,0,1,0,0,1
3998837,5d541c29-305b-48db-8e42-2f5f5c69b5a2,1,3,36,Switzerland Women's,Lia Wälti,Riola Xhemaili,44.1,53.1,56.2,47,13.550646,12.839340834010983,0.9235781562605538,0.4780472887353317,-0.44553086752522214,1.5902042441304989,1.296868588080986,-0.29333565604951284,2.4437502355847625,2.520875934588072,0.07712569900330957,2.2286054958734054,4.514261203955449,1,0,2,1,2,2,1,0,1,0,0,1
3998837,6d1ea56d-5d82-4591-aadd-bf270be45f04,1,3,39,Switzerland Women's,Riola Xhemaili,Nadine Riesen,57.3,48,96.8,12.6,53.041588,27.30566027413405,1.4857759295204123,0.001697148121784813,-1.4840787813986274,2.1691153581065117,0.02647734275836866,-2.142638015348143,3.1734438421952964,0.14510251303807853,-3.028341329157218,0.6883657036924745,19.31574649330148,2,0,2,0,2,0,1,0,0,0,0,0
3998837,07e934b1-e6e7-4084-8c5d-4d060cb16836,1,3,45,Switzerland Women's,Nadine Riesen,Géraldine Reuteler,109.1,14.5,113.2,35.9,21.789217,19.791528041849784,0.08972956134339993,0.6551038229947804,0.5653742616513805,0.29127090503105735,1.3764026634215762,1.085131758390519,0.7107393372952697,2.312262473183903,1.6015231358886335,7.356326084875669,2.7425355148096484,0,1,0,1,1,3,0,0,0,0,0,0
3998837,4aef8013-66c7-40cd-9f44-24c837e40c0a,1,5,2,Switzerland Women's,Noemi Ivelj,Viola Calligaris,41.2,74.2,39.5,79.9,5.948109,-3.9441851362184224,1.9631215071504529,0.1431863504169982,-1.8199351567334547,2.4934509164130354,0.5340668353743964,-1.959384081038639,3.127411003597597,1.237275848114019,-1.890135155483578,0.48606040394173144,7.749148194980129,2,0,3,0,4,1,1,0,1,0,0,1
3998837,4524d5e1-a53e-47a2-88a6-79d24b7c3584,1,5,43,Norway Women's,Caroline Graham Hansen,Thea Bjelde,50.3,69.2,43.5,76.7,10.123734,-9.278373889729778,0.9977523681499907,0.3313062582677925,-0.6664461098821982,1.575016625989902,0.8635792153692196,-0.7114374106206826,2.306992163327496,1.6103482941004308,-0.6966438692270653,1.6384212529575335,4.942831713537413,1,0,2,1,2,1,1,0,1,0,0,1
3998837,8489fd33-4173-4fdd-96d3-d50caeee0dae,1,5,44,Norway Women's,Thea Bjelde,Maren Nævdal Mjelde,43.1,76.3,22,70.7,21.830482,-17.659054338321965,0.7785946868376301,0.16326020777348987,-0.6153344790641402,1.3412209157223627,0.4074589650797787,-0.933761950642584,2.0519436346089024,0.8292732476371439,-1.2226703869717586,1.6826229673059176,5.56257190519755,1,0,1,0,3,1,1,0,1,0,0,1
3998837,523e2076-9624-4d31-8b1e-063267276020,1,5,47,Norway Women's,Maren Nævdal Mjelde,Cecilie Fiskerstrand,15,70.5,7.2,42.5,29.066132,-3.487634649854911,0.300972153930765,0.027998016613736406,-0.2729741373170286,0.5099090019692426,0.14800251975970607,-0.36190648220953653,0.7996364967707073,0.40791878505406,-0.39171771171664727,3.6105577563530216,11.338328320431048,0,0,1,0,1,0,0,0,1,0,0,1
3998837,d2355b7d-f855-4396-b39d-3504966d4cde,1,6,17,Switzerland Women's,Viola Calligaris,Noemi Ivelj,63,76.5,70.2,76.5,7.2,5.9411872309732345,0.5129567566685808,0.6658166776371971,0.15285992096861634,0.8734161212289916,1.2116413858325124,0.33822526460352076,1.455462549430852,1.9710129424622602,0.5155503930314083,2.275595556190353,2.3288201726333644,1,1,1,1,1,2,1,1,0,0,0,0
3998837,4bd5ba92-78b1-4bc0-8984-85c1a843eff6,1,6,21,Norway Women's,Guro Reiten,Caroline Graham Hansen,42.6,1.9,52.2,3.2,9.687621,9.125928397000436,1.175746158246426,0.6453850259608126,-0.5303611322856133,1.6454023391771397,1.3630456058415155,-0.2823567333356243,2.2868831059305097,2.2952121096269633,0.008329003696453618,0.3827818420654767,3.927508423079841,1,0,1,2,3,3,1,0,1,0,0,1
3998837,8ca0757b-d3c0-46ce-b368-5adf72eb9476,1,6,22,Norway Women's,Caroline Graham Hansen,Vilde Bøe Risa,51.8,3,42.4,9.8,11.601724,-5.679236606729873,1.4204081810741034,0.09631808917655495,-1.3240900918975484,2.1096392253586442,0.5246765579035824,-1.5849626674550619,2.9560564220338312,1.4457943236212132,-1.510262098412618,1.3004719881372722,11.159519385790986,2,0,2,0,3,0,1,0,1,0,0,1
3998837,0387d7c8-8f83-4d0b-a837-b77610cc9b49,1,6,27,Norway Women's,Vilde Bøe Risa,Ingrid Syrstad Engen,34.3,15.7,40.7,5.5,12.0415945,2.5987960996587276,0.3481781651691663,0.34636487447486564,-0.00181329069430064,0.69738957121519,0.6981798040425238,0.0007902328273338144,1.2502218724556686,1.2522282003280225,0.0020063278723538858,3.536336079756464,3.4988412559043067,0,0,1,1,1,1,0,1,1,0,0,1
3998837,aa53e883-4eca-485f-bcf0-29b03b8daa7c,1,6,28,Norway Women's,Ingrid Syrstad Engen,Marit Bratberg Lund,41.4,4.9,28.6,6,12.847178,-11.437841172411481,0.6234557440744353,0.08638120196090378,-0.5370745421135315,0.9209936725274621,0.30412097590612835,-0.6168726966213338,1.4076242014045555,0.7328529323440359,-0.6747712690605195,1.5771858176787636,7.815678217350459,1,0,1,0,1,1,1,0,1,0,0,1
3998837,75bae1ad-0760-4646-bb7a-1432922730f3,1,6,30,Norway Women's,Marit Bratberg Lund,Guro Reiten,28.6,6,63,2.6,34.567616,29.344541755536838,0.08638120196090378,0.36812685269219075,0.281745650731287,0.30412097590612835,0.7186649599536512,0.41454398404752285,0.7328529323440359,1.318743785588943,0.5858908532449071,7.815678217350459,3.2313914689957492,0,0,0,1,1,1,0,1,0,0,0,0
3998837,05df2b45-2533-4ed7-9839-869d00f9bf20,1,7,0,Switzerland Women's,Smilla Vallotto,Nadine Riesen,85.7,24.2,106.6,16.2,22.378784,10.451135858484278,0.44141122721320963,0.07014236755012124,-0.3712688596630884,0.9492415569747585,0.2878857876326517,-0.6613557693421068,1.6183041529086244,0.7517737855864713,-0.866530367322153,3.5943652168296816,8.566190112873391,0,0,1,0,2,0,0,0,1,1,1,1
3998837,f00ccf77-afa0-4932-8cf1-8c80e80675f9,1,7,5,Switzerland Women's,Nadine Riesen,Noemi Ivelj,111.4,23.8,103.8,47.2,24.603252,0.6132663857436071,0.44821365786698464,0.9460347395681098,0.49782108170112516,0.8782874124411661,1.6455979945931585,0.7673105821519923,1.6254554078753674,2.666844336744031,1.0413889288686637,2.8629312483510794,1.1128940123836721,1,1,1,1,1,3,0,0,0,1,1,1
3998837,2752d9c8-eaf5-47ab-958f-7f90d1b30650,1,7,42,Norway Women's,Ingrid Syrstad Engen,Caroline Graham Hansen,48.6,33.6,56.7,27,10.448445,7.065134310909869,0.38385727101988887,0.631632833570756,0.24777556255086708,1.0587433568893132,1.2285655451033253,0.16982218821401207,2.1283751435349965,2.20500735533502,0.07663221180002333,5.394791038044492,2.1137349440625006,0,1,0,1,2,1,0,0,1,0,0,1
3998837,723b4399-19a6-4d57-9511-4b38734e2a7b,1,7,48,Norway Women's,Caroline Graham Hansen,Guro Reiten,95.9,26.3,107.8,23.6,12.202458,7.2816759960847754,1.584400823551342,0.6583506139666159,-0.9260502095847262,2.334248874387334,1.3901045717248597,-0.9441443026624745,3.1491514077901783,2.346569578569813,-0.8025818292203653,1.6139790871390525,2.955337407887092,2,1,3,1,4,4,1,0,0,0,0,0
3998837,8b6ee89d-4a9c-40f0-8768-bc699183ae61,1,8,21,Switzerland Women's,Nadine Riesen,Géraldine Reuteler,63,8.1,79.8,18.7,19.864542,19.825007353553417,0.7882344123251807,0.6357927721355219,-0.15244164018965878,1.0362750362656565,0.9521780857562251,-0.08409695050943145,1.493471814153848,1.3934276837184116,-0.10004413043543647,0.8278712705623535,1.6415779206478032,1,1,1,1,1,1,1,0,1,0,1,1
3998837,2b60b165-99d0-43c0-99b0-e2a7d1b75cee,1,8,27,Switzerland Women's,Géraldine Reuteler,Riola Xhemaili,113.1,21.7,106.3,28.5,9.6166525,1.6707405252118868,0.350574848881608,0.5383817366920877,0.18780688781047966,0.6545137969714104,1.2857940074411467,0.6312802104697363,1.1575427387728143,2.2907517778422335,1.1332090390694192,3.283639653244434,3.5612819553029484,0,0,1,1,1,2,0,0,0,1,1,1
3998837,c76ff8a8-15fd-4660-a72e-90506876c5b0,1,9,22,Switzerland Women's,Smilla Vallotto,Lia Wälti,111,77.1,89.6,71.2,22.198423,-5.385411242183693,0.33885599783445775,0.022027874909233743,-0.316828122925224,0.5450012391849256,0.1272764545634887,-0.4177247846214369,0.8435483651958569,0.4119705651455058,-0.43157780005035107,3.254298417885875,11.63101612755225,0,0,1,0,1,0,1,0,1,0,0,1
3998837,b77acf30-4d2f-4d7d-9885-9f76ba0cc7f5,1,9,37,Switzerland Women's,Smilla Vallotto,Lia Wälti,94.3,74.6,76,68.2,19.38685,-9.160802693229996,0.5274347835719783,0.006323182284679908,-0.5211116012872984,0.987384905171898,0.071173141833527,-0.9162117633383711,1.6425121221967312,0.3128696911899688,-1.3296424310067623,2.4940230939748322,16.14483986774552,1,0,1,0,1,0,1,0,1,0,0,1
3998837,d90badc3-2243-4843-98d2-5da830029fe2,1,9,46,Switzerland Women's,Lia Wälti,Géraldine Reuteler,81.1,73.2,79.5,60.3,12.998846,5.838711154208752,0.27086724180725597,0.14525863765800906,-0.1256086041492469,0.6237762225934584,0.4981047674896252,-0.12567145510383326,1.2279665000568274,1.2051573703925886,-0.02280912966423876,4.283371792084621,6.513886074118908,0,0,1,0,1,1,0,0,1,0,0,1
3998837,e911b6f1-b918-408d-b13f-48ced14c4ca4,1,9,49,Switzerland Women's,Géraldine Reuteler,Nadine Riesen,77,52.3,64.3,34.7,21.703686,-11.226984484188826,0.4165645699968653,0.026779040002656164,-0.3897855299942091,0.8539692118176593,0.1881866294490809,-0.6657825823685783,1.5994065110292628,0.6370760024000384,-0.9623305086292244,3.0115607165995812,12.485779504322444,0,0,1,0,1,0,0,0,1,0,0,1
3998837,54a89ccb-5646-455f-9ee3-5f7374fc39ba,1,9,59,Switzerland Women's,Nadine Riesen,Noemi Ivelj,96.6,14.5,85.5,20.4,12.5706005,-5.069443879466377,0.26247053495944683,0.09845567551277662,-0.1640148594466702,0.7620077024674333,0.43134953376015334,-0.33065816870728,1.5099596356604221,1.1496145238953097,-0.3603451117651124,6.884437510405877,8.171784945479873,0,0,0,0,2,0,0,0,1,0,0,1
3998837,42a1474c-0d75-41a0-a5e0-bd05465ef3fb,1,10,1,Switzerland Women's,Noemi Ivelj,Géraldine Reuteler,85.3,22.1,86,40.2,18.113531,5.044257780503621,0.10799411519409004,0.25981428152887004,0.15182016633478002,0.49764842993574954,0.7856781275477225,0.28802969761197295,1.3031643970041322,1.7377629983408158,0.4345986013366836,8.792223211973193,5.125117190586233,0,0,0,0,0,1,0,0,1,0,0,1
3998837,90cac8fc-158a-4e1f-bee4-02bd4597bc70,1,10,4,Switzerland Women's,Géraldine Reuteler,Iman Beney,90.6,43.6,101.3,64,23.035841,-0.8055659537147513,1.1640114591280444,0.042093511755144856,-1.1219179473728995,2.0497746997275073,0.23851658923963992,-1.8112581104878673,3.342353666400187,0.7971442323676996,-2.5452094340324876,0.7274890312125464,10.1641296493925,1,0,1,0,3,0,1,0,0,0,0,0
3998837,92d81c66-af73-46c8-843a-b3829d2fef32,1,10,19,Norway Women's,Ingrid Syrstad Engen,Tuva Hansen,21,70.3,12.1,59.2,14.227438,-6.061897809195173,0.3391094330775849,0.040860958058646896,-0.29824847501893803,0.6461561062050178,0.206610817673534,-0.43954528853148384,1.114533112137785,0.5776468185058277,-0.5368862936319574,3.4444000650796114,10.553075656590051,0,0,1,0,1,0,0,0,1,0,0,1
3998837,bd37cb6a-ce11-41e7-bd5b-1ab063c08262,1,10,21,Norway Women's,Tuva Hansen,Vilde Bøe Risa,12.5,58,21.6,51.6,11.125196,9.915178885889063,0.08120544447868192,0.11992704693409684,0.03872160245541492,0.30096503679478437,0.4691663098015147,0.16820127300673032,0.7114167475643193,1.0596255781946813,0.348208830630362,8.230824371002043,8.900678881799065,0,0,0,0,0,0,0,0,1,0,0,1
3998837,9328c2f0-9892-44e6-b8e6-eb7335b4ab39,1,10,24,Norway Women's,Vilde Bøe Risa,Thea Bjelde,27.1,51.4,32,35.9,16.256075,5.501388649653009,0.20179565612261977,0.2068168715669596,0.005021215444339838,0.640330944719126,0.6059156541665197,-0.03441529055260628,1.339406679545672,1.2530036369729018,-0.0864030425727702,6.446282158972693,6.652551627467253,0,0,0,0,1,2,0,0,1,0,0,1
3998837,628b736e-637d-4d43-a504-62d8efa7e296,1,10,26,Norway Women's,Thea Bjelde,Marit Bratberg Lund,34.1,33.1,38,15.7,17.831713,0.6518872525610675,0.2878510923422412,0.040107443478713596,-0.24774364886352762,0.7261177437900667,0.2408546761045587,-0.485263067685508,1.3711531056162385,0.7479099635235434,-0.623243142092695,5.872229287594307,10.856233967423304,0,0,0,0,2,0,0,0,1,0,0,1
3998837,2792c44b-5dc9-4671-ab81-bb1b9c7ced5a,1,10,28,Norway Women's,Marit Bratberg Lund,Guro Reiten,38,15.3,42.2,9.1,7.488658,1.9275940614550393,0.04002699288019861,0.023898943116189262,-0.01612804976400935,0.23954738223479002,0.17745168162104397,-0.06209570061374606,0.7445106583101868,0.6142991746507888,-0.13021148365939805,10.834070974665297,12.801949958248139,0,0,0,0,0,0,0,0,1,0,0,1
3998837,1a00e6d9-6a5c-4de2-8e9d-8c1119059608,1,10,30,Norway Women's,Guro Reiten,Marit Bratberg Lund,42.8,8.7,37.5,11.1,5.818075,-4.111603411551016,0.026483294496042458,0.010867654085111332,-0.015615640410931126,0.19001059270863704,0.11164850471894448,-0.07836208798969256,0.6505183414317429,0.4668848283009594,-0.18363351313078352,12.29190778408788,15.71957268294473,0,0,0,0,0,0,0,0,1,0,0,1
3998837,515c418c-0c02-4d16-873b-79c2e276912d,1,10,31,Norway Women's,Marit Bratberg Lund,Maren Nævdal Mjelde,37.1,11.5,31,24.6,14.450605,-2.6603406449586373,0.012603202876299499,0.01009965341918382,-0.0025035494571156794,0.1204746322990837,0.10162210335858808,-0.01885252894049562,0.48699996813578267,0.45116196529624625,-0.03583800283953642,14.811960238090899,14.55899026918961,0,0,0,0,0,0,0,0,1,0,0,1
3998837,f637734b-8553-438a-849f-92872a4abf91,1,10,34,Norway Women's,Maren Nævdal Mjelde,Vilde Bøe Risa,30.5,26.1,41.2,34.8,13.790577,11.60156679702736,0.01232706639771904,0.12997727456939215,0.11765020817167311,0.11696482565057555,0.4922479948957451,0.3752831692451696,0.48424761618669643,1.1609516991382947,0.6767040829515982,14.196723381532543,7.6280324158776756,0,0,0,0,0,1,0,0,1,0,0,1
3998837,8da4eb57-b125-4a18-8b1c-ff43cde0d3a5,1,10,38,Norway Women's,Vilde Bøe Risa,Tuva Hansen,43.3,37.8,37.1,54.6,17.90754,-7.4442828717912874,0.6240979468952498,0.02419837737461255,-0.5998995695206373,1.183577768480846,0.15386732397614616,-1.0297104445046998,1.9428790907965843,0.5139896348176282,-1.4288894559789562,3.3608839456448925,11.68571859624524,0,0,2,0,2,0,0,0,1,0,0,1
3998837,537cac2e-8d46-4a78-9d71-0e9c4c717a02,1,10,41,Norway Women's,Tuva Hansen,Maren Nævdal Mjelde,37.3,54.8,32.6,40.1,15.433082,-3.386189305354577,0.1074448659729195,0.13341740484218542,0.025972538869265926,0.3407736226479301,0.3642204868656776,0.0234468642177475,0.7945311541716825,0.7991489974211993,0.004617843249516751,6.959645431356474,6.198795441138638,0,0,0,0,1,1,0,0,1,0,0,1
3998837,f49f88da-aa2e-408a-a650-cf8ccf9467d1,1,10,43,Norway Women's,Maren Nævdal Mjelde,Marit Bratberg Lund,30.7,36.1,35.4,29.1,8.431489,4.0858252071360965,0.5571343876437492,0.1988345999194461,-0.35829978772430315,0.7749868947539774,0.5470905982071885,-0.2278962965467889,1.143540658268711,1.149176553057249,0.005635894788537987,1.786576566603559,5.475574229936299,1,0,1,0,1,1,0,0,1,0,0,1
3998837,adb3a1b2-93dc-4828-b735-c8ab963ffe16,1,10,47,Norway Women's,Marit Bratberg Lund,Thea Bjelde,42.4,30,55.6,39.7,16.380781,13.840978119672641,0.8941490019547524,0.7129763568841424,-0.18117264507061004,1.5170635903437386,1.3863143632512032,-0.13074922709253545,2.3851308377945313,2.4020627071633527,0.016931869368821406,2.0989828979678475,2.916022966693938,1,1,2,2,2,2,0,0,1,0,0,1
3998837,3fbea632-5eaa-4fa5-9225-dbfeeeda7f07,1,10,51,Norway Women's,Thea Bjelde,Marit Bratberg Lund,48.8,27.4,42.4,19.5,10.167104,-7.9558400903700175,0.2962803836746111,0.017540576232057896,-0.2787398074425532,0.9177934029265269,0.17331879265310934,-0.7444746102734175,1.910225654918383,0.6863675736248952,-1.2238580812934878,6.711238655913149,14.377439301822559,0,0,0,0,2,0,0,0,1,0,0,1
3998837,891ad5da-b085-499b-8356-f455d62ddaf1,1,10,54,Norway Women's,Marit Bratberg Lund,Maren Nævdal Mjelde,43.1,19.6,35.8,27,10.394711,-5.637800865695667,0.023162398100225662,0.017609361217044872,-0.00555303688318079,0.19868853908394288,0.14134170468363222,-0.05734683440031066,0.7309560439693814,0.527120360282681,-0.20383568368670035,13.986229200904784,13.387328304873687,0,0,0,0,0,0,0,0,1,0,0,1
3998837,2ac70819-95df-4eaa-a0fa-f3f322cb0dde,1,10,56,Norway Women's,Maren Nævdal Mjelde,Tuva Hansen,36.5,35.1,42.8,54,19.92235,5.184487540567332,0.028265867012793374,0.05305520287065587,0.024789335857862495,0.18592899771024743,0.22677472440351404,0.04084572669326661,0.5986157952046266,0.6007004071068447,0.002084611902218092,12.151981750070522,9.21991677068655,0,0,0,0,0,0,0,0,1,0,0,1
3998837,ca6a155f-a264-47e3-8ff9-50eb1af90dd2,1,10,59,Norway Women's,Tuva Hansen,Maren Nævdal Mjelde,42.2,54,36.5,38.9,16.140013,-4.457640515060191,0.08999783155795817,0.03156188506630822,-0.058435946491649945,0.31402518705564003,0.19705581429108934,-0.11696937276455069,0.743300035865623,0.6212106544140875,-0.12208938145153547,7.6084243508940075,11.406560754206385,0,0,0,0,1,0,0,0,1,0,0,1
3998837,f2131d8b-f352-4f5e-862f-8c7e8bee0967,1,11,2,Norway Women's,Maren Nævdal Mjelde,Marit Bratberg Lund,41.2,39.7,43.5,24.2,15.669716,0.6859757567694516,0.08910695088130506,0.04609718217456926,-0.0430097687067358,0.37997899719926176,0.26732520722992975,-0.11265378996933201,0.9424972122173375,0.8486195167111233,-0.09387769550621416,8.91155769111569,10.678343766308638,0,0,0,0,0,0,0,0,1,0,0,1
3998837,cef3016c-54b8-4101-8604-49ec11c3e75a,1,11,5,Norway Women's,Marit Bratberg Lund,Guro Reiten,43.9,23.8,52,8.7,17.135344,2.947406956444908,0.06736152487775189,0.17616731274574107,0.10880578786798918,0.34230946909979454,0.5280145493090427,0.18570508020924814,1.0039135855601042,1.1821747433887864,0.17826115782868213,10.243768801825714,6.02542257926163,0,0,0,0,0,1,0,0,1,0,0,1
3998837,ca2c4e81-8d90-42cd-b6ac-df80a018f8ae,1,11,7,Norway Women's,Guro Reiten,Marit Bratberg Lund,52.2,7.9,42.8,14.7,11.601724,-6.224954724698918,0.47684443654879777,0.31528854875480095,-0.16155588779399682,0.9224675835394791,0.711094226342028,-0.2113733571974511,1.61114045687111,1.4074541285736073,-0.20368632829750277,2.9988047468275467,3.858769795890537,1,0,1,1,2,1,0,1,1,0,0,1
3998837,60773e59-64cb-4dab-81a0-59f12b04527b,1,11,17,Norway Women's,Ingrid Syrstad Engen,Vilde Bøe Risa,43.1,11.3,42.2,21.7,10.438869,2.1577817894165463,0.9188527645192468,0.2243271271811595,-0.6945256373380873,1.405650543701982,0.7833975954699125,-0.6222529482320694,2.1645427659164893,1.735945338127349,-0.42859742778914023,1.0499855474372928,7.336576267469379,1,0,1,0,2,2,1,0,1,0,0,1
3998837,ee695f7e-c2ce-43a6-a60f-b2c1d36d39e6,1,12,41,Norway Women's,Ingrid Syrstad Engen,Guro Reiten,63.4,51.8,78.9,43.8,17.442764,16.541657256708582,0.18117715469306117,0.7611962377666477,0.5800190830735865,0.709181679023364,1.528029241813692,0.818847562790328,1.6267971888268675,2.6603589927958478,1.0335618039689802,8.480484521382971,2.0450880808387106,0,1,0,1,0,3,0,1,0,0,0,0
3998837,fae8c3ea-c22e-441e-8ec9-bd44283af77b,1,13,32,Switzerland Women's,Riola Xhemaili,Géraldine Reuteler,53.1,27.8,63.4,38.7,14.996666,11.388381382837416,1.3546321593708663,0.47443592475730473,-0.8801962346135617,2.0828299852820833,1.2040437005906064,-0.8787862846914769,3.1064348876962815,2.3614093452307765,-0.745025542465505,0.2525518520291015,3.6063043796734133,1,0,1,1,4,1,1,0,1,0,0,1
3998837,e2bd8085-d82a-4882-9a0e-1340b1aeee60,1,13,34,Switzerland Women's,Géraldine Reuteler,Iman Beney,63.2,44.6,79.2,60.3,22.416288,11.414810027572628,0.4986390609922093,0.14696003356055018,-0.35167902743165913,1.2470446352849394,0.4366449317353195,-0.8103997035496199,2.4008187638515737,0.9837168626659833,-1.4171019011855903,3.639360019558185,6.220003512229333,0,0,1,0,2,1,0,0,1,0,0,1
3998837,12c5be9c-38ef-441b-a6b5-4aff5400a227,1,13,40,Switzerland Women's,Iman Beney,Géraldine Reuteler,104.9,53.6,113.4,59.7,10.462314,-0.4545249755820038,1.1046955876766955,0.31849512098372673,-0.7862004666929687,1.8477407006969364,0.7584048164076926,-1.0893358842892438,2.729010961667127,1.5321608610118933,-1.1968501006552337,2.5077601323835164,3.9512213312131808,1,0,3,1,3,1,0,0,0,0,0,0
3998837,f4c23b11-acd8-4c43-aa26-423b95af5a72,1,14,10,Switzerland Women's,Lia Wälti,Noelle Maritz,97.2,62.2,105.5,75.8,15.932671,-6.802358454561578,0.3586679403872896,0.03544072842866618,-0.3232272119586234,0.7550412612790627,0.16870743634916857,-0.5863338249298942,1.4150154769933585,0.5071175162692658,-0.9078979607240927,3.9391066188125667,10.321159288761276,0,0,1,0,2,0,0,0,1,0,1,1
3998837,0434eb1a-cd19-47cb-8dbc-4c8dbf25621a,1,14,13,Switzerland Women's,Noelle Maritz,Smilla Vallotto,108.1,76.1,103,73.5,5.724509,0.4441804298486858,0.7136771008065369,0.3013650630717567,-0.4123120377347802,0.9892995109765476,0.6772953706936565,-0.31200414028289103,1.413863596253264,1.2439553182181895,-0.16990827803507447,1.2978900395977393,5.015758423713681,1,0,1,0,1,2,1,0,0,1,1,1
3998837,6f87c791-fa83-42e2-b13a-14e6a5f675c5,1,14,15,Switzerland Women's,Smilla Vallotto,Lia Wälti,103.2,73.3,92.3,59.5,17.585505,3.4224953895284074,0.5186373604335635,0.07008236425086779,-0.4485549961826957,0.9315769121275184,0.3515450085262922,-0.5800319036012261,1.4854014766473087,1.0464099654323393,-0.4389915112149694,3.7769232377158564,9.172283924524992,0,0,2,0,2,0,0,0,0,1,1,1
3998837,e9b69677-0cbb-4541-8424-7f82079d3588,1,15,5,Switzerland Women's,Julia Stierli,Livia Peng,42,12.8,14.8,36.4,36.01111,-22.655041663951806,0.24794278565144942,0.0010477359452895204,-0.2468950497061599,0.49896587488499505,0.021647020408886997,-0.47731885447610806,0.8731114496158465,0.12454634530248462,-0.7485651043133619,4.281178796412057,21.766735861344692,0,0,1,0,1,0,0,0,1,0,0,1
3998837,029427ae-8790-4533-9715-48b6fdb90d2e,1,15,12,Switzerland Women's,Livia Peng,Riola Xhemaili,19.5,41.7,72.6,35.9,53.41582,52.93738684421407,0.029990615928524547,1.016573563048541,0.9865829471200165,0.16206486649681812,1.5733153798678563,1.4112505133710382,0.49163698316740084,2.3714934534125365,1.8798564702451357,10.972730405440775,0.6549458220539917,0,1,0,1,0,2,0,0,0,0,0,0
3998837,0ce36a84-6c68-47ac-b94f-fac97c1f2e0d,1,15,21,Norway Women's,Cecilie Fiskerstrand,Tuva Hansen,7.8,37,17.4,31.6,11.014536,9.296814429578546,0.3086241163408331,0.16628317042693766,-0.14234094591389543,0.5148434017095178,0.46416811869648467,-0.050675283013033146,0.7709062904580072,0.9051123322197363,0.13420604176172912,3.536809051033802,6.150701206589055,0,0,1,0,1,1,0,0,1,0,0,1
3998837,f8b49b1d-23a5-41de-90b3-6e0ffcf13b65,1,15,23,Norway Women's,Tuva Hansen,Ingrid Syrstad Engen,17.4,31.7,25.6,34.4,8.633076,8.369217955359602,0.43703051424230305,0.18187740144382733,-0.25515311279847575,0.7869682277036518,0.671507602232264,-0.1154606254713878,1.2178328439473358,1.4688757435350075,0.2510428995876717,2.9870484465056775,7.477133675388305,1,0,1,0,1,1,0,0,0,0,0,0
3998837,0b80eeae-a33b-46a9-97df-2ca729d2c098,1,15,34,Switzerland Women's,Iman Beney,Lia Wälti,63.9,58.6,63.9,50.8,7.8,1.9729309561230082,0.03594648620489357,0.23378118261255904,0.19783469640766546,0.20690336332548886,0.6316408742967123,0.4247375109712235,0.6383468698566324,1.312158535708996,0.6738116658523636,10.967314121592892,5.2975008753267385,0,0,0,0,0,1,0,0,1,0,0,1
3998837,59d640a2-4102-4f8c-980d-d7f403754263,1,15,35,Switzerland Women's,Lia Wälti,Viola Calligaris,63.9,50.6,56,56.3,9.741663,-8.950447983491891,0.25809226233489874,0.07522244883406935,-0.18286981350082937,0.663717316848208,0.3022671875476873,-0.36145012930052073,1.344575590390338,0.8065717211802257,-0.5380038692101123,4.963674650582393,8.274218343209494,0,0,1,0,1,0,0,0,1,0,0,1
3998837,c13a6406-59f9-4452-b094-044551cf4675,1,15,37,Switzerland Women's,Viola Calligaris,Lia Wälti,58.3,59.1,63.5,52.3,8.560374,6.765347017616655,0.24862935299159492,0.4780037330008498,0.2293743800092549,0.5891537390549411,1.038160702536203,0.4490069634812619,1.191472322541246,1.8666722567316991,0.6751999341904531,4.491294754529963,3.975418216489004,0,0,1,1,1,2,0,0,1,0,0,1
3998837,ebc599a5-95cc-4401-8bcb-14ee0ac8fcf3,1,15,38,Switzerland Women's,Lia Wälti,Viola Calligaris,64.1,52.5,56.5,58,9.381365,-8.721356205247027,0.5666913026032354,0.16070996603407,-0.4059813365691654,1.1425047759799591,0.4994323768326827,-0.6430723991472764,1.9689251278506061,1.1384958473351843,-0.8304292805154219,3.4299333180665386,6.10074758213468,0,0,2,0,2,1,0,0,1,0,0,1
3998837,93704ef8-c233-44f4-a421-84993d8104d0,1,15,39,Switzerland Women's,Viola Calligaris,Julia Stierli,56.5,58,53,41.4,16.964964,-1.0127313571937009,0.17689400918813997,0.033835654276378004,-0.14305835491176197,0.5266629348537206,0.22187746490006557,-0.3047854699536551,1.1733729143194886,0.712966001425831,-0.46040691289365765,5.806554507899766,12.515226953630814,0,0,0,0,1,0,0,0,1,0,0,1
3998837,adf011f5-09bb-4451-acfb-c16f6076485f,1,15,42,Switzerland Women's,Julia Stierli,Viola Calligaris,52.6,41.9,57.1,62,20.597572,0.7903736336733829,0.07254798666617562,0.173811505840208,0.10126351917403237,0.3468782842743414,0.5667947509131442,0.21991646663880282,0.9516372380774518,1.259180176355957,0.3075429382785051,9.387882031826237,6.824602756345892,0,0,0,0,0,1,0,0,1,0,0,1
3998837,ac811a34-462b-489c-b51e-c0a77f9b443a,1,15,44,Switzerland Women's,Viola Calligaris,Iman Beney,58.1,63.5,71.9,76.3,18.822327,5.950455372435137,0.6192489875137118,0.19881826968360958,-0.4204307178301022,1.0589511485602352,0.494144548920567,-0.5648065996396683,1.7500218528188953,1.025691521383581,-0.7243303314353142,1.8765086125540735,5.101128300770734,1,0,1,0,1,1,0,0,1,0,0,1
3998837,a8fb8b90-9c5d-49e8-9bcc-30d6da849b3b,1,16,24,Norway Women's,Ingrid Syrstad Engen,Guro Reiten,42.4,24.2,48.4,9.8,15.6,1.4837419290603577,0.2232182461886264,0.4797575082311406,0.2565392620425142,0.7425443126402899,0.8393512263971538,0.0968069137568639,1.6280232025229788,1.4764971245255107,-0.1515260779974681,6.5826828191652975,2.3938141063697103,0,1,0,1,1,1,0,0,1,0,0,1
3998837,1f457e7d-498f-49f7-ae93-61075b5feddd,1,16,31,Norway Women's,Ingrid Syrstad Engen,Frida Maanum,49,28.7,55.8,40.3,13.446189,7.692901009892509,0.2780387668129454,0.7749675968162442,0.49692883000329874,0.8781454293564667,1.4311265865856009,0.5529811572291342,1.7315564625121114,2.249114821061103,0.5175583585489918,7.703730828966181,2.6835753668211537,0,1,0,2,2,3,0,1,0,0,0,0
3998837,da2dacea-955d-4fcf-9040-784977f1d9bb,1,16,37,Switzerland Women's,Noelle Maritz,Nadine Riesen,64.7,10.6,56,7,9.415413,-9.37747820095074,0.4640058614334924,0.29997009704260497,-0.1640357643908874,0.7280246231035892,0.5390857749444258,-0.1889388481591634,1.2003345643028323,0.9423422877777974,-0.25799227652503487,2.3608480518693717,3.6513411403594835,1,0,1,1,1,1,0,0,1,0,0,1
3998837,cd000ff3-b198-4331-a8f3-92733cf4a1c0,1,16,40,Switzerland Women's,Nadine Riesen,Livia Peng,53.9,12.4,20.5,28.9,37.253323,-28.48644181479648,0.3855043050096144,0.11787761927273153,-0.26762668573688286,0.683253669414681,0.28222658696070946,-0.40102708245397156,1.1816385425434415,0.49637526463223863,-0.6852632779112029,2.982521099660905,6.416766020076492,1,0,1,0,1,1,1,1,0,0,0,0
3998837,9811c71a-f038-4a20-b1f5-cc63b51822ef,1,16,43,Switzerland Women's,Livia Peng,Julia Stierli,19.9,29.3,30.7,14.9,18,7.909809643322276,0.1687271283704901,0.13984193429445171,-0.028885194076038373,0.34974227770941635,0.39942052494517866,0.04967824723576231,0.5664537233840433,0.7797851217275548,0.21333139834351145,5.340698015271749,6.4878144594142135,0,0,0,0,1,1,1,0,0,0,0,0
3998837,5eede9fd-49ce-47a6-af91-4bd34f27f928,1,16,45,Switzerland Women's,Julia Stierli,Nadine Riesen,31.2,14.5,43.7,5.1,15.640013,8.485877930059743,0.37765267534096947,0.06262664939170061,-0.3150260259492689,0.6445881544043789,0.28759581658155553,-0.35699233782282336,0.983090790940714,0.7539357295699377,-0.22915506137077635,3.049270497370911,9.431248586852117,0,0,1,0,1,0,1,0,0,0,0,0
3998837,d6af15d2-901b-481a-b633-6eec0b496082,1,16,49,Norway Women's,Vilde Bøe Risa,Ada Stolsmo Hegerberg,67.3,66.5,84.2,50.1,23.54931,21.790179672118605,0.771225419674407,0.17538917035839646,-0.5958362493160105,1.3495232026646025,0.5680549575494501,-0.7814682451151523,2.1112512379274997,1.2707984745836574,-0.8404527633438423,1.788152505067008,6.093936335529639,1,0,1,0,3,1,1,0,1,1,1,1
3998837,367e687c-a72f-46dc-a8bb-1ac295ee8409,1,16,52,Norway Women's,Ada Stolsmo Hegerberg,Guro Reiten,82.1,37.8,85.7,28.9,9.600521,1.9124462823304356,0.3693875484024753,0.10882689193667483,-0.26056065646580046,0.8937509689127267,0.4215514305911039,-0.47219953832162276,1.6364485065629455,0.9757985888765109,-0.6606499176864346,5.185267598156975,8.809913367841167,0,0,0,0,2,0,0,0,1,1,1,1
3998837,0ab20e01-3d90-41eb-a3ab-db3bcb35f433,1,17,8,Norway Women's,Vilde Bøe Risa,Caroline Graham Hansen,98.5,67.3,100.8,54.2,13.300376,10.869140250099992,0.49094796157852605,0.8816185541392166,0.3906705925606906,1.1645693091923564,1.836370076667505,0.6718007674751487,2.0818902616473816,3.031646444896738,0.9497561832493564,4.948653403632143,3.029856768119093,0,0,1,1,3,4,0,0,1,0,0,1
3998837,7601aedd-f0b0-4a49-8c67-1afa32945125,1,17,23,Norway Women's,Tuva Hansen,Vilde Bøe Risa,55.8,19.8,63.9,33.8,16.174362,10.861334711786824,0.03395114881304782,0.09917461959568365,0.06522347078263582,0.17659762281040747,0.4474192566482659,0.2708216338378584,0.5456606123062853,1.1183134960704082,0.5726528837641229,10.437083000005044,9.214103590486483,0,0,0,0,0,0,0,0,0,0,0,0
3998837,15fda557-1d01-4cb8-83e5-c2f95fdddf58,1,17,27,Norway Women's,Vilde Bøe Risa,Maren Nævdal Mjelde,64.7,35.5,52.6,43.8,14.673104,-12.024246545755098,0.4549628484889966,0.012769787851299839,-0.44219306063769676,0.9677749320872241,0.10227935154872088,-0.8654955805385032,1.7303606115916434,0.39077756627849697,-1.3395830453131465,3.358373658343469,13.612727805740187,0,0,1,0,2,0,0,0,1,0,0,1
3998837,efe237bb-4cab-416d-a5db-1c95ccdb2a9a,1,19,40,Norway Women's,Maren Nævdal Mjelde,Tuva Hansen,36.3,52.3,32.2,38.9,14.013208,-3.2079542266954206,0.10480012807771329,0.03323572702991195,-0.07156440104780135,0.40467207097618396,0.21236811405738676,-0.1923039569187972,0.9776435066535185,0.6877723433359796,-0.2898711633175389,8.097042321129864,11.619363943648201,0,0,0,0,0,0,0,0,1,0,0,1
3998837,49972bc5-f4f2-40e9-8458-4c6c226e244e,1,19,43,Norway Women's,Tuva Hansen,Maren Nævdal Mjelde,32.4,38,32.6,50.8,12.801562,-0.4419208309062128,0.07411136652755726,0.24881917612263377,0.1747078095950765,0.33810448356288947,0.5437801485305896,0.20567566496770018,0.8849029207138032,1.033663819321079,0.14876089860727582,9.595100596506091,4.375407875962518,0,0,0,1,0,1,0,0,1,0,0,1
3998837,4c4f9827-df17-4a4a-a7e3-89f75cef470f,1,19,43,Norway Women's,Maren Nævdal Mjelde,Tuva Hansen,32.7,50.8,25.9,41.8,11.280071,-6.1517095507595485,0.24881903705460207,0.09587923042504312,-0.15293980662955894,0.543779964326328,0.35960329294970345,-0.18417667137662458,1.0336635990228242,0.8440146104840879,-0.18964898853873635,4.375409538649805,8.338506904818173,0,0,1,0,1,0,0,0,1,0,0,1
3998837,8c651546-a5d1-44ed-85a6-d1157f38f9cc,1,19,46,Norway Women's,Tuva Hansen,Marit Bratberg Lund,25.9,42,28.8,24.4,17.83732,1.596660259622567,0.1778945658317044,0.05722431508933215,-0.12067025074237225,0.4979845331496678,0.2746234213352979,-0.2233611118143699,1.0106056765998856,0.7413825798031017,-0.2692230967967839,5.9129659429569,9.881684607079778,0,0,0,0,1,0,0,0,1,0,0,1
3998837,2bcd74b5-955a-4b3f-8736-eeb299cfc453,1,19,52,Norway Women's,Marit Bratberg Lund,Ingrid Syrstad Engen,36.1,14.9,42.4,21.5,9.124144,7.799337546898087,0.34793658292022056,0.3709771836978947,0.023040600777674114,0.8246755858280799,0.976539466277182,0.15186388044910215,1.550861383422633,1.8677379802925593,0.3168765968699263,4.65263070267274,4.769150853301264,0,0,1,1,2,2,0,0,1,0,0,1
3998837,1d5bd922-cbfe-468b-acff-cee4077c87c4,1,19,53,Norway Women's,Ingrid Syrstad Engen,Tuva Hansen,42.4,21.5,26.7,23.1,15.781318,-15.043501811811808,0.3709771836978947,0.5147782218818049,0.1438010381839102,0.976539466277182,0.7499405667070544,-0.22659889957012758,1.8677379802925593,1.1510017611074117,-0.7167362191851476,4.769150853301264,2.0334681210592906,0,1,1,1,2,1,0,1,1,0,0,1
3998837,9da4fd04-8baa-4edc-8302-b06afd0ce99c,1,19,54,Norway Women's,Tuva Hansen,Marit Bratberg Lund,25.8,22.3,32.6,14.4,10.423532,4.776414784690061,0.587780755210963,0.10246057392961007,-0.4853201812813529,0.8093982421053676,0.44256415244374414,-0.36683408966162345,1.2005575835230018,1.1085696477742069,-0.09198793574879494,1.6338465593002358,9.198224464814217,1,0,1,0,1,0,0,0,1,0,0,1
3998837,349f05ca-04f3-4ffc-9ab6-76cdbad3c2ec,1,20,7,Switzerland Women's,Livia Peng,Noelle Maritz,4,44.6,14.2,33.2,15.297058,10.07287076119033,0.031023096560465382,0.09773238842073127,0.06670929186026589,0.1291015832044557,0.31036066013082203,0.18125907692636634,0.31784404991220244,0.6329740309535391,0.31512998104133666,10.427775246606101,7.541005979190617,0,0,0,0,0,1,1,0,1,0,0,1
3998837,4919ac1c-7791-4f49-b9f3-4e24cb439839,1,20,9,Switzerland Women's,Noelle Maritz,Lia Wälti,14.2,33,26.9,41.6,15.337862,12.917568486441382,0.11590508689464421,0.20580376114908566,0.08989867425444145,0.3484119776644793,0.547736440389614,0.1993244627251347,0.6843725045836573,1.0220609924209418,0.33768848783728456,7.145313716587523,5.703571595090327,0,0,0,0,1,1,0,0,1,0,0,1
3998837,ec9cb45b-8e5f-481b-9211-6d10e9e29739,1,20,12,Switzerland Women's,Lia Wälti,Riola Xhemaili,37.6,42.5,55.8,41.4,18.233212,18.222653050637078,0.1900349910277695,0.6240008581187195,0.43396586709095003,0.6811957194692362,1.3545983994061928,0.6734026799369566,1.5274521497410618,2.40264289700525,0.875190747264188,7.398619024863155,3.7932438294082305,0,0,0,2,1,3,0,0,1,0,0,1
3998837,4391b47e-cc9f-4df6-a061-472d302b2cad,1,20,18,Switzerland Women's,Riola Xhemaili,Iman Beney,55.8,41.9,77.7,76.7,41.117516,8.226501991402216,1.0408219498260705,0.012722844108608907,-1.0280991057174615,1.7744757272737393,0.0955283023228989,-1.6789474249508403,2.680441732508819,0.36777331394419144,-2.312668418564628,1.85982365055307,13.388561572686077,1,0,3,0,3,0,1,0,1,0,0,1
3998837,725993f9-ee5f-4a63-9ca4-2a441ebf4158,1,20,29,Switzerland Women's,Iman Beney,Géraldine Reuteler,95.3,77.8,101,78.2,5.714018,2.4902417437619064,0.5954547690098776,0.43943166439082587,-0.15602310461905172,0.92955595331108,0.8706489514982316,-0.05890700181284836,1.426024929729754,1.4314681348434843,0.0054432051137303095,1.8068964947172224,3.5139093912826254,1,0,1,1,1,2,0,0,0,0,0,0
3998837,c3040e90-bab1-4804-aa05-95a1dc7b9a0c,1,20,34,Norway Women's,Ingrid Syrstad Engen,Ada Stolsmo Hegerberg,37.1,13,50.5,25.3,18.189283,16.148469720349695,1.0879651768893306,0.7594980846681361,-0.3284670922211945,1.5602002111382556,1.231995663902561,-0.3282045472356945,2.154287427749093,1.9961221769919468,-0.15816525075714627,0.6820108887435671,1.2391327828773901,1,1,2,1,3,1,0,1,1,0,0,1
3998837,8babcc00-10e0-4a76-8760-85429b5281b2,1,20,36,Norway Women's,Ada Stolsmo Hegerberg,Frida Maanum,48.8,25.7,47.5,38.9,13.263861,0.11348432691207222,1.0974168600701917,0.24377498610861054,-0.8536418739615812,1.7830738239128678,0.8268981077313273,-0.9561757161815405,2.6614240749877713,1.7952974032038787,-0.8661266717838927,1.1177903204721398,7.126077371472342,1,0,2,0,3,2,1,0,1,0,0,1
3998837,4f60e7ce-22fc-445b-9c26-f4af2a1788b1,1,20,38,Norway Women's,Frida Maanum,Thea Bjelde,49.6,43.7,41.6,66.1,23.78571,-12.133158247759624,0.3644084150426308,0.01891009979647155,-0.3454983152461592,0.9436624243400018,0.12948529334077438,-0.8141771309992274,1.8478068714048506,0.43860915696538194,-1.4091977144394687,5.32580454760371,12.568820544465781,0,0,0,0,2,0,0,0,1,0,0,1
3998837,5f15dd06-401b-4c0b-8a5f-4a854b6c9850,1,20,46,Norway Women's,Vilde Bøe Risa,Maren Nævdal Mjelde,42.6,41.6,28.6,46.9,14.969636,-14.243542849773348,0.5010430216575376,0.023019353070280656,-0.4780236685872569,1.090755177845918,0.16433233065166847,-0.9264228471942495,1.8552132213241912,0.577703871451748,-1.2775093498724432,4.255252844036691,12.161463262368285,0,0,2,0,2,0,0,0,1,0,0,1
3998837,c7154b21-b302-49a1-aceb-d8c08715e70e,1,20,50,Norway Women's,Maren Nævdal Mjelde,Vilde Bøe Risa,30.1,48.2,40.3,39.5,13.406342,10.571628098954065,0.05172641702484505,0.32343796274611925,0.2717115457212742,0.23948423801835075,0.8138007097944516,0.5743164717761009,0.6466673761942954,1.5000580140522413,0.8533906378579459,9.683052827740383,4.514993264266547,0,0,0,1,0,1,0,0,1,0,0,1
3998837,021400e9-6798-4234-8f90-96a11d69090b,1,20,52,Norway Women's,Vilde Bøe Risa,Caroline Graham Hansen,42,35.7,55.2,32.5,13.582341,12.885851841629247,0.8428210841052074,1.2292643620598913,0.3864432779546839,1.3267283404068053,2.025727325363758,0.6989989849569527,2.0577683803429103,3.054144757738071,0.9963763773951606,1.0433307827549079,1.204149246120084,1,1,1,3,2,3,0,1,1,0,0,1
3998837,9a89366d-5cec-44e0-92ff-97dbb9302798,1,20,54,Norway Women's,Caroline Graham Hansen,Maren Nævdal Mjelde,51.8,31.4,36.7,48.8,23.038446,-15.023446024648663,1.8072546662560078,0.01794913676936119,-1.7893055294866467,2.5895791649193907,0.1659430434139799,-2.4236361215054107,3.442600364301459,0.6081227272051904,-2.8344776370962683,1.0780211580802728,14.724054893220586,2,0,4,0,4,0,0,0,1,0,0,1
3998837,cc186ae6-3f70-4209-8ff6-241a4d7413db,1,20,59,Norway Women's,Maren Nævdal Mjelde,Ingrid Syrstad Engen,37.5,48.4,43.7,28.3,21.034496,5.734694804393726,0.09762720202471235,0.1821865261508474,0.08455932412613505,0.37225250552377215,0.5761083610130531,0.20385585548928092,0.8908975256451162,1.2383783271636748,0.34748080151855865,7.8242184687672385,6.3451381038859695,0,0,0,0,1,1,0,0,1,0,0,1
3998837,2df32768-8d1c-41ea-b367-110101848ea3,1,21,2,Norway Women's,Ingrid Syrstad Engen,Marit Bratberg Lund,42.8,25.9,55.6,13.4,17.89106,8.799810740261762,0.22351569564910873,0.12260380526220747,-0.10091189038690125,0.6373407481719879,0.4077241584328656,-0.22961658973912236,1.2878690660787255,1.0017376313214095,-0.28613143475731606,6.580374781143146,6.6562258796718075,0,0,0,0,2,1,0,0,1,0,0,1
3998837,1f7e11f7-e40e-4c96-87cc-90b3ce725dcd,1,22,26,Switzerland Women's,Smilla Vallotto,Lia Wälti,52.8,34.7,47.9,38.9,6.453681,-4.699711668773958,0.9441054830937722,0.3305148685368893,-0.6135906145568829,1.4986986970255503,0.8492215976280855,-0.6494770993974648,2.311382724051977,1.7310902669448964,-0.5802924571070807,1.4163570114547432,4.196109431003899,1,0,2,1,2,1,1,0,1,0,0,1
3998837,077a49d0-519e-4792-ae60-fbdafeee095a,1,22,37,Switzerland Women's,Géraldine Reuteler,Nadine Riesen,92.3,26.6,111.9,23.2,19.892712,12.120190586971248,0.5574041217175288,0.15969156157174172,-0.39771256014578715,1.1471977425855997,0.5710977519030348,-0.5760999906825649,2.0001590594758434,1.3277314298513512,-0.6724276296244922,2.7824308107396436,7.710140461588953,1,0,1,0,2,1,0,0,0,0,0,0
3998837,6cfa833e-179c-4f71-90b4-a1f56416500f,1,23,16,Norway Women's,Marit Bratberg Lund,Ingrid Syrstad Engen,23.9,15.3,28.4,25.3,10.965857,6.451452699660379,0.13411606615638805,0.21290591716993146,0.07878985101354341,0.38763374066148626,0.5668646903540816,0.17923094969259534,0.7553009180209254,1.0964045224394077,0.3411036044184823,6.8759011909368875,6.360380098531442,0,0,0,0,1,2,0,0,1,0,0,1
3998837,c114bc64-e575-4a1b-85d3-28e81c0762de,1,23,42,Switzerland Women's,Noelle Maritz,Nadine Riesen,104.4,26.4,111.5,14.3,14.029255,-6.373277343490109,0.8653941141446533,0.16818015893240362,-0.6972139552122496,1.6219322292639031,0.5239736122367026,-1.0979586170272007,2.573246966599588,1.184262559758408,-1.38898440684118,2.637271416666894,6.1759444259544125,1,0,2,0,3,1,0,0,1,1,1,1
3998837,339a1bf9-2a53-406a-80c1-9bbdc4ecb9e2,1,23,46,Switzerland Women's,Nadine Riesen,Géraldine Reuteler,109.7,17.9,94.5,27.4,17.924564,-4.060730416277821,0.5973775421199276,0.07599873581438596,-0.5213788063055416,1.0503026461199014,0.4172382605814297,-0.6330643855384717,1.7872884088194136,1.2095437879117457,-0.577744620907668,2.0596111086639435,9.767462523813263,1,0,1,0,1,0,0,0,1,1,1,1
3998837,9b13d350-a0ed-4150-8ca5-c644af4f5b3f,1,23,56,Switzerland Women's,Viola Calligaris,Géraldine Reuteler,84.5,63.3,89.1,54.4,10.018483,8.372781457550964,0.37386613167037697,0.31362643584577604,-0.060239695824600925,0.8102223093853326,1.01368049925178,0.20345818986644748,1.5836837647756714,2.1424511062691707,0.5587673414934993,3.3831375298373483,6.399239150601674,0,0,1,0,1,2,0,0,1,0,0,1
3998837,2063fffb-c154-4b96-9648-e6a4cbb81359,1,23,58,Switzerland Women's,Géraldine Reuteler,Noemi Ivelj,89.1,54.4,98.3,58,9.8792715,5.896820900899542,0.6843053484020316,1.2097060559752488,0.5254007075732172,1.4972493791648391,2.1796212029681996,0.6823718238033605,2.695218089877477,3.3992574655618446,0.7040393756843675,2.5942849640660834,1.9448925565765858,1,2,1,2,3,4,0,1,1,0,0,1
3998837,70693e41-06e0-4369-86ac-02c1ec122996,1,24,0,Switzerland Women's,Noemi Ivelj,Géraldine Reuteler,95.9,55,91.9,53.1,4.428318,-2.616755480388491,1.6482037815590442,0.5814337395203798,-1.0667700420386645,2.7157069788098918,1.5414685646598252,-1.1742384141500666,3.9382513051051165,2.8453044958164493,-1.0929468092886672,1.9160389264188518,5.521174800607358,3,0,3,0,4,4,0,0,1,0,0,1
3998837,b07b310e-6962-41f1-9846-12c9bd0dbe61,1,24,2,Switzerland Women's,Géraldine Reuteler,Lia Wälti,90.9,46.8,84.1,24.2,23.600847,-9.339137763900144,0.8202727664470804,0.19436609540031777,-0.6259066710467626,1.8401823529668633,0.6393026210201073,-1.2008797319467561,3.256331910162151,1.5380046636235285,-1.7183272465386223,2.4848998075832536,5.78976999272867,1,0,1,0,3,1,1,0,1,0,0,1
3998837,a7f42612-4b26-4475-9b0a-46b957836ffe,1,24,5,Switzerland Women's,Lia Wälti,Smilla Vallotto,88.1,24,100.6,25.1,12.548306,11.226070377769048,0.5654992119804498,0.5071379952994849,-0.058361216680964945,1.0822286650968886,1.2984154905165228,0.2161868254196342,1.9331986277260997,2.452694832146758,0.5194962044206581,2.4813614236122477,4.543045206094944,1,0,1,1,2,2,1,0,1,0,0,1
3998837,0bd349c5-a532-4703-a90e-5fb2cca4eda1,1,24,7,Switzerland Women's,Smilla Vallotto,Nadine Riesen,101.3,24.5,117,8.9,22.132555,-6.955678999828617,0.8394810380664465,0.021547687194191836,-0.8179333508722546,1.5989878830740323,0.13326028059569123,-1.465727602478341,2.6466639463156074,0.4693630676511987,-2.1773008786644086,2.789863559654307,11.795213870508144,1,0,2,0,2,0,0,0,1,0,0,1
3998837,417caaad-d584-4891-a5fb-dbad5902c380,1,24,35,Switzerland Women's,Noelle Maritz,Nadine Riesen,86.2,6.6,97.6,5.5,11.452948,6.38436832568064,0.15236280567889393,0.06486069607848315,-0.08750210960041079,0.4071294455749996,0.29525142275292454,-0.11187802282207504,0.8818754732666738,0.797604035591446,-0.08427143767522782,5.81909553853064,9.452211777535485,0,0,0,0,1,0,0,0,1,0,0,1
3998837,b46a5d37-5f6f-419c-b56a-afa25e46fdbd,1,24,40,Switzerland Women's,Nadine Riesen,Noelle Maritz,103.6,8.5,91.9,4.5,12.364869,-9.76186107012628,0.17134535568054032,0.022263732381635606,-0.14908162329890473,0.5791419409478407,0.18174239232582878,-0.3973995486220119,1.2911177689739786,0.6472484239412569,-0.6438693450327216,7.3116629543591145,13.60253262405443,0,0,0,0,1,0,0,0,1,0,0,1
3998837,07b69c1c-36e4-4263-b96a-41ebf116b836,1,24,42,Switzerland Women's,Noelle Maritz,Lia Wälti,91.9,5.5,85.3,10,7.9881163,-1.3747430390956268,0.042044832485872326,0.2002134495351108,0.15816861704923849,0.28556375878176427,0.5534827568212841,0.26791899803951985,0.9024119483885109,1.155349322318294,0.2529373739297831,12.196619562257245,5.66319390343926,0,0,0,0,0,1,0,0,1,0,0,1
3998837,6c263dc5-7200-4ef2-b2e2-362a19682ce0,1,24,44,Switzerland Women's,Lia Wälti,Nadine Riesen,87.2,8.1,99.1,8.7,11.915116,8.117816243567255,0.7342239894873145,0.7099488758070764,-0.024275113680238047,1.1356120601896431,1.0671919292101686,-0.06842013097947452,1.7316352293978325,1.6520986841829162,-0.07953654521491638,1.4273110334101182,1.2835793381890992,1,1,1,1,2,1,1,1,1,0,0,1
3998837,6963c8e1-0b04-4e18-a83c-c44d1c23e659,1,24,45,Switzerland Women's,Nadine Riesen,Julia Stierli,100,9.6,68.8,12.8,31.363674,-21.5875376526377,0.7099486590808181,0.014160288901820653,-0.6957883701789974,1.067191797698885,0.11658485829807655,-0.9506069394008084,1.6520986099581458,0.43288841431360053,-1.2192101956445454,1.2835803958251495,14.255340786561387,1,0,1,0,1,0,1,0,1,0,0,1
3998837,ed1f80cf-7be7-4f79-96f7-5650468ce970,1,24,50,Switzerland Women's,Julia Stierli,Smilla Vallotto,65.1,11.1,119.1,21.3,54.95489,43.32043726560118,0.24005614028321132,0.04255074401109722,-0.1975053962721141,0.5686863031793697,0.2566287292156607,-0.31205757396370903,1.104645376417063,0.8026036824216485,-0.3020416939954145,4.671621481589637,11.088005217049117,0,0,1,0,1,0,0,0,1,0,0,1
3998837,88359afd-1917-4eda-a1fc-50e0c6f45ae8,1,25,3,Switzerland Women's,Noemi Ivelj,Géraldine Reuteler,88.9,33.5,89.9,42.4,8.956003,1.5764707813575143,0.4430400686037506,0.45439896834456606,0.011358899740815442,1.076806486099815,1.1431364435096694,0.06632995740985437,2.1331403104606927,2.2105308889942816,0.07739057853358888,3.4386533630184597,3.96872891676879,0,0,1,1,1,3,0,0,0,0,0,0
3998837,92140c25-0b1e-4181-96be-8c7f738d42e0,1,25,8,Norway Women's,Vilde Bøe Risa,Ingrid Syrstad Engen,27.1,47.9,29.6,52,4.802083,2.04231156038972,1.0076584235288304,1.0927319454398907,0.08507352191106032,1.5467550751849088,1.6584022138711285,0.11164713868621967,2.2437507975579916,2.369180301759761,0.12542950420176924,1.6919208387313647,1.6645534660394194,2,2,2,2,2,2,1,0,0,0,0,0
3998837,ef8f1a7e-0adb-4eb1-8cf5-825aef3c5a56,1,25,8,Norway Women's,Ingrid Syrstad Engen,Caroline Graham Hansen,30.7,51.7,38.1,36.7,16.726028,8.096743478092037,0.6521605230904298,0.7540279043944336,0.10186738130400375,1.3049388739682397,1.1712573130190729,-0.13368156094916683,2.1264279352493736,1.9026150473518157,-0.22381288789755782,3.26273580011035,1.1658042545774008,0,1,2,1,2,1,0,1,0,0,0,0
3998837,97e51829-a563-4de7-94d2-68d86cd21602,1,26,18,Switzerland Women's,Lia Wälti,Géraldine Reuteler,50.6,76.4,58.5,76.9,7.915807,6.645866200650488,0.666752125831329,0.5760749554241156,-0.09067717040721346,1.3411508519159985,1.279265632056451,-0.061885219859547425,2.21847260327425,2.1900251081258304,-0.028447495148419488,4.212407239398864,4.432700702458828,0,0,2,1,3,3,1,0,1,0,0,1
3998837,39ffd040-bdd1-490d-a045-cc6286e4f55c,1,26,21,Switzerland Women's,Géraldine Reuteler,Iman Beney,49,79,39.3,78.7,9.7046385,-8.493436333378597,1.1817107198263495,0.157850117014975,-1.0238606028113744,1.9225738405030566,0.5989490226841923,-1.3236248178188643,2.870941425330165,1.3911614872575786,-1.4797799380725865,1.3449565953699052,7.995127375319447,1,0,3,0,3,1,0,0,1,0,0,1
3998837,b93b143b-4699-4676-a028-690f194e9fef,1,26,24,Switzerland Women's,Iman Beney,Livia Peng,35.2,66.7,10.9,39.4,36.548325,-20.19760044844864,0.43807715054284563,0.006981584305088775,-0.43109556623775686,0.9888931230946075,0.0636306479537005,-0.925262475140907,1.7739152023651277,0.25419268805696893,-1.5197225143081587,3.782105114302389,15.162421940046888,0,0,1,0,2,0,0,0,0,0,0,0
3998837,9a85a3d4-dfb2-401d-8be3-60379c00f8b1,1,26,51,Switzerland Women's,Lia Wälti,Noemi Ivelj,76.9,10.7,70.8,22,12.841339,-0.2730956007672276,0.3383067939009207,0.18593335418765705,-0.15237343971326367,0.9450963060207294,0.6479560965132553,-0.2971402095074741,1.8769601744453783,1.5463758827748608,-0.3305842916705175,5.561337686167757,6.079660908636582,0,0,0,0,2,1,0,0,1,0,0,1
3998837,bba280fe-38e3-4277-9795-44111b326491,1,26,53,Switzerland Women's,Noemi Ivelj,Viola Calligaris,71,22,58.2,31.9,16.18178,-10.127032335444277,0.37333207184721257,0.049682676835485114,-0.32364939501172746,0.9197298544422318,0.26557630426205336,-0.6541535501801784,1.8137769211998387,0.7885951864770823,-1.0251817347227563,3.777562069116423,10.672561391792772,0,0,1,0,1,0,0,0,1,0,0,1
3998837,8ba466ed-d208-41ce-a17c-cc1086911a67,1,26,55,Switzerland Women's,Viola Calligaris,Julia Stierli,59.5,33,57.2,15.6,17.551353,-6.469972956038305,0.22504498294784298,0.10470617118202719,-0.12033881176581579,0.6025905543394625,0.3918843553546894,-0.2107061989847731,1.2463394956453748,0.9541022548021717,-0.2922372408432031,5.391985730163193,7.582605749098257,0,0,0,0,1,1,0,0,1,0,0,1
3998837,ccd45742-b02c-49af-b94d-0843bfe57a46,1,26,57,Switzerland Women's,Julia Stierli,Lia Wälti,57.7,15.6,65.9,18.9,8.839118,8.838675571002874,0.32719233135971665,0.8762132426842628,0.5490209113245461,0.6999935528514848,1.4427386606872488,0.742745107835764,1.2966615536850143,2.2106878603865137,0.9140263067014993,3.736246544768396,1.3150733102788545,0,1,1,1,1,2,0,1,1,0,0,1
3998837,1451abe7-5d92-4b0b-be7b-ac24b373b0ea,1,27,0,Switzerland Women's,Lia Wälti,Nadine Riesen,64.4,14.6,80.5,9.7,16.829142,11.34415194073567,1.0762577450262916,0.11836191791063061,-0.957895827115661,1.723006869421147,0.5115265173100922,-1.2114803521110546,2.5224516290234895,1.2774993401232762,-1.2449522889002134,1.3360935056063663,8.958077157827622,1,0,3,0,3,0,1,0,1,0,1,1
3998837,a5281c07-6329-4a49-bb15-7b47c1ba1570,1,27,5,Switzerland Women's,Nadine Riesen,Smilla Vallotto,108.9,24.8,106.6,33.5,8.998889,3.928243146306496,0.3580106912667878,1.1894095611185973,0.8313988698518096,0.9088126626356147,2.178106855809796,1.2692941931741815,1.7824644869272477,3.2441852498126384,1.4617207628853908,4.2533156632703735,2.819396088592401,0,1,1,3,1,5,0,0,0,1,1,1
3998837,f73e3fe7-3762-4592-8346-3e46db08c22d,1,31,0,Norway Women's,Tuva Hansen,Marit Bratberg Lund,47.3,19.5,60.1,13.1,14.310835,9.872097852926942,0.03197327127562674,0.1360087832202832,0.10403551194465646,0.16544239033436442,0.4173897311702275,0.25194734083586307,0.4564510285658041,0.8597104230543983,0.40325939448859416,10.7666798869042,6.905312801833291,0,0,0,0,0,1,0,0,0,0,0,0
3998837,06ffc5bf-7b51-466b-8cdc-98bc2b6ea640,1,31,3,Norway Women's,Marit Bratberg Lund,Ingrid Syrstad Engen,66.2,10.6,73.6,3.2,10.46518,2.087435490461772,0.16033969098808107,0.14456001073263167,-0.015779680255449402,0.5901886158838331,0.5499062710095034,-0.04028234487432969,1.3798369084236874,1.2895846059565788,-0.09025230246710869,7.418519386113921,7.768469533760093,0,0,0,0,1,1,0,0,0,0,0,0
3998837,264ac93c-2d9d-4d51-87b1-804894a32a63,1,31,5,Norway Women's,Ingrid Syrstad Engen,Caroline Graham Hansen,73.6,3.4,79,9.8,8.373769,8.17564549464911,0.19454837581111017,0.8262981398826035,0.6317497640714933,0.64427738173062,1.5919156984917808,0.9476383167611608,1.417235228806053,2.513659519441819,1.096424290635766,6.284805213219706,3.4937283390140785,0,0,0,2,1,4,0,0,0,0,0,0
3998837,d852c73b-9457-484d-91ae-3c08a27844e8,1,31,8,Switzerland Women's,Viola Calligaris,Lia Wälti,39.1,66.5,43.4,63.4,5.3009434,5.035221552812416,0.20925290487598283,0.2855158776683273,0.07626297279234448,0.6830451537496892,0.8831635347049648,0.20011838095527557,1.4778171086456273,1.7945015087867573,0.31668440014113,6.27891580560698,5.769583989995049,0,0,0,0,1,1,0,0,1,0,0,1
3998837,98852257-c531-477a-a29e-921b9d7049b6,1,31,11,Switzerland Women's,Lia Wälti,Viola Calligaris,43.7,63.9,37.8,60.1,7.017834,-4.666193014382401,1.25859331477329,0.4786453586454992,-0.7799479561277908,2.091828140035333,1.0807007978873298,-1.0111273421480034,3.085477512457298,1.9561469111544614,-1.1293306013028366,2.4350618193255475,3.3488529672440337,2,0,3,1,4,2,1,0,1,0,0,1
3998837,4edb236d-49a9-46e5-b9ee-1c2f9f05d747,1,31,16,Switzerland Women's,Viola Calligaris,Géraldine Reuteler,37.5,68.8,54.1,66.7,16.732304,16.27898953854144,0.6699792210497325,0.43583795380018797,-0.23414126724954454,1.1034610188114595,1.1671043702315598,0.06364335142010025,1.8374448289001883,2.2419179309922224,0.404473102092034,1.5923329525117067,4.387118550170587,1,0,1,1,1,1,0,0,1,0,0,1
3998837,19ae95d4-3126-49b9-b21a-b83d864105a8,1,31,19,Switzerland Women's,Géraldine Reuteler,Viola Calligaris,52.9,68.8,41.1,67.5,11.871394,-10.53561356140689,1.4595290183364873,0.3693928105374347,-1.0901362077990526,2.26118580753363,0.8990558157031686,-1.3621299918304612,3.211697987639548,1.7961777440569653,-1.4155202435825827,1.0731932181230592,3.7088666479930485,2,0,3,1,3,1,1,0,1,0,0,1
3998837,b0808bcf-a31e-45ed-be41-a0854ee23a76,1,31,20,Switzerland Women's,Viola Calligaris,Iman Beney,41.1,67.5,46,78,11.587062,0.3685941277642968,0.3771108822379417,0.27880079195758095,-0.09831009028036075,0.9164977884401164,0.7076146378343858,-0.2088831506057306,1.8223364436508185,1.4476036318553303,-0.37473281179548823,3.6780829426457964,4.39720976756022,0,0,1,1,1,1,0,0,1,0,0,1
3998837,2cec709b-0608-40ec-b132-ca817b29ba6b,1,31,22,Switzerland Women's,Iman Beney,Géraldine Reuteler,46,78,46.5,72.1,5.9211483,2.982672128826138,0.6862179138379148,0.9105531616437212,0.2243352478058065,1.1817822333291566,1.6177182025167298,0.43593596918757327,1.9737320773543365,2.611390251942046,0.6376581745877095,1.6405288345527949,1.4123487306739648,1,1,1,1,1,3,0,1,0,0,0,0
3998837,9526edf6-6b27-4835-b9d5-009de7be4551,1,31,22,Switzerland Women's,Géraldine Reuteler,Noemi Ivelj,45.5,71.6,52.9,78.2,9.915645,3.7129961946801444,0.9105531616437212,1.2985401759566335,0.38798701431291227,1.6177182025167298,1.935990632404517,0.31827242988778726,2.611390251942046,2.6799125316993284,0.06852227975728242,1.4123487306739648,1.4610222506445671,1,2,1,3,3,3,1,1,0,0,0,0
3998837,1aa116dd-5c2e-4cdd-a25e-b1090fbfe1c7,1,32,4,Switzerland Women's,Viola Calligaris,Julia Stierli,30.1,62.6,21.2,45.5,19.277449,-6.255773415440473,0.0787703173744079,0.01704663465291525,-0.061723682721492645,0.31438924133715884,0.11767731373208269,-0.19671192760507616,0.8076460782759338,0.37616310220202553,-0.4314829760739083,8.29513707211301,12.793315630760146,0,0,0,0,0,0,0,0,1,0,0,1
3998837,cea6a95f-9d7c-48f4-bc3f-40314c2747b1,1,32,7,Switzerland Women's,Julia Stierli,Nadine Riesen,20.4,37.6,64.1,9.2,52.117657,35.80532648414566,0.36819554058059206,0.8963981232696364,0.5282025826890444,0.6014371134678042,1.009558799978684,0.40812168651087977,0.9287472288659276,1.2887986295129363,0.3600514006470087,3.0329934434734045,0.3516191986301334,0,1,1,1,1,1,1,0,0,0,0,0
3998837,4f9c7315-4ca3-4c16-9351-35e36be0684e,1,32,47,Norway Women's,Caroline Graham Hansen,Thea Bjelde,19.2,72.2,11.8,75.3,8.023091,-7.994551115065775,0.8258387443744404,0.463067674170404,-0.36277107020403637,1.7226561587789238,1.0537098396817473,-0.6689463190971765,2.7660443033568245,1.880977708432592,-0.8850665949242325,3.249652122889108,4.009811120922033,0,0,2,1,3,2,0,0,1,0,0,1
3998837,e09b0b22-38a4-4647-bda0-dec964c068c3,1,32,59,Switzerland Women's,Livia Peng,Viola Calligaris,25.5,42.2,31.1,23.3,19.71218,4.070643828212994,0.0006316788240034555,0.00301966814167909,0.0023879893176756346,0.012974871076718365,0.04852383884746777,0.0355489677707494,0.07663415058808438,0.23825880463638263,0.16162465404829823,22.155275201273778,20.17712367751443,0,0,0,0,0,0,0,0,1,0,0,1
3998837,87d76494-1a34-460a-91f4-cb2aa553d404,1,33,4,Switzerland Women's,Viola Calligaris,Smilla Vallotto,33.7,23,44.9,23,11.2,10.958391167829546,0.06049569251364725,0.514517464822707,0.4540217723090597,0.2531171934256855,1.0406938903866279,0.7875766969609423,0.6588145674114821,1.7190455224278152,1.060230955016333,8.800289008303965,3.28413723675208,0,0,0,1,0,2,0,0,1,0,0,1
3998837,0f28d9df-b8da-4949-9685-e77fff9cf87e,1,33,5,Switzerland Women's,Smilla Vallotto,Viola Calligaris,44.9,23,32.2,22,12.739309,-12.62604733142193,0.514517464822707,0.03135710745570072,-0.48316035736700624,1.0406938903866279,0.20092246592246082,-0.839771424464167,1.7190455224278152,0.6280075750768841,-1.091037947350931,3.28413723675208,11.596016977761032,0,0,1,0,2,0,0,0,1,0,0,1
3998837,f0bfc0ca-97ed-4f17-b18d-7b829a0a6bf7,1,33,7,Switzerland Women's,Viola Calligaris,Livia Peng,30.1,23.8,11.7,44,27.323982,-17.025882592062757,0.0962387199666954,0.002782867302691849,-0.09345585266400355,0.3290627118972409,0.04142989214380483,-0.2876328197534361,0.7674869710785949,0.20903166627987976,-0.5584553047987151,7.366796524038376,19.167372564359255,0,0,0,0,1,0,0,0,1,0,0,1
3998837,a752c2e7-fd94-4df1-90a7-9696306fbe4d,1,33,12,Switzerland Women's,Livia Peng,Nadine Riesen,15.5,42.9,59.8,5.9,57.719063,35.35316622496212,0.1441100873280468,0.7382399546436207,0.5941298673155739,0.36172696250664443,0.9878618953328415,0.6261349328261971,0.7063050045866051,1.4286728170795693,0.7223678124929642,5.942825920589122,1.016874545184324,0,1,0,1,1,1,1,0,0,0,0,0
3998837,e6506ea9-83ce-4b22-831e-55b01394eeb0,1,33,23,Norway Women's,Ingrid Syrstad Engen,Guro Reiten,58,41.8,57.5,32.6,9.213577,-0.91043182665382,1.0582831019666403,0.6701933205922155,-0.38808978137442485,1.695497072988099,1.281724764992848,-0.4137723079952509,2.5064214348126956,2.165143499586357,-0.3412779352263384,1.4230216193619398,3.1219535458465324,1,0,2,2,2,2,0,0,1,0,0,1
3998837,4eaa6600-c13c-4993-b997-839c2a77b344,1,33,25,Norway Women's,Guro Reiten,Caroline Graham Hansen,58.5,30,72.1,19,17.491713,10.006556963585162,0.6403514435375393,0.5235195215865558,-0.11683192195098346,1.262717251460487,1.0705642073524007,-0.1921530441080863,2.200078701126344,1.8689542185155728,-0.3311244826107713,2.675128670089921,2.955224772671804,1,1,1,1,2,2,0,0,1,0,0,1
3998837,546bce90-8141-4f65-8328-657d5316b02e,1,33,36,Norway Women's,Ingrid Syrstad Engen,Marit Bratberg Lund,82.3,8.5,73.1,3.2,10.617438,-10.486383624918716,0.554524390985134,0.02743859870929843,-0.5270857922758355,0.9263428995327527,0.18152452975496414,-0.7448183697777886,1.4354431405271515,0.5877009740178226,-0.8477421665093289,2.3345738278920845,13.04298610492145,1,0,1,0,2,0,1,0,1,0,0,1
3998837,81469ad1-c953-403e-8ed2-4e22af00294f,1,33,38,Norway Women's,Marit Bratberg Lund,Tuva Hansen,71.6,4.8,57.5,15,17.402586,-7.468089850745358,0.06371270639325151,0.013750283433097022,-0.04996242296015449,0.302269908770252,0.12361864945389717,-0.17865125931635484,0.8261101547707,0.4735916666672317,-0.35251848810346836,9.91845301463218,13.963048029849897,0,0,0,0,0,0,0,0,1,0,0,1
3998837,6d1e793b-75bd-4ba1-9e7d-03942da335c7,1,33,43,Norway Women's,Tuva Hansen,Vilde Bøe Risa,58.8,25.4,67,24.1,8.302409,7.583781679443511,0.09582896098914241,0.4962239378657848,0.4003949768766424,0.39118630295144774,1.1554120628839057,0.764225759932458,0.9788762428873611,2.0167342776932813,1.0378580348059203,8.154525207134576,4.303749060170741,0,0,0,1,0,3,0,0,0,0,0,0
3998837,c8d4609f-b3c6-440a-8a1f-f3ab5b35a896,1,33,44,Norway Women's,Vilde Bøe Risa,Ingrid Syrstad Engen,67.2,22.8,73.1,7.3,16.584932,-1.643402620211944,0.6839576623761187,0.2813745871348883,-0.4025830752412304,1.3443750440958482,0.7352709110478437,-0.6091041330480045,2.17271442579298,1.462946655165176,-0.709767770627804,3.0461879895517607,4.6127355128965855,0,0,2,1,3,1,0,0,0,0,0,0
3998837,1738bdb5-74cb-43db-a9e8-b857195ece68,1,33,46,Norway Women's,Ingrid Syrstad Engen,Caroline Graham Hansen,72.1,5.2,79,7.5,7.2732387,6.888106126792664,0.6198579535658445,0.44729856463463524,-0.17255938893120926,1.0296289783147554,0.9081659260183229,-0.1214630522964325,1.6929442934192847,1.5803633715895402,-0.11258092182974444,1.7527816576549573,3.4029196144672342,1,0,1,1,1,2,1,0,0,0,0,0
3998837,ea9b3984-2377-479e-ada2-69457d4099fb,1,34,14,Switzerland Women's,Viola Calligaris,Julia Stierli,42.4,65.4,33.2,45,22.378561,-5.292680530544587,0.017533278788749843,0.014637478804591658,-0.0028957999841581848,0.11347529692834252,0.09967220777434739,-0.013803089153995127,0.3544816625074194,0.32504510977673934,-0.029436552730680077,12.593868987565882,12.99318671634219,0,0,0,0,0,0,0,0,1,0,0,1
3998837,b8415b64-9558-4b20-bc75-ac056baf8819,1,34,16,Switzerland Women's,Julia Stierli,Viola Calligaris,34.7,45.2,39.1,64.2,19.502821,1.016360506256916,0.047920936646419915,0.04462701903969113,-0.0032939176067287856,0.19116259979092648,0.226185769145939,0.03502316935501251,0.4868691221000448,0.6004430529440146,0.11357393084396977,9.242310466300848,10.398231491344456,0,0,0,0,0,0,0,0,1,0,0,1
3998837,da4533ee-81c3-4be1-b324-31af226de8c5,1,34,21,Switzerland Women's,Viola Calligaris,Livia Peng,39.8,67,15,46.8,31.985622,-20.597031748570856,0.3770990170937897,0.0018759931147308122,-0.3752230239790589,0.6238564927380864,0.030473640399488737,-0.5933828523385977,1.0080384233867028,0.15601447786489842,-0.8520239455218044,2.9731786812809573,19.637268019887507,1,0,1,0,1,0,0,0,1,0,0,1
3998837,99830c09-9716-4913-9edd-dda5002262d7,1,34,25,Switzerland Women's,Livia Peng,Julia Stierli,15.3,44.7,22.5,29.9,16.458433,6.783706505946071,0.002502259403963947,0.010058960393711527,0.00755670098974758,0.03719207758092594,0.08993822577172454,0.0527461481907986,0.17828062232172182,0.3223421505615903,0.1440615282398685,19.246851679715714,15.047743215816585,0,0,0,0,0,0,0,0,1,0,0,1
3998837,36148763-d693-4f43-b8dd-6872cd7007da,1,34,28,Switzerland Women's,Julia Stierli,Noelle Maritz,27.6,26.8,48.8,4.6,30.696579,13.823316616021003,0.03669747959300784,0.02762695225792821,-0.009070527335079633,0.19606751716106244,0.1423438576601239,-0.05372365950093855,0.5593583221372125,0.4171717230255025,-0.14218659911171,10.57791990158455,11.02158972364634,0,0,0,0,0,0,0,0,1,0,0,1
3998837,ed319cd2-4d12-45c0-8516-9346de062f72,1,34,38,Switzerland Women's,Lia Wälti,Iman Beney,57.7,29.6,107.6,65.4,61.41376,34.89692014570944,0.1834311643826655,0.01002813809836441,-0.17340302628430107,0.6667165168403681,0.07572663367062842,-0.5909898831697398,1.612859474754535,0.3066391616413057,-1.3062203131132293,6.473959140020057,13.894063409556574,0,0,0,0,1,0,0,0,0,1,1,1
3998837,79288ef8-e16e-485c-b784-0789ea4f0af9,1,35,47,Switzerland Women's,Viola Calligaris,Iman Beney,29.4,79.2,47.2,79,17.801123,16.128389653491652,0.5454639096446817,0.8801702143526242,0.3347063047079425,0.948385736127926,1.2241021408167692,0.2757164046888432,1.5379578955373143,1.7997610597599314,0.26180316422261707,2.274477352915011,0.6742351649345607,1,1,1,1,1,1,1,1,0,0,0,0
3998837,0cefe28e-b224-4a1f-90f0-e33ac8bc9156,1,35,51,Norway Women's,Ingrid Syrstad Engen,Vilde Bøe Risa,76.7,11.9,74.4,20,8.420214,1.8256228039125872,0.8273967035382906,0.5275994734091467,-0.29979723012914394,1.4945126415896017,1.2387215107408462,-0.2557911308487555,2.5018372901339525,2.3077707580584637,-0.19406653207548885,1.5170968126184468,4.32875799876083,1,0,1,2,2,2,1,0,1,0,0,1
3998837,823bc697-88d7-4d70-a28a-b2ec1f1c432c,1,35,53,Norway Women's,Vilde Bøe Risa,Frida Maanum,72.9,22.1,104.3,23.9,31.45155,27.898930139200342,0.8499581316007062,0.8314420471566656,-0.018516084444040626,1.4580986014850827,1.3749720041592233,-0.08312659732585947,2.3715164408728358,2.0851585517278544,-0.2863578891449814,1.3450142643594514,1.8514380236389583,1,1,1,2,2,2,1,0,1,0,0,1
3998837,70f330ff-5a65-4c04-ae2d-31f5fd80510c,1,36,16,Switzerland Women's,Smilla Vallotto,Nadine Riesen,74.6,10.5,94,7.1,19.695684,12.209097595820737,0.23373855023333437,0.0315705889510156,-0.20216796128231876,0.5038734106274531,0.16691900104008717,-0.3369544095873659,0.9352442957619314,0.506078342221306,-0.42916595354062537,4.516159262061547,10.730691085937522,0,0,1,0,1,0,0,0,1,0,0,1
3998837,8738f9da-0798-4a49-b3a8-828dcbb1dff3,1,36,28,Switzerland Women's,Géraldine Reuteler,Noemi Ivelj,111.7,76.4,109.1,68.5,8.316851,6.82102478347608,0.09801758001110605,0.41436490590969866,0.3163473258985926,0.2988370081015445,0.8390945237778179,0.5402575156762734,0.6712976352299949,1.420597139318246,0.7492995040882511,7.171183722058286,4.222699124241802,0,0,0,1,1,2,0,0,1,0,0,1
3998837,0a3c9f47-6caf-4ddb-a875-b36ac24fcd67,1,36,29,Switzerland Women's,Noemi Ivelj,Géraldine Reuteler,109.1,68.5,109.6,76.4,7.915807,-7.343295625026659,0.41436490590969866,0.13797725141623157,-0.2763876544934671,0.8390945237778179,0.3945415816779513,-0.4445529420998666,1.420597139318246,0.860956908454491,-0.5596402308637549,4.222699124241802,6.328808789653831,0,0,1,0,2,1,0,0,1,0,0,1
3998837,b39e2fb1-cc64-4501-8d83-063d4571e078,1,36,32,Switzerland Women's,Géraldine Reuteler,Lia Wälti,103.5,70.3,93.5,46,26.277176,7.330547984783102,0.32508325345380035,0.20523321648983653,-0.11985003696396382,0.7585223094293252,0.8280019192073184,0.06947960977799317,1.3970824283132,1.9269772345170288,0.5298948062038289,5.505311934715301,8.275098213393035,0,0,0,0,2,0,0,0,0,0,0,0
3998837,70ec4686-9699-4c9f-9c5b-7cfc0a85dd88,1,36,34,Switzerland Women's,Lia Wälti,Riola Xhemaili,94.5,46,103.2,37.8,11.955334,9.252938487933072,0.5648392815318829,1.2245909853525105,0.6597517038206276,1.2812402500579176,1.9338864794589679,0.6526462294010502,2.3478516189271494,2.996640481262851,0.6487888623357017,3.049075909810773,0.39653803858855197,0,1,1,1,2,3,1,1,0,0,0,0
3998837,4ce66ea1-c8bc-491b-be2d-b5eb04b34eda,1,36,39,Norway Women's,Ingrid Syrstad Engen,Frida Maanum,16.9,39.2,20.7,47.1,8.766413,3.5496005329659823,0.7670781783216222,0.24322620353392696,-0.5238519747876952,1.036858685656213,0.7220838582889537,-0.31477482736725926,1.4943093327178363,1.384908139216208,-0.10940119350162836,0.9300866459916503,6.852340534727868,1,0,1,0,1,2,0,0,1,0,0,1
3998837,80be23d8-7d90-41d0-bbb4-a75d39560f7c,1,36,41,Norway Women's,Frida Maanum,Caroline Graham Hansen,20.7,47.4,30.9,30.3,19.911053,9.948901365187652,0.37947033127849844,0.3735471294691862,-0.005923201809312217,0.9476928988568752,1.032442789973704,0.08474989111682885,1.755426268264516,2.0173686261436683,0.2619423578791522,4.397715628883878,5.211653295881031,0,0,1,0,1,3,0,0,1,0,0,1
3998837,47ddece5-1b3e-44ab-96e7-3a491e25b507,1,36,44,Norway Women's,Caroline Graham Hansen,Guro Reiten,34.3,27.4,33,14.2,13.263861,-4.123614983153047,1.4025685157290748,0.034110424783560925,-1.368458090945514,1.9867235540254349,0.22831952343077191,-1.7584040305946629,2.705083947842132,0.6969844671019572,-2.008099480740175,0.5832273646667546,12.672855938363558,1,0,3,0,3,0,0,0,1,0,0,1
3998837,94673c7b-78de-49cd-9c0f-304e6b41ba1b,1,36,46,Norway Women's,Guro Reiten,Marit Bratberg Lund,31.2,16.5,24,20,8.005623,-6.204305799500673,0.033550366181418885,0.010828425596543201,-0.022721940584875686,0.23111940549435275,0.1131551143954854,-0.11796429109886736,0.7400403356135853,0.4666294292673925,-0.2734109063461928,12.252587521143107,15.540020654703984,0,0,0,0,0,0,0,0,1,0,0,1
3998837,6df22bfc-bad5-446d-983f-ad5558c90edc,1,36,49,Norway Women's,Marit Bratberg Lund,Tuva Hansen,24,20,19.9,33.1,13.726617,-2.276324989209158,0.018282659254821615,0.018968957907638424,0.0006862986528168094,0.13508316791739905,0.12807970879532585,-0.007003459122073202,0.4928531859045395,0.4506242160459336,-0.042228969858605914,12.5930620453179,12.433043095829017,0,0,0,0,0,0,0,0,1,0,0,1
3998837,56d783eb-7f5a-4e72-a70b-c960c6b8d1a8,1,36,51,Norway Women's,Tuva Hansen,Maren Nævdal Mjelde,20.2,35.6,20.2,47.4,11.8,-0.1770257399493005,0.013550192425856415,0.012677106601966585,-0.0008730858238898305,0.10580199040817345,0.08527216200389197,-0.020529828404281483,0.39389461586031266,0.30476796617983964,-0.08912664968047301,13.514550333911593,13.188405415219153,0,0,0,0,0,0,0,0,1,0,0,1
3998837,04e505b8-4e83-4877-8be3-d02fc98ea4cb,1,36,55,Norway Women's,Maren Nævdal Mjelde,Ingrid Syrstad Engen,22,50.7,29.6,39.5,13.535139,8.181019347908034,0.03394151498118046,0.05467312564810278,0.02073161066692232,0.14539866326836592,0.25614149501226713,0.1107428317439012,0.3879088293844809,0.6699063269384826,0.2819974975540017,10.192570597173503,10.587987273682328,0,0,0,0,0,0,0,0,1,0,0,1
3998837,1f3f9832-323a-45e3-b014-fbbffd49cfa2,1,37,0,Norway Women's,Ingrid Syrstad Engen,Marit Bratberg Lund,38.1,36.7,45.5,18.5,19.646883,4.426144457531393,0.19353865847775026,0.03831735517333129,-0.15522130330441897,0.5398261929365409,0.24157585300881063,-0.29825033992773026,1.1185625675448512,0.8064614283579428,-0.3121011391869084,5.886165326969321,10.936119923932463,0,0,0,0,1,0,0,0,1,0,0,1
3998837,02c6bb3a-8010-4f77-a41b-e24fbaa9b6bc,1,37,3,Norway Women's,Marit Bratberg Lund,Guro Reiten,49.6,17.2,58.3,3.4,16.313492,2.261237813856866,0.1079999686884692,0.31388613691077044,0.20588616822230124,0.4292817428380857,0.6138034436258939,0.18452170078780822,1.1116896207757652,1.112762498897351,0.0010728781215858518,7.715783839878354,3.659714089118248,0,0,0,1,1,1,0,0,1,0,0,1
3998837,0322062a-1f01-41bf-897d-9a455a793afd,1,37,5,Norway Women's,Guro Reiten,Marit Bratberg Lund,57.5,3.7,48.1,9,10.7912,-6.021383055914399,0.7406919542312247,0.23720088626393773,-0.5034910679672869,1.031013815835866,0.6347511412981106,-0.3962626745377553,1.5303071625729086,1.3171614977873012,-0.21314566478560737,1.102222125651702,5.062696714332059,1,0,1,0,1,1,1,0,1,0,0,1
3998837,a61c1a09-9c83-4587-ac59-2678c690d0ed,1,37,9,Norway Women's,Caroline Graham Hansen,Guro Reiten,56.5,4.4,54.7,1.4,3.4985712,-3.057034336425687,0.4389409289947624,0.5039900226267617,0.06504909363199934,0.9595649540608376,0.960942735559548,0.0013777814987103731,1.705263881301803,1.582895039984415,-0.12236884131738801,3.609486796618769,3.2442337862258976,0,0,1,1,2,2,0,0,0,0,0,0
3998837,4e907e5e-99d0-449e-9f7d-0f2d287b0c8e,1,37,10,Norway Women's,Guro Reiten,Caroline Graham Hansen,54.7,1.4,55.5,6.2,4.86621,3.035883103939156,0.5039900226267617,0.5982606460132777,0.09427062338651593,0.960942735559548,1.1485497307323231,0.18760699517277513,1.582895039984415,1.9002126081990507,0.31731756821463564,3.2442337862258976,2.8477403802972945,0,1,1,1,2,2,0,1,0,0,0,0
3998837,3b0d0a4b-ea95-4407-8443-da3847130075,1,38,52,Switzerland Women's,Lia Wälti,Géraldine Reuteler,116.5,23,110.9,8.7,15.357409,-15.239457068303459,0.2891039211282863,0.044875647096124585,-0.24422827403216174,0.9020276297942971,0.2220556766997894,-0.6799719530945076,2.018949732269394,0.6995422764742049,-1.3194074557951891,6.076706408348736,10.024624883148137,0,0,0,0,2,0,0,0,0,0,0,0
3998837,968f3311-1a07-4022-b6ca-074a3960ea0f,1,39,35,Norway Women's,Ingrid Syrstad Engen,Maren Nævdal Mjelde,43.7,43.8,34,54,14.075866,-10.737515773456082,0.6715538816194543,0.7696654252860065,0.09811154366655217,1.3257569054642908,1.0868769225215693,-0.2388799829427215,2.1998355935018528,1.6249644999770936,-0.5748710935247592,2.394811175700905,0.9728143346020761,1,1,1,1,2,1,1,1,1,0,0,1
3998837,37f0dd78-3b8b-4dab-b11b-db31d966f801,1,39,51,Switzerland Women's,Livia Peng,Julia Stierli,16.1,44,20.4,31.9,12.841339,4.04814393326653,0.20527619005433578,0.03548274060940612,-0.16979344944492966,0.4329681992300296,0.2062143707686149,-0.2267538284614147,0.779040154499452,0.6164058604589195,-0.16263429404053242,4.822657703593698,11.82485302256118,0,0,1,0,1,0,0,0,1,0,0,1
3998837,1f664bcd-65b6-49ec-9445-3b4762e1658b,1,39,54,Switzerland Women's,Julia Stierli,Smilla Vallotto,26.3,27.3,56.2,30.2,30.040306,30.008478936677022,0.46461591869559044,0.33024490817028984,-0.1343710105253006,0.7583139534829275,0.8977213752925286,0.13940742180960108,1.201962295736064,1.7743603163901385,0.5723980206540744,2.4207837376266723,5.491061418225591,1,0,1,0,1,2,1,0,1,0,0,1
3998837,980cd470-3882-4919-9542-e31ca1c12351,1,40,4,Switzerland Women's,Nadine Riesen,Lia Wälti,90.5,8.4,81,17.4,13.086252,-1.8453133933767631,0.11279228286242744,0.022324033260780834,-0.09046824960164661,0.4528177291946938,0.19371696913326994,-0.2591007600614239,1.1113304507254416,0.7208136485775416,-0.39051680214789997,7.927502369153637,14.24612482273462,0,0,0,0,1,0,0,0,1,0,0,1
3998837,dc5b4e84-c792-4878-899b-0cd7b43157dd,1,40,6,Switzerland Women's,Lia Wälti,Noelle Maritz,83.3,17.4,105,7.9,23.688395,7.668698625602509,0.04133537173554528,0.20953105884402226,0.168195687108477,0.2594873264747298,0.47557357984943643,0.21608625337470666,0.8380152660585676,0.9292200586456075,0.09120479258703995,11.362046282246354,4.860084411579512,0,0,0,1,0,1,0,0,1,0,0,1
3998837,22f4ae65-e475-437d-a2d3-7f146460f986,1,40,8,Switzerland Women's,Noelle Maritz,Nadine Riesen,104.8,7.9,97.6,4.8,7.839005,-6.2059980062784845,0.2095310452741023,0.05441513766555632,-0.155115907608546,0.4755735821534236,0.24531913856344276,-0.23025444358998085,0.929220087082534,0.6453537973901189,-0.2838662896924151,4.860084703853703,10.05930312493298,0,0,1,0,1,0,0,0,1,0,0,1
3998837,4f04970c-6df2-4b7a-8367-8c827ae9d198,1,40,11,Switzerland Women's,Nadine Riesen,Lia Wälti,95.1,3.1,83,8.7,13.333041,-3.9478944753491874,0.759237981147032,0.03434456448179319,-0.7248934166652388,0.9901514108787763,0.20095062045644624,-0.7892007904223302,1.3660718132230847,0.6712978919656205,-0.6947739212574642,0.9739723627930087,10.691272181726188,1,0,1,0,1,0,1,0,1,0,0,1
3998837,111564cb-fd2e-4db8-8d63-f268cc7a1acf,1,40,14,Switzerland Women's,Lia Wälti,Noemi Ivelj,83.8,11.7,85.8,23.8,12.264175,8.106378217316816,0.05346532403484872,0.07813740066373004,0.024672076628881316,0.3014776881092926,0.4249351572529932,0.1234574691437006,0.948922258207591,1.2395630243512599,0.29064076614366885,10.125936274378327,9.649217960767183,0,0,0,0,0,0,0,0,1,0,0,1
3998837,53ba617b-61d7-42c1-97ec-4fe1028bf600,1,40,17,Switzerland Women's,Noemi Ivelj,Lia Wälti,86.4,21.7,80.2,10.5,12.801562,-11.280498540648743,0.5744432324483391,0.06386314084834752,-0.5105800915999915,1.2152216033020813,0.31828492106849926,-0.896936682233582,2.23882422420674,0.9289615881877559,-1.309862636018984,2.7051109325370426,10.155756183850986,1,0,1,0,2,0,1,0,1,0,0,1
3998837,d89171dd-6154-45b9-b6c5-2f0089a85e00,1,40,20,Switzerland Women's,Lia Wälti,Nadine Riesen,83,10.5,98.9,3.3,17.454226,4.987512180789253,0.2654582405672448,0.05312271869563139,-0.21233552187161342,0.7102106480525227,0.2746541949489682,-0.43555645310355445,1.4500324165292806,0.7821004536912595,-0.6679319628380211,5.34844846640958,11.170611215092897,0,0,0,0,2,0,0,0,1,0,0,1
3998837,92381e9e-fd3a-445f-aad6-ab72dd3f70d9,1,40,29,Switzerland Women's,Nadine Riesen,Géraldine Reuteler,115.2,16.4,103.2,4.6,16.829735,-15.100991323829067,0.7653223998639972,0.1367693753101814,-0.6285530245538158,1.1877551623991263,0.3727676787417643,-0.814987483657362,1.8816678872118198,0.7889952833038846,-1.092672603907935,1.2437006992589164,6.192660942856498,1,0,1,0,1,1,0,0,1,0,0,1
3998837,58987bc3-8719-478d-967e-03bf556953b1,1,40,39,Switzerland Women's,Lia Wälti,Smilla Vallotto,91.2,15.8,97.6,23,9.633276,9.497093907783313,0.3402058305533798,0.9890124294979272,0.6488065989445475,0.912046927104747,2.0046925092857752,1.0926455821810284,1.8536262043272733,3.2736667423485093,1.420040538021236,4.524936027823473,2.245713009664822,0,1,1,1,1,5,0,0,1,0,0,1
3998837,f6c78533-faf2-4897-bdd4-29fd14881cb0,1,40,41,Switzerland Women's,Smilla Vallotto,Nadine Riesen,96.6,21.5,101.4,4.1,18.04993,-10.602605873779481,1.2304823234543505,0.02953339116503019,-1.2009489322893203,2.226219663958309,0.1898463311510575,-2.0363733328072517,3.408959597407756,0.6372147521201706,-2.7717448452875852,2.644631537449691,11.389967208271578,1,0,3,0,3,0,0,0,1,0,0,1
3998837,8750930f-d838-44a9-82ab-1c7c3e3f1c6b,1,41,30,Switzerland Women's,Lia Wälti,Livia Peng,39.8,60.6,14,51.6,27.324715,-23.82944639241559,0.6974592607985198,0.08246060306678363,-0.6149986577317362,0.9247007891912993,0.26131392125491676,-0.6633868679363826,1.2745152034206775,0.5456359288876477,-0.7288792745330298,1.201765828188888,7.704653888261385,1,0,1,0,1,1,1,0,1,0,0,1
3998837,e61393f2-aea2-47d7-8827-eabb129138ef,1,41,53,Switzerland Women's,Lia Wälti,Noemi Ivelj,33.4,39.1,30.1,48.3,9.773945,-3.6776583796203255,0.36683274892303863,0.26088852061781964,-0.10594422830521899,0.8258449984986378,0.6657990247788311,-0.16004597371980667,1.5064611328495636,1.2866867333038958,-0.2197743995456678,3.738944217138966,5.094134737396911,0,0,1,0,1,1,0,0,0,0,0,0
3998837,fce3d07a-7031-47cc-957a-2ceabf5d0979,1,41,55,Switzerland Women's,Noemi Ivelj,Viola Calligaris,28.8,51.1,21.9,63.1,13.842326,-8.910024103996577,0.3663356691427846,0.07212206835002817,-0.29421360079275644,0.7213664468352624,0.2971316047673259,-0.4242348420679365,1.2829118147466623,0.7547452766112696,-0.5281665381353927,3.2826629472030358,9.76071301221122,0,0,1,0,1,0,0,0,0,0,0,0
3998837,9d4a5494-ef51-41c8-9db4-705ab2078fca,1,42,28,Norway Women's,Tuva Hansen,Ingrid Syrstad Engen,28.1,33.8,43.2,37.7,15.595512,15.274470550114017,0.004650881810240126,0.5774724583308677,0.5728215765206276,0.05049057515329376,0.8942646495875178,0.843774074434224,0.19755580792137928,1.2749432698374685,1.0773874619160893,16.876309132695905,1.9208259114838981,0,1,0,1,0,1,0,0,1,0,0,1
3998837,d3a770d6-4a7e-4740-88aa-1071463e1739,1,42,29,Norway Women's,Ingrid Syrstad Engen,Tuva Hansen,43.5,37.9,29.4,32.8,14.993999,-14.356824329055641,0.5774725668014672,0.16335032511269082,-0.41412224168877637,0.8942647212768261,0.3831709821504802,-0.5110937391263459,1.274943310487929,0.7288949490285809,-0.5460483614593482,1.9208252456889319,5.508900220107032,1,0,1,0,1,1,0,0,1,0,0,1
3998837,6bd5c636-e16d-4b28-aa2e-077b1a29fa5e,1,42,31,Norway Women's,Tuva Hansen,Marit Bratberg Lund,29.1,32.8,35.5,16.5,17.511425,3.477804418052088,0.1633502851547707,0.04037989910279925,-0.12297038605197146,0.3831709269706373,0.2027832060920932,-0.18038772087854413,0.7288948850930191,0.5817747629067942,-0.14712012218622494,5.508900957797592,10.202652324877059,0,0,0,0,1,0,0,0,1,0,0,1
3998837,475f573c-3916-47f7-a273-eb8e813deb22,1,42,55,Switzerland Women's,Géraldine Reuteler,Riola Xhemaili,39.6,60.6,51.1,56.2,12.313002,12.218227352367975,0.8966119167617729,1.0996939771914533,0.20308206042968047,1.7016030393660373,1.9404292593887562,0.23882622002271892,2.57841795114853,2.9608176704352616,0.38239971928673144,3.8613897575703007,1.6888899628724403,0,1,3,2,4,3,0,1,1,0,0,1
3998837,36b2a081-9468-407b-b342-ad968e5d8b27,1,42,58,Switzerland Women's,Riola Xhemaili,Noemi Ivelj,54.7,65.2,61.3,75.1,11.898319,1.6000722770512539,0.5695179001394534,0.3237164192533417,-0.24580148088611165,1.3935907030163823,0.8299093801643416,-0.5636813228520408,2.464735087134547,1.6193495968238407,-0.8453854903107061,4.274413821353549,5.26455096174086,0,0,1,0,4,2,0,0,1,0,0,1
3998837,d9a461b7-8691-468e-9026-67ce876ea0a3,1,43,1,Switzerland Women's,Noemi Ivelj,Riola Xhemaili,62.6,77.4,55.4,75.9,7.3545904,-5.39587245919202,0.7120795718181981,0.2044797068586185,-0.5075998649595796,1.1700282222384633,0.632504751494291,-0.5375234707441723,1.7836664410154397,1.3995990056292862,-0.3840674353861535,3.0691894700960822,6.350681193765854,0,0,2,0,2,1,1,0,1,0,0,1
3998837,c39342b0-7a49-4aef-9e3d-5c95951b3666,1,43,4,Switzerland Women's,Riola Xhemaili,Lia Wälti,55.4,71.6,50.1,55.5,16.949926,0.31676666295584255,0.09989625360541163,0.11514137912015251,0.015245125514740887,0.46705217094477974,0.5527312449682226,0.08567907402344282,1.223997520207439,1.4439466567324046,0.21994913652496573,9.014441749607842,8.967992279523447,0,0,0,0,0,0,0,0,1,0,0,1
3998837,89121331-3683-4d28-b237-a61017af2e7d,1,43,6,Switzerland Women's,Lia Wälti,Noelle Maritz,51.1,54.2,48.3,10.7,43.590023,-7.107601509472133,0.13369295431725123,0.010875499742272013,-0.12281745457497921,0.5908565536849879,0.08637747006781339,-0.5044790836171745,1.4963470937921834,0.32627478922267694,-1.1700723045695065,8.071939802795004,13.978316731191999,0,0,0,0,0,0,0,0,1,0,0,1
3998837,797179ec-5233-42ec-953d-3bfacfb6978a,1,43,14,Switzerland Women's,Nadine Riesen,Lia Wälti,72.8,7.1,66.9,20.7,14.824641,1.0360995440173113,0.26599565446571427,0.06330172974380519,-0.20269392472190909,0.5443632087695921,0.35665502289141315,-0.18770818587817895,1.00558130295299,1.0529510125032753,0.04736970955028519,4.114457829522961,11.141535906545666,0,0,1,0,1,0,0,0,1,0,0,1
3998837,dfe2fc8d-0085-4beb-9693-7596ea9f5da1,1,43,20,Switzerland Women's,Lia Wälti,Smilla Vallotto,69,19.9,76.4,15.3,8.713208,4.707593339099027,0.09026201213609299,0.44199094694725455,0.3517289348111616,0.4498866162328959,1.0272106146378197,0.5773239984049239,1.239435692225013,1.9573394880398647,0.7179037958148518,9.961687712511155,3.687905850383648,0,0,0,1,0,2,0,0,1,0,0,1
3998837,022aa269-eb7c-4414-86f4-bd22d40d0a50,1,43,22,Switzerland Women's,Smilla Vallotto,Lia Wälti,75.1,16.4,69.5,21,7.2470684,-3.2315488956942175,0.3721859632449824,0.12068245686114136,-0.251503506383841,0.9281488320599051,0.5237891987294863,-0.4043596333304188,1.837065313610294,1.3563858287650912,-0.48067948484520273,4.264280825380909,8.500884884813345,0,0,1,0,2,0,0,0,1,0,0,1
3998837,9ca5ea97-a705-4f2f-91fa-b8a61b443c56,1,43,23,Switzerland Women's,Lia Wälti,Noelle Maritz,69.5,21,66.2,5.6,15.749603,-9.901653607497487,0.12951133033202664,0.025496382929049637,-0.104014947402977,0.5340421278339057,0.16808360339029033,-0.3659585244436154,1.3518790655033734,0.585103889064504,-0.7667751764388695,8.141722104729688,11.838605479053893,0,0,0,0,0,0,0,0,1,0,0,1
3998837,84372e20-131e-4e0c-9361-3fb5ec1c81f7,1,43,26,Switzerland Women's,Noelle Maritz,Julia Stierli,66.4,5.6,53.6,26.3,24.337831,-4.109353245595585,0.11090927884336207,0.06692584074806135,-0.043983438095300725,0.3525008622672553,0.28474101933963875,-0.06775984292761655,0.8123081708597745,0.7738080258641319,-0.03850014499564258,6.947749392899137,8.785660937883407,0,0,0,0,1,0,0,0,1,0,0,1
3998837,25126ca8-3873-479d-b4d4-c6c80de673b4,1,43,28,Switzerland Women's,Julia Stierli,Noemi Ivelj,54.7,26.6,65.4,33.7,12.841339,11.698448288176444,0.3256470220646968,0.5242669915656868,0.19861996950098998,0.6929541780989965,1.2302229947432801,0.5372688166442836,1.30566921413417,2.250919421696088,0.945250207561918,3.7501655295639846,4.0534325001524625,0,0,1,1,1,2,0,0,1,0,0,1
3998837,63211257-cb82-4829-8a4a-ab312b51a23f,1,43,31,Switzerland Women's,Noemi Ivelj,Smilla Vallotto,65.7,27.3,77.4,15.3,16.759773,6.522635493864861,0.8427141864299333,0.3730897085973383,-0.46962447783259503,1.6389121406473157,0.9736940937753992,-0.6652180468719165,2.7366628744671453,1.8773365749793665,-0.8593262994877788,1.8243175074320168,5.098581659684105,1,0,1,0,2,2,1,0,1,0,0,1
3998837,43025679-ac3c-417a-b59e-e0bb8a29a880,1,43,36,Switzerland Women's,Smilla Vallotto,Noelle Maritz,85.3,9.2,73.8,7.9,11.573245,-9.85947807897098,0.125389087326634,0.006950110783790025,-0.11843897654284398,0.46679282171752895,0.08783129821697429,-0.3789615235005547,1.1486201304586583,0.4036857934157435,-0.7449343370429148,7.407370339103527,17.256109609709817,0,0,0,0,1,0,0,0,0,0,0,0
3998837,37802808-66a3-4ef6-830e-0277493402c2,1,43,38,Switzerland Women's,Noelle Maritz,Smilla Vallotto,73.8,7.7,82,5.9,8.395237,5.314428964818383,0.00854036113172922,0.04073627399593675,0.03219591286420753,0.09719031768278562,0.241398317625168,0.14420799994238237,0.4255100395543955,0.7527972817598655,0.32728724220547,16.18026746336944,10.97576035332845,0,0,0,0,0,0,0,0,0,0,0,0
3998837,79ca5087-1c10-4851-924a-a5aad9cc53a3,1,43,40,Switzerland Women's,Smilla Vallotto,Noelle Maritz,81.2,6.6,74.9,4.8,6.5520988,-6.014873000680886,0.38373510409604933,0.32766421553611735,-0.056070888559931975,0.7490149500104102,0.6826454509303111,-0.06636949908009904,1.3720274398184509,1.2920211369188788,-0.08000630289957211,3.1628077471230047,3.6456786002264603,0,0,1,1,1,1,1,0,0,0,0,0
3998837,2473707c-6e99-452b-803b-bd7a222e4390,1,43,41,Switzerland Women's,Noelle Maritz,Lia Wälti,74.9,4.8,75.9,12.5,7.7646637,5.238852864440098,0.4302177274245789,0.7856419932558044,0.3554242658312255,0.8036525436645788,1.2772842816077452,0.4736317379431664,1.4254294201978548,2.054850800177159,0.629421379979304,2.8353428826103113,1.3649164055940646,1,1,1,1,1,2,0,1,0,0,0,0
3998837,7d45cdf7-6635-4554-b984-677dd59d2ee3,1,43,43,Norway Women's,Ada Stolsmo Hegerberg,Vilde Bøe Risa,44.2,72.7,37.6,73.2,6.618912,-6.284339958865715,0.8365696930953526,0.9966612779980678,0.16009158490271524,1.415447012661915,1.7329250980625266,0.3174780854006116,2.112907108323656,2.588908354247162,0.4760012459235057,1.6348447340406158,1.5433753283888931,1,1,1,1,2,4,0,1,1,0,0,1
3998837,fd06149f-3f30-4d8c-9d3e-2fe1422af0b8,1,43,45,Norway Women's,Vilde Bøe Risa,Thea Bjelde,38.3,73.5,27.6,71.4,10.904128,-9.28813300354959,1.2087082932701454,0.5904930679673308,-0.6182152253028146,1.9561714354366981,1.1496718002478432,-0.8064996351888549,2.761819241857797,1.858726273321624,-0.9030929685361728,1.9269886702230277,3.0889658845381205,1,0,3,1,3,3,0,0,1,0,0,1
3998837,390e720b-4707-4df7-b623-8b939731e050,1,43,46,Norway Women's,Thea Bjelde,Maren Nævdal Mjelde,28.9,72.2,27.1,62.7,9.669023,0.9900841235404698,0.7486213593005674,0.1273144865374247,-0.6213068727631427,1.2271592072118218,0.5055941137744705,-0.7215650934373513,1.8435253352564704,1.2050078333513512,-0.6385175019051192,1.6447638015519501,7.899344826209934,1,0,1,0,3,1,0,0,1,0,0,1
3998837,8b9d3125-03b0-44c4-a6ab-8cf8bf622464,1,43,48,Norway Women's,Maren Nævdal Mjelde,Marit Bratberg Lund,24,55.6,30.9,41.3,15.877657,8.149757984685891,0.1135901537091872,0.15369346599661962,0.04010331228743243,0.4663369725695157,0.5056589451728595,0.0393219726033438,1.11253213516101,1.1414992921332825,0.02896715697227248,8.52072228600988,7.115837619885064,0,0,0,0,0,1,0,0,1,0,0,1
3998837,ae40fa5d-4b07-4ce3-a0e1-8ad9fa1b74fb,1,43,51,Norway Women's,Marit Bratberg Lund,Guro Reiten,33,39.2,47.8,34.4,15.55892,14.586829214968773,0.17139689321707827,0.8866854555726563,0.715288562355578,0.5351073095225841,1.588281968835276,1.0531746593126918,1.1414671734264599,2.409242399034482,1.267775225608022,6.613254568783781,2.938567756888368,0,1,0,2,1,3,0,0,1,0,0,1
3998837,4e43ac0f-5562-41c9-b7ef-a6e8a53c2203,1,44,0,Norway Women's,Tuva Hansen,Marit Bratberg Lund,39.4,25.4,35.3,32.6,8.285529,-3.110984310942399,0.24539172418441274,0.0767006580157394,-0.16869106616867335,0.5361797281450926,0.3080316566555583,-0.2281480714895343,1.0148286650005962,0.7731746769415305,-0.24165398805906568,4.436548863832446,8.383396238857316,0,0,1,0,1,0,0,0,1,0,0,1
3998837,f99b82bc-fbd0-4b58-b2a7-a442fd701b9b,1,44,2,Norway Women's,Marit Bratberg Lund,Vilde Bøe Risa,35.8,27.4,41.7,37.4,11.610771,6.794380375106712,0.1247813942338117,0.10332813954754079,-0.021453254686270906,0.42093197615696665,0.4714652426618869,0.05053326650492024,0.986817397304411,1.1746855484346463,0.18786815113023536,6.892247932344831,9.411577510815754,0,0,0,0,1,0,0,0,1,0,0,1
3998837,2b565cba-9a27-4c15-979f-7d64f436e9be,1,44,8,Norway Women's,Vilde Bøe Risa,Marit Bratberg Lund,51.6,36.1,45.8,19.8,17.301155,-8.389361143052923,0.5817659967981211,0.01733813537997651,-0.5644278614181446,1.1962938666880694,0.15939769765722792,-1.0368961690308414,2.1708831187494617,0.640173868325862,-1.5307092504235997,2.6660694888928607,13.95754731201434,1,0,1,0,2,0,0,0,1,0,0,1
3998837,bf3a3d7a-15a9-4621-89ba-9281214908fe,1,44,11,Norway Women's,Marit Bratberg Lund,Tuva Hansen,45.8,19.8,41.4,31.8,12.781237,-2.1261226725282967,0.01747616131766182,0.022366695605795305,0.004890534288133484,0.15781002484493795,0.1669102992477442,0.009100274402806252,0.6310451064384939,0.615522739397141,-0.015522367041352902,13.881469052770965,13.537664404279893,0,0,0,0,0,0,0,0,1,0,0,1
3998837,784d03ce-3efa-4545-8aa8-2710bc9b424f,1,44,12,Norway Women's,Tuva Hansen,Marit Bratberg Lund,41.4,31.8,44.7,18.5,13.703284,0.717319095868902,0.022366695605795305,0.028641255260128135,0.00627455965433283,0.1669102992477442,0.19640390690394594,0.029493607656201737,0.615522739397141,0.686583912362509,0.07106117296536807,13.537664404279893,12.268404912009526,0,0,0,0,0,0,0,0,1,0,0,1
3998837,0397c612-410e-4c58-9727-71113ec62dee,1,44,16,Norway Women's,Marit Bratberg Lund,Ingrid Syrstad Engen,48.1,16.5,59,3.9,16.660433,4.761315257718508,0.10084830239764625,0.07413226256210033,-0.02671603983554592,0.3883904155370979,0.3137188493683591,-0.07467156616873882,1.002418097732448,0.8474101753652266,-0.15500792236722138,7.86020635828205,8.548327121076978,0,0,0,0,1,0,0,0,1,0,0,1
3998837,9f402054-9521-4b52-a1f3-68b239eb374b,1,44,19,Norway Women's,Ingrid Syrstad Engen,Caroline Graham Hansen,62.6,3.9,69,1.4,6.8709536,3.847719941153578,0.5278586084502451,0.527908216174703,0.000049607724457834124,0.8795881183075897,0.8971388125514853,0.01755069424389566,1.4428824489804317,1.420435096931612,-0.022447352048819758,2.214634604883561,2.4686021422247744,1,1,1,1,1,2,1,1,1,0,0,1
3998837,80353105-711c-4647-af74-407726365363,1,44,20,Norway Women's,Caroline Graham Hansen,Marit Bratberg Lund,69.3,1.4,49.6,6.2,20.27634,-14.371873295595265,1.0808403066775267,0.01592448746033991,-1.0649158192171868,1.4034838459308019,0.14628662854454372,-1.2571972173862582,1.8972693182668616,0.5610445576045981,-1.3362247606622635,0.461599565108477,14.48911460569943,1,0,2,0,2,0,0,0,1,0,0,1
3998837,c819479d-c101-4295-8c54-96812ab880dd,1,44,23,Norway Women's,Marit Bratberg Lund,Tuva Hansen,49.3,9.6,41.4,28.5,20.484629,-2.47807506150896,0.027924956339079574,0.012768384011938003,-0.015156572327141571,0.19505656728309104,0.11673608336252304,-0.078320483920568,0.6398761256349237,0.4514813569617875,-0.1883947686731362,12.67573764789846,14.78366230752587,0,0,0,0,0,0,0,0,1,0,0,1
3998837,5e934f0b-6acc-4221-b8df-c0d884545e34,1,44,25,Norway Women's,Tuva Hansen,Maren Nævdal Mjelde,40.1,32.1,45.8,55.8,24.375807,4.426039080229003,0.017169161533124713,0.016550609007158826,-0.0006185525259658868,0.13727394142880062,0.11325019784806306,-0.024023743580737555,0.48694846926666585,0.3927265529660387,-0.09422191630062715,13.578190438190184,12.679292406445377,0,0,0,0,0,0,0,0,1,0,0,1
3998837,fdc5f80d-05a3-49bb-adbc-f1a2c0afcf49,1,44,31,Norway Women's,Maren Nævdal Mjelde,Tuva Hansen,52.1,59.4,46.5,45.3,15.171354,-3.073774753129854,0.1632757426514825,0.026424600523459605,-0.1368511421280229,0.4535142639100503,0.19196839238027763,-0.26154587152977266,0.9934209395486282,0.6611079104302122,-0.332313029118416,5.754545199526415,12.73575496704286,0,0,0,0,1,0,0,0,1,0,0,1
3998837,8e4d3000-9a64-4984-9f26-7e253e2f09cc,1,44,32,Norway Women's,Tuva Hansen,Maren Nævdal Mjelde,46.5,45.6,49.6,62.2,16.886978,-0.10431750654088034,0.03093290892813979,0.05537063553925807,0.02443772661111828,0.20768138790494498,0.24332503799536506,0.03564365009042009,0.6911408754609656,0.6606189232852306,-0.030521952175734945,11.921984066050502,9.18845540797844,0,0,0,0,0,0,0,0,1,0,0,1
3998837,f2b09e2e-2e58-46cb-8ab5-59ad4bf5f0db,1,45,0,Switzerland Women's,Livia Peng,Riola Xhemaili,7.4,41.7,62.1,21.2,58.415237,51.73713929155621,0.018213061953752795,0.44497429952904977,0.426761237575297,0.11708707848696408,1.0155016027794632,0.8984145242924991,0.3708545457849813,1.7579735604037174,1.3871190146187362,12.590860658708722,4.13217330627583,0,0,0,1,0,2,0,0,1,0,0,1
3998837,8f8ecd5e-de19-494e-b6ea-a52761609d5d,1,45,8,Switzerland Women's,Riola Xhemaili,Smilla Vallotto,64.1,4.3,63.6,15.1,10.811568,4.675211882109728,0.8939498017589124,0.1892961033229809,-0.7046536984359315,1.3341733452117945,0.6914700622394316,-0.6427032829723629,1.9105801523195165,1.5682725622181897,-0.34230759010132683,2.2580920035236365,7.826978901798236,2,0,2,0,2,1,1,0,1,0,0,1
3998837,a1720990-f97e-43fc-ae0d-78ede26cfda8,1,45,13,Switzerland Women's,Smilla Vallotto,Géraldine Reuteler,70.3,21.5,86.9,22.2,16.614752,15.448924323129496,0.9377574152124245,0.37742766466794697,-0.5603297505444775,1.615585876529171,1.0253294430042452,-0.5902564335249258,2.52597043147685,2.0421093370119037,-0.4838610944649462,1.9914042952047442,4.733234331753266,1,0,2,1,2,2,1,0,1,0,0,1
3998837,49aca681-b346-4d24-81ce-5e421850c949,1,45,18,Switzerland Women's,Géraldine Reuteler,Smilla Vallotto,84.8,30.2,78.9,24.3,8.34386,-7.4578442194208066,0.756908808927149,0.16493253652910128,-0.5919762723980477,1.656681392531464,0.6519938301939574,-1.0046875623375067,2.830827550644849,1.5642268910175767,-1.2666006596272723,4.104572110449476,7.794955278145216,0,0,2,0,3,1,0,0,1,0,0,1
3998837,530e6441-6eea-4de3-91af-4cebf16258cb,1,45,19,Switzerland Women's,Smilla Vallotto,Nadine Riesen,78.9,24.3,94.3,6.9,23.23618,2.0907439295867007,0.260281890880582,0.19726540138639995,-0.06301648949418207,0.8970692879450352,0.5363599654251805,-0.36070932251985466,1.9873046512429566,1.1350326488101672,-0.8522720024327894,6.606236999349629,5.657424007339184,0,0,0,0,1,1,0,0,1,0,0,1
3998837,7c857aa6-03d2-4044-ba1c-ded7c9b07ead,1,45,21,Switzerland Women's,Nadine Riesen,Noelle Maritz,94.3,6.9,78.9,4.1,15.652476,-12.665390998163495,0.19726540138639995,0.013945394804957769,-0.18332000658144218,0.5363599654251805,0.1294728628426789,-0.4068871025825016,1.1350326488101672,0.5372333999167305,-0.5977992488934367,5.657424007339184,13.945832086249647,0,0,0,0,1,0,0,0,0,0,0,0
3998837,ad3e3839-de6e-4979-8508-670ce63da4df,1,45,23,Switzerland Women's,Noelle Maritz,Smilla Vallotto,79.2,4.6,81.8,15.1,10.817116,8.417870251746507,0.04112042277950501,0.33007412940087166,0.28895370662136666,0.22651109613902531,0.8403563239825542,0.6138452278435289,0.7287004909873505,1.699350552344642,0.9706500613572915,10.205388880762124,4.909529801953248,0,0,0,1,0,2,0,0,0,0,0,0
3998837,1a6f783f-74ac-4990-8c87-f233db9ba86b,1,45,25,Switzerland Women's,Smilla Vallotto,Noemi Ivelj,81.5,13.8,91.2,11.2,10.04241,5.839845230939666,0.5548661041194456,0.46112852520610176,-0.09373757891334383,1.1477311193975537,1.1817936308087524,0.03406251141119876,2.0579247110132672,2.1954160222450043,0.13749131123173708,3.1488096826639214,4.67434696083939,0,0,1,1,2,3,1,0,0,0,0,0
3998837,ebc812f5-5a6b-42b4-84f6-8a7425d787ba,1,45,27,Switzerland Women's,Noemi Ivelj,Nadine Riesen,90.5,8.2,103.2,6.9,12.766362,6.256743583177595,0.371626027786421,0.4956649273149399,0.12403889952851888,1.0034851798089215,0.9087304755904198,-0.09475470421850174,1.914846014401164,1.5995819196515824,-0.3152640947495817,5.75332809974059,2.4711468975291777,0,1,0,1,2,1,0,0,0,0,0,0
3998837,95c87129-74c0-44fc-b789-ff76bfdac0e4,1,46,34,Norway Women's,Vilde Bøe Risa,Frida Maanum,47.3,59.9,54.4,73.7,15.519342,1.624483582551747,0.7666987279423604,0.3046619766092482,-0.4620367513331122,1.426478793618459,0.8679996639417158,-0.5584791296767433,2.260915613269564,1.7050958190066476,-0.5558197942629162,2.8744170918118463,6.053192599078774,1,0,2,0,2,2,0,0,0,0,0,0
3998837,4b3dcb34-4422-4951-9fb0-225b2f66499e,1,46,39,Switzerland Women's,Noelle Maritz,Nadine Riesen,54.7,6.1,60.5,3.1,6.529931,3.56184721451001,0.6271599264932103,0.2869427360012178,-0.3402171904919925,1.089618407591384,0.6690947405646145,-0.42052366702676947,1.6725255623710826,1.2374089942638737,-0.4351165681072089,2.357126638990131,4.630421799712876,1,0,1,1,2,1,1,0,0,0,0,0
3998837,7ed3f737-889e-4c61-b0eb-309932b4ffed,1,46,40,Switzerland Women's,Nadine Riesen,Smilla Vallotto,60.3,2.8,57.2,13.8,11.428473,2.295363206852599,0.286942687790885,0.7213726035446018,0.43442991575371676,0.6690946827538763,1.235767068728578,0.5666723859747017,1.2374089369376677,2.0547354703529597,0.8173265334152919,4.6304224790275255,1.5318155452394464,0,1,1,1,1,1,0,1,0,0,0,0
3998837,fd32b171-220e-4c48-a158-b9971ab6680b,1,46,41,Switzerland Women's,Smilla Vallotto,Noelle Maritz,57.2,13.5,54.9,2.8,10.944405,-6.81676411453185,0.7213725885841531,0.26711284688803416,-0.45425974169611893,1.2357670549400175,0.7194674675916398,-0.5162995873483777,2.054735460966738,1.4654328850563954,-0.5893025759103427,1.531815601869354,5.053485852442403,1,0,1,0,1,1,1,0,0,0,0,0
3998837,10686138-57bd-41c6-86d3-b99b6f55898c,1,46,43,Switzerland Women's,Noelle Maritz,Nadine Riesen,54.9,2.5,63.9,1.8,9.027182,7.257457071929721,0.5877952564085228,0.6696738645741958,0.08187860816567294,1.0521323025951421,1.1661613301718983,0.11402902757675615,1.781631736331047,1.9213093955336258,0.1396776592025788,2.0865229548504853,1.9390754830645431,1,1,1,1,1,2,1,1,0,0,0,0
3998837,35e30d24-fc12-4110-b44a-7352760a2d29,2,45,3,Norway Women's,Tuva Hansen,Marit Bratberg Lund,33.9,42.3,40.3,19.7,23.48872,3.886079531084107,0.004447203905649817,0.021551599476663404,0.01710439557101359,0.05425730225871913,0.13467939051552866,0.08042208825680952,0.258739122524229,0.46485833989212855,0.20611921736789957,17.14597579204951,11.946152200138743,0,0,0,0,0,0,0,0,1,0,0,1
3998837,da95f0a3-312c-4d20-966c-68203224f3ed,2,45,7,Norway Women's,Marit Bratberg Lund,Tuva Hansen,40.5,19.7,33.3,41.6,23.0532,-4.663924396262516,0.05143232672285513,0.008343715509878879,-0.043088611212976254,0.21712533650864307,0.08537168329260074,-0.13175365321604232,0.6135134582882786,0.3684970078628774,-0.2450164504254012,9.160536055529475,15.449897276637259,0,0,0,0,0,0,0,0,1,0,0,1
3998837,68e7cb41-464b-4239-b7b1-a1ccb82970fe,2,45,14,Norway Women's,Maren Nævdal Mjelde,Ada Stolsmo Hegerberg,43.1,69.8,83,49.7,44.676838,44.22175702462822,0.17123544844954627,1.3804613367746845,1.2092258883251383,0.44949463472395185,1.8617166672513206,1.4122220325273687,0.9736682888488359,2.5425218658832227,1.5688535770343868,5.532326176904955,0.6102457972217271,0,2,0,2,1,2,0,1,0,0,0,0
3998837,8cd6bf70-0aae-46b1-940b-9f247f83ca59,2,45,22,Switzerland Women's,Lia Wälti,Viola Calligaris,41.4,52.2,28.9,48.7,12.980755,-11.9732954276555,0.8470426502251092,0.10502568342174017,-0.742016966803369,1.274013362457221,0.4129075478279229,-0.861105814629298,1.9546942197401167,1.0161757610361937,-0.938518458703923,0.9594106450576894,8.3418104654192,1,0,1,0,2,0,1,0,1,0,0,1
3998837,4e832530-bea3-434a-93c7-46aef2aad6cd,2,45,26,Switzerland Women's,Viola Calligaris,Noemi Ivelj,28.7,54.2,42.5,62.9,16.313492,11.585174097618903,0.8326074941320941,0.4069521426759859,-0.4256553514561082,1.1898029554318295,1.0261457738557278,-0.16365718157610165,1.8007037329060904,1.8565831867159892,0.05587945380989878,0.828211976013307,4.823325485832961,1,0,1,1,1,2,0,0,1,0,0,1
3998837,f4360172-d2a5-46a1-a911-5d7fdb56c2de,2,45,28,Switzerland Women's,Noemi Ivelj,Iman Beney,45.9,68,44.3,77.3,9.436631,-5.176940981003597,0.7527452003603562,0.302700843108695,-0.4500443572516612,1.4197587208197473,0.7738383499871626,-0.6459203708325847,2.2718426801315834,1.4659543939818518,-0.8058882861497316,2.689714762393001,5.744541245872091,1,0,2,0,2,2,1,0,1,0,0,1
3998837,0767dc67-5a08-4543-921f-547e2c17ab2f,2,45,29,Switzerland Women's,Iman Beney,Géraldine Reuteler,44.3,77,56,64.3,17.267889,15.800528090512984,0.39478811881676273,0.5783845018599523,0.18359638304318954,0.9001078794257147,1.2282344476482687,0.32812656822255404,1.5999510169631734,2.1637991925979763,0.5638481756348028,4.988909893365898,3.5876263872978256,0,0,1,2,2,2,0,0,1,0,0,1
3998837,84b1c8cf-cc7a-4ec1-a70e-89b1422b62f4,2,45,30,Switzerland Women's,Géraldine Reuteler,Lia Wälti,55.8,62.3,46.7,52,13.74409,-6.313059574943736,1.1246812911320794,0.3526158189999176,-0.7720654721321618,1.908345232099552,1.0173996011586532,-0.8909456309408987,2.924410558106619,2.090569698584042,-0.833840859522577,2.370265572429768,5.209540222803641,1,0,3,0,3,2,0,0,1,0,0,1
3998837,f79347ac-88ed-4791-a24d-bd305b254eae,2,45,42,Switzerland Women's,Smilla Vallotto,Nadine Riesen,90.5,24.7,111.6,8.3,26.723959,0.4375571174000825,0.5425458129820675,0.11139057634866488,-0.4311552366334026,1.2474464017286777,0.3106821895680235,-0.9367642121606542,2.2917494946981805,0.7321500898362657,-1.5595994048619146,2.9909549862848,6.63687020053355,1,0,1,0,1,1,0,0,1,0,0,1
3998837,7338c603-a0b5-4a20-8f17-eea560d335d3,2,45,47,Switzerland Women's,Nadine Riesen,Noelle Maritz,114.3,6.4,95.4,1.9,19.42833,-11.271573394335071,0.2601558306399889,0.09063862104844601,-0.16951720959154293,0.5249316495602889,0.28830325132464735,-0.23662839823564158,1.0197857593778297,0.6918853919496809,-0.32790036742814876,4.113993300782789,7.36628016209106,0,0,1,0,1,1,0,0,1,0,0,1
3998837,dc6ec572-f701-4661-ab99-f0181ef433f4,2,45,50,Switzerland Women's,Noelle Maritz,Nadine Riesen,97.9,2.1,107.5,1.4,9.625487,3.2992570707136295,0.5832435152330638,0.49147159104422444,-0.0917719241888394,0.8427529883480163,0.8926515824266464,0.049898594078630176,1.2574501882205191,1.4318035313468793,0.1743533431263602,1.749307043233513,3.0882945147416887,1,0,1,1,1,2,0,0,1,0,0,1
3998837,0394e7eb-e55c-4fab-960f-b7a0728c8255,2,46,12,Norway Women's,Guro Reiten,Vilde Bøe Risa,37.4,59.9,31,63.2,7.2006946,-7.010781758888143,1.282831954427534,0.27895640538165856,-1.0038755490458753,2.189432180768931,0.9576290922684343,-1.2318030885004967,3.2681986066951976,2.010554166757077,-1.2576444399381206,1.1640558158723675,7.341026476036716,1,0,2,0,4,1,0,0,1,0,0,1
3998837,0c7a7edd-55e9-495f-9685-9738ab075ce8,2,46,13,Norway Women's,Vilde Bøe Risa,Maren Nævdal Mjelde,31,63.2,21.3,55.4,12.447088,-7.920067228862749,0.24030546633642003,0.3992750856431191,0.15896961930669906,0.8733206413285343,0.6874213217072602,-0.18589931962127404,1.862093192780206,1.189471336579466,-0.67262185620074,8.207181603208927,2.8448237077519574,0,1,0,1,0,1,0,0,1,0,0,1
3998837,19ab2253-5aa1-4f4b-839a-8e25e045b000,2,46,14,Norway Women's,Maren Nævdal Mjelde,Vilde Bøe Risa,21.3,55.4,30.4,69.6,16.865646,5.531489528415946,0.3992750856431191,0.1775301787409143,-0.22174490690220477,0.6874213217072602,0.5934847525032316,-0.0939365692040286,1.189471336579466,1.3544011732033245,0.16492983662385852,2.8448237077519574,6.074580976325694,1,0,1,0,1,1,0,0,1,0,0,1
3998837,d50e34d0-3c86-40b3-b280-ea799a2e630d,2,46,16,Norway Women's,Vilde Bøe Risa,Tuva Hansen,28.4,65.1,27.3,32.7,32.418667,1.989693011555559,0.12961525159009987,0.00819314047667539,-0.12142211111342448,0.5169787770864939,0.09159554884443417,-0.4253832282420597,1.24983291727148,0.3820632704799919,-0.867769646791488,8.211370553165505,17.205602723601977,0,0,0,0,0,0,0,0,1,0,0,1
3998837,55d5d0bc-c6ee-42d9-befb-82aee9afe3b4,2,46,22,Norway Women's,Tuva Hansen,Marit Bratberg Lund,40.3,27.1,51,7.6,22.242752,4.508886905924271,0.09803932348895765,0.12435137769218191,0.026312054203224258,0.36708349052847017,0.37203607954347956,0.00495258901500939,0.8871947704786531,0.8763143982010563,-0.010880372277596861,7.80989292551015,6.477032770196786,0,0,0,0,1,1,0,0,1,0,0,1
3998837,e62095ba-4367-4b59-8739-e3a1a2b458a1,2,46,44,Norway Women's,Guro Reiten,Marit Bratberg Lund,117.8,9.4,111.5,2.9,9.052072,-7.38228336637836,0.747666234740915,0.42691285837208326,-0.3207533763688317,1.0767476855914762,0.8364040049490609,-0.2403436806424153,1.6839811922649375,1.4957426297748055,-0.18823856249013193,1.0697580511301794,2.9284247303114124,1,1,1,1,1,1,0,1,0,0,0,0
3998837,71d7f93a-2fdf-448b-828e-097a189aae77,2,46,52,Switzerland Women's,Lia Wälti,Nadine Riesen,30.4,60.4,42.5,20.4,41.79007,11.952941203594236,0.26746609692107104,0.03840806069421264,-0.22905803622685839,0.9123108210060275,0.22615365666529452,-0.6861571643407329,1.9375044389213862,0.7292568336105992,-1.208247605310787,7.294089992424067,10.639370253572377,0,0,0,0,1,0,0,0,1,0,0,1
3998837,d3787c47-b04f-488d-8951-4f66b662e08c,2,47,37,Switzerland Women's,Julia Stierli,Smilla Vallotto,41,2.6,72,7.2,31.339432,29.269329279703435,0.5560831913128913,0.4537388123305924,-0.10234437898229892,0.7842392117434368,1.1449353887749372,0.36069617703150036,1.0799635028990262,2.1138914159918856,1.0339279130928594,1.8533122516444136,5.258322456248028,1,0,1,0,1,3,1,0,0,0,0,0
3998837,1666b18b-bb99-456c-a96f-e3cc29bda584,2,47,42,Norway Women's,Vilde Bøe Risa,Ingrid Syrstad Engen,52.4,77.2,47.9,70.8,7.823682,-1.243550029613246,0.6479646187334327,0.6900360419950752,0.04207142326164248,1.178660380689367,1.3182910142052653,0.13963063351589833,1.9967139242495733,2.2045272478635485,0.2078133236139752,1.8256640787990495,2.5768876566846157,1,1,1,2,1,2,1,1,1,0,0,1
3998837,9df65a23-2b3d-4a9e-a073-29a1de70c34c,2,47,43,Norway Women's,Ingrid Syrstad Engen,Marit Bratberg Lund,49.1,68.4,29.4,31.2,42.0943,-14.649868183778338,0.9212864313937461,0.003148613211011477,-0.9181378181827347,1.5156145453961527,0.03612527377458782,-1.4794892716215648,2.3625254147436636,0.15227249885766175,-2.210252915886002,1.3759190151478957,17.460143845466533,1,0,2,0,2,0,1,0,1,0,0,1
3998837,fc82923c-2b7c-46ef-90b4-91f7ee36c26c,2,47,49,Norway Women's,Marit Bratberg Lund,Tuva Hansen,33.9,28.3,34.2,44.5,16.202778,0.973385465725471,0.005275212611102712,0.011835165899267983,0.006559953288165271,0.05064984362540464,0.0973671822892988,0.046717338663894166,0.19127287217091088,0.33211725210539617,0.1408443799344853,16.00840297831104,15.313361047218146,0,0,0,0,0,0,0,0,1,0,0,1
3998837,c48921fc-1732-4369-909b-1c45f896113c,2,47,51,Norway Women's,Tuva Hansen,Maren Nævdal Mjelde,35.8,42.9,36.8,58.9,16.03122,-1.0697671042251642,0.018727744589405793,0.01233052091252489,-0.0063972236768809025,0.13184725255049215,0.10865858554757027,-0.02318866700292188,0.42868755411726545,0.40997115977292503,-0.018716394344340415,13.30928857865439,14.281444654263844,0,0,0,0,0,0,0,0,1,0,0,1
3998837,17118dc0-3ebe-4e23-ac5d-4dfbc4aad46f,2,47,54,Norway Women's,Maren Nævdal Mjelde,Tuva Hansen,40.9,59.3,40.7,41.3,18.001112,2.1098583638734,0.022946838897638322,0.03468873699307385,0.011741898095435528,0.16676614336059856,0.21091602917453006,0.044149885813931505,0.5812519250286501,0.6557360654343274,0.0744841404056773,12.676693355705062,12.186128215539734,0,0,0,0,0,0,0,0,0,0,0,0
3998837,169b5658-3455-47e1-bc02-64737c1f377d,2,47,57,Norway Women's,Tuva Hansen,Marit Bratberg Lund,43.2,37,48.3,16.2,21.416115,1.3116985481802175,0.1679892386639189,0.11002852950443989,-0.05796070915947901,0.5421350991640653,0.3938419910480313,-0.14829310811603402,1.2065502553352676,0.9546565215662475,-0.25189373376902013,6.690868195813702,7.451499716534928,0,0,0,0,1,1,0,0,0,0,0,0
3998837,b5b1bd42-6d3b-48d8-b300-3c08a8d060d2,2,48,17,Switzerland Women's,Viola Calligaris,Riola Xhemaili,21.7,73.3,44.7,74.7,23.04257,20.876511281575787,0.30490543711655615,0.4828806591537462,0.17797522203719002,0.5517246333337198,0.9251830830305818,0.37345844969686204,0.9420323536339662,1.5678105712667696,0.6257782176328034,3.6207279569453927,3.0252107558630845,0,0,1,1,1,2,1,0,0,0,0,0
3998837,a72b710e-19f0-40bb-9ae4-5a6a5989d51d,2,48,19,Switzerland Women's,Riola Xhemaili,Géraldine Reuteler,44.7,74.7,58.9,72.1,14.436066,13.891691929368577,0.4828806591537462,1.2669517036844293,0.7840710445306831,0.9251830830305818,1.719443433002535,0.7942603499719532,1.5678105712667696,2.3520682774325845,0.7842577061658149,3.0252107558630845,0.6652636963254892,0,2,1,2,2,2,0,1,0,0,0,0
3998837,105502ee-d709-403a-a30c-82d2a76e6435,2,48,28,Norway Women's,Thea Bjelde,Maren Nævdal Mjelde,44.2,45.9,42,37,9.167879,-2.028400308418867,0.02432585251958921,0.062157631550855186,0.03783177903126597,0.16969206676307835,0.25204624278572285,0.0823541760226445,0.5890418753880173,0.6810188161521953,0.09197694076417795,11.8110715010129,8.590761386047818,0,0,0,0,0,0,0,0,1,0,0,1
3998837,fa7dea8a-a1c0-429b-9a2b-69b1b8c55658,2,48,30,Norway Women's,Maren Nævdal Mjelde,Tuva Hansen,42,37.6,41.4,26.3,11.315918,-1.7481093154578389,0.10828784084505796,0.04831992426144367,-0.05996791658361429,0.3476927845732551,0.2647687985820738,-0.08292398599118128,0.8222420729962249,0.7483773571715098,-0.0738647158247151,6.9088760616649525,11.08286423161386,0,0,0,0,1,0,0,0,1,0,0,1
3998837,bf1a3b33-56f4-4213-be28-5c8642ca4af9,2,48,31,Norway Women's,Tuva Hansen,Vilde Bøe Risa,41.7,26.3,48.1,32,8.570297,7.14580258695058,0.059948342251949595,0.7761052095085885,0.716156867256639,0.30785001320262173,1.4528969037653592,1.1450468905627376,0.8315178530718238,2.2087637483179696,1.377245895246146,10.290451884235727,3.248023354852895,0,0,0,2,0,3,0,0,1,0,0,1
3998837,062e0ad7-8737-4fb7-a384-f22e23c95742,2,48,32,Norway Women's,Vilde Bøe Risa,Tuva Hansen,48.3,32.2,41.3,28.1,8.112336,-7.471577903139661,0.7761051019209828,0.10362132411499206,-0.6724837778059908,1.4528967956493692,0.4266648479317033,-1.026231947717666,2.2087636480783606,1.005381665450606,-1.2033819826277545,3.2480237754606462,9.478380716741754,0,0,2,0,3,0,0,0,0,0,0,0
3998837,ecba2d2c-37a0-452a-b58b-165542c06486,2,48,34,Norway Women's,Tuva Hansen,Marit Bratberg Lund,41.3,27.7,44.9,10.5,17.572706,-1.030799468906423,0.11142213754658768,0.07181332455994098,-0.0396088129866467,0.4350810744735784,0.2737980574942964,-0.161283016979282,1.010960860521672,0.6845070424048656,-0.3264538181168064,8.533992919625144,8.258474406964572,0,0,0,0,0,0,0,0,0,0,0,0
3998837,6a6c0252-3582-4332-898f-275e45271a13,2,48,36,Norway Women's,Marit Bratberg Lund,Tuva Hansen,45.4,9.4,38.5,18.7,11.580155,-3.6053990472438215,0.1817349987087256,0.2648117423026678,0.08307674359394221,0.4414551335234681,0.61153567744437,0.17008054392090188,0.8748535924891653,1.1157493772386295,0.24089578474946427,5.285358198234888,4.701936498894918,0,0,0,1,1,1,0,0,0,0,0,0
3998837,6c763810-3c5c-4ef6-9461-e2b3a03707b2,2,48,41,Switzerland Women's,Riola Xhemaili,Géraldine Reuteler,83,57.2,97.7,60.4,15.044268,10.5791155514599,1.1942912092940232,0.3538228367455307,-0.8404683725484925,1.7131916479020577,0.7830576430424036,-0.9301340048596541,2.288541162733202,1.4236014341501437,-0.8649397285830582,1.7025737373826848,3.7496711559908875,2,0,2,1,2,1,1,0,1,0,0,1
3998837,95eef9e0-482b-4824-bf15-28887b41922c,2,48,48,Switzerland Women's,Géraldine Reuteler,Iman Beney,107.7,75,98.3,67.8,11.840608,1.8318263185324994,0.54405222059795,0.34205664948932685,-0.20199557110862315,0.7556823113016174,0.7770543576988147,0.021372046397197253,1.107688791961335,1.45427269126301,0.346583899301675,1.851702667818292,4.099827045458821,1,0,1,1,1,2,0,0,0,0,0,0
3998837,5b3febdd-5d29-43b0-9c4d-079fed38dc65,2,48,53,Norway Women's,Tuva Hansen,Guro Reiten,21.3,14.8,31.1,28.9,17.171196,12.275946166938382,0.12177402689621686,0.4288759960210753,0.30710196912485843,0.44962250911002066,0.895916442906161,0.44629393379614035,1.0562879164976509,1.5293387657964457,0.4730508492987948,7.724496310800393,4.465249786325624,0,0,0,2,1,2,0,0,1,0,0,1
3998837,c6e32e70-7026-4925-aa6d-2e37540b809b,2,48,54,Norway Women's,Guro Reiten,Ingrid Syrstad Engen,31.1,29,25.5,25.9,6.400781,-5.968159643383501,0.6072352761273337,0.21885982014316605,-0.3883754559841677,1.163044374238171,0.7285577825946612,-0.4344865916435099,1.9262346365871275,1.5765894630370396,-0.34964517355008784,3.4064521440044024,6.7704127085218895,0,0,2,0,2,1,0,0,0,0,0,0
3998837,40d36431-d621-43a9-aa64-6e001db1e467,2,48,58,Norway Women's,Ingrid Syrstad Engen,Marit Bratberg Lund,19.4,22,26.2,12.6,11.601724,4.477643449769161,0.533808046639345,0.27344277802919653,-0.26036526861014847,0.8268960412756413,0.6421106858894325,-0.18478535538620877,1.2950616689758172,1.1697485491378645,-0.12531311983795268,2.0080369275043175,4.710990807707949,1,0,1,1,1,1,0,0,0,0,0,0
3998837,ebdebc92-c0e9-45ad-a2fd-d33ce279a30b,2,49,11,Switzerland Women's,Livia Peng,Julia Stierli,15.2,44,20.7,54.6,11.941943,4.508733651592479,0.004519431515883676,0.010226179061277752,0.005706747545394076,0.04949544430849852,0.08837914676278798,0.03888370245428946,0.2086326528092678,0.3103997503184578,0.10176709750919,16.60880813310908,15.512327767697112,0,0,0,0,0,0,0,0,1,0,0,1
3998837,fe46e00e-c504-47d2-8dee-5a6ea3398844,2,49,16,Switzerland Women's,Julia Stierli,Lia Wälti,28.3,53,34.2,32.7,21.140009,6.5069112996472995,0.08672703875876597,0.2204676372027071,0.13374059844394112,0.3424737662932531,0.6052238424402507,0.26275007614699764,0.8580679646070424,1.200133582754292,0.3420656181472497,8.075914724055668,6.2406316248338145,0,0,0,0,0,2,0,0,0,0,0,0
3998837,7c9b471d-763c-4dfa-b4be-43731d9ffeec,2,49,18,Switzerland Women's,Lia Wälti,Julia Stierli,33,32.5,23.2,48.5,18.76273,-9.849798059799028,1.0638168796667165,0.09239105377965855,-0.971425825887058,1.396762800091282,0.34777430623635314,-1.0489884938549288,1.857853794693149,0.83657481138731,-1.021278983305839,0.6432207085593147,8.345318997770022,1,0,2,0,2,0,1,0,0,0,0,0
3998837,6b91dfc1-e9b3-4308-9444-8eac84ddd1fc,2,49,19,Switzerland Women's,Julia Stierli,Noelle Maritz,23.2,48.5,29.9,18.9,30.348806,4.634807520705124,0.09239105377965855,0.016107513901543285,-0.07628353987811526,0.34777430623635314,0.11886112305990505,-0.2289131831764481,0.83657481138731,0.4172814518526328,-0.4192933595346772,8.345318997770022,13.038510130826893,0,0,0,0,0,0,0,0,0,0,0,0
3998837,acf88cab-af2e-4772-abdb-128e383f97d9,2,49,34,Norway Women's,Marit Bratberg Lund,Guro Reiten,16.5,39,28,43.1,12.209013,11.45261736080947,0.4001551561850446,0.15246529936597725,-0.24768985681906736,0.8341470732241936,0.5469624824377886,-0.287184590786405,1.4638153682986794,1.231493733847936,-0.2323216344507435,3.5151673642596695,7.388586435878692,0,0,1,0,2,1,0,0,1,0,0,1
3998837,21fc8936-c2e6-49bc-9fe1-8f54a57638a4,2,49,35,Norway Women's,Guro Reiten,Frida Maanum,28,43.1,33.9,58.1,16.118622,4.070283481408268,0.16921411424693938,0.4920246730754807,0.3228105588285413,0.6312616559116787,1.089511230060484,0.4582495741488052,1.4413305649070094,1.8711791535236362,0.4298485886166268,8.00506645553526,3.9001168506180925,0,0,0,1,0,2,0,0,1,0,0,1
3998837,12e7aab0-c011-4bc1-b50b-9c8d4a0ceeb5,2,49,37,Norway Women's,Frida Maanum,Vilde Bøe Risa,30.8,57.1,23.3,58.5,7.6295476,-7.629464590388977,0.8445098040407341,0.22132133919836458,-0.6231884648423694,1.5292639922582385,0.6032991073021381,-0.9259648849561004,2.313491546223014,1.252511120498969,-1.060980425724045,3.5727085409074433,5.128525936157751,0,0,3,0,3,1,0,0,0,0,0,0
3998837,c9ca2473-edaa-422e-aec8-8034fd493a02,2,49,39,Norway Women's,Vilde Bøe Risa,Thea Bjelde,23.1,58.7,15.2,60.5,8.1024685,-8.098296384324314,0.3800054998863901,0.1432114661884594,-0.2367940336979307,0.7349630631323139,0.3706591979707861,-0.36430386516152774,1.3109755136426349,0.7911912069393998,-0.519784306703235,3.161076799132366,5.926113353306445,0,0,1,0,1,1,0,0,1,0,0,1
3998837,c084bf44-1268-43d6-9822-08c95d388ecb,2,49,40,Norway Women's,Thea Bjelde,Cecilie Fiskerstrand,15.2,60.5,3.8,42.3,21.475567,-9.436572003960848,0.2539523844220284,0.0077894757256576795,-0.2461629086963707,0.5037914483364287,0.07935807499659374,-0.424433373339835,0.9001859616671912,0.31912822206728286,-0.5810577395999084,4.181046325415247,15.578449461554056,0,0,1,0,1,0,0,0,1,0,0,1
3998837,a1a3de77-1290-4b13-88b9-4be18cd5897f,2,49,48,Norway Women's,Cecilie Fiskerstrand,Maren Nævdal Mjelde,8.1,41.1,10.1,49.7,8.829496,1.5781659658743479,0.009116080983650465,0.0050732637217948675,-0.004042817261855598,0.08111650577358723,0.06093201184487895,-0.020184493928708275,0.2948642233914087,0.2724225141884543,-0.022441709202954407,16.142358800715318,16.719786914484896,0,0,0,0,0,0,0,0,1,0,0,1
3998837,0455cb48-1b78-431f-b180-162339d0c3e5,2,49,57,Norway Women's,Maren Nævdal Mjelde,Cecilie Fiskerstrand,14.4,49.7,4.3,39.9,14.073024,-9.655477112078913,0.04535303080202612,0.01848150033178092,-0.0268715304702452,0.2478041781176774,0.11799184595544956,-0.12981233216222784,0.6822346616009233,0.39187087027018774,-0.29036379133073553,11.1328396296265,12.349955470508144,0,0,0,0,0,0,0,0,1,0,0,1
3998837,9575dd8c-970c-4786-84b0-48780853edf7,2,50,0,Norway Women's,Cecilie Fiskerstrand,Maren Nævdal Mjelde,5,39.9,8.9,56.2,16.76007,2.725157595433785,0.013101913729722758,0.02966487986572994,0.016562966136007183,0.10153151916121435,0.1535190387293814,0.051987519568167065,0.36498226074454226,0.45657448958766034,0.09159222884311807,13.77814775845682,10.817357487568906,0,0,0,0,0,0,0,0,1,0,0,1
3998837,12e2fb85-4172-4a88-aa1f-d6d4004d8063,2,50,2,Norway Women's,Maren Nævdal Mjelde,Vilde Bøe Risa,8.9,56.2,16.7,41.6,16.552946,8.962495531999863,0.09852707291316287,0.28798656046603116,0.1894594875528683,0.29066394294585923,0.7194449701564253,0.42878102721056605,0.6374596731516441,1.3195217093037641,0.68206203615212,7.059590950965079,5.022145859924264,0,0,0,0,1,2,0,0,1,0,0,1
3998837,46c082e2-40ad-429c-8d2d-1b7ff5e528c4,2,50,4,Norway Women's,Vilde Bøe Risa,Maren Nævdal Mjelde,15.5,45.1,8.7,56,12.847178,-7.8197881766249395,0.5293818594974556,0.17381408256537195,-0.3555677769320837,0.966902437375653,0.4614329734302721,-0.5054694639453808,1.5076714637444786,0.8739785922666425,-0.633692871477836,3.019635084815013,6.171457482242758,0,0,1,0,2,1,0,0,1,0,0,1
3998837,034347e6-a7bd-4130-9742-ab82ab9716c7,2,50,6,Norway Women's,Maren Nævdal Mjelde,Thea Bjelde,7.9,56.8,14.7,76.1,20.462893,2.0356694873829895,0.2771716818198091,0.0185801339723426,-0.2585915478474665,0.585469671876553,0.12942486697809852,-0.45604480489845445,1.0077115160101031,0.43296078514684566,-0.5747507308632575,4.3572350447010715,13.035442417176105,0,0,1,0,1,0,0,0,1,0,0,1
3998837,81002696-40f2-4939-921e-749d23b0ba06,2,50,8,Norway Women's,Thea Bjelde,Vilde Bøe Risa,14.7,76.1,21.9,58.1,19.386593,11.560414412742162,0.04470536188430446,0.35408360981821546,0.309378247933911,0.21222763085329852,0.7193255103799636,0.5070978795266651,0.570923651313401,1.3058671962445882,0.7349435449311873,10.258726324874806,3.381438778448834,0,0,0,1,0,1,0,0,1,0,0,1
3998837,efd25975-d81c-456d-8ca5-c45c51138879,2,50,13,Norway Women's,Vilde Bøe Risa,Ada Stolsmo Hegerberg,35,54.4,55.9,49,21.586338,21.48239448756435,0.4458176771441433,0.36882200417285677,-0.07699567297128651,1.0358948411960667,0.8582736302509414,-0.17762121094512529,1.8656786067833808,1.7233597337162627,-0.1423188730671181,3.963210396621162,3.552324635273922,0,0,1,1,3,1,0,0,1,0,0,1
3998837,074134bf-340e-4e84-a0e6-219ac46a60d9,2,50,15,Norway Women's,Ada Stolsmo Hegerberg,Thea Bjelde,49.8,56,42,76.4,21.84033,-14.075038080441672,0.9210898681933722,0.028654303337320962,-0.8924355648560512,1.6027079263202677,0.20320716664673286,-1.399500759673535,2.6128866274728324,0.6797886652373614,-1.933097962235471,1.7570312322370476,12.371078018175842,1,0,2,0,2,0,1,0,1,0,0,1
3998837,c6a91829-7f77-43ef-a18f-b51bf778c0c1,2,50,21,Norway Women's,Maren Nævdal Mjelde,Tuva Hansen,31.9,62,35.6,37.8,24.481216,6.376673135656091,0.006804418476231914,0.010270717361633139,0.003466298885401225,0.07828886584495438,0.10369457072482467,0.02540570487987029,0.35943578162421647,0.4206419514005641,0.06120616977634763,15.651129588589727,15.702745229185357,0,0,0,0,0,0,0,0,1,0,0,1
3998837,0d407ba9-52e0-413d-852e-8291eacdb622,2,50,26,Norway Women's,Tuva Hansen,Marit Bratberg Lund,47.7,30.6,51.4,11.5,19.455076,-1.3761509071772764,0.27888797414445393,0.06616814441177217,-0.21271982973268178,0.6774689344499929,0.31673888549796875,-0.36073004895202415,1.3719377531681012,0.9023844391201721,-0.4695533140479291,4.352538828264077,10.320207765164065,0,0,1,0,1,0,0,0,1,0,0,1
3998837,9b4e745a-17df-4233-8f6a-2978c3b5246a,2,50,28,Norway Women's,Marit Bratberg Lund,Caroline Graham Hansen,54.9,13.1,68.6,3.7,16.614752,7.5130178386135285,0.11719442455382452,0.41490689115731644,0.29771246660349193,0.42847127256548095,0.6548442586483584,0.22637298608287743,1.0515885408758672,1.0407466812782817,-0.010841859597585435,8.054344320247681,2.68671161715355,0,1,0,1,0,1,0,0,0,0,0,0
3998837,c02fc4f7-fdcd-492c-97a6-7b8b5326df03,2,50,31,Norway Women's,Caroline Graham Hansen,Ingrid Syrstad Engen,65.3,7.1,64.9,19.3,12.206555,4.971806853736034,0.6384381583435594,0.4823320452390689,-0.15610611310449052,0.9975436228465107,1.1405745514330887,0.14303092858657807,1.5369350546972012,2.0473557912219693,0.5104207365247682,1.7836298710764944,4.9029240961278315,1,0,1,1,2,3,0,0,1,0,0,1
3998837,347c7e56-b77e-4f15-94f3-709d62f4be4b,2,50,33,Norway Women's,Ingrid Syrstad Engen,Tuva Hansen,64.1,16.8,35.2,8.8,29.98683,-29.834376067195223,1.1839277640786374,0.00388249758346859,-1.1800452664951688,1.8365525135910792,0.04749164256183145,-1.7890608710292477,2.665153045451429,0.2088101305206116,-2.4563429149308176,1.3568169594528459,17.343393642042134,2,0,2,0,3,0,0,0,1,0,0,1
3998837,d079cca4-0bf1-4501-a733-80f4a677397e,2,50,40,Norway Women's,Tuva Hansen,Vilde Bøe Risa,35.8,24,48.5,32.2,15.1172085,13.782512982114525,0.017764476554324074,0.25151885561243575,0.2337543790581117,0.13139152721047664,0.7838319484450669,0.6524404212345902,0.457481958639104,1.5909231993932722,1.133441240754168,12.805547755449902,7.0601136674741705,0,0,0,0,0,2,0,0,1,0,0,1
3998837,e777b383-a834-4324-93f4-84e3720d9288,2,50,43,Norway Women's,Vilde Bøe Risa,Tuva Hansen,48.5,32.2,38,26.9,11.761803,-11.115613523192621,0.561815479226417,0.03741166926369005,-0.5244038099627268,1.1271258751965632,0.21735018505843995,-0.9097756901381232,1.9804181891046813,0.673406413285424,-1.3070117758192572,2.6480083566309967,11.006218662979995,1,0,1,0,2,0,1,0,1,0,0,1
3998837,a34eb4bf-0370-4ee3-bbc7-0f535ce25467,2,50,44,Norway Women's,Tuva Hansen,Marit Bratberg Lund,38,26.9,42,13.7,13.792751,0.7252302194743407,0.035959224082783056,0.021867295069716262,-0.014091929013066794,0.21316208226488612,0.17045046711370201,-0.0427116151511841,0.664319614682349,0.614616824712965,-0.04970278996938404,11.282441008492233,13.331260993733405,0,0,0,0,0,0,0,0,0,0,0,0
3998837,509c7835-e469-448f-ba0c-645fe406913c,2,50,47,Norway Women's,Marit Bratberg Lund,Caroline Graham Hansen,43.2,11.9,85.1,5.4,42.40118,32.63489697416819,0.07333623665556614,0.15920501286522235,0.0858687762096562,0.30336009787514845,0.39236994572619477,0.08900984785104632,0.8130873346512336,0.7869629423607184,-0.02612439229051522,8.42562868328135,5.6194127529528375,0,0,0,0,0,1,0,0,0,0,0,0
3998837,56d0fe95-a309-4239-938a-b904d5e7edaf,2,51,37,Switzerland Women's,Smilla Vallotto,Nadine Riesen,66.9,36,84.9,4.8,36.019993,3.540788998043297,0.4443224591553467,0.017338387413848393,-0.4269840717414983,1.0527875638766562,0.11824909918368721,-0.934538464692969,1.997359065086788,0.4383069336851602,-1.559052131401628,4.112579071158152,12.44462012726128,0,0,1,0,2,0,0,0,1,0,1,1
3998837,a9cacfab-f2bf-4a66-841e-04b9cb9639f5,2,52,5,Norway Women's,Marit Bratberg Lund,Tuva Hansen,34.5,13.8,17.6,25.8,20.727036,-13.955668265582077,0.04974228336218894,0.006592426079004494,-0.04314985728318444,0.23327669195868214,0.08481471307449635,-0.14846197888418577,0.6505070382321071,0.3884655462355247,-0.2620414919965824,9.600350009033537,17.06817737559482,0,0,0,0,0,0,0,0,1,0,0,1
3998837,dd4de504-f589-4038-83a4-b33fbf635342,2,52,8,Norway Women's,Tuva Hansen,Maren Nævdal Mjelde,21.8,29.8,26.7,56.3,26.949211,4.0151682076595705,0.0115407109247531,0.009555234370104885,-0.0019854765546482144,0.10493980039009697,0.08953451417853349,-0.01540528621156348,0.4104621492699897,0.3746503599538582,-0.03581178931613149,14.441008491159531,14.515520607286582,0,0,0,0,0,0,0,0,1,0,0,1
3998837,818c9119-02f7-46b4-8faa-6fd724c82034,2,52,13,Norway Women's,Maren Nævdal Mjelde,Tuva Hansen,29.4,57.5,27.4,40.2,17.415224,-0.325571577844471,0.026074058036105484,0.017274882694204793,-0.008799175341900691,0.17075734800741102,0.1307473428944512,-0.04001000511295982,0.5810193472499745,0.4630114489067811,-0.11800789834319342,11.62344483421058,13.87257998597137,0,0,0,0,0,0,0,0,1,0,0,1
3998837,1edfecc9-36ed-4f67-8ad6-cfd14fd2ef84,2,52,18,Norway Women's,Tuva Hansen,Maren Nævdal Mjelde,35.4,38.7,35.2,59.7,21.000952,-2.448211334508983,0.035069001813574405,0.010441646759927797,-0.024627355053646608,0.21126772818119402,0.10816756726248643,-0.10310016091870759,0.6501918043711956,0.47187009143979997,-0.17832171293139565,11.37323308335486,14.838675922911884,0,0,0,0,0,0,0,0,1,0,0,1
3998837,cc976993-a5ae-4a6b-ad74-e3be3e4b8ff7,2,52,29,Norway Women's,Ada Stolsmo Hegerberg,Frida Maanum,81.1,59.3,92.9,72.7,17.85497,0.9546579748254373,0.6122402740739895,0.10521452801850768,-0.5070257460554818,1.3307391940251247,0.4341576594102306,-0.8965815346148942,2.338141474718889,1.0915337091007122,-1.2466077656181767,2.732771179547692,8.53199455809395,1,0,1,0,2,0,0,0,0,0,0,0
3998837,4aba06d9-5b5b-41b0-b469-b714497a7006,2,54,37,Switzerland Women's,Noelle Maritz,Nadine Riesen,55.7,3.2,64.6,2.1,8.96772,6.9624207681308405,0.5017597793515794,0.3758470513337747,-0.12591272801780473,0.7783755067324623,0.7424922670098923,-0.035883239722569904,1.2468165344091253,1.2707614753585321,0.0239449409494068,2.158540059809995,3.5776639524190856,1,0,1,1,1,1,0,0,0,0,0,0
3998837,b94c379f-32c3-4eda-9d40-9195ba2a3607,2,55,8,Switzerland Women's,Lia Wälti,Iman Beney,54.5,46.9,89.7,73.5,44.12029,20.692309518521277,0.8557755830160262,0.06367297406344598,-0.7921026089525802,1.5658340072055241,0.24210040478868142,-1.3237336024168427,2.357790174584777,0.5594191097340465,-1.7983710648507305,2.360997691000562,8.851628311189009,1,0,1,0,4,0,0,0,1,0,0,1
3998837,6e36d96e-74e8-447f-bee3-42dbcdefc386,2,55,24,Switzerland Women's,Lia Wälti,Julia Stierli,73.2,40.9,63.6,50.6,13.647344,-10.578802028924414,0.28849255214035685,0.03147874179968378,-0.25701381034067305,0.6377751473597294,0.1893504005070807,-0.44842474685264866,1.2930854072989848,0.60379689627405,-0.6892885110249348,3.956231226257453,11.524245507635596,0,0,1,0,1,0,0,0,1,0,0,1
3998837,ec23b7f7-6612-4d16-934f-279be518654e,2,55,29,Switzerland Women's,Julia Stierli,Géraldine Reuteler,65.5,50.6,82.4,52.6,17.017931,15.866244896847284,0.3655264277598266,0.5933464250456352,0.2278199972858086,0.8110406291767681,1.3474902124994348,0.5364495833226667,1.4975130617465346,2.416716964240971,0.9192039024944365,3.7707281943182327,3.8023014286548835,0,0,1,1,1,3,0,0,1,0,0,1
3998837,add99bdd-a575-493f-be6a-f1d5f28518ba,2,55,33,Switzerland Women's,Géraldine Reuteler,Smilla Vallotto,78.8,37.4,84.9,24.1,14.632156,2.748595149551363,0.9626444511752361,0.5457461098612202,-0.41689834131401593,1.8883618330994685,1.341164892281258,-0.5471969408182105,3.132475764476377,2.4728625385185827,-0.6596132259577945,2.016882700184628,4.0496057650137,1,0,1,1,4,2,1,0,1,0,0,1
3998837,9d6a340b-573e-4c51-97ce-78deaa41a934,2,55,36,Switzerland Women's,Smilla Vallotto,Nadine Riesen,96.6,26.1,105.5,15.8,13.612494,-0.9944322494664952,2.048031307394236,0.08005275354678335,-1.9679785538474523,3.098898371581985,0.38942161081596627,-2.7094767607660186,4.264385921435398,1.0858450988891144,-3.1785408225462835,1.3764280445176411,9.545647640518593,2,0,5,0,5,0,1,0,1,0,1,1
3998837,ca78be5c-0ac7-432c-931f-78a37f4c075e,2,55,41,Switzerland Women's,Nadine Riesen,Géraldine Reuteler,112.9,16.3,98.9,18.9,14.239382,-5.099251364713471,0.4768859657838002,0.21498838517731123,-0.261897580606489,0.8547211755553067,0.6133624857981793,-0.24135868975712738,1.5291060392545524,1.3919280571124624,-0.13717798214208998,2.5104594710107295,5.250622933244531,1,0,1,0,1,1,0,0,0,1,1,1
3998837,0a569a05-3270-4cd5-9482-4322bdeed86c,2,55,43,Switzerland Women's,Géraldine Reuteler,Iman Beney,98.2,19.1,115.4,47.8,33.459377,21.14478042432267,0.5022031575993666,1.0024219559897314,0.5002187983903648,0.9569842907903262,1.60834121720441,0.6513569264140838,1.7655565648866676,2.498996905127692,0.7334403402410243,2.4918604933985202,0.8061880760086364,1,1,1,1,1,2,0,0,0,1,1,1
3998837,901d6672-e8ce-430d-878d-f804ef940a4e,2,56,24,Switzerland Women's,Lia Wälti,Livia Peng,41,53.6,13.9,50.3,27.300182,-26.436694679622576,0.4776353557359849,0.05177190937637498,-0.42586344635960993,0.9372815169051897,0.19487542383700107,-0.7424060930681886,1.5641940882095777,0.4911117189189506,-1.073082369290627,2.9745772149387246,8.966709967381021,1,0,1,0,1,0,0,0,0,0,0,0
3998837,6080cd41-c519-4353-816c-d9db59b7711f,2,56,45,Norway Women's,Marit Bratberg Lund,Tuva Hansen,44.2,13.5,39.3,30.6,17.788198,-0.9468606059714091,0.18334806469468382,0.06734634267838716,-0.11600172201629666,0.46436764587160356,0.3227599692760948,-0.14160767659550877,0.9289616809962024,0.8341340738135893,-0.09482760718261307,5.398046005901479,10.302049847495892,0,0,0,0,1,0,0,0,0,0,0,0
3998837,f36c2d86-a1d7-41e5-80d6-0b4c96d6c3ce,2,56,57,Switzerland Women's,Livia Peng,Lia Wälti,14.9,55.4,32.2,50.6,17.95355,17.784718382283188,0.000646669074945643,0.17402114381954023,0.17337447474459458,0.01807041378092364,0.506908342194416,0.4888379284134924,0.12634841505679123,0.9990368506433072,0.8726884355865159,23.847894413377016,6.170999836790661,0,0,0,0,0,1,0,0,0,0,0,0
3998837,591e4187-85a8-451a-9e5b-f0af2fc9808b,2,56,59,Switzerland Women's,Lia Wälti,Noemi Ivelj,29.5,50.3,42.4,66.9,21.023083,8.954045207427427,0.1345455347932328,0.28956161146853854,0.15501607667530573,0.4681310460033509,0.6301062828667241,0.16197523686337317,0.9720175365347594,1.0419333226338896,0.06991578609913018,8.776012881719335,4.666735211700358,0,0,0,1,0,2,0,0,0,0,0,0
3998837,51790df4-a6de-49ad-b17f-b97c518d1dc1,2,57,6,Norway Women's,Ingrid Syrstad Engen,Vilde Bøe Risa,65.8,22.9,65,35.6,12.725172,1.657809538886788,0.7765609731817467,0.5119073135925403,-0.2646536595892064,1.5489622908275893,1.068009231237086,-0.4809530595905034,2.5306261682319597,1.9581837375012456,-0.5724424307307141,3.849314795570123,2.932656593752404,0,1,3,1,3,2,0,0,1,0,0,1
3998837,51373b2b-eb7f-490f-ab8a-a3b811eff129,2,57,7,Norway Women's,Vilde Bøe Risa,Maren Nævdal Mjelde,65,35.6,48.9,32.7,16.359095,-16.298052115483962,0.5119073135925403,0.22539415121325193,-0.28651316237928837,1.068009231237086,0.6077627859285443,-0.46024644530854164,1.9581837375012456,1.2509812989448643,-0.7072024385563813,2.932656593752404,5.235183575648744,1,0,1,0,2,1,0,0,1,0,0,1
3998837,d796a1fa-5a63-444f-9114-4137440255ae,2,57,9,Norway Women's,Maren Nævdal Mjelde,Cecilie Fiskerstrand,48.5,33,19.8,41.3,29.876078,-28.36659260200601,0.26670643660217824,0.00020488228586736156,-0.2665015543163109,0.6554390069896208,0.00965248222892926,-0.6457865247606915,1.2881108736454419,0.09104314040649833,-1.1970677332389434,4.620794330928214,27.007773059753198,0,0,1,0,1,0,0,0,1,0,0,1
3998837,067d90c4-a448-4547-bb0f-41a055ac8d4e,2,57,16,Norway Women's,Cecilie Fiskerstrand,Marit Bratberg Lund,19.8,41.3,35,19.7,26.412119,12.8179870768503,0.04293888512308373,0.014538458931620006,-0.02840042619146372,0.1850044142516612,0.11140997348674668,-0.07359444076491452,0.4863118634474187,0.37754702896852144,-0.10876483447889729,9.666424441099597,14.533721752078801,0,0,0,0,0,0,0,0,1,0,0,1
3998837,d75faf73-9c1c-462b-947f-4a4e0c23e7f0,2,57,21,Norway Women's,Marit Bratberg Lund,Guro Reiten,37.4,11.3,54,30.2,25.15492,20.72037305342151,0.12074061741736325,0.24285587107009324,0.12211525365272999,0.3789637071702984,0.7315926769719996,0.35262896980170116,0.8157321955557216,1.569419195005078,0.7536869994493564,7.019710010999727,5.686000965895122,0,0,0,0,1,1,0,0,1,0,0,1
3998837,798d0689-3e8b-4180-9aea-0d296a42eea3,2,57,23,Norway Women's,Guro Reiten,Vilde Bøe Risa,51.6,30.2,43.4,32.7,8.572631,-7.848579276514002,0.650792218619605,0.3657817638863422,-0.2850104547332628,1.2186915240123095,0.9092662658223338,-0.3094252581899757,2.1222345856391316,1.743459223260692,-0.37877536237843956,2.0675583167705693,4.5184065422082815,1,0,1,1,2,2,0,0,1,0,0,1
3998837,cf46e054-0cd0-4b3a-ba9f-d6c621f6e972,2,57,24,Norway Women's,Vilde Bøe Risa,Frida Maanum,43.4,32.7,53.2,44.5,15.33884,9.995659438816332,0.3922400254588821,0.5558530017196454,0.16361297626076327,0.9525779305923325,1.2069745150792892,0.2543965844869567,1.791986803731371,2.1386579630856564,0.3466711593542853,4.657926073322789,3.6523914389038996,0,0,1,1,2,3,0,0,1,0,0,1
3998837,81b33cd2-2bd7-47ef-a048-0b7d4c8c9549,2,57,25,Norway Women's,Frida Maanum,Maren Nævdal Mjelde,52.6,44.5,36,53.4,18.835339,-17.512039451560824,0.5558532200181345,0.029763335825232835,-0.5260898841929017,1.2069747361411205,0.1719300352127147,-1.0350447009284058,2.138658178038227,0.5681341640954871,-1.57052401394274,3.6523893480111354,10.949087806339234,0,0,1,0,3,0,0,0,1,0,0,1
3998837,0754fd2c-44a8-48a0-be12-4dff04d49cab,2,57,29,Norway Women's,Tuva Hansen,Marit Bratberg Lund,33.9,30.2,40.3,20.5,11.621101,4.605090922540711,0.07588955062304703,0.0378209967090546,-0.03806855391399243,0.2934535860980604,0.21055048586526304,-0.08290310023279734,0.7420674276882165,0.6230549933443512,-0.11901243434386533,8.2167331142037,11.146553161239218,0,0,0,0,0,0,0,0,1,0,0,1
3998837,3198767a-94a1-4e3d-a44c-890731b31650,2,57,32,Norway Women's,Marit Bratberg Lund,Caroline Graham Hansen,42.3,14.4,106.8,23.6,65.15282,60.756302340815736,0.03486535585694283,0.8706072925159465,0.8357419366590036,0.20687626809970708,1.1870736292151782,0.9801973611154712,0.6580184738522977,1.6118043795056658,0.9537859056533681,11.704715118492542,0.9082246572260099,0,1,0,1,0,2,0,1,0,0,0,0
3998837,ad8b88b9-bb70-4523-b64a-c2bf3a40ebc1,2,59,12,Switzerland Women's,Smilla Vallotto,Viola Calligaris,61.7,38.8,50.8,71.9,34.84853,-17.88640466419215,0.3753197562324686,0.12451021816176784,-0.2508095380707008,1.0560831987847885,0.33718273979240193,-0.7189004589923866,2.0782752818886134,0.719642925589039,-1.3586323562995744,4.964388997020547,6.3783613891238735,0,0,1,0,1,1,0,0,0,0,0,0
3998837,84c14c6e-4e90-4221-a8e0-451bc2b8d355,2,59,15,Switzerland Women's,Viola Calligaris,Iman Beney,50.9,72.5,69.1,77,18.748066,13.434356449222932,0.17812480061417557,0.5084477221440794,0.33032292152990383,0.4028198714015379,0.7890229577486396,0.3862030863471017,0.7695567571422771,1.2480719095810793,0.47851515243880216,5.255844406127038,2.1462181238324454,0,1,0,1,1,1,0,1,0,0,0,0
3998837,b97ee831-6bc0-4de7-8b7c-75e1a1a87206,2,59,46,Switzerland Women's,Smilla Vallotto,Livia Peng,35.1,3.8,6.1,35.6,43.03766,-21.689505638968683,0.40083511443230785,0.004512538045449308,-0.3963225763868585,0.6440831766128835,0.03914285742111874,-0.6049403191917647,0.9784939434495874,0.1319495242478737,-0.8465444192017137,2.8050042735157157,16.202686572702536,1,0,1,0,1,0,0,0,1,0,0,1
3998837,f760ec99-59c7-4a26-b55c-7f89798dc6f4,2,59,59,Norway Women's,Cecilie Fiskerstrand,Marit Bratberg Lund,11.6,42.9,28.2,19.3,28.853422,14.333896284913777,0.01201639135696022,0.38119597600110955,0.36917958464414935,0.0740573206675042,0.6102890338127689,0.5362317131452647,0.22143194799251145,0.9001851420135496,0.6787531940210382,13.289290192075418,2.9342455780559438,0,1,0,1,0,1,0,0,0,0,0,0
3998837,a7d6993c-5093-4dcf-819b-3a8ff99341d5,2,60,7,Switzerland Women's,Viola Calligaris,Lia Wälti,62.9,63.3,66.7,49.9,13.928389,7.4592783854272895,0.3699300104683616,0.14272705596476595,-0.22720295450359565,0.773599944211596,0.597631559390786,-0.1759683848208099,1.3317743207502126,1.4656510236472209,0.13387670289700826,3.8944450025323203,8.288931173523366,0,0,1,0,2,0,0,0,0,0,0,0
3998837,04dff09d-9cd9-4d0d-865c-7ab9cc8d9005,2,60,9,Switzerland Women's,Lia Wälti,Riola Xhemaili,68.5,49.1,83.5,42.3,16.469366,15.725407140529896,0.2534259352277832,0.47239526148875316,0.21896932626097,0.8026193066878632,1.2707498618615694,0.46813055517370616,1.7447653330815838,2.419854607671101,0.6750892745895172,5.747707398898503,4.806615704258743,0,0,0,1,1,4,0,0,0,0,0,0
3998837,bf5cba61-603c-4f38-ad6c-1722c1759248,2,60,43,Norway Women's,Tuva Hansen,Maren Nævdal Mjelde,38.9,41.1,34.8,56.6,16.03309,-5.694614124996988,0.14281544040250532,0.04463788973899735,-0.09817755066350797,0.5000599285249208,0.2161489419831814,-0.28391098654173935,1.1817834359107395,0.6672528000830388,-0.5145306358277008,7.568216910545341,9.660278438906722,0,0,0,0,1,0,0,0,1,0,0,1
3998837,c960898f-f505-4c0f-b27d-0775402e2a26,2,61,29,Switzerland Women's,Julia Stierli,Livia Peng,27.8,5.4,10.6,35.6,34.754566,-11.010022846229973,0.02844436412545878,0.0004789125175976098,-0.02796545160786117,0.1731696152492105,0.014764004456339627,-0.15840561079287088,0.5569868597032321,0.10499630962420531,-0.45199055007902683,11.35940462502173,24.72794233922585,0,0,0,0,0,0,0,0,1,0,0,1
3998837,e18ab42b-cc56-4c48-9067-da37ed57e428,2,61,35,Switzerland Women's,Livia Peng,Lia Wälti,11.4,43.4,25.8,42.7,14.417004,14.414523477112041,0.0030706857877878684,0.08211762080346303,0.07904693501567517,0.041477294707379084,0.3221205188601218,0.2806432241527427,0.19344436635575446,0.7212766726302297,0.5278323062744752,17.983597053267133,8.9028176088972,0,0,0,0,0,0,0,0,1,0,0,1
3998837,05e17aba-592e-4daf-9114-78473bf20f56,2,61,40,Switzerland Women's,Lia Wälti,Julia Stierli,29.7,25.9,26.4,19,7.648529,-4.532645999468173,0.4607258625237145,0.0394900690437491,-0.4212357934799654,0.7064247834817786,0.1878823818351752,-0.5185424016466034,1.1043342389540736,0.5321088645956615,-0.572225374358412,2.374011358534368,10.095703225005371,1,0,1,0,1,0,0,0,1,0,0,1
3998837,8dadcf4b-9b92-41a0-b10d-4f48a24cb94f,2,61,44,Switzerland Women's,Julia Stierli,Smilla Vallotto,27.8,19,28.7,33.1,14.128695,3.0009402644658536,0.04750148379813172,0.037662613945782505,-0.009838869852349212,0.24081454135144997,0.21166356053865698,-0.029150980812792993,0.6845737628065498,0.6613349049175179,-0.023238857889031905,10.055437373661825,10.389807097826024,0,0,0,0,0,0,0,0,1,0,0,1
3998837,39afd7aa-6701-4be3-bfe2-e73777c5e701,2,61,50,Switzerland Women's,Smilla Vallotto,Viola Calligaris,42.5,47.9,42.8,75.4,27.501637,-7.027777825562893,0.28071312828050876,0.1285217103013652,-0.15219141797914357,0.761706906962643,0.3511121993734551,-0.41059470758918787,1.459767315914093,0.7555075481849666,-0.7042597677291264,5.537660930893694,6.294379510990559,0,0,0,0,1,1,0,0,1,0,0,1
3998837,a268e5ff-21fe-4b30-9dbf-04d8e3b728ab,2,61,52,Switzerland Women's,Viola Calligaris,Riola Xhemaili,42.8,75.4,63.8,60,26.041506,25.276721131792243,0.18996880300987784,0.973728206494376,0.7837594034844981,0.4363772366531568,1.5143964580155747,1.0780192213624178,0.8532653165063601,2.338850366497029,1.4855850499906689,5.0961375398479625,1.0739089944369369,0,1,0,2,1,2,0,1,1,0,0,1
3998837,9e299094-f4a1-4693-9cba-89f9ed2f0c28,2,61,57,Switzerland Women's,Riola Xhemaili,Viola Calligaris,57.4,62.7,45.9,65.5,11.835962,-11.776252920481653,1.1144797013392658,0.15979569329967908,-0.9546840080395866,1.6864086068192736,0.4746995071057717,-1.2117090997135018,2.4528332504964485,1.0438189786559509,-1.4090142718404977,1.1608659323223773,6.183569436105525,1,0,2,0,3,1,0,0,1,0,0,1
3998837,b8346019-8cb0-4522-8118-e38812a420da,2,62,1,Switzerland Women's,Viola Calligaris,Livia Peng,35.7,58.3,20.3,41.7,22.643322,-13.451058690695973,0.16529418966458678,0.0013666368604153569,-0.16392755280417143,0.406809830083156,0.028760757798874468,-0.37804907228428153,0.8091803778975418,0.170828746738038,-0.6383516311595039,5.533352033476264,21.214815028295526,0,0,0,0,1,0,0,0,0,0,0,0
3998837,990882eb-05a9-4667-acc4-dd872dd81e8e,2,62,4,Switzerland Women's,Livia Peng,Julia Stierli,20.3,41.7,33,27.6,18.976301,11.835257109563955,0.002092943350129215,0.10289973984379645,0.10080679649366724,0.03599566660281728,0.33873974262348283,0.30274407602066555,0.19383362100914234,0.776857041859752,0.5830234208506097,19.52964382528538,7.202561981595288,0,0,0,0,0,1,0,0,0,0,0,0
3998837,3f6c3477-9969-4dd0-9d4f-05cf884052e1,2,62,8,Norway Women's,Guro Reiten,Frida Maanum,70.7,64.9,79.9,62.9,9.414882,9.053198334377157,0.13278096626726946,0.2600583199985787,0.12727735373130925,0.496158828874086,0.7130743132513857,0.21691548437729968,1.1820223779731662,1.4436296052445927,0.2616072272714265,7.310638935398885,5.151317068326507,0,0,0,0,1,1,0,0,1,1,1,1
3998837,ae87efd3-7b1b-4cc1-b98a-491364d2c78e,2,62,11,Norway Women's,Frida Maanum,Ada Stolsmo Hegerberg,85.6,61.2,111.4,47,29.449617,29.31918699525601,0.8664560328516385,0.3851355527697747,-0.48132048008186384,1.5491689612067772,0.9413402068647975,-0.6078287543419797,2.363127712648324,1.7407157917690603,-0.6224119208792636,2.6388996988688405,4.958841477929343,1,0,2,1,3,2,0,0,1,1,1,1
3998837,1f092079-34b6-49e3-ae26-be43a41f54ca,2,65,22,Switzerland Women's,Lia Wälti,Géraldine Reuteler,49.4,17.3,56.8,27.6,12.682665,9.754656381477645,1.1521445593844055,0.9203492299266318,-0.2317953294577737,1.9569264709963972,1.677544190758816,-0.27938228023758116,2.834070347719962,2.7520105463421722,-0.08205980137778957,2.191601746989107,1.4961039697865344,2,1,2,1,2,3,1,1,1,0,0,1
3998837,5bcbf221-1da9-4192-97bf-1a28559e799f,2,65,23,Switzerland Women's,Géraldine Reuteler,Sydney Schertenleib,57.2,26.7,77.6,3.8,30.668715,8.441679211134627,1.0115504722792006,0.05282326523174853,-0.9587272070474521,1.7588846128796625,0.2993957976789232,-1.4594888152007393,2.822595938308569,0.8845428118906027,-1.9380531264179661,1.1274382245464198,10.21143451960344,1,0,1,0,3,0,1,0,1,0,0,1
3998837,41879138-1005-485d-b1aa-67a85765c011,2,65,30,Switzerland Women's,Sydney Schertenleib,Iman Beney,91.5,19.8,95.2,59.6,39.971615,3.3225245241921364,0.9465258747753137,0.013376490356422114,-0.9331493844188916,1.7554776100104201,0.12215515261072571,-1.6333224573996945,2.69261906159681,0.5058596214256406,-2.186759440171169,2.663485123386404,13.808904300837742,1,0,3,0,3,0,0,0,1,1,1,1
3998837,b2143f4f-a608-4d0f-903a-54ddff01aa6f,2,65,33,Switzerland Women's,Iman Beney,Géraldine Reuteler,101.4,62.9,101.7,54,8.905055,6.4609835049139335,0.06447591936216282,0.3401859100941418,0.275709990731979,0.2799680012385222,0.8880445886727554,0.6080765874342331,0.8088444346001245,1.7735473054337343,0.9647028708336098,8.646866056537876,5.415676845003374,0,0,0,0,0,2,0,0,1,1,1,1
3998837,71526a83-aa37-4fc0-85e8-56de516a6673,2,75,28,Norway Women's,Celin Bizet Ildhusøy,Guro Reiten,89.9,55.5,87.6,43.4,12.316655,1.2785550931101284,1.3371181745344367,0.9604064216893873,-0.37671175284504943,2.0543459356687293,1.9810016780645832,-0.07334425760414609,3.042777221441763,3.235695689579096,0.1929184681373326,0.4776947634686756,2.92904395477492,1,1,2,2,2,4,1,0,1,0,0,1
3998837,8dd91f36-d6be-46f7-86de-3d22e8e518db,2,75,37,Norway Women's,Thea Bjelde,Lisa Fjeldstad Naalsund,72,58.8,63.9,57.3,8.237719,-7.156535360241726,0.43450970907164316,0.39067645110544963,-0.04383325796619353,1.0157194273913888,1.0246999177234952,0.008980490332106461,1.8888193245117701,1.945983414081945,0.057164089570174825,4.741340738836923,5.005862436493409,0,0,2,0,2,2,0,0,1,0,0,1
3998837,861dcb5b-1982-4937-9473-b1cad4b3c03e,2,75,40,Norway Women's,Lisa Fjeldstad Naalsund,Mathilde Hauge Harviken,66.4,62.6,46.5,67.7,20.543125,-20.376667806794472,0.7575544875540612,0.02198318256222498,-0.7355713049918362,1.4485903209640358,0.14436164972121282,-1.304228671242823,2.363966446424188,0.5012288307576109,-1.862737615666577,2.7594754347413866,11.923981675504843,1,0,2,0,2,0,0,0,1,0,0,1
3998837,78cbb4c4-5cf2-4033-8f1c-3745ed98cc14,2,75,44,Norway Women's,Mathilde Hauge Harviken,Tuva Hansen,47,64.9,41.9,42.4,23.07076,-1.0070414798130543,0.022190787129256557,0.01860866379474672,-0.003582123334509836,0.15180766244774294,0.13989040106506048,-0.011917261382682454,0.5209393127497666,0.48787120961992575,-0.03306810312984082,12.032402028503958,12.885599310884622,0,0,0,0,0,0,0,0,1,0,0,1
3998837,743b5551-b545-4ccf-b8bd-9504ea64ff95,2,75,46,Norway Women's,Tuva Hansen,Mathilde Hauge Harviken,42.6,40.9,43.4,59.8,18.916924,-1.7124015570523312,0.03167515502793073,0.017440465586618423,-0.014234689441312308,0.19987030693684715,0.1305425071742419,-0.06932779976260525,0.6173524912974929,0.4528819308417746,-0.16447056045571834,11.756520581591277,12.969114945509734,0,0,0,0,0,0,0,0,1,0,0,1
3998837,48a68c31-357a-4763-812e-63643b28e256,2,75,49,Norway Women's,Mathilde Hauge Harviken,Celin Bizet Ildhusøy,45.2,60.6,61.6,61.6,16.43046,15.318268412941187,0.09168368910858782,0.7806222531775355,0.6889385640689477,0.3014612583085411,1.366268252762271,1.06480699445373,0.6982047543689687,2.161712736464001,1.4635079820950323,7.398381088095854,1.9165277936460938,0,1,0,2,1,2,0,0,0,0,0,0
3998837,db8a1f5a-ba12-46f4-b547-c81a973524e6,2,75,52,Norway Women's,Celin Bizet Ildhusøy,Mathilde Hauge Harviken,55.4,64.7,48.5,73.1,10.870603,-9.62893003330052,0.7583332749543948,0.44602181479380354,-0.3123114601605913,1.3907782654622372,0.809136512713676,-0.5816417527485611,2.1453328855856406,1.3283272812151263,-0.8170056043705143,3.366890087404289,2.8874723034447856,0,1,2,1,3,1,0,1,0,0,0,0
3998837,46f76410-4d34-41cc-8ebb-74d88ef9974f,2,77,50,Switzerland Women's,Julia Stierli,Viola Calligaris,50.9,22.3,52.7,47.1,24.865236,3.657438188765866,0.02246792092672674,0.007986246688931099,-0.01448167423779564,0.14029705803665693,0.08825308576780272,-0.05204397226885421,0.4743250494613744,0.36308562538557476,-0.11123942407579962,11.723554480592249,16.603705938108977,0,0,0,0,0,0,0,0,1,0,0,1
3998837,daa371a6-4550-44f0-9470-527411abbb67,2,78,16,Switzerland Women's,Viola Calligaris,Lia Wälti,47.8,69.6,53.2,59.9,11.101802,8.330896932864263,0.031236854526013956,0.14518306537258305,0.11394621084656908,0.18042809931671988,0.515250108419433,0.3348220091027131,0.5657828778884181,1.1927024509140982,0.6269195730256801,11.15597163027245,6.8805930827875095,0,0,0,0,0,1,0,0,1,0,0,1
3998837,329c5b48-7475-41f6-99dd-5053518c069a,2,78,20,Switzerland Women's,Lia Wälti,Julia Stierli,50.9,56.8,45.2,38.4,19.26266,-3.704171997908091,0.4150926624825545,0.03241689975998118,-0.3826757627225733,0.7659082920626317,0.186478600517402,-0.5794296915452297,1.3585617588529753,0.6172581975170162,-0.7413035613359591,2.8541535184382427,10.735405454054558,1,0,1,0,1,0,0,0,1,0,0,1
3998837,24ce393d-ff9d-490d-baf4-d320a634393e,2,78,23,Switzerland Women's,Julia Stierli,Noelle Maritz,47.8,34.1,52.1,15.9,18.701069,0.39054393184854064,0.0790571877852584,0.20201127654993709,0.12295408876467868,0.308376548000601,0.4443992600449162,0.1360227120443152,0.8337334084279641,0.8863333056165681,0.05259989718860403,8.018636735618367,4.866812022705573,0,0,0,1,0,1,0,0,1,0,0,1
3998837,d5d12a9e-da7e-4d2e-b965-12f9f8322c21,2,78,25,Switzerland Women's,Noelle Maritz,Nadine Riesen,51.6,13.1,63.1,1.1,16.62077,4.573263371316187,0.7159127320245855,0.19492664348441374,-0.5209860885401718,0.9046703302299682,0.4614644977880929,-0.44320583244187534,1.2922030161726308,0.9133878935413241,-0.3788151226313067,1.0362283748159613,5.109805689336525,1,0,1,0,1,1,1,0,1,0,0,1
3998837,28fc03f8-d3b5-47f4-a7d1-fedcaca3e652,2,78,30,Switzerland Women's,Nadine Riesen,Smilla Vallotto,63.1,9,57.3,19.5,11.995416,-1.16952145432046,0.9821827818274917,0.7450214881322865,-0.23716129369520522,1.6499738584311623,1.5020985197636392,-0.14787533866752312,2.539273878820435,2.4764854427228316,-0.06278843609760365,1.9366455734931278,2.7601589613006414,1,1,2,1,3,4,0,0,0,0,0,0
3998837,9ccc80d3-54ec-4fc0-b195-1d6854c722c5,2,78,37,Norway Women's,Lisa Fjeldstad Naalsund,Caroline Graham Hansen,91,38.3,98.6,27.6,13.124405,4.316810911220212,1.1247886617330412,0.3240155497150906,-0.8007731120179505,1.8936667128579787,0.8768246289222311,-1.0168420839357477,2.72235402089209,1.680099950789587,-1.042254070102503,2.2941090178014165,5.193107802656805,1,0,3,0,4,1,0,0,0,0,0,0
3998837,365d3173-f632-429a-b198-58be34c0e217,2,79,6,Norway Women's,Guro Reiten,Marit Bratberg Lund,112.9,5.9,108.3,2,6.0307546,-4.929099686482537,1.0726432527804366,0.6973936087119897,-0.37524964406844685,1.5223079933674601,1.1850743150767025,-0.3372336782907577,2.2387831842459542,1.870809613315757,-0.3679735709301972,0.7613332601817996,2.8430481440357958,1,1,2,2,2,2,0,1,0,0,0,0
3998837,5a7c5749-6212-4156-bf3a-6e3a1ec55833,2,79,18,Switzerland Women's,Alayah Pilgrim,Géraldine Reuteler,79.8,73,74.6,73.2,5.2038445,-4.23411176417455,0.6377992449832,0.38111254859688937,-0.2566866963863106,1.085086651671803,0.8397316941531431,-0.24535495751865988,1.6877853934383769,1.4526226772417319,-0.23516271619664497,2.218301918486782,4.804244185034786,1,0,1,1,2,2,1,0,1,0,0,1
3998837,66acf9bc-7702-4857-a47f-8ae25f480926,2,79,28,Switzerland Women's,Viola Calligaris,Julia Stierli,68.5,59.1,66.2,38.4,20.827385,1.1039841907722234,0.06738013588294646,0.027997636879609076,-0.03938249900333739,0.23379039491784984,0.1658672776713492,-0.06792311724650063,0.5962040218426726,0.5525148835988692,-0.04368913824380338,8.171125194196053,11.185460513790735,0,0,0,0,0,0,0,0,1,0,0,1
3998837,e23a3c67-a181-45ca-a3a0-2146f0640dc8,2,79,31,Switzerland Women's,Julia Stierli,Noelle Maritz,66,32.1,75.9,12.6,21.869156,2.6559320069431607,0.14652550473731096,0.09951560970609279,-0.04700989503121818,0.38511715413463365,0.3193611282260814,-0.06575602590855223,0.8552899202383754,0.7879858355660713,-0.06730408467230409,5.882857698968607,7.094282550179311,0,0,0,0,1,1,0,0,1,0,0,1
3998837,8f3f936e-5dcb-4dbc-9d73-2e2f20ab1179,2,79,33,Switzerland Women's,Noelle Maritz,Nadine Riesen,77.5,10.6,89,3.2,13.67516,3.561004121939362,0.2735507271065705,0.35169512498118527,0.07814439787461475,0.5902428496907485,0.7152348889430381,0.12499203925228963,1.1641081104057656,1.2882209252878871,0.12411281488212156,4.080449020758448,3.541694183682188,0,0,1,1,1,1,0,0,1,0,0,1
3998837,81b34188-2036-428c-93b5-d724dd6f61a1,2,79,34,Switzerland Women's,Nadine Riesen,Smilla Vallotto,89,3.2,90.7,13.1,10.044899,8.341320209667387,0.388346227800246,0.3916478807672752,0.0033016529670291672,0.7422458498322675,1.007239884841501,0.26499403500923346,1.30558468264989,1.9093988009156337,0.6038141182657437,3.1622791515320006,4.886760245416173,0,0,1,1,1,2,0,0,1,0,0,1
3998837,f6464b96-fc39-42d9-9628-46ce7872d5e4,2,79,37,Switzerland Women's,Smilla Vallotto,Noelle Maritz,87.4,7.3,75.9,4.7,11.79025,-10.313924879605409,0.5047081169601364,0.03324729901343219,-0.4714608179467042,1.0353789268169766,0.20006884311266335,-0.8353100837043133,1.8361524859196798,0.668407566275662,-1.1677449196440177,3.0283308282465686,10.835087004335092,0,0,1,0,2,0,1,0,1,0,0,1
3998837,81a26de6-2ea3-40aa-b664-207fec4a1675,2,79,39,Switzerland Women's,Noelle Maritz,Julia Stierli,76.9,6.2,64.7,18.2,17.112568,-4.6691081110629895,0.10458909275707907,0.11882173505124222,0.014232642294163142,0.35008979439319055,0.33124143207408113,-0.018848362319109413,0.8926154318231406,0.7279362196362286,-0.16467921218691206,7.024429451929723,6.51389139769702,0,0,0,0,1,1,0,0,1,0,0,1
3998837,9da48a07-f9df-41d6-9ae6-0acde7a898fc,2,79,42,Switzerland Women's,Julia Stierli,Smilla Vallotto,65.7,11.9,81,11.6,15.302941,12.895210806086716,0.8472321449545666,0.49313819647250334,-0.3540939484820632,1.040529002704722,1.0022351514436667,-0.038293851261055334,1.3794348163634158,1.6941483533455544,0.31471353698213855,0.6081514417735412,3.44237098256311,1,0,1,1,1,2,0,0,1,0,0,1
3998837,839d8335-0c05-4004-95f8-be3a9f455812,2,79,48,Switzerland Women's,Noelle Maritz,Nadine Riesen,85.1,3.9,98.7,1.6,13.793115,6.299908107632511,0.44438437052329544,0.6277043332481906,0.1833199627248952,1.0318380298609167,1.0842579622307738,0.05241993236985709,1.8769453022334917,1.7367978594073301,-0.14014744282616154,4.678275532581481,1.9856026394524773,0,1,1,1,2,1,0,0,0,0,0,0
3998837,54acea65-c319-472f-8103-39ef89be09aa,2,79,55,Norway Women's,Lisa Fjeldstad Naalsund,Caroline Graham Hansen,30.6,42.4,41.9,28.6,17.836199,10.504583887862353,0.5080653260868692,0.4872235299252928,-0.020841796161576387,1.0230107611745434,0.8723425544162493,-0.15066820675829407,1.8461353377746172,1.4812747405753395,-0.36486059719927777,3.0320355925422042,2.5262087175095167,0,1,1,1,2,1,0,1,1,0,0,1
3998837,b1ed3382-8f91-4eab-b73c-be2778aeac73,2,80,47,Switzerland Women's,Livia Peng,Julia Stierli,13.3,46.6,23.3,31.8,17.86169,9.856878388705312,0.0009035442901844137,0.005172858490534497,0.0042693142003500835,0.017575876189924584,0.060262093322580625,0.04268621713265604,0.11054997415727776,0.26598831491543695,0.1554383407581592,21.13247576873408,16.849641700130938,0,0,0,0,0,0,0,0,1,0,0,1
3998837,692badff-5510-473c-998b-75bcaa584852,2,80,51,Switzerland Women's,Julia Stierli,Lia Wälti,28.4,32.8,34.8,54.5,22.624102,5.457479466963989,0.01796689493274863,0.09341617809304666,0.07544928316029803,0.12527954487772588,0.30421721364881493,0.17893766877108905,0.437741993353383,0.7322779531335954,0.29453595978021246,12.622102814185745,7.297860301394892,0,0,0,0,0,1,0,0,1,0,0,1
3998837,b0f89d6a-8c08-4a94-8643-260059a97d35,2,80,54,Switzerland Women's,Lia Wälti,Viola Calligaris,35.8,57.4,44.5,74.2,18.919039,3.094267648422857,0.3231676911972877,0.019444382403484773,-0.30372330879380294,0.5734112028368858,0.14950974513435855,-0.4239014577025273,0.9798573460968769,0.5032612395142486,-0.4765961065826283,3.4385031403615436,14.2161470953041,0,0,1,0,1,0,0,0,1,0,0,1
3998837,b04598c3-5d08-44ae-a607-b971f3731c9a,2,81,3,Norway Women's,Lisa Fjeldstad Naalsund,Ingrid Syrstad Engen,51.8,11.7,46.7,18.7,8.660831,-2.4934977624712076,0.47954908143389563,0.7905783695710892,0.31102928813719355,1.0505271908144196,1.3359656682179877,0.2854384774035681,1.8333772378258026,2.0633289042242406,0.229951666398438,3.8712368750123467,2.766048652624072,0,1,1,2,2,2,0,0,1,0,0,1
3998837,6c76db62-41cc-42c9-aab0-fc6ba1d6975c,2,81,4,Norway Women's,Ingrid Syrstad Engen,Marit Bratberg Lund,47,18.4,42.4,8.4,11.00727,-7.658774430820358,0.7905782673471087,0.2093945097447985,-0.5811837576023102,1.335965593543895,0.5969119158993474,-0.7390536776445475,2.063328874188631,1.2185626801624758,-0.8447661940261553,2.7660493755070745,6.465782564183022,1,0,2,0,2,2,0,0,1,0,0,1
3998837,58d2c9d4-56d8-4ba2-a328-ee580f6b6206,2,81,32,Switzerland Women's,Noelle Maritz,Julia Stierli,56.2,8.5,49.3,27.2,19.932386,-0.6967737697971614,0.00750804510764744,0.005677980937540962,-0.0018300641701064777,0.07721943696422373,0.0545000183237687,-0.022719418640455034,0.31091483933274006,0.21840990791287931,-0.09250493141986074,15.852331685599857,15.72418209322868,0,0,0,0,0,0,0,0,1,0,0,1
3998837,27b17e0b-7aab-4cb8-b28e-e416a42b7617,2,81,34,Switzerland Women's,Julia Stierli,Viola Calligaris,49.3,29,51.9,52.5,23.643393,2.3129049678711056,0.008155260625674347,0.006469645362131509,-0.0016856152635428374,0.07210227878185518,0.06502737371261466,-0.007074905069240522,0.28324008483500623,0.25778117028325287,-0.025458914551753364,14.734832885056603,16.18557785193812,0,0,0,0,0,0,0,0,1,0,0,1
3998837,6b21728b-01a0-4338-a7f4-5cb7b0a24f95,2,81,57,Switzerland Women's,Noelle Maritz,Nadine Riesen,76.4,18.2,89.7,10.6,15.31829,6.5272103896242015,0.44579873634443734,0.40920947869208646,-0.03658925765235088,0.7193554953675486,0.7982008245932007,0.07884532922565213,1.2080475256293792,1.4195048538947226,0.21145732826534336,2.501215322003489,3.1908289259855946,1,0,1,1,1,1,1,0,1,0,0,1
3998837,41e51525-a188-4230-9177-0fd2761be4bd,2,82,6,Switzerland Women's,Noelle Maritz,Smilla Vallotto,85.1,14.2,86.7,22.6,8.5510235,5.829105841581153,0.5911757414544303,0.5313126047762017,-0.05986313667822862,1.0155762084221995,1.2162577120902618,0.20068150366806226,1.736791636074732,2.2038143516559203,0.46702271558118835,1.8949295498497365,3.677319731979928,1,0,1,1,1,3,1,0,1,0,1,1
3998837,62d1c941-a133-45fa-b718-5be29d646ab6,2,82,7,Switzerland Women's,Smilla Vallotto,Noelle Maritz,86.7,22.6,92.5,15.7,9.013878,0.8739746660238055,0.5313126047762017,0.47690673081987056,-0.05440587395633112,1.2162577120902618,1.0930984877203171,-0.12315922436994464,2.2038143516559203,2.00400907688324,-0.19980527477268017,3.677319731979928,3.6337409856527234,0,0,1,1,3,2,0,0,1,0,1,1
3998837,ba636800-52db-47d3-8130-5f5069c5eed9,2,82,8,Switzerland Women's,Noelle Maritz,Sydney Schertenleib,92.5,15.9,97.6,18.8,5.866856,5.724300602920966,0.5108808765012485,0.7708686630987734,0.259987786597525,1.1711654003578074,1.6931052354197196,0.5219398350619122,2.117147018362669,2.8666515509199804,0.7495045325573115,3.6833561620195368,4.1064119989837415,0,0,1,2,2,5,0,0,1,0,1,1
3998837,d8243166-d621-477b-acbd-c9e3bed89890,2,82,12,Switzerland Women's,Sydney Schertenleib,Géraldine Reuteler,88.7,34.4,106.1,37.7,17.710167,17.70800963467253,0.9323868722002865,0.7128527468954314,-0.21953412530485505,1.884206627778775,1.560727557088758,-0.323479070690017,3.163313174185401,2.8861232801037477,-0.27718989408165307,3.091498870511302,2.225756032534469,0,1,2,1,3,2,0,0,1,1,1,1
3998837,fd81f3f1-c2a0-479d-b639-7b802095fd34,2,85,31,Switzerland Women's,Lia Wälti,Julia Stierli,65.2,17.5,53.4,19,11.894957,-10.593110087219046,0.7254255289001945,0.08521989356878452,-0.64020563533141,1.5193106498773896,0.37927141254125857,-1.140039237336131,2.5610047536123455,1.000183908229799,-1.5608208453825465,2.872390306028804,8.762919521790016,1,0,1,0,3,0,1,0,1,0,0,1
3998837,45d175a3-fd78-4c71-8840-cd8d122e32d0,2,85,34,Switzerland Women's,Julia Stierli,Viola Calligaris,51.1,19.8,47.3,35.4,16.056152,-1.0453145673287878,0.13127079101696654,0.03864479882152607,-0.09262599219544046,0.40550988188419873,0.19879667745485477,-0.20671320442934396,0.8950549782927266,0.5895408107715272,-0.3055141675211994,6.535253392894696,10.142099770770276,0,0,0,0,1,0,0,0,0,0,0,0
3998837,350a2c3d-5694-43bd-b86b-b9c1bcf9960e,2,85,49,Norway Women's,Ingrid Syrstad Engen,Guro Reiten,43.2,58,57.2,44.2,19.658077,15.940887298195832,0.9266024546994449,0.12638863161196148,-0.8002138230874835,1.569547768668558,0.5957249148684484,-0.9738228538001096,2.441024991447263,1.5568332872197297,-0.8841917042275333,1.9093833716595126,8.284947381948944,1,0,2,0,2,0,0,0,1,0,0,1
3998837,f149dbc4-0757-4326-9988-8c713c88da89,2,86,6,Switzerland Women's,Iman Beney,Viola Calligaris,30.9,72.4,19.7,67.1,12.390722,-9.088513920117407,0.33637072382862826,0.02950174178694519,-0.30686898204168306,0.741664198380424,0.18344618150693634,-0.5582180168734876,1.2650374758641905,0.555603920890505,-0.7094335549736854,4.613018377905634,11.88189058254201,0,0,1,0,2,0,0,0,1,0,0,1
3998837,36605006-0180-4981-b3af-9fe43661ca08,2,86,9,Switzerland Women's,Viola Calligaris,Alayah Pilgrim,22.7,70.4,57.3,59.7,36.21671,36.216471597112715,0.1944701552766272,0.9889355601759154,0.7944654048992883,0.48012585515500744,1.737286961740831,1.2571611065858237,0.91927163205319,2.703582614862326,1.784310982809136,5.226193373882916,1.861139515098201,0,1,0,2,1,3,0,1,0,0,0,0
3998837,14c50053-7eb9-458d-9cb2-c077b763039d,2,86,11,Switzerland Women's,Alayah Pilgrim,Géraldine Reuteler,58.3,58.9,51.9,57.6,6.530697,-5.807705258304125,0.9889353623167225,1.1549857757539213,0.16605041343719873,1.7372868120513107,1.9011286248127541,0.16384181276144338,2.703582516172008,2.850505003590153,0.14692248741814495,1.8611402715573588,2.1017347675443494,1,2,2,2,3,3,1,1,0,0,0,0
3998837,b5dfefdd-73bf-4a71-bab6-450cf5751a64,2,86,18,Norway Women's,Mathilde Hauge Harviken,Thea Bjelde,48.5,33,48.5,46,13,0.09053356856540518,0.1110142088908022,0.07773469633068632,-0.03327951256011588,0.4329341884708079,0.340896448324145,-0.09203774014666288,1.0518574775671747,0.8941170947315489,-0.15774038283562586,8.311866055151683,8.68770474833856,0,0,0,0,0,0,0,0,1,0,0,1
3998837,ad1d4148-2c3a-45cb-bd37-ccc0c450cbf8,2,86,20,Norway Women's,Thea Bjelde,Tuva Hansen,48.5,46.3,47.8,23.5,22.810743,-2.2843776318201776,0.1105206648825434,0.13987426323141727,0.02935359834887387,0.3986079846002868,0.47398352712712494,0.07537554252683815,0.9623706856061822,1.0496172128394592,0.08724652723327697,7.268738905559809,7.377413005907664,0,0,0,0,1,1,0,0,1,0,0,1
3998837,992d02ff-3a21-4306-96b1-c34504d3db9e,2,86,22,Norway Women's,Tuva Hansen,Marit Bratberg Lund,47.8,22.5,48.8,11.2,11.344161,-2.5135884161716007,0.17926523009630246,0.07559106895834909,-0.10367416113795337,0.5562114741505219,0.3333309590019197,-0.22288051514860213,1.1668285701332164,0.8427281735157537,-0.3241003966174627,6.756225945434028,9.796839067254652,0,0,0,0,1,0,0,0,1,0,0,1
3998837,e12bbc8c-da77-4418-b11e-7a6b4045122f,2,86,58,Norway Women's,Ingrid Syrstad Engen,Celin Bizet Ildhusøy,49.3,19.7,100.8,27.5,52.08733,50.64616688696024,0.6902980759091987,0.8986457046599448,0.20834762875074608,1.4799998654225697,1.6032634958968155,0.12326363047424582,2.4785644209297546,2.3096214258668355,-0.1689429950629191,3.0113493335510673,2.628327152184124,0,1,1,2,3,4,0,0,0,1,1,1
3998837,49c3cdee-996b-44cf-b23c-65fe2f515343,2,87,24,Switzerland Women's,Livia Peng,Noelle Maritz,21.7,34.4,29.1,27.4,10.186265,6.690270037656262,0.007729443441989246,0.029351263808546482,0.021621820366557236,0.06487343572012241,0.158365806460633,0.09349237074051059,0.2571499663462424,0.4607092988280502,0.2035593324818078,14.744297063505776,11.162114302965387,0,0,0,0,0,0,0,0,1,0,0,1
3998837,8a3628ef-3220-4026-9d1d-7e7cee1d84dc,2,87,29,Switzerland Women's,Noelle Maritz,Viola Calligaris,34.5,28,30.7,47.9,20.259565,-3.3107604674852524,0.08949091495226759,0.055497803165539254,-0.033993111786728335,0.3061470340197578,0.22813585423020857,-0.07801117978954922,0.7143354283307748,0.5877687886824342,-0.12656663964834058,7.570329370486908,9.054984286127468,0,0,0,0,1,0,0,0,1,0,0,1
3998837,375dad57-3cda-4dd3-a930-d136aebefa0e,2,87,32,Switzerland Women's,Viola Calligaris,Noelle Maritz,31.7,44.3,32.5,22.8,21.51488,-0.7698539810841254,0.31612650558780525,0.033025027235397825,-0.2831014783524074,0.6413068631629641,0.18779233675081622,-0.45351452641214796,1.090166041150763,0.5614717151438489,-0.5286943260069141,3.9227237158960295,11.034006984109428,0,0,1,0,1,0,0,0,1,0,0,1
3998837,c6b54bda-048b-4a45-877f-fea7b11fe4fd,2,87,35,Switzerland Women's,Noelle Maritz,Lia Wälti,35.8,20.8,41.9,30.3,11.289819,7.661270408225121,0.4795232128737249,0.20722746627302802,-0.2722957466006969,0.7600466941490528,0.7168513666380595,-0.04319532751099331,1.2145646625692992,1.5202284778161181,0.30566381524681896,2.3100847716256223,7.287111351142197,1,0,1,0,1,1,0,0,1,0,0,1
3998837,732f244c-a74c-484d-9a22-9778b3be10fc,2,88,46,Switzerland Women's,Smilla Vallotto,Sydney Schertenleib,61.9,55.6,76.9,47.9,16.8609,16.339842809834387,1.0818656022491706,0.5903128312976852,-0.4915527709514854,2.007744350573297,1.3633330661983045,-0.6444112843749923,3.2174858252741716,2.507299313247645,-0.7101865120265267,1.430846126490881,3.4170620273348256,1,0,1,1,3,3,1,0,1,0,0,1
3998837,901e9c4f-8aab-426a-8f33-ff6eaba83a84,2,88,53,Switzerland Women's,Noelle Maritz,Nadine Riesen,56.2,36.7,69.3,14.9,25.433247,7.312326081532845,0.16536003591444587,0.07490696728630855,-0.09045306862813732,0.5063695996193767,0.3019960043987183,-0.20437359522065834,1.113139246780163,0.8326579570342983,-0.2804812897458647,6.951347950373403,8.18610941863876,0,0,0,0,1,0,0,0,1,0,1,1
3998837,2712d48d-1743-4dc4-923a-9427c743383c,2,88,58,Switzerland Women's,Nadine Riesen,Alayah Pilgrim,90.7,14.7,104.3,8.5,14.946571,3.5157586218563424,0.6770877709294405,0.2319455148766156,-0.44514225605282487,1.1447018572711756,0.6001060538144444,-0.5445958034567312,1.849693493773066,1.2164514722762867,-0.6332420214967793,1.776106899973832,5.206917030886042,1,0,1,0,2,1,0,0,1,1,1,1
3998837,db034701-0d97-46fc-9f36-60880cf5c859,2,92,0,Norway Women's,Ingrid Syrstad Engen,Elisabeth Terland,59.5,11.7,77.4,15.3,18.258423,17.54899999340494,0.8930462934207325,1.0535877929322066,0.16054149951147412,1.494081789402518,1.8265156698086473,0.3324338804061293,2.3839149883799085,3.009840433106894,0.6259254447269855,1.2875819108076725,0.7018323292761871,1,1,1,1,2,1,1,1,0,0,0,0
3998837,ec2fb4d8-8b09-4803-ae6b-2b935d9bf03c,2,92,5,Switzerland Women's,Noelle Maritz,Ana-Maria Crnogorčević,32.7,55.8,36.3,72.4,16.985876,-1.0338968177353678,0.7285667349205901,0.3480828200797004,-0.3804839148408897,1.0402691645580393,0.621862034323106,-0.41840713023493326,1.469147899146887,0.9984306264463028,-0.47071727270058417,1.2166503205210264,3.2911784493350673,1,0,1,1,1,1,1,0,0,0,0,0
3998837,0d23c2a7-2e32-4770-8f10-e7ca5078cc05,2,92,6,Switzerland Women's,Ana-Maria Crnogorčević,Viola Calligaris,36.6,71.4,33,64.8,7.5179787,-1.3504777674904034,0.44504864481719186,0.28167423118710533,-0.16337441363008653,0.7193909428559238,0.7142613216158812,-0.00512962124004257,1.090770023966726,1.267784053517916,0.17701402955118994,2.5508911947434356,5.317097876075794,1,0,1,0,1,1,0,0,0,0,0,0
3998837,4d86b7fe-52b3-4572-9f85-ca13bd1e9cde,2,92,22,Norway Women's,Elisabeth Terland,Synne Jensen,86.6,7.1,90.5,3.6,5.240229,0.02944452866778846,1.2894157406868818,0.7165366329494802,-0.5728791077374016,2.1762512777537255,1.4153994417786018,-0.7608518359751237,3.2421612458022095,2.396251882004785,-0.8459093637974244,1.384909160242059,2.4425387642378196,1,1,2,1,5,3,0,0,0,0,0,0
3998837,2dc2bb43-7afe-4a94-9f3e-af4a5ca36651,2,92,30,Switzerland Women's,Livia Peng,Nadine Riesen,3.1,36.7,21.2,17,26.75257,15.504763018658267,0.07956985632237504,0.41537437050778253,0.33580451418540747,0.24075907334918933,0.6172254219243309,0.3764663485751416,0.5160632510971626,0.8615343448805799,0.34547109378341734,7.646120420656829,2.6476890242561804,0,1,0,1,1,1,0,0,1,0,0,1
3998837,fccb47cc-650b-4ab6-bc21-6eecd6264678,2,92,39,Norway Women's,Mathilde Hauge Harviken,Lisa Fjeldstad Naalsund,61.1,65.9,66.9,65.9,5.8,5.263210612147702,0.8337347636018002,0.4363022895115582,-0.397432474090242,1.3130275510732092,0.9835507783864302,-0.329476772686779,1.89442386049042,1.7181352162620251,-0.17628864422839485,2.1200160888589688,4.615225277465204,1,0,2,1,2,2,1,0,1,0,0,1
3998837,a45e6eb5-2c16-405d-8fa9-9eced73c0748,2,92,58,Norway Women's,Elisabeth Terland,Synne Jensen,70.5,16.6,61.8,5.9,13.790577,-12.701798212481883,1.039815121683458,0.49705766683354835,-0.5427574548499096,1.7963702243375161,1.1345851712111352,-0.6617850531263809,2.593845901672299,1.949378688090042,-0.6444672135822569,2.5886522998536545,5.193544547400012,1,0,2,0,4,3,0,0,0,0,0,0
3998837,b97cc4fb-e5e5-446a-b9f5-2352b4405559,2,93,17,Switzerland Women's,Géraldine Reuteler,Viola Calligaris,61.3,70.4,63.4,54,16.533905,7.799095114998337,0.14235889402838825,0.04041845856404059,-0.10194043546434767,0.3822723156813125,0.23437115055593596,-0.14790116512537652,0.8107399456581811,0.7404025743334084,-0.07033737132477269,6.045856271763688,10.453281951719426,0,0,0,0,1,0,0,0,1,0,0,1
3998837,497faeed-c2fb-41bf-9735-f9991d08d5f6,2,93,19,Switzerland Women's,Viola Calligaris,Géraldine Reuteler,63.4,55.8,62.9,67.6,11.810589,-4.65664573824354,0.10736354531126653,0.055687399150163144,-0.05167614616110339,0.352316118981848,0.22740878348926066,-0.12490733549258734,0.8429599388084117,0.6004583908695836,-0.24250154793882805,6.985007728029249,9.023098215978772,0,0,0,0,1,0,0,0,1,0,0,1
3998837,1028defe-8538-429c-9f5a-1ab4336a6fd8,2,93,23,Switzerland Women's,Géraldine Reuteler,Viola Calligaris,71.1,66.8,60.8,52.5,17.62328,-4.742846467317136,0.6504057821818131,0.04607925060326766,-0.6043265315785454,0.9873532994006325,0.22130069468706964,-0.766052604713563,1.475466389224065,0.6333068449087789,-0.8421595443152861,1.734054460402173,9.842215104074558,1,0,1,0,2,0,0,0,1,0,0,1
3998837,e536cf60-d107-496a-b6e0-feeac7bbad90,2,93,26,Switzerland Women's,Viola Calligaris,Noelle Maritz,61.6,49.7,63.6,25.9,23.883886,1.0642951381902037,0.15830458716416765,0.0205116693154957,-0.13779291784867195,0.413043499791643,0.16116721633699632,-0.2518762834546467,0.867822724815242,0.5718496868969117,-0.2959730379183303,5.716195185520459,13.638233022672683,0,0,0,0,1,0,0,0,1,0,0,1
3998837,efb4f1f0-eacc-48f7-b3af-4e9dee90ed61,2,93,32,Switzerland Women's,Lia Wälti,Smilla Vallotto,77.2,31.8,92,31.3,14.808443,14.257964369147949,0.2933080157386622,0.7110200482041945,0.4177120324655323,0.9052772122558507,1.5955850971724823,0.6903078849166316,1.8978311415265607,2.7933532052229686,0.8955220636964079,5.984376815971002,3.497377733692861,0,0,0,2,1,3,0,0,1,0,0,1
3998837,61c035c8-6cb1-426a-aeab-32a2eb994cd6,2,93,35,Switzerland Women's,Smilla Vallotto,Sydney Schertenleib,92.3,35.4,90.2,40.7,5.700877,-1.7288684983462055,1.8224022215311486,1.8254486115602964,0.0030463900291477497,2.8963063801459725,2.9541192553489037,0.05781287520293121,4.143569434487368,4.225517734938524,0.08194830045115609,1.215938219839024,1.4855619792113495,2,2,3,4,5,5,0,1,1,0,0,1
3998837,fc896b44-8fae-4017-b4d6-dd1c14c5e990,2,93,39,Switzerland Women's,Sydney Schertenleib,Géraldine Reuteler,84.9,42,84.9,56.3,14.3,-3.5431953165135113,2.069649650677969,0.2443581904966304,-1.8252914601813386,2.97064753960146,0.8513397551720919,-2.119307784429368,4.03637394043315,1.9303263187137318,-2.1060476217194184,0.7045992991471719,6.460335864137255,3,0,3,0,4,2,0,0,1,0,0,1
3998837,114cd4b5-2585-4e27-ab55-3fc301c90bef,2,93,41,Switzerland Women's,Géraldine Reuteler,Sydney Schertenleib,85.6,57.1,96.9,56.1,11.344161,10.258692471975447,0.33171530124158755,0.7973749728025259,0.46565967156093835,0.9307541300450392,1.7409559681228113,0.8102018380777721,1.9778197230169703,3.02134042696624,1.0435207039492698,4.627369426642022,3.8052661509197994,0,0,1,2,1,4,0,0,1,0,0,1
3998837,c6183f5f-01ed-42d7-83d6-65331c5128bb,2,93,43,Switzerland Women's,Sydney Schertenleib,Ana-Maria Crnogorčević,98.9,59.4,103.3,66.8,8.609298,-2.914322904692348,1.6287580177611094,0.5462683227542794,-1.0824896950068301,2.253191814944072,1.168383427842435,-1.084808387101637,3.1381095595281487,2.0653585574992572,-1.0727510020288915,0.37410749072771254,4.047630866846737,2,0,2,2,3,2,0,0,0,0,0,0
3998837,3ee1935c-051e-4b01-807a-22b0da9494bf,2,93,56,Switzerland Women's,Iman Beney,Sydney Schertenleib,96.4,62.7,101.7,67.6,7.218033,-0.3704775833467764,1.684641954295124,0.9471846967932963,-0.7374572575018278,2.5324103053321396,1.8121467250476062,-0.7202635802845334,3.6147481681901277,2.9393633473258727,-0.675384820864255,0.8537450008217784,2.0256233669932286,2,1,3,1,3,4,1,0,1,0,0,1
3998837,fd8f46f5-d1dc-4978-8062-fa3c0b55a48b,2,94,0,Switzerland Women's,Sydney Schertenleib,Lia Wälti,93.8,58.4,88.4,42.8,16.50818,0.2918130929268834,1.0543808744929775,0.2262324100398103,-0.8281484644531671,2.034376389628384,0.8311299108396545,-1.2032464787887296,3.325453183960534,1.9675776432808958,-1.3578755406796381,1.732692277618341,6.105841111140795,1,0,2,0,2,1,1,0,1,0,1,1
3998837,8605988e-b1af-46e8-b75f-e7c7ccb98a2e,2,94,2,Switzerland Women's,Lia Wälti,Noelle Maritz,89.2,40.5,83.8,26.7,14.818907,-7.761859421513595,0.9170245316770831,0.23722009810700848,-0.6798044335700746,1.618950281663263,0.6808231848181082,-0.9381270968451548,2.7315632297073833,1.5011646316543361,-1.2303985980530472,1.209840067962506,5.417480818013988,1,0,1,0,2,1,1,0,0,1,1,1
3998837,00ae3d92-4ddc-4150-9bad-65689eedfc3b,2,94,4,Switzerland Women's,Noelle Maritz,Alayah Pilgrim,83.8,26.7,96.9,24.9,13.223085,10.968453944146805,0.2768137064194859,0.7495487276996385,0.47273502128015266,0.7345801015865178,1.5020258973337157,0.767445795747198,1.5493136600881163,2.5310043359761947,0.9816906758880783,4.825110543497162,2.314823835946891,0,1,1,1,1,4,0,0,0,1,1,1
3998837,556fc93c-0cab-46e1-8ebf-1b3cbb830182,2,94,52,Switzerland Women's,Livia Peng,Noelle Maritz,13.3,56.1,28.1,39.7,22.090721,16.007341379752773,0.00017492273951962028,0.016796818561261084,0.016621895821741464,0.005568109434319903,0.08612638494700933,0.08055827551268943,0.039000246445998164,0.21600317589309423,0.17700292944709606,25.953498509954386,12.25969734557835,0,0,0,0,0,0,0,0,1,0,0,1
3998837,8bbdb9bc-dc0d-4630-96ee-349e11131fd0,2,94,55,Switzerland Women's,Noelle Maritz,Viola Calligaris,31.2,42.8,38.1,63.5,21.819715,3.639321106474071,0.06557067474897096,0.009869262459254324,-0.05570141228971664,0.1949960399550096,0.06360518517669343,-0.1313908547783162,0.35996984395140574,0.19060161736629713,-0.1693682265851086,8.173880142738133,13.858272622840499,0,0,0,0,0,0,0,0,1,0,0,1
3998837,261b514c-3f04-4427-a346-b71fe234ef90,2,95,1,Switzerland Women's,Viola Calligaris,Noelle Maritz,51.6,64,49.3,42,22.1199,1.7600610046014111,0.6811642726720427,0.3287787326302817,-0.35238554004176104,0.9567268684571635,0.6187600790053868,-0.3379667894517767,1.4294399909956628,1.1058951657806446,-0.32354482521501815,1.2739629802124113,3.4508392237002075,1,0,1,1,1,1,0,0,1,0,0,1
3998837,2bbe798e-d390-4c2f-8472-596f179a70af,2,95,3,Switzerland Women's,Noelle Maritz,Lia Wälti,49.3,42,55.7,47.1,8.18352,6.037479830218828,0.3287787326302817,0.605021959332152,0.2762432267018703,0.6187600790053868,1.2074959163099948,0.588735837304608,1.1058951657806446,1.9923753595205687,0.886480193739924,3.4508392237002075,2.9533528431547844,0,1,1,1,1,3,0,0,1,0,0,1
3998837,8faa5a08-840a-4226-a69f-1ff9609c4975,2,95,5,Switzerland Women's,Lia Wälti,Nadine Riesen,54.7,43.8,59,8,36.057316,-3.4734872296493506,0.8253750762210774,0.0485345625637175,-0.77684051365736,1.3669142016827067,0.21059302954737985,-1.1563211721353268,2.1049369148806902,0.6098953327459588,-1.4950415821347316,1.5376411484443573,9.299464304539685,1,0,1,0,3,0,0,0,1,0,0,1
3998837,28b30fed-529d-4f64-a272-5e3c6faba436,2,96,16,Switzerland Women's,Viola Calligaris,Lia Wälti,23.3,61.4,39.1,52.5,18.134222,17.179636086031607,0.17135388289471434,0.14260560470607134,-0.028748278188643006,0.3729518539687957,0.48123118226445966,0.10827932829566395,0.6790987314160676,1.0507415496596604,0.3716428182435928,5.315028577669889,7.335713533003814,0,0,0,0,1,1,0,0,1,0,0,1
3998837,522f2212-ad1e-48c6-b89c-172941f9c32b,2,96,22,Switzerland Women's,Lia Wälti,Noelle Maritz,39.1,61.4,44.7,21.3,40.489136,6.095313713156287,0.257256657741364,0.023846558262386915,-0.23341009947897712,0.656953557305803,0.14520592402932764,-0.5117476332764753,1.2200403903449668,0.47364231823183245,-0.7463980721131344,5.382760810142822,11.592467352386764,0,0,0,0,2,0,0,0,0,0,0,0
3998837,dba62ee8-ab3e-4088-9150-2ee51c6fcadd,2,96,38,Switzerland Women's,Lia Wälti,Nadine Riesen,62.6,14.9,77.7,1.4,20.254875,5.383248709244235,0.08045703225571676,0.12319657376537896,0.04273954150966219,0.36739965801474955,0.39393490208264786,0.02653524406789831,0.9590371642958151,0.9176058590788798,-0.04143130521693528,9.272569676074017,6.731651795526669,0,0,0,0,0,1,0,0,0,0,0,0
3998837,9de50fd7-383e-4015-8f00-c3c9a4ee15fe,2,96,46,Norway Women's,Thea Bjelde,Lisa Fjeldstad Naalsund,8.4,70,14.5,58.5,13.01768,8.452174656226717,0.4390772616278338,0.11255240102791789,-0.3265248605999159,0.7424165110332328,0.4550747599553249,-0.2873417510779079,1.1152737450422192,1.0922184877322036,-0.023055257310015564,2.8283468786242167,8.07255545928717,1,0,1,0,1,0,1,0,0,0,0,0