match_id,pass_id,period,minute,second,team,passer,receiver,start_x,start_y,end_x,end_y,pass_length,progression,p_start_tau3,p_end_tau3,pt_tau3,p_start_tau5,p_end_tau5,pt_tau5,p_start_tau8,p_end_tau8,pt_tau8,nearest_start,nearest_end,n3_start,n3_end,n5_start,n5_end,n8_start,n8_end,passer_under_pressure,receiver_under_pressure,retained5,shot5,shot10,good5
4018356,aaf200ef-853f-4cdf-b5eb-b2a816b21f37,1,0,13,Switzerland Women's,Iman Beney,Ana-Maria Crnogorčević,110.1,73.7,100.8,70.7,9.771898,-1.0854633086600032,0.7841963678028548,0.8591265204887361,0.07493015268588121,1.1908165956382906,1.5372237393956016,0.3464071437573111,1.7292854843943761,2.3393380706307103,0.6100525862363342,1.5593408065359213,1.9350867535611769,1,1,1,1,2,3,0,0,1,0,1,1
4018356,23b0b22c-84ac-4373-9fb4-4e3d30dbc281,1,0,14,Switzerland Women's,Ana-Maria Crnogorčević,Iman Beney,101.1,70.7,105.8,75.9,7.0092797,-2.5549943653753857,0.8591274554101064,1.4500606183204654,0.590933162910359,1.5372245164002034,2.136741520277599,0.5995170038773956,2.3393386566009693,2.889326701272537,0.5499880446715677,1.9350824092559542,1.0675900619203236,1,2,1,2,3,4,0,0,1,0,1,1
4018356,ab4ac7b3-5ad4-48dc-b586-d0147848fdd8,1,0,40,Spain Women's,Catalina Thomas Coll Lluch,Olga  Carmona García,7.3,35.8,10.6,11.6,24.423964,-0.2479579393014717,0.08891734994224107,0.021636855092988922,-0.06728049484925215,0.25241489362162756,0.12399325033840287,-0.1284216432832247,0.5003173492706442,0.36133206647157123,-0.13898528279907296,7.308666033916583,11.927160658509665,0,0,0,0,1,0,0,0,1,0,0,1
4018356,b130cd97-84aa-413c-bdbf-d97fb532f9d3,1,0,44,Spain Women's,Olga  Carmona García,Alexia Putellas Segura,15.9,5.6,43.4,11,28.025167,27.73073633060558,0.4209340639900796,0.3389375023549337,-0.0819965616351459,0.6578235988587484,0.8742865215031178,0.2164629226443694,0.9573451534147878,1.67613059792531,0.7187854445105223,2.671670528773967,5.291020699709019,1,0,1,0,1,2,0,0,0,0,0,0
4018356,a5f0b468-b032-4c07-a244-07072fea4e89,1,0,46,Spain Women's,Alexia Putellas Segura,Esther Gonzalez Rodríguez,43.4,11,57,15,14.176036,14.126746739137019,0.3389375023549337,0.9754297477678048,0.6364922454128711,0.8742865215031178,1.3679228421772094,0.4936363206740916,1.67613059792531,1.9991951462385917,0.3230645483132817,5.291020699709019,0.6129496354919375,0,1,0,1,2,2,0,1,0,0,0,0
4018356,c6842ad9-1ef8-435f-bb0f-b7ab6c63b150,1,0,51,Switzerland Women's,Géraldine Reuteler,Viola Calligaris,59,73.8,45,61.8,18.439089,-8.365664980768969,0.48419047113314545,0.015396163050631238,-0.4687943080825142,0.978113362906341,0.135504503788744,-0.842608859117597,1.6212365936736255,0.5365466757739222,-1.0846899178997034,3.68941382828384,13.600290341814416,0,0,1,0,2,0,0,0,1,0,0,1
4018356,c0215bb0-be37-485d-b878-0f5c78cbdc9a,1,0,56,Switzerland Women's,Viola Calligaris,Géraldine Reuteler,44.4,64.8,47.9,76.5,12.212289,-1.2486881642434327,0.20248583175425816,0.12231175357014194,-0.08017407818411622,0.522778144160394,0.3703381055025018,-0.15244003865789224,1.080880731590979,0.8275217973687717,-0.25335893422220723,5.193940136881765,6.627156919803052,0,0,0,0,1,1,0,0,0,0,0,0
4018356,7aa5c908-f13f-4088-bbd9-cbfe3b461ac8,1,1,1,Spain Women's,Alexia Putellas Segura,Olga  Carmona García,64.2,14.1,55.7,7,11.075197,-10.755832252180866,0.7095175530231219,0.0839358299508411,-0.6255817230722808,1.4097214983855384,0.37002096673215745,-1.039700531653381,2.246956523720118,0.9635250026440391,-1.283431521076079,3.1926958463880606,8.442757827975118,0,0,2,0,3,0,0,0,1,0,0,1
4018356,bff29895-f00b-437d-9bfd-3d92d4e8cc74,1,1,3,Spain Women's,Olga  Carmona García,Laia Aleixandri López,55.9,6.6,43.2,12.7,14.089003,-9.228048840939579,0.39419034599468583,0.07436638756682665,-0.31982395842785916,0.753529968152145,0.2690918128547109,-0.4844381552974341,1.3471556467584218,0.6947761016124729,-0.6523795451459489,3.01447983626699,7.992293322681698,0,0,1,0,1,1,0,0,1,0,0,1
4018356,3a6be057-462b-4717-a085-9b8aaac42420,1,1,6,Spain Women's,Laia Aleixandri López,Irene Paredes Hernandez,34,18.1,41.8,45,28.008034,10.384950129218922,0.014643464650260151,0.008142628668660796,-0.0065008359815993556,0.08653842104773235,0.08569225577651912,-0.0008461652712132284,0.2535489001561049,0.3404551573370671,0.08690625718096223,12.742345606252254,15.881718927947166,0,0,0,0,0,0,0,0,1,0,0,1
4018356,bda0d740-fc42-425b-bc56-1d67aaeeaa56,1,1,12,Spain Women's,Irene Paredes Hernandez,Ona Batlle Pascual,48.2,48,49.7,65.8,17.86309,-2.6404704252735343,0.03119343368079887,0.03874775125854794,0.007554317577749065,0.2247004670593608,0.19827414923141867,-0.026426317827942136,0.7264914403666377,0.5672014249823016,-0.15929001538433607,12.98437903226001,10.716199367077442,0,0,0,0,0,0,0,0,1,0,0,1
4018356,f4535d19-f8c3-4c92-9a01-571b3b57f89e,1,1,15,Spain Women's,Aitana Bonmati Conca,Ona Batlle Pascual,55.9,73.6,49.7,69.7,7.324616,-3.9438759190277892,0.6924379835354527,0.21846114869317762,-0.4739768348422751,0.978239973109166,0.5390010984495205,-0.4392388746596455,1.3155743308267753,1.000949205536352,-0.3146251252904233,1.4914515963857597,5.601115585212259,1,0,1,0,2,1,0,0,1,0,0,1
4018356,87de9793-d42e-47a8-8917-8eb701775264,1,1,17,Spain Women's,Ona Batlle Pascual,Irene Paredes Hernandez,48.7,67.8,42.6,56.1,13.194695,-2.5287830238621325,0.49941328942562047,0.3366484556599289,-0.16276483376569156,0.8334702172625621,0.6530115903483676,-0.18045862691419445,1.2708867652137987,1.1694205269900344,-0.10146623822376433,2.548904377416123,3.438875623803478,1,0,1,1,2,1,1,0,1,0,0,1
4018356,25bc75e6-46c8-47bf-9574-a2276ecf6df8,1,1,18,Spain Women's,Irene Paredes Hernandez,Patricia Guijarro Gutiérrez,42,56,55.1,49.9,14.450605,13.97337437951974,0.336648478249594,0.5566314480312397,0.21998296978164567,0.6530115679443587,1.085575636426529,0.4325640684821703,1.1694204414527833,1.86140941217478,0.6919889707219966,3.4388752943230245,2.3218803512995,0,1,1,1,1,1,0,0,1,0,0,1
4018356,24192fc9-dcf6-450b-8f91-692865e88c6f,1,1,19,Spain Women's,Patricia Guijarro Gutiérrez,Laia Aleixandri López,55.4,49.9,40.6,31.6,23.535717,-14.488907284199342,0.5566310335517906,0.0231191413573058,-0.5335118921944848,1.0855752699826764,0.1602761856703347,-0.9252990843123416,1.861409112670699,0.5510903757091484,-1.3103187369615505,2.3218829477704457,12.251450688043692,1,0,1,0,1,0,0,0,1,0,0,1
4018356,7ccf6950-4467-4537-8bbb-2ec7d5b62f4d,1,1,24,Spain Women's,Laia Aleixandri López,Olga  Carmona García,56.8,24.5,68.6,10.5,18.30956,5.809057730853283,0.2941909650845938,0.0615366646379662,-0.2326543004466276,0.8194910946238452,0.34125653685512697,-0.4782345577687182,1.6987887084649775,1.0124251692279687,-0.6863635392370089,5.011940152489308,10.906845001910169,0,0,0,0,1,0,0,0,1,0,0,1
4018356,8c156874-0aee-4975-902e-3e366b2c2347,1,1,26,Spain Women's,Olga  Carmona García,Claudia Pina Medina,73.7,10.5,85.7,1.9,14.763469,3.634364668009404,0.44699647575045465,0.10653043575081066,-0.340466039999644,0.9243806012907966,0.3797552232325365,-0.5446253780582601,1.7054771661552488,0.925949406254694,-0.7795277599005548,3.1752790879601083,7.440330538375697,0,0,1,0,2,1,1,0,1,0,0,1
4018356,455e8150-f53e-4482-978a-f0585e2ebadd,1,1,28,Spain Women's,Claudia Pina Medina,Alexia Putellas Segura,88.6,2.4,88.9,9.1,6.706713,5.14608850234054,0.36199175688449264,0.8693039430901819,0.5073121862056893,0.831870050560697,1.7140485675486816,0.8821785169879847,1.5611420322737082,2.680552351944659,1.1194103196709506,3.7753163386966904,3.2630335171583966,0,0,1,1,1,4,0,0,1,0,0,1
4018356,13649d25-1462-4f33-88c1-6ac1a36101d9,1,1,32,Switzerland Women's,Smilla Vallotto,Livia Peng,15,62.6,7.6,44.9,19.18463,-5.102099960148976,0.5449941312177402,0.2425950390372066,-0.3023990921805336,1.0391559654872249,0.5072444394683209,-0.531911526018904,1.6629255342469116,0.9671368065649085,-0.6957887276820031,3.149874691106043,4.330324481472633,0,0,1,1,2,1,0,0,1,0,0,1
4018356,05252570-1944-4155-ba81-c4fa61183f2f,1,1,39,Spain Women's,Ona Batlle Pascual,María Francesca Caldentey Oliver,73.4,47.5,77.5,61.1,14.2045765,-0.2498699557352282,0.4349530467073306,0.2666409046326276,-0.16831214207470302,1.0299353279040082,0.6861464403606092,-0.343788887543399,1.9795092840354414,1.4136003478120531,-0.5659089362233882,3.6618197335219715,4.8196173182643065,0,0,1,1,2,1,0,0,1,0,0,1
4018356,9aa50345-d2c0-434e-bafa-910ba9c24558,1,1,41,Spain Women's,María Francesca Caldentey Oliver,Aitana Bonmati Conca,75.9,58,76.7,52.5,5.557877,2.563856454291077,0.7424088178320891,0.7009360323613409,-0.041472785470748175,1.2792630843682775,1.559721510362918,0.28045842599464055,2.0853921465915417,2.6916700640898803,0.6062779174983386,1.7560870673716678,3.6437362197649437,1,0,1,1,2,4,0,0,1,0,0,1
4018356,c51b8fe7-4c81-455e-8d0d-b91682722f77,1,1,42,Spain Women's,Aitana Bonmati Conca,María Francesca Caldentey Oliver,74.5,54.1,68.9,57.4,6.5,-6.346549178208079,1.0827923132608281,0.3333134652537956,-0.7494788480070325,1.8364430025914285,0.9325164506062613,-0.9039265519851671,2.862106868188898,1.8770494249628096,-0.9850574432260883,1.243234876817294,5.195965210181797,1,0,2,0,3,2,1,0,1,0,0,1
4018356,a7529b57-142d-4078-bf6a-f55aeb0000b9,1,1,43,Spain Women's,María Francesca Caldentey Oliver,Laia Aleixandri López,68.9,57.4,65,33.8,23.920074,-1.3671509443669123,0.3108681912525562,0.4370828470321001,0.12621465577954388,0.889582201160655,0.750145805537323,-0.139436395623332,1.8311068851134769,1.3627898431031038,-0.46831704201037305,5.194249030506783,2.582328555041033,0,1,0,1,1,1,0,0,1,0,0,1
4018356,6e6f61d6-10cc-451b-b422-5b5e6c478c49,1,1,45,Spain Women's,Laia Aleixandri López,Patricia Guijarro Gutiérrez,64.8,33.8,70.1,37.8,6.64003,5.598623683727105,0.43708244813077557,0.3753761580604049,-0.06170629007037065,0.7501454299450947,0.9960382412493748,0.2458928113042801,1.3627894685528372,2.038658185752694,0.6758687171998567,2.5823313458923325,4.111273017761368,1,0,1,1,1,1,1,0,1,0,0,1
4018356,608ef053-30d1-4c2d-92d2-ffb3a6ad2582,1,1,47,Spain Women's,Patricia Guijarro Gutiérrez,Alexia Putellas Segura,70.1,38.1,77.3,18,21.350643,1.9019006357886994,0.36114192029496467,0.18636393100347445,-0.17477798929149022,0.9856395435346279,0.668990079231042,-0.31664946430358587,2.023160435946863,1.5253602432865354,-0.4978001926603275,4.4522638632637115,7.628745652356106,0,0,1,0,1,1,0,0,1,0,0,1
4018356,2e16248d-ca2e-4218-ae7e-0d990505bd79,1,1,49,Spain Women's,Alexia Putellas Segura,Claudia Pina Medina,82.6,16.3,94.2,10.3,13.059862,4.935769404285487,0.47569891677371706,0.18974390212054165,-0.2859550146531754,1.0176094740210357,0.5650303039321828,-0.45257917008885296,1.874730020175863,1.231947410559997,-0.642782609615866,3.0652055249071535,6.072014797082242,0,0,1,0,1,1,0,0,1,0,0,1
4018356,c445a919-24b6-430d-9c1b-4704e6b347cf,1,1,55,Spain Women's,Olga  Carmona García,Aitana Bonmati Conca,114.5,7.8,104.2,39.9,33.712017,16.866027083289666,0.14482925304061087,0.8922407259848796,0.7474114729442687,0.46685497141087745,1.8439341655675292,1.3770791941566518,1.100284777726824,3.120502932136792,2.0202181544099678,6.4821507451486315,2.2365106697396473,0,1,0,1,1,4,0,0,1,0,0,1
4018356,f56b3b1b-ba30-40f5-93a0-e6535dcd3ef8,1,2,9,Spain Women's,Catalina Thomas Coll Lluch,Irene Paredes Hernandez,29.3,41.6,40.7,53.3,16.335545,10.306524654184201,0.0021408512021722148,0.009608402637436519,0.007467551435264304,0.03228760037893781,0.09489493741296846,0.06260733703403065,0.1609121365944,0.3455885323331116,0.18467639573871159,19.000201632952432,16.419460549884878,0,0,0,0,0,0,0,0,1,0,0,1
4018356,fd1a75ad-54ae-4a63-ade0-f65316bf5f4c,1,2,18,Spain Women's,Irene Paredes Hernandez,Catalina Thomas Coll Lluch,40.6,50.3,26.8,37.5,18.822327,-13.168238152652137,0.0934457749869338,0.006585819444674828,-0.08685995554225896,0.3754806243657812,0.05651990150353478,-0.3189607228622464,0.9143490684469653,0.22903127016570907,-0.6853177982812562,8.10996371783973,15.148332497058218,0,0,0,0,0,0,0,0,1,0,0,1
4018356,ce541f1d-02d5-4fe5-b686-168c1151b3fe,1,2,45,Spain Women's,Alexia Putellas Segura,Olga  Carmona García,88.1,2.2,81.4,3.3,6.789698,-3.800486561845773,0.8559185806781255,0.46162411179691615,-0.3942944688812094,1.2663911799148722,0.9808164411732648,-0.2855747387416073,1.9821302344467167,1.739088463417605,-0.24304177102911173,0.7895419227797291,3.7460312717371407,1,0,1,1,1,2,0,0,1,0,0,1
4018356,7adb716b-f0d1-4f21-aa46-1d0186ceae54,1,2,46,Spain Women's,Olga  Carmona García,Alexia Putellas Segura,81.2,3.1,90.4,1.3,9.3744335,4.822669476954545,0.7318390980946284,0.2544534069196249,-0.4773856911750035,1.2271199633606804,0.7759502581104301,-0.45116970525025035,1.9458765535373073,1.6139375268553242,-0.33193902668198305,1.8226505046937522,6.078687658986109,1,0,1,0,2,1,1,0,1,0,0,1
4018356,9df958c2-41a1-4170-8f1b-8fddb419dcd7,1,2,51,Spain Women's,Alexia Putellas Segura,Aitana Bonmati Conca,95.4,1.9,88.9,46.3,44.873264,13.61993857879883,0.420443546028332,0.07651251902134142,-0.3439310270069906,1.0593902965052322,0.321339766254466,-0.7380505302507663,1.9727679727191578,0.8693643656762866,-1.1034036070428712,5.397692707258052,8.401667889887536,0,0,0,0,2,0,0,0,1,0,0,1
4018356,d8e11367-4000-47a6-b663-5802efca759c,1,2,54,Spain Women's,Aitana Bonmati Conca,María Francesca Caldentey Oliver,88.6,48,91.7,62,14.3391075,-3.4422760493022437,0.35622814092557864,0.025197082677818155,-0.33103105824776047,0.711771682620736,0.15717026071842186,-0.5546014219023141,1.3650385361445987,0.5131086865461906,-0.8519298495984081,3.308915609495424,12.329874640784258,0,0,1,0,1,0,0,0,1,0,0,1
4018356,4dda709b-1c6a-4722-88c9-b572ca25a407,1,2,57,Spain Women's,María Francesca Caldentey Oliver,Ona Batlle Pascual,91.7,64.2,105.9,65.3,14.242542,8.272367887687096,0.32835563771333154,0.6544155289160812,0.3260598912027497,0.6450078875437718,1.2665207937576675,0.6215129062138957,1.1587929500937857,2.0808276716836693,0.9220347215898836,3.5911263417263584,3.119423668647395,0,0,1,2,1,3,0,1,1,0,0,1
4018356,64483a08-1f00-4f13-8081-82d88cce60aa,1,2,59,Spain Women's,Ona Batlle Pascual,María Francesca Caldentey Oliver,105.1,67.7,94.3,73.8,12.403628,-11.007783463933851,1.3128484143688497,0.10043199377852553,-1.212416420590324,1.728260845725368,0.39368306416055904,-1.334577781564809,2.2987341450272782,0.9532275662266053,-1.345506578800673,0.8734303935149004,8.26891593049269,2,0,2,0,2,0,0,0,0,0,0,0
4018356,46bd3840-1efd-4bce-98aa-cfc16257f6d3,1,3,2,Spain Women's,María Francesca Caldentey Oliver,Aitana Bonmati Conca,92.5,70.8,104.7,57.8,17.828068,17.818415542949964,0.7224558928520453,0.7310606393006213,0.008604746448576006,1.2279024901749487,1.6246456140397403,0.3967431238647916,1.944838688607782,2.7828638712384923,0.8380251826307104,1.67327183413408,3.852067721338448,1,0,1,1,2,4,0,0,0,0,0,0
4018356,52a3af50-c110-4779-a43d-48dcb924a45f,1,3,56,Switzerland Women's,Livia Peng,Viola Calligaris,12.6,33.5,18.1,53.5,20.742468,4.806145614770088,0.013096317254702675,0.07114655821578911,0.058050240961086436,0.08759073833704172,0.2838551983635889,0.19626446002654718,0.30356260852635386,0.6751604835148134,0.37159787498845953,13.139399316285948,9.024306468553776,0,0,0,0,0,0,0,0,1,0,0,1
4018356,ca905aa5-339b-4f28-bc09-d016ecd079cc,1,4,0,Switzerland Women's,Viola Calligaris,Sydney Schertenleib,27.2,56.8,42.3,55.6,15.147607,15.057878115459843,0.917531977484708,0.8831559428593239,-0.03437603462538419,1.4596088781751337,1.3689344923956597,-0.09067438577947406,2.0944543070124566,2.10113123084551,0.006676923833053294,1.742367881965689,0.9197407420836773,1,1,2,1,3,2,1,1,0,0,0,0
4018356,e1eb1f39-6784-4d89-a21a-2cdd5cf4b97d,1,4,9,Spain Women's,Irene Paredes Hernandez,Ona Batlle Pascual,57,32.4,54.3,44.9,12.788276,-2.42571418391541,0.2975091591420833,0.055449989866843505,-0.2420591692752398,0.8745466449928833,0.3162657769228728,-0.5582808680700104,1.7518859947022511,0.9121412706840084,-0.8397447240182427,5.266827563954344,10.724350807096984,0,0,0,0,1,0,0,0,1,0,0,1
4018356,6da9fa73-c766-440b-81e4-b80968dd7d32,1,4,13,Spain Women's,Ona Batlle Pascual,María Francesca Caldentey Oliver,55.1,44.4,60.9,65.3,21.68986,0.7613466527342752,0.3619940111246795,0.10517471350638619,-0.2568192976182933,0.8238128123896663,0.3743065465962513,-0.449506265793415,1.5276081155521901,0.8956005719282005,-0.6320075436239896,3.71057395828575,7.44840014473637,0,0,1,0,1,1,0,0,1,0,0,1
4018356,9bb17681-023a-4c60-a034-63f6a19c5f18,1,4,26,Spain Women's,Ona Batlle Pascual,María Francesca Caldentey Oliver,106.1,65.8,91.7,72.5,15.8823805,-13.788404518070852,1.2419830912827117,0.07515692933190021,-1.1668261619508113,1.9110669242277765,0.3307950552822847,-1.5802718689454918,2.7394503472675704,0.8879858635104302,-1.8514644837571401,1.2125277210835825,8.896661634720267,2,0,2,0,4,0,1,0,1,0,0,1
4018356,8bfd4265-30c0-435e-aa79-e814fcc0d14b,1,4,30,Spain Women's,Aitana Bonmati Conca,María Francesca Caldentey Oliver,99.3,72.8,96.7,74.9,3.342155,-3.1773857713902274,0.8567678944428667,0.49708679378163,-0.3596811006612367,1.4339071721787853,0.9928898128745499,-0.44101735930423536,2.150102444662644,1.650486254562139,-0.49961619010050495,2.0740630317669013,3.8024273117867717,1,0,2,1,3,2,1,0,1,0,0,1
4018356,6b225d89-3dce-4f0e-8fb6-39985fd6ad7e,1,4,32,Spain Women's,María Francesca Caldentey Oliver,Aitana Bonmati Conca,95.3,74.9,93.7,66.6,8.45281,5.349735859008902,0.709088948853115,0.5468145085454889,-0.16227444030762617,1.2485031360528167,1.213193144485076,-0.03530999156774062,1.9246526282728378,2.121214692012085,0.19656206373924734,3.238910728675521,3.32871568052324,0,0,2,1,2,2,0,0,0,0,0,0
4018356,dcbbf893-84cf-419c-a4d0-0d6d41a57421,1,4,38,Switzerland Women's,Smilla Vallotto,Sydney Schertenleib,14,24.6,22,24,8.022469,7.815305000864683,0.9962301374743451,0.9363212104691848,-0.05990892700516026,1.7261857983105426,1.5780453511825878,-0.14814044712795482,2.549155692426771,2.363441453789025,-0.18571423863774594,2.3105461248358217,1.5547406035795357,1,1,3,1,3,3,0,1,1,0,0,1
4018356,98fab93f-5027-4dca-8488-af9b33741362,1,4,48,Switzerland Women's,Smilla Vallotto,Viola Calligaris,10.1,18.2,9,30.7,12.548306,0.6523737605785414,0.6481861362738986,0.11902774782634278,-0.5291583884475559,1.1772058727928798,0.4934106242228324,-0.6837952485700474,1.9091809864831928,1.2261858816203668,-0.682995104862826,2.0173188236262307,7.74673078790371,1,0,1,0,2,1,0,0,0,0,0,0
4018356,9a84cbc0-67a8-415c-9575-faab4f4bbbb4,1,5,16,Spain Women's,Irene Paredes Hernandez,Catalina Thomas Coll Lluch,36.5,68.5,7.2,55.3,32.136116,-25.603090299446094,0.3923007380063494,0.024848784314729176,-0.3674519536916202,0.7644514664886725,0.11449134275680545,-0.6499601237318671,1.2435379813414333,0.300534787600126,-0.9430031937413074,3.3743912765287147,11.101677401215698,0,0,1,0,1,0,0,1,1,0,0,1
4018356,6a4054f5-aeda-4688-9112-35049fd72dfc,1,5,19,Spain Women's,Catalina Thomas Coll Lluch,Laia Aleixandri López,7.9,55.2,22.9,26.4,32.47214,15.078020446391648,0.029522437675974084,0.012619971297089435,-0.01690246637888465,0.12627594362057887,0.1031395402875362,-0.023136403333042663,0.3172554473099222,0.3593024182941782,0.04204697098425597,10.580786035982339,15.085912592531427,0,0,0,0,0,0,1,0,1,0,0,1
4018356,b5396fcc-621d-44c1-ae38-0e441aa5f4a3,1,6,5,Spain Women's,María Francesca Caldentey Oliver,Patricia Guijarro Gutiérrez,63.4,73.5,57,64.4,11.125196,-1.789157147806847,1.0205797863454182,0.47133602779199624,-0.549243758553422,1.6955220511392775,1.2014005334364108,-0.4941215177028666,2.563913075464499,2.2044982596074383,-0.3594148158570607,0.9878094201913403,4.167710243889326,1,0,1,1,4,2,1,0,1,0,0,1
4018356,06582049-4d25-4801-ad9c-e514580cf03c,1,6,7,Spain Women's,Patricia Guijarro Gutiérrez,Catalina Thomas Coll Lluch,54.5,63.9,16.4,51.6,40.036232,-34.52322720422717,0.8874846477220059,0.00041552965051684643,-0.887069118071489,1.6776446819602135,0.010939694361624966,-1.6667049875985886,2.6136241797266857,0.07811686235303736,-2.535507317373648,2.9861071129677295,23.48662083817212,1,0,2,0,3,0,0,0,1,0,0,1
4018356,86d3b1d8-5880-4177-be34-d77fc4db7435,1,6,15,Spain Women's,Catalina Thomas Coll Lluch,Laia Aleixandri López,23.6,42.8,32,28,17.017637,7.626242082814102,0.0038225032367446843,0.045259747028916525,0.04143724379217184,0.041150496285251505,0.17432664486913327,0.13317614858388177,0.17596469342914856,0.43157411012736113,0.2556094166982126,16.848232755597326,9.347579688455173,0,0,0,0,0,0,0,0,1,0,0,1
4018356,4fd5ac14-c404-40ec-bbbb-fc8482873dcd,1,6,18,Spain Women's,Laia Aleixandri López,Irene Paredes Hernandez,33.6,26.1,36.8,51.3,25.402363,3.547109467051584,0.17357094241316176,0.010653017955072043,-0.16291792445808972,0.3822978560493609,0.11318969999482048,-0.2691081560545404,0.7095986331093722,0.4583493643789374,-0.2512492687304348,5.285061065112035,16.329380115261436,0,0,0,0,1,0,0,0,1,0,0,1
4018356,c038be45-01a5-4d22-ab2d-8406a0badf51,1,6,33,Spain Women's,Laia Aleixandri López,Claudia Pina Medina,55.7,36.3,71.8,9.4,31.34996,7.313459405166093,0.18030995914322928,0.023756255017628604,-0.15655370412560068,0.6534300380389444,0.1837210240439533,-0.4697090139949911,1.5156531709825907,0.6472709680972155,-0.8683822028853752,7.362265497022248,13.545796964077315,0,0,0,0,1,0,0,0,1,0,1,1
4018356,d0e3ff3e-c1b0-4727-95ea-c9986c2657d9,1,6,37,Spain Women's,Claudia Pina Medina,Olga  Carmona García,92.5,12.4,107.3,11.4,14.833745,7.668677352457841,0.527002031193627,0.15991253705918182,-0.36708949413444514,0.9568591684901384,0.4643232297565859,-0.4925359387335525,1.6195334488938593,1.0163729568001858,-0.6031604920936735,2.384719423036789,6.149208233020076,1,0,1,0,1,1,1,0,1,1,1,1
4018356,0b048091-052a-4240-8eb9-c774fefb58df,1,6,40,Spain Women's,Olga  Carmona García,Aitana Bonmati Conca,109.7,18.8,110.3,45.3,26.506792,12.516177687061923,0.5963054741351941,0.5030169496260024,-0.09328852450919167,1.1825799231282652,1.3613557081674468,0.17877578503918157,2.0629901982913523,2.5485150533988965,0.4855248551075442,3.2443111834430174,5.431514213902806,0,0,2,0,2,3,0,0,1,1,1,1
4018356,05c3ee39-3c66-4f5a-b21f-5e2377a8fcf6,1,8,57,Spain Women's,Patricia Guijarro Gutiérrez,María Francesca Caldentey Oliver,90.3,64.2,91.5,74.1,9.972462,-6.13068264620199,0.7257747237169363,0.24796091432249026,-0.47781380939444607,1.4255945848205502,0.6816893871408292,-0.7439051976797211,2.378592773570579,1.3884273916256789,-0.9901653819449001,2.658192504491398,6.361778373146475,1,0,1,0,3,2,0,0,1,0,0,1
4018356,21f82e93-1035-46de-ae8b-2e86d4e1d88b,1,8,58,Spain Women's,María Francesca Caldentey Oliver,Patricia Guijarro Gutiérrez,91.5,74.1,92.3,66.3,7.8409185,6.245050427154979,0.4820715203042656,0.9693061844629175,0.4872346641586519,0.9632947159876686,1.705751915466183,0.7424571994785145,1.6692089366462126,2.6145923628830343,0.9453834262368217,3.154063930763188,2.42745127650494,0,1,1,2,2,3,0,0,1,0,0,1
4018356,1b05d2bf-c408-4ce3-ab6a-c3103c8110f1,1,8,59,Spain Women's,Patricia Guijarro Gutiérrez,María Francesca Caldentey Oliver,92.5,66.4,90.7,74.1,7.9075913,-6.837878500003875,1.1534117600414828,0.4715417806286785,-0.6818699794128043,1.8616991270160592,1.0181807771202882,-0.843518349895771,2.7342274112300418,1.7452008767513092,-0.9890265344787326,1.676741540119404,4.28729094754318,1,0,2,1,3,3,1,0,1,0,0,1
4018356,a6873cf9-973c-4fe0-9881-43f40483f438,1,9,0,Spain Women's,María Francesca Caldentey Oliver,Aitana Bonmati Conca,90.4,74.7,91.1,62.7,12.020399,8.86060807789891,0.8772699160131544,0.3345813719239482,-0.5426885440892062,1.4208913954430693,1.1144487316118443,-0.306442663831225,2.0966237280826703,2.3376652382034395,0.24104151012076924,1.7341296540240752,7.009441076774342,1,0,2,0,3,1,1,0,0,0,0,0
4018356,c6bdd4b2-2674-4696-9930-823c06233302,1,9,1,Spain Women's,Aitana Bonmati Conca,Patricia Guijarro Gutiérrez,91.1,62.7,115.1,73.8,26.44258,2.595818919334377,0.4622771194655425,0.11973653978423039,-0.34254057968131213,1.3461677033753514,0.42836947740941755,-0.9177982259659339,2.6209453533584086,1.046108396201508,-1.5748369571569005,5.7993347436035885,7.407672522278442,0,0,0,0,2,1,0,0,0,0,0,0
4018356,3372559b-0d1f-4e39-8478-6ec5ec71ca95,1,9,24,Spain Women's,María Francesca Caldentey Oliver,Aitana Bonmati Conca,111.7,66,117.8,70.3,7.4632435,-3.0870899916144836,1.991470019098085,0.28044004575423465,-1.7110299733438503,2.9481720412190704,0.8627152150551953,-2.085456826163875,4.022732547388302,1.7933265305218935,-2.2294060168664087,0.5819839490996617,6.905631640919616,2,0,4,0,5,2,1,0,0,0,0,0
4018356,ca3756f2-55cf-4521-acd3-937bfad93c08,1,9,42,Switzerland Women's,Iman Beney,Sydney Schertenleib,42.9,5.2,28.3,7,14.710541,-12.86722576209668,0.9651955193793367,0.34991067666535014,-0.6152848427139865,1.2853116866493672,0.9819189663377829,-0.3033927203115844,1.7673252629099825,1.9362178406202994,0.16889257771031696,0.6250328990562112,4.76879732406501,1,0,1,1,2,1,1,0,1,0,0,1
4018356,04c7e73f-bbbb-477c-bfaa-a50a2939d783,1,9,53,Switzerland Women's,Noelle Maritz,Nadine Riesen,12.3,7.3,5.6,6.5,6.747592,-6.649282062853288,0.9483707791243252,0.49590494476719277,-0.45246583435713245,1.3728291318174886,0.8590691832285086,-0.51375994858898,1.9158799582453516,1.3675720628777226,-0.548307895367629,1.1612002006814088,2.527123398481628,1,1,2,1,2,1,0,0,0,0,0,0
4018356,04563592-829c-4d5a-993c-ab86ab40c18b,1,9,58,Spain Women's,Esther Gonzalez Rodríguez,Alexia Putellas Segura,113.9,59.1,106.1,51,11.244999,2.3244667551511817,0.9094535134541608,1.6825280399591447,0.7730745265049839,1.5449608526129641,2.4492735787263014,0.9043127261133372,2.504748413672711,3.5644051464848996,1.0596567328121886,2.0575078617294573,0.4479310827619049,1,2,2,2,2,3,0,0,1,0,0,1
4018356,538bd575-6b61-4589-a3c3-43a9dba61fb0,1,10,3,Spain Women's,Ona Batlle Pascual,María Francesca Caldentey Oliver,93,65,106.2,68.1,13.55913,5.490988715430806,0.7196510269026636,0.14229394601209724,-0.5773570808905664,1.1596619350314186,0.48092532066593363,-0.6787366143654849,1.9272081347999206,1.173495779060179,-0.7537123557397416,1.3043927635084858,6.511921450084194,1,0,1,0,1,1,0,0,1,0,0,1
4018356,a403649c-8390-41fc-b0b0-a72d1f73559e,1,10,22,Spain Women's,Irene Paredes Hernandez,Olga  Carmona García,57.8,41.9,63.8,25.5,17.463104,4.188595573985566,0.022698055513446225,0.031186568145079727,0.008488512631633503,0.1794106485291199,0.20759584280170293,0.028185194272583036,0.6450470007384801,0.6940192816819996,0.048972280943519464,12.688110766816324,11.443741907764512,0,0,0,0,0,0,0,0,1,0,0,1
4018356,088d5881-db7e-4880-a7b1-d71b08d04687,1,10,24,Spain Women's,Olga  Carmona García,Claudia Pina Medina,64.1,23.1,77.7,5.2,22.480436,3.623533215817737,0.04349331660848073,0.011498162871209711,-0.03199515373727102,0.2576751378343495,0.11088160307613491,-0.14679353475821455,0.8129322884374705,0.4553918799707444,-0.3575404084667261,10.878425581918346,15.6725722316023,0,0,0,0,0,0,0,0,1,0,0,1
4018356,e31c27d5-51e1-4e3b-aec9-a77845188378,1,10,30,Spain Women's,Claudia Pina Medina,Olga  Carmona García,91.3,13.2,82.2,11.9,9.192389,-7.833008108511812,0.5094356218689757,0.07721848529939855,-0.43221713656957716,0.970046871865281,0.35271466125187584,-0.6173322106134052,1.6471720944220345,0.9522597391173654,-0.6949123553046691,2.739201703722178,8.832794464276393,1,0,1,0,1,0,0,0,1,0,0,1
4018356,5883e42b-c08f-4e9b-b900-165831c5292e,1,10,36,Spain Women's,Olga  Carmona García,Aitana Bonmati Conca,90,23.4,91,46,22.622112,4.6722546785783905,0.7761789957721843,0.5491198041630722,-0.22705919160911214,1.6795434848049038,1.2414793101795285,-0.4380641746253753,2.8536586347805133,2.299048277325636,-0.5546103574548771,3.4054525277368826,2.8680578792898856,0,1,2,1,3,1,0,0,1,0,0,1
4018356,43b0dc3b-2fbf-4fa9-a3dc-6f6e588f4a65,1,10,42,Spain Women's,Aitana Bonmati Conca,María Francesca Caldentey Oliver,93.6,61.6,100.1,71.1,11.510864,-2.8114003045866482,0.45544583026065205,0.2771481117371398,-0.17829771852351223,0.8551330778237424,0.6058039968487404,-0.24932908097500195,1.4543349055363732,1.0939201645413446,-0.3604147409950287,3.0261161206863227,4.489324815273669,0,0,1,1,2,1,0,0,1,0,0,1
4018356,2c00f18c-415a-4314-9e9b-6c495022119b,1,10,46,Spain Women's,María Francesca Caldentey Oliver,Aitana Bonmati Conca,95.7,64.2,91.7,62.5,4.346263,-1.8596393728452156,0.6819791170781575,0.38579370148003445,-0.29618541559812306,1.3033080239361243,0.9326822171231189,-0.3706258068130054,2.1605973235916314,1.821254571977969,-0.33934275161366245,2.5779959891197097,3.781980310066566,1,0,1,1,3,1,0,0,1,0,0,1
4018356,04050328-e4e3-4727-bf22-8d86c414c42b,1,10,47,Spain Women's,Aitana Bonmati Conca,María Francesca Caldentey Oliver,91.1,62.4,95,64.9,4.632494,1.2799011335011912,0.6820017145158195,0.426042808323199,-0.25595890619262046,1.2141391877728702,1.019296329959666,-0.1948428578132042,2.07786205827143,1.896002971013733,-0.18185908725769706,1.7064644596694685,4.131927031590867,1,0,1,1,1,2,1,0,0,0,0,0
4018356,6dde7eb7-4c12-4a63-b02e-39fcc950f5a4,1,11,36,Spain Women's,María Francesca Caldentey Oliver,Ona Batlle Pascual,52.9,63.6,44,66.9,9.492102,-9.49091021437252,0.9044969333410018,0.3001256647891751,-0.6043712685518268,1.6336757848068222,0.8189339976046502,-0.8147417872021719,2.594604948320446,1.6137614035338863,-0.9808435447865598,1.5144114798175392,5.852338869998998,1,0,1,0,3,2,0,0,0,0,0,0
4018356,633f5307-8ead-4036-8c0d-a75fdcb16d3f,1,11,38,Spain Women's,Ona Batlle Pascual,Aitana Bonmati Conca,42.8,67,54.5,58.5,14.461674,13.722857453726462,0.3997039723461694,0.716877547253636,0.31717357490746656,0.9516661571326743,1.3679023134199308,0.4162361562872565,1.7496979502148085,2.3271824805723647,0.5774845303575562,4.809911921800872,1.8415436815446469,0,1,1,1,2,2,0,0,0,0,0,0
4018356,4b228cb8-06f7-4515-b9f4-339d95ffd7d6,1,11,38,Spain Women's,Aitana Bonmati Conca,Patricia Guijarro Gutiérrez,55,57.5,48.2,57.8,6.8066144,-6.6589486825404975,0.716877547253636,0.4632494545953918,-0.25362809265824415,1.3679023134199308,1.2161479225577299,-0.151754390862201,2.3271824805723647,2.247908542467832,-0.07927393810453287,1.8415436815446469,5.156112796977532,1,0,1,0,2,2,0,0,0,0,0,0
4018356,0ab55374-7da9-4d65-9bf8-0fe71e3d5f18,1,11,39,Spain Women's,Patricia Guijarro Gutiérrez,Esther Gonzalez Rodríguez,46.5,57.4,55.7,51.3,11.0385685,10.246143047341405,0.4632495418249474,0.7432105306493177,0.27996098882437037,1.2161479727752271,1.3261996982784299,0.11005172550320275,2.247908553702896,2.176371416499933,-0.0715371372029634,5.1561104673651545,1.861246072315676,0,1,0,1,2,2,0,1,0,0,0,0
4018356,cac77dec-653f-4de9-9d36-074807bf571e,1,11,41,Switzerland Women's,Sydney Schertenleib,Noemi Ivelj,68.4,23.4,71.9,17.6,6.7742157,1.1443675543637397,0.819963915593462,0.5887875826695768,-0.23117633292388529,1.4038721442024946,1.1814622807376458,-0.2224098634648488,2.2540866882786776,2.083301884172123,-0.1707848041065545,1.4520119757535974,2.533253871790464,1,1,1,1,2,2,0,0,1,0,0,1
4018356,c9027b7a-4bd6-4423-b2d8-3d01aa933dae,1,11,42,Switzerland Women's,Noemi Ivelj,Smilla Vallotto,72.5,17.6,68.6,14.8,4.8010416,-4.728327895654303,0.588787753558123,0.4336538032781253,-0.15513395027999766,1.181462376219683,1.1536476668896387,-0.027814709330044263,2.0833019149623775,2.1531216166862586,0.06981970172388108,2.5332523476969797,6.122507162126682,1,0,1,0,2,4,0,0,1,0,0,1
4018356,ebe72d66-95e4-4eea-b2a3-c0114d755e75,1,12,17,Spain Women's,Irene Paredes Hernandez,Ona Batlle Pascual,15,70.3,27.8,77.5,14.686048,9.75007944624572,0.1845342461353379,0.07268632146398918,-0.11184792467134871,0.3841666250971182,0.2942364833721295,-0.0899301417249887,0.6809952644136773,0.7277012616942675,0.04670599728059022,5.082695529924943,8.848993356167854,0,0,0,0,1,0,0,0,1,0,0,1
4018356,bfb30cd0-783c-4d41-ad5a-ba74facb816b,1,12,20,Spain Women's,Ona Batlle Pascual,Irene Paredes Hernandez,13.9,72.4,7.3,67.2,8.402381,-4.999103654587998,0.26908859594186896,0.04392546747982774,-0.22516312846204123,0.6080751145616874,0.21048433168129185,-0.3975907828803955,1.0384762873735136,0.546313221497621,-0.49216306587589265,5.031577627951996,10.984307819209882,0,0,0,0,2,0,0,0,1,0,0,1
4018356,5a23e534-6f16-44c6-a973-f0241081b3bd,1,12,22,Spain Women's,Irene Paredes Hernandez,Catalina Thomas Coll Lluch,8.1,67.7,4.2,42.7,25.302372,-0.553981108942466,0.047905822346617194,0.004590182131222078,-0.043315640215395114,0.22672679008792457,0.04682426601849316,-0.1799025240694314,0.5888798899732004,0.20245485760444212,-0.38642503236875825,10.593941002907249,16.279521498163767,0,0,0,0,0,0,0,0,1,0,0,1
4018356,aee815e1-d6bc-43f2-b594-14b03757ac0b,1,12,27,Spain Women's,Catalina Thomas Coll Lluch,Olga  Carmona García,5.4,35.8,27.2,15.3,29.92474,18.646057074519803,0.012659636438340378,0.0006485211166973359,-0.012011115321643041,0.08023983780881568,0.013383938196696794,-0.06685589961211888,0.2640223246736416,0.08500301600775859,-0.17901930866588303,13.154363025260905,22.068395238331146,0,0,0,0,0,0,0,0,1,0,0,1
4018356,245f8b0f-0498-4386-94ef-1a2d482ddcc2,1,12,43,Spain Women's,Olga  Carmona García,Laia Aleixandri López,26.5,10.5,28.4,23.3,12.940248,4.933476432547394,0.0010998521807846031,0.012626415947666692,0.01152656376688209,0.024796291369528812,0.09319157543777823,0.06839528406824942,0.1647836552454068,0.3566898927607968,0.19190623751539002,21.196705179830968,13.30267828867255,0,0,0,0,0,0,0,0,1,0,0,1
4018356,e7a65536-15d9-4197-9b0a-0db98052b817,1,12,45,Spain Women's,Laia Aleixandri López,Irene Paredes Hernandez,29,24.1,35.3,45,21.82888,7.531171721807269,0.018096183461879,0.023638988174875208,0.005542804712996209,0.12415298465579228,0.1772176669055465,0.05306468224975422,0.4491825863372026,0.605538250667507,0.1563556643303044,12.344052793858827,12.590583595116213,0,0,0,0,0,0,0,0,1,0,0,1
4018356,e80ef24e-5c0d-4790-ab23-c6b1544fa891,1,12,49,Spain Women's,Irene Paredes Hernandez,Aitana Bonmati Conca,40.7,46.6,56.5,67.5,26.200191,10.375190797281917,0.03298499325099982,0.06589929333225143,0.03291430008125161,0.22455513373708916,0.29026812053247986,0.0657129867953907,0.7083302990384216,0.7781694782845818,0.06983917924616023,12.565919110404295,9.448949440634014,0,0,0,0,0,0,0,0,0,0,0,0
4018356,4bc62522-2e99-40a6-beca-c3ccdafd42a0,1,12,51,Spain Women's,Aitana Bonmati Conca,María Francesca Caldentey Oliver,61.4,69.9,70.1,62.5,11.421471,11.049205076086658,0.38551014239929965,0.40637620114664647,0.020866058747346816,0.7218364703733126,0.9837102681041697,0.26187379773085717,1.2587231441300177,1.821949182936231,0.5632260388062134,3.148629774888489,4.1398207661317485,0,0,1,1,1,1,0,0,0,0,0,0
4018356,2a2030fe-68f2-48fb-9cc8-a9fa3380c2e1,1,12,53,Spain Women's,María Francesca Caldentey Oliver,Ona Batlle Pascual,69.8,67.2,76.7,75.6,10.870603,1.039583035459458,0.647940875955056,0.3952569161556552,-0.2526839597994008,1.2805195221414152,0.8092089363563291,-0.4713105857850861,2.07165107485349,1.4102775247429629,-0.6613735501105273,3.3108067623847233,3.5569978505526008,0,0,2,1,2,2,0,0,0,0,0,0
4018356,91bc1249-4e4f-4eef-b976-0b51231e70e7,1,12,56,Switzerland Women's,Nadine Riesen,Noelle Maritz,40.1,5.7,33.9,11.6,8.558621,-3.7118115248686223,0.5463919566497932,0.45848064839311875,-0.08791130825667448,0.8929465558058594,0.9527183880886404,0.059771832282781046,1.383093915812096,1.545500672667049,0.16240675685495298,2.057965505280174,4.332918772941939,1,0,1,1,1,2,0,0,1,0,0,1
4018356,d27cd67c-a524-45d9-bec2-925bb911c0fc,1,12,57,Switzerland Women's,Noelle Maritz,Nadine Riesen,33.9,11,40.4,4.3,9.334881,3.6136435281648005,0.9561413020501,0.39569718050273345,-0.5604441215473666,1.3937371558156249,0.9115838205606556,-0.4821533352549693,1.9113635205097215,1.55379665303057,-0.35756686747915145,1.0146723019307533,4.138557719092622,1,0,2,1,2,2,1,0,1,0,0,1
4018356,ea26847f-89be-4acf-9dec-b1e494f9130f,1,13,2,Switzerland Women's,Viola Calligaris,Noelle Maritz,19.2,17.4,26.7,8.5,11.638728,4.828411011350084,0.09983843626324247,0.03888267672575457,-0.0609557595374879,0.32422404536560717,0.2442267551648271,-0.07999729020078009,0.7567758539782167,0.7462804014984982,-0.010495452479718503,7.234649934779706,11.923391419567942,0,0,0,0,1,0,0,0,1,0,0,1
4018356,fe7650cf-57a3-4ec6-8ba7-a285b1bcb833,1,13,9,Switzerland Women's,Noelle Maritz,Nadine Riesen,32.9,13.2,46.1,4.3,15.920113,9.058541952315053,0.47592924886105725,0.39174620127461357,-0.08418304758644368,1.013337029261673,0.6830330467941682,-0.3303039824675048,1.7261297333207253,1.1608158456257942,-0.5653138876949311,3.7256893027235636,2.9239976913202788,0,1,1,1,2,1,0,1,0,0,0,0
4018356,f73be606-e388-46a8-80a8-6edb18b52c9d,1,13,30,Switzerland Women's,Noelle Maritz,Livia Peng,26.1,6,9.5,34,32.550884,-10.796815869412242,0.14142594641298867,0.006096744863024704,-0.13532920154996397,0.3402469628199773,0.05334293928169847,-0.2869040235382788,0.6396939805248867,0.21068163373484683,-0.42901234679003986,5.915126377738505,15.37857105853554,0,0,0,0,1,0,0,0,1,0,0,1
4018356,1834d0c1-f5e4-41f9-8ec7-8a4ff4d40282,1,13,34,Switzerland Women's,Livia Peng,Ana-Maria Crnogorčević,10,40.4,37.5,73.8,43.26442,20.84530118755457,0.050811204751462245,0.9022523464614659,0.8514411417100036,0.19594100306024567,0.9784222609437906,0.782481257883545,0.47462410081176043,1.1449310049275967,0.6703069041158363,9.102387563514192,0.3191316301567719,0,1,0,1,0,1,0,0,1,0,0,1
4018356,6b798c40-3ee2-4298-9e98-03c475f52c47,1,13,40,Switzerland Women's,Lia Wälti,Géraldine Reuteler,46.1,62.1,68.6,74.9,25.886097,15.005123055204145,0.723533177729321,0.05555689392740806,-0.667976283801913,1.4779684286140864,0.31560658566162597,-1.1623618429524605,2.415702036569275,0.93540466959171,-1.4802973669775652,3.1873703588852855,10.410233626807228,0,0,1,0,3,0,0,0,1,0,1,1
4018356,80d44ffc-84af-41f2-a910-f1cd33e570b2,1,13,44,Switzerland Women's,Géraldine Reuteler,Iman Beney,78.6,75.1,95.8,59.9,22.953867,22.94549636003963,0.08227125319745501,0.5521480487557353,0.4698767955582803,0.387750115802181,0.9978419418930535,0.6100918260908725,1.0465820788079447,1.555563588681217,0.5089815098732722,8.872659131847884,3.7779940115221318,0,0,0,2,0,2,0,0,1,0,1,1
4018356,d01ab230-b70e-4a7f-bae6-3dfcb16ff1b1,1,13,55,Switzerland Women's,Sydney Schertenleib,Lia Wälti,97.5,46.2,89.2,47,8.338465,-8.246845038577344,1.0554659138174463,0.3225530713100693,-0.732912842507377,1.9403042510348976,0.8864380766134573,-1.0538661744214401,3.0263772384884686,1.7954523931319701,-1.2309248453564985,2.24305023496472,4.833316814159618,1,0,2,1,3,1,0,0,0,0,0,0
4018356,6216f979-8d60-426e-a1fe-665edeb50474,1,13,57,Switzerland Women's,Lia Wälti,Ana-Maria Crnogorčević,88.6,48.4,96.5,62.6,16.249615,-0.09968054962469353,0.6686184605091091,0.4620417571327725,-0.2065767033763366,1.2668357718931262,1.0536160177092961,-0.2132197541838301,2.2351947109416668,1.9173124483805042,-0.3178822625611626,1.9328208845320918,4.461365266289818,1,0,1,1,2,3,0,0,0,0,0,0
4018356,c27e6f64-9c46-46b7-a757-10860fc7b6d6,1,14,17,Spain Women's,Olga  Carmona García,Claudia Pina Medina,38.6,4.2,47.9,2.2,9.512623,7.516763788594119,0.14592390878257336,0.4903784411939569,0.3444545324113836,0.4425664082011723,0.9570617625012293,0.514495354300057,0.9852044708413582,1.568679679499405,0.5834752086580467,6.1964655219510325,3.1070365364912043,0,0,0,1,1,2,0,0,0,0,0,0
4018356,92039ddb-30cf-4d86-97d3-343f597ef4b1,1,14,21,Switzerland Women's,Géraldine Reuteler,Lia Wälti,79.2,77,72.9,73.7,7.111962,-2.836102839841672,0.6282567791763893,0.3138166882365321,-0.31444009093985725,1.222554101373516,0.8235597975122655,-0.39899430386125045,1.9154699636671872,1.563515148281691,-0.35195481538549633,3.9838189556610595,5.2087377264087955,0,0,2,0,3,2,0,0,1,0,0,1
4018356,56fb2284-ce56-4db9-8fb0-1e3a266d4856,1,14,22,Switzerland Women's,Lia Wälti,Iman Beney,72.2,73.8,87.8,69.3,16.23607,15.007587762898893,0.33480409386576077,0.6597025086517784,0.3248984147860176,0.8674509446401096,1.072872730547436,0.2054217859073263,1.6551178147649388,1.7866677197005174,0.1315499049355786,4.713549142493352,1.5480356487322273,0,1,1,1,1,1,0,0,0,0,0,0
4018356,4e0b259e-b656-46cf-a792-35198f07dbd8,1,14,23,Switzerland Women's,Iman Beney,Géraldine Reuteler,88.1,68.1,82.9,77.3,10.567876,-10.09752436938517,0.6597036100978751,0.34992358227283493,-0.3097800278250402,1.0728734754210845,0.8381766032639921,-0.23469687215709234,1.786668105909658,1.5778080825302736,-0.20886002337938447,1.5480300434104013,3.979108790524749,1,0,1,1,1,1,0,0,0,0,0,0
4018356,fabf56fe-7cc7-41d4-b7ce-76a2b6c36879,1,15,28,Spain Women's,Aitana Bonmati Conca,Irene Paredes Hernandez,12,71,8.6,64.4,7.4242845,-1.679844595682269,0.42466773927484314,0.10122690975192594,-0.3234408295229172,0.7371459879585809,0.3561922875986475,-0.38095370035993337,1.0876909988925443,0.7802516209720892,-0.30743937792045506,2.989719258636479,8.441554341113134,1,0,1,0,1,0,0,0,1,0,0,1
4018356,ff994aa9-1492-487b-8e87-99038940f1a2,1,15,34,Spain Women's,Irene Paredes Hernandez,Patricia Guijarro Gutiérrez,7.2,68.1,10.6,58.5,10.184301,5.294177234217031,0.4368089549459052,0.035311937380844614,-0.4014970175650606,0.6529960743968335,0.17448022837398705,-0.47851584602284647,0.9183889165122112,0.47111528293234545,-0.44727363357986577,2.517676149649102,10.422634088631225,1,0,1,0,1,0,0,0,1,0,0,1
4018356,2197a140-d46c-4790-9b3e-8af02606fc94,1,15,39,Spain Women's,Patricia Guijarro Gutiérrez,Olga  Carmona García,27.5,42.4,48.2,3.1,44.41824,11.804120785962624,0.06329512971713004,0.003977268269157555,-0.059317861447972485,0.2857368977074553,0.054475054680472326,-0.231261843026983,0.7446039148538413,0.2647441176271059,-0.47985979722673533,9.158601273659773,17.711715341732088,0,0,0,0,0,0,0,0,1,0,0,1
4018356,1d91027f-a8bd-4232-98c7-84ffa9912c0f,1,15,49,Spain Women's,Laia Aleixandri López,Esther Gonzalez Rodríguez,49.3,13,70.3,12.8,21.000952,19.023938206955968,0.10064435237824276,0.838121407990075,0.7374770556118322,0.46690762041798695,1.641065671647974,1.174158051229987,1.223063266597938,2.6862547216171153,1.4631914550191774,9.427935090144516,2.3334134811505236,0,1,0,1,0,3,0,1,1,0,0,1
4018356,f8e4e9d3-72e6-4eef-9f91-8ea712028761,1,15,50,Spain Women's,Esther Gonzalez Rodríguez,María Francesca Caldentey Oliver,70,13,66.2,18.3,6.521503,-1.187173803504507,0.946373884045414,0.7999659484952988,-0.14640793555011522,1.7637450201269211,1.8183098669645004,0.05456484683757923,2.8570946078507378,3.152403941645938,0.2953093337952004,1.9599832054934583,3.926675585350122,1,0,2,2,3,4,1,0,1,0,0,1
4018356,689cfd0b-d0ba-4d7a-913f-abb3413b4da9,1,15,58,Spain Women's,Aitana Bonmati Conca,Ona Batlle Pascual,62.9,53.3,69.3,71.4,19.198177,-1.0074877057869713,0.5955111540886735,0.1449027828076826,-0.4506083712809909,1.047155221206276,0.4389019012145549,-0.608253319991721,1.8114094920986035,0.9599776708877749,-0.8514318212108286,2.014221567352838,6.516617328731191,1,0,1,0,1,1,1,0,1,0,0,1
4018356,7b480b68-18de-4742-a0a3-976164d4edb0,1,16,1,Spain Women's,Ona Batlle Pascual,Patricia Guijarro Gutiérrez,69.2,71.6,61.7,61.9,12.261321,-2.4511887509151364,0.5810816237290416,0.4245810060002074,-0.15650061772883422,0.8930720182471062,0.8885325365433765,-0.004539481703729753,1.385849868974122,1.5475497098119133,0.1616998408377912,1.8615642522201632,4.164713881375912,1,0,1,1,1,2,1,0,1,0,0,1
4018356,71e2a481-c49f-40a8-b5f0-af3a13ddad33,1,16,5,Spain Women's,Patricia Guijarro Gutiérrez,Irene Paredes Hernandez,54.3,67,47.2,54.2,14.637281,-3.140349677201172,0.31033016327582963,0.04145945731049341,-0.26887070596533624,0.6090615497232514,0.25379112146483507,-0.35527042825841637,1.0154761691268075,0.7610137353216981,-0.25446243380510936,3.825558299975942,12.205645267946018,0,0,1,0,1,0,0,0,1,0,0,1
4018356,1fd9ddb8-5599-48d7-8f19-89846836db17,1,16,7,Spain Women's,Irene Paredes Hernandez,Aitana Bonmati Conca,49.7,54.1,56.8,52.8,7.218033,7.216893634535822,0.0702478395537148,0.5103101306175126,0.4400622910637978,0.37390932991826065,1.2364447153779097,0.862535385459649,1.0143336599396753,2.2040742620016003,1.189740602061925,10.484356895888979,4.086407692588853,0,0,0,1,0,2,0,0,1,0,0,1
4018356,e915e16b-db1d-4c1e-834d-574d3f2b3855,1,16,8,Spain Women's,Aitana Bonmati Conca,Irene Paredes Hernandez,55.7,53.1,46.4,51.6,9.420191,-8.887642179301693,0.817773952014004,0.1015962992202096,-0.7161776527937944,1.5067553057154988,0.447713479151324,-1.0590418265641748,2.4117016137600404,1.1124293533892613,-1.2992722603707791,1.829511962510023,9.20623346961759,1,0,1,0,2,0,0,0,1,0,0,1
4018356,ac123fd0-1be3-45dc-9c8c-4fee274558eb,1,16,14,Spain Women's,Irene Paredes Hernandez,Patricia Guijarro Gutiérrez,42.5,48.8,40.1,58,9.507892,-3.9044291708378154,0.1434920984278172,0.1392612434830423,-0.004230854944774903,0.5205820168462014,0.42405229776846015,-0.09652971907774127,1.1599918800495634,0.9337060140743816,-0.22628586597518185,8.886628625281237,6.408266193688501,0,0,0,0,0,1,0,0,1,0,0,1
4018356,03f3862d-91bb-456e-9b2c-cccab08db992,1,16,17,Spain Women's,Patricia Guijarro Gutiérrez,Catalina Thomas Coll Lluch,36.8,54.1,17.8,40.8,23.192455,-17.816817011247466,0.5932857719502503,0.003989819485423169,-0.5892959524648271,0.9996582614161149,0.045418931278489734,-0.9542393301376252,1.4951890345220984,0.19734798194045028,-1.2978410525816482,2.449311778855838,17.017689870249672,1,0,1,0,2,0,0,0,1,0,0,1
4018356,a185df3a-33cd-4129-9c06-a1b4b84f4787,1,16,26,Spain Women's,Olga  Carmona García,Claudia Pina Medina,64.7,3.9,79.3,1.6,14.780054,10.084353192107343,0.318623138166272,0.04258491748836729,-0.27603822067790473,0.6268021828031062,0.22030118855522737,-0.4065009942478788,1.1849827731907898,0.6291155950910279,-0.5558671780997619,3.5742551803618468,10.43365854267547,0,0,1,0,1,0,0,0,1,0,1,1
4018356,42af462b-bedc-4fe8-b7a8-018e402c8326,1,16,56,Spain Women's,Ona Batlle Pascual,Aitana Bonmati Conca,104.8,76.3,92.9,77,11.92057,-6.509040959439886,0.550227673173008,0.42345859607642106,-0.12676907709658697,0.9930574526070001,0.8534099218142572,-0.13964753079274284,1.6002519751045012,1.5011231908699179,-0.09912878423458338,2.838559181414255,3.2835280206918878,1,0,1,1,2,2,0,0,1,0,0,1
4018356,c905b1fe-5561-43bf-a8e9-d6be9a544d75,1,16,59,Spain Women's,Aitana Bonmati Conca,Laia Aleixandri López,82,75,71.2,53.5,24.060133,1.0294709661582715,0.8286060575911873,0.023181429813971324,-0.805424627777216,1.1680151092307307,0.17634292608862992,-0.9916721831421008,1.6960130494756431,0.640297190508663,-1.0557158589669802,0.8735058624289448,13.432459653101645,1,0,1,0,1,0,0,0,1,0,0,1
4018356,05a1c597-041a-4d51-b8f6-39aee355a13b,1,17,1,Spain Women's,Laia Aleixandri López,Olga  Carmona García,71.4,48.6,79.7,29.1,21.192923,7.6069864226036685,0.04796552846193268,0.0926460245921699,0.044680496130237224,0.28331989777844474,0.3238872880950375,0.04056739031659273,0.890849236332094,0.8625962425932017,-0.02825299373889234,11.107160836147585,7.387771498607656,0,0,0,0,0,1,0,0,1,0,0,1
4018356,09b44104-c74f-4fe0-93e5-55862b94ca1c,1,17,4,Spain Women's,Olga  Carmona García,Claudia Pina Medina,82.3,22.2,89.5,12.7,11.920151,0.7575258165164342,0.5629484023283541,0.15411108211941693,-0.40883732020893715,0.863709604399563,0.42606979873295564,-0.4376398056666074,1.4080909687966616,0.8976903534419277,-0.5104006153547339,1.8584330728805718,6.079264791329009,1,0,1,0,1,1,0,0,0,0,0,0
4018356,1eecaa32-ff26-40a1-a520-e11e8f5726e2,1,18,32,Switzerland Women's,Noelle Maritz,Nadine Riesen,27.8,13.2,45,4.8,19.141579,13.166538215848732,0.3521663947263652,0.10639477109001025,-0.24577162363635494,0.6693693841421855,0.3234019829903987,-0.3459674011517868,1.1202367351185658,0.7230122064648535,-0.39722452865371227,3.3757931339560083,6.911632000608322,0,0,1,0,1,1,0,0,0,0,0,0
4018356,3193c984-6fb4-428a-a868-dcf056c536bc,1,18,53,Switzerland Women's,Nadine Riesen,Smilla Vallotto,55.9,4.8,57.3,11.2,6.551336,4.1309521668124916,0.8788800868282238,0.9923459831580383,0.11346589632981452,1.5043194440047107,1.7804036007253874,0.27608415672067665,2.3750714948761016,2.7105533353254,0.3354818404492983,1.8981412842254601,2.7461396118340304,1,1,2,2,2,3,1,0,0,0,0,0
4018356,789d7879-f9ce-4ef6-928c-657d1e1baf53,1,19,3,Spain Women's,Laia Aleixandri López,Olga  Carmona García,52.6,20,71.5,6.6,23.168297,11.416650879440176,0.013340891964485698,0.019213486316955016,0.005872594352469318,0.11528731316665439,0.1395048336940001,0.024217520527345715,0.45188147626574254,0.509713188999317,0.0578317127335744,13.890471497532149,12.564796362410823,0,0,0,0,0,0,0,0,1,0,0,1
4018356,8896f76a-025e-4539-be8a-16b956ba66b1,1,19,10,Spain Women's,Alexia Putellas Segura,Irene Paredes Hernandez,72.2,14.2,63.6,33,20.673655,-2.5144160103347275,0.5795975344691722,0.051417427783960905,-0.5281801066852113,1.2749749290447097,0.2947738692000578,-0.9802010598446518,2.213472922879436,0.8781296352499577,-1.3353432876294782,3.27899511160555,11.269481138757497,0,0,1,0,3,0,0,0,1,0,0,1
4018356,de493d0d-39fd-4aac-97e1-a6982a170dfd,1,19,12,Spain Women's,Irene Paredes Hernandez,Ona Batlle Pascual,64.8,38.3,71.2,60.6,23.200216,2.2563686139251544,0.07422953355139156,0.03017227573132086,-0.044057257820070694,0.37961796763374983,0.20427077280389852,-0.1753471948298513,1.0468356444848093,0.7094720784775173,-0.337363566007292,10.170774098237679,11.637545184321851,0,0,0,0,0,0,0,0,1,0,0,1
4018356,a1707dec-a114-4e1d-ac58-3990576c7728,1,19,16,Spain Women's,Ona Batlle Pascual,María Francesca Caldentey Oliver,75.7,61.9,77.5,75.8,14.016062,-6.151178004439316,0.10138357609258397,0.05903662013860959,-0.042346955953974384,0.4102163654683991,0.253175751333743,-0.15704061413465614,1.0566121260358512,0.6761673529719282,-0.380444773063923,7.942468273891027,9.224221445256045,0,0,0,0,1,0,0,0,1,0,0,1
4018356,73b494c3-7fab-4d20-b110-59e137e00aa2,1,19,23,Spain Women's,Esther Gonzalez Rodríguez,Aitana Bonmati Conca,90.4,64.4,97,71.7,9.84124,-0.8045115178806626,0.7608975737558001,0.30830793826455166,-0.4525896354912485,1.5947664901253722,0.8494804796641721,-0.7452860104612001,2.697264565503312,1.72064295542334,-0.9766216100799718,2.553968358113384,5.410997565129613,1,0,1,0,3,2,0,0,1,0,0,1
4018356,33809f23-c012-4e4f-80b5-e198e5fe92cf,1,19,24,Spain Women's,Aitana Bonmati Conca,Esther Gonzalez Rodríguez,99.5,71.4,90.7,72,8.820431,-5.888204397001957,0.6213630199515247,0.12101177217123786,-0.5003512477802868,1.169370682260245,0.5058653714242378,-0.6635053108360072,2.021937842771581,1.264826844039178,-0.7571109987324027,2.1638193638247514,8.470479463331783,1,0,1,0,2,0,1,0,1,0,0,1
4018356,31f1034c-27e6-4902-acae-e2b0b39a83d0,1,19,26,Spain Women's,Esther Gonzalez Rodríguez,María Francesca Caldentey Oliver,90.9,72.4,98.6,66.4,9.76166,9.565512928294247,0.5339202993651555,0.8629903834199641,0.32907008405480864,0.9999024822785526,1.6837010827734404,0.6837986004948878,1.750702508666983,2.7322363760015485,0.9815338673345655,2.3556578110001123,2.2207962603905833,1,1,1,1,1,4,1,1,1,0,0,1
4018356,fe7d8b8c-04a2-496f-958b-7890ed09a2d3,1,19,29,Spain Women's,Aitana Bonmati Conca,María Francesca Caldentey Oliver,103.2,75,97,72.4,6.7230945,-0.9104240275937201,0.8957404916728424,0.46045964962261193,-0.4352808420502305,1.2953311069713418,1.090498604968645,-0.20483250200269687,1.9061448552085523,1.9417647075484255,0.03561985233987319,0.9502070614836393,5.085111467339211,1,0,1,0,2,3,0,0,1,0,0,1
4018356,27f81c6e-ee6f-4617-8620-a0513177140d,1,19,38,Spain Women's,Laia Aleixandri López,Alexia Putellas Segura,80.3,41.4,80,29.4,12.00375,-1.6559943478850698,0.5443192051131379,0.29316368297302253,-0.2511555221401154,1.2283332898606,0.8135966030370626,-0.4147366868235375,2.264678360244141,1.6947272117685857,-0.5699511484755555,3.012295845785669,4.973205596194516,0,0,1,1,1,1,0,0,1,0,0,1
4018356,61741165-7e25-4979-8189-547f60d55feb,1,19,40,Spain Women's,Alexia Putellas Segura,Olga  Carmona García,78.1,25.8,86.5,14.7,13.92013,2.2605848125989993,0.35523369033044877,0.056500528838507084,-0.2987331614919417,0.8164083992472182,0.28372793865302237,-0.5326804605941958,1.5388461308925017,0.8169756890255446,-0.721870441866957,4.187964454764079,9.752488824584653,0,0,1,0,2,0,0,0,1,0,0,1
4018356,a3d005cc-c4d1-4688-b5a0-3cc57588a203,1,19,46,Spain Women's,Olga  Carmona García,Alexia Putellas Segura,90.3,14.1,92.3,6.9,7.4726167,-3.754473084824518,0.44819501796057337,0.24104966007774387,-0.2071453578828295,1.0154707325938745,0.6277368281595257,-0.38773390443434885,1.8335697387407646,1.2658785872890692,-0.5676911514516954,4.353898493203761,5.004015052199411,0,0,1,0,2,1,0,0,1,0,0,1
4018356,46d16b9e-1b08-4da3-82a6-412e1323ce1e,1,19,48,Spain Women's,Alexia Putellas Segura,Olga  Carmona García,92.3,5.6,87.6,11.7,7.7006493,1.1469817510097613,0.5403836297365595,0.2663111379264036,-0.2740724918101559,0.9458161493666545,0.7879964289948977,-0.15781972037175673,1.5879293965696113,1.5992275648954177,0.011298168325806435,2.2103640800476225,6.835423942052116,1,0,1,0,1,3,0,0,1,0,0,1
4018356,fe42497e-8aa7-42ec-8243-5ca217ba4886,1,21,47,Spain Women's,Aitana Bonmati Conca,Olga  Carmona García,63.6,51.6,64.2,24.7,26.90669,-0.27901910515655715,0.19282959576854458,0.07107583271174064,-0.12175376305680394,0.7098975159863439,0.2523288573153477,-0.45756865867099616,1.608318906495711,0.65907100338021,-0.9492479031155011,7.214846415829383,8.059294755036207,0,0,0,0,1,0,0,0,1,0,0,1
4018356,90b7a920-1c1c-4f45-bc11-dca3dc117fab,1,21,50,Spain Women's,Olga  Carmona García,Claudia Pina Medina,68.7,17.2,84.7,3.6,20.999048,5.432967088548438,0.11199249225810022,0.06853310081906505,-0.04345939143903517,0.3334671951187002,0.27898266673110805,-0.05448452838759216,0.7772258967249492,0.7086482572708155,-0.06857763945413375,6.729507752262499,8.621352871808158,0,0,0,0,1,0,0,0,1,0,0,1
4018356,89cef63f-6817-4403-945e-66a7591be789,1,21,54,Spain Women's,Claudia Pina Medina,Aitana Bonmati Conca,90.7,11.1,82.9,17.4,10.026465,-2.286983331550722,0.6418355843275801,0.13590317064005802,-0.5059324136875221,1.2209582743251086,0.5470130115716828,-0.6739452627534258,1.917518134908601,1.3321762512994915,-0.5853418836091095,3.510354913312535,8.290821298136294,0,0,2,0,3,0,0,0,1,0,0,1
4018356,d5db71b7-b19a-40df-8e17-baac8ed8c671,1,21,58,Spain Women's,Aitana Bonmati Conca,Patricia Guijarro Gutiérrez,81.1,21.3,76.5,26.6,7.017834,-2.3558143480777574,0.5226450692052417,0.4918406508083697,-0.03080441839687198,1.1702396751027784,1.0556468706245565,-0.11459280447822184,2.0552129852668735,1.7857901029557772,-0.26942288231109623,4.2164601289412404,4.628437742091501,0,0,1,2,3,3,0,0,1,0,0,1
4018356,d1910fba-defb-4b94-a099-58f4d874e785,1,21,59,Spain Women's,Patricia Guijarro Gutiérrez,Laia Aleixandri López,75.7,27.8,68.7,27.7,7.0007143,-6.80474610529275,0.6151609759123996,0.2640840742480625,-0.3510769016643371,1.265324867217424,0.7246259242372382,-0.5406989429801858,2.1242049957602958,1.437097490901725,-0.6871075048585709,3.3185313395460256,5.372761425559124,0,0,1,0,3,1,0,0,1,0,0,1
4018356,92dedfa8-7e94-4a58-b79a-aef2a779507b,1,22,0,Spain Women's,Laia Aleixandri López,Ona Batlle Pascual,68.7,27.7,71.5,44.9,17.426416,4.007059860377183,0.2640840742480625,0.03957887525738604,-0.22450519899067647,0.7246259242372382,0.2812188467138743,-0.44340707752336384,1.437097490901725,0.8999001817723782,-0.5371973091293467,5.372761425559124,13.60043180348622,0,0,0,0,1,0,0,0,1,0,0,1
4018356,5c8ed483-c97c-41c7-8edf-a4c0d8da7cf0,1,22,4,Spain Women's,Ona Batlle Pascual,María Francesca Caldentey Oliver,71.2,47,83.2,67.5,23.753946,3.3594232419801386,0.051029451970208466,0.1710367096165482,0.12000725764633974,0.32715571945944794,0.41630733144436843,0.0891516119849205,1.0100371450062295,0.854033403910041,-0.15600374109618853,12.217729692047502,5.444919146514172,0,0,0,0,0,1,0,0,1,0,0,1
4018356,18074f8b-ab45-4353-b9d6-0521bfe264b5,1,22,6,Spain Women's,María Francesca Caldentey Oliver,Ona Batlle Pascual,83.1,67.5,79.3,58.1,10.139033,1.4769755287648394,0.39475517223780027,0.3110109655043464,-0.08374420673345384,0.6813081540944806,0.8200758626105433,0.13876770851606268,1.1434318650077087,1.626227003036209,0.48279513802850027,2.925007476291127,4.987842131854864,1,0,1,1,1,1,0,0,1,0,0,1
4018356,4f867aac-9fb1-4bfe-9a51-38ac652a5e3e,1,22,8,Spain Women's,Ona Batlle Pascual,María Francesca Caldentey Oliver,79.7,59.4,73.7,66.6,9.372299,-8.67070687941046,0.5818682977074023,0.11471019412897629,-0.467158103578426,1.1156739493492402,0.419538285906375,-0.6961356634428653,1.9422918835424339,1.0076321842036702,-0.9346596993387637,2.350260926585426,8.58478633425322,1,0,1,0,2,0,0,0,1,0,0,1
4018356,77e2ba3e-28b6-40b4-be21-0e787b98a66e,1,22,11,Spain Women's,María Francesca Caldentey Oliver,Laia Aleixandri López,74.5,66,75.1,38.8,27.206617,7.488642591666476,0.12451489782698516,0.03611808587879545,-0.08839681194818971,0.5035174673447715,0.26202511629189157,-0.24149235105287997,1.2635861547821687,0.9017248291604565,-0.36186132562171225,8.61777279880554,12.539888464309941,0,0,0,0,0,0,0,0,1,0,0,1
4018356,9200cc3c-87b0-475e-b837-924e3756f327,1,22,13,Spain Women's,Laia Aleixandri López,Claudia Pina Medina,77.2,33.6,85.7,19.4,16.549622,3.265235732093359,0.047157848963222546,0.08300488997739265,0.035847041014170106,0.3120384472396221,0.3666923137655194,0.05465386652589732,1.0214050979589127,0.9427487874454108,-0.07865631051350186,11.099715941054459,9.393255230356404,0,0,0,0,0,0,0,0,1,0,0,1
4018356,3a02bb5b-01aa-4bd9-8b44-4088f74c8575,1,22,17,Spain Women's,Claudia Pina Medina,Ona Batlle Pascual,89,24.7,87.6,36.9,12.280066,2.0221091571990044,0.8376504782382244,0.8062768401629379,-0.03137363807528648,1.3751305036166188,1.4223554106735803,0.047224907056961474,2.1546883062641777,2.259629791447318,0.10494148518314006,2.61786610939773,2.6593644275689443,2,1,2,2,2,2,0,0,1,0,0,1
4018356,461dfd1b-1780-4f26-9664-3e8cd9a14f3f,1,22,18,Spain Women's,Ona Batlle Pascual,Laia Aleixandri López,87.2,36.6,77.5,25.3,14.89228,-11.994686067427523,0.8062768645216929,0.06249926944432002,-0.7437775950773728,1.4223554048294427,0.32181009855057974,-1.100545306278863,2.259629765077464,0.9106854024973526,-1.3489443625801112,2.6593654957920436,10.477917597963073,1,0,2,0,2,0,0,0,1,0,0,1
4018356,748c5a56-9bd6-4d59-ba18-7321f8891fde,1,22,21,Spain Women's,Laia Aleixandri López,María Francesca Caldentey Oliver,76.7,25.3,80.9,54.1,29.10464,4.162586332451156,0.13942202741271584,0.16260503546898133,0.023183008056265497,0.5455373907264827,0.44828403063575617,-0.09725336009072649,1.3238608609952327,1.019630383310676,-0.3042304776845568,7.769000007198675,5.70625965020851,0,0,0,0,1,1,0,0,1,0,0,1
4018356,d618f3ba-fb6d-4c9f-8248-ddfab716621c,1,22,23,Spain Women's,María Francesca Caldentey Oliver,Aitana Bonmati Conca,80.4,53.9,90.9,56,10.707941,8.760095569573615,0.491242315254159,0.948487416531257,0.457245101277098,0.8119609502365743,1.3185925385594932,0.5066315883229189,1.3801845828658728,1.9825518899193868,0.602367307053514,2.290952186556281,0.5072407859080647,1,1,1,1,1,1,1,1,1,0,0,1
4018356,21ed9703-3d03-4e77-9030-55611e85687f,1,22,24,Spain Women's,Aitana Bonmati Conca,María Francesca Caldentey Oliver,91.7,56.7,85.3,72.5,17.046993,-14.683027051983814,0.9484886551617105,0.18201484311652666,-0.7664738120451839,1.3185932740779456,0.5180711478970982,-0.8005221261808474,1.9825523558228875,1.0790415694273743,-0.9035107863955132,0.507236164610895,6.266658384130406,1,0,1,0,1,1,1,0,1,0,0,1
4018356,f35b55b7-6e05-4776-b764-a9fa4678f1df,1,22,27,Spain Women's,María Francesca Caldentey Oliver,Aitana Bonmati Conca,85.6,73,90.4,60.6,13.296617,11.606554181561393,0.4417327842157001,0.6556421994621309,0.21390941524643076,0.7520197544190192,1.1979370556925157,0.4459173012734965,1.232611466219684,2.04260070554298,0.8099892393232957,2.6956282354298255,1.9074622870342473,1,1,1,1,1,1,0,0,1,0,0,1
4018356,9e265932-3df3-4e0d-b9e6-b3bd2d023730,1,22,28,Spain Women's,Aitana Bonmati Conca,María Francesca Caldentey Oliver,89.5,60.3,84.3,67.5,8.881441,-8.425774187701528,0.7419852683391129,0.3739521909884095,-0.36803307735070345,1.2848394035362818,0.8580317952729148,-0.42680760826336694,2.1309815567839467,1.6099332626289207,-0.5210482941550261,1.52270176759122,4.057830200896007,1,0,1,1,2,2,1,0,1,0,0,1
4018356,af007a0d-d9c6-4429-a6b1-19430046804e,1,22,33,Spain Women's,María Francesca Caldentey Oliver,Olga  Carmona García,81.1,43,86.2,15.6,27.870594,-2.671418670362172,0.5203103882531577,0.016098020271993405,-0.5042123679811643,1.3470277613500723,0.15200376236265928,-1.195023998987413,2.506269470530899,0.6202936239499065,-1.8859758465809926,5.135107454583721,13.8151424748671,0,0,0,0,3,0,0,0,1,0,0,1
4018356,94db3eb6-f266-4592-935c-0e2254bbe16d,1,22,49,Spain Women's,Patricia Guijarro Gutiérrez,María Francesca Caldentey Oliver,95.4,54.2,100.3,51.9,5.4129477,5.38901267731184,0.8853139053577852,1.4170306313417493,0.5317167259839641,1.606809170768717,2.5491199712618013,0.9423108004930842,2.6458041846891236,3.8704002275444322,1.2245960428553087,1.8472219621266714,1.9673181878022408,1,2,2,2,2,5,0,1,1,0,0,1
4018356,737b7004-712e-4e06-af8c-46056679ba49,1,22,50,Spain Women's,María Francesca Caldentey Oliver,Patricia Guijarro Gutiérrez,100.6,51.6,102.9,54.5,3.7013512,0.18345926051653905,1.606179937713724,1.3089614324016505,-0.2972185053120735,2.717960511618949,2.4380896018355354,-0.2798709097834138,3.9993386292823963,3.753690386268856,-0.24564824301354005,1.2499647844399542,1.8469174223038314,1,1,4,2,5,6,0,0,1,0,0,1
4018356,9b900f19-3fce-4f96-b03e-fad3d66b8f6c,1,22,51,Spain Women's,Patricia Guijarro Gutiérrez,Esther Gonzalez Rodríguez,104.7,54.9,106.1,42.2,12.776933,7.283474000278808,1.6843218052821067,1.4131386743680705,-0.27118313091403623,2.880747420077172,2.651601277863132,-0.22914614221404017,4.180812574252082,4.107199202608068,-0.07361337164401416,2.127737865312353,2.115806992801561,2,2,3,3,6,5,0,0,1,0,0,1
4018356,a822b83a-a905-48b1-989a-386aee501650,1,23,20,Spain Women's,Aitana Bonmati Conca,Catalina Thomas Coll Lluch,74.3,67.1,37.9,53.2,38.9637,-30.02340425633892,0.5884131609043948,0.0005605364509821248,-0.5878526244534127,0.9382132869599258,0.013007235269765993,-0.9252060516901598,1.3693283242091112,0.08111482527885584,-1.2882134989302554,2.115526098441411,22.68138830628673,1,0,1,0,2,0,1,0,1,0,0,1
4018356,78eb9e30-0336-44f0-9a2a-af4dc425bc9b,1,23,24,Spain Women's,Catalina Thomas Coll Lluch,Laia Aleixandri López,43.1,56.2,54.8,35.2,24.039343,13.21140057481719,0.0032048878873842993,0.0544689486868263,0.051264060799442,0.04034219020941303,0.28420828995677516,0.24386609974736212,0.20040243111149716,0.8072050137016541,0.606802582590157,17.44588480745835,10.721447950352928,0,0,0,0,0,0,0,0,1,0,0,1
4018356,706033a1-ae42-46ed-9085-bb47487f0fa1,1,23,27,Spain Women's,Laia Aleixandri López,Claudia Pina Medina,55.5,35.9,69.2,12.6,27.029243,6.911897376636617,0.06268187976716875,0.05937683585278172,-0.003305043914387032,0.3232512196666595,0.298121862954626,-0.02512935671203348,0.9192213555725198,0.8542421463814961,-0.06497920919102373,10.661568902831002,9.493705474606543,0,0,0,0,0,0,0,0,1,0,0,1
4018356,0384aece-23cc-490f-b9ed-e9134ff184d8,1,23,30,Spain Women's,Claudia Pina Medina,Alexia Putellas Segura,73.9,14.5,86.7,16.8,13.004999,12.097785320231246,0.2230810923591768,0.5570233633252764,0.3339422709660995,0.5971653969475996,1.2213723619277659,0.6242069649801663,1.2831743457375258,2.076693880817046,0.7935195350795203,5.076654013943177,4.227559796520849,0,0,0,1,1,3,0,0,1,0,1,1
4018356,28383f41-24af-451b-b345-a3c8a4202ceb,1,23,32,Spain Women's,Alexia Putellas Segura,Claudia Pina Medina,82.8,14.7,73.6,5.3,13.152946,-12.951945689332987,0.6451805058789756,0.1783376756930147,-0.46684283018596084,1.314070780040709,0.4739827821338222,-0.8400879979068867,2.1465430225941033,1.0194430903373695,-1.1270999322567339,3.8129279545310015,5.570089380499244,0,0,1,0,3,1,0,0,1,0,1,1
4018356,b365eaf0-8a08-4471-aec8-d9868fd59b4b,1,23,58,Switzerland Women's,Noelle Maritz,Noemi Ivelj,34.1,20.5,44.1,15.1,11.364858,8.20549156786744,0.44432399918149534,0.2921124761679823,-0.15221152301351304,0.9698729256488557,0.7510231553242648,-0.21884977032459096,1.716610805509931,1.4463178621430575,-0.2702929433668735,3.5851652589115193,4.747474474054329,0,0,1,1,2,1,0,0,1,0,0,1
4018356,11aad9b8-e6c2-4153-a187-b57abc2418f3,1,25,16,Switzerland Women's,Lia Wälti,Sydney Schertenleib,55,73.1,67.6,68.6,13.379462,13.245610518071217,0.28506872660628174,1.0080977017647,0.7230289751584182,0.7435412392238934,1.7489904509639453,1.005449211740052,1.4768444565483,2.7959000009618307,1.3190555444135306,4.824641275773014,1.7510374648011091,0,1,1,2,1,2,0,1,0,0,0,0
4018356,79c3795c-6242-4255-8a88-648bc9f8250d,1,25,17,Switzerland Women's,Sydney Schertenleib,Ana-Maria Crnogorčević,67.6,68.6,73.8,75.9,9.577578,1.1883547078325805,1.0080977017647,0.48593812596937014,-0.5221595757953298,1.7489904509639453,0.9252365751931347,-0.8237538757708106,2.7959000009618307,1.6553288562899964,-1.1405711446718343,1.7510374648011091,2.6016908243994123,1,1,2,1,2,1,1,1,0,0,0,0
4018356,c9fa524e-cbb8-4089-8796-1ec99dfb4869,1,25,22,Spain Women's,Ona Batlle Pascual,Catalina Thomas Coll Lluch,19.7,44.9,8,41.6,12.15648,-11.5918083914285,0.3456114836548055,0.057221846589845624,-0.28838963706495985,0.5755406008478774,0.2305871698153281,-0.3449534310325493,0.8271113854143028,0.5130793009349854,-0.3140320844793174,3.255102819970445,9.519643136123854,0,0,1,0,1,0,0,0,1,0,0,1
4018356,29b916b2-2457-4b06-8fd4-a4679b4bab16,1,25,24,Spain Women's,Catalina Thomas Coll Lluch,Irene Paredes Hernandez,6.9,40.6,23.4,39.7,16.524527,16.501125663352738,0.10372037266099919,0.14123710554499877,0.03751673288399958,0.3362219969174841,0.46550613343590036,0.12928413651841625,0.6544109101892577,0.9251965177789694,0.2707856075897117,8.2103431082286,8.086148399163996,0,0,0,0,0,0,1,0,1,0,0,1
4018356,d077f367-6ca5-4a0a-b701-847769dd64b2,1,25,26,Spain Women's,Irene Paredes Hernandez,Ona Batlle Pascual,24.2,42.7,24.9,56.8,14.117365,-0.7344711528112384,0.1907581279191412,0.14732749460030706,-0.04343063331883415,0.559140858104354,0.4103346552616572,-0.1488062028426968,1.0387068024757786,0.880936770069538,-0.15777003240624066,7.373882820574199,5.969534304546677,0,0,0,0,2,1,0,0,1,0,0,1
4018356,ac28b568-c897-4113-bc04-2f44deb42fec,1,25,29,Spain Women's,Ona Batlle Pascual,Irene Paredes Hernandez,26.6,57.7,20.2,50.6,9.558765,-5.298999179472048,0.06957621797401914,0.03370484761156406,-0.03587137036245508,0.298819160425626,0.21675612991454632,-0.08206303051107969,0.7924032340053604,0.6664905264359324,-0.12591270756942796,8.578666375885623,12.293843227597737,0,0,0,0,0,0,0,0,1,0,0,1
4018356,28ea51bd-38bb-46f0-95fb-826d30efeb6a,1,25,30,Spain Women's,Irene Paredes Hernandez,Laia Aleixandri López,20.2,50.6,26.2,19,32.164577,4.23934133609518,0.060225837791987064,0.005310378749510777,-0.054915459042476286,0.2831334806773127,0.06863880106657692,-0.21449467961073576,0.7562120071262111,0.32493555199219476,-0.4312764551340163,9.817071070285264,16.89743849097615,0,0,0,0,0,0,0,0,1,0,0,1
4018356,4f6932d2-b9d2-46bc-91db-3287ac7b0c50,1,25,36,Spain Women's,Alexia Putellas Segura,Olga  Carmona García,46.7,2.7,63.4,2.1,16.710775,14.127309827622753,0.10266546015799378,0.22108795928171024,0.11842249912371645,0.28109823482408325,0.4775522524961802,0.19645401767209697,0.6301241911112322,0.9224234455147654,0.2922992544035332,6.855442204607351,4.63600229860941,0,0,0,1,1,1,0,0,1,0,0,1
4018356,16082f80-70d3-43d3-b7cc-68b46edeac01,1,25,39,Spain Women's,Olga  Carmona García,Alexia Putellas Segura,62.3,2.5,54,5.3,8.759566,-5.750751088220667,0.23945567344910607,0.060495254376607355,-0.1789604190724987,0.4961543947836098,0.25432646922357627,-0.24182792556003352,0.9331603369909361,0.7167114583145614,-0.21644887867637475,4.396332446263824,8.762755261230893,0,0,1,0,1,0,0,0,1,0,0,1
4018356,f963b57d-893b-4d77-81e6-71ca35690c6d,1,25,43,Spain Women's,Alexia Putellas Segura,Claudia Pina Medina,62.3,9.1,73.6,11.7,11.595258,11.103703576184166,0.31775837369656074,0.7995135742500218,0.48175520055346105,0.6931792609678705,1.2300817840663796,0.536902523098509,1.3599648148130548,2.042544576578196,0.6825797617651415,3.816471881664121,0.9836024792102752,0,1,1,1,1,1,0,1,1,0,0,1
4018356,efc54c8a-2ba5-4371-a2f3-2f4ad34f073b,1,25,57,Spain Women's,Alexia Putellas Segura,Olga  Carmona García,72.1,29.7,75.6,20.5,9.843272,0.5014960805324193,0.49373328884895945,0.1446728381142683,-0.34906045073469116,0.9502573345469725,0.4966983972505377,-0.45355893729643476,1.7208099579009377,1.1906846889710971,-0.5301252689298406,2.568802429105694,6.7415310027276245,1,0,1,0,1,1,0,0,1,0,0,1
4018356,d279972a-b317-42d9-a17f-16304e007efb,1,25,59,Spain Women's,Olga  Carmona García,Alexia Putellas Segura,75.6,20.5,73.6,26.5,6.3245554,0.16939101785473554,0.3125258625210178,0.19948504943421774,-0.11304081308680008,0.7852762283654783,0.6636954776148654,-0.12158075075061292,1.568638849779384,1.5033314307560206,-0.06530741902336334,4.5060402045498185,6.328824547832797,0,0,1,0,1,1,0,0,1,0,0,1
4018356,fa62b96a-41a1-4d81-acf4-05fac186ec70,1,26,15,Spain Women's,Ona Batlle Pascual,María Francesca Caldentey Oliver,102.1,70.5,95.9,64.3,8.768124,1.1404112360349785,0.6076501397613246,0.2502967768717085,-0.35735336288961617,0.9604583450410459,0.7510317205272936,-0.20942662451375227,1.4988802467910007,1.5686855639521904,0.06980531716118965,1.8546224952859214,7.0730215496289235,1,0,1,0,1,2,0,0,1,0,0,1
4018356,d287b72a-c3d2-40a8-8053-b003ebe07ca5,1,26,16,Spain Women's,María Francesca Caldentey Oliver,Aitana Bonmati Conca,95.9,64.3,97.6,49.3,15.096026,9.970394729796556,0.4622402158573131,0.27415797167808076,-0.18808224417923236,1.033997520618704,0.9949632208756759,-0.03903429974302808,1.8758178981525206,2.192938554699291,0.3171206565467706,3.8081265003289455,7.622238598185671,0,0,1,0,3,1,0,0,1,0,0,1
4018356,b385b366-6ed0-4936-8078-aa20b04b84d3,1,26,43,Spain Women's,Alexia Putellas Segura,Aitana Bonmati Conca,80.3,39.5,89.9,40.8,9.687621,9.592519137321226,1.4886853257123611,0.42091251506957567,-1.0677728106427855,2.2702962120004258,1.2555356838359546,-1.0147605281644712,3.172677550973034,2.493660209738888,-0.6790173412341463,1.0101129541115161,5.646428571997358,2,0,3,0,4,2,0,0,1,0,0,1
4018356,7ef4df90-3f3d-4471-ae8f-fbee46c8a627,1,26,44,Spain Women's,Aitana Bonmati Conca,Patricia Guijarro Gutiérrez,89.9,40.8,74.9,30.7,18.083418,-15.93825771337336,0.7898009946295382,0.14467829168132507,-0.6451227029482132,1.8866982966740153,0.5296531899774243,-1.357045106696591,3.3272252465020875,1.281904356102304,-2.0453208903997835,3.280803045810854,7.916492452877059,0,0,1,0,4,1,0,0,1,0,0,1
4018356,150f3327-a98f-4883-a3b0-b6d5ac8c3c17,1,26,51,Spain Women's,Olga  Carmona García,Claudia Pina Medina,106.8,9.8,93.3,11.7,13.633048,-5.948563675663152,0.3482063324813893,0.2122353077151454,-0.13597102476624393,0.7140502458657221,0.5278821790791973,-0.18616806678652476,1.2391313185601445,1.1090228005253806,-0.13010851803476386,4.059293377519026,5.037009110671325,0,0,1,0,2,1,0,0,1,0,0,1
4018356,04309bca-26de-4a06-9096-f56d0ad10643,1,26,54,Spain Women's,Claudia Pina Medina,Patricia Guijarro Gutiérrez,93.1,14.9,86.7,26.2,12.986531,0.7453547936684259,0.4866529257852407,0.5965047988477854,0.10985187306254468,0.9320239315239303,1.2089829783786847,0.2769590468547545,1.6877572620794457,2.085384384808305,0.3976271227288595,2.536083631242871,3.160705184119582,1,0,1,1,1,2,0,0,1,0,1,1
4018356,8aa5d904-ddc6-4467-a8e3-65d114136789,1,27,3,Spain Women's,Esther Gonzalez Rodríguez,Claudia Pina Medina,105.1,32.7,105.5,37.2,4.5177426,1.824296296237959,2.401389225093309,1.9928572634147088,-0.40853196167860006,3.519966699650588,3.365137569854909,-0.15482912979567898,4.770767144049603,4.792012049225125,0.021244905175522355,0.9361293136619069,1.715504317760983,3,2,4,4,5,6,1,0,0,1,1,1
4018356,03ad62ec-048a-4222-ac26-468fae5860c0,1,27,48,Spain Women's,María Francesca Caldentey Oliver,Irene Paredes Hernandez,55.5,50,38.3,48.9,17.235138,-16.912741022453375,0.6838478712301694,0.02543694055256922,-0.6584109306776003,1.2685183140284526,0.18053091672476715,-1.0879873973036855,2.0591707584431127,0.6084177835968694,-1.4507529748462433,2.319209169933132,12.194545197182144,1,0,1,0,2,0,1,0,1,0,0,1
4018356,519a894c-5036-4782-b84c-501920c25446,1,27,50,Spain Women's,Irene Paredes Hernandez,Laia Aleixandri López,38.3,48.9,43.3,23.2,26.181864,3.6649898371145753,0.037199222563441596,0.013270222379784365,-0.02392900018365723,0.22184426675460617,0.12441545430835067,-0.0974288124462555,0.6659223938026962,0.48483590425923256,-0.18108648954346368,10.918948749696183,14.931382283415033,0,0,0,0,0,0,0,0,1,0,0,1
4018356,e344bcc1-e4f1-4c03-81c7-3859d9c276a2,1,27,53,Spain Women's,Laia Aleixandri López,Olga  Carmona García,45.2,25,62.1,12.1,21.260761,12.017731090297005,0.05447041768598374,0.09506209574235244,0.0405916780563687,0.2696409763422859,0.3514935190434974,0.0818525427012115,0.7742333176193492,0.9079350240292159,0.13370170640986667,9.647649093492506,7.489643353362375,0,0,0,0,0,1,0,0,0,0,0,0
4018356,2fa0d5ee-a1f5-44ad-9cda-a2f39220c54c,1,27,56,Spain Women's,Olga  Carmona García,Alexia Putellas Segura,68.3,9.8,78.6,15.8,11.920151,11.920140200901827,0.6476859383217834,0.5104399099064694,-0.13724602841531408,0.9497675805554952,1.107886776911286,0.15811919635579075,1.483126047376243,1.8857343281228955,0.40260828074665245,1.4514460865855765,3.527419646471608,1,0,1,1,1,3,0,0,0,0,0,0
4018356,f18583c0-1799-4cb7-a4e3-47b0f38ec2b0,1,28,3,Switzerland Women's,Lia Wälti,Livia Peng,27.2,54.1,6,50.4,21.520456,-20.608340301419275,1.3256798475281986,0.0845136819989617,-1.2411661655292368,1.681571784311644,0.2787424452793602,-1.4028293390322837,2.1932756661926422,0.6502592261646097,-1.5430164400280324,1.0093593744995686,7.685652112242126,2,0,2,0,2,1,0,0,0,0,0,0
4018356,0f5c84fa-b4db-4ac5-800e-da4f188eb0ab,1,28,57,Spain Women's,Ona Batlle Pascual,Aitana Bonmati Conca,101.2,66.2,102.1,52.8,13.43019,10.241489333838004,0.4557045006262639,0.7615059650616426,0.3058014644353787,0.6752634712590584,1.4100402309163256,0.7347767596572672,1.0218393859735628,2.330284570350335,1.3084451843767724,2.380632879276792,2.154610303209927,1,1,1,1,1,2,0,0,1,0,0,1
4018356,114959a8-565b-4c59-b172-b32d1ece4e65,1,29,3,Spain Women's,Claudia Pina Medina,Irene Paredes Hernandez,101.4,69.7,76.9,66.2,24.748737,-15.39503216518905,0.588564212247283,0.022863511410060666,-0.5657007008372222,1.0188922832764005,0.16092102526949642,-0.8579712580069041,1.6833021821833103,0.584081188489325,-1.0992209936939852,2.1047152399359894,12.060210122561521,1,0,1,0,1,0,0,0,1,0,0,1
4018356,c2a7516e-311d-4a64-b991-4b7df5aaaf5f,1,29,6,Spain Women's,Irene Paredes Hernandez,Claudia Pina Medina,79.6,66,92,71.8,13.689412,5.673041193126963,0.09330825786218509,0.1808472805059616,0.08753902264377651,0.3846910250320481,0.48020282778844214,0.09551180275639404,1.0413462849924948,1.0175783187957248,-0.02376796619677002,7.833623664452472,5.521537504148935,0,0,0,0,1,1,0,0,0,0,0,0
4018356,e0365e79-a0cf-4313-9b0a-20cf34ea7dd5,1,29,8,Spain Women's,Claudia Pina Medina,Irene Paredes Hernandez,88.8,73.1,79.2,70.3,10,-5.333755427503945,0.5777896702167675,0.03566694342323289,-0.5421227267935347,0.86609347841254,0.22241890467874117,-0.6436745737337989,1.3375420328740837,0.6948573306265338,-0.6426847022475499,1.8094469493212018,12.189079497895696,1,0,1,0,1,0,1,0,0,0,0,0
4018356,b934c8b4-dc8b-4b96-b2e7-1ddef0c9da55,1,29,27,Spain Women's,Olga  Carmona García,Alexia Putellas Segura,34.1,24.7,40.5,31.8,9.558765,7.330159821405104,0.7635781948196052,0.22997956303760356,-0.5335986317820016,1.496335454408326,0.71156151533852,-0.7847739390698061,2.3782577626244192,1.521582574419602,-0.8566751882048171,3.206231572736522,5.653966554971264,0,0,2,0,3,1,0,0,1,0,0,1
4018356,341911aa-9c7c-4858-aa37-09d9266c2bc7,1,29,32,Spain Women's,Alexia Putellas Segura,Esther Gonzalez Rodríguez,65.7,30.7,78.3,24.1,14.223924,10.462186312725407,0.3034378878808473,0.23753329442035773,-0.06590459346048957,0.786969296857723,0.6985277286878996,-0.0884415681698234,1.5190346888566417,1.345161040369165,-0.17387364848747677,4.47714650918857,6.390651713223601,0,0,1,0,1,1,0,0,1,0,0,1
4018356,83f5b2e0-6f5c-4ed1-b3c2-fa43a48fbe78,1,29,36,Spain Women's,Esther Gonzalez Rodríguez,Claudia Pina Medina,93.5,27.7,94.2,59.6,31.907679,-3.18521038376214,0.7970596983842188,0.039818217428673634,-0.7572414809555451,1.4141814784574112,0.18998412562947983,-1.2241973528279313,2.0932340277068806,0.555653047994371,-1.5375809797125095,2.5432246170916537,9.932781727829397,1,0,2,0,2,0,0,0,0,0,0,0
4018356,a6d3ce02-4d5e-4193-868d-1231554784bb,1,29,39,Spain Women's,Claudia Pina Medina,Aitana Bonmati Conca,94.2,59.6,111.5,52.6,18.662529,17.201604152212614,0.41047898937081867,0.6812337560116275,0.27075476664080883,0.7845979227205344,1.2338667161067545,0.44926879338622006,1.3820206977537137,2.048795696052374,0.6667749982986604,2.976649404111432,1.8484795454635072,1,1,1,1,1,2,0,1,0,0,0,0
4018356,7f7bac1b-0bed-488f-b197-4011c469cffe,1,30,0,Spain Women's,Claudia Pina Medina,Laia Aleixandri López,90.8,65.2,79.4,42.1,25.759853,-2.083819053879928,0.3570876471857996,0.020543505723208105,-0.3365441414625915,0.901744973910191,0.1995274989156761,-0.7022174749945149,1.7263877320482484,0.7824378576455527,-0.9439498744026956,4.507827534822281,14.337515121680509,0,0,1,0,1,0,0,0,1,0,0,1
4018356,61e706a5-91e1-46bb-9134-1bbe7538626a,1,30,4,Spain Women's,Laia Aleixandri López,Alexia Putellas Segura,84.6,40.1,92.5,39.1,7.9630394,7.885417911319468,0.09772626277247501,0.6938985397794912,0.5961722770070162,0.5299499398696451,1.487748712750145,0.9577987728804999,1.4944491364517616,2.6895299720873425,1.1950808356355809,9.964185304985572,2.46864744047166,0,1,0,1,0,2,0,0,1,0,0,1
4018356,b87e5b30-338f-4783-8729-133ed0f4d649,1,30,5,Spain Women's,Alexia Putellas Segura,Laia Aleixandri López,92.5,39.1,81.8,39.5,10.707474,-10.688548779832079,0.7052161352987248,0.1375304014337082,-0.5676857338650166,1.538462320100065,0.6185007498382823,-0.9199615702617826,2.7677235044527575,1.5816802292064778,-1.1860432752462797,2.6955644334875704,9.729145476132816,1,0,1,0,3,0,0,0,1,0,0,1
4018356,2a79fbc5-a58f-4900-adf7-ec800a048063,1,30,8,Spain Women's,Laia Aleixandri López,Olga  Carmona García,81.8,39.5,86.3,19,20.988092,-1.5042838448455171,0.2667875700934315,0.09841458382804151,-0.16837298626539,0.8439123287409561,0.37029545737360725,-0.47361687136734887,1.8518687014176234,0.9900077732712776,-0.8618609281463457,5.788561824758514,7.433255984143498,0,0,0,0,1,1,0,0,1,0,0,1
4018356,1f3172f3-3eed-476e-a0df-0d9ae42ee6de,1,30,11,Spain Women's,Olga  Carmona García,Laia Aleixandri López,90.1,18.5,79.4,23.2,11.686745,-7.111158088893603,0.3117525926379515,0.030670675209379702,-0.2810819174285718,0.6681797885047249,0.22870635997608396,-0.43947342852864096,1.3119774354889622,0.8001955730303824,-0.5117818624585798,3.853204523704405,12.591575246628256,0,0,1,0,1,0,0,0,1,0,0,1
4018356,564810f9-66a7-48d0-a1a1-80b99769c4ad,1,30,14,Spain Women's,Laia Aleixandri López,María Francesca Caldentey Oliver,83.9,21.3,93.1,4.9,18.804255,-3.5665196333260596,0.12424602306935165,0.047819270463230534,-0.07642675260612111,0.5477329868474753,0.20929596201222408,-0.3384370248352512,1.4278769215961427,0.6226125466746792,-0.8052643749214634,8.704985767559686,9.348646135662422,0,0,0,0,0,0,0,0,1,0,0,1
4018356,f2ac8ab1-176b-4a38-99a0-323d91e58603,1,30,22,Spain Women's,Patricia Guijarro Gutiérrez,María Francesca Caldentey Oliver,88.4,17.5,84.3,8.3,10.072239,-8.950972274503513,0.5144398627975592,0.09540459548867264,-0.4190352673088865,1.191739230112821,0.433326827870786,-0.7584124022420349,2.169965413298733,1.1085068484953973,-1.0614585648033357,3.2778189251737513,9.193826549978676,0,0,1,0,1,0,0,0,1,0,0,1
4018356,d06dd230-0d9c-4302-9c9e-0275c28327d1,1,30,27,Spain Women's,María Francesca Caldentey Oliver,Patricia Guijarro Gutiérrez,86.5,8.5,100,22,19.091883,19.076444667526257,0.2490915492514604,0.6188939335332396,0.36980238428177925,0.7961604429992039,1.559562367729101,0.7634019247298972,1.667470478076488,2.790811316338302,1.123340838261814,7.1649780613677825,5.406861356395276,0,0,0,0,2,3,0,0,1,0,0,1
4018356,74a4c756-a3b5-4b47-8981-4af9e3f13a0d,1,30,30,Spain Women's,Patricia Guijarro Gutiérrez,María Francesca Caldentey Oliver,100,23.9,90.5,21.1,9.904039,-9.36004003221797,1.3058415823722302,0.6244649333322074,-0.6813766490400228,2.322934514589834,1.3166036472582454,-1.0063308673315885,3.4595333744359715,2.3829746141247012,-1.0765587603112703,2.497112125039178,2.580435272846118,1,1,3,1,4,2,1,0,1,0,1,1
4018356,03547490-9bb5-4698-b00d-1b537deb0c7b,1,30,31,Spain Women's,María Francesca Caldentey Oliver,Olga  Carmona García,92.5,21.8,101.7,7.2,17.256884,-4.582572558956812,0.8493189786432992,0.03701569086674863,-0.8123032877765506,1.5160070959869014,0.2120181374682941,-1.3039889585186073,2.558174782703538,0.6880409571860377,-1.8701338255175004,1.3791587501941682,10.512786429045228,1,0,1,0,2,0,1,0,1,0,1,1
4018356,c31b3795-584c-4b78-b8e5-8005bed9ccb5,1,30,35,Spain Women's,Olga  Carmona García,Patricia Guijarro Gutiérrez,105.7,10.8,102.1,22.6,12.336936,7.5501624733615,0.4606389471931225,0.9506828863540501,0.4900439391609276,0.9503084296975944,1.7552629449564117,0.8049545152588172,1.715449878437423,2.7696337507565687,1.0541838723191457,3.022492233860011,2.613957045874568,0,1,1,3,1,3,0,0,0,1,1,1
4018356,ffdac712-2840-4633-8038-352b5daedb70,1,30,36,Spain Women's,Patricia Guijarro Gutiérrez,Alexia Putellas Segura,102.7,23,105.3,28,5.635601,5.278652747027635,1.2293202633347569,0.9473363480293177,-0.2819839153054392,2.0291598504216215,1.9380677284013954,-0.0910921220202261,3.0453942407217194,3.26643384422516,0.22103960350344076,1.3807319126018096,1.8467392151336872,1,1,2,1,4,3,1,0,0,1,1,1
4018356,d0577a00-148d-4d0d-8c1c-fd11f3e1eefc,1,30,38,Spain Women's,Alexia Putellas Segura,Aitana Bonmati Conca,102.9,31.6,103.8,40.1,8.547514,2.851462932133657,1.2396037001650921,1.2665539914637172,0.02695029129862503,2.222836111759854,2.2194880403049395,-0.0033480714549143364,3.5500621536344847,3.476813101333082,-0.07324905230140288,0.7169047233314898,1.0800450716986432,1,1,1,2,5,4,1,1,0,1,1,1
4018356,a17582fa-758c-4936-8bb3-8209eced6f7c,1,32,51,Spain Women's,Olga  Carmona García,Claudia Pina Medina,97,4.4,105.5,2.5,8.7097645,2.1777663646687984,0.4893332509135473,0.24682183249176481,-0.24251141842178248,0.7675886199409219,0.5335975890698406,-0.2339910308710813,1.2455904496713872,0.9769979380167352,-0.26859251165465203,2.2404473622033936,4.499541904234913,1,0,1,1,1,1,0,0,0,0,0,0
4018356,ace2ded6-173b-45db-b5e3-57bfe17301f3,1,33,35,Spain Women's,Claudia Pina Medina,María Francesca Caldentey Oliver,107.2,2.1,94.2,9.8,15.109269,0.28310473695741933,0.15833123602796864,0.13173108569233394,-0.026600150335634704,0.4492888998681592,0.39515919779546854,-0.05412970207269063,0.9148800558518585,0.9062759882434757,-0.008604067608382837,7.3761855721840535,6.55672740795989,0,0,0,0,2,1,0,0,1,0,1,1
4018356,5256ee4b-390d-4e35-8681-bcd4b56cd804,1,33,37,Spain Women's,María Francesca Caldentey Oliver,Alexia Putellas Segura,94.2,9.8,107.2,3.1,14.624979,0.6630105268293178,0.33015860853055173,0.039209367039853275,-0.29094924149069845,0.6614844503082781,0.19695555010499635,-0.46452890020328175,1.2021622651986859,0.5765426545484854,-0.6256196106502004,3.7195760863272835,10.923178277537142,0,0,1,0,1,0,0,0,1,0,1,1
4018356,a617f0c9-05e5-491c-b7ec-c52c2291f61b,1,33,40,Spain Women's,Alexia Putellas Segura,María Francesca Caldentey Oliver,107.2,4,93.1,11.5,15.970598,-0.9821971615290721,0.3772282355662688,0.05052045139628623,-0.32670778416998253,0.6727204784652968,0.24218890824622447,-0.43053157021907235,1.1098481694497702,0.7056120326742197,-0.4042361367755505,3.1975258205774235,9.775698410757567,0,0,1,0,1,0,0,0,1,0,1,1
4018356,d1120184-dc02-4240-86e0-146c771e8c00,1,33,42,Spain Women's,María Francesca Caldentey Oliver,Claudia Pina Medina,93.1,11.5,102.9,21.3,13.859293,13.850357573162448,0.1772761614071282,0.7579572957462872,0.580681134339159,0.4778382518545014,1.2824664740218426,0.8046282221673411,0.9984492415824092,2.034763051781734,1.0363138101993248,5.647482029191393,2.0516056546924477,0,1,0,2,1,2,0,0,0,1,1,1
4018356,9054ceb7-bb1a-45a3-91a9-b55aff632a49,1,34,20,Switzerland Women's,Viola Calligaris,Sydney Schertenleib,45.2,61.1,52,57.7,7.602631,7.453192980977235,0.08392082799141279,0.687520188190832,0.6035993601994193,0.40890694995961646,1.463725914279728,1.0548189643201116,1.1175951125489414,2.4965676430128783,1.3789725304639369,9.985125488650256,3.238818215470417,0,0,0,1,0,3,0,0,1,0,0,1
4018356,d13bce26-8ad2-4bbf-bbaf-72f3e894cea5,1,34,25,Switzerland Women's,Sydney Schertenleib,Ana-Maria Crnogorčević,53.5,61.1,62.3,77.6,18.7,0.8973795588514832,0.7827572794967774,0.20401015803462852,-0.5787471214621489,1.5614048418731954,0.5199239519074951,-1.0414808899657002,2.6393346625098264,1.1240902060596527,-1.5152444564501737,2.2196687219625892,5.038572606910313,1,0,1,0,3,1,0,0,1,0,0,1
4018356,907d32f9-2efc-4567-9a33-8e835d3534a7,1,34,45,Switzerland Women's,Géraldine Reuteler,Lia Wälti,15,76.7,20.6,71.6,7.574299,6.926936676515723,0.3846820034258999,0.7046079555819883,0.3199259521560884,0.6796295608200057,1.1248219045799464,0.44519234375994066,1.076156123150149,1.627523694977824,0.5513675718276749,3.0438786158908124,1.6890389027239487,0,1,1,1,1,1,0,0,0,0,0,0
4018356,be9aef34-4ea1-422a-80e0-c235daf5f88a,1,34,47,Switzerland Women's,Lia Wälti,Viola Calligaris,20.4,71.4,10.1,61.8,14.080128,-7.6089165724462475,0.7046081019382742,0.05996159082844102,-0.6446465111098332,1.1248219174024836,0.2779258252360214,-0.8468960921664622,1.627523650418858,0.7267822834244805,-0.9007413669943775,1.689037585918364,10.18037972427148,1,0,1,0,1,0,0,0,0,0,0,0
4018356,4f48e0e0-851a-4e2e-8e75-4cb96c789e5b,1,34,57,Spain Women's,Patricia Guijarro Gutiérrez,Ona Batlle Pascual,77.3,30.9,70.9,55.3,25.225384,-7.769686107201942,0.47179316852654557,0.027658331572521982,-0.44413483695402356,1.0274008977292606,0.20593400608342194,-0.8214668916458386,1.8590565427714731,0.7163919799750256,-1.1426645627964476,3.348617021243002,12.467823789989733,0,0,1,0,2,0,0,0,1,0,0,1
4018356,6e065206-8fb4-46e2-9487-e6bb7d07ea57,1,35,6,Spain Women's,Ona Batlle Pascual,Aitana Bonmati Conca,85,68.6,79.4,62.6,8.207314,-1.2672168618226891,0.5320119866455993,0.6378858856125526,0.1058738989669532,0.9659757884636668,1.1885400977842493,0.22256430932058247,1.6261578508418768,1.9707857604282317,0.3446279095863549,2.3686968848998564,2.4436980901937524,1,1,1,1,1,2,0,0,1,0,0,1
4018356,5d158c7c-8b79-4007-8f2f-c2255c089509,1,35,9,Spain Women's,Aitana Bonmati Conca,Irene Paredes Hernandez,72.8,59.4,53.1,54.5,20.300247,-17.42197886822496,0.8256539264736585,0.018633300180975608,-0.8070206262926829,1.272610584939691,0.13202130971161669,-1.1405892752280742,1.9425810681300306,0.4431055254712158,-1.4994755426588149,1.1003936697824248,12.742304047347345,1,0,1,0,1,0,0,0,1,0,0,1
4018356,57ec87dd-2b65-4fcc-b86e-152b8ba02906,1,35,11,Spain Women's,Irene Paredes Hernandez,Laia Aleixandri López,56.1,51.1,61.4,33.1,18.764061,5.852089135061185,0.0440550160024762,0.07100233620853098,0.02694732020605478,0.22240496531038192,0.25992522279423735,0.03752025748385543,0.6195661033271619,0.6584316822264703,0.03886557889930842,10.23219309046929,8.14494130631155,0,0,0,0,0,0,0,0,1,0,0,1
4018356,66d0bcf2-ebf3-4a33-bb2c-2600e3c05510,1,35,13,Spain Women's,Laia Aleixandri López,Olga  Carmona García,62.1,26.7,67,9.3,18.07678,-1.841496229418155,0.24468628124510935,0.02449179670620835,-0.220194484538901,0.476234572047501,0.1549716448638169,-0.3212629271836841,0.8402741429832371,0.48915629725403764,-0.35111784572919946,4.2635847394714785,12.626569559500794,0,0,1,0,1,0,0,0,1,0,0,1
4018356,7f9eef89-3f22-4979-b40e-7ca10f918582,1,35,16,Spain Women's,Olga  Carmona García,María Francesca Caldentey Oliver,70.2,7.8,75.6,17,10.667708,9.299688402670427,0.3300482715212657,0.10707342920613938,-0.22297484231512632,0.5753895126910987,0.4332346946791441,-0.14215481801195462,0.9546950419152298,1.0832616325430746,0.1285665906278448,3.3815663886311906,7.999023325229145,0,0,1,0,1,1,0,0,1,0,0,1
4018356,2b8f06be-f490-403f-ad63-9c4eb0a2eee0,1,35,30,Spain Women's,María Francesca Caldentey Oliver,Alexia Putellas Segura,92,5.7,113.2,16,23.569683,19.332681958161523,0.12865614333940115,0.35188860990819837,0.22323246656879722,0.3824594314408946,0.7723097877344686,0.38985035629357395,0.8449100050434006,1.494340692173583,0.6494306871301823,6.5542048933780785,3.5607975029521746,0,0,0,1,1,1,0,0,0,1,1,1
4018356,024eda3b-2c8c-4249-9037-406e570481fd,1,35,32,Spain Women's,Alexia Putellas Segura,Esther Gonzalez Rodríguez,108.5,15.3,115.4,35.8,21.630072,21.01695252436459,0.5482091002371977,1.6517348260486717,1.103525725811474,0.9628082270188538,2.4302646978924547,1.4674564708736009,1.6862772723035038,3.339265537552411,1.6529882652489074,2.140389910441769,0.8474396761121419,1,3,1,3,1,3,0,0,0,1,1,1
4018356,fa4577db-712f-4985-9334-9b5dd91cf196,1,35,58,Switzerland Women's,Noelle Maritz,Sydney Schertenleib,34.7,18.8,53.3,19.6,18.617197,18.145083774971255,0.2699923791980188,0.587735648524785,0.3177432693267662,0.6457121662615091,1.1590661102361894,0.5133539439746804,1.2253802169136632,2.043485845846728,0.818105628933065,4.426726411608162,2.400288231864355,0,1,1,1,1,2,0,0,0,0,0,0
4018356,52b392ed-479c-43b8-9d9e-f061f407c975,1,35,59,Switzerland Women's,Sydney Schertenleib,Smilla Vallotto,53.3,19.6,46,24.1,8.575546,-5.938992359102201,0.587735648524785,0.5649500098028564,-0.022785638721928625,1.1590661102361894,1.2108544909673224,0.05178838073113301,2.043485845846728,2.151922631176064,0.10843678532933598,2.400288231864355,3.065354740528616,1,0,1,1,2,2,0,0,0,0,0,0
4018356,24984db2-2003-4322-bcf5-208d5227057d,1,36,14,Spain Women's,Catalina Thomas Coll Lluch,Irene Paredes Hernandez,16.3,35.9,23.2,52.3,17.792414,6.2026919474446345,0.001149117287362155,0.002357778986732765,0.00120866169937061,0.02350661359355864,0.039490043769589665,0.015983430176031026,0.137053348928277,0.1971095063549797,0.0600561574267027,21.082541990560085,19.915281219705044,0,0,0,0,0,0,0,0,1,0,0,1
4018356,34a86914-5763-4828-8e14-b3a7f12ca921,1,36,18,Spain Women's,Irene Paredes Hernandez,Laia Aleixandri López,30.9,55.3,33.6,21.8,33.60863,2.1080000489172335,0.004086943436036302,0.005954223890777736,0.0018672804547414344,0.05955051517217995,0.06196832905849328,0.002417813886313333,0.2944469126542648,0.2647001284305816,-0.02974678422368321,17.62116115473732,15.842937602201827,0,0,0,0,0,0,0,0,0,0,0,0
4018356,258cc493-04fa-45e7-aa5e-616688e2a2d6,1,36,21,Spain Women's,Laia Aleixandri López,Olga  Carmona García,33.6,21.8,58.7,3.1,31.30016,16.74680906469152,0.005705895756019474,0.002705096045767412,-0.003000799710252062,0.06505402144666855,0.04970055314826016,-0.01535346829840839,0.3085660301886402,0.2828871293625689,-0.025678900826071327,15.988728558631744,19.844576655944177,0,0,0,0,0,0,0,0,1,0,0,1
4018356,2669338a-1953-499e-8060-604a955cce58,1,36,31,Spain Women's,Olga  Carmona García,Alexia Putellas Segura,69.8,7.2,63.6,8.9,6.428841,-4.440631674952861,0.25261820819225933,0.08174321662551141,-0.1708749915667479,0.635247173676746,0.41912614700274287,-0.21612102667400312,1.3254061156944414,1.1550481614637897,-0.1703579542306517,4.644341006455636,10.580627484051025,0,0,1,0,1,0,0,0,1,0,0,1
4018356,ed128278-66c7-41e1-9eb9-24ec73822894,1,36,34,Spain Women's,Alexia Putellas Segura,Olga  Carmona García,63.8,9.3,76,4.6,13.07402,7.565855795750174,0.40854572307072856,0.10204044417626142,-0.30650527889446716,0.8336065779958441,0.4196863395520148,-0.41392023844382936,1.5626674569277454,1.0384332072380618,-0.5242342496896837,3.124019730666208,9.38894544209126,0,0,1,0,1,0,0,0,1,0,0,1
4018356,22f9d123-6d52-4a3e-b540-4c2a96f691b8,1,36,37,Spain Women's,Olga  Carmona García,Alexia Putellas Segura,76,4.6,68.5,7,7.874643,-4.693110147969925,0.15190298320438061,0.05215175194121723,-0.09975123126316338,0.48846339873310834,0.2930521411627776,-0.19541125757033073,1.0941284486311946,0.8918734169360116,-0.202255031695183,6.688897361207134,10.526304141691615,0,0,0,0,1,0,0,0,1,0,0,1
4018356,7a448fd6-019c-41df-a701-8ea2acfd5907,1,36,40,Spain Women's,Alexia Putellas Segura,María Francesca Caldentey Oliver,73,8.9,106.2,9.1,33.200603,22.516331820871287,0.08736706710936953,0.3941796449627627,0.30681257785339316,0.37699312088947534,0.827598578062533,0.45060545717305767,1.028303121148176,1.433439776725381,0.40513665557720513,8.19451357721864,4.732959195673276,0,0,0,1,0,2,0,0,1,0,0,1
4018356,8f838e2e-862f-4969-b1d1-fffe91247a19,1,36,46,Spain Women's,María Francesca Caldentey Oliver,Alexia Putellas Segura,107,6.8,94,12.1,14.038875,-2.482274967054842,0.4426464899241913,0.2800398150730648,-0.1626066748511265,0.9031707953504969,0.7713900856116582,-0.1317807097388387,1.50642630887831,1.5909040500394165,0.0844777411611064,3.783265863097391,5.37705565846914,0,0,1,0,2,2,0,0,0,0,0,0
4018356,31441a47-5b5e-4684-8db5-2789613982f1,1,37,21,Spain Women's,Patricia Guijarro Gutiérrez,Ona Batlle Pascual,70,59,71.9,65.8,7.0604534,-1.0941898737931552,0.5533162795350293,0.14786174620001222,-0.405454533335017,1.000410105072139,0.537992408275829,-0.46241769679631006,1.761768109142748,1.2635994359898832,-0.4981686731528647,2.1653103055756207,7.215133728046135,1,0,1,0,1,1,0,0,1,0,0,1
4018356,d28bcfd8-700a-4ddb-b097-85fbcfd17536,1,37,23,Spain Women's,Ona Batlle Pascual,Aitana Bonmati Conca,71.9,67.3,75.8,69.7,4.5793014,2.0557504573474787,0.20915550694471352,0.3077637849464483,0.09860827800173477,0.6740808968815039,0.7591882498125432,0.08510735293103933,1.4543211731584251,1.477573798014541,0.02325262485611579,7.065753631923455,4.355111013649814,0,0,0,1,2,1,0,0,1,0,0,1
4018356,8f2fc752-8300-41e3-bc7b-01b42a21cd43,1,37,25,Spain Women's,Aitana Bonmati Conca,Ona Batlle Pascual,75.6,69.5,72.4,62.2,7.970571,0.7843776096218278,0.5797105662299078,0.5493432068644537,-0.030367359365454094,1.00117839910863,1.1694897979729053,0.16831139886427526,1.679623696534363,2.0438414957587194,0.3642177992243565,2.033360046736614,3.733131644451157,1,0,1,1,1,2,0,0,1,0,0,1
4018356,40af6a97-1714-482f-8afe-2ea9e3ec96fa,1,37,26,Spain Women's,Ona Batlle Pascual,Aitana Bonmati Conca,72.4,62.4,70.2,73.9,11.708544,-7.636033045512995,0.5902197110183545,0.3133529175340775,-0.27686679348427695,1.2127604978724906,0.7313404224434122,-0.4814200754290784,2.1095478149891815,1.4197715651350886,-0.6897762498540929,3.238732852124941,4.259999801824369,0,0,1,1,2,1,0,0,1,0,0,1
4018356,587d5091-5105-4550-b94e-6aba12170871,1,37,29,Spain Women's,Aitana Bonmati Conca,Laia Aleixandri López,65.5,67.7,63.2,43.4,24.408606,4.233753875352541,0.7170872366171391,0.12768521457853546,-0.5894020220386037,1.2822012881339127,0.4692844248984872,-0.8129168632354254,2.122226242467626,1.1975543030253764,-0.9246719394422496,1.923865172038678,6.837049940400426,1,0,1,0,2,1,0,0,1,0,0,1
4018356,124c2bdb-f43a-4527-ad69-ba923a9a0285,1,37,33,Spain Women's,Laia Aleixandri López,Olga  Carmona García,63.8,30.5,79.6,10.2,25.724113,6.7956870366829705,0.5371285482468325,0.02932596173723562,-0.5078025865095969,0.8812678119424884,0.20891270208086707,-0.6723551098616213,1.5104631431447564,0.7101172702706832,-0.8003458728740732,2.0517479310483275,12.34022383794636,1,0,1,0,1,0,0,0,0,0,0,0
4018356,55d5bcff-5d80-437e-9fce-02d9f1ccbc2c,1,37,51,Spain Women's,María Francesca Caldentey Oliver,Olga  Carmona García,102.1,5.7,97.2,0.6,7.072482,-6.831631592487888,0.8508804127816405,0.16979666985815714,-0.6810837429234834,1.473444727226021,0.5654967969466858,-0.9079479302793352,2.266624987751745,1.2203202109485494,-1.0463047768031957,2.4850750254356413,8.221109144159588,1,0,2,0,3,0,0,0,0,0,0,0
4018356,81ee7463-e61f-496c-97e5-63cf99c746e3,1,38,11,Switzerland Women's,Sydney Schertenleib,Géraldine Reuteler,38.5,75.9,40.9,80,4.7507896,0.4178504652289661,0.951434867340407,0.7888487401867542,-0.16258612715365284,1.4452667198258276,1.3316501149585758,-0.11361660486725178,2.0545049497414247,1.9721793890546153,-0.08232556068680941,1.1131380678848248,2.236266895366486,1,1,2,2,2,2,0,0,0,0,0,0
4018356,a01eb096-f63c-49ed-9796-0c05b9280926,1,38,43,Spain Women's,Olga  Carmona García,Patricia Guijarro Gutiérrez,70.6,5.9,65.9,11.3,7.1589108,-1.2149150625204115,1.0106979746746623,0.32417938116575296,-0.6865185935089093,1.6757776510683273,0.9234381177307843,-0.752339533337543,2.3578334768148514,1.8207049065019338,-0.5371285703129176,2.5042880014812434,4.972351845720533,2,0,2,1,3,1,0,0,1,0,0,1
4018356,9c2385f0-c16d-4309-8b67-a384d7e296a4,1,38,46,Spain Women's,Patricia Guijarro Gutiérrez,Ona Batlle Pascual,66.4,17.7,72.6,57.3,40.082417,7.595455601614212,0.7260063820565672,0.016207453201723045,-0.7097989288548442,1.2992930462205439,0.1561905292573526,-1.1431025169631912,2.154298931530429,0.6292430529642922,-1.5250558785661368,1.7653503887374768,14.98363275684911,1,0,1,0,2,0,0,0,1,0,0,1
4018356,bc8bc287-b1c7-449a-8f95-07e662362ef3,1,39,59,Spain Women's,Irene Paredes Hernandez,Catalina Thomas Coll Lluch,19.3,66,11,43.6,23.88828,-5.0570775954236495,0.46770566771785455,0.008910489659918298,-0.45879517805793624,0.6425147561785642,0.05934062107863342,-0.5831741350999308,0.8175034080968517,0.18055157377675338,-0.6369518343200984,2.2815067114518572,14.16232202781707,1,0,1,0,1,0,1,0,1,0,0,1
4018356,0939a9c1-7a28-494d-9286-a5e45575c025,1,40,2,Spain Women's,Catalina Thomas Coll Lluch,Laia Aleixandri López,10.1,42.1,30.6,23.2,27.882969,18.955233495264082,0.17953549747755349,0.0027046905006955155,-0.17683080697685796,0.35741642607681207,0.033127542218015685,-0.3242888838587964,0.5368360305583959,0.15211091127345872,-0.3847251192849372,5.152194528360924,17.873377425455914,0,0,0,0,1,0,1,0,1,0,0,1
4018356,3238d797-5383-4b08-91c1-3f00f8dc172c,1,40,10,Spain Women's,Laia Aleixandri López,Alexia Putellas Segura,60.8,20.9,72.6,16,12.776933,9.075250606276647,0.13862410694791885,0.26667607789489667,0.12805197094697782,0.433153963216187,0.7070036052214933,0.2738496420053063,1.0633390270220906,1.4479347266016442,0.38459569957955364,6.227735482901684,4.947708875643893,0,0,0,1,1,1,0,0,1,0,0,1
4018356,deef0517-7b4a-47c0-b07b-f3cbbe432a28,1,40,13,Spain Women's,Alexia Putellas Segura,Olga  Carmona García,72.6,16.2,80.9,0.6,17.670597,-2.468679827812778,0.36118992476025963,0.057524894947047794,-0.30366502981321186,0.7733169497139369,0.2640903063696132,-0.5092266433443238,1.4448608392488689,0.7135391276957298,-0.7313217115531391,3.594116016094224,10.015855945736472,0,0,1,0,1,0,0,0,1,0,0,1
4018356,51aa7d85-7a99-406e-be69-ffb1065f07cf,1,40,14,Spain Women's,Olga  Carmona García,María Francesca Caldentey Oliver,79.8,2.3,74.1,10.8,10.234256,0.7111497201290575,0.1363666202283712,0.1855403262652823,0.0491737060369111,0.4490510766327846,0.6249025327690683,0.17585145613628367,0.9939878267307635,1.4063565359996493,0.4123687092688858,7.6489368842481165,6.9530955401157915,0,0,0,0,1,1,0,0,1,0,0,1
4018356,95a6e82c-ebb4-4d2a-b0e7-6aef1e56acfc,1,40,18,Spain Women's,María Francesca Caldentey Oliver,Laia Aleixandri López,73.2,13.8,64.4,14.7,8.845903,-7.450905416779399,0.6952190748297574,0.04675611610743497,-0.6484629587223224,1.143897709345001,0.2768232767048641,-0.8670744326401367,1.9075212784722877,0.8567275506915707,-1.0507937277807171,1.4735008669416676,10.528872662614013,1,0,1,0,1,0,0,0,1,0,0,1
4018356,3ec6a87b-b935-43a2-8776-4e184256e3f0,1,40,23,Spain Women's,Laia Aleixandri López,Alexia Putellas Segura,73.2,14.7,91,19.4,18.410051,17.62894683637812,0.21919037960278537,0.5819126351276043,0.3627222555248189,0.7572185280345212,1.3724555418736841,0.615237013839163,1.6857022532528636,2.5481583649330024,0.8624561116801388,6.84347451772522,3.2609391433621036,0,0,0,1,1,2,0,0,1,0,0,1
4018356,59b64e91-f717-4699-b402-1824326a6915,1,40,35,Spain Women's,Alexia Putellas Segura,María Francesca Caldentey Oliver,77.3,7.4,73,1.2,7.545197,-7.224236353151589,0.878177982919846,0.222849111094225,-0.6553288718256209,1.322965943560947,0.6053569512793514,-0.7176089922815957,2.0807225555524456,1.2418578146186756,-0.83886474093377,0.8087879206287428,5.5325971877702065,1,0,1,0,2,1,1,1,0,0,0,0
4018356,c1ab1e3d-f8eb-45c2-93c2-4b74e1fd3bbd,1,40,50,Spain Women's,María Francesca Caldentey Oliver,Olga  Carmona García,79,12.1,75.4,1.6,11.1,-9.260938193524979,0.6187383363465596,0.1396636659256137,-0.4790746704209459,1.181189780557107,0.4314424629909285,-0.7497473175661785,2.019451198588383,1.00264198749156,-1.0168092110968232,2.233458716634692,6.3247925650482575,1,0,1,0,1,1,0,0,1,0,0,1
4018356,eb95616c-a4c7-432f-a815-3f4700945514,1,40,53,Spain Women's,María Francesca Caldentey Oliver,Irene Paredes Hernandez,67.4,11.5,61,25.6,15.4845085,-0.9070421005933014,0.7522360050049709,0.07171429160109605,-0.6805217134038748,1.2421143064074764,0.29405514274311834,-0.948059163664358,1.913514585174962,0.7958639060983428,-1.1176506790766192,2.6940430650683265,8.277786340883083,1,0,2,0,2,0,1,0,1,0,0,1
4018356,aaec4b51-9fe0-46fd-97aa-915b66907359,1,41,1,Spain Women's,Aitana Bonmati Conca,Claudia Pina Medina,91.2,65,100.6,66.9,9.590099,4.9713253905567285,0.7641571201589706,0.16001779184125894,-0.6041393283177117,1.2449932375551165,0.49109322623666973,-0.7539000113184467,1.9866594937526112,1.0815641264422513,-0.9050953673103599,1.3940834736191638,6.5938548826212235,1,0,1,0,2,1,1,0,1,0,0,1
4018356,065c33ec-973b-43c6-ad15-34c8c4400603,1,41,4,Spain Women's,Claudia Pina Medina,Ona Batlle Pascual,103.4,69.9,103.6,55.3,14.60137,11.770200433663643,0.896236055096988,1.0984691702382305,0.20223311514124254,1.2956719587243206,1.8337697907880384,0.5380978320637178,1.869446871492413,2.806063455325597,0.9366165838331841,0.9270401541818021,1.6966354113404931,1,1,1,2,2,3,0,1,1,0,0,1
4018356,539f3189-8abe-44f8-9a1d-b46f8ec24eee,1,41,5,Spain Women's,Ona Batlle Pascual,Aitana Bonmati Conca,105.1,57,116.2,63.9,13.069813,-1.5946763138781428,1.7719812418322354,0.2711715462341939,-1.5008096955980414,2.3686311637324127,0.7283246442419583,-1.6403065194904545,3.1697562190527746,1.5621752663682913,-1.6075809526844833,1.1897128209788073,4.686853143715926,3,0,3,1,3,1,0,0,1,0,0,1
4018356,64dadb3b-6e86-4788-8e22-92862a5d1eb2,1,41,8,Spain Women's,Aitana Bonmati Conca,María Francesca Caldentey Oliver,116.2,63.9,113.2,21.3,42.7055,4.3022167624649015,0.2711715462341939,0.20266321603380474,-0.06850833020038918,0.7283246442419583,0.6578548245887286,-0.07046981965322974,1.5621752663682913,1.4552265478560802,-0.1069487185122111,4.686853143715926,5.972849406614621,0,0,1,0,1,1,0,0,1,0,0,1
4018356,b83c4fce-7b89-49ed-8d83-97c736ff1d0a,1,41,18,Spain Women's,Laia Aleixandri López,Olga  Carmona García,64,19.8,81.1,14.5,17.902514,13.018831287185634,0.2489986985706259,0.025700134389507183,-0.2232985641811187,0.46164678012457583,0.17731571958597936,-0.28433106053859647,0.723863570811879,0.5514091568430206,-0.1724544139688584,4.200461122222145,12.651790957242515,0,0,1,0,1,0,0,0,1,0,0,1
4018356,cc3f34f2-283c-4e62-a3a6-bdef60fab4f4,1,41,20,Spain Women's,Olga  Carmona García,Claudia Pina Medina,81.1,14.5,83.1,25.4,11.081967,6.829637100440941,0.13570684075449857,0.566395798300782,0.43068895754628345,0.4694693551897839,1.2744713124311646,0.8050019572413807,1.0993844244428161,2.2768030498657974,1.1774186254229813,6.700019987195645,3.7185999300364534,0,0,0,1,1,2,0,0,1,0,0,1
4018356,703a6056-315c-4636-b028-993c384335ac,1,41,23,Spain Women's,Claudia Pina Medina,Ona Batlle Pascual,82.4,31.4,79.4,48.3,17.164207,-2.868741707697396,0.6838869526880771,0.07676101771900269,-0.6071259349690744,1.4253008057025798,0.3868814061756626,-1.038419399526917,2.470646522622116,1.0963462734520661,-1.37430024917005,3.642868813020752,9.702830193151089,0,0,2,0,2,0,0,0,1,0,0,1
4018356,cc7a2137-2665-4616-aff8-c354b58e1a1c,1,41,25,Spain Women's,Ona Batlle Pascual,Aitana Bonmati Conca,79.8,48.7,89.5,63.2,17.445343,2.809763473379938,0.12560127443949337,0.11756358687097064,-0.00803768756852273,0.5185599549064379,0.41226796569399093,-0.10629198921244698,1.302263621663498,1.0077115888085633,-0.2945520328549347,8.479703313968827,7.149144079962299,0,0,0,0,0,1,0,0,1,0,0,1
4018356,10f94115-fe18-455b-b69c-fa6ac2143379,1,41,29,Spain Women's,Aitana Bonmati Conca,Ona Batlle Pascual,97.2,55.8,113.6,57.3,16.468454,9.29363577327431,0.8872106917475018,0.49615158186696695,-0.3910591098805348,1.5479920961002327,1.0258662566406567,-0.522125839459576,2.4685299665712517,1.8991735543442745,-0.5693564122269772,2.45105566971223,2.8187350955632127,1,1,2,1,2,1,0,0,0,0,0,0
4018356,1dfd8457-71c0-4799-9e6c-250e98d2533d,1,42,13,Spain Women's,Aitana Bonmati Conca,María Francesca Caldentey Oliver,105.3,54.9,109.1,67.5,13.160547,-8.650574590697289,1.371112008430119,0.15603870790385774,-1.2150733005262613,2.125565413203829,0.5269861982065676,-1.5985792149972613,3.243419480443904,1.3000868862385964,-1.9433325942053077,1.1630313525631373,6.463984766905962,2,0,2,0,3,1,1,0,1,0,0,1
4018356,e24a8034-f12b-4d9f-bd2c-7a157a30e976,1,42,14,Spain Women's,María Francesca Caldentey Oliver,Aitana Bonmati Conca,109.1,68,104.4,54.9,13.917615,8.474360717782684,0.17557165285036455,0.4589879762073454,0.28341632335698086,0.5310081946276525,1.1772617526347113,0.6462535580070589,1.2695120372508817,2.3091070442912547,1.039595007040373,5.743430335087291,4.924783647509051,0,0,0,1,1,2,0,0,1,0,0,1
4018356,7a5972eb-0c6a-474f-9628-dd01913bc55c,1,42,16,Spain Women's,Aitana Bonmati Conca,María Francesca Caldentey Oliver,103.2,60.5,110.2,69.5,11.401754,-4.580677569225099,1.102748977977774,0.11219396032539143,-0.9905550176523825,1.7822040678471793,0.3989061120341219,-1.3832979558130574,2.812032250664195,1.0128651914189175,-1.7991670592452775,1.4032087592685665,7.2747028852451,2,0,2,0,2,1,0,0,0,0,0,0
4018356,c753bef1-a5b6-44ef-b6a3-3743bfe68277,1,43,6,Spain Women's,Ona Batlle Pascual,Catalina Thomas Coll Lluch,64,14.9,37.9,35.9,33.4994,-20.834485956787105,0.8723642975122808,0.02172263888149916,-0.8506416586307817,1.1877543482512867,0.11255222751100905,-1.0752021207402775,1.6140421290651243,0.30510704262242916,-1.3089350864426952,0.7312531216895125,11.609095136962237,1,0,1,0,1,0,1,1,1,0,0,1
4018356,d58156df-df73-4d6c-951d-a84a37ef867d,1,43,19,Spain Women's,Patricia Guijarro Gutiérrez,Esther Gonzalez Rodríguez,77.9,70.5,83.3,57.3,14.261837,11.413969961017088,0.435250419376534,0.5881344156751681,0.15288399629863408,0.8747310759955792,1.3031615069994897,0.42843043100391054,1.5061544148361972,2.2773791776637657,0.7712247628275686,3.158375345476189,3.9035596464906566,0,0,1,1,1,3,0,0,1,0,0,1
4018356,0dce23e4-50c0-44ec-acfe-9ee849034d22,1,43,24,Spain Women's,Claudia Pina Medina,Patricia Guijarro Gutiérrez,78.3,63.5,83.1,71.6,9.415413,-0.7157266539632943,0.716144768587805,0.8064772417763151,0.09033247318851012,1.449562468705722,1.422737723355976,-0.026824745349746104,2.4728664577416954,2.3702027784264725,-0.10266367931522291,2.3509834871933912,1.350894721718361,1,1,1,1,3,1,1,0,1,0,0,1
4018356,b70e5260-9f3e-4c21-bce6-898bdf2b0b61,1,43,52,Spain Women's,Patricia Guijarro Gutiérrez,Claudia Pina Medina,70.6,29.2,93.7,54.9,34.55575,20.339316569629545,0.7764961179084,0.6049153479999745,-0.17158076990842552,1.6559884159502216,0.8463697142942691,-0.8096187016559525,2.810966658931732,1.3093376356638804,-1.5016290232678515,3.3692722705680755,1.5631467065549105,0,1,1,1,4,1,0,0,1,0,0,1
4018356,0f86a978-8867-4f42-bb31-ac17d609a59c,1,43,58,Spain Women's,Claudia Pina Medina,Ona Batlle Pascual,104.9,55.1,115.1,57.5,10.47855,3.181567811787694,1.3246512658956429,0.1779891047368439,-1.146662161158799,1.9080314452956566,0.5843960090579036,-1.323635436237753,2.715435188276638,1.358270221636363,-1.3571649666402752,1.1314520392708078,6.20135090199215,2,0,2,0,2,1,0,0,1,0,0,1
4018356,b05744e6-af89-4bff-86b3-c263e4313ed6,1,44,0,Spain Women's,Ona Batlle Pascual,Alexia Putellas Segura,115.1,57.5,110.2,35.4,22.636696,7.347162097866555,0.2090353358995089,1.042363698854835,0.8333283629553261,0.6430192465018223,2.1267953269274,1.4837760804255775,1.4657035255296735,3.3824185726829628,1.9167150471532892,5.500528748287498,2.9768980875369135,0,1,0,2,1,6,0,0,1,0,0,1
4018356,6387d708-851f-478a-9a83-7e82b36ee685,1,44,16,Switzerland Women's,Géraldine Reuteler,Iman Beney,36.6,77,68.9,75.9,32.318726,28.78888662553331,0.36358447712050906,0.5404195761604543,0.17683509903994526,0.761041008332072,0.8886576014069357,0.12761659307486373,1.3886990824582002,1.3389612051230075,-0.04973787733519264,3.5604387046161077,2.3552454426976936,0,1,1,1,1,2,0,0,0,0,0,0
4018356,c8eeb35c-43ca-4bdb-86e2-f3bc085c7496,1,46,10,Switzerland Women's,Iman Beney,Lia Wälti,53.9,66.9,43.9,64.6,10.261091,-8.613312757212356,1.3297305162214461,0.6202683099667312,-0.7094622062547149,2.1458118295030744,1.3953336105473244,-0.75047821895575,3.1500342442899387,2.438490449022976,-0.7115437952669628,1.5761872030274517,3.1435615008335516,2,0,2,1,3,2,0,0,1,0,0,1
4018356,b34d614b-1615-40bd-a774-e4aeadda6143,1,46,13,Switzerland Women's,Lia Wälti,Nadine Riesen,40.3,59.6,37.9,10.6,49.05874,-5.130671273354778,0.3771096901032417,0.006347735369473083,-0.3707619547337686,1.0289260768347215,0.05341213662818883,-0.9755139402065327,1.9926683696171537,0.19045552310879493,-1.8022128465083587,4.960954587990888,15.284495824734273,0,0,1,0,2,0,0,0,1,0,0,1
4018356,f8e2a19a-0b37-4bf4-b828-5680a112c312,1,46,27,Spain Women's,Irene Paredes Hernandez,Patricia Guijarro Gutiérrez,23.2,57.3,30.6,53.8,8.185964,7.8749379458945015,0.01931003717674204,0.06340978630685955,0.04409974913011751,0.1349882842932221,0.28308974253454333,0.14810145824132123,0.4206570133243461,0.6749253567352467,0.2542683434109006,12.865290978308588,9.646631656029069,0,0,0,0,0,0,0,0,1,0,0,1
4018356,75a0f478-8f96-4a00-b8e5-9f7313af17da,1,46,33,Spain Women's,Patricia Guijarro Gutiérrez,Irene Paredes Hernandez,37.5,55.5,30.9,54.7,6.6483083,-6.361051603859551,0.4348977090548979,0.1573001605186694,-0.2775975485362285,0.7953010044779173,0.4241024752593357,-0.3711985292185816,1.275519022034875,0.8550908793699478,-0.42042814266492734,2.870037523134523,5.841623291970506,1,0,1,0,1,1,0,0,1,0,0,1
4018356,cf7efbcd-2e2d-49f7-a53f-a8160f590d8a,1,46,38,Spain Women's,Irene Paredes Hernandez,Ona Batlle Pascual,31.1,54.9,39.6,71.6,18.73873,3.75296615432417,0.0634171192268653,0.0741234638280627,0.010706344601197404,0.24469980743766465,0.25727733215471804,0.012577524717053395,0.6053744661560867,0.5954570490946016,-0.009917417061485079,8.555362949177802,8.024967909842818,0,0,0,0,0,0,0,0,1,0,0,1
4018356,02716f92-ff08-47c2-8b87-8ec5e7d3e823,1,46,40,Spain Women's,Ona Batlle Pascual,Alexia Putellas Segura,45.8,72.7,62.7,69,17.30029,16.86530674853583,0.21681590104338708,0.11058003032080518,-0.1062358707225819,0.44420481960462377,0.3621807380076531,-0.08202408159697067,0.7774349983788506,0.8169445658952718,0.03950956751642121,4.640054611021322,7.295515972037326,0,0,1,0,1,1,0,0,1,0,0,1
4018356,f17b7721-561d-4318-99ff-c95463cf6b29,1,46,44,Spain Women's,Alexia Putellas Segura,Claudia Pina Medina,69.6,62.2,80.3,71.6,14.242542,4.331670196265122,0.7300306924871205,0.11020791390784752,-0.6198227785792729,1.267490422206845,0.39823906405814624,-0.8692513581486988,1.9753448399234717,0.9732845900704374,-1.0020602498530342,3.140596983703331,7.2780919343580885,0,0,2,0,2,1,0,0,1,0,0,1
4018356,f653a85b-f476-4124-999c-fd68a903453f,1,46,46,Spain Women's,Claudia Pina Medina,Ona Batlle Pascual,80.3,71.6,68.3,68.6,12.369317,-8.342406552989118,0.4011821721259064,0.023761666977527445,-0.37742050514837894,0.8439963696198298,0.19281370135904172,-0.6511826682607881,1.4750045874396782,0.6838894481706189,-0.7911151392690593,3.5935741510514365,13.934311568102379,0,0,1,0,2,0,0,0,1,0,0,1
4018356,1ba07e15-de46-4b84-9487-1b2b368a01e5,1,46,49,Spain Women's,Ona Batlle Pascual,Aitana Bonmati Conca,69.8,69.7,69.6,62.2,7.502666,3.2551014360503316,0.02543374634922601,0.11114716007773542,0.08571341372850941,0.20094688905994118,0.470725164825296,0.26977827576535485,0.705417598929793,1.1991749945559218,0.49375739562612875,13.337496253040076,8.192791402515992,0,0,0,0,0,0,0,0,1,0,0,1
4018356,5624d59f-b3de-48d3-8377-51c0ebdeb849,1,46,55,Spain Women's,Alexia Putellas Segura,Ona Batlle Pascual,91.4,61.3,86.5,67.3,7.746612,-7.554841770615049,1.0543926290790593,0.39808266690569866,-0.6563099621733606,1.5905941453302934,0.8062242377169382,-0.7843699076133552,2.2819923620742473,1.4069373612330915,-0.8750550008411557,1.4793532397340232,3.48439972610839,2,0,2,1,2,2,0,0,1,0,0,1
4018356,5f9e857a-3f82-44ec-b00d-3ef3cde27ad6,1,46,56,Spain Women's,Ona Batlle Pascual,Aitana Bonmati Conca,88.8,69.5,95.2,53.6,17.139719,14.653940173136426,0.7792429866355828,0.7876378133637768,0.008394826728194027,1.1383969706952115,1.4553360217557898,0.3169390510605783,1.685648956559974,2.3483001429838573,0.6626511864238833,1.1459454879701705,2.686105134108811,1,1,1,2,2,2,1,0,1,0,0,1
4018356,21d3f1f6-50e3-4bb4-81fd-401883dba9fc,2,45,2,Spain Women's,Alexia Putellas Segura,Olga  Carmona García,54.3,38.6,49.7,20,19.160376,-7.37468795046297,0.23331166801105477,0.01259392584403648,-0.22071774216701828,0.55708619676178,0.09854187897318709,-0.45854431778859284,1.1687368462121963,0.3678327283321761,-0.8009041178800202,4.597650289985585,13.794381362922767,0,0,1,0,1,0,0,0,1,0,0,1
4018356,4e4e9c0f-bbd2-469f-838a-56a79d844b30,2,45,5,Spain Women's,Olga  Carmona García,Alexia Putellas Segura,56.7,17.8,59.4,26.9,9.492102,5.0802687695820055,0.04683297563450895,0.3403496443489158,0.29351666871440685,0.26352984871012297,0.8858257985140595,0.6222959498039365,0.8029460470453221,1.7449154675495198,0.9419694205041976,11.303177644203027,5.367207900096206,0,0,0,0,0,2,0,0,1,0,0,1
4018356,91285a59-6086-4b45-99e3-b180f04ca30c,2,45,7,Spain Women's,Alexia Putellas Segura,Olga  Carmona García,58.8,25.1,62.9,14.3,11.552056,0.37060689258179025,0.637106183539262,0.3842104305399673,-0.2528957529992947,1.2082703701909094,0.7543282305731847,-0.4539421396177248,2.049927416490362,1.397631575412488,-0.6522958410778741,2.3504421405097435,3.1864826355118,1,0,1,1,2,1,1,0,1,0,0,1
4018356,63c5d303-4ff7-4c6f-8322-f0e44b13c4d3,2,45,8,Spain Women's,Olga  Carmona García,Laia Aleixandri López,60.2,13.4,42.2,15.5,18.122086,-16.117259001904245,0.38421053974887803,0.007324079029282037,-0.376886460719596,0.7543283535693789,0.0853763829405885,-0.6689519706287904,1.3976317111849401,0.3803736059487081,-1.017258105236232,3.18648176671811,16.537337943772,0,0,1,0,1,0,0,0,1,0,0,1
4018356,87a95c59-baa0-4e1d-ad1c-937dea7c6566,2,45,10,Spain Women's,Laia Aleixandri López,Irene Paredes Hernandez,42.8,18.7,44.6,41.2,22.571886,4.674969387555535,0.020014744962097812,0.018861415005629552,-0.0011533299564682603,0.14539365880916644,0.1416295878836921,-0.0037640709254743443,0.5155526586712519,0.5339561374596808,0.018403478788428962,12.438796491991894,12.66669718103,0,0,0,0,0,0,0,0,1,0,0,1
4018356,317a16d5-e357-4de1-bad4-b732dc999fa2,2,45,13,Spain Women's,Irene Paredes Hernandez,Aitana Bonmati Conca,48.4,45.7,68.1,69,30.511965,12.373940982440281,0.03965575534789271,0.044989447682072276,0.005333692334179567,0.23025855042193388,0.248278250271163,0.018019699849229104,0.7362616388557036,0.7708705764083721,0.03460893755266847,10.629677735043465,10.469742498931742,0,0,0,0,0,0,0,0,1,0,0,1
4018356,0822a4a4-8186-465a-8c44-e6ee182345c2,2,45,22,Spain Women's,Ona Batlle Pascual,Claudia Pina Medina,77,75.2,82.8,77.2,6.1351447,2.961391344229945,0.048363076738118654,0.08441375446451223,0.036050677726393573,0.26433411065017354,0.3198774523958168,0.05554334174564324,0.7923866926477028,0.8032320728972517,0.010845380249548953,10.232606832790694,8.105912162899571,0,0,0,0,0,0,0,0,1,0,0,1
4018356,100ddd54-2e49-45b9-8237-3f596489af78,2,45,25,Spain Women's,Claudia Pina Medina,Ona Batlle Pascual,84.6,77.2,94.7,78,10.131634,5.699893731562895,0.6246787089911646,0.30113497468980455,-0.3235437343013601,0.9418229963936128,0.7290015948307289,-0.21282140156288387,1.4574735639680805,1.3339259160569141,-0.12354764791116635,1.625983186646246,5.314041370949442,1,0,1,0,1,2,0,0,1,0,1,1
4018356,893250da-9228-48f7-a6a8-a9a2be3544cb,2,45,27,Spain Women's,Ona Batlle Pascual,Aitana Bonmati Conca,95.5,77.4,106.7,71,12.899612,10.977664486179783,0.5969017399013186,0.2757194294491944,-0.32118231045212414,1.0674453300201932,0.7394801229301166,-0.3279652070900766,1.6673922315658813,1.4574386328829745,-0.20995359868290686,2.603427489040918,5.53242875373643,1,0,1,0,2,2,0,0,1,0,1,1
4018356,f167adc2-1b5c-4c2e-aec5-530531ba9acd,2,46,3,Switzerland Women's,Géraldine Reuteler,Ana-Maria Crnogorčević,82.6,67.5,74.5,67.9,8.109871,-6.9507542735094106,0.4007792336058184,0.13892888939907447,-0.2618503442067439,0.7940665307542133,0.4228467910348448,-0.3712197397193685,1.291709646844226,0.8854060524031951,-0.4063035944410308,4.353740326765847,6.968538553778264,0,0,1,0,2,1,1,0,1,0,0,1
4018356,0aa386b9-d71d-47c9-b521-1cc022403cdf,2,46,5,Switzerland Women's,Ana-Maria Crnogorčević,Viola Calligaris,67.9,67.9,63.9,59,9.757561,-0.13005975003984815,0.16832043644795516,0.044255065979728656,-0.12406537046822651,0.46126605217958366,0.23622682105751167,-0.225039231122072,0.9509936698163234,0.7453849798053905,-0.20560869001093285,5.888404444836074,10.044637990485972,0,0,0,0,1,0,0,0,1,0,0,1
4018356,65dc5dd0-8201-41f8-b6ea-c000fdab6099,2,46,8,Switzerland Women's,Viola Calligaris,Lia Wälti,63.9,59,67.9,57.2,4.3863425,4.364399119097207,0.11064086061473105,0.22369471827825801,0.11305385766352696,0.3848568748237882,0.7241702256050268,0.33931335078123853,0.9758340440376507,1.6040088084246868,0.6281747643870361,7.0684870930343076,6.417357148936153,0,0,0,0,1,2,0,0,1,0,0,1
4018356,9381d084-46ee-4764-b306-5d19e06c6a93,2,46,12,Switzerland Women's,Lia Wälti,Noemi Ivelj,67.2,50,71.7,28.8,21.672333,4.157077716202146,0.5692035930682353,0.3521775246779034,-0.2170260683903319,1.0659326400841458,0.9352465800232955,-0.13068606006085026,1.976868728671406,1.902037290401449,-0.07483143826995686,2.0814287805807337,4.594924242584501,1,0,1,1,1,2,1,0,1,0,0,1
4018356,e02360e5-7b82-4a8e-be64-3517e30ab336,2,46,13,Switzerland Women's,Noemi Ivelj,Nadine Riesen,72.5,25.9,85.3,5.8,23.829603,0.827621981049397,0.49825982327734597,0.14201110327574265,-0.35624872000160335,1.118216358473424,0.3752651567532627,-0.7429512017201612,2.0902979292087105,0.8406575708624375,-1.249640358346273,3.418860773641641,5.959973289037284,0,0,1,0,2,1,0,0,0,0,0,0
4018356,cdf93284-e657-48cc-b562-6c82c5e91749,2,46,37,Spain Women's,Patricia Guijarro Gutiérrez,Olga  Carmona García,55,67.4,67.2,15.1,53.704098,12.162273855411627,0.214503695532873,0.04476744318514455,-0.16973625234772843,0.6588800916939278,0.18652559400121682,-0.472354497692711,1.3816219004053065,0.5399855532907721,-0.8416363471145344,6.3713053056255635,9.414672230800786,0,0,0,0,1,0,0,0,1,0,0,1
4018356,389436bb-0ad5-4c8c-bce5-8b8688afd2dd,2,46,45,Spain Women's,Olga  Carmona García,Laia Aleixandri López,66.8,7.7,55.4,10.8,11.813974,-8.65518738834124,0.6113785901373825,0.03751820910733276,-0.5738603810300498,0.9459403338137216,0.22154638627803325,-0.7243939475356883,1.517906407339306,0.6766572156977395,-0.8412491916415665,1.684306675199774,11.629462193054374,1,0,1,0,1,0,0,0,1,0,0,1
4018356,56dd43b3-6559-4eb6-a08d-1a9f7f75279f,2,46,48,Spain Women's,Laia Aleixandri López,Irene Paredes Hernandez,55.4,10.8,51.8,27.1,16.692812,1.4835836082521467,0.0381795465791943,0.036809806825124095,-0.0013697397540702039,0.22581098079724501,0.1879220796783947,-0.03788890111885032,0.6914857158637054,0.5888428438473889,-0.1026428720163165,11.698569415172104,10.22490202367466,0,0,0,0,0,0,0,0,1,0,0,1
4018356,b61ecf35-0afb-4a1d-9e7c-5b9026c24d27,2,46,51,Spain Women's,Irene Paredes Hernandez,Laia Aleixandri López,55.4,29.5,62.2,15.7,15.384408,2.7474464532234464,0.1878036022799591,0.03610060924075903,-0.15170299303920007,0.457171220483854,0.23041380994978664,-0.22675741053406737,0.9593412709196916,0.7401770632032714,-0.2191642077164202,5.177083164455533,11.99847765881982,0,0,0,0,1,0,0,0,1,0,0,1
4018356,f69c868f-07b6-4bc1-886d-2b86bcc803aa,2,46,55,Spain Women's,Laia Aleixandri López,María Francesca Caldentey Oliver,71.9,15.1,86.9,6.8,17.14322,7.281669514366584,0.14014744816204094,0.03647333921611843,-0.10367410894592252,0.49675309629684966,0.22316705364507186,-0.27358604265177777,1.1916845480722753,0.7115402256734615,-0.48014432239881377,6.825438778260862,11.40253845529928,0,0,0,0,1,0,0,0,1,0,0,1
4018356,e781b08f-c764-4291-b39a-a3730924e5f2,2,46,57,Spain Women's,María Francesca Caldentey Oliver,Olga  Carmona García,86.9,6.8,94.1,12.4,9.121404,9.031926452375487,0.07058150290866459,0.6615558607238763,0.5909743578152117,0.33258858472237673,1.3848252893166977,1.0522367045943208,0.9229226305108718,2.2898826060923207,1.366959975581449,8.989262059512386,4.196097031545396,0,0,0,2,0,3,0,0,1,0,0,1
4018356,1b27bf84-6e15-4ff7-8de5-6ade365c38a4,2,46,58,Spain Women's,Olga  Carmona García,María Francesca Caldentey Oliver,94.1,12.4,86.4,5.7,10.206861,-10.165795324433496,0.6615558607238763,0.31641395642096,-0.3451419043029163,1.3848252893166977,0.6893856655584065,-0.6954396237582912,2.2898826060923207,1.336154102890268,-0.9537285032020528,4.196097031545396,3.7651542707900414,0,0,2,1,3,1,0,0,1,0,0,1
4018356,ee155345-6e1e-47ed-95fd-95b78eb8347d,2,46,59,Spain Women's,María Francesca Caldentey Oliver,Aitana Bonmati Conca,86.7,6.4,82.6,14.2,8.811924,1.870250483685993,0.3164141406459588,0.20507457433682091,-0.11133956630913788,0.6893859156078866,0.7376494537412436,0.04826353813335693,1.3361543917488605,1.6537241564396243,0.3175697646907638,3.765152615737852,6.720712376477391,0,0,1,0,1,1,0,0,1,0,0,1
4018356,6844ac16-62f9-4f49-b9fb-b96499032cf4,2,47,6,Spain Women's,Aitana Bonmati Conca,Laia Aleixandri López,83.3,14.2,71,12.6,12.403628,-11.27930746028747,0.6971126114297649,0.042700396822786285,-0.6544122146069786,1.404026963025173,0.28047405503256734,-1.1235529079926057,2.4663409845348347,0.9056407437813078,-1.560700240753527,1.9881298697524705,11.37748520301493,1,0,1,0,1,0,0,0,0,0,0,0
4018356,f3ee8fe6-bc06-4105-a97a-1175dc07960b,2,48,22,Spain Women's,Claudia Pina Medina,Catalina Thomas Coll Lluch,44,50.4,11.1,33.1,37.171227,-32.41009752526733,0.4535539792832311,0.0005183709230272677,-0.45303560836020385,1.0621581700701999,0.0155559867044516,-1.0466021833657482,2.0054333290694766,0.11482432952281554,-1.890608999546661,3.6507163052985305,23.801049289527935,0,0,1,0,2,0,0,0,0,0,0,0
4018356,b84082b6-645c-4a86-9cbe-eb58b15c281a,2,48,26,Spain Women's,Catalina Thomas Coll Lluch,Laia Aleixandri López,14.3,30.5,27.5,19.7,17.055204,11.424737172203095,0.002489010667867686,0.005186780979520626,0.0026977703116529404,0.036528962781818476,0.06747021043083583,0.030941247649017352,0.18835344028058704,0.32197453162378625,0.13362109134319922,18.422070125715663,17.457234001447418,0,0,0,0,0,0,0,0,1,0,0,1
4018356,322b4903-6dac-4866-97f7-21425e3325b3,2,48,35,Spain Women's,Laia Aleixandri López,Olga  Carmona García,64.3,13.7,75,5.9,13.241223,5.136221214612327,0.6791653019360161,0.08232256568042105,-0.596842736255595,1.24979159693918,0.3495023191519327,-0.9002892777872473,2.1705200385847774,0.9587014742421792,-1.211818564342598,1.869833928458761,8.174625272682066,1,0,1,0,2,0,1,0,1,0,0,1
4018356,f13fd02b-4376-4c0a-af9c-3f37926706e9,2,48,40,Spain Women's,Olga  Carmona García,Laia Aleixandri López,69.9,11.3,57.2,13.1,12.826925,-10.580536020623818,0.9407301814328347,0.04627499240769309,-0.8944551890251417,1.395990969988779,0.2595766619981563,-1.1364143079906226,2.146166137354901,0.7479139447943634,-1.3982521925605376,0.7442439717470657,11.675803776635789,1,0,1,0,2,0,1,0,1,0,0,1
4018356,3dab3fdb-5894-4b71-96a9-57af01f3af70,2,48,42,Spain Women's,Laia Aleixandri López,Irene Paredes Hernandez,56.2,13.7,55.4,32.3,18.617197,3.9509054682873597,0.037131883667510315,0.023185756668405732,-0.013946126999104583,0.22995528212304842,0.1640614084976697,-0.06589387362537871,0.7078536236202594,0.6027762523604044,-0.10507737125985495,12.279173749789152,11.956414630625348,0,0,0,0,0,0,0,0,1,0,0,1
4018356,f61f8333-8659-48ed-a73e-4b17cd44c736,2,48,52,Spain Women's,Irene Paredes Hernandez,Aitana Bonmati Conca,58.6,60.6,73.9,61.4,15.320901,13.938674532041205,0.2738024415860779,1.0351882832410801,0.7613858416550022,0.6251660157261393,1.5443173767891796,0.9191513610630403,1.1550743169294904,2.2292991880349424,1.074224871105452,4.457322440229733,0.9807564491468328,0,1,1,2,1,2,0,1,1,0,0,1
4018356,69150e15-cd8b-4cca-af85-9acc4ead3a69,2,49,1,Switzerland Women's,Géraldine Reuteler,Iman Beney,34.2,22.5,54.3,12.1,22.631174,16.18792081202126,0.8802987503114855,0.5022664063148424,-0.3780323439966431,1.5528407131387345,0.9126671614577023,-0.6401735516810322,2.3192597905853196,1.5763715271907337,-0.7428882633945859,2.36344249087655,2.426264092575193,1,1,2,1,3,1,1,0,1,0,0,1
4018356,cda9db60-1cf6-47cd-9783-37597c6e9175,2,49,10,Spain Women's,Laia Aleixandri López,Aitana Bonmati Conca,57.8,73.6,66,68.2,9.81835,9.775172585821778,0.6613077470540174,0.5298388128628657,-0.1314689341911517,1.0252771253250261,1.1865467887647028,0.16126966343967664,1.6589935215228206,2.179046293535954,0.5200527720131332,1.4349716927551524,3.2558129367173456,1,0,1,1,1,3,0,0,0,0,0,0
4018356,bb96b6aa-9a67-4d1f-8cbb-291756d95d35,2,49,11,Spain Women's,Aitana Bonmati Conca,Claudia Pina Medina,68.8,69,77.2,67.4,8.5510235,8.023213969321247,1.0235414539547225,0.9929110081840353,-0.030630445770687187,1.60413097814266,1.5695924774782297,-0.034538500664430316,2.352762521580638,2.4083983786673984,0.05563585708676033,1.4104427482659125,0.789031261352596,1,1,2,1,3,2,1,1,0,0,0,0
4018356,40c6749d-55ba-4290-a4c2-89690f20e059,2,49,38,Spain Women's,Irene Paredes Hernandez,Olga  Carmona García,42,25.9,56.2,12.4,19.593111,9.750151181001328,0.016834083890233914,0.010955665146556963,-0.0058784187436769515,0.09504954339681378,0.07473173733161834,-0.02031780606519544,0.2791243807242396,0.2514673842097272,-0.027656996514512422,12.329548670743112,13.635688471156948,0,0,0,0,0,0,0,0,1,0,0,1
4018356,cc4b4235-c48b-423f-927d-c00af0f7f6d5,2,49,45,Spain Women's,Olga  Carmona García,Alexia Putellas Segura,71,13.3,64.8,16,6.762396,-4.38945368072072,0.35274432446287146,0.1724839455565075,-0.18026037890636395,0.8403627435349016,0.6197194284444986,-0.22064331509040302,1.6672078817975315,1.4378387437856357,-0.22936913801189585,3.8201361239987057,7.448594741273237,0,0,1,0,1,1,0,0,1,0,0,1
4018356,653ba2fa-aacb-4cc3-8aec-81155ad3aaaa,2,49,48,Spain Women's,Alexia Putellas Segura,María Francesca Caldentey Oliver,66.8,15.7,90.9,16.7,24.120737,21.208326869992455,0.17513671502004477,0.3407825325813972,0.1656458175613524,0.6081641640829103,0.8531186444681903,0.24495448038528,1.4083312880316194,1.63540876466846,0.22707747663684064,7.128970933728832,5.1641902098927766,0,0,0,0,1,2,0,0,1,0,1,1
4018356,a13f5cb6-76c1-49f9-9efa-0f617bc6aa8f,2,50,19,Spain Women's,Laia Aleixandri López,Patricia Guijarro Gutiérrez,38.1,23.5,45.8,31.7,11.248555,8.882781238586503,0.21460957898399635,0.2930481289436627,0.07843854995966637,0.47522726918819913,0.7464350995312964,0.27120783034309726,0.9227774895520712,1.4521074143883936,0.5293299248363225,4.721876844511806,4.643417136857954,0,0,1,1,1,1,0,0,1,0,0,1
4018356,edb0c87c-a1b5-4535-bf4e-ca15eab7cda9,2,50,20,Spain Women's,Patricia Guijarro Gutiérrez,Irene Paredes Hernandez,45.8,31.7,38.4,47.7,17.628386,-7.299716225169874,0.2930481289436627,0.00304899689647247,-0.28999913204719024,0.7464350995312964,0.055006773126757134,-0.6914283264045392,1.4521074143883936,0.29221879327637357,-1.15988862111202,4.643417136857954,20.67059791142944,0,0,1,0,1,0,0,0,1,0,0,1
4018356,e99b0c8c-5ff0-40e4-b346-88594be785e6,2,50,24,Spain Women's,Irene Paredes Hernandez,Aitana Bonmati Conca,42.6,53.5,61,64.4,21.386211,14.722127012916431,0.008738032143881653,0.3740833879149586,0.36534535577107696,0.10621318692893501,0.7929158318779915,0.6867026449490565,0.45976610152373487,1.4381032286727584,0.9783371271490235,17.32145902130725,3.5780345200713453,0,0,0,1,0,1,0,0,1,0,0,1
4018356,f8ebeaad-d60d-4a32-a13e-8a47c181bf0f,2,50,26,Spain Women's,Aitana Bonmati Conca,Ona Batlle Pascual,60,66,63.6,75.8,10.440307,-1.4115636593451057,0.374104908057795,0.2535029635760498,-0.12060194448174522,0.7140395458685933,0.5468750910542509,-0.1671644548143424,1.2668787781916513,1.044100624712792,-0.22277815347885932,3.2135431014853655,4.307681178580155,0,0,1,1,1,1,1,0,0,0,0,0
4018356,4801a65f-efa2-4d6e-b543-2caeb78c3e01,2,50,32,Switzerland Women's,Smilla Vallotto,Sydney Schertenleib,47.8,14.7,47.8,21.9,7.2,2.070245186183058,0.4510600372348094,0.30777957559370833,-0.1432804616411011,0.9062474426100253,0.7618981679608694,-0.14434927464915592,1.6674574095052113,1.5293082808306906,-0.13814912867452067,2.8206265633167056,4.312777786907039,1,0,1,1,1,1,1,0,1,0,0,1
4018356,89bb3503-c8f6-463b-8953-23493dd202fe,2,50,34,Switzerland Women's,Sydney Schertenleib,Livia Peng,43.5,22.1,10.2,32.8,34.97685,-31.469534598916297,0.5035258840512241,0.0005616531385551134,-0.502964230912669,1.1314924257511507,0.014148974687762291,-1.1173434510633884,2.0380477864863376,0.10194671641753178,-1.9361010700688057,3.2673026039273187,22.658677341156757,0,0,1,0,2,0,0,0,0,0,0,0
4018356,5e0a57c8-16eb-4627-ad36-1d2d42294643,2,51,3,Switzerland Women's,Noelle Maritz,Smilla Vallotto,36.8,15.2,44.9,19.5,9.170606,8.969837984719234,0.43707156406319897,0.34469346092251696,-0.09237810314068201,0.717820796315773,0.8826750466149371,0.16485425029916412,1.1604395267688876,1.600433664838726,0.43999413806983845,2.5848045339629016,5.992453965410232,1,0,1,0,1,3,1,0,1,0,0,1
4018356,75815340-1820-46ac-8800-b46d95a18a19,2,51,5,Switzerland Women's,Smilla Vallotto,Noelle Maritz,46.2,19.5,46.5,3.5,16.002811,-5.4696784767861,0.40901269351164266,0.07493379054556377,-0.3340789029660789,0.9742601384339689,0.32597184567266796,-0.648288292761301,1.7859911603111367,0.8734268324089395,-0.9125643279021972,4.728834108468471,8.844183158876028,0,0,1,0,3,0,0,0,0,0,0,0
4018356,2e2137b6-cd65-4852-a482-09013c3654b2,2,51,47,Switzerland Women's,Noelle Maritz,Livia Peng,42.4,2.1,18.6,29.5,36.29325,-15.58149242056652,0.22349133629269258,0.0006740139122318508,-0.22281732238046073,0.45908574902051397,0.016080259329652638,-0.44300548969086134,0.8160246705128387,0.0971969523124877,-0.718827718200351,4.561185191948686,22.873359233669294,0,0,1,0,1,0,0,0,1,0,0,1
4018356,ef881d2d-7717-4d24-a2bb-7db6406b1329,2,51,53,Switzerland Women's,Livia Peng,Sydney Schertenleib,22.4,34.6,66.9,7.3,52.206703,35.38822556377723,0.015990430699066513,0.5040702187301337,0.48807978803106716,0.12264509300318785,0.9210227401167064,0.7983776471135186,0.40540412855943886,1.4320032159102636,1.0265990873508248,13.76442425671216,3.5147395815289206,0,0,0,2,0,2,0,0,0,0,0,0
4018356,d4850b22-0ae0-4717-9c62-495c51c120a7,2,52,31,Spain Women's,Laia Aleixandri López,Olga  Carmona García,49.6,29.1,80.6,5.9,38.72002,19.131530529276887,0.06886952367891874,0.030799261263054652,-0.03807026241586409,0.28815637152962303,0.16148114921384182,-0.1266752223157812,0.7720251590484354,0.4797418769332158,-0.2922832821152196,8.557568377501495,10.883249747535098,0,0,0,0,0,0,0,0,1,0,0,1
4018356,1640d347-d39c-4676-989c-49e296301ea9,2,52,37,Spain Women's,Olga  Carmona García,Alexia Putellas Segura,92,3.5,78.6,6.4,13.710216,-7.316322440247475,0.6012442351494364,0.0634615272626476,-0.5377827078867887,0.9037879998357642,0.29041111540178544,-0.6133768844339788,1.3662625452956736,0.7943064295681764,-0.5719561157274972,1.7132263075333576,9.595097555195323,1,0,1,0,1,0,1,0,1,0,0,1
4018356,cf9aead3-56b2-4297-8c20-c73575475bef,2,52,39,Spain Women's,Alexia Putellas Segura,Patricia Guijarro Gutiérrez,78.6,6.6,80.6,17.1,10.688779,7.621640623916022,0.1935176248884003,0.45113123700814695,0.25761361211974665,0.5632957178238105,1.1314175656758954,0.5681218478520849,1.2466332030273588,2.1471984951520935,0.9005652921247347,5.553992657354434,4.602740061244068,0,0,0,1,1,3,0,0,0,0,0,0
4018356,215e7521-ec74-4b2b-8ec7-b399ea005e2f,2,52,43,Spain Women's,Patricia Guijarro Gutiérrez,Aitana Bonmati Conca,90.7,22.3,90.4,33.9,11.603879,4.0092604064650885,1.3596565117379582,1.3013871102629022,-0.05826940147505599,2.341148386680201,2.239828756420312,-0.10131963025988933,3.5467804479381653,3.466171665560174,-0.08060878237799107,1.9451864545101045,0.952729191788601,2,1,2,2,4,3,0,0,0,0,0,0
4018356,0982932c-7fad-40fa-ba1b-1adbc84930af,2,52,48,Switzerland Women's,Smilla Vallotto,Ana-Maria Crnogorčević,26.4,47,20.8,58.8,13.061394,-7.104349600393576,0.6992895612576625,0.10597535760005394,-0.5933142036576086,1.3268313395566604,0.4581810506633827,-0.8686502888932777,2.240728367050167,1.1330046464656474,-1.1077237205845196,1.9454247077909566,8.586832217731564,1,0,1,0,2,0,1,0,1,0,0,1
4018356,94dd611e-f68e-4a62-a410-8de87e46df54,2,52,51,Switzerland Women's,Ana-Maria Crnogorčević,Géraldine Reuteler,26,67.3,22,73.7,7.547185,-5.748411529075156,0.8770038529270242,0.6012449902607562,-0.27575886266626803,1.308201346656647,0.9960617770285219,-0.31213956962812495,1.80613355138414,1.4929527394642532,-0.31318081191988667,1.1888715400400724,2.0532531403363214,1,1,1,1,2,2,1,1,0,0,0,0
4018356,9cd32acf-5ce2-4d45-927a-ee25282b9d03,2,53,16,Switzerland Women's,Livia Peng,Noelle Maritz,25.6,44.9,33.4,23,23.24758,6.2742674134470064,0.014943109423076858,0.01321546874690822,-0.0017276406761686375,0.10137661202077354,0.11053050017808265,0.009153888157309109,0.3529428982821146,0.4110375987253436,0.05809470044322901,12.86731956144274,13.705888104961845,0,0,0,0,0,0,0,0,1,0,0,1
4018356,f9bc0859-aac1-4e91-86c0-455750300fec,2,53,19,Switzerland Women's,Noelle Maritz,Livia Peng,33.4,23,21.4,42.6,22.981731,-10.381455310074074,0.05052609874594993,0.0024280903205832864,-0.04809800842536664,0.21617600446863502,0.04029427779181452,-0.1758817266768205,0.5802088183678196,0.21168880661765951,-0.36852001175016,9.231159472208354,19.06808054282331,0,0,0,0,0,0,0,0,1,0,0,1
4018356,bd60bba3-bb5d-4b69-8cc8-d6a5ecbd7c34,2,53,23,Switzerland Women's,Livia Peng,Lia Wälti,21.2,42.4,36.4,41.1,15.255491,15.22190896978033,0.0034333842491865688,0.1351180813052984,0.13168469705611183,0.05370480030178098,0.49583852019879165,0.44213371989701067,0.26171439702535154,1.0611021448105271,0.7993877477851756,19.617128709120752,8.239514068658107,0,0,0,0,0,0,0,0,1,0,0,1
4018356,075eb788-452c-4df2-a18d-fd84e8d1e070,2,54,0,Spain Women's,Irene Paredes Hernandez,Alexia Putellas Segura,21.3,63.8,27.2,55.7,10.020978,7.410259736906212,0.1909212529128125,0.35031504885570014,0.15939379594288763,0.7253220168817955,0.9395304421664887,0.2142084252846932,1.6271131269514294,1.8823552766681075,0.25524214971667814,7.997942549554004,4.9463860097972105,0,0,0,1,1,2,0,0,1,0,0,1
4018356,aada7a6c-899e-4500-868e-f9e328b84c3f,2,54,1,Spain Women's,Alexia Putellas Segura,Irene Paredes Hernandez,27,55.7,21.9,59.3,6.2425957,-5.664592758929643,0.3503150318562625,0.2213488615585983,-0.12896617029766422,0.9395304359676367,0.7737108045197051,-0.16581963144793166,1.8823552840269584,1.6922136020110201,-0.19014168201593828,4.946386708770495,7.144452152804564,0,0,1,0,2,1,0,0,1,0,0,1
4018356,fc7ba9e1-e858-41df-990d-f3bd5ecdef56,2,54,2,Spain Women's,Irene Paredes Hernandez,Laia Aleixandri López,21.9,59.3,20.3,39.2,20.163582,0.2772885211543894,0.3152899228650779,0.12381958689182443,-0.19147033597325347,0.8804280937150362,0.4101276945073309,-0.4703003992077053,1.7549713466659729,0.9773818736226237,-0.7775894730433491,5.230178535645973,6.707083704427118,0,0,0,0,2,1,0,0,1,0,0,1
4018356,227d868f-f709-41a1-ac6e-4452af2daeed,2,54,7,Spain Women's,Laia Aleixandri López,María Francesca Caldentey Oliver,34.8,26.3,53.4,26.1,18.601076,18.259373338871598,0.6820798413838065,0.34491455177660174,-0.33716528960720477,1.0395282661742136,0.8510909270810223,-0.18843733909319127,1.5606678952499176,1.6261964153615742,0.06552852011165666,1.5009852296805797,4.215058701606641,1,0,1,1,1,1,0,0,1,0,0,1
4018356,b9f98c78-ec15-45ab-b6de-a5c11f646734,2,54,10,Spain Women's,María Francesca Caldentey Oliver,Ona Batlle Pascual,56.2,42.6,63.2,69.8,28.086296,-0.28969743663515857,0.4816552911942095,0.0078024440984135425,-0.473852847095796,1.2808990410935759,0.10074474695963002,-1.1801542941339458,2.4477497940507194,0.47141259303613536,-1.976337201014584,5.06116430519649,17.424853704059235,0,0,0,0,2,0,0,0,1,0,0,1
4018356,1b424ff1-55f3-4f9b-a540-ace74ebe2444,2,54,16,Spain Women's,Ona Batlle Pascual,Claudia Pina Medina,79,68.7,87.5,75,10.58017,2.2844450881511804,0.35756635109147444,0.2612053754650055,-0.09636097562646895,0.823700167047321,0.6654999468254489,-0.15820022022187208,1.576270841622433,1.2742506762265808,-0.3020201653958521,3.7591839075224733,5.226208236039188,0,0,1,0,1,1,0,0,1,0,0,1
4018356,29bbe225-db91-4333-8897-b7b7f67665a8,2,54,19,Spain Women's,Claudia Pina Medina,Irene Paredes Hernandez,87.3,75.6,66.6,55.1,29.133142,-7.154965811210133,0.7680147986980747,0.12962130743949746,-0.6383934912585771,1.113673958814749,0.4212227930653738,-0.6924511657493753,1.6731765801873142,0.9807179775962075,-0.6924586025911067,1.0812064813709923,6.737707949512201,1,0,1,0,1,1,0,0,1,0,0,1
4018356,422197b6-7368-4b25-a708-81447f994f31,2,54,23,Spain Women's,Irene Paredes Hernandez,Claudia Pina Medina,69.9,56.4,74.8,69.4,13.892804,-1.204374702576203,0.19310554240043754,0.14077248747749727,-0.05233305492294027,0.6045806723814058,0.5135747649616142,-0.09100590741979153,1.3782933589777824,1.235266465630001,-0.1430268933477814,5.860830982535927,7.165131891937731,0,0,0,0,1,1,0,0,1,0,0,1
4018356,821e97fe-26c8-4fbb-9586-350ec1d80a13,2,54,26,Spain Women's,Claudia Pina Medina,Ona Batlle Pascual,76.8,70.2,83.5,76.1,8.927485,1.3726604632221466,0.302058114676873,0.3469740928930917,0.04491597821621873,0.7671397959692784,0.7605000884934152,-0.006639707475863177,1.5595798859669858,1.4152978156250393,-0.1442820703419465,4.359955862003269,4.000695537292628,0,0,1,1,1,2,0,0,1,0,0,1
4018356,cc887552-bd31-4e6f-9448-1bc902d1c5f4,2,54,27,Spain Women's,Ona Batlle Pascual,Claudia Pina Medina,82.8,77,68.3,72.4,15.212166,-8.546009332681393,0.45959698302829627,0.5078217242906391,0.04822474126234283,0.8643437868657072,0.8777442684295778,0.013400481563870525,1.4752057151920654,1.4610543892862657,-0.014151325905799705,3.008294916499547,2.381124601664058,0,1,1,1,2,1,1,0,1,0,0,1
4018356,8b51624c-f979-4f18-a244-a161b92bf222,2,54,30,Spain Women's,Claudia Pina Medina,Irene Paredes Hernandez,68.3,72.4,57.8,61.8,14.92012,-4.896112016274422,0.5078217242906391,0.07157709580650282,-0.43624462848413625,0.8777442684295778,0.3238771156804321,-0.5538671527491457,1.4610543892862657,0.8064603778460012,-0.6545940114402645,2.381124601664058,10.289859440467172,1,0,1,0,1,0,0,0,1,0,0,1
4018356,ccd1267d-851d-4409-b284-6a4c3ff1a061,2,54,33,Spain Women's,Irene Paredes Hernandez,Ona Batlle Pascual,60.8,61.6,77.9,76.1,22.42008,7.559185296565204,0.07010724223557882,0.2400860195096693,0.16997877727409047,0.34002208956514424,0.5460020721920137,0.20597998262686945,0.900280188918414,1.0824351124492186,0.18215492353080465,10.487133709947269,4.490457343439159,0,0,0,1,0,1,0,0,1,0,0,1
4018356,80cc367a-c3f4-4d9b-b818-acc80b10d09e,2,54,44,Switzerland Women's,Lia Wälti,Nadine Riesen,39.1,29.1,37,10.7,18.51945,-6.388828297950127,0.5910924151740525,0.06625373017957886,-0.5248386849944737,1.2716105858195235,0.35218280363707727,-0.9194277821824461,2.206843422157837,0.9617354862195429,-1.245107935938294,3.1671864088556725,10.92343951340928,0,0,1,0,2,0,0,0,1,0,0,1
4018356,ef1a4ee1-6195-489d-9d2d-205e8e01af34,2,54,47,Switzerland Women's,Nadine Riesen,Lia Wälti,35.5,12.1,35.9,18.8,6.71193,2.255947281968247,0.08348198518489923,0.31431818117992566,0.23083619599502642,0.3920608021262378,0.8061980762452456,0.41413727411900786,1.023057209710142,1.57081454086868,0.547757331158538,9.619810313770023,4.697089007736526,0,0,0,1,0,2,0,0,1,0,0,1
4018356,3aa63ec0-6225-4b3a-9ae5-da30ebd29cc6,2,54,48,Switzerland Women's,Lia Wälti,Nadine Riesen,35.9,18.8,37.3,9.7,9.207063,-1.3450842382188597,0.37291426986205034,0.10538364058734111,-0.2675306292747092,0.8662839311357821,0.455221774223936,-0.41106215691184605,1.6257542842435009,1.1279351367904207,-0.4978191474530802,3.8672109086698496,8.650387967340693,0,0,1,0,1,0,0,0,1,0,0,1
4018356,bf0f7808-d613-439c-8172-1574da313b3f,2,54,51,Switzerland Women's,Nadine Riesen,Viola Calligaris,36.4,8.9,24.4,33.8,27.64073,-6.603469637483968,0.7383326544208971,0.21708080028788912,-0.521251854133008,1.2328598355850606,0.46437580398258615,-0.7684840316024745,1.9340113289894378,0.893808484781262,-1.0402028442081759,1.6767913436522315,4.646919839141789,1,0,1,1,2,1,1,1,0,0,0,0
4018356,64e09564-ef14-4857-b2f9-eeb6d4e9fecd,2,55,0,Spain Women's,Olga  Carmona García,Catalina Thomas Coll Lluch,54.2,25.5,27.9,34.9,27.929375,-24.862391296372337,0.45205898964665475,0.0002246046247071284,-0.4518343850219476,0.7271717421970063,0.009060247991948855,-0.7181114942050575,1.1372709904039322,0.07582941090402359,-1.0614415794999086,2.52476284088813,26.652979974240036,1,0,1,0,1,0,0,0,1,0,0,1
4018356,2e4f8832-0526-4006-9503-2575c23921c7,2,55,4,Spain Women's,Catalina Thomas Coll Lluch,Irene Paredes Hernandez,28.3,34.9,35.3,46.4,13.462912,6.900261233305486,0.00032469702406026673,0.004574500526030893,0.0042498035019706264,0.010675548441102536,0.04190189846608594,0.031226350024983404,0.08225057248111188,0.15692200412416735,0.07467143164305547,24.710380843348098,16.196538237572412,0,0,0,0,0,0,0,0,0,0,0,0
4018356,32d1ce5f-bf22-4402-b144-6bd609e52979,2,55,7,Spain Women's,Irene Paredes Hernandez,Ona Batlle Pascual,41.3,47.5,49.6,59.6,14.673104,5.979068914793913,0.028174519406466342,0.029595404894048133,0.0014208854875817911,0.1543951261357034,0.20571780551542698,0.051322679379723596,0.481349532946707,0.6828178057719919,0.2014682728252849,10.966827858044724,11.938211736917923,0,0,0,0,0,0,0,0,1,0,0,1
4018356,9f0e0602-1e5c-44f6-b48c-a2006c1fea70,2,55,18,Spain Women's,Aitana Bonmati Conca,Claudia Pina Medina,61.4,72,64.5,77.4,6.226556,-0.157449850814956,0.7411018136829531,0.15715922413472475,-0.5839425895482284,1.1848459562709766,0.5028253322702363,-0.6820206240007403,1.9268373730298696,1.1282776036550877,-0.7985597693747819,1.3359591776321638,6.483935377441528,1,0,1,0,2,1,1,0,1,0,0,1
4018356,c167ca38-8c44-4dd1-ac79-d77ce61bfc5d,2,55,25,Spain Women's,Irene Paredes Hernandez,Laia Aleixandri López,41.9,60.2,48.8,31.1,29.906855,8.915912858042716,0.018247889965925496,0.07577017284467832,0.05752228287875283,0.1397747036668638,0.2790563752335543,0.13928167156669052,0.5255414033207226,0.7081516962081009,0.1826102928873783,12.625192569350778,8.124779646246425,0,0,0,0,0,0,0,0,1,0,0,1
4018356,d485838c-1058-4124-9bcc-7c446720c692,2,55,28,Spain Women's,Laia Aleixandri López,Olga  Carmona García,51.3,28.7,67.6,11.9,23.407906,10.164150886042002,0.2355294548775787,0.03656917926480207,-0.19896027561277663,0.4826260562406506,0.19400866757161506,-0.2886173886690355,0.9040793715279251,0.6017132669625986,-0.3023661045653264,4.420874362178952,10.351526328184896,0,0,1,0,1,0,0,0,1,0,0,1
4018356,24b480c2-5af8-41d1-9c91-0abac8d2fd34,2,55,31,Spain Women's,Olga  Carmona García,María Francesca Caldentey Oliver,76.6,12.6,80.1,26.1,13.946325,9.073763262983263,0.3173738420312637,0.17173326811042586,-0.14564057392083782,0.6452568898094835,0.7023531826882679,0.05709629287878437,1.1504804720325221,1.6814431223422364,0.5309626503097142,3.7511412602100402,8.083427403484807,0,0,1,0,1,0,0,0,1,0,0,1
4018356,8cc1e450-9308-4600-8f26-ef0569b49bc3,2,55,46,Switzerland Women's,Ana-Maria Crnogorčević,Lia Wälti,8.4,62.8,14.7,53.8,10.9859,7.704800032840907,0.5902431048245096,0.6165623641203257,0.026319259295816133,1.0625412230280524,1.3314730820861793,0.2689318590581269,1.7056462514424973,2.1994205627375596,0.49377431129506233,2.5897502320266437,3.273505274027171,1,0,1,1,2,3,0,0,1,0,0,1
4018356,0c262ca5-379f-476b-924f-9278b03af98d,2,55,47,Switzerland Women's,Lia Wälti,Viola Calligaris,14.2,52.6,8.4,52.6,5.8,-5.761396000565085,0.6165623748866345,0.48193632936332337,-0.1346260455233111,1.3314731087134748,1.1259660687988917,-0.20550703991458308,2.19942059729584,1.9657298253086508,-0.23369077198718902,3.2735054294791803,4.882595053070197,0,0,1,1,3,2,1,0,0,0,0,0
4018356,5dc626c6-28ed-4019-832a-db8dde01f881,2,55,49,Switzerland Women's,Viola Calligaris,Sydney Schertenleib,6.9,57,37.9,67.2,32.63495,27.882055913062075,0.7913282396571635,1.1988073500853633,0.40747911042819984,1.391721275327181,1.6080899595894746,0.2163686842622936,2.10767488278532,2.1706993299219697,0.0630244471366499,2.0944681193548567,0.3872446402949843,1,1,1,2,3,2,1,1,0,0,0,0
4018356,03f83369-d96f-4617-9f91-2c99539033ce,2,55,54,Spain Women's,Patricia Guijarro Gutiérrez,Esther Gonzalez Rodríguez,89.7,24.5,104.7,25.8,15.056228,13.160247678904327,1.1148736816273066,0.6341227401124238,-0.48075094151488285,1.9226346669674022,1.4400871034340852,-0.48254756353331696,3.0040473546182094,2.606077148397475,-0.3979702062207342,1.6358572950489658,4.125622637590239,1,0,2,2,3,3,0,0,1,0,0,1
4018356,0fe9c9d1-897d-4efb-8e43-c836c8b87b1f,2,55,57,Spain Women's,Esther Gonzalez Rodríguez,Alexia Putellas Segura,111.2,25.1,107.1,20.3,6.3126855,-6.243200019044451,0.8349704376263732,0.1976461215727498,-0.6373243160536235,1.5997198565648652,0.727087428883715,-0.8726324276811501,2.6715088232813606,1.7077511271501447,-0.963757696131216,2.2228768414010407,7.856761999588315,1,0,2,0,3,1,0,0,1,0,1,1
4018356,f39125ee-126e-4182-bdf8-ba7a6da21845,2,56,3,Spain Women's,Ona Batlle Pascual,Claudia Pina Medina,98.1,57.3,107.9,58.4,9.861542,5.8867455604023355,0.47281503265861324,0.6787276404491756,0.2059126077905623,0.9711750992304778,1.3795860308217924,0.4084109315913146,1.860674278963984,2.432637823419186,0.5719635444552018,2.729625358555381,2.793220688525174,1,1,1,1,1,3,0,0,0,1,1,1
4018356,3e16a8b1-7154-4e84-a666-28a7be4d4039,2,56,44,Switzerland Women's,Ana-Maria Crnogorčević,Iman Beney,49.8,68.8,59.7,67,10.062305,9.809232322050136,0.7674861004690828,0.9398281377380846,0.17234203726900177,1.1912693524446822,1.5083219738004843,0.31705262135580203,1.857497855049649,2.2629564813622363,0.4054586263125872,1.1879402651070528,1.134880252969307,1,1,1,1,1,2,0,1,1,0,0,1
4018356,3e1f6e34-fe40-4c71-8fe9-993f91de4519,2,56,47,Switzerland Women's,Iman Beney,Viola Calligaris,51.3,67.2,36.4,56.3,18.461311,-11.285600778984616,1.499558712694018,0.07501487568708341,-1.4245438370069345,2.2502323508917415,0.3952245961551376,-1.855007754736604,3.052640443245455,1.0937111035761238,-1.958929339669331,1.229291866778254,10.081974473185397,2,0,2,0,4,0,0,0,1,0,0,1
4018356,ca7d8480-706b-43a4-ab24-2f1b280923af,2,56,50,Switzerland Women's,Viola Calligaris,Géraldine Reuteler,35.7,55.6,37.7,76,20.497805,-4.0979606944727465,0.26116966079451526,0.016881643527340846,-0.24428801726717442,0.6691690652296147,0.13047887112731915,-0.5386901941022956,1.3578366174293623,0.4551707729075295,-0.9026658445218328,4.641893016774283,13.768035806168387,0,0,1,0,1,0,0,0,1,0,0,1
4018356,268ebd26-59e8-41c3-8e1f-a37ce13a76f5,2,57,1,Spain Women's,Patricia Guijarro Gutiérrez,Olga  Carmona García,49.6,17.7,51.4,7.2,10.653169,-2.1906703675593207,0.4327259164832385,0.015095886633011668,-0.41763002985022685,1.0585990859413834,0.15589173615398252,-0.9027073497874009,2.0407824042400424,0.6219610604926685,-1.418821343747374,3.7249723877873713,16.170470869964905,0,0,1,0,2,0,0,0,1,0,0,1
4018356,d6f0e96b-e1a5-4d3d-ad7a-bd150f25186c,2,57,8,Spain Women's,Laia Aleixandri López,Irene Paredes Hernandez,50.4,19.5,51.4,44.6,25.119913,3.802199611912613,0.0673655608677814,0.032163623060162856,-0.03520193780761854,0.3040010933119933,0.2125367577930434,-0.09146433551894992,0.8247814353886859,0.7231037070926398,-0.10167772829604604,9.56835941621958,11.322201042623002,0,0,0,0,0,0,0,0,1,0,0,1
4018356,6b926eb8-42ef-4294-9ffa-e827d4d16662,2,57,11,Spain Women's,Irene Paredes Hernandez,Claudia Pina Medina,51.4,44.8,68.1,66.4,27.30293,10.539123768141224,0.03572776091631236,0.04641907523866292,0.010691314322350563,0.23504204659788228,0.26850714677836135,0.033465100180479074,0.7827886878414839,0.8273142100713562,0.04452552222987227,11.25812683888345,10.788517310326926,0,0,0,0,0,0,0,0,1,0,0,1
4018356,8765314c-7c00-49e9-9b41-dc616c61fba2,2,57,13,Spain Women's,Claudia Pina Medina,Aitana Bonmati Conca,70.8,67.6,94.1,63.4,23.675514,21.507607300927447,0.05824917583587369,0.9425603165590992,0.8843111407232256,0.31260029434997516,1.4127628909464713,1.1001625965964963,0.922169884873587,2.1325700771618292,1.2104001922882421,10.043744473120775,0.7822521147219189,0,1,0,1,0,2,0,1,1,0,0,1
4018356,136d1677-4941-43e2-a0ca-c12658924977,2,57,23,Switzerland Women's,Lia Wälti,Nadine Riesen,25.4,27.3,27.9,13.1,14.418391,-0.4993294448550216,0.8450633755351751,0.04557882389535119,-0.7994845516398239,1.5385727314378026,0.27083255362058956,-1.267740177817213,2.369395023485652,0.8208444177826725,-1.5485506057029794,2.8445221023656613,11.118449655025556,1,0,3,0,3,0,0,0,1,0,0,1
4018356,bb026a57-7484-4110-96a5-5aab2dde94ec,2,57,46,Spain Women's,Laia Aleixandri López,Olga  Carmona García,44.4,36.7,56.2,15.3,24.437675,7.257590464574818,0.036594294442663454,0.01414235605071959,-0.022451938391943864,0.21128604886684532,0.10985597627618986,-0.10143007259065547,0.660077667260855,0.4231916289049182,-0.23688603835593686,10.59324503057685,13.315998430013888,0,0,0,0,0,0,0,0,1,0,0,1
4018356,495463e7-a1f4-44ee-8143-116a93f75b3d,2,57,55,Spain Women's,Irene Paredes Hernandez,Ona Batlle Pascual,48.8,41.2,59.6,62.6,23.970816,6.720422543200129,0.07694300870680039,0.016925038135878416,-0.06001797057092197,0.31603636168575894,0.14261132846730634,-0.1734250332184526,0.8171021061913438,0.5497485151787174,-0.26735359101262646,8.569934412989552,13.217557075683503,0,0,0,0,0,0,0,0,1,0,0,1
4018356,769d98a9-88cf-4328-8959-65183b54ca67,2,58,0,Spain Women's,Ona Batlle Pascual,Irene Paredes Hernandez,64,62.4,53.1,49,17.27339,-7.188820774087411,0.20414620420217855,0.04288365194187245,-0.1612625522603061,0.47509556380036194,0.22086871535262295,-0.254226848447739,0.9959193097215093,0.6436031844497945,-0.35231612527171485,4.883297396351962,10.335011991212099,0,0,1,0,1,0,0,0,1,0,0,1
4018356,6c60e548-d98c-4eb7-82bc-273e56e52e08,2,58,2,Spain Women's,Irene Paredes Hernandez,Laia Aleixandri López,53.8,46.4,56.6,26.9,19.7,1.769399843235803,0.03951878331055526,0.010442243408368227,-0.029076539902187032,0.2091849118495963,0.09508398953003426,-0.11410092231956205,0.6130616400319414,0.37472288546921495,-0.23833875456272646,10.512958788883557,14.472090249947785,0,0,0,0,0,0,0,0,1,0,0,1
4018356,b2f6c9ad-a91b-412b-a3e6-6bb3bd84db06,2,58,9,Spain Women's,Laia Aleixandri López,María Francesca Caldentey Oliver,77.5,22.2,87.1,5.5,19.26266,-1.5954231242928856,0.4596116797080333,0.024806908361193147,-0.43480477134684015,0.9695398255892734,0.18653205466991948,-0.7830077709193539,1.8057883869960083,0.6513748518041749,-1.1544135351918334,3.1951942120058816,13.448056622429522,0,0,1,0,2,0,0,0,1,0,0,1
4018356,01bee2c1-8a8e-47ee-bd67-5b07a19501de,2,58,14,Spain Women's,María Francesca Caldentey Oliver,Patricia Guijarro Gutiérrez,92.7,14.9,104.9,26.5,16.834488,16.83016145785583,0.7633090683418259,0.9381505904356321,0.1748415220938062,1.4594522500286398,1.7076551053892945,0.24820285536065478,2.4237683337768496,2.849697526813159,0.42592919303630916,2.6926272795595807,1.2548692165032114,1,1,2,1,2,3,0,1,0,0,0,0
4018356,6063cd89-cff1-48e1-8d6a-3464f05d3795,2,58,24,Spain Women's,Ona Batlle Pascual,María Francesca Caldentey Oliver,77.9,39,79.9,30.7,8.537564,0.947569884338769,0.31569754559526064,0.3736303675046355,0.057932821909374876,0.8328121501513549,1.0243982971159369,0.19158614696458198,1.7213994044573884,2.091685134185439,0.37028572972805085,4.411628975900932,4.651107198473333,0,0,1,1,1,2,0,0,1,0,0,1
4018356,e9a0b493-58b2-4ed6-b8ac-0f2fe4ed1909,2,58,35,Spain Women's,Alexia Putellas Segura,Esther Gonzalez Rodríguez,92,21.6,109.1,43.4,27.706497,22.08665825056559,0.21972527572510395,1.2061374435432652,0.9864121678181613,0.7014328286132354,1.8918427697796822,1.1904099411664468,1.5635685870787042,2.8301090386270937,1.2665404515483896,6.146535472594442,0.9109762769603262,0,1,0,2,1,2,0,0,0,1,1,1
4018356,a3317370-056d-43c1-8d00-9de4e60fa616,2,59,7,Switzerland Women's,Sydney Schertenleib,Nadine Riesen,64.1,23.7,61.3,2,21.8799,-11.69831822701316,0.9609772636963106,0.661853614948703,-0.29912364874760766,1.6736991872477385,1.0501705961317296,-0.6235285911160089,2.595073118371978,1.5224900323346062,-1.072583086037372,1.2779044262828494,2.452871773987656,1,1,1,2,3,2,1,1,0,0,0,0
4018356,742e4314-3d7f-4585-9d44-19400cc46f21,2,59,12,Spain Women's,Ona Batlle Pascual,Patricia Guijarro Gutiérrez,50,77.6,49.6,70.5,7.1112585,2.7362287925629403,0.4603845405840966,0.6847983411423171,0.22441380055822047,0.98083738649968,1.385615592795335,0.4047782062956551,1.67930729022589,2.2293778415791827,0.5500705513532926,3.934209594071063,3.153601747519173,0,0,1,2,2,3,0,0,1,0,0,1
4018356,a17e5755-1a59-431a-b984-ba13a4c28d9a,2,59,13,Spain Women's,Patricia Guijarro Gutiérrez,Irene Paredes Hernandez,49.6,70.5,27.9,71.4,21.718655,-20.58260657405198,0.6847983411423171,0.6837326095547659,-0.0010657315875511886,1.385615592795335,0.8451132389414637,-0.5405023538538714,2.2293778415791827,1.0916391442909241,-1.1377386972882586,3.153601747519173,1.1593953695188146,0,1,2,1,3,1,0,0,1,0,0,1
4018356,c0d1e87d-361e-46d6-bbe5-5c2033224e12,2,59,16,Spain Women's,Irene Paredes Hernandez,Catalina Thomas Coll Lluch,24.7,72,11.5,47.5,27.82966,-8.229857153468473,0.6837324837072013,0.019706075197571667,-0.6640264085096297,0.8451131397052631,0.09478946703976968,-0.7503236726654935,1.0916390517709764,0.22933748781275226,-0.8623015639582241,1.1593959175676578,11.780484915347229,1,0,1,0,1,0,1,0,1,0,0,1
4018356,2a33b710-5d08-4e65-8dab-d1985fbfffa2,2,59,18,Spain Women's,Catalina Thomas Coll Lluch,Laia Aleixandri López,11.5,47.5,31,29.9,26.268042,19.18765113086232,0.019706075197571667,0.006814256163291235,-0.012891819034280431,0.09478946703976968,0.0797291702553153,-0.015060296784454377,0.22933748781275226,0.36290602912039593,0.13356854130764367,11.780484915347229,15.869431477089604,0,0,0,0,0,0,0,0,1,0,0,1
4018356,1bab08ac-7821-4e6f-b0e4-7254458ed978,2,59,23,Spain Women's,Laia Aleixandri López,Aitana Bonmati Conca,42.6,31.4,50.4,35.2,8.676405,8.110991289988362,0.016600445298203717,0.15035450092789665,0.13375405562969295,0.15791879347379853,0.5607873525669893,0.40286855909319075,0.6284638611540133,1.4188414766249988,0.7903776154709855,14.718157869220029,6.581697756870955,0,0,0,0,0,1,0,0,1,0,0,1
4018356,d7aa35f3-5f88-4e8a-ba95-a684f3033f8c,2,59,33,Spain Women's,Aitana Bonmati Conca,Claudia Pina Medina,92.9,54.8,116.3,60.9,24.182018,9.65300040880695,1.128440890426387,0.6914821667226128,-0.4369587237037742,2.0301711854558833,1.2248570000419916,-0.8053141854138917,3.0808550676362594,2.136635281959394,-0.9442197856768653,2.9992224625354105,1.5423731592155023,1,1,3,1,4,1,0,1,0,0,0,0
4018356,3e901d35-b15d-4f69-95d1-4fade732ffd7,2,62,7,Switzerland Women's,Viola Calligaris,Géraldine Reuteler,35.7,63.2,55.9,67,20.554317,17.8797794231385,0.12345165916325918,0.4846081712818272,0.36115651211856803,0.33636445289721034,1.1113559406327498,0.7749914877355395,0.712453181537874,1.8763460259551534,1.1638928444172794,6.383133636801039,5.154536443968508,0,0,0,0,1,3,0,0,0,0,0,0
4018356,ba50d944-aeb5-4fcb-b50e-553688385f08,2,62,9,Switzerland Women's,Géraldine Reuteler,Ana-Maria Crnogorčević,56.9,68.4,50.9,76,9.682975,-8.718798878888776,0.839492046220406,0.22760643538033143,-0.6118856108400745,1.5547128440370659,0.669665619850963,-0.8850472241861029,2.480993014327954,1.4095876940790455,-1.0714053202489087,2.1460763758012122,5.3934992082329725,1,0,2,0,3,1,1,0,0,0,0,0
4018356,19b6bbb1-e7dd-4c31-988f-d34580399dbf,2,62,43,Spain Women's,Laia Aleixandri López,Irene Paredes Hernandez,32.6,18.7,39.9,44.8,27.10166,9.714354436091412,0.05798882142925423,0.01144240481102667,-0.04654641661822756,0.24956518223784183,0.12723845220956131,-0.12232673002828051,0.6613970525044782,0.5382148598146225,-0.12318219268985575,9.205464959513632,15.898415105967175,0,0,0,0,0,0,0,0,1,0,0,1
4018356,f630ceef-8f82-4eef-9dc4-a0ba0cf3dc79,2,62,46,Spain Women's,Irene Paredes Hernandez,Ona Batlle Pascual,45.8,48.4,55.6,68.8,22.631836,4.127519371259709,0.015802860375872783,0.13271136730530184,0.11690850692942906,0.15897024754367875,0.40026567513263067,0.24129542758895192,0.6374539169476251,0.9333082987656431,0.29585438181801804,15.592090162027365,6.4047255552018285,0,0,0,0,0,1,0,0,1,0,0,1
4018356,905dfb61-1c2c-4881-9f11-4c95ce61d4a8,2,62,49,Spain Women's,Ona Batlle Pascual,Athenea del Castillo Belvide,59.8,71.2,68,77.2,10.160708,3.8685013818988594,0.13271114377865084,0.2923263168227411,0.15961517304409023,0.4002652866611203,0.6605472421771922,0.26028195551607186,0.9333077381382836,1.211494154489171,0.2781864163508875,6.404730813111278,4.713036403703382,0,0,0,1,1,2,0,0,1,0,0,1
4018356,516bab87-ef93-4585-bbc1-6a5738f7b9bb,2,62,51,Spain Women's,Athenea del Castillo Belvide,Aitana Bonmati Conca,69.4,77.6,70.3,74.6,3.132092,2.4827982174807914,0.5682780934908904,0.37942307536344727,-0.18885501812744315,0.9611583745432324,0.922975665358311,-0.03818270918492139,1.5135753754757726,1.7617562343031383,0.24818085882736574,2.4561132079739276,4.577045666337842,1,0,1,1,2,2,0,0,1,0,0,1
4018356,79aaad77-d94a-4337-b97f-4f592bbd2387,2,62,54,Spain Women's,Aitana Bonmati Conca,Athenea del Castillo Belvide,71.2,74.3,78.4,76.1,7.4215903,4.568716828421863,0.529868066465357,0.335924213095071,-0.19394385337028602,1.1205896142914253,0.8210181194193016,-0.29957149487212376,2.0191950150678446,1.5634798145121027,-0.4557152005557419,3.7135840564033766,4.451881428687854,0,0,2,1,2,1,0,0,1,0,0,1
4018356,386b828f-1bee-4035-8173-2c7743e36e55,2,62,55,Spain Women's,Athenea del Castillo Belvide,Ona Batlle Pascual,78.4,76.1,63.2,74.3,15.306208,-11.273401194872527,0.5427450329535529,0.0441696346094692,-0.4985753983440837,1.1210121688911765,0.2888986656248729,-0.8321135032663036,1.9487162792964356,0.9066314869070851,-1.0420847923893506,3.276179098672558,11.838117864889155,0,0,1,0,3,0,0,0,0,0,0,0
4018356,b9dc2825-654c-4462-a6f0-92af7924ba5d,2,63,5,Switzerland Women's,Nadine Riesen,Iman Beney,18.6,2.7,37.5,8.5,19.769926,19.73369940994492,0.6771500541884439,0.8153340350452865,0.13818398085684258,0.898185288136316,1.2887065216115192,0.3905212334752032,1.2852141462065878,1.9113216835614382,0.6261075373548504,1.2418835843576812,1.6189128349148307,1,1,1,2,1,2,1,1,1,0,0,1
4018356,5befbf73-0023-4f1d-b757-f1e67f10991e,2,63,7,Switzerland Women's,Iman Beney,Smilla Vallotto,37.3,9.3,37,18.7,9.404786,2.524900311617472,0.8153340289859871,1.0543174795175863,0.2389834505315992,1.2887065043932338,1.6270093911235266,0.33830288673029285,1.911321648230837,2.3812698977448146,0.4699482495139775,1.6189129183998088,0.7516613921453921,1,1,2,1,2,4,1,1,0,0,0,0
4018356,faa6a3a7-e83d-4de2-9dd5-0ff37b241234,2,63,8,Switzerland Women's,Smilla Vallotto,Sydney Schertenleib,38.2,18.3,47.5,3.8,17.226143,3.5942525799925704,1.0543177923993905,0.16496190228236574,-0.8893558901170248,1.6270095038191035,0.5928869235831784,-1.034122580235925,2.3812699147631946,1.3363460837601873,-1.0449238310030073,0.7516597582704084,7.249627676804553,1,0,1,0,4,1,1,0,0,0,0,0
4018356,0fe72312-d9e9-4fdb-af9b-28d9dbeafde9,2,63,59,Spain Women's,Irene Paredes Hernandez,Laia Aleixandri López,54,41.5,62.8,27.3,16.705688,7.424125593241293,0.0881494468603359,0.024603738059071446,-0.06354570880126446,0.37642329645316913,0.183603996758986,-0.19281929969418313,1.0055914037950962,0.6484869988391995,-0.3571044049558967,8.341285276835174,12.649776037492954,0,0,0,0,0,0,0,0,1,0,0,1
4018356,e6168986-cb65-4457-be11-58a0a41f565d,2,64,8,Switzerland Women's,Géraldine Reuteler,Ana-Maria Crnogorčević,34.2,64.8,21.8,63,12.529964,-11.545262072892044,1.0906607024807977,0.0866886083141847,-1.003972094166613,1.6970083836585035,0.37295536757901,-1.3240530160794934,2.3962107221154683,0.9879269596606315,-1.4082837624548368,1.4407055354708156,8.157625686906389,1,0,2,0,3,0,1,0,0,0,0,0
4018356,aab2af20-fefd-47e2-9e43-4b27625b6c39,2,64,9,Switzerland Women's,Ana-Maria Crnogorčević,Alayah Pilgrim,22.2,63.2,56.5,66.1,34.422375,31.859435655629113,0.08668856532273019,0.8523934078167135,0.7657048424939833,0.37295527153943514,1.160727687454521,0.7877724159150858,0.9879268203554991,1.692124075965559,0.7041972556100599,8.15762736098128,0.7419944837495474,0,1,0,1,0,1,0,0,0,0,0,0
4018356,89b2b931-95eb-4ddf-82b6-54891a0f4bec,2,64,48,Switzerland Women's,Lia Wälti,Viola Calligaris,52.3,41.6,48.7,69.9,28.528057,-9.596682741261077,0.6507503888785957,0.047299628747015224,-0.6034507601315805,0.9556766281647017,0.20071374103651118,-0.7549628871281905,1.4894188840209417,0.5399469526561245,-0.9494719313648172,1.4272313759635173,9.373502350763824,1,0,1,0,1,0,1,0,0,0,0,0
4018356,9e2b630f-1c31-4394-8867-26c5afe7d8de,2,64,51,Switzerland Women's,Viola Calligaris,Géraldine Reuteler,48.5,70.8,61.9,76.9,14.723111,9.024252580538459,0.3462963509477898,0.07903552717006902,-0.2672608237777208,0.5866844616808378,0.3017065989487055,-0.28497786273213227,0.9426152021945428,0.7139695821758338,-0.22864562001870892,3.2263865527929063,8.731455410541361,0,0,1,0,1,0,1,0,0,0,0,0
4018356,f39bb01f-8aab-4db3-88b8-df7dbbc61e00,2,64,55,Spain Women's,Leila Ouahabi El Ouahabi,Athenea del Castillo Belvide,49.4,19.3,63,48.4,32.121178,15.956450624890024,0.6416228213036894,0.34497834176451364,-0.2966444795391758,1.2074872175326121,0.7574270700792515,-0.45006014745336065,1.9598602773588376,1.3703791759323938,-0.5894811014264438,2.597509670294419,4.437625988862162,1,0,1,1,2,2,0,0,1,0,0,1
4018356,1dd7b715-316a-49aa-991f-b5b735e2a21f,2,65,3,Spain Women's,Patricia Guijarro Gutiérrez,Laia Aleixandri López,63.6,38.3,53.8,34.1,10.662083,-10.036780631902793,0.7021924488193364,0.1536805159842337,-0.5485119328351027,1.4360999804618615,0.5595445702314106,-0.8765554102304509,2.347007092747675,1.2494948158645534,-1.0975122768831216,3.360714390199779,8.487914476442901,0,0,2,0,3,0,0,0,1,0,0,1
4018356,7c6062c3-04ff-413a-b693-b5be56670891,2,65,5,Spain Women's,Laia Aleixandri López,Leila Ouahabi El Ouahabi,54.6,29.5,66.1,15.1,18.42851,6.863963987245484,0.08895148230099156,0.043511385435772945,-0.04544009686521862,0.40717924568952724,0.219450372078974,-0.18772887361055324,1.0040329491436621,0.672656898362819,-0.3313760507808432,10.165392155425039,9.810298029007127,0,0,0,0,0,0,0,0,1,0,0,1
4018356,637d22f5-3e46-418f-a412-9f8cec124043,2,65,7,Spain Women's,Leila Ouahabi El Ouahabi,Claudia Pina Medina,74.1,14,93.5,9.5,19.91507,12.348138217725804,0.416719109506805,0.07981784712459665,-0.33690126238220836,0.7179329601545706,0.33125772113016205,-0.3866752390244086,1.2629329493188972,0.8354466411617767,-0.4274863081571205,2.740552449141469,8.619119028062268,1,0,1,0,1,0,0,0,1,0,1,1
4018356,a056c76f-77d5-42aa-8d1c-d5fc73407ce6,2,65,11,Spain Women's,Claudia Pina Medina,Aitana Bonmati Conca,98.7,9.7,101.1,30.3,20.739334,15.793725883454577,0.5210988960763137,0.5935706207991388,0.07247172472282515,1.1026778892022433,1.3190234899869195,0.21634560078467624,1.8382780395541471,2.3462357177901443,0.5079576782359971,3.5457124825477684,3.746296438124862,0,0,1,2,3,2,0,0,1,0,1,1
4018356,c7094dae-23cf-4b40-afeb-6422585ae56b,2,65,16,Spain Women's,Aitana Bonmati Conca,Athenea del Castillo Belvide,102.8,33.8,107,33.2,4.2426405,3.6122657887818814,1.6859336758282948,1.5956916326968054,-0.09024204313148942,2.710670934408159,2.7260013645836936,0.01533043017553437,3.9883488375531844,3.98603972847362,-0.0023091090795643865,1.1772461121357845,1.89124062253743,2,2,2,4,5,4,1,0,0,1,1,1
4018356,4870a937-6eea-4b76-96a0-64fcf06646db,2,66,33,Switzerland Women's,Géraldine Reuteler,Ana-Maria Crnogorčević,48.5,72.4,64.5,70.4,16.124516,15.218063612251363,0.10040330959728286,0.9087863323871811,0.8083830227898983,0.32502691960789315,1.2566383964066172,0.931611476798724,0.7241816041325326,1.7854067038444534,1.0612250997119208,7.206920368282179,0.6723759447794662,0,1,0,1,1,1,0,1,1,0,0,1
4018356,2564c5eb-1b6b-4a8a-91ec-3d55066bbe06,2,66,35,Switzerland Women's,Ana-Maria Crnogorčević,Géraldine Reuteler,62.1,71,65.9,75.3,5.7384667,1.0785683541808027,1.1877382284076612,0.7589693789409501,-0.4287688494667111,1.6653190108076175,1.2845613853908417,-0.3807576254167757,2.252271019813062,1.907035658941684,-0.3452353608713783,0.6710321329927358,2.5305292090517386,1,1,2,2,3,3,0,0,1,0,0,1
4018356,725ecdb9-5dfc-4f2b-90a9-a93833fc39db,2,67,27,Spain Women's,Laia Aleixandri López,Irene Paredes Hernandez,64,12.4,63.2,29.7,17.318487,4.705705911372377,0.061818989761131475,0.009416495529184124,-0.05240249423194735,0.2436159544924739,0.10641075679328518,-0.1372051976991887,0.6525091413157085,0.47115130385136517,-0.1813578374643433,8.569909646907428,15.526712344490932,0,0,0,0,0,0,0,0,1,0,0,1
4018356,a8ac2ead-a179-4c11-bc13-691ebc7c062e,2,67,30,Spain Women's,Irene Paredes Hernandez,Laia Aleixandri López,63.2,29.7,63.6,21.1,8.609298,-1.7561812968382569,0.03894016103374799,0.03262880373342067,-0.006311357300327322,0.2332922337976372,0.2010635423723195,-0.0322286914253177,0.749879479487576,0.658974242107847,-0.090905237379729,10.6014149978622,11.141132607538893,0,0,0,0,0,0,0,0,1,0,0,1
4018356,5dea6357-7cbb-4927-a59b-9fc020a91a88,2,67,32,Spain Women's,Laia Aleixandri López,Leila Ouahabi El Ouahabi,65.2,19.5,87.5,5,26.599625,10.746455277315277,0.05293556852343984,0.24465528483240365,0.1917197163089638,0.2740251356263194,0.5691601747164969,0.2951350390901775,0.7956639724887543,1.1186158272972275,0.3229518548084732,10.024625061083018,4.552653244902564,0,0,0,1,0,1,0,0,1,0,0,1
4018356,3daa3b52-e6bf-46cd-aafb-5715f9c00b0d,2,67,34,Spain Women's,Leila Ouahabi El Ouahabi,Claudia Pina Medina,92.7,4.6,92.2,18.7,14.108863,9.682176341938167,0.5192875625583747,0.6652841891663468,0.14599662660797208,0.8317766644547353,1.236031680705505,0.40425501625076965,1.3083652806107549,1.981768635297661,0.673403354686906,2.1540418177295537,2.9323167073562786,1,1,1,2,1,2,1,0,1,0,0,1
4018356,f5eaf660-1840-4662-8702-665a23e7268e,2,67,37,Spain Women's,Claudia Pina Medina,Esther Gonzalez Rodríguez,92.2,18.7,98.9,29.3,12.539936,11.363870696001218,0.8859621978169129,1.559819735710896,0.6738575378939832,1.6449293588292337,2.452106555441694,0.8071771966124603,2.6989318195500345,3.604656953866518,0.9057251343164836,2.5346525989010495,0.9229666725397189,1,2,2,2,2,4,0,1,1,0,0,1
4018356,11038661-60ce-4aba-88b8-0e989507d255,2,67,48,Spain Women's,Catalina Thomas Coll Lluch,Leila Ouahabi El Ouahabi,29.7,18,49.3,10.6,20.950418,16.37207587447145,0.12893940355989789,0.023548194381745328,-0.10539120917815256,0.2925710795283422,0.1597523069742223,-0.13281877255411992,0.46386822181092036,0.5131103350444308,0.049242113233510465,6.145238174485625,12.466150157178735,0,0,0,0,1,0,0,0,1,0,0,1
4018356,04ca9261-4446-43e9-bece-6864b06d4e1a,2,67,52,Spain Women's,Leila Ouahabi El Ouahabi,Alexia Putellas Segura,53.1,10.4,59.2,5.9,7.5802374,3.4460372470993406,0.023548194878103123,0.0304606776885938,0.006912482810490676,0.1597523159527766,0.21098904128883583,0.05123672533605922,0.5131103628425662,0.7006998735159493,0.18758951067338314,12.466150587527588,12.052859939534562,0,0,0,0,0,0,0,0,1,0,0,1
4018356,5b8d8fe9-5fca-4456-a614-304ad9e43d34,2,67,55,Spain Women's,Alexia Putellas Segura,Laia Aleixandri López,60,6.6,45.3,16.6,17.77892,-9.609372413342385,0.4018354210415913,0.06315743068551115,-0.33867799035608015,0.8822917391753957,0.2824848519931219,-0.5998068871822738,1.652207037451208,0.771490518778146,-0.8807165186730619,3.4930564018005197,8.93625340762824,0,0,1,0,1,0,0,0,1,0,0,1
4018356,48a80bd2-2a96-48c8-8818-2dc214e1112f,2,67,58,Spain Women's,Laia Aleixandri López,Irene Paredes Hernandez,45.5,16.9,44.8,41,24.110165,2.7924539166820495,0.07097853644163156,0.008352138910733725,-0.06262639753089784,0.30728269973721,0.09766730883299113,-0.20961539090421888,0.8301597937158086,0.454654762464976,-0.3755050312508326,8.729057581156866,15.530071069923675,0,0,0,0,0,0,0,0,1,0,0,1
4018356,232510b5-d6f2-49be-905d-72a38af4ccf0,2,68,1,Spain Women's,Irene Paredes Hernandez,Ona Batlle Pascual,44.8,41,50.2,60.4,20.137527,2.486637641158424,0.012790642528185351,0.013270339786929285,0.0004796972587439337,0.12238895486038093,0.10563652740796742,-0.01675242745241351,0.515246088961975,0.4287345695707277,-0.0865115193912473,14.059093069040863,13.330102606103429,0,0,0,0,0,0,0,0,1,0,0,1
4018356,01eeec00-af55-4f87-b6af-ab124a657bca,2,68,4,Spain Women's,Ona Batlle Pascual,Aitana Bonmati Conca,50.2,60.4,57,48.2,13.967104,9.188601446454562,0.0344926350281047,0.5859886504832905,0.5514960154551858,0.18221153126717782,1.0862675806533268,0.904056049386149,0.5850293291779137,1.8530018142973885,1.2679724851194747,10.449641327909948,2.3103858281582443,0,1,0,1,0,1,0,0,1,0,0,1
4018356,e320fda5-49a3-48df-a7f4-0f6a34451d49,2,68,7,Spain Women's,Aitana Bonmati Conca,Athenea del Castillo Belvide,52.9,56,63.6,74.8,21.63169,2.709063227760339,0.4611565263675991,0.06528359577014828,-0.39587293059745077,0.9416671361665485,0.32201000553491155,-0.619657130631637,1.6061333732610248,0.8881414703380546,-0.7179919029229702,3.309124369163362,10.569945157210947,0,0,1,0,2,0,0,0,1,0,0,1
4018356,7e07e0de-1fd4-4614-96c1-ed1847b8e7ca,2,68,11,Spain Women's,Athenea del Castillo Belvide,Ona Batlle Pascual,63.6,74.8,51.1,71.4,12.95415,-9.445533280838177,0.37419677721763417,0.03888210733754083,-0.33531466988009334,0.7262716152014914,0.22871611651286436,-0.49755549868862703,1.2618999395245396,0.6706206130990439,-0.5912793264254957,3.3640185322637484,12.106784606854399,0,0,1,0,1,0,0,0,1,0,0,1
4018356,f7424eaf-b6dd-4332-883e-cf1c6a04d3ec,2,68,13,Spain Women's,Ona Batlle Pascual,Aitana Bonmati Conca,51.1,71.2,56.2,65.8,7.427651,6.815795308421855,0.05486000597193438,0.4579033465485496,0.4030433405766152,0.2787621663396758,0.9626714036053239,0.6839092372656481,0.7556045777802561,1.6377695626288804,0.8821649848486243,11.035455022137404,3.6644725421985855,0,0,0,1,0,2,0,0,1,0,0,1
4018356,b2b424bc-01b1-4b87-a368-110fc9967549,2,68,14,Spain Women's,Aitana Bonmati Conca,Ona Batlle Pascual,56.4,65.6,47.3,68,9.411163,-9.34676825810459,0.45790317266009295,0.08478082676773924,-0.3731223458923537,0.9626711818277244,0.3632064153422829,-0.5994647664854416,1.6377692916355118,0.9059034550018915,-0.7318658366336203,3.664474651198202,9.30834978251428,0,0,1,0,2,0,0,0,0,0,0,0
4018356,a93541e9-1711-4472-8fa6-c127cbb97785,2,68,16,Spain Women's,Ona Batlle Pascual,Irene Paredes Hernandez,46.8,68.2,40.6,52,17.345892,-1.857560939368625,0.087157026271631,0.012952523246914392,-0.0742045030247166,0.38181010882184896,0.11641138818669526,-0.2653987206351537,0.9631762879302886,0.4696721171718581,-0.49350417075843056,9.377851794295765,13.815836729906962,0,0,0,0,0,0,0,0,1,0,0,1
4018356,42166778-9cca-4bd4-85dd-e90d56de14e1,2,68,18,Spain Women's,Irene Paredes Hernandez,Laia Aleixandri López,42.4,48.6,48,30.1,19.328993,5.397654019262703,0.019262510773070823,0.015286552055998522,-0.003975958717072301,0.1460412962208939,0.13378643068575866,-0.012254865535135245,0.540739967866344,0.4957214141475715,-0.04501855371877256,12.509388208322406,14.785690665038185,0,0,0,0,0,0,0,0,1,0,0,1
4018356,23823537-0a0f-4dfe-b92d-eaa115ffd61b,2,68,26,Spain Women's,Laia Aleixandri López,Irene Paredes Hernandez,55.8,21.7,52.9,34.7,13.319534,-0.5517422008661441,0.16564250261792376,0.040894579456191266,-0.1247479231617325,0.4996737904602019,0.24519281461285564,-0.25448097584734625,1.0965085525236205,0.8076056640669617,-0.2889028884566588,6.422999369438422,10.55934685592209,0,0,0,0,1,0,0,0,1,0,0,1
4018356,734cb0c9-145b-4909-9bad-7aef00049c14,2,68,30,Spain Women's,Irene Paredes Hernandez,Laia Aleixandri López,56,34.7,58,19.1,15.727683,-1.2088210857722288,0.14644772954280066,0.062977562409564,-0.08347016713323667,0.4999748247241531,0.35943703084762213,-0.14053779387653098,1.221710105376151,1.058703663090052,-0.16300644228609906,6.4853225784752,11.206039701786086,0,0,0,0,1,0,0,0,1,0,1,1
4018356,8974853e-4d53-4b38-9c9d-8ba7e531e364,2,68,32,Spain Women's,Laia Aleixandri López,Leila Ouahabi El Ouahabi,62.2,18.2,82.4,6.8,23.194826,11.614683550498732,0.12707095157312576,0.02196740229260687,-0.10510354928051889,0.5289670996849689,0.14945746253117873,-0.37950963715379016,1.318660082252231,0.5033165489258977,-0.8153435333263332,8.906101036415016,12.459927199547513,0,0,0,0,0,0,0,0,1,0,1,1
4018356,8ddb8f72-a8a8-42d1-94ca-7cf50609fef2,2,68,35,Spain Women's,Leila Ouahabi El Ouahabi,Claudia Pina Medina,88.2,7.3,90.9,19.3,12.3,9.901484407362815,0.23359050948559187,0.5363941722341307,0.30280366274853876,0.5352359303762981,1.1324565062758545,0.5972205758995563,1.0135522851378542,1.9418741809091393,0.9283218957712851,4.689603873539365,3.46897690015382,0,0,1,1,1,2,0,0,1,0,1,1
4018356,5c6496e1-b4ef-450c-8813-23d8151bca52,2,68,38,Spain Women's,Claudia Pina Medina,Aitana Bonmati Conca,100.7,26.3,100.9,38.7,12.401613,4.523932301903393,0.8828756028515601,1.234681036628277,0.3518054337767169,1.7393958731694568,2.1631114773197444,0.42371560415028764,2.89241821356521,3.3454750885402973,0.4530568749750872,1.9419742158849933,1.0268070112675076,1,1,1,2,3,4,0,1,1,1,1,1
4018356,96d4a7da-39e5-4a10-91e7-5e68c6ab75cc,2,68,44,Switzerland Women's,Lia Wälti,Sydney Schertenleib,24.1,44,39.7,51.4,17.266151,14.878205352411499,0.8646905644908127,0.32326555853754,-0.5414250059532727,1.756720041675071,0.795959172621832,-0.960760869053239,2.846964083200804,1.590988525438084,-1.2559755577627199,3.476629873840557,4.041551610857093,0,0,2,1,4,1,0,0,1,0,0,1
4018356,13bbac55-f3a8-44e7-a101-42e3583dca5f,2,69,12,Spain Women's,Alexia Putellas Segura,Laia Aleixandri López,46,12.8,32.8,20.7,15.383432,-10.469703078812472,0.17186875751407318,0.022605188187376828,-0.14926356932669635,0.5165486784431894,0.14488645694921654,-0.3716622214939729,1.1393717009636084,0.47543766438236346,-0.663934036581245,6.049677872807277,11.981313523014675,0,0,0,0,1,0,0,0,1,0,0,1
4018356,3c05e647-3421-4d27-bdd8-431d8e50134b,2,69,13,Spain Women's,Laia Aleixandri López,Leila Ouahabi El Ouahabi,31.9,21.1,41.3,9.7,14.775656,5.773124692299348,0.022605186518273222,0.020642812405206098,-0.0019623741130671245,0.14488645032080308,0.15387074711976317,0.008984296798960095,0.47543765082205586,0.504230335641517,0.028792684819461123,11.981313727013836,13.884859271135637,0,0,0,0,0,0,0,0,1,0,0,1
4018356,b33c6126-5582-43f5-b570-0c2c7a0927fb,2,69,15,Spain Women's,Leila Ouahabi El Ouahabi,Laia Aleixandri López,41,9.7,33.5,18.7,11.715375,-4.472487194190862,0.020642808744107476,0.018512389124080906,-0.0021304196200265697,0.15387073023820003,0.12645994591868256,-0.02741078431951746,0.5042303011591465,0.4375925504648925,-0.06663775069425398,13.88485961388927,12.40952937777928,0,0,0,0,0,0,0,0,1,0,0,1
4018356,6546ca82-d5e7-4919-874a-eb3ee23a24d2,2,69,19,Spain Women's,Laia Aleixandri López,Irene Paredes Hernandez,38.2,18.5,42.6,47,28.837648,6.86241407088086,0.03493028100545258,0.014075677062954197,-0.020854603942498384,0.18121991670501358,0.14462716342320517,-0.036592753281808416,0.5620611006965837,0.6006212041782952,0.03856010348171157,10.381304567127005,15.329501226095898,0,0,0,0,0,0,0,0,1,0,0,1
4018356,395876a4-abe6-495c-9a1c-e2d4d9109833,2,69,22,Spain Women's,Irene Paredes Hernandez,Athenea del Castillo Belvide,47.1,53.5,62.8,77.6,28.762823,5.6880205321557185,0.01944711015718497,0.08360532248841489,0.06415821233122992,0.17485721221243397,0.3390910874848944,0.16423387527246044,0.6695361012191476,0.8304722636847568,0.16093616246560916,14.259831327000567,9.368704389242192,0,0,0,0,0,0,0,0,1,0,0,1
4018356,f69295bc-43dc-4d84-b739-a256c909ead7,2,69,25,Spain Women's,Athenea del Castillo Belvide,Ona Batlle Pascual,63,77,53.8,69.8,11.682466,-4.64220356760525,0.33316124106847256,0.06843488289217857,-0.264726358176294,0.7638687550416201,0.3415278102119603,-0.4223409448296598,1.3605059000942852,0.9629676494499899,-0.39753825064429527,5.225921365497645,9.45942267993342,0,0,0,0,2,0,0,0,1,0,0,1
4018356,8e2fb4b3-5697-4a56-9c40-70ce52ff637f,2,69,27,Spain Women's,Ona Batlle Pascual,Irene Paredes Hernandez,53.4,69.4,43.3,58.4,14.933519,-6.0756193225793,0.14398824578677882,0.020658580566340908,-0.12332966522043792,0.48513202694855756,0.1611611885678835,-0.3239708383806741,1.1478633794096822,0.5983409271908822,-0.5495224522188,6.552964630372996,12.938324086944803,0,0,0,0,1,0,0,0,1,0,0,1
4018356,b0dc28df-e39a-4ce9-9b10-13999e768046,2,69,29,Spain Women's,Irene Paredes Hernandez,Laia Aleixandri López,45.6,54.6,53.2,31.1,24.698381,8.428713783064595,0.026949049123599307,0.019397124453678482,-0.007551924669920825,0.18500139601243565,0.17191060714954295,-0.013090788862892694,0.6501376410532048,0.6546799674170501,0.004542326363845328,11.841331250558504,13.905806318664224,0,0,0,0,0,0,0,0,1,0,0,1
4018356,65c90e11-4d3e-41a7-a2a1-38a15826b91c,2,69,32,Spain Women's,Laia Aleixandri López,Leila Ouahabi El Ouahabi,57.2,28.5,77.7,5.4,30.884624,9.195841889942443,0.0463558369407024,0.005919902500016098,-0.04043593444068631,0.278370197127355,0.07155184031517159,-0.2068183568121834,0.8620649000944823,0.32445414208486495,-0.5376107580096174,11.157084133310903,17.457275836541584,0,0,0,0,0,0,0,0,1,0,0,1
4018356,4e49887c-19ab-424a-979e-17b6662af52b,2,69,39,Spain Women's,Leila Ouahabi El Ouahabi,Alexia Putellas Segura,83.5,5.9,79.9,9.5,5.091169,-0.430571695344554,0.42101473123524835,0.5809103427089178,0.15989561147366949,0.7934690777742397,1.0299340613189945,0.23646498354475476,1.3235530933023325,1.6276481239609935,0.30409503065866095,3.106231645560768,2.6770556959798673,0,1,1,1,1,2,0,0,1,0,0,1
4018356,a2fe3dc7-253f-410f-bcc0-e52d69be2cb8,2,69,40,Spain Women's,Alexia Putellas Segura,Leila Ouahabi El Ouahabi,80.1,8.4,77.3,3.4,5.7306194,-5.341578807938134,0.8109155546972433,0.5900193283836757,-0.22089622631356765,1.2128800697701658,1.0265884815726585,-0.18629158819750735,1.754390172012695,1.6125827133175301,-0.14180745869516498,1.336074379458986,2.599971505261144,1,1,1,1,2,2,0,0,1,0,0,1
4018356,21a80e32-a2a5-43cd-9297-afbdd7df6189,2,69,41,Spain Women's,Leila Ouahabi El Ouahabi,Laia Aleixandri López,77,3.4,63.8,5.4,13.350656,-9.52963393675524,0.590019754968038,0.08760328763026531,-0.5024164673377727,1.0265888706641442,0.3174704772460223,-0.7091183934181219,1.6125830392794689,0.7870687070286734,-0.8255143322507955,2.599968705687653,7.742417009050391,1,0,1,0,2,1,0,0,1,0,0,1
4018356,f9c7465b-57ea-4d1c-a3d0-6167dd0dfb35,2,69,43,Spain Women's,Laia Aleixandri López,Claudia Pina Medina,64.3,4.8,73.9,15.1,14.080128,13.4954405250393,0.3107592702206287,0.30975860473098576,-0.001000665489642949,0.6068621195408377,0.8287966191581774,0.2219344996173397,1.052851833110509,1.6268332793345701,0.5739814462240611,3.708638506095329,5.068530568562362,0,0,1,0,1,2,1,0,1,0,0,1
4018356,824d998f-8cae-47e4-affd-d821efce643d,2,69,45,Spain Women's,Claudia Pina Medina,Patricia Guijarro Gutiérrez,73.6,15.3,66,18,8.065358,-5.744796938344351,0.6414956876739494,0.35374906536010886,-0.2877466223138405,1.3031486663683316,0.9118096348880116,-0.39133903148032,2.2307774079025737,1.7058810388006833,-0.5248963691018904,2.84869333883672,5.6869275678963085,1,0,1,0,2,3,0,0,1,0,0,1
4018356,7d235ffd-219f-41f8-890a-de6f06b66d31,2,69,46,Spain Women's,Patricia Guijarro Gutiérrez,Leila Ouahabi El Ouahabi,66,18,65.6,9.5,8.509406,-4.05721898131209,0.5859888589665717,0.33928027984205006,-0.24670857912452165,1.211627664551871,0.7117903341996138,-0.4998373303522573,2.024085193518847,1.2992550985638565,-0.7248300949549906,3.566313848119362,3.627023693249132,0,0,1,1,3,1,0,0,1,0,0,1
4018356,1bdc6360-2943-465a-9575-ab294191d401,2,69,48,Spain Women's,Leila Ouahabi El Ouahabi,Laia Aleixandri López,64,9,50,17.5,16.37834,-9.51939382604266,0.6141319340412075,0.04835675204578284,-0.5657751819954246,0.9696909725056909,0.25863285486365595,-0.711058117642035,1.5244669036725411,0.7397005772570217,-0.7847663264155195,1.7214102599752417,10.397182753562936,1,0,1,0,1,0,1,0,1,0,0,1
4018356,accf630b-c652-4082-8fac-a8fa199a2bd4,2,69,51,Spain Women's,Laia Aleixandri López,Irene Paredes Hernandez,50.4,23.1,55.2,36.9,14.610955,6.748303836156552,0.05459069279934119,0.05165694733519069,-0.0029337454641504973,0.2700789611110521,0.3124125191708102,0.04233355805975808,0.7669335576830476,0.9528430127231329,0.18590945504008527,9.71234062137851,11.464517674338778,0,0,0,0,0,0,0,0,1,0,0,1
4018356,2ddbb493-2d34-4952-bdcc-0efe4ba60bed,2,72,8,Spain Women's,Leila Ouahabi El Ouahabi,Alexia Putellas Segura,64.2,4.4,57.2,14.6,12.370934,-1.5530352442681306,0.5102851367914577,0.3538873854830458,-0.15639775130841188,0.8026650183669659,0.8044637639679798,0.0017987456010138958,1.2754118268195218,1.5831675508810064,0.30775572406148455,2.1512202066248682,3.644200928655252,1,0,1,1,1,1,0,0,1,0,0,1
4018356,d2500327-70d8-4ba4-9499-bcf16593a451,2,72,9,Spain Women's,Alexia Putellas Segura,Laia Aleixandri López,57.2,14.6,47.6,7.9,11.706836,-11.45487455493948,0.3538873854830458,0.019913878134847622,-0.3339735073481982,0.8044637639679798,0.16238326758030655,-0.6420804963876733,1.5831675508810064,0.573971125214436,-1.0091964256665702,3.644200928655252,13.631143630462244,0,0,1,0,1,0,0,0,1,0,0,1
4018356,998f0fe3-8cb8-4d48-9271-d8f903637ae3,2,72,12,Spain Women's,Laia Aleixandri López,Aitana Bonmati Conca,47.6,7.9,52.4,20,13.017296,8.700508035659922,0.022946506053429124,0.19254599593316912,0.16959948987974,0.1812855824311415,0.6214044054552813,0.4401188230241398,0.6215735296464875,1.3846369969206713,0.7630634672741838,14.17447301890975,6.132481739598183,0,0,0,0,0,1,0,0,1,0,0,1
4018356,bbc9144c-76a2-4a50-89e1-ec1213c2818d,2,72,14,Spain Women's,Aitana Bonmati Conca,Alexia Putellas Segura,52.6,18,56.4,25.1,8.05295,5.577599044711079,0.25617472779102024,0.5916430125407484,0.3354682847497281,0.6820648834477439,1.2969542780572225,0.6148893946094787,1.3988641669108484,2.3122530822558782,0.9133889153450299,4.876729296554718,3.514739624402068,0,0,1,1,1,3,0,0,1,0,0,1
4018356,09fb8d74-b35e-42b9-b2c3-53a9617f551b,2,72,15,Spain Women's,Alexia Putellas Segura,Aitana Bonmati Conca,56.6,25.5,55.2,17.5,8.121576,-3.5581269690274837,0.5911616075860789,0.2578311547456201,-0.33333045284045887,1.2941341675039573,0.7798679170693611,-0.5142662504345962,2.3059026685799244,1.627633321741019,-0.6782693468389054,3.514737073343807,7.421559942065329,0,0,1,0,3,3,0,0,1,0,0,1
4018356,22942db4-b8bc-4547-b841-56e0f19289b5,2,72,18,Spain Women's,Aitana Bonmati Conca,Alexia Putellas Segura,55.2,17.5,58,24,7.077429,4.563874069919933,0.35478697417830884,0.7744039745215947,0.41961700034328586,0.9190136081484299,1.4985131311562427,0.5794995230078128,1.7725377200876091,2.481083381846207,0.7085456617585979,5.508519792912571,3.311846703717505,0,0,0,2,3,3,0,0,1,0,0,1
4018356,3ae3b5dd-683d-4c0f-936a-7682d45707a6,2,72,18,Spain Women's,Alexia Putellas Segura,Aitana Bonmati Conca,58,24,54.2,17.7,7.3573093,-5.44486862794335,0.7744039745215947,0.8749000718343001,0.10049609731270537,1.4985131311562427,1.5075245571651748,0.00901142600893201,2.481083381846207,2.3480296779929737,-0.13305370385323334,3.311846703717505,2.000831696982006,0,1,2,1,3,3,0,1,1,0,0,1
4018356,f26dc07f-462f-45b0-9c97-1ccdd2e5e137,2,72,19,Spain Women's,Aitana Bonmati Conca,Laia Aleixandri López,54.2,17.3,48,10.8,8.982761,-8.090285743833348,0.8766498004626545,0.18457955276390825,-0.6920702476987463,1.489304307302401,0.5407173518020176,-0.9485869555003834,2.3169126266964235,1.184225622540046,-1.1326870041563775,1.803165506363694,5.7964068815321745,1,0,1,0,3,1,1,0,1,0,0,1
4018356,a8ac792c-8a88-4c4e-afc4-5f4adf75c38c,2,72,20,Spain Women's,Laia Aleixandri López,Claudia Pina Medina,48,10.8,69.6,13.5,21.768095,20.753653493267805,0.18457955276390825,0.35540678992038954,0.1708272371564813,0.5407173518020176,0.9885640431083094,0.44784669130629173,1.184225622540046,1.9958643520719885,0.8116387295319425,5.7964068815321745,4.84280856191579,0,0,0,1,1,2,0,0,1,0,0,1
4018356,54c84887-5d30-44ea-a60c-a77af387a35c,2,72,24,Spain Women's,Claudia Pina Medina,Leila Ouahabi El Ouahabi,77.7,14,95.1,8.6,18.218672,9.577131260567377,0.8315097947321359,0.40630602181842423,-0.4252037729137117,1.4353590916622332,0.7716646532433983,-0.6636944384188349,2.2383444209034074,1.379297074423125,-0.8590473464802824,1.74617533399612,3.013090145984314,1,0,1,1,2,1,1,0,0,0,0,0
4018356,ea98dd1a-09d9-4944-a78e-ad00b510ab7c,2,72,31,Switzerland Women's,Géraldine Reuteler,Ana-Maria Crnogorčević,18.8,62.4,16.8,66.1,4.2059484,-2.79987463156057,0.8279377440314494,1.0200866704059037,0.19214892637445435,1.3691946403986333,1.6320315917896417,0.2628369513910085,2.1133377031537424,2.2982759564822732,0.18493825332853087,1.3490827051292908,2.633237694556853,1,1,1,3,3,3,1,0,0,0,0,0
4018356,c9679609-f742-4df9-9d1e-eea0ceb21d20,2,72,31,Switzerland Women's,Ana-Maria Crnogorčević,Sydney Schertenleib,16.8,66.1,35.2,67.5,18.453184,17.301709418903727,1.0200866704059037,0.8633329278656845,-0.15675374254021923,1.6320315917896417,1.2390358458174568,-0.3929957459721849,2.2982759564822732,1.8596103934913362,-0.43866556299093706,2.633237694556853,0.805542245982669,1,1,3,1,3,1,0,1,0,0,0,0
4018356,943ece2d-ab4d-4aec-bcb1-be44dc53ece7,2,73,35,Switzerland Women's,Livia Peng,Noelle Maritz,23.2,44,38.4,15.9,31.947613,11.798121955770597,0.011672405218090107,0.061468493780638615,0.04979608856254851,0.0755128645272109,0.2299538056142704,0.1544409410870595,0.25226498439338224,0.5634973214892885,0.3112323370959063,13.385022307426881,8.567256075554608,0,0,0,0,0,0,0,0,1,0,0,1
4018356,b18a1001-2362-47c5-9930-930820510fbc,2,73,41,Switzerland Women's,Lia Wälti,Livia Peng,37.9,27.5,15.8,36.6,23.90021,-21.209323734548178,0.4547822858402405,0.0015691174592159527,-0.45321316838102454,0.861185317937961,0.02980662602648295,-0.8313786919114781,1.4562901335797276,0.17677707545739754,-1.27951305812233,2.9432528495039305,20.172035124965696,1,0,1,0,2,0,0,0,1,0,0,1
4018356,43f122b6-91fc-465f-810a-bd5cc055687a,2,73,44,Switzerland Women's,Livia Peng,Viola Calligaris,16.4,37.3,23.4,52.3,16.552946,6.255251362609769,0.004354711769426248,0.007685140212599373,0.003330428443173125,0.05050550242110741,0.07284408403642303,0.022338581615315628,0.22846815939590048,0.28931509869945793,0.060846939303557446,16.720221717567757,15.208318329068462,0,0,0,0,0,0,0,0,1,0,0,1
4018356,31d4b261-6deb-4c6a-8b3f-82e26552c6d4,2,73,47,Switzerland Women's,Viola Calligaris,Iman Beney,24.8,52.3,46.9,74.9,31.60965,14.987474619184127,0.009126018335262385,0.06304722074848651,0.05392120241322412,0.08894863686204632,0.254974687873864,0.1660260510118177,0.3422904863966248,0.6291365806396396,0.2868460942430148,15.576200440301246,8.94050903224934,0,0,0,0,0,0,0,0,0,0,0,0
4018356,951f3fb4-8334-49bb-8d92-27b0dab8420d,2,73,59,Spain Women's,Catalina Thomas Coll Lluch,Leila Ouahabi El Ouahabi,9.1,37.7,27,6.6,35.883423,12.108059539300967,0.011318720020110066,0.0018758867116214796,-0.009442833308488587,0.09225682161571302,0.033379480134167264,-0.05887734148154576,0.32005783386255826,0.18068052000661494,-0.13937731385594332,14.704049462752613,20.123901821980645,0,0,0,0,0,0,0,0,1,0,0,1
4018356,26ba95f0-95d5-4504-9c93-080795051705,2,74,6,Spain Women's,Leila Ouahabi El Ouahabi,Laia Aleixandri López,27.9,6.6,17.1,16.7,14.7868185,-7.535746322701499,0.07153517450057048,0.01826278252818284,-0.053272391972387645,0.26462643563202126,0.13621802568785082,-0.12840840994417044,0.6447762232267565,0.4699380935208775,-0.17483812970587903,8.19918995890779,13.83312504132584,0,0,0,0,0,0,0,0,1,0,0,1
4018356,8d4394af-703e-490c-ab75-9f1b88437672,2,74,9,Spain Women's,Laia Aleixandri López,Irene Paredes Hernandez,18.7,21.3,22.7,47,26.009422,5.460079158014551,0.03192175318872658,0.014498186399647468,-0.017423566789079113,0.18646648276650532,0.11267930503179228,-0.07378717773471304,0.5586578979856679,0.4189044717429351,-0.1397534262427328,11.223763271662566,13.25330801921618,0,0,0,0,0,0,0,0,1,0,0,1
4018356,1c52ad0c-43f2-4cac-ae1a-c7ccef67ac29,2,74,14,Spain Women's,Irene Paredes Hernandez,Laia Aleixandri López,24.5,50.6,22.7,29.5,21.176638,-1.7784354146789951,0.08192150712253478,0.004870597811243115,-0.07705090931129166,0.27193444764702274,0.0668246209278582,-0.20510982671916456,0.6552296365588426,0.3203930395746952,-0.33483659698414736,7.648493671758004,17.351175881084057,0,0,0,0,1,0,0,0,1,0,0,1
4018356,f90e5ff7-a5d8-4327-b673-e99526671fa5,2,74,28,Spain Women's,Aitana Bonmati Conca,Athenea del Castillo Belvide,63.6,61.3,77.5,75.2,19.657568,5.103912244991335,0.8701118868261957,0.2552800728240941,-0.6148318140021016,1.5648419319023619,0.6428302422702216,-0.9220116896321403,2.436624414051174,1.295225157129071,-1.141399256922103,2.99490291893356,4.645101671007795,1,0,3,1,3,1,0,0,1,0,0,1
4018356,c0d1ae75-9901-4d41-9790-ef56dad9c924,2,74,30,Spain Women's,Athenea del Castillo Belvide,Aitana Bonmati Conca,77.5,75.2,70.8,68,9.835141,-1.42539355799277,0.49648338601286574,0.6035892738622998,0.10710588784943403,0.9636910697982629,1.2252342613948988,0.26154319159663586,1.6345200482249507,2.119863101214395,0.48534305298944447,3.1479203914361413,2.622899340726532,0,1,1,1,2,2,0,0,1,0,0,1
4018356,1cf8487f-b07c-46df-b731-1918885b7a4b,2,74,32,Spain Women's,Aitana Bonmati Conca,Irene Paredes Hernandez,69.6,68,52.4,58.4,19.697716,-12.403874576473555,0.6129890616247767,0.031088381714133532,-0.5819006799106432,1.0952995614481722,0.186818888667795,-0.9084806727803771,1.849685433447308,0.5868861624095937,-1.2627992710377143,2.06092893451171,11.413906279328529,1,0,1,0,2,0,0,0,1,0,0,1
4018356,12051781-6dd6-4f4f-b6a1-059596d27719,2,74,38,Spain Women's,Irene Paredes Hernandez,Aitana Bonmati Conca,52.6,49.5,63,65.2,18.832153,5.744151040908164,0.0523105445461276,0.02847919897123245,-0.023831345574895153,0.24068633145371965,0.21770311416245935,-0.022983217291260294,0.699916236894098,0.7410857477245978,0.0411695108304998,9.321366864639389,13.470631854672263,0,0,0,0,0,0,0,0,1,0,0,1
4018356,4fdde0fa-d0e4-4edf-b2d0-eed85429c819,2,74,41,Spain Women's,Aitana Bonmati Conca,Ona Batlle Pascual,63.4,65.8,74.6,77.8,16.414627,3.1266718723906877,0.029199877003748816,0.44793501358597154,0.4187351365822227,0.20406363077710435,0.766464536330113,0.5624009055530087,0.6936385108684249,1.2753414072924667,0.5817028964240418,12.284015394144769,2.6392610290247207,0,1,0,1,0,1,0,1,1,0,0,1
4018356,e4b9296d-db4d-4851-b4e5-d3d2712873ce,2,74,42,Spain Women's,Ona Batlle Pascual,Aitana Bonmati Conca,73.7,77,68.1,69.8,9.121404,-0.5789371053320593,0.4479353494615165,0.17090403724166817,-0.27703131221984834,0.7664647577917452,0.5755466427090995,-0.19091811508264567,1.275341475898563,1.2764446656539017,0.0011031897553386294,2.6392583795856575,6.789729490351183,1,0,1,0,1,1,1,0,1,0,0,1
4018356,b36f69f8-dd65-481a-bec9-89adda27b226,2,74,45,Spain Women's,Aitana Bonmati Conca,Patricia Guijarro Gutiérrez,68.1,69.8,65.6,63.1,7.1512237,0.7455343501585432,0.42949955873202084,0.454925092809403,0.025425534077382184,0.9489511644648126,0.985701145436553,0.036749980971740315,1.7339930194041155,1.7220854122530742,-0.011907607151041333,3.7068729219093215,4.736535543678061,0,0,1,2,2,2,0,0,1,0,0,1
4018356,d53a35b6-394f-44fd-a431-d9fb3a34cc6d,2,74,50,Spain Women's,Patricia Guijarro Gutiérrez,Irene Paredes Hernandez,63.4,74,47.3,66.2,17.889942,-11.250005213391361,0.6435615428849671,0.01319762445163198,-0.6303639184333352,1.0767600795704557,0.11082475346894487,-0.9659353261015109,1.7454931948695442,0.40973479942286045,-1.3357583954466838,1.746094283234485,14.70918968291305,1,0,1,0,1,0,1,0,1,0,0,1
4018356,699f6fdf-267d-4717-b014-b8be3fbf02bf,2,74,52,Spain Women's,Irene Paredes Hernandez,Laia Aleixandri López,48.8,65.6,55.6,40.7,25.81182,11.258603867899751,0.022562131443515602,0.04033195285729884,0.01776982141378324,0.15086420841394024,0.2163973604466229,0.06553315203268265,0.4990053000861963,0.6447685158204672,0.14576321573427092,12.345449653430522,10.437291601385677,0,0,0,0,0,0,0,0,1,0,0,1
4018356,b8c1d17d-fe87-4c06-84c4-95d4f4a9cc6c,2,74,56,Spain Women's,Laia Aleixandri López,Alexia Putellas Segura,62.5,35.5,78.1,40.7,16.443844,15.76997130888536,0.17567475253529138,0.7710878893870119,0.5954131368517205,0.531368251578295,1.4910962093301492,0.9597279577518542,1.192250778982481,2.577791502088955,1.3855407231064738,6.064483374048815,1.8456966557881807,0,1,0,1,1,2,0,0,1,0,0,1
4018356,4fab70c3-b436-4b25-93a9-50eab6357a60,2,74,58,Spain Women's,Alexia Putellas Segura,Aitana Bonmati Conca,75.7,43.2,81,51.7,10.016986,3.6982298636915303,0.4946104836137852,0.6176106905812265,0.12300020696744135,1.2004380797519405,1.308582255081137,0.10814417532919651,2.260713742269923,2.378162764085958,0.11744902181603534,4.651277148316031,2.4009462743058454,0,1,1,1,3,1,0,0,1,0,0,1
4018356,e8bb297a-c692-4c21-9064-bb6797217d2e,2,75,0,Spain Women's,Aitana Bonmati Conca,Alexia Putellas Segura,81,52,78.1,61.1,9.550916,-6.108486487026667,0.7915939511803171,0.34252958967288477,-0.4490643615074323,1.4057770364991522,0.8448131390192704,-0.5609638974798818,2.4072255100197566,1.6930141616865841,-0.7142113483331725,1.3915575111034955,4.6028364914836155,1,0,1,1,2,2,0,0,1,0,0,1
4018356,619b09a6-bc68-41bf-8441-f776617544ca,2,75,5,Spain Women's,Ona Batlle Pascual,Alexia Putellas Segura,95.7,74,96.9,64,10.071743,8.480218688678114,0.609244428594212,0.3957300776329362,-0.2135143509612758,1.01606080850426,1.0698446641161374,0.053783855611877485,1.6118912200065205,2.065129739172601,0.4532385191660806,2.1247206095381634,4.924125193659897,1,0,1,1,2,2,1,0,1,0,0,1
4018356,9a87bdaa-aa78-41e3-a2f3-a238001a76e2,2,75,9,Spain Women's,Alexia Putellas Segura,Athenea del Castillo Belvide,97.1,63.4,105.7,58.2,10.049875,9.59511098967387,0.7814143735733027,1.5431017792563946,0.7616874056830919,1.6397196566324443,2.5134971011126415,0.8737774444801971,2.8074932694217596,3.6205576395405354,0.8130643701187759,2.3139984333150614,1.2855636803398958,1,1,1,3,3,4,0,1,0,0,0,0
4018356,9297fc71-0d5f-4757-a4f9-00987d56fd0c,2,75,20,Switzerland Women's,Lia Wälti,Leila Wandeler,28.6,33.8,73,1.8,54.72988,31.044046056496136,0.8593225145171625,0.008420663355284326,-0.8509018511618781,1.5782773159646155,0.08234369132103825,-1.4959336246435773,2.578485153573386,0.32408489743517693,-2.2544002561382093,1.4722680536713353,16.069040053299826,1,0,1,0,2,0,1,0,1,0,0,1
4018356,7dbbdca9-81ad-4c1e-850e-34f752ddb08d,2,75,31,Switzerland Women's,Leila Wandeler,Ana-Maria Crnogorčević,94.2,11.9,80.2,5.8,15.2712145,-14.327778980876353,1.0695091885731205,0.11630512528320625,-0.9532040632899142,1.5350856743746606,0.3896818391629232,-1.1454038352117375,2.1350143263579353,0.944960257884394,-1.1900540684735414,1.7552346774897833,6.91495099174631,2,0,2,0,2,1,0,0,1,0,0,1
4018356,617fa299-134c-4122-8c88-5985c1e44d31,2,75,43,Switzerland Women's,Noelle Maritz,Viola Calligaris,63.9,5.1,64.3,28.6,23.503405,9.215172350579813,0.01082825934944486,0.03107059751857298,0.02024233816912812,0.06746307671290083,0.1368033725572418,0.06934029584434095,0.1991349629895867,0.36578565938041746,0.16665069639083077,13.58131296574552,10.459700048923127,0,0,0,0,0,0,0,0,1,0,0,1
4018356,c9fc8cae-e64f-4d21-929f-c6cd53c7b55a,2,75,48,Switzerland Women's,Viola Calligaris,Lia Wälti,64.5,33.8,72.3,52.2,19.984995,6.609777857943051,0.17192653897021598,0.010083832687787004,-0.16184270628242897,0.4124625352825919,0.12398196397195983,-0.2884805713106321,0.8599236216318646,0.5653711152607879,-0.29455250637107677,5.374030883248059,16.47362882432823,0,0,0,0,1,0,0,0,1,0,0,1
4018356,45939b50-7070-41d1-aac8-37d42bf0c74a,2,75,52,Switzerland Women's,Lia Wälti,Géraldine Reuteler,78.6,52.3,97.8,75.3,29.96064,1.488060533115096,0.0473249788170982,0.008236777342737325,-0.03908820147436087,0.27788422502830995,0.07215929263356723,-0.2057249323947427,0.8572044270369866,0.30089304253232935,-0.5563113845046572,11.080423975689968,14.645137987585583,0,0,0,0,0,0,0,0,1,0,0,1
4018356,859d7f8b-048d-4a91-943a-441dba3d4c53,2,75,55,Switzerland Women's,Géraldine Reuteler,Lia Wälti,95.6,71.5,82.6,65,14.534442,-5.141396107252824,0.2658557684563811,0.026901814972250023,-0.23895395348413107,0.507324413974271,0.1716556238755173,-0.33566879009875367,0.8879574225396801,0.5743411785973567,-0.31361624394232346,4.030691516311079,11.801152328048717,0,0,1,0,1,0,0,0,1,0,0,1
4018356,ea312577-0136-4cd3-8127-cf95f4faec6b,2,75,59,Switzerland Women's,Lia Wälti,Smilla Vallotto,84.8,63.5,87.6,47.2,16.538742,9.133274013216436,0.16831761304821982,0.22904031810405512,0.0607227050558353,0.4995845259450253,0.831405284070489,0.3318207581254637,1.1252118155564321,1.9211709348994321,0.795959119343,5.891239497519452,6.3396335576063345,0,0,0,0,1,1,0,0,1,0,0,1
4018356,300baef7-9c96-42f3-b553-3517b623b986,2,76,1,Switzerland Women's,Smilla Vallotto,Iman Beney,94,48.7,100.8,53.2,8.15414,4.11718014381205,0.8462079663019484,0.9281101958572451,0.08190222955529669,1.6820744733623803,1.7795122197420232,0.09743774637964298,2.7957295758149354,2.8683397904197485,0.0726102146048131,2.724355137669342,2.325560739168192,1,1,2,2,3,3,0,0,1,0,0,1
4018356,8113d44e-ab0f-4357-bf54-cfccf2dd15e7,2,76,5,Switzerland Women's,Iman Beney,Lia Wälti,96,63.7,86.2,67,10.340696,-9.530482781355474,0.9024546408436706,0.036769092307971936,-0.8656855485356986,1.518015153987635,0.22235816220374052,-1.2956569917838945,2.347778886658583,0.7055252215309794,-1.6422536651276034,1.6132959021052922,11.888792147620102,1,0,1,0,3,0,1,0,1,0,0,1
4018356,b0f65c6b-3de9-48cc-abc8-25bd37e3d716,2,76,9,Switzerland Women's,Lia Wälti,Smilla Vallotto,86.4,67.3,86.6,57.6,9.702062,5.539198627013427,0.12642193231205917,0.5512096083511788,0.42478767603911965,0.4985232942672586,1.213203539259201,0.7146802449919425,1.26374787097991,2.236255577679145,0.9725077066992349,7.267260242646667,3.1611805506007915,0,0,0,1,1,2,0,0,1,0,0,1
4018356,95e29b41-bb1f-4247-bee3-6c07f1259074,2,76,11,Switzerland Women's,Smilla Vallotto,Géraldine Reuteler,86.6,57.6,93.8,60.6,7.8,4.4247441020177405,0.8435030616632477,1.032071279932389,0.18856821826914127,1.5342605332814458,1.961570790239886,0.42731025695844016,2.5779014460224494,3.0875543811473194,0.50965293512487,1.4997992967932272,2.8230144266669903,1,1,1,2,2,4,0,0,1,0,0,1
4018356,ba06bebb-b96e-45b2-a137-fb6930a92808,2,76,14,Switzerland Women's,Géraldine Reuteler,Lia Wälti,87.3,63,81.3,71.9,10.733592,-10.174147337773917,0.9974311144345326,0.18053375745788472,-0.8168973569766479,1.845303848324434,0.6032577873903301,-1.2420460609341037,2.9266977318331073,1.398629345211274,-1.5280683866218334,2.727832519658579,6.096107246722564,1,0,3,0,3,1,0,0,1,0,0,1
4018356,c5164b6d-7163-4f1a-9648-e3ac7c870d7f,2,76,15,Switzerland Women's,Lia Wälti,Noelle Maritz,81.7,71.9,70.1,33.3,40.305336,-0.5030314159233384,0.25986596162230363,0.002215770165305984,-0.25765019145699763,0.7088444148531869,0.053091801533135294,-0.6557526133200516,1.5097410881437978,0.33528980742693365,-1.174451280716864,4.743060089043583,21.205630548217986,0,0,1,0,1,0,0,0,1,0,0,1
4018356,08ad3209-3f08-41e3-a221-f707d6179103,2,76,21,Switzerland Women's,Noelle Maritz,Ana-Maria Crnogorčević,84.4,19.9,100.8,2.5,23.910667,-1.247051087924305,0.336435429126677,0.147654044031962,-0.188781385094715,0.694806647383006,0.3648330109262326,-0.3299736364567734,1.3446722526215464,0.7371646656432391,-0.6075075869783073,3.497073444595334,5.820641368911563,0,0,1,0,1,1,1,0,1,0,1,1
4018356,306116fb-696b-4905-a4bb-2910f72f7ce5,2,77,20,Spain Women's,Patricia Guijarro Gutiérrez,Aitana Bonmati Conca,22.5,39.9,33.9,39.2,11.421471,11.396334753655594,0.0015025383049005654,0.034158093754955945,0.03265555545005538,0.029190448482570863,0.21038414608412237,0.18119369760155152,0.16814007023687022,0.6462573046434653,0.4781172344065951,20.36659916700668,11.852246983032726,0,0,0,0,0,0,0,0,1,0,0,1
4018356,3a20ac86-b580-4885-8b86-f76c5b323d9c,2,77,21,Spain Women's,Aitana Bonmati Conca,Patricia Guijarro Gutiérrez,33.9,39.2,26.7,36.5,7.6896033,-7.261908837702066,0.034158093754955945,0.030882854196277194,-0.003275239558678752,0.21038414608412237,0.16892813793279407,-0.0414560081513283,0.6462573046434653,0.5245630707402806,-0.12169423390318468,11.852246983032726,10.81614198969995,0,0,0,0,0,0,0,0,1,0,0,1
4018356,6433ef26-8d99-4f0b-886f-a89d2251f731,2,77,26,Spain Women's,Patricia Guijarro Gutiérrez,Aitana Bonmati Conca,30.8,36.3,37.5,48.8,14.182384,6.308698806503671,0.11455228532631585,0.07616148612816032,-0.03839079919815554,0.364360147789685,0.3273687033520154,-0.03699144443766961,0.8273695477140163,0.8289670103946756,0.0015974626806593006,6.940700371709942,8.703572973171461,0,0,0,0,1,0,0,0,1,0,0,1
4018356,c5905aea-7146-46ce-bb8d-ce7c1d032367,2,77,29,Spain Women's,Aitana Bonmati Conca,Irene Paredes Hernandez,38.4,49,26.3,50.6,12.205327,-12.202843768383971,0.2650693538063145,0.015129071383777202,-0.24994028242253732,0.5793041518715387,0.11549062781552513,-0.4638135240560136,1.0887363403508772,0.42087102111932573,-0.6678653192315515,4.202857996479557,13.18973375920424,0,0,1,0,1,0,0,0,1,0,0,1
4018356,0f691fcf-f555-4e64-b73f-6b96d4a40961,2,77,32,Spain Women's,Irene Paredes Hernandez,Laia Aleixandri López,29,49.3,30.8,31.9,17.492855,1.9069713554532939,0.02352180222489354,0.006468780236117153,-0.017053021988776385,0.15759548116707292,0.08382147125463843,-0.07377400991243449,0.5234299290734628,0.37553179228469546,-0.1478981367887673,12.502473149503246,17.309777830726247,0,0,0,0,0,0,0,0,1,0,0,1
4018356,ece75061-5d13-4f43-a8a0-f30f3ebc84b2,2,77,48,Spain Women's,Aitana Bonmati Conca,Irene Paredes Hernandez,42.4,58,36.3,46.8,12.753431,-4.3154916310928115,0.3840524566745044,0.0127644653477137,-0.3712879913267907,0.6324832796214724,0.1133229958897653,-0.5191602837317071,1.0482893442393173,0.43188809932571276,-0.6164012449136045,2.9169658772277502,14.073840352765881,1,0,1,0,1,0,0,0,1,0,0,1
4018356,fc86735c-588a-4b8d-b797-5e983ac2a812,2,77,56,Spain Women's,Laia Aleixandri López,Victoria López,46,18,54.6,25.5,11.410959,10.21290298500574,0.1095671009245578,0.3271638080683132,0.2175967071437554,0.41124763571852263,0.885948676598561,0.4747010408800384,0.9472983811907632,1.659824721818743,0.7125263406279798,8.437873734985079,6.733782975841135,0,0,0,0,0,3,0,0,1,0,0,1
4018356,ae8e7fc8-6df3-45e4-8fae-d7514e28d1f5,2,77,57,Spain Women's,Victoria López,Laia Aleixandri López,53.6,24.3,47.1,13.1,12.949517,-9.473839291177327,0.48519556480590315,0.10330035284028617,-0.381895211965617,1.067749207859753,0.4007348780505078,-0.6670143298092452,1.8172249901600261,0.9360112299581609,-0.8812137602018653,3.9520743614909404,8.574834984628279,0,0,1,0,3,0,0,0,1,0,0,1
4018356,1c71cbe1-d7a8-4214-90fb-a4e72db422e5,2,77,59,Spain Women's,Laia Aleixandri López,Alexia Putellas Segura,51.3,12.6,52.4,36.5,23.9253,6.271944624811766,0.7625221739810009,0.04433627488658349,-0.7181858990944173,1.271940914083112,0.28410422900390553,-0.9878366850792064,1.9809565657865689,0.9295055609094062,-1.0514510048771628,1.6151952951763207,11.484920715658438,1,0,1,0,2,0,0,0,1,0,0,1
4018356,54c2dfc0-8806-47b8-895b-99a6d2888492,2,78,2,Spain Women's,Alexia Putellas Segura,Aitana Bonmati Conca,53.1,40.7,63,51,14.286357,8.851960987331239,0.039435786347206736,0.1851276339059012,0.14569184755869447,0.2564749002514486,0.46819881424053855,0.21172391398908996,0.8607763818631592,1.066814068845681,0.2060376869825219,11.25045721040455,5.192703511351489,0,0,0,0,0,1,0,0,1,0,0,1
4018356,cc64f71f-b1b2-4e91-ac60-45a8c4a7783c,2,78,5,Spain Women's,Aitana Bonmati Conca,Ona Batlle Pascual,67.8,57.3,77.9,74,19.516659,0.8773049300649802,0.3281197348401875,0.23699549617899127,-0.09112423866119626,0.6441880843161301,0.5412946167199625,-0.10289346759616758,1.2694792871676215,1.0614695334982625,-0.20800975366935903,3.454554112886044,4.608444023748306,0,0,1,1,1,1,0,0,1,0,0,1
4018356,7b810a3d-78a3-4049-8264-1413c297b957,2,78,7,Spain Women's,Ona Batlle Pascual,Alexia Putellas Segura,77.9,74,67.4,61.6,16.248384,-2.7475043783020894,0.5240484016204416,0.13613825151521905,-0.38791015010522256,0.923432627636746,0.5564938965355513,-0.3669387311011948,1.5317262359539259,1.3891529691015805,-0.1425732668523454,2.527236773884729,8.405713131809982,1,0,1,0,2,0,0,0,1,0,0,1
4018356,ab8ee686-8e48-42f8-b076-a2746bbfa5c8,2,78,14,Spain Women's,Laia Aleixandri López,Victoria López,62.8,30.5,78.4,28.3,15.754364,14.76952978456552,0.21772950516396183,0.8076972795302939,0.5899677743663321,0.5439298020646144,1.3550701302099506,0.8111403281453362,1.159933608379292,2.234234110361361,1.0743005019820693,4.861470768229037,1.229297235451703,0,1,1,1,1,1,0,1,0,0,0,0
4018356,8970242b-6c38-46ad-a861-805493310402,2,78,15,Spain Women's,Victoria López,Patricia Guijarro Gutiérrez,76.8,28.9,73.2,32.5,5.091169,-2.793900810573291,0.807697197089701,0.5169282036020088,-0.29076899348769225,1.3550700819236032,1.2239832435739348,-0.1310868383496684,2.234234069931256,2.216391460543097,-0.01784260938815896,1.229297679638088,5.414768197249909,1,0,1,0,1,3,1,0,0,0,0,0
4018356,7036e36d-3be7-42c0-8a01-44a50c68d337,2,78,18,Switzerland Women's,Iman Beney,Lia Wälti,39,49.6,41.3,35.6,14.187671,2.7440022903661117,0.5257372702493738,0.33727059792671,-0.1884666723226638,1.1450901169796883,1.0651115224589778,-0.07997859452071054,2.006996707523189,2.1083024946150584,0.10130578709186944,3.646243160111538,7.244972521620373,0,0,1,0,3,1,0,0,1,0,0,1
4018356,8a558cd7-0547-40ed-9e61-d8fd5ca8efb8,2,78,23,Switzerland Women's,Lia Wälti,Iman Beney,41.5,41.4,49.3,69.7,29.355238,1.827543232585711,0.8440073320773905,0.029457137040799674,-0.8145501950365909,1.5014686172351404,0.1530281305835469,-1.3484404866515936,2.3014025079691987,0.4718443430182728,-1.8295581649509258,2.1515996496093455,10.76988381507505,1,0,2,0,3,0,1,0,0,0,0,0
4018356,4a37ab4e-3e6b-4073-bcf9-4190176b32bc,2,78,38,Spain Women's,Catalina Thomas Coll Lluch,Laia Aleixandri López,15.3,25.9,28.3,18.9,14.764823,11.548933455818954,0.0009184090757373951,0.007294974238631534,0.006376565162894139,0.0171406098268922,0.061889204664039785,0.04474859483714758,0.10070538682011348,0.23816867236850542,0.13746328554839193,21.07661168232557,14.90322536423379,0,0,0,0,0,0,0,0,1,0,0,1
4018356,91216e0e-9c2e-4322-a91e-f29dd0edf837,2,78,42,Spain Women's,Laia Aleixandri López,Irene Paredes Hernandez,29.9,19.7,37.9,43.7,25.298222,10.175208838843403,0.038103851129700834,0.03623578284777207,-0.0018680682819287656,0.18188128190314468,0.20553130353231774,0.023650021629173068,0.479070827504005,0.626469502968505,0.14739867546450003,10.39554378447046,10.841221341344616,0,0,0,0,0,0,0,0,1,0,0,1
4018356,f8ea92dd-5ae0-4b74-8cfd-2706680f0e80,2,78,47,Spain Women's,Irene Paredes Hernandez,Athenea del Castillo Belvide,46,49.3,62.8,69.6,26.350142,10.177133658280567,0.5214708115805138,0.4220378235639284,-0.0994329880165854,1.084878214865277,0.7996185951163594,-0.28525961974891756,1.8685372255610742,1.4366153778234731,-0.431921847737601,3.840338828349094,2.8923077975396385,0,1,2,1,2,1,0,1,1,0,0,1
4018356,148b415e-4d01-4a22-aef2-50e107e089dd,2,78,59,Spain Women's,Laia Aleixandri López,Leila Ouahabi El Ouahabi,56,29.7,61.8,23.1,8.786353,4.219486909220052,0.13365735547275745,0.07434845979572044,-0.05930889567703701,0.41645119539546127,0.3484917793610498,-0.06795941603441147,0.9670319425230216,0.958775216956738,-0.008256725566283651,6.409830100841251,9.848934234225606,0,0,0,0,1,0,0,0,1,0,0,1
4018356,702823f4-cfe5-4a10-a31d-8d54b326f401,2,79,1,Spain Women's,Leila Ouahabi El Ouahabi,Laia Aleixandri López,61.8,22.5,55.6,25.8,7.023532,-5.172858501297384,0.1471610134278417,0.13980572585107934,-0.007355287576762376,0.508656465829895,0.5067508695315857,-0.001905596298309331,1.185429508233957,1.2306205154470762,0.045191007213119194,7.389801101316822,6.944767991106013,0,0,0,0,1,1,0,0,1,0,0,1
4018356,0e0f258d-a6ec-47bc-b5c2-ed69dcf8187e,2,79,3,Spain Women's,Laia Aleixandri López,Irene Paredes Hernandez,55.8,25.9,52.6,42.5,16.90562,-1.716218971245425,0.16829556472369123,0.0834144938120238,-0.08488107091166743,0.5889492618783212,0.3846782775768341,-0.2042709843014871,1.3737316951153855,1.0221609762557846,-0.3515707188596009,6.655178275111494,9.354645204904466,0,0,0,0,1,0,0,0,1,0,0,1
4018356,ab68a986-3495-4fb0-a22e-51010eb235c1,2,79,8,Spain Women's,Irene Paredes Hernandez,Laia Aleixandri López,54.6,42.5,49.1,24.3,19.01289,-7.169725574276896,0.3477594434239107,0.06631104680593636,-0.28144839661797433,0.8696659556054653,0.32407979665319675,-0.5455861589522686,1.6688281769427553,0.8802029090853564,-0.788625267857399,5.283386462846502,9.428341325179897,0,0,0,0,2,0,0,0,0,0,0,0
4018356,c32d59dc-8352-46de-856a-a5197e93aa26,2,79,10,Spain Women's,Laia Aleixandri López,Victoria López,55.4,22.5,81.3,9.7,28.89031,17.777809631541558,0.15235011462263318,0.3553329917179028,0.2029828770952696,0.4870467709554344,0.7002517991342707,0.2132050281788363,1.1051021508140795,1.2516905520049821,0.14658840119090266,6.324663747119007,3.410169433954367,0,0,0,1,1,1,0,0,1,0,0,1
4018356,29da54d6-bc01-45e6-a159-97609e5dc6e5,2,79,22,Spain Women's,Victoria López,Leila Ouahabi El Ouahabi,108.9,10.6,102.1,6.2,8.099382,-6.821595635949503,0.9860460255882901,0.17775819278010624,-0.808287832808184,1.3929531990101436,0.48839431335878675,-0.9045588856513569,1.905631596305972,0.9997160140405175,-0.9059155822654545,2.148653951823652,5.884941752306023,2,0,2,0,2,1,1,0,1,0,0,1
4018356,5d8a399b-e99b-45c2-8b0d-ae77e9967343,2,79,23,Spain Women's,Leila Ouahabi El Ouahabi,Aitana Bonmati Conca,102.1,6.2,94,12.2,10.080178,0.183591185772066,0.29107411833907854,0.19375693770065472,-0.09731718063842382,0.6418059859997219,0.6121890048623543,-0.02961698113736766,1.1686252710612783,1.2882022956943948,0.11957702463311648,4.235362208930355,6.451232701789961,0,0,1,0,1,1,0,0,1,0,0,1
4018356,fb1ed8b7-1b2a-4a87-9bc1-191f2c532853,2,79,27,Spain Women's,Aitana Bonmati Conca,Laia Aleixandri López,94.1,8.6,80.1,7.9,14.017489,-10.506129760132168,0.8630521092054372,0.6780073670875025,-0.18504474211793465,1.3033031966010373,1.0038044798329695,-0.29949871676806783,1.857667464641808,1.5791887562178832,-0.27847870842392486,1.171368407357539,1.3591829445853332,1,1,1,1,3,1,1,1,1,0,0,1
4018356,b345c88b-a070-46a4-85e1-41cdac58d42e,2,79,30,Spain Women's,Laia Aleixandri López,Victoria López,87.5,5.2,91.5,6.8,4.3081317,3.861183274834424,0.5008343187015031,0.7364051721426493,0.23557085344114626,0.9377875209927938,1.2653481502733688,0.32756062928057494,1.6004568000392208,1.9631019732367831,0.3626451731975624,2.613179191165622,2.011084350593959,1,1,1,1,1,2,0,1,1,0,0,1
4018356,df8faec0-ab1d-446a-a27f-5d677a9cbbfc,2,79,31,Spain Women's,Victoria López,Irene Paredes Hernandez,92,4.8,75.7,9.3,16.909761,-8.919649427079513,0.7364051721426493,0.6563902588149109,-0.08001491332773847,1.2653481502733688,0.9837153086146047,-0.2816328416587641,1.9631019732367831,1.6110095867150673,-0.3520923865217158,2.011084350593959,1.4124921293958914,1,1,1,1,2,1,1,0,1,0,0,1
4018356,d459d622-aae0-405b-8bc4-6706c5ac8732,2,80,50,Spain Women's,Irene Paredes Hernandez,Athenea del Castillo Belvide,64.8,44.6,78.6,64.6,24.298971,7.234092616473873,0.6276809634815027,0.3016027653069733,-0.32607819817452943,1.0129476307950374,0.7495049680214525,-0.26344266277358486,1.6212300550932046,1.478785376286892,-0.1424446788063125,1.7700189927719001,4.334104358163899,1,0,1,1,1,1,1,0,1,0,0,1
4018356,4451b94b-dcf8-47f1-868d-9f7293eada04,2,80,55,Spain Women's,Athenea del Castillo Belvide,Irene Paredes Hernandez,64.2,58.8,49.3,50.8,16.91183,-12.638221294772933,0.741476090884419,0.014713159660706644,-0.7267629312237124,1.3488300889926481,0.11674040914678278,-1.2320896798458654,2.1025660347032447,0.44413529868762075,-1.6584307360156239,2.069963928695468,13.174790806592908,1,0,1,0,3,0,1,0,1,0,0,1
4018356,92dd2534-1273-440c-8b29-828cbb8e8ad5,2,81,0,Spain Women's,Irene Paredes Hernandez,Salma Paralluelo Ayingono,55.4,45.7,80.6,43.5,25.295849,25.29583165911044,0.3304064085412121,0.7738206374856131,0.443414228944401,0.6356646633709685,1.5180112714454213,0.8823466080744528,1.2101110379483064,2.48228973010235,1.2721786921540434,3.4383143544320496,3.0046456323960875,0,0,1,2,1,3,0,0,0,0,0,0
4018356,9df676e9-0475-412c-9d7e-f9da6e2acabd,2,81,2,Spain Women's,Salma Paralluelo Ayingono,Athenea del Castillo Belvide,80.4,43.5,79.3,39,4.632494,-0.957912329892963,0.7738204892731473,0.8859343144117959,0.11211382513864865,1.5180112179749303,1.6294601812482599,0.11144896327332954,2.482289775459226,2.6175534106684575,0.13526363520923157,3.0046486331116697,2.3149752368518084,0,1,2,2,3,3,0,0,0,0,0,0
4018356,17368b34-ce5a-4f39-93bb-901f47876219,2,81,6,Switzerland Women's,Viola Calligaris,Géraldine Reuteler,25.6,49.4,35.5,53.8,10.833744,9.24740533884031,0.803513402663206,0.8934742954717351,0.08996089280852904,1.4576631954513308,1.0939343174361562,-0.3637288780151746,2.1690136418770365,1.5263987317297028,-0.6426149101473337,3.2044962959408276,0.42292373524059834,0,1,2,1,3,1,1,1,0,0,0,0
4018356,99bafb4f-e707-477d-a6c2-2cd954855ba7,2,81,19,Switzerland Women's,Ana-Maria Crnogorčević,Leila Wandeler,48.9,10.9,67,3.8,19.442736,12.64174167680224,0.31373606391023484,0.14322514740692258,-0.17051091650331227,0.7431390177935906,0.3993174696979157,-0.3438215480956749,1.4006027219321426,0.8822343139396499,-0.5183684079924927,4.457388686446785,6.0702421568077805,0,0,1,0,2,1,0,0,1,0,0,1
4018356,f03561cf-1cf8-4fa8-84f7-4206657a2436,2,81,32,Switzerland Women's,Géraldine Reuteler,Alayah Pilgrim,72.8,51.2,86.9,45,15.402922,15.035103955615448,0.24128379254440963,1.1335588780276005,0.8922750854831909,0.7668381164428382,2.1274203726249032,1.360582256182065,1.6630940558965681,3.4092168413661033,1.7461227854695351,6.218153003656281,1.4298502237650035,0,1,0,2,1,3,0,1,0,0,0,0
4018356,160097c7-e5d6-445e-ad4c-cbe8b63307c1,2,81,58,Spain Women's,Victoria López,Alexia Putellas Segura,36.8,16.9,31.2,16.9,5.6,-5.408117315231777,1.03959508471105,0.5524632296140799,-0.4871318550969701,1.7218905920777092,1.2112528823592474,-0.5106377097184618,2.501423843789473,2.0591935165030537,-0.4422303272864192,2.5095681977139503,3.862449524603863,2,0,3,1,3,2,1,0,1,0,0,1
4018356,6d2c458c-952f-4122-96de-7db1978e1272,2,82,2,Spain Women's,Alexia Putellas Segura,Irene Paredes Hernandez,31.2,16.9,15.8,35.1,23.84114,-12.559766196264107,0.8961328767728471,0.04002665201749538,-0.8561062247553518,1.64771775793455,0.21848641929150858,-1.4292313386430415,2.475320201922203,0.6507480684115479,-1.824572133510655,3.192245333951876,10.399481543621683,0,0,2,0,4,0,0,0,1,0,0,1
4018356,5c6006de-22ed-498f-a979-7fa833854626,2,83,7,Spain Women's,Aitana Bonmati Conca,Leila Ouahabi El Ouahabi,86.6,28.5,73.6,15.7,18.243902,-17.053599172355696,0.486830246692963,0.015181890285337762,-0.4716483564076252,0.9962477449748398,0.13803738851651648,-0.8582103564583233,1.8719403446032503,0.5664997867178423,-1.305440557885408,2.722194704732399,13.58742018470049,1,0,1,0,1,0,0,0,1,0,0,1
4018356,e9022baf-5540-4b91-989e-82d3aafd27a9,2,83,13,Spain Women's,Leila Ouahabi El Ouahabi,Irene Paredes Hernandez,73.6,15.7,51.8,28.1,25.079872,-16.85245901489133,0.22776997110155778,0.020002854430856518,-0.20776711667070125,0.5850132283237094,0.15240202567560218,-0.4326112026481072,1.2349252993259978,0.5428323181160586,-0.6920929812099392,4.922210320596363,13.189604345795626,0,0,1,0,1,0,0,0,1,0,0,1
4018356,bf51ae7d-7291-435f-b4a7-0b1cfd0a6b5c,2,83,19,Spain Women's,Irene Paredes Hernandez,Patricia Guijarro Gutiérrez,46.4,31.1,58.6,26.1,13.18484,11.18244536432428,0.025186991505174852,0.22553683915142694,0.20034984764625208,0.20217075688552694,0.6937695473199808,0.4915987904344538,0.7123238466873091,1.5194589397018299,0.8071350930145208,13.967589957004169,5.766473635902403,0,0,0,0,0,1,0,0,0,0,0,0
4018356,d3be9f6f-10de-4b00-bebb-7a6e8957e0b8,2,83,22,Spain Women's,Patricia Guijarro Gutiérrez,Laia Aleixandri López,63.6,25.1,54.6,26.5,9.108238,-8.443833076527866,0.6108633870430293,0.11241745822118811,-0.49844592882184124,1.1135048006484054,0.43999082245015214,-0.6735139781982533,1.8421796993609565,1.0490998654104582,-0.7930798339504983,3.635223667431098,8.703605330506978,0,0,2,0,2,0,0,0,1,0,0,1
4018356,8409d0b4-638e-4754-be37-37ee60c19e68,2,83,30,Spain Women's,Laia Aleixandri López,Aitana Bonmati Conca,62.5,28.1,79.7,30.1,17.31589,17.22028817504865,0.4682319905146979,0.5932824004969623,0.12505040998226447,1.152902921972933,1.296294359847618,0.143391437874685,2.130705887707861,2.3434338391063414,0.21272795139848055,4.654154988874909,2.5954823357065915,0,1,1,1,3,1,0,1,1,0,0,1
4018356,b0420c47-d821-446e-bab8-57c0e204467c,2,84,9,Spain Women's,Athenea del Castillo Belvide,Alexia Putellas Segura,96,4.4,89.7,14.9,12.244999,3.588466570832317,0.4798286823194486,0.3410315211755146,-0.13879716114393398,0.9938260227541756,0.9502345767507612,-0.04359144600341447,1.636374178356754,1.8445926438942293,0.20821846553747525,3.9356936503157747,5.426307993521825,0,0,1,0,3,2,0,0,1,0,0,1
4018356,bfa0c0e4-7a76-482a-81b7-8ad6dd213d6c,2,84,10,Spain Women's,Alexia Putellas Segura,Leila Ouahabi El Ouahabi,89.7,14.9,81,6.4,12.163059,-12.13186024241545,0.29460195501111486,0.052818777292071864,-0.241783177719043,0.8936510627130212,0.25157111225829737,-0.6420799504547239,1.7852358888668531,0.7222420525809342,-1.0629938362859188,6.737694638977984,9.368094889760382,0,0,0,0,2,0,0,0,1,0,0,1
4018356,e8b98b04-3789-4e35-a0ca-e4ae6e30b088,2,84,12,Spain Women's,Leila Ouahabi El Ouahabi,Laia Aleixandri López,81,6.4,64.5,9.3,16.75291,-11.947311717021407,0.13172917116250737,0.01686083925925344,-0.11486833190325393,0.4141784173141741,0.1399695696513314,-0.2742088476628427,0.9890184909513944,0.5223436356884938,-0.46667485526290053,6.406869030410848,13.79380227458052,0,0,0,0,1,0,0,0,1,0,0,1
4018356,01f42b5f-e3aa-4948-8f23-43a334bf9867,2,84,15,Spain Women's,Laia Aleixandri López,Irene Paredes Hernandez,64.5,9.3,62.5,33.7,24.48183,5.5809730833302424,0.02567290956268953,0.05492339287063994,0.029250483307950405,0.18467108364581739,0.264110461444091,0.07943937779827362,0.6216069890850476,0.7932096745253797,0.17160268544033208,12.845488088463043,9.234278496352882,0,0,0,0,0,0,0,0,1,0,0,1
4018356,451b98d9-f644-4b89-8834-7aeafb022639,2,84,18,Spain Women's,Irene Paredes Hernandez,Laia Aleixandri López,62.5,34.1,64.2,20.3,13.904316,-1.3735141104336108,0.2513927301712526,0.03458157649767344,-0.21681115367357914,0.568443773804891,0.22774612622365908,-0.3406976475812319,1.167696313676916,0.7287588305150674,-0.43893748316184866,4.332125915845845,12.508972933120974,0,0,1,0,1,0,0,0,1,0,0,1
4018356,2e5430b6-23cb-415a-99df-61d7fec03031,2,84,21,Spain Women's,Laia Aleixandri López,Alexia Putellas Segura,71.2,20.9,84.4,18,13.514807,10.555422085058758,0.17377122314958285,0.5482087589624663,0.3744375358128835,0.5824573693152242,1.068416493222505,0.4859591239072809,1.327622646463507,1.808436318008938,0.480813671545431,6.51821279185808,2.8239938018318154,0,1,0,1,1,2,0,0,1,0,0,1
4018356,d63dcc2c-88bb-4423-8dfa-3af1059deecd,2,84,22,Spain Women's,Alexia Putellas Segura,Leila Ouahabi El Ouahabi,84.4,18,84.6,4.4,13.601471,-8.355527369976727,0.5482087589624663,0.15836582039222943,-0.3898429385702369,1.068416493222505,0.45110439213083253,-0.6173121010916726,1.808436318008938,0.9255701342676775,-0.8828661837412605,2.8239938018318154,6.4338431170985055,1,0,1,0,2,1,0,0,0,0,0,0
4018356,ba26f706-8eda-4f97-af60-8e611b54cd2f,2,84,24,Spain Women's,Leila Ouahabi El Ouahabi,Laia Aleixandri López,84.4,3.2,70.8,8.8,14.707821,-7.057170774745238,0.5304568017321832,0.14681918674512753,-0.38363761498705573,0.8614621806575157,0.42861971482417394,-0.43284246583334174,1.2969811765464971,0.94203401217123,-0.3549471643752672,2.359923947221185,6.161349678082712,1,0,1,0,2,1,1,0,0,0,0,0
4018356,56168e82-949a-47d9-8b73-4a07fd8162bc,2,84,26,Spain Women's,Laia Aleixandri López,Alexia Putellas Segura,71.9,7.9,78.6,11.5,7.605919,7.566085494019589,0.42876081912593783,0.9274831050254129,0.49872228589947504,0.7559080576384268,1.4587187081623554,0.7028106505239285,1.2667986473412771,2.1803897140272013,0.9135910666859242,2.755167068474988,1.1105568401329793,1,1,1,1,1,3,1,1,0,0,0,0
4018356,03d391da-5339-4333-b78f-afaab3551b1a,2,84,56,Spain Women's,Leila Ouahabi El Ouahabi,Irene Paredes Hernandez,63.6,14.4,50.8,25.1,16.683226,-8.84791138292276,0.982375708849935,0.03964348629609967,-0.9427322225538353,1.7952376380115598,0.2618478873796476,-1.5333897506319123,2.7654930967988047,0.8507555093391606,-1.9147375874596442,2.3302940064225464,12.147781975975777,1,0,1,0,4,0,0,0,0,0,0,0
4018356,cdd3904c-895a-41c7-9e5e-c294a4b6986d,2,84,58,Spain Women's,Irene Paredes Hernandez,Alexia Putellas Segura,53.8,26.1,76.1,26.9,22.314344,21.830670775034037,0.1436876419541707,0.5152545161091197,0.37156687415494893,0.5092424234538845,1.2522127601408277,0.7429703366869432,1.208054276331111,2.359918045589615,1.151863769258504,7.792725315136438,4.404935680387805,0,0,0,2,1,2,0,0,0,0,0,0
4018356,63b6b261-fced-4c8e-bbb8-960b6c29f8dc,2,84,59,Spain Women's,Alexia Putellas Segura,Salma Paralluelo Ayingono,76.1,26.9,79.7,36.9,10.628264,5.393825372659087,0.5152545161091197,1.59749118263735,1.0822366665282304,1.2522127601408277,2.273339900230858,1.0211271400900301,2.359918045589615,3.0279632838483277,0.6680452382587125,4.404935680387805,0.6075503263860249,0,2,2,3,2,4,0,1,0,0,0,0
4018356,0f73482e-62a0-42f5-8f68-385a4fd1d5fa,2,85,3,Switzerland Women's,Lia Wälti,Smilla Vallotto,37.9,43.4,39.3,33.7,9.80051,1.2248345436191101,0.7618870826070117,0.9101122133981298,0.1482251307911181,1.3557751985438091,1.4659484126813889,0.11017321413757974,2.191413518192725,2.230499874782529,0.03908635658980408,1.5796515861117126,1.2387790934151026,1,1,1,1,1,2,1,0,1,0,0,1
4018356,9219265b-afbc-408b-a724-50bae6c7b496,2,85,3,Switzerland Women's,Smilla Vallotto,Lia Wälti,39.3,33.7,32.6,39.3,8.732124,-6.4572659129779595,0.9101122133981298,1.011463222270566,0.1013510088724362,1.4659484126813889,1.678256831938471,0.2123084192570821,2.230499874782529,2.519337762899133,0.2888378881166038,1.2387790934151026,1.1945552190394775,1,1,1,1,2,3,0,1,1,0,0,1
4018356,51b740ae-f5e8-4195-a968-5c077f4edbfe,2,85,5,Switzerland Women's,Lia Wälti,Leila Wandeler,29.6,34.6,45.1,18.1,22.638462,12.525122243466711,0.977515412487133,0.6380155413570421,-0.33949987113009095,1.5974509667338257,0.9512104148980391,-0.6462405518357865,2.4079243100904364,1.525843097995032,-0.8820812120954045,1.0498681383891293,1.4816671141653426,1,1,1,1,2,1,1,0,1,0,0,1
4018356,4e9a2b3d-6f26-4898-9251-a96acb42efe3,2,85,8,Switzerland Women's,Leila Wandeler,Ana-Maria Crnogorčević,43.5,11.4,28.1,10.7,15.415901,-14.78640917028801,0.6085072546377897,0.1538270986225122,-0.45468015601527745,1.1280919994661172,0.42592000925889756,-0.7021719902072197,1.8838527494583674,0.9213138061393844,-0.962538943318983,2.49526520692444,5.881536160126761,1,0,1,0,2,1,0,0,1,0,0,1
4018356,71545060-1f94-46e1-91d5-43bc9e84f453,2,85,10,Switzerland Women's,Ana-Maria Crnogorčević,Lia Wälti,28.8,10.7,31.4,17.2,7.0007143,4.304463698540687,0.23024201325877638,0.4353798653927252,0.20513785213394883,0.5189482055441466,0.8931992316672661,0.37425102612311956,1.008909291979805,1.5196920483766347,0.5107827563968297,4.586737154694085,3.423028556901353,0,0,1,1,1,2,0,0,1,0,0,1
4018356,df6d3e74-104c-43ed-9820-a33c8e42ba6e,2,85,28,Spain Women's,Victoria López,Alexia Putellas Segura,71.9,56.8,73.9,50.4,6.7052217,3.690940585381341,0.7046941903879662,0.9296490586127107,0.22495486822474453,1.4617680283051402,1.6947982362506626,0.23303020794552243,2.439044303751472,2.665043260679997,0.225998956928525,2.7395291175207364,1.6085864668030492,1,1,1,1,3,4,0,0,1,0,0,1
4018356,38901641-c972-400a-ae12-e68588ee3f21,2,85,28,Spain Women's,Alexia Putellas Segura,Victoria López,73.9,50.4,76.8,55.5,5.866856,1.3620301721771497,0.9296490586127107,1.4389945140247442,0.5093454554120335,1.6947982362506626,2.204918313768686,0.5101200775180232,2.665043260679997,3.11407149661403,0.44902823593403296,1.6085864668030492,0.842309397545411,1,1,1,2,4,4,0,1,1,0,0,1
4018356,aca94d36-4cd5-4095-adf8-756ea3a4a6d9,2,85,30,Spain Women's,Victoria López,Leila Ouahabi El Ouahabi,76.6,53.3,83.3,27.5,26.65577,6.621830447787225,1.4479169371466556,0.035503008756348264,-1.4124139283903072,2.229253734645434,0.26017087309834597,-1.9690828615470881,3.1358381427942845,0.8697026356900563,-2.266135507104228,1.293388356160313,13.378953619950877,2,0,3,0,4,0,1,0,1,0,0,1
4018356,1b6ec714-6744-48af-9577-aad291bc7eb1,2,85,33,Spain Women's,Leila Ouahabi El Ouahabi,Athenea del Castillo Belvide,85.7,24.1,98.3,17.7,14.132233,6.690493219135867,0.33828672203993543,0.11617705162524795,-0.2221096704146875,0.7819869253399995,0.4066918733824951,-0.3752950519575044,1.528042019900831,0.9485340962038608,-0.5795079236969704,3.794912774888247,7.6857940265380575,0,0,1,0,1,1,0,0,0,0,0,0
4018356,fa4c7779-8cc3-4e7a-8c21-d999efe37ba4,2,87,42,Switzerland Women's,Noelle Maritz,Ana-Maria Crnogorčević,21.4,22.5,17.2,6.5,16.542068,-7.979768903901942,0.8542495278032721,0.054601690051892936,-0.7996478377513792,1.4412924695665734,0.2774546311162091,-1.1638378384503643,2.095698406404957,0.7305893241338188,-1.365109082271138,2.3876696228470125,10.81330838488169,1,0,2,0,2,0,0,0,1,0,0,1
4018356,b0113a4d-c1f9-438f-93e0-a4f318e0f67c,2,87,46,Switzerland Women's,Ana-Maria Crnogorčević,Leila Wandeler,21.2,4.5,41.1,4.9,19.90402,18.629040195208006,0.506186087668936,0.6870111578221831,0.1808250701532471,0.7688396976264749,0.9073190002643803,0.13847930263790542,1.1453139046703615,1.2701841283750366,0.12487022370467504,2.139660176252264,1.2063481725140313,1,1,1,1,1,1,1,0,1,0,0,1
4018356,c04bde2a-1bd0-4813-a722-09a9077b85a4,2,87,48,Switzerland Women's,Leila Wandeler,Smilla Vallotto,41.3,4.9,39,4.5,2.3345234,-2.26532985715005,0.8105820987869372,0.29645601533959937,-0.5141260834473378,0.9970905900498565,0.6855877235419043,-0.3115028665079521,1.3388953826683194,1.2208541462864715,-0.11804123638184794,0.7036804053822752,4.851092277266081,1,0,1,1,1,2,0,0,1,0,0,1
4018356,f7a92e39-7587-4800-8f78-c29317f427a6,2,87,49,Switzerland Women's,Smilla Vallotto,Sydney Schertenleib,38.8,4.1,47.8,17.2,15.893709,13.067572859698473,0.3747767074700813,0.06194106638117448,-0.3128356410889068,0.8184415149196852,0.4073883815789065,-0.4110531333407787,1.397722602090656,1.2249384246485122,-0.1727841774421437,4.393129162602359,12.529163588511235,0,0,1,0,2,0,1,0,1,0,0,1
4018356,d3f11826-2d72-41a8-89f9-2e4ac93c8b13,2,87,57,Switzerland Women's,Sydney Schertenleib,Géraldine Reuteler,57.7,48.2,56.3,55.2,7.1386275,-2.6510662491140664,1.2818912652501924,0.829802703657867,-0.45208856159232536,2.0482046006270167,1.4874379646780118,-0.5607666359490049,2.996219044912185,2.298673923754039,-0.697545121158146,1.9348330357207268,2.6150893932236947,2,1,3,2,3,3,0,0,0,0,0,0
4018356,317b6b31-1bde-407f-adc9-3d22bc42ba3c,2,87,58,Switzerland Women's,Géraldine Reuteler,Viola Calligaris,54.9,57.9,37,41.1,24.548931,-15.491216675949033,0.9821911216623108,0.06692209443060594,-0.9152690272317049,1.519816817222621,0.2788176582163147,-1.2409991590063063,2.115285142652172,0.7010182893071515,-1.4142668533450204,2.080342768383139,9.06405204640679,2,0,2,0,3,0,1,0,1,0,0,1
4018356,bd70d418-1a14-4f1e-b235-6bdadee5ce9d,2,88,8,Switzerland Women's,Noelle Maritz,Ana-Maria Crnogorčević,67,6.9,91.6,1.1,25.274492,14.322887924189573,0.5125494422338311,0.0034291216081534055,-0.5091203206256777,0.8542189997603711,0.05144180651473922,-0.8027771932456319,1.4675966919081747,0.27577143986128555,-1.191825252046889,2.2261925370703706,17.799884468237664,1,0,1,0,1,0,1,0,1,0,0,1
4018356,b5146940-74e9-47e0-beb7-83d02c2c484e,2,88,19,Switzerland Women's,Ana-Maria Crnogorčević,Noelle Maritz,111.2,18.1,100.2,14.9,11.456003,-8.367610028148516,0.9309175779084287,0.40150658406885653,-0.5294109938395721,1.4463137539355158,0.8877108773929802,-0.5586028765425356,2.293826378342063,1.7551199283627654,-0.5387064499792977,0.869872040331538,3.3473092925872057,1,0,1,1,2,1,0,1,0,0,0,0
4018356,4bb18946-9aef-4945-8f2e-79c9e1871762,2,89,44,Switzerland Women's,Livia Peng,Noelle Maritz,28.4,52.2,39.5,42.6,14.675489,11.866897399440504,0.23860705596824527,0.036101815880604286,-0.20250524008764098,0.4232626720997767,0.1696189236472269,-0.2536437484525498,0.5842937365732508,0.4489432584827582,-0.1353504780904926,4.298811592147129,10.277473818477397,0,0,1,0,1,0,1,0,1,0,0,1
4018356,25a7a41f-24f2-43ba-865b-756347ffe6a6,2,89,55,Spain Women's,Patricia Guijarro Gutiérrez,Aitana Bonmati Conca,36.4,36.5,43,40.7,7.823043,6.670051721588294,1.0747746661733428,0.22514104787499362,-0.8496336182983493,1.7000595758181714,0.7812569654982569,-0.9188026103199145,2.4799071032718767,1.7262576937245013,-0.7536494095473754,1.128985253230446,6.82127015228936,1,0,2,0,3,1,1,0,1,0,0,1
4018356,9b85c0f2-d510-466a-9e97-63eb3ba0ce8e,2,90,1,Spain Women's,Aitana Bonmati Conca,Irene Paredes Hernandez,49.6,42.5,33,56.4,21.651096,-18.087878790451498,2.1098543471728046,0.11474441426269862,-1.995109932910106,2.888863322896183,0.3966427786753837,-2.492220544220799,3.811978630533109,0.9039580517501025,-2.908020578783007,0.6176186838634543,7.313219933417611,4,0,4,0,4,1,1,0,1,0,0,1
4018356,04cd1f8c-a081-4d6a-9b33-1587a09676cb,2,90,9,Spain Women's,Catalina Thomas Coll Lluch,Aitana Bonmati Conca,12.1,40.3,44.4,57.6,36.641235,30.27877058661778,0.012293401060955509,0.12434166931965267,0.11204826825869715,0.10050933181619441,0.4795090443170674,0.378999712500873,0.3611179460983043,1.0994150224656527,0.7382970763673484,14.880192927332097,8.319533851813064,0,0,0,0,0,0,0,0,1,0,0,1
4018356,7b3ec580-350e-4405-b9a0-71d3a663ee50,2,90,13,Spain Women's,Aitana Bonmati Conca,Irene Paredes Hernandez,39.9,58.2,18.7,55.1,21.425451,-20.277590520601066,0.42181689259980265,0.01930000566402079,-0.40251688693578186,0.8998094600480544,0.12949804592376288,-0.7703114141242915,1.4971043762862386,0.44270704173893116,-1.0543973345473074,3.660291296601931,12.318303669528255,0,0,1,0,1,0,0,0,0,0,0,0
4018356,f3489ccd-1b6c-45b2-81f5-a3a18c6eb483,2,90,16,Spain Women's,Irene Paredes Hernandez,Aitana Bonmati Conca,21.3,56,39,61.8,18.626057,16.106150842704537,0.07470245305958072,0.28889651019115997,0.21419405713157924,0.29010145619523825,0.6602263075377792,0.370124851342541,0.7099636905581072,1.1635078252558024,0.4535441346976953,8.271334878430046,4.653693074403006,0,0,0,1,0,2,0,0,0,0,0,0
4018356,878e4ea9-d86b-49d3-b085-5bf8ea872239,2,90,20,Switzerland Women's,Ana-Maria Crnogorčević,Alayah Pilgrim,71.3,16.1,78.8,17.9,7.712976,7.495427518277303,0.3512582644196546,0.5898410644659352,0.23858280004628063,0.736290102336316,1.1920378330096242,0.4557477306733082,1.3619507290987494,2.039750451476686,0.6777997223779366,3.509136536607813,2.6257154160497236,0,1,1,1,1,2,0,0,1,0,0,1
4018356,4fac9dfa-bb51-49f2-9690-22bbd5dbd8f3,2,90,23,Switzerland Women's,Alayah Pilgrim,Lia Wälti,75,25,69.5,32.6,9.381365,-3.6051336819963993,0.49573487102719865,0.21687728960597918,-0.27885758142121947,1.1429124601145986,0.7112118559361992,-0.4317006041783994,1.986893783563395,1.5644143708405192,-0.4224794127228759,4.98850355294242,6.855816989748828,0,0,1,0,3,1,0,0,0,0,0,0
4018356,26012f96-a092-458c-98ac-9e23a32e4f38,2,92,13,Spain Women's,Patricia Guijarro Gutiérrez,Athenea del Castillo Belvide,79.5,44.6,98.5,76.6,37.215588,-1.6873351195217623,0.5120060908077704,0.04244311346953209,-0.46956297733823826,1.036352781534808,0.16716465773897607,-0.8691881237958319,1.849242825968616,0.43577737033824987,-1.413465455630366,2.8531408694992555,9.533982606926203,1,0,1,0,2,0,0,0,1,0,0,1
4018356,bcdec0a2-334d-45bf-aa41-79513fc87b32,2,92,17,Spain Women's,Athenea del Castillo Belvide,Aitana Bonmati Conca,98.5,76.8,98.1,68.4,8.409518,6.757087978279259,0.24936363193725178,0.3429319886087156,0.09356835667146382,0.4648464865993929,0.8135052321173347,0.3486587455179418,0.7800867868295767,1.4791771962809686,0.6990904094513919,4.186969520046786,4.494741603043873,0,0,1,1,1,1,0,0,1,0,0,1
4018356,4d4139a6-ea35-4e11-b043-02894e20c53d,2,92,21,Spain Women's,Athenea del Castillo Belvide,Patricia Guijarro Gutiérrez,91.5,63.6,85.3,56.6,9.350936,-1.4633812169616007,0.4760755361727285,0.2534582269531058,-0.2226173092196227,1.1913301385898096,0.8406370771540864,-0.3506930614357232,2.1533026134497946,1.8154570301304613,-0.33784558331933323,5.197608049717997,5.891295240129007,0,0,0,0,3,1,0,0,1,0,0,1
4018356,fcd8ffb9-a0be-43a9-b2c4-27805fb7932f,2,92,23,Spain Women's,Patricia Guijarro Gutiérrez,Ona Batlle Pascual,85.1,57.3,103.9,79,28.711147,-3.2399996655786865,0.37132496426339423,0.07513794404451309,-0.29618702021888116,1.0590634364104938,0.333210759460261,-0.7258526769502328,2.100962010946782,0.8360223861110169,-1.2649396248357654,4.760647548861423,9.906521776776543,0,0,1,0,1,0,0,0,1,0,0,1
4018356,cf23529a-34a2-47b3-8870-324e5f374949,2,92,27,Spain Women's,Ona Batlle Pascual,Patricia Guijarro Gutiérrez,105.2,78.3,88.9,71.8,17.54822,-3.4196927482064083,0.29228236830561954,0.10611644662448799,-0.18616592168113155,0.6259774910056889,0.43666548839685704,-0.18931200260883185,1.1132041022606,1.0807056041187786,-0.032498498141821486,4.145018947808883,8.86257610427254,0,0,1,0,1,0,0,0,0,0,0,0
4018356,135be2b8-7335-4412-9bfe-b5f41e4a0bc8,2,92,33,Switzerland Women's,Alayah Pilgrim,Géraldine Reuteler,19.8,12.9,33.2,17.5,14.167568,14.131268764448393,0.9214853819834422,0.6629190168458161,-0.2585663651376261,1.6614709842799131,1.427068140093991,-0.23440284418592205,2.5374368958233653,2.4436932447253263,-0.09374365109803895,2.544152481156984,3.541245783113778,1,0,2,2,3,2,0,0,1,0,0,1
4018356,c47a8a0f-72f3-4d60-8be1-bafe29e76fdf,2,92,35,Switzerland Women's,Géraldine Reuteler,Leila Wandeler,38.8,19,49.5,2.1,20.0025,3.829954307573999,0.8285655834493173,0.09240574976394486,-0.7361598336853724,1.637405008429649,0.4105538041154819,-1.226851204314167,2.7416324017006204,1.050283197567844,-1.6913492041327765,2.4761946327768896,9.45824878120007,1,0,2,0,2,0,0,0,0,0,0,0
4018356,c3465dd5-3181-456e-9db1-8958a38244a1,2,92,43,Spain Women's,Patricia Guijarro Gutiérrez,Aitana Bonmati Conca,50.4,73,61.6,67.8,12.348279,12.347799844560356,0.9529613489726058,0.4061459581497315,-0.5468153908228743,1.5537313653558882,1.1089856711405588,-0.4447456942153294,2.3430368567015383,2.118315797098526,-0.22472105960301247,2.0421406926780996,5.371766223621491,2,0,2,0,2,3,1,0,1,0,0,1
4018356,320c1544-5944-4f4d-9e1a-d82d40161a67,2,92,46,Spain Women's,Aitana Bonmati Conca,Athenea del Castillo Belvide,68.6,67.4,69.8,77.6,10.270346,-4.472952743457228,0.5925385599428266,0.3541094141411284,-0.23842914580169816,1.2235134874465488,0.8143766273426274,-0.40913686010392136,2.1085642337782824,1.4269467437121464,-0.681617490066136,2.675756538220295,5.167136516626489,1,0,1,0,2,2,0,0,1,0,0,1
4018356,e0b82f8b-4f6f-4b4f-b946-900af2734ab0,2,92,48,Spain Women's,Athenea del Castillo Belvide,Victoria López,75.7,75.4,83.3,60.6,16.637308,14.620480520959504,0.5271828073374365,0.16491961165757157,-0.3622631956798649,1.0540021402972548,0.6738089052859281,-0.38019323501132674,1.7095042746435167,1.5581015184700207,-0.15140275617349608,3.6600506950401663,8.765489735546307,0,0,1,0,2,0,0,0,1,0,0,1
4018356,7576f4ff-8844-4cad-b287-69e9594da0f8,2,92,53,Spain Women's,Victoria López,Aitana Bonmati Conca,99.5,62.4,106.9,67.2,8.820431,0.1743873593612797,0.8348096850943443,0.33265845706771646,-0.5021512280266278,1.493172655849486,0.8416112226156442,-0.6515614332338417,2.342689684177229,1.6052886321065982,-0.7374010520706309,1.6946666261761716,5.572573079040204,1,0,1,0,3,2,0,0,1,0,0,1
4018356,0c401b16-4bf2-434f-8385-940c29353b9e,2,92,57,Spain Women's,Aitana Bonmati Conca,Victoria López,107.7,66.2,105.1,55.3,11.205802,7.587067938707111,1.0346907191419337,0.713731170149486,-0.3209595489924477,1.5337001888876516,1.582458759088535,0.04875857020088348,2.2782581731673397,2.698598902172503,0.4203407290051633,0.7926702273912279,4.31154205728722,1,0,2,2,2,4,1,0,1,0,0,1
4018356,3ed67159-9223-4ab4-b988-8c410c8cf7ca,2,93,2,Spain Women's,Victoria López,Athenea del Castillo Belvide,94,53.1,91.1,60,7.484651,-6.031812024640644,0.4687082740234218,0.2171033784813286,-0.2516048955420932,1.1548162641385138,0.7521000145566518,-0.40271624958186203,2.1718336316665243,1.66920118562877,-0.5026324460377543,3.761917292557479,6.382055181235934,0,0,1,0,2,1,0,0,1,0,0,1
4018356,518e1849-d3cb-429f-9bdd-ed60bdad7432,2,93,3,Spain Women's,Athenea del Castillo Belvide,Victoria López,91.1,59.4,90.7,53.1,6.3126855,2.7124431332271755,0.21710343454909414,0.3935582499067673,0.17645481535767316,0.7521001219493588,1.0410244568431697,0.28892433489381086,1.6692013357773756,2.0235446561712576,0.35434332039388194,6.38205399271161,4.772789072278252,0,0,0,1,1,2,0,0,1,0,0,1
4018356,97237afb-bc87-489d-980a-60cb0918f9bd,2,93,4,Spain Women's,Victoria López,Athenea del Castillo Belvide,90.7,53.1,91.5,61.6,8.537564,-3.66528204093251,0.3935582499067673,0.41927145818146366,0.025713208274696364,1.0410244568431697,1.0754289046841263,0.03440444784095664,2.0235446561712576,2.059991561815034,0.03644690564377662,4.772789072278252,4.71821351801614,0,0,1,1,2,2,0,0,1,0,1,1
4018356,7dbae0a9-cb85-4745-ab61-04cb469434b8,2,93,5,Spain Women's,Athenea del Castillo Belvide,Aitana Bonmati Conca,91.3,61.4,99.1,55.3,9.90202,9.898402271067482,0.7251570696326697,0.9764424533711445,0.25128538373847487,1.373619288808688,1.8851747841601065,0.5115554953514185,2.3106027420982183,2.9982636458239353,0.6876609037257171,2.09653282735132,2.9336704139135157,1,1,1,2,3,3,1,0,1,0,1,1
4018356,903c2933-cfce-498f-af89-fd42f9249df4,2,93,6,Spain Women's,Aitana Bonmati Conca,Ona Batlle Pascual,99.1,55.3,98.7,67.4,12.106609,-8.803449538750641,0.9764424533711445,0.16063576399822196,-0.8158066893729226,1.8851747841601065,0.5986423189045206,-1.2865324652555858,2.9982636458239353,1.4007275890737998,-1.5975360567501355,2.9336704139135157,7.268042610447598,1,0,2,0,3,1,0,0,1,0,1,1
4018356,7ec2be2f-ce54-4589-b4c6-77bdb8b303a3,2,93,8,Spain Women's,Ona Batlle Pascual,Salma Paralluelo Ayingono,100.9,66.6,108.7,47.5,20.631287,19.184612780240073,0.28828886069199505,1.1942355881565967,0.9059467274646016,0.8159337195949136,1.9472082686130496,1.1312745490181362,1.6892917982169615,2.9771397233423973,1.2878479251254358,4.955471349425425,0.5356195186680826,0,1,1,1,1,2,0,0,1,0,1,1
4018356,7197e42b-89a4-4e50-8fb3-16cc6a20d656,2,93,9,Spain Women's,Salma Paralluelo Ayingono,Laia Aleixandri López,108.1,47.3,84.9,33.7,26.892378,-21.700243950853093,1.1942353774036527,0.3038749539412197,-0.8903604234624329,1.9472081912906753,0.6216499827042447,-1.3255582085864308,2.9771397365235672,1.2369709974893914,-1.7401687390341758,0.5356204982977749,3.7190455724055522,1,0,1,1,2,1,0,0,0,1,1,1
4018356,45893e7c-2dee-4280-9a50-566b7deed8d0,2,93,12,Spain Women's,Laia Aleixandri López,Athenea del Castillo Belvide,84.9,33.7,96.7,28.3,12.976903,9.588311988956004,0.3038749539412197,0.12797632169871914,-0.17589863224250057,0.6216499827042447,0.5566834405791883,-0.06496654212505637,1.2369709974893914,1.4022673927436213,0.1652963952542299,3.7190455724055522,8.732785181221043,0,0,1,0,1,0,0,0,0,1,1,1
4018355,32068853-997b-4409-b2a5-85d41d77ccb9,1,0,11,England Women's,Lucy Bronze,Lauren James,27.3,78.6,31.3,79.2,4.0447497,3.439462419735875,0.7508760700720116,0.7076654782829648,-0.04321059178904685,1.1538069076761834,1.3127612853192219,0.15895437764303844,1.726274653782483,2.003641825879907,0.27736717209742423,1.355392132441448,3.547526465947606,1,0,1,2,2,3,1,1,1,0,0,1
4018355,500b1d82-5ae1-4c36-9c09-d5705c803088,1,0,12,England Women's,Lauren James,Keira Walsh,31.8,78.4,30.7,74,4.535416,0.6430760140028298,1.4112364104259012,0.647249523698339,-0.7639868867275622,1.9521418684348595,1.3466850505918975,-0.605456817842962,2.5742706435457805,2.21821429371472,-0.3560563498310607,0.5618228301644882,2.9282228011754547,2,1,2,1,3,3,0,0,1,0,0,1
4018355,59b25409-2a3c-45e4-8483-9b0caec666a0,1,0,13,England Women's,Keira Walsh,Lucy Bronze,30.7,74,21.5,76.3,9.483143,-9.422304471442487,0.647249523698339,0.1174828042706369,-0.529766719427702,1.3466850505918975,0.47524297145737093,-0.8714420791345265,2.21821429371472,1.1271222245080066,-1.0910920692067132,2.9282228011754547,9.154315819937041,1,0,1,0,3,0,0,0,1,0,0,1
4018355,b933e355-bd47-4816-a574-2fdaaff209a9,1,0,17,England Women's,Lucy Bronze,Jessica Carter,19.7,72.1,19.3,49.7,22.403572,4.1453418312309935,0.47531351551650125,0.23491412030866435,-0.2403993952078369,0.8770536937515797,0.6666820975617107,-0.210371596189869,1.4463062743522441,1.3683783301233046,-0.07792794422893956,2.6844797201771704,5.28018598051674,1,0,1,0,1,1,0,0,0,0,0,0
4018355,f70704ab-0b49-43d5-82ca-cda189fb9085,1,1,9,England Women's,Alessia Russo,Lauren James,72.6,61.7,83.8,67.8,12.753431,6.488122559113322,1.7028834839246185,1.0079972839291143,-0.6948861999955043,2.324438069465188,1.743019548488724,-0.581418520976464,3.2041888297323853,2.7353495235937757,-0.4688393061386096,0.6330598043556281,1.0452904095423214,2,1,2,1,2,3,1,1,0,0,0,0
4018355,d25b1b03-eded-46c5-bce7-9f26955b4964,1,1,13,Sweden Women's,Magdalena Lilly Eriksson,Ingrid Filippa Angeldal,34.1,18.7,37.9,20.9,4.3908997,4.208945376265902,0.7624535429014392,0.8122875238533712,0.04983398095193203,1.441495975964967,1.6658119810489007,0.22431600508393368,2.3504901898854706,2.674764256755209,0.32427406686973814,1.9592220019479074,3.014865745400112,1,0,1,2,3,4,0,0,0,0,0,0
4018355,9de22ce5-f5f8-4cc9-9533-ed18195f75a0,1,1,13,Sweden Women's,Ingrid Filippa Angeldal,Gun Nathalie Björn,37.9,20.9,28.8,23.8,9.550916,-8.3351746208929,0.8122875238533712,0.40152885339768735,-0.41075867045568387,1.6658119810489007,0.9500811466209566,-0.7157308344279442,2.674764256755209,1.7766665111172921,-0.8980977456379167,3.014865745400112,3.666479620165197,0,0,2,1,4,1,0,0,0,0,0,0
4018355,06da948d-6a3a-4875-9c5f-f412311e1a60,1,1,15,Sweden Women's,Gun Nathalie Björn,Fridolina Rolfö,28.8,23.8,42.2,4.5,23.495745,7.111035088338937,0.40152885339768735,0.1360490811384699,-0.2654797722592175,0.9500811466209566,0.48211690837239,-0.46796423824856653,1.7766665111172921,1.1309216968383937,-0.6457448142788984,3.666479620165197,7.2228354954761045,0,0,1,0,1,1,0,0,1,0,0,1
4018355,2b72e53a-2a6e-40ca-a787-758255693642,1,1,38,England Women's,Jessica Carter,Keira Walsh,20.4,33.9,32.2,30.4,12.308127,11.463352482885995,0.3861393988536525,0.5165929930114669,0.13045359415781438,0.6152657570634663,1.0337980361132626,0.4185322790497963,0.9580505685556387,1.7425439195751167,0.7844933510194779,2.8818916624932673,2.8112189744907,1,1,1,1,1,1,1,0,0,0,0,0
4018355,dfaedc52-45e0-4fa0-80a3-3073802dc2f0,1,1,42,Sweden Women's,Emma Stina Blackstenius,Kosovare Asllani,99.1,37.8,104.8,49.9,13.37535,2.8757351025268214,0.4712346602157812,0.3213235346073986,-0.1499111256083826,0.920174527270284,0.8904413804029947,-0.02973314686728934,1.4834571176988642,1.666993531467698,0.18353641376883378,4.131217461602519,5.708193553589382,0,0,2,0,2,2,0,0,0,1,1,1
4018355,4d273e28-72b1-43bb-8d92-48dc323911a4,1,2,45,England Women's,Hannah Hampton,Lucy Bronze,33.8,42.4,84.5,75.1,60.33059,36.31086420097732,0.0007646803861041014,0.9832674726859891,0.982502792299885,0.014182783426244258,1.492636620502902,1.4784538370766578,0.08181662458141685,2.2116783334697283,2.1298617088883116,21.546813626112048,1.55332293986666,0,1,0,2,0,2,0,0,1,0,0,1
4018355,4e63a1d6-7c49-4823-847f-8079936a6dd7,1,2,51,England Women's,Keira Walsh,Lucy Bronze,82.6,71.4,75.2,65.3,9.590099,-2.6166722554522437,1.0602121026278417,0.9636677145188125,-0.09654438810902921,2.014120397928007,1.834803534905123,-0.17931686302288408,3.202855711409786,2.9444068811544364,-0.2584488302553498,3.1275938171275453,2.51751958747315,0,1,3,2,4,4,0,0,1,0,0,1
4018355,bdffa836-53d7-416c-8b3b-59f79e21c185,1,2,55,England Women's,Leah Williamson,Lauren James,68,73.7,83.2,73.1,15.211838,12.469272756041704,0.13270190492797615,1.272215690924733,1.139513785996757,0.5207929694265799,1.9629157385406515,1.4421227691140714,1.2926856696600333,2.9056632078014033,1.61297753814137,8.47606241747017,0.9105990929642026,0,1,0,2,0,3,0,1,0,0,0,0
4018355,741d1214-4202-425d-a095-72ec7c20fbdb,1,3,0,Sweden Women's,Julia Zigiotti-Olme,Ingrid Filippa Angeldal,32.2,10.9,35.4,15.9,5.936329,4.5310247356829905,0.7206625758832668,1.043033663969577,0.3223710880863102,1.4049796180385126,1.7345307614262222,0.32955114338770963,2.2560545168874326,2.6297219020437006,0.37366738515626796,2.4732574316324594,0.986583609106419,1,1,1,1,3,3,1,1,0,0,0,0
4018355,18b8b2b2-f116-4a57-9671-d20e1005dc6b,1,3,20,Sweden Women's,Gun Nathalie Björn,Ingrid Filippa Angeldal,37.1,57.8,52.7,69.4,19.440165,11.34797180107347,0.8189323930831734,0.3507362960414283,-0.46819609704174514,1.2846059081605417,0.7612376428010542,-0.5233682653594874,1.8849007114915588,1.4375747061811166,-0.4473260053104422,1.6287642686762136,3.667844922887497,1,0,2,1,2,1,0,0,0,0,0,0
4018355,e4b438d6-ac94-4f4a-8d69-643cbf33f41f,1,3,21,Sweden Women's,Ingrid Filippa Angeldal,Johanna Rytting-Kaneryd,52.7,71.7,62.4,78.2,11.676472,5.276224687293123,0.8494517441674543,0.558903357698082,-0.2905483864693723,1.1993239333351033,0.9285644099751816,-0.2707595233599217,1.821140162406326,1.5186979597990733,-0.30244220260725263,0.7838202739804233,2.129803767219595,1,1,1,1,1,1,1,0,0,0,0,0
4018355,3d38b4fc-8257-45c0-b1a1-b805192fe32f,1,3,41,Sweden Women's,Ingrid Filippa Angeldal,Hanna Lundkvist,50,70.9,49.3,78.4,7.5325956,-3.9385368775836014,0.6518437122919205,0.26094520893156364,-0.39089850336035686,1.0765121717695187,0.6257112185906393,-0.45080095317887947,1.7321671103328946,1.205173658586876,-0.5269934517460186,1.6677528070467187,4.582783748359543,1,0,1,1,1,1,1,0,0,0,0,0
4018355,4d45a5de-a506-4df3-a241-616beeb6fe3d,1,3,41,Sweden Women's,Hanna Lundkvist,Kosovare Asllani,49.3,78.4,59.4,65.6,16.304907,14.66985835779586,0.26094520893156364,1.0517586777799701,0.7908134688484065,0.6257112185906393,1.6138896137892804,0.9881783951986411,1.205173658586876,2.5766209942822402,1.3714473356953643,4.582783748359543,0.43948183350950587,0,1,1,1,1,2,0,1,0,0,0,0
4018355,b9f25f2e-f01c-47da-bcd4-0bdf07c8e8e4,1,5,2,Sweden Women's,Fridolina Rolfö,Jonna Ann-Charlotte Andersson,102.7,1.7,93.4,1.7,9.3,-4.605053905945049,0.6917976518028941,0.3982417168853946,-0.2935559349174995,1.1784302274991942,0.8602461404238859,-0.3181840870753083,1.9815590491809618,1.6203640829533756,-0.3611949662275862,1.5824598425459968,3.3780602305800134,1,0,1,1,1,1,1,0,0,0,0,0
4018355,4fe350a1-37ab-4248-af95-c6da1cd2235f,1,5,3,Sweden Women's,Jonna Ann-Charlotte Andersson,Kosovare Asllani,93.2,1.7,97.2,4.2,4.7169905,4.30152884804324,0.3982422159438552,1.0445633196475321,0.6463211037036769,0.8602466395943414,1.6987504403025273,0.8385038007081859,1.620364532546168,2.653771174670511,1.0334066421243429,3.37805566250387,0.8226975492190173,0,1,1,1,1,4,0,1,0,0,0,0
4018355,17850107-957f-4d1d-b9c5-ebc35ceb4635,1,5,4,Sweden Women's,Kosovare Asllani,Fridolina Rolfö,97.2,4.7,99.1,1.3,3.8948684,-1.959981333173907,1.0445633196475321,0.739944185240533,-0.30461913440699917,1.6987504403025273,1.302476002075371,-0.39627443822715636,2.653771174670511,2.079437332199896,-0.5743338424706148,0.8226975492190173,1.9598743211930694,1,1,1,1,4,3,1,0,0,0,0,0
4018355,98f2df6f-f097-4802-92e0-f0a2a03f0c39,1,5,8,England Women's,Ella Toone,Leah Williamson,26.7,70.2,17,68.1,9.924717,-8.698325851680877,1.556586739218142,0.6813876365863647,-0.8751991026317774,2.239294683472414,1.1761761923926937,-1.0631184910797202,3.0665351455922747,1.9076748591201313,-1.1588602864721433,0.5676862184729812,1.7827632652886127,1,1,3,1,4,2,1,0,0,0,0,0
4018355,63f1dced-b36a-4864-90f7-7028f2fd2f28,1,5,24,England Women's,Leah Williamson,Jessica Carter,41.9,65.6,41.7,39.4,26.200764,3.8863257001926854,0.009629492293765468,0.005547001034661073,-0.004082491259104396,0.09572939845859134,0.07290763272474671,-0.02282176573384463,0.39459628988259354,0.3533440990413783,-0.04125219084121523,15.330990947067976,16.805883968403062,0,0,0,0,0,0,0,0,1,0,0,1
4018355,58546c18-fa1b-4604-8e28-7a3e4767a1d3,1,5,29,England Women's,Jessica Carter,Lauren Hemp,54.3,32,85.7,8.8,39.041004,19.817932622691984,0.11930693226432067,0.1487146148149616,0.029407682550640926,0.40717248900446823,0.44801080125278525,0.04083831224831702,0.9920542289471583,0.9762422094811573,-0.01581201946600108,6.931716086337345,6.20394766886387,0,0,0,0,1,1,0,0,1,0,0,1
4018355,0bf6d46b-cb40-4d13-ad29-e48da5f47b5c,1,5,32,England Women's,Lauren Hemp,Alex Greenwood,83,8.2,71,7.8,12.006665,-9.845393087062078,0.7550778696074719,0.057233430454688115,-0.6978444391527838,1.2990036063719452,0.2831665128443538,-1.0158370935275913,1.9022055926507255,0.7928550362313723,-1.1093505564193533,2.7514939866737333,9.801755858370907,1,0,2,0,3,0,0,0,1,0,1,1
4018355,ae0619a1-e34b-4c07-baef-f30973c8769e,1,5,50,England Women's,Alessia Russo,Lauren James,118.6,62.4,107.3,60.7,11.42716,-1.8416791937765282,0.5933558979719811,0.26725357264164235,-0.3261023253303387,0.9713289593836685,0.7613007895656172,-0.21002816981805128,1.7220547183815016,1.6222461066787774,-0.09980861170272415,1.7490858900508817,6.007745126118553,1,0,1,0,1,2,0,0,1,0,0,1
4018355,98de28fb-e220-4229-9c60-2aa390393c73,1,5,58,England Women's,Ella Toone,Georgia Stanway,99.9,32.6,101.8,28.4,4.609772,-0.16348336452176682,1.5993398990715921,1.5721151301484098,-0.027224768923182374,2.6422590898870957,2.5630903997938783,-0.07916869009321736,3.8940911436863934,3.75483165860333,-0.13925948508306352,1.0235568718427526,1.7070924913701575,2,2,2,3,5,4,0,0,0,0,0,0
4018355,6b8613e3-1ce6-4482-a75e-f1efc13a1630,1,6,4,Sweden Women's,Kosovare Asllani,Emma Stina Blackstenius,58.4,55.7,75.9,67.7,21.219095,11.49142719881847,1.0603833044179092,0.35447714046302004,-0.7059061639548891,1.6118141603759533,0.745590297254869,-0.8662238631210842,2.336714991010873,1.2999483964948684,-1.0367665945160047,0.7071346651946105,3.729614684054232,1,0,1,1,3,1,1,0,1,0,0,1
4018355,0bed3398-a6a8-4335-9ab9-117ab5db82b6,1,6,9,Sweden Women's,Emma Stina Blackstenius,Johanna Rytting-Kaneryd,75.5,70.6,63,73.5,12.831991,-12.109781511311269,0.5139373012203478,0.08583285229553914,-0.4281044489248086,0.8204690881725044,0.33971468499716223,-0.4807544031753422,1.2922585992456124,0.8635266129026128,-0.4287319863429996,2.1592441764658155,8.130516870543778,1,0,1,0,1,0,1,0,1,0,0,1
4018355,efa61ce2-c439-4f37-a53d-9af83776b650,1,6,12,Sweden Women's,Johanna Rytting-Kaneryd,Kosovare Asllani,73.2,69.1,92.3,58.8,21.70023,21.63213083266934,1.1610895206450544,0.6223963527816723,-0.5386931678633822,1.684906749887917,1.2783714124177379,-0.4065353374701792,2.44113116682223,2.2800566114960956,-0.16107455532613457,0.54546714989024,2.5253407306610853,1,1,2,1,2,2,1,0,0,0,0,0
4018355,99b1ff1f-bcac-487a-b3a1-1b3c1e8647dc,1,6,14,Sweden Women's,Kosovare Asllani,Emma Stina Blackstenius,93.1,58.8,111.6,59.2,18.504324,11.861340902659165,0.9107878933184229,0.2605685821604503,-0.6502193111579726,1.6252780027570215,0.7877988585403027,-0.8374791442167188,2.619609966541093,1.617449589488058,-1.002160377053035,1.5755271495850764,7.348829433348411,1,0,1,0,3,3,1,0,0,0,0,0
4018355,ad3c64ab-0681-4ee7-bdc2-6cc8bf214821,1,6,27,England Women's,Lucy Bronze,Jessica Carter,13.6,79.3,8.6,63.1,16.954056,-0.34384441697665125,0.00113148413666004,0.004769813103694859,0.0036383289670348187,0.01900757458999253,0.056908752426057675,0.03790117783606514,0.10662878350992891,0.24211688020712208,0.13548809669719317,20.414138307616327,17.614736974827554,0,0,0,0,0,0,0,0,1,0,0,1
4018355,c933bf7a-0442-4c8e-9349-65ea375bb2d0,1,6,34,England Women's,Hannah Hampton,Alex Greenwood,13,41.7,22.8,22.6,21.467417,8.268377358761185,0.005503445616470227,0.0005755711932468689,-0.004927874423223359,0.05430496872741438,0.01697245694876945,-0.03733251177864493,0.2165962330307361,0.11927128836802292,-0.09732494466271319,15.947085417156512,24.500440824061858,0,0,0,0,0,0,0,0,1,0,0,1
4018355,a2841edc-02b4-4b4d-9130-abbb5cc3756e,1,6,39,England Women's,Alex Greenwood,Leah Williamson,34.2,23.7,33.1,39.3,15.638734,0.4317672181705774,0.007929894251032417,0.029255845667889073,0.021325951416856656,0.09028570986530146,0.17996784378687733,0.08968213392157587,0.3893997867953413,0.5722483305900519,0.18284854379471055,16.3787551409643,11.950622980404217,0,0,0,0,0,0,0,0,1,0,0,1
4018355,0c9c80b9-aea9-420d-b322-0a2550dba941,1,7,10,Sweden Women's,Jonna Ann-Charlotte Andersson,Magdalena Lilly Eriksson,84.2,1.6,52.8,1,31.405731,-25.197580385778046,0.6853225812839073,0.5064775091079775,-0.17884507217592982,1.053125526712274,0.7930975806510216,-0.26002794606125246,1.6678808583341782,1.1457066707688022,-0.522174187565376,1.4024722121160336,2.3030941280351387,1,1,1,1,1,1,1,1,1,0,0,1
4018355,b20564d9-b80a-4344-b314-7caf69cd8829,1,7,13,Sweden Women's,Magdalena Lilly Eriksson,Jennifer Miley Falk,49.1,1.4,20.7,23.2,35.802235,-19.984607918522386,0.5064776296473008,0.001030253184340985,-0.5054473764629598,0.7930976945723212,0.016925261534972563,-0.7761724330373486,1.1457067733504174,0.09095557482093995,-1.0547511985294775,2.3030934181878133,20.648405369843164,1,0,1,0,1,0,1,0,1,0,0,1
4018355,bcd5a49e-342e-4f9a-b2f9-d7235bd5cdba,1,7,43,Sweden Women's,Hanna Lundkvist,Gun Nathalie Björn,81.5,77.4,67.3,76.8,14.21267,-10.601938017037561,0.606437523616942,0.34893187513617147,-0.25750564848077057,1.0246535175397686,0.7138684964701377,-0.3107850210696309,1.725024413692,1.2414242456590039,-0.4836001680329962,1.8494628355410965,3.6038324866793614,1,0,1,1,1,1,0,0,1,0,0,1
4018355,073ff01a-20a3-4419-84f1-2ed6367f91ce,1,8,13,Sweden Women's,Johanna Rytting-Kaneryd,Hanna Lundkvist,111.3,76.3,104.6,77.6,6.824954,-3.303509290010524,0.6850305430890594,0.2839672634551279,-0.4010632796339315,1.0891064624874387,0.6921050455647394,-0.3970014169226993,1.7544604385319833,1.3854416581431221,-0.36901878038886116,1.4730562368642883,4.369321500962454,1,0,1,1,1,1,1,0,0,0,0,0
4018355,17ceefba-5f8d-4c4a-a42f-0e8b13246d95,1,8,35,Sweden Women's,Julia Zigiotti-Olme,Ingrid Filippa Angeldal,72.6,65.7,76.6,68.5,4.8826222,1.997730333227281,1.2273197924637764,1.2412353623582522,0.013915569894475732,1.8027794222237368,1.9502330544684157,0.1474536322446789,2.5378855318458284,2.8592578397092643,0.32137230786343585,0.7746860246954391,1.6946638912833905,1,2,2,2,3,4,0,0,0,0,0,0
4018355,bdfbf500-ef16-417e-b763-8be6cd24c9cd,1,8,37,Sweden Women's,Ingrid Filippa Angeldal,Johanna Rytting-Kaneryd,76.6,69.6,80.4,74,5.813777,0.3395510405852207,1.2412351366737682,0.4403990335680725,-0.8008361031056956,1.9502328527461328,1.1507147864196463,-0.7995180663264865,2.8592576609038174,2.176726616646256,-0.6825310442575612,1.694664149944979,4.742838406378441,2,0,2,1,4,3,1,0,0,0,0,0
4018355,a7ca0279-d830-4375-a780-ad02bffac0c2,1,9,2,Sweden Women's,Johanna Rytting-Kaneryd,Hanna Lundkvist,81.9,76.1,72.5,75.9,9.402127,-7.054027262597394,0.42125833197862644,0.08004833669863726,-0.3412099952799892,0.869063204689597,0.3311143592614393,-0.5379488454281577,1.5777959604846392,0.880493700693178,-0.6973022597914612,3.1617205393431704,8.257480545815726,0,0,1,0,1,0,1,0,1,0,0,1
4018355,0f57ebe8-4781-41be-8678-82ae5bc54785,1,9,4,Sweden Women's,Hanna Lundkvist,Gun Nathalie Björn,70.2,74.6,49.9,64.3,22.763567,-13.552396817326091,0.272612210371104,0.023711941761275643,-0.24890026860982836,0.7224451855737483,0.14146137762046068,-0.5809838079532876,1.5093547279497914,0.45115796827447846,-1.058196759675313,4.568254806110444,11.599634637312969,0,0,1,0,1,0,0,0,1,0,0,1
4018355,7b7e8674-af76-4f8f-a117-87e523a0dd57,1,9,16,England Women's,Alex Greenwood,Jessica Carter,44.6,24.8,33.3,31.3,13.036103,-10.218573651383778,0.41005707561726346,0.10367209966464222,-0.30638497595262126,0.9059603025075272,0.4205443472787789,-0.48541595522874836,1.652388098067042,1.0183725313246699,-0.6340155667423721,3.4521833264821042,8.43832938239255,0,0,1,0,1,0,0,0,1,0,0,1
4018355,986ffb38-fb37-4c3f-be8a-9834cf0eb4ad,1,9,26,Sweden Women's,Gun Nathalie Björn,Fridolina Rolfö,49.3,53.3,63.5,32.7,25.019993,14.970472945772634,0.8128542569875433,0.3273289398420742,-0.48552531714546915,1.4848260072775739,0.8047929487162746,-0.6800330585612993,2.276252738162275,1.6140718475729159,-0.6621808905893589,2.4061680732414015,4.750890311417723,1,0,2,1,3,2,0,0,1,0,0,1
4018355,de1e9b61-5bd1-45a9-a71f-e0234344db57,1,9,30,Sweden Women's,Fridolina Rolfö,Emma Stina Blackstenius,63.7,31.4,92.5,8.8,36.60874,15.363508885464825,0.3726764973538447,0.06365360788529685,-0.3090228894685479,0.8741414633762565,0.2768019800968749,-0.5973394832793817,1.7155223328700369,0.7201000512182442,-0.9954222816517927,3.963272241312491,9.376910426830628,0,0,1,0,2,0,0,0,1,0,0,1
4018355,3cb19857-fe03-4191-866e-354aaf1edd6e,1,10,16,England Women's,Lauren James,Alessia Russo,78.2,78.5,84.4,77.7,6.2514,4.9764081716523805,1.4213613991054126,0.7772897073248421,-0.6440716917805704,2.0598877518003142,1.4577858205215983,-0.6021019312787159,2.8725893856108153,2.354111160292231,-0.5184782253185842,0.48526197660301196,2.2874273126177145,1,1,2,1,3,3,1,1,0,0,0,0
4018355,79fa7805-bfbd-4e71-859e-ea456eb88fd4,1,10,32,England Women's,Lucy Bronze,Leah Williamson,74.7,78.1,57.9,78.7,16.81071,-13.979655568654941,0.6249945514866116,0.0077006190910308345,-0.6172939323955808,1.064246583216759,0.08568288321302019,-0.9785637000037387,1.8426191542101602,0.3867275954243295,-1.4558915587858308,1.7208609510665387,16.77714775265031,1,0,1,0,1,0,0,0,1,0,0,1
4018355,279f4405-3c03-4592-af93-f32ac4645337,1,10,34,England Women's,Leah Williamson,Jessica Carter,57,78.5,51.1,47.4,31.6547,4.536332789367421,0.031344612262176594,0.008410128715764704,-0.02293448354641189,0.20139752127127208,0.09715103734151034,-0.10424648392976174,0.6710221458273735,0.43540671383643803,-0.2356154319909355,11.606333333907283,16.84023714854347,0,0,0,0,0,0,0,0,1,0,0,1
4018355,4225e2b4-3591-4591-bb57-b91f91fdcc39,1,11,17,Sweden Women's,Julia Zigiotti-Olme,Ingrid Filippa Angeldal,62.8,51.2,60.7,53.7,3.2649655,-2.575784518355796,0.8346088427477767,0.41700951377674245,-0.41759932897103424,1.5008944009059086,1.0799478454836327,-0.420946555422276,2.496814668597823,2.1153045844264833,-0.3815100841713397,1.7508804689174389,4.462351893528613,1,0,2,1,2,3,1,0,1,0,0,1
4018355,b45111ce-7881-4931-ac5d-5fe12440950d,1,11,18,Sweden Women's,Ingrid Filippa Angeldal,Fridolina Rolfö,60.7,53.7,65.3,42,12.571794,6.125424133052029,0.41700951377674245,0.5117744821614829,0.09476496838474047,1.0799478454836327,1.1619616767284988,0.08201383124486616,2.1153045844264833,2.2090264403456663,0.09372185591918303,4.462351893528613,2.9781884306994804,0,1,1,1,3,1,0,0,1,0,0,1
4018355,4ff0c701-0601-46aa-8002-382036ae3582,1,12,3,Sweden Women's,Jennifer Miley Falk,Fridolina Rolfö,5.3,25.5,35.5,2.7,37.84019,23.246552695961768,0.023857522971540354,0.6948672012781143,0.671009678306574,0.13518265150760186,0.9046920375265646,0.7695093860189627,0.41539347999212606,1.2956389237516486,0.8802454437595225,11.467345910569344,1.1434354381543748,0,1,0,1,0,1,0,1,0,0,0,0
4018355,2a76ccf2-eea0-440e-ad08-3745eeecf427,1,12,8,England Women's,Ella Toone,Lauren James,85.4,73.9,87.3,77.7,4.248529,-1.4663675827205012,0.9729350970871445,0.6939173665498305,-0.27901773053731405,1.6436233190449705,1.319233053362386,-0.32439026568258456,2.493706024293853,2.1316574644605497,-0.3620485598333034,1.6720430149578125,3.0213599800589446,1,0,2,2,3,3,1,0,1,0,0,1
4018355,8f9a5682-ff88-4f03-9392-28c90f839fc6,1,13,26,England Women's,Keira Walsh,Lauren James,42.9,35.9,52,41,10.431683,9.201584762828944,0.6625808260280113,0.37627200251536363,-0.28630882351264764,1.4503261498492552,1.1054447761069235,-0.34488137374233174,2.4733556918544877,2.2364751488700443,-0.2368805429844434,3.5568950966166324,5.598235367240504,0,0,1,0,4,2,0,0,1,0,0,1
4018355,5e4b00ae-1628-43d8-a87b-c9d09f8296c2,1,13,30,England Women's,Lauren James,Keira Walsh,62.8,40.6,60.5,46.7,6.519202,-2.6728918465316625,2.040952065184132,0.6420886100148233,-1.3988634551693089,2.939041273514668,1.5240367473476708,-1.415004526166997,3.9780535298727258,2.6791955846654236,-1.2988579452073021,1.2897245796993704,4.655655644273407,3,0,4,1,4,4,1,0,1,0,0,1
4018355,637d3788-c44e-47fe-9979-442c474763ce,1,13,32,England Women's,Keira Walsh,Lucy Bronze,60.9,46.9,79.5,74.3,33.116764,6.428459916751557,0.6420886130759248,0.04116168799244435,-0.6009269250834804,1.5240367249990374,0.2167128094313831,-1.3073239155676544,2.679195531335908,0.6714287779037726,-2.0077667534321355,4.655654340436346,10.398525580765941,0,0,1,0,4,0,0,0,0,0,0,0
4018355,f645ce5a-fe20-4891-91e0-363e55dbad60,1,14,17,Sweden Women's,Gun Nathalie Björn,Jennifer Miley Falk,21.1,51.4,9.2,43.1,14.508618,-11.288498694081994,0.03327560058095869,0.009261158241280277,-0.024014442339678414,0.16447637803055404,0.07107289093501679,-0.09340348709553725,0.4642869838273791,0.2608856749960892,-0.20340130883128987,10.483617079217508,14.179547211405797,0,0,0,0,0,0,0,0,1,0,0,1
4018355,5f7816d7-43d5-47d1-aea6-e0ecce7d9ea8,1,14,20,Sweden Women's,Jennifer Miley Falk,Gun Nathalie Björn,10.1,43.1,22.8,56.4,18.389671,11.369882673146392,0.01808439515274241,0.01273462877986085,-0.005349766372881558,0.10293542925466401,0.09659527212809281,-0.006340157126571197,0.3206271082019328,0.3387379098629523,0.018110801661019527,12.11983719198968,13.533822784842233,0,0,0,0,0,0,0,0,1,0,0,1
4018355,9ca40b18-c568-4887-b657-9e3096613b65,1,14,23,Sweden Women's,Gun Nathalie Björn,Ingrid Filippa Angeldal,28.1,60.2,43.4,71.9,19.260841,11.11691163929693,0.16084778274459005,0.14801041507310989,-0.012837367671480165,0.39699105430822906,0.3729996376390593,-0.023991416669169763,0.7772999499693378,0.7582981275404131,-0.019001822428924675,5.631386896861761,5.8345592440108645,0,0,0,0,1,1,0,0,1,0,0,1
4018355,be9b75fe-0c03-45d8-bfa9-1700597897ce,1,14,58,Sweden Women's,Kosovare Asllani,Johanna Rytting-Kaneryd,27.9,77,28.9,78.4,1.7204651,0.39189033621778435,1.127298933457089,1.1020712042778225,-0.025227729179266634,1.7570592238219642,1.7094099335682398,-0.04764929025372444,2.514419503902452,2.492138514676314,-0.02228098922613775,1.8425906572123447,1.7692663103816282,2,2,2,2,3,2,0,1,0,0,0,0
4018355,5794d048-64d3-46e5-97c7-06935d45e610,1,15,15,England Women's,Ella Toone,Alex Greenwood,86.9,9.3,71.9,3.7,16.011246,-15.114947925189206,0.8268921968589594,0.43633844094808155,-0.3905537559108779,1.4944008036986325,0.7753915403763446,-0.7190092633222879,2.4492769443302644,1.3352434919532197,-1.1140334523770448,1.6748009437825817,2.7148252480581294,1,1,1,1,2,1,0,0,1,0,0,1
4018355,b69063a6-ae39-4f5b-ac76-4b32ea54fc00,1,15,17,England Women's,Alex Greenwood,Jessica Carter,70.6,3.7,56.8,8.8,14.71224,-9.178834384712566,0.43633877442970825,0.026912011569497338,-0.4094267628602109,0.7753918711782266,0.15539203194342294,-0.6199998392348036,1.3352438125133745,0.5006290866754811,-0.8346147258378934,2.7148229175907215,11.315542722681418,1,0,1,0,1,0,0,0,1,0,0,1
4018355,6e913459-0fb2-442e-b002-adeba1806056,1,15,30,England Women's,Jessica Carter,Lauren Hemp,46.3,25.8,89.7,12.3,45.451183,34.00213290365074,0.2315476672667617,0.8569116952162091,0.6253640279494475,0.5260439429480807,1.3352131014421948,0.8091691584941142,0.9499424242506692,2.0353122026303017,1.0853697783796323,4.9103238427110325,1.068593384151902,0,1,1,1,1,3,0,0,0,0,0,0
4018355,a4c7bc37-6ec1-43ce-962e-5808d15279be,1,15,32,England Women's,Lauren Hemp,Alex Greenwood,89.9,12.3,98,6.5,9.962429,0.8279409267453772,0.8569117628082682,0.16550399682636444,-0.6914077659819038,1.335213276875091,0.5314692293718722,-0.8037440475032188,2.035312453565075,1.1632932970571908,-0.8720191565078843,1.068593457109844,6.431078760373491,1,0,1,0,3,1,1,0,0,0,0,0
4018355,f4e9b805-e9f9-4f29-b13a-b97b8b3d7608,1,16,4,Sweden Women's,Julia Zigiotti-Olme,Ingrid Filippa Angeldal,91.6,62.3,100.7,67,10.24207,2.9201602806748994,0.5060567683185749,1.211029868460904,0.7049731001423291,0.9927474158909976,1.914079136278552,0.9213317203875545,1.7929212095095877,2.7259264516677715,0.9330052421581838,2.5575975374368216,1.5698907360816716,1,2,1,2,1,4,0,0,1,0,0,1
4018355,300b9a23-1f76-4212-8be6-0d2b4216d57e,1,16,5,Sweden Women's,Ingrid Filippa Angeldal,Johanna Rytting-Kaneryd,101.2,67,111.1,59,12.728315,11.919273879022018,1.211029868460904,0.9746991676848227,-0.23633070077608131,1.914079136278552,1.6475452224150409,-0.2665339138635112,2.7259264516677715,2.5890251647510905,-0.13690128691668102,1.5698907360816716,1.17647299746975,2,1,2,1,4,3,0,0,1,0,0,1
4018355,38dad005-48c6-4725-bf37-9815c47d65d8,1,16,11,Sweden Women's,Kosovare Asllani,Jonna Ann-Charlotte Andersson,98.8,39.3,98.2,26.4,12.913946,-4.482803901604498,0.8500934229023733,0.4642755903123999,-0.38581783258997343,1.719507453525217,0.9973048972053428,-0.7222025563198743,2.9028604224996912,1.9047313552239313,-0.9981290672757599,2.859510308436066,2.92429144869078,1,1,2,1,3,1,0,1,1,0,0,1
4018355,0309fcab-dd3e-4e55-a020-b1d20b549b1c,1,16,47,Sweden Women's,Emma Stina Blackstenius,Fridolina Rolfö,50.3,6.9,49.3,2.2,4.8052053,-3.0104076195286638,0.4987410747617747,0.06924086059170083,-0.4295002141700739,1.0547336888126209,0.3805449639126604,-0.6741887248999605,1.8971385754457086,1.1015204403876306,-0.795618135058078,3.212260942925015,9.97989347158941,0,0,1,0,2,0,0,0,1,0,0,1
4018355,83055abe-56e9-4f3e-bf97-1e3166549d8c,1,16,49,Sweden Women's,Fridolina Rolfö,Kosovare Asllani,57.1,3.5,60.7,18.5,15.425952,9.645919527606011,0.2097763643321963,0.8095529806796123,0.5997766163474161,0.6624273334121801,1.399937776208616,0.737510442796436,1.455353622815873,2.271807235296258,0.816453612480385,6.599335808398564,1.3866345811933047,0,1,0,1,2,2,0,1,1,0,0,1
4018355,c4ab02cc-8b75-40b3-bae2-525305f817d1,1,16,51,Sweden Women's,Kosovare Asllani,Emma Stina Blackstenius,61.2,18.5,58.2,10.6,8.450444,-5.829404514164324,0.8095529806796123,0.6522608203150201,-0.15729216036459226,1.399937776208616,1.4095281697572948,0.009590393548678744,2.271807235296258,2.377901103351633,0.10609386805537513,1.3866345811933047,3.869736284599771,1,0,1,2,2,3,1,0,1,0,0,1
4018355,bd79bc10-8347-492b-9038-322d8ae283e9,1,16,52,Sweden Women's,Emma Stina Blackstenius,Fridolina Rolfö,61,11.1,77.9,2.9,18.784302,9.583521525994534,0.7264439577260269,0.06696986545198248,-0.6594740922740444,1.4921326500075192,0.29280729553198953,-1.1993253544755296,2.4548367462280782,0.8293531163806573,-1.625483629847421,3.3640800123472605,8.545722270398992,0,0,2,0,3,0,0,0,0,0,0,0
4018355,2cf9b7dd-0af0-49fe-83f1-aaf1a5df8725,1,17,46,England Women's,Ella Toone,Jessica Carter,42.9,74.3,36.1,59.2,16.560495,-1.6834424927330787,0.17749873474976108,0.13386267017225478,-0.043636064577506295,0.6710536088476654,0.4569604591875893,-0.2140931496600761,1.515724402587124,1.0528386227699087,-0.46288577981721524,7.5562134504032805,7.461181597884124,0,0,0,0,1,1,0,0,1,0,0,1
4018355,4a843f41-c153-4ab7-b544-e4edea3534e1,1,17,49,England Women's,Jessica Carter,Alex Greenwood,36.3,53.3,41.8,24.1,29.713465,4.950040588157847,0.4812538963235922,0.017009797847935954,-0.4642440984756563,0.82231342785342,0.12843590650226425,-0.6938775213511558,1.3657989638114463,0.44981274188951614,-0.9159862219219301,2.4609591641763555,13.599381685316047,1,0,1,0,1,0,0,0,0,0,0,0
4018355,5839a1ed-732d-4940-b567-f30b7f14fdcb,1,17,52,England Women's,Alex Greenwood,Georgia Stanway,48.4,20.7,77.4,17.7,29.15476,26.0717986463332,0.12744359788038245,0.33810569395368184,0.2106620960732994,0.3877360295753094,0.7107824479734046,0.3230464183980952,0.9116914176930291,1.3219164314573169,0.41022501376428777,6.45432795665863,3.6679122850392005,0,0,0,1,1,1,0,0,0,0,0,0
4018355,067aebfa-c433-42ad-ba7e-3d5723c39488,1,18,11,England Women's,Alessia Russo,Lauren Hemp,99.6,7.2,100,2.3,4.9162993,-4.050158538834495,1.2146264664021567,0.7986438187155722,-0.41598264768658444,1.9561279549915964,1.4481146364554198,-0.5080133185361766,2.7988566702242177,2.2083380016917253,-0.5905186685324924,1.4320731534839384,2.828388925944241,1,1,2,2,4,3,0,0,1,0,0,1
4018355,b1476493-62da-400c-864e-87e02fd95adc,1,18,12,England Women's,Lauren Hemp,Alex Greenwood,100,2.3,84.8,6.8,15.852129,-5.710200682203471,0.7986438187155722,0.10903377624556211,-0.6896100424700101,1.4481146364554198,0.45392789720136734,-0.9941867392540524,2.2083380016917253,1.1306995131354443,-1.077638488556281,2.828388925944241,8.766046152701799,1,0,2,0,3,0,0,0,1,0,0,1
4018355,5f829ee3-9a3e-4637-a696-6842b3dadd92,1,18,15,England Women's,Alex Greenwood,Keira Walsh,84.4,8.6,78.2,17.7,11.011357,0.09267692180785048,0.22135671396164708,0.591413598920282,0.3700568849586349,0.6114562729447444,1.1430489193412594,0.531592646396515,1.3034470336008444,1.9904278265778381,0.6869807929769938,5.2003848338740015,2.2798459463673444,0,1,0,1,1,1,0,1,1,0,0,1
4018355,bc8bb7ab-f571-4641-b802-dc7ff0c953a1,1,18,16,England Women's,Keira Walsh,Jessica Carter,78.5,18,60.9,13.5,18.166178,-17.798547272886914,0.7835445608104135,0.016654871765541562,-0.7668896890448719,1.3057269580192419,0.13598188468144853,-1.1697450733377934,2.1243101349521596,0.5030466309561242,-1.6212635039960355,1.3030877250670723,13.640881285638683,1,0,1,0,1,0,0,0,1,0,0,1
4018355,0dfea07f-7580-432e-84db-b01738609a18,1,18,26,England Women's,Hannah Hampton,Lucy Bronze,41.2,48.6,89.6,70.3,53.041965,36.34646032263353,0.03007657826500559,0.37914973087985726,0.34907315261485167,0.16726928608003733,0.6729732172568704,0.5057039311768331,0.4899616588263078,1.1306904087869019,0.640728749960594,11.826451433097006,3.0442384771026507,0,0,0,1,0,1,0,0,0,0,0,0
4018355,a529a2d0-92ed-4586-bb0a-7a17c281e09f,1,19,12,England Women's,Lauren Hemp,Lauren James,112.7,68.8,106.6,77.5,10.625442,-10.111457515576646,0.5323431760404317,0.184476113188673,-0.3478670628517587,0.8778856002985771,0.44024381154175496,-0.43764178875682214,1.5385068212788384,0.8649751679633796,-0.6735316533154588,2.087436182319047,5.33909883380807,1,0,1,0,1,1,0,0,0,0,0,0
4018355,e7f0251d-d1f6-43da-aab3-2f4819dc762a,1,19,32,England Women's,Georgia Stanway,Lucy Bronze,94.5,61.6,85.4,78.7,19.370596,-18.493237339713332,1.2454570476969513,0.14954616085748645,-1.095910886839465,2.288177073278447,0.46473358839949513,-1.8234434848789518,3.5169706180029805,1.0926852358395884,-2.424285382163392,2.7574653784205343,6.177134742118198,1,0,3,0,4,1,0,0,0,0,0,0
4018355,68816066-6168-41bc-a5ae-c5408e1dcb86,1,19,37,Sweden Women's,Fridolina Rolfö,Kosovare Asllani,34,3.5,40.4,15.1,13.248396,10.021446698581144,1.426792426370082,0.5034968998881368,-0.9232955264819451,2.1899286991054256,1.3033343359276626,-0.8865943631777631,3.0135142051623722,2.3912307702225086,-0.6222834349398636,0.6626572300753417,5.00633820613303,1,0,3,0,5,3,1,0,1,0,0,1
4018355,c1796122-7d1e-4df7-983a-9ab8cab6ac1c,1,19,39,Sweden Women's,Kosovare Asllani,Emma Stina Blackstenius,41.2,15.2,57.1,8,17.454226,12.038391014920393,0.7297283906415182,0.1757517395070961,-0.5539766511344221,1.543370140938831,0.6487961476012398,-0.8945739933375911,2.5661487705244768,1.4953801169381375,-1.0707686535863392,3.585242889353876,6.836463890991632,0,0,2,0,3,1,0,0,1,0,0,1
4018355,e0ba72e4-dcb0-453c-bc45-853f96a49e56,1,19,41,Sweden Women's,Emma Stina Blackstenius,Fridolina Rolfö,57.1,8,49.5,3.5,8.832327,-8.816266338350573,0.3905257997682483,0.05138060459240113,-0.3391451951758472,0.9968311681214829,0.32485730581887223,-0.6719738623026106,1.905105373902565,1.011914744008819,-0.893190629893746,4.227922708251811,11.215627915224392,0,0,1,0,1,0,0,0,0,0,0,0
4018355,b5b46aed-e779-45ee-aafd-7babcc569b6e,1,19,44,Sweden Women's,Fridolina Rolfö,Julia Zigiotti-Olme,50.1,3.5,47.4,6.9,4.3416586,-0.933591046872678,0.08630075352736556,0.4962566801424009,0.4099559266150353,0.4372507477653865,1.089550558600735,0.6522998108353485,1.1996013807948454,1.9447615957827584,0.7451602149879131,9.526130100195319,4.054285182827349,0,0,0,1,0,3,0,0,0,0,0,0
4018355,8d54cb17-4891-4073-9f32-d7052fb319b7,1,19,45,Sweden Women's,Julia Zigiotti-Olme,Fridolina Rolfö,47.4,6.9,53.3,2.2,7.543209,3.1231805829155377,0.4962566801424009,0.24984335115232398,-0.2464133289900769,1.089550558600735,0.6361072226445051,-0.4534433359562299,1.9447615957827584,1.3307594702522387,-0.6140021255305197,4.054285182827349,4.649343908002456,0,0,1,1,3,1,0,0,0,0,0,0
4018355,7b8cfd2a-aed7-4e37-8d45-aa9d21747a56,1,20,4,England Women's,Georgia Stanway,Lauren Hemp,91.6,39.1,106.8,14.6,28.8321,-0.2109067701594185,0.6821314853957013,0.07671562193826267,-0.6054158634574387,1.401929711314415,0.24181022044299968,-1.1601194908714152,2.3232641770240265,0.5807507747935708,-1.7425134022304558,3.551367254506757,7.745083773035769,0,0,2,0,3,1,0,0,0,0,0,0
4018355,b5f83700-f47e-400d-8454-5fc219bfb70f,1,21,6,Sweden Women's,Gun Nathalie Björn,Julia Zigiotti-Olme,37.6,28.7,50.1,31.4,12.788276,12.744154500167497,0.8735386550555215,0.3213247733986633,-0.5522138816568583,1.217281904491686,0.8898699784857342,-0.3274119260059518,1.7417786079113833,1.7005569400801392,-0.041221667831244035,0.7259584488925471,4.952515894211248,1,0,1,1,1,1,0,0,1,0,0,1
4018355,35e35173-6a0e-4c2e-b889-3a207397c743,1,21,9,Sweden Women's,Julia Zigiotti-Olme,Kosovare Asllani,61.4,35.7,71.9,47.7,15.945219,10.04513129216916,0.703461821529967,0.22568996512191503,-0.4777718564080519,1.4113332253309054,0.7854167364561314,-0.625916488874774,2.4156057963425313,1.7020689944745262,-0.713536801868005,2.7293035182066143,6.669865739826609,1,0,1,0,3,1,0,0,1,0,0,1
4018355,5f27cf37-3a99-4b23-b8a9-31a94d3dfed0,1,21,12,Sweden Women's,Kosovare Asllani,Johanna Rytting-Kaneryd,78.9,53.7,95,67.2,21.01095,6.379462931788851,0.4732254370438487,0.074648238862396,-0.39857719818145265,0.9993573256774938,0.30809000044861745,-0.6912673252288764,1.7861870736866365,0.7867208628027246,-0.999466210883912,3.0744381707465496,9.725939874060973,0,0,1,0,2,0,0,0,0,0,0,0
4018355,fd66ef42-7e5d-4fb4-9caf-52e2102b8579,1,23,15,Sweden Women's,Julia Zigiotti-Olme,Jennifer Miley Falk,26,23.4,6.7,38.4,24.44361,-17.856805102354414,0.47218628782729044,0.021032508324029132,-0.4511537795032613,0.6753296370421201,0.10717745806685408,-0.568152178975266,0.9507761834093051,0.2979888506931514,-0.6527873327161537,2.2664515423467444,11.639645969658336,1,0,1,0,1,0,0,1,1,0,0,1
4018355,baac542f-6768-4930-9285-a6c1138f0781,1,23,18,Sweden Women's,Jennifer Miley Falk,Magdalena Lilly Eriksson,6.5,38.5,12.9,9.2,29.990831,2.0691200070347833,0.138426294104759,0.27685457621407916,0.13842828210932015,0.3159035007595301,0.47890422338154925,0.16300072262201915,0.5508522110758802,0.7312848005578746,0.18043258948199437,5.941144211398763,3.8597861183525075,0,0,0,1,1,1,1,0,1,0,0,1
4018355,1e595fb0-453b-4cc1-b760-d33c637a596d,1,23,20,Sweden Women's,Magdalena Lilly Eriksson,Jonna Ann-Charlotte Andersson,12.9,9.2,22.8,2.4,12.010412,7.221791267369937,0.27685457621407916,0.22593818148257128,-0.050916394731507886,0.47890422338154925,0.4327566151458559,-0.04614760823569336,0.7312848005578746,0.696203987774232,-0.03508081278364261,3.8597861183525075,4.487675048031651,0,0,1,1,1,1,0,0,1,0,0,1
4018355,c7dd2c2c-b46e-4793-9b72-c62ee857bf2b,1,23,23,Sweden Women's,Jonna Ann-Charlotte Andersson,Magdalena Lilly Eriksson,20.7,2.2,11.6,6.5,10.06479,-7.207147659604871,0.2072048313677014,0.031095416744427517,-0.1761094146232739,0.41421944904366026,0.16386052905296197,-0.25035891999069826,0.6903203596266684,0.48263215428558137,-0.207688205341087,4.752503266366981,10.769715197093046,0,0,1,0,1,0,0,0,1,0,0,1
4018355,2b16ffdd-e0ef-4364-83bb-3c9ec4216b2b,1,23,25,Sweden Women's,Magdalena Lilly Eriksson,Jonna Ann-Charlotte Andersson,11.4,7.5,20.5,2.2,10.530907,6.9205687234596525,0.07097022676316359,0.11701237311407638,0.04604214635091279,0.2631838924575866,0.29839878676383746,0.035214894306250855,0.6360101380903026,0.5711037146902966,-0.06490642340000596,8.25899495744956,6.4830788193470985,0,0,0,0,0,1,0,0,0,0,0,0
4018355,02c7f49a-d0c8-43e7-867a-ea124dbdf836,1,23,28,Sweden Women's,Jonna Ann-Charlotte Andersson,Fridolina Rolfö,23,1.8,49.5,8,27.21562,26.82830937838186,0.20774186176830187,0.13482785668520045,-0.07291400508310142,0.424988697235405,0.4402940018738941,0.015305304638489114,0.7415410780572385,0.9663238569140512,0.22478277885681275,4.75633545340236,7.722043459549688,0,0,1,0,1,1,0,0,0,0,0,0
4018355,ee7e6b49-75bc-49bb-8452-3f83671039ef,1,23,38,England Women's,Jessica Carter,Alex Greenwood,56,34,53.5,16.9,17.281782,-6.117234565985115,0.2282251890138638,0.05349568137088756,-0.17472950764297623,0.6451818161501949,0.21807289541019548,-0.4271089207399994,1.3605136943125269,0.57540708251236,-0.7851066118001669,5.284784766009189,9.091647761426735,0,0,0,0,1,0,0,0,1,0,0,1
4018355,017f4e46-dcc7-449a-bc7e-25acbdc4b26a,1,23,50,England Women's,Georgia Stanway,Alex Greenwood,75.1,2.5,68.1,4.8,7.368175,-4.2107588872330695,0.039610486123098906,0.08058792657405991,0.04097744045096101,0.22392326444370841,0.28754100328405147,0.06361773884034305,0.6631013201841593,0.6932968776638005,0.0301955574796412,10.656860469453012,7.89469416358972,0,0,0,0,0,1,0,0,1,0,0,1
4018355,939f8f4b-7ee5-467e-8ff0-c16afee4ac5d,1,23,54,England Women's,Alex Greenwood,Jessica Carter,64.7,6.8,49.2,16.4,18.232115,-10.129132627916306,0.27499507590854355,0.009471466716810543,-0.265523609191733,0.5772645036654029,0.10434041234767057,-0.4729240913177324,1.0340515408579947,0.4257856821508262,-0.6082658587071685,4.123331515825134,16.87528064120025,0,0,1,0,1,0,0,0,1,0,0,1
4018355,6000d54c-be56-45bc-aebf-32d061d2590d,1,23,59,England Women's,Jessica Carter,Hannah Hampton,44.8,21.5,29.1,35.3,20.90287,-13.57925407536193,0.3985932281424214,0.004434625031662417,-0.39415860311075895,0.681421084425826,0.04990420165381838,-0.6315168827720077,1.1188444309666994,0.2244026141804382,-0.8944418167862612,2.871530653599963,16.666407534827524,1,0,1,0,1,0,0,0,1,0,0,1
4018355,b7835b2c-bf36-4db5-92bd-6a24f2bc44d6,1,24,4,England Women's,Hannah Hampton,Jessica Carter,29.1,35.3,31.9,22.6,13.004999,1.219588651351728,0.007777286051770687,0.02811606857470534,0.020338782522934654,0.07117109335110627,0.13679491638871275,0.06562382303760647,0.2744939595944513,0.3991843210817852,0.12469036148733392,15.100359250177902,10.802788873197876,0,0,0,0,0,0,0,0,1,0,0,1
4018355,d90b377e-1a3f-4212-b70e-85f63aad0bc5,1,24,6,England Women's,Jessica Carter,Hannah Hampton,30.8,24.1,19.6,36.4,16.635204,-9.858505847883137,0.10913473229794973,0.021504497421841632,-0.0876302348761081,0.29246728411092704,0.12739446994643472,-0.16507281416449232,0.6058079021482244,0.3770181326902451,-0.22878976945797935,6.6843116510393354,12.157990479523678,0,0,0,0,1,0,0,0,1,0,0,1
4018355,41fb6b16-2d3e-48e5-b114-226da79d07ea,1,24,9,England Women's,Hannah Hampton,Jessica Carter,19.6,36.4,23.6,25.6,11.516944,2.994936101105367,0.05744487433317948,0.007243745163793045,-0.05020112916938643,0.21180561843242418,0.07830356930390021,-0.13350204912852398,0.4948493241569719,0.32660982963068314,-0.16823949452628878,8.78588164869167,15.824447584296717,0,0,0,0,0,0,0,0,1,0,0,1
4018355,4e58d7a8-9388-4311-b453-76c348d6ffce,1,24,13,England Women's,Jessica Carter,Lauren Hemp,34.4,22.2,58.8,18.4,24.694128,22.531192784271525,0.3027598760567509,0.37273420525600814,0.06997432919925722,0.5956316256439314,0.7204944476566894,0.124862822012758,1.0505525982361466,1.196114536839059,0.14556193860291256,3.743503410465818,3.4998779580355084,0,0,1,1,1,1,0,0,0,0,0,0
4018355,8b6cc308-0a06-4204-b1c5-17d6a2880792,1,24,26,Sweden Women's,Ingrid Filippa Angeldal,Hanna Lundkvist,31.7,70.9,30.7,76.4,5.59017,-2.8831348403532076,0.5858287518413697,0.2347515126282451,-0.3510772392131246,0.9249772077749542,0.5450945795455703,-0.3798826282293839,1.3869865145887468,1.0021742608055293,-0.3848122537832175,1.9288013675722129,4.698136695003649,1,0,1,1,1,1,0,0,1,0,0,1
4018355,e57dc250-74aa-4cb7-8bd4-c7f0a5fe95c5,1,24,32,Sweden Women's,Julia Zigiotti-Olme,Emma Stina Blackstenius,54.8,62.3,93.1,59,38.441906,35.97470956329804,1.5319509149798523,0.26369883698210794,-1.2682520779977442,2.34755155216546,0.6156443546021392,-1.731907197563321,3.302569415062093,1.1984093657383255,-2.1041600493237675,1.163811616042773,4.416946112172416,1,0,4,1,4,1,1,0,0,1,1,1
4018355,759cbb6e-c08f-4e01-bd06-6dfd983b783a,1,26,1,England Women's,Lucy Bronze,Lauren James,85,78.3,89.7,68.6,10.778683,10.217493699483747,0.6956533011543851,0.8739968881323635,0.17834358697797847,1.1399216460791524,1.6704667175914325,0.5305450715122801,1.8417999990458083,2.8040578398676974,0.9622578408218891,1.5645308961994282,1.5460592004740197,1,1,1,1,1,2,0,0,1,0,0,1
4018355,a8c7c1f2-a201-43a6-8b6e-3329f13f57b2,1,26,3,England Women's,Lauren James,Keira Walsh,88.8,67.9,75.3,62.9,14.39618,-8.3693888001416,1.3080101643242499,0.39224807494799413,-0.9157620893762557,2.13522439976946,1.0320194442701247,-1.1032049554993355,3.263668605849355,2.047901390270326,-1.2157672155790293,0.9226440606227156,4.936214085774156,1,0,2,1,3,2,1,0,1,0,0,1
4018355,bf1ac368-99c3-46e3-b72b-f94faf440011,1,26,8,England Women's,Keira Walsh,Leah Williamson,78,73,65.1,77.7,13.72953,-13.184566575148168,0.9584157347115435,0.07173246446011627,-0.8866832702514272,1.4687313417985255,0.3268518262870891,-1.1418795155114365,2.315587641048446,0.8947430052506157,-1.4208446357978306,0.6432636724604807,10.113921345994424,1,0,1,0,1,0,0,0,1,0,0,1
4018355,7b18942a-eff9-4149-9181-2f8b148fe7c7,1,26,12,England Women's,Leah Williamson,Hannah Hampton,64.9,78.3,37,55.2,36.221817,-17.27667829388558,0.3953167776667754,0.001059580452419195,-0.3942571972143562,0.7883637396776012,0.024193915872513787,-0.7641698238050875,1.4313479498829664,0.15645852721221618,-1.2748894226707503,3.177900854088798,22.032705474646797,0,0,1,0,1,0,0,0,1,0,0,1
4018355,7a826d96-729e-47f4-9029-8868dbde323f,1,26,51,Sweden Women's,Gun Nathalie Björn,Hanna Lundkvist,48.7,63.9,71.5,75.3,25.491175,15.212904071551925,0.32259394739497765,0.3781488192951859,0.05555487190020825,0.6497735310930505,0.8135744745525364,0.16380094345948593,1.20092967973236,1.5308032131959561,0.32987353346359605,3.6094098042516185,3.3813417756159856,0,0,1,1,1,1,1,0,1,0,0,1
4018355,1d12289d-929e-44f0-b779-5fe5a8373710,1,26,52,Sweden Women's,Hanna Lundkvist,Kosovare Asllani,72.1,74.8,77.8,66,10.484751,9.640319861760737,0.5554924181305716,0.7235637238202283,0.16807130568965667,0.9965919974909513,1.5140808881650587,0.5174888906741074,1.7134362534383398,2.515749538155638,0.802313284717298,2.1474441289632025,4.200815126125432,1,0,1,2,1,4,1,0,1,0,0,1
4018355,2565b881-6e9e-43e5-a9ff-6530fdb5f887,1,27,2,England Women's,Lauren James,Alessia Russo,61.9,32.2,79.7,30.7,17.86309,17.262083285017,0.5871058694400255,0.3580087380744466,-0.2290971313655789,1.0418454133914936,0.9514495425050515,-0.09039587088644208,1.793733447873696,1.7713182684066444,-0.022415179467051516,1.979756055098832,4.98652141936832,1,0,1,1,1,2,0,0,0,1,1,1
4018355,2a2a5c95-cf47-4a58-bb6a-84f9d8350400,1,27,4,England Women's,Alessia Russo,Georgia Stanway,79.5,30.7,80.4,39.5,8.845903,1.950904733508196,0.35800884365325714,0.8231274704580198,0.4651186268047627,0.9514497246741959,1.532452709934662,0.5810029852604662,1.771318493504225,2.371153653039226,0.5998351595350009,4.98652031958326,1.9706116953106436,0,1,1,1,2,4,0,0,0,1,1,1
4018355,480adcb4-6fa4-47cb-be52-191a04801289,1,27,5,England Women's,Georgia Stanway,Ella Toone,84.6,40.6,93.7,44.6,9.940322,8.70583345481477,1.177473843672373,0.8072391695605723,-0.3702346741118008,1.8162663798996523,1.4938514561237448,-0.3224149237759075,2.592383525733261,2.317368096170683,-0.27501542956257774,0.6088907662666289,2.244886576389592,1,1,1,1,3,3,1,0,0,1,1,1
4018355,14ee05f6-9d71-4aef-8d8e-4e34bcd1395d,1,27,19,Sweden Women's,Ingrid Filippa Angeldal,Emma Stina Blackstenius,38.5,5.2,55.4,13.9,19.007893,18.94548123930035,0.36785554108610186,0.4003095156216727,0.03245397453557086,0.9287110996023449,0.9122458789795751,-0.016465220622769783,1.7166763843817645,1.6572906449323992,-0.059385739449365316,4.715225138830547,3.6732947722823215,0,0,1,1,2,1,0,0,0,0,0,0
4018355,57cbeaf5-adbd-4353-9585-c6d3d3c5615e,1,27,25,England Women's,Georgia Stanway,Alessia Russo,77.2,53.1,89,47.8,12.93561,12.793682919337328,0.7728527834902983,0.7470868416228721,-0.0257659418674262,1.2401784984256736,1.3565116006252096,0.11633310219953596,2.1026877253481153,2.161249586366611,0.0585618610184957,1.0873961423587322,2.5748824699039106,1,1,1,2,1,2,0,0,1,0,0,1
4018355,d78e99aa-69c7-4a7b-ae41-df512a5b7307,1,27,28,England Women's,Alessia Russo,Lauren Hemp,87.3,38.3,95.2,12,27.460882,-4.659583343586149,0.439745305565916,0.1775939681741317,-0.2621513373917843,1.1187831526419565,0.41457099779710044,-0.7042121548448561,2.100767771877536,0.842698837592669,-1.258068934284867,5.068833948527442,5.271804989191285,0,0,0,0,2,1,0,0,1,0,0,1
4018355,be986ec3-8b9f-4776-b8eb-11ce99aa8f37,1,27,33,England Women's,Lauren Hemp,Alex Greenwood,86.9,11.2,83.1,5.9,6.521503,-6.368214822303884,0.5034838978267759,0.08820484121605801,-0.41527905661071796,0.9581023661676701,0.32865654858847165,-0.6294458175791984,1.579010899719945,0.7734159866988214,-0.8055949130211236,3.786811323235365,9.080321987052406,0,0,2,0,2,0,0,0,0,0,0,0
4018355,27a71103-10ea-43eb-b8d9-630b722d47e0,1,27,35,England Women's,Alex Greenwood,Jessica Carter,82.2,6.1,64.2,17.8,21.46835,-9.279474247187892,0.20310323080605452,0.013732881246041042,-0.18937034956001347,0.4749798962831074,0.11336079651074726,-0.3616190997723601,0.9199500062989906,0.4346307801021762,-0.4853192261968144,5.025735575136703,13.757034526974747,0,0,0,0,1,0,0,0,0,0,0,0
4018355,a759a1ef-f1d9-4c2a-b088-884b14ff0d0a,1,27,56,England Women's,Hannah Hampton,Lucy Bronze,36.7,37.9,72.8,78.3,54.179054,22.5421756500282,0.03178814555268387,0.10232779653826189,0.07053965098557802,0.1655349635753598,0.32168970031345345,0.15615473673809366,0.48603706707521976,0.7251302552939755,0.2390931882187557,10.917624485979971,7.126938733784948,0,0,0,0,0,1,0,0,0,0,0,0
4018355,7ed2dba8-22dd-48f4-98e3-755c3eb0a9ac,1,27,59,England Women's,Lucy Bronze,Ella Toone,72.8,78.3,78.9,72.4,8.48646,8.4491209145515,0.10232779653826189,0.3696622666953434,0.2673344701570815,0.32168970031345345,0.8764168172214304,0.5547271169079769,0.7251302552939755,1.5912535563998935,0.8661233011059181,7.126938733784948,4.110368852442127,0,0,0,1,1,1,0,0,0,0,0,0
4018355,cb505547-80f3-43d2-9690-bcf8b5db3b0f,1,28,2,Sweden Women's,Julia Zigiotti-Olme,Jonna Ann-Charlotte Andersson,42.5,16,33.4,9.6,11.125196,-10.649759084930807,0.6348791697669722,0.04514836132222268,-0.5897308084447496,1.2702989197473,0.25961963099848395,-1.010679288748816,2.072412248864565,0.7631766180520186,-1.3092356308125463,2.7679283002858384,10.95463497045287,1,0,1,0,3,0,0,0,1,0,0,1
4018355,62210150-a97f-4409-aaa8-cdc26a70f068,1,28,6,Sweden Women's,Jonna Ann-Charlotte Andersson,Fridolina Rolfö,34.9,6.5,41,0.7,8.417244,3.2209046505025327,0.2516438666125887,0.2516325115607683,-0.000011355051820371997,0.681125385735995,0.5426450408587354,-0.13848034487725958,1.3296334229850697,0.9943437839344241,-0.33528963905064557,6.18867703638505,4.388528585427007,0,0,0,1,2,1,0,0,1,0,0,1
4018355,af005365-b631-4e13-b386-326eeabfe9a1,1,28,44,Sweden Women's,Fridolina Rolfö,Ingrid Filippa Angeldal,39.7,6.2,37,6.2,2.7,-2.4946539365851947,1.1316579590696505,0.8880873742038956,-0.2435705848657549,1.8013207374535023,1.628682522014259,-0.1726382154392434,2.643833694270564,2.509964428969178,-0.133869265301386,0.9577245563706268,3.033799577915736,1,0,2,2,3,3,1,0,1,0,0,1
4018355,842ca581-8e16-4505-8032-289519a02121,1,28,59,England Women's,Leah Williamson,Alessia Russo,44.4,31.7,65.3,39.8,22.414728,21.35389131908486,0.7444208612857014,1.1355814011727472,0.3911605398870458,1.0305238428945593,1.6525509869017894,0.62202714400723,1.5539981509687375,2.5119662388315662,0.9579680878628287,1.0301665186056572,0.3925487445285916,1,1,1,2,1,2,0,0,0,0,0,0
4018355,1bfce15e-53c9-4cef-a38e-606508ecc0a2,1,29,0,England Women's,Alessia Russo,Keira Walsh,65.3,40,55.2,39.5,10.112369,-10.101928983634423,1.13558148216452,0.4482186018429662,-0.6873628803215539,1.6525510332493503,1.2090343097835627,-0.4435167234657875,2.511966270618374,2.317806452712904,-0.19415981790547,0.39254835079891987,5.271172749774154,1,0,2,0,2,2,0,0,0,0,0,0
4018355,20e94d69-2b10-4e82-a551-bca9d5179e04,1,29,3,Sweden Women's,Emma Stina Blackstenius,Kosovare Asllani,69.4,34.6,72.3,45,10.796759,2.925987919698258,0.45574443485051824,0.2060610186377994,-0.24968341621271883,1.0001577213125945,0.6869555132982416,-0.31320220801435295,1.7912998780368459,1.473601616623122,-0.3176982614137238,3.5241886438921535,7.327012302904578,0,0,1,0,2,2,0,0,0,0,0,0
4018355,9c4bd8ca-402b-4a04-a603-2683ef7558b4,1,29,27,England Women's,Alex Greenwood,Leah Williamson,43.3,17.3,31.4,31.5,18.527008,-9.018173302031585,0.33648736135214163,0.03624061055978513,-0.3002467507923565,0.7440116229584921,0.21861945478325046,-0.5253921681752416,1.3394389867522458,0.6618603379633656,-0.6775786487888802,3.9826932963767145,11.535208272280018,0,0,1,0,1,0,0,0,1,0,0,1
4018355,676a1562-7341-4c97-99f6-e75d39629579,1,29,30,England Women's,Leah Williamson,Lucy Bronze,31.6,32.4,54.8,78.7,51.787354,12.905715526163846,0.043754068806898985,0.039384588760512186,-0.004369480046386799,0.23726528330101052,0.15013104072615452,-0.087134242574856,0.6961229295817571,0.3744911682088436,-0.32163176137291355,10.606282759633155,9.71268861104857,0,0,0,0,0,0,0,0,1,0,0,1
4018355,f8a9cf87-2b4a-4816-ab48-809b7723ff83,1,29,34,England Women's,Lucy Bronze,Jessica Carter,52.4,78.7,37.4,77.5,15.047923,-12.82005287731829,0.36063649948253224,0.011207206359486889,-0.3494292931230453,0.5597977301250479,0.08976571243117548,-0.4700320176938724,0.8233353331734283,0.34144707887434594,-0.4818882542990824,3.0648560889329803,13.851794602917977,0,0,1,0,1,0,0,0,1,0,0,1
4018355,490c83d9-5f71-4b35-a943-b77fe8cd9047,1,29,37,England Women's,Jessica Carter,Lauren James,37.4,77.5,44.1,63.9,15.160805,11.139900162166313,0.044461970237432764,0.6518252168223657,0.6073632465849329,0.1811884712818877,0.9862065354066447,0.8050180641247571,0.47896485526130095,1.5082233212313851,1.0292584659700843,9.46672571028241,1.5139737102952342,0,1,0,1,0,1,0,1,1,0,0,1
4018355,968996ce-9743-4de3-95d6-0ebbe7d539c9,1,29,39,England Women's,Lauren James,Leah Williamson,42.5,62.6,34.8,40,23.87572,-4.471999900901793,0.7143360533718963,0.007378849019077135,-0.7069572043528192,1.0348539250643787,0.08385335211471732,-0.9510005729496613,1.545071576648557,0.3422318744338856,-1.2028397022146713,1.2317415503717242,17.01153756172358,1,0,1,0,1,0,0,0,1,0,0,1
4018355,e27d55f3-b051-4dff-9958-94e13dfe226f,1,29,44,England Women's,Leah Williamson,Ella Toone,42.5,26.9,65.1,34,23.689028,23.372468243502112,0.035093496626343534,0.2903873406042127,0.25529384397786914,0.20225649288387504,0.7860533402301669,0.5837968473462919,0.639206384846058,1.5570414553266008,0.9178350704805428,10.601026863772633,4.861570088224122,0,0,0,1,0,1,0,0,1,0,0,1
4018355,aeb2cff8-93bf-4b43-838b-69de2e025afb,1,29,45,England Women's,Ella Toone,Lauren James,65.1,34,56.8,23.9,13.072873,-9.991583354829217,0.2903873406042127,0.7274119186672169,0.4370245780630042,0.7860533402301669,1.1414026339684407,0.35534929373827373,1.5570414553266008,1.728387110685263,0.1713456553586623,4.861570088224122,1.5006674702128011,0,1,1,1,1,2,0,1,1,0,0,1
4018355,c3a6f0b6-8b89-40ab-9970-92d8d0bd85f0,1,29,47,England Women's,Lauren James,Alex Greenwood,57.3,25.2,54.3,7.6,17.853851,-8.831637803003545,0.91843179699088,0.014337060468010797,-0.9040947365228692,1.3395995521246473,0.10881126170471127,-1.230788290419936,1.935156242782516,0.3844570347042038,-1.5506992080783122,0.8832558328107912,13.820922437269406,1,0,1,0,2,0,1,0,1,0,0,1
4018355,1341be89-01f8-4310-84b7-ae3b14174e01,1,29,50,England Women's,Alex Greenwood,Ella Toone,57.5,8,79.3,17.8,23.901464,23.85487185766202,0.07321529793667525,0.4481065266542398,0.37489122871756453,0.27362528008315606,0.9074597298860286,0.6338344498028725,0.6630468384744291,1.6515897939825717,0.9885429555081425,8.441182141570437,3.0027105817114763,0,0,0,1,0,1,0,0,0,0,0,0
4018355,e5cc3f36-6556-4840-8018-6b3f50f54bda,1,30,42,England Women's,Lucy Bronze,Jessica Carter,44.8,58.8,42.1,47.4,11.715375,-0.7363011363315763,0.3374897565513553,0.021707234678264957,-0.31578252187309036,0.6064386320687325,0.16052018749266325,-0.4459184445760692,1.0081277405313853,0.5149101199095584,-0.49321762062182695,3.35914651067544,13.837433802513656,0,0,1,0,1,0,0,0,1,0,0,1
4018355,5109b89f-6191-4143-97f4-ece7a3b5e87b,1,30,44,England Women's,Jessica Carter,Leah Williamson,43.7,41.7,44.3,19.9,21.808256,-2.004112918990259,0.036458738113194084,0.0059215985362708135,-0.03053713957692327,0.21852879471786033,0.06724622850077602,-0.1512825662170843,0.6511193410406801,0.29031604918821885,-0.3608032918524613,11.269592977784198,16.59614347528979,0,0,0,0,0,0,0,0,1,0,0,1
4018355,4af33e34-9999-4894-bcdf-4ece2b27919a,1,30,50,England Women's,Alex Greenwood,Lauren Hemp,80,5.2,101.5,21.3,26.860008,26.71448936779892,0.7879832595597241,0.4605449273862491,-0.32743833217347507,0.9944197885142717,0.9999114652754372,0.005491676761165465,1.3948617405535617,1.776448735491182,0.38158699493762027,0.7957106852492525,4.499084393707347,1,0,1,2,1,2,0,0,0,0,0,0
4018355,06b75edd-0f82-489c-8bae-0970e482881f,1,32,10,England Women's,Lucy Bronze,Ella Toone,60.7,78.3,84.6,78.9,23.90753,17.996766503884878,0.6437488098569392,0.7705030771812811,0.12675426732434192,1.0144647228938501,1.3874831265211522,0.3730184036273021,1.690332504670394,2.1934448013984147,0.5031122967280206,1.5565897978560352,2.277059176853451,1,1,1,2,1,3,0,0,0,0,0,0
4018355,6966662d-8097-42f7-924a-623efcbf1996,1,32,19,England Women's,Keira Walsh,Lucy Bronze,81.6,74.7,81,79.1,4.4407206,-3.4694088627455812,0.17614598630721823,0.42628400082306817,0.25013801451584994,0.5537999216290158,0.931836068372177,0.3780361467431612,1.2456134623332995,1.7290181685874557,0.4834047062541562,6.042205477548994,3.60912179982264,0,0,0,1,1,2,0,1,0,0,0,0
4018355,ceeed6d8-3c2f-495d-b333-db11954ae45d,1,32,38,England Women's,Lauren James,Lauren Hemp,116.6,77,105.1,34.7,43.835373,21.34133756180146,0.5328183490153743,1.4685510166719813,0.935732667656607,0.9592705749829592,2.117895986627642,1.158625411644683,1.5627444758295481,2.9770499520769116,1.4143054762473635,2.55203709929694,0.7096803518316968,1,2,1,2,2,3,0,1,0,0,0,0
4018355,1497db43-5037-4bbd-90e2-884d941f074c,1,32,54,Sweden Women's,Gun Nathalie Björn,Julia Zigiotti-Olme,21.5,49.2,31.3,42.4,11.928118,10.196248650878147,0.48179441869993817,0.49963256020066554,0.017838141500727378,0.6781302174799984,0.9502197755541031,0.27208955807410473,0.9551955100152597,1.514537847842458,0.5593423378271983,2.201188633977905,3.269105277014683,1,0,1,1,1,2,1,0,1,0,0,1
4018355,41faae38-aeaf-4470-a42a-e791cd90b99a,1,32,57,Sweden Women's,Julia Zigiotti-Olme,Jennifer Miley Falk,27,45.4,5,48.2,22.177465,-22.135334895751072,0.5467288811996392,0.0424024582825051,-0.5043264229171341,1.0328510009114655,0.17297728550191901,-0.8598737154095465,1.6192509812694231,0.4432583821453438,-1.1759925991240794,2.992763824960705,9.61201165004114,1,0,1,0,2,0,1,1,1,0,0,1
4018355,2d76acc6-2818-4d66-9e98-c407a41e8fb9,1,33,26,England Women's,Ella Toone,Georgia Stanway,95.4,19.4,94.2,27.5,8.188406,3.4175101126997305,0.6534732752412449,1.3351469535526184,0.6816736783113735,1.4312240093668058,2.279239140449257,0.8480151310824513,2.5919085630890994,3.556349798174565,0.9644412350854656,2.6192689331827737,0.9206966685142512,1,1,1,2,2,3,0,0,0,0,0,0
4018355,0582d8f1-b762-44ce-bf82-d2e719a0f6b0,1,33,32,Sweden Women's,Emma Stina Blackstenius,Hanna Lundkvist,36.6,66.2,24.9,60,13.241223,-9.761762852765884,1.8600717748602158,0.15481073257543188,-1.7052610422847838,2.6199368840499306,0.6606618353582379,-1.9592750486916928,3.4328465573840146,1.5871235015285934,-1.8457230558554212,1.4455444888938442,8.75925994971293,3,0,4,0,4,0,1,0,1,0,0,1
4018355,cc311d37-95ce-41e8-a0dd-b73979fb58d6,1,33,36,Sweden Women's,Hanna Lundkvist,Johanna Rytting-Kaneryd,24.9,66.2,36.4,74.6,14.2411375,8.165863899940746,0.3660896436570172,0.08249653112781342,-0.2835931125292038,0.8810447582076023,0.362065510162401,-0.5189792480452013,1.660072668482453,0.9377526971588628,-0.7223199713235902,4.72992327053136,9.035566266964027,0,0,1,0,2,0,0,0,1,0,0,1
4018355,cb7e3e05-ea6a-4764-9fbb-740f4a0fd21e,1,34,16,England Women's,Hannah Hampton,Leah Williamson,9.8,43.2,19.4,30.5,15.920113,9.198888131854133,0.009973992260425366,0.00980489415037433,-0.00016909811005103546,0.08120799921110511,0.0833852503529882,0.0021772511418830937,0.2819411432366839,0.30126048431139285,0.01931934107470895,14.52968817323056,14.406674911751638,0,0,0,0,0,0,0,0,1,0,0,1
4018355,c4763539-0efe-4a5b-8d9a-335e0107e0b9,1,34,22,England Women's,Leah Williamson,Hannah Hampton,27.6,30.9,19.8,41.6,13.241223,-7.365748913430721,0.1141002366373153,0.003660140450744375,-0.11044009618657093,0.30406481100539107,0.04879986081005127,-0.2552649501953398,0.6448650951803988,0.23747590649642217,-0.40738918868397667,6.5578370834507,18.342273335666693,0,0,0,0,1,0,0,0,1,0,0,1
4018355,c854cd23-51db-42cf-8b90-b70e725c9219,1,34,26,England Women's,Hannah Hampton,Jessica Carter,23.6,46.5,29.3,63.7,18.119879,2.8735972773115463,0.011441348945851167,0.03115314191329501,0.019711792967443846,0.09113313927175064,0.15066436643636236,0.05953122716461172,0.3240186716335453,0.4395543905124236,0.11553571887887831,14.364193369964264,10.556092406731807,0,0,0,0,0,0,0,0,1,0,0,1
4018355,2197f887-5e5f-4646-8b21-42124861308c,1,34,29,England Women's,Jessica Carter,Lucy Bronze,29.3,65.6,35.7,77.9,13.865424,1.815757751874898,0.23555292964972976,0.11855306935501546,-0.1169998602947143,0.4760978298823621,0.3776989926104891,-0.09839883727187299,0.8414101543151572,0.7827595023216366,-0.0586506519935206,4.40839224691213,8.053251228611877,0,0,1,0,1,0,0,0,1,0,0,1
4018355,02dc3269-a4bf-495f-adc5-d16fbfa09b35,1,34,31,England Women's,Lucy Bronze,Keira Walsh,35.7,77.2,38.6,65.4,12.151132,6.87212416099544,0.2726832428517521,0.5599913290963776,0.2873080862446255,0.6128311512903246,1.0123427558478897,0.39951160455756507,1.0986699441717023,1.6855157358895403,0.586845791717838,4.737311406847656,2.26524191144846,0,1,1,1,1,1,0,0,1,0,0,1
4018355,b9862362-2325-4ef1-970c-81a1306f91bc,1,34,55,England Women's,Lauren James,Keira Walsh,104.9,65.2,90.5,56.7,16.721542,-4.521254895192218,1.4165084445251384,0.4893533422631347,-0.9271551022620037,2.1346134891717665,1.046510434415958,-1.0881030547558086,3.0163550201040237,1.96553789291723,-1.0508171271867937,1.0313981759553137,2.9551147498767074,1,1,3,1,4,2,1,0,1,0,0,1
4018355,e09a6ae3-bb15-41dd-99ad-fd6de0de5115,1,34,56,England Women's,Keira Walsh,Lucy Bronze,90.3,58,85.2,74.1,16.888458,-13.993365057545539,0.4893529064792763,0.13017208834899976,-0.3591808181302766,1.0465099002241156,0.4183876904035616,-0.628122209820554,1.9655372731897303,1.0066802831216806,-0.9588569900680497,2.955117633964806,6.501843094957119,1,0,1,0,2,1,0,0,1,0,0,1
4018355,d3e5d804-4c08-459b-8378-718a4b926202,1,34,58,England Women's,Lucy Bronze,Ella Toone,86.7,74.1,101.7,77,15.277761,6.384151637025795,0.13017208834899976,0.10751462847162067,-0.02265745987737909,0.4183876904035616,0.3524845388888072,-0.0659031515147544,1.0066802831216806,0.865253303514159,-0.1414269796075216,6.501843094957119,7.025477172612053,0,0,0,0,1,1,0,0,1,0,0,1
4018355,03b31b9e-c4ce-4e6a-9950-809f7f665af6,1,35,1,England Women's,Ella Toone,Lauren Hemp,108.9,76,118.9,2.1,74.573524,-0.2435560074798815,0.16722891610684743,0.02107243662993924,-0.14615647947690819,0.3972827051378887,0.10653228882346756,-0.29075041631442117,0.8056995475670831,0.3186079074216238,-0.48709164014545925,5.450268225172477,11.603427909657874,0,0,0,0,1,0,0,0,0,0,0,0
4018355,1be5dbb5-348b-446a-b74e-f893b774dc6e,1,35,10,Sweden Women's,Hanna Lundkvist,Ingrid Filippa Angeldal,8,74.2,17.7,73.8,9.708244,9.366076013241369,0.5956952366114336,0.5930588331051029,-0.0026364035063307645,0.78999484235386,1.0694853655408232,0.2794905231869632,1.07333292703495,1.5905607573610103,0.5172278303260602,1.5811808140065033,3.6853690272731887,1,0,1,2,1,2,1,0,0,0,0,0
4018355,24ff06ed-cb12-4bfc-924d-13d63d11bfa1,1,35,11,Sweden Women's,Ingrid Filippa Angeldal,Johanna Rytting-Kaneryd,18.2,73.8,28.3,71.5,10.358571,10.305056743714047,0.8141709367555258,0.5049024069425054,-0.30926852981302033,1.2433881600294772,0.9110536351704648,-0.3323345248590124,1.7055137113348582,1.476791137156782,-0.2287225741780763,1.8527851597951503,2.549213817717584,1,1,2,1,2,1,0,0,0,0,0,0
4018355,a2696545-3db9-4694-850e-fb55c3a5ac4e,1,35,23,England Women's,Alessia Russo,Lauren Hemp,98,7.6,103.2,5.2,5.7271285,0.5202668263067167,1.4787406172003268,0.7532868750893752,-0.7254537421109516,2.1332962014572754,1.3400555860914571,-0.7932406153658182,2.9222258667187844,2.1184506483632424,-0.803775218355542,0.940032077444844,2.1982332713252197,2,1,3,2,3,2,1,0,1,0,0,1
4018355,e8f1f253-9b1f-4d11-b0f1-7be1a99b1551,1,35,34,Sweden Women's,Kosovare Asllani,Johanna Rytting-Kaneryd,32.8,62.8,32.8,73.5,10.7,-3.2820833687632387,0.3961410342254303,0.14166840883626225,-0.25447262538916804,0.9024864052982678,0.4633370098183209,-0.43914939547994697,1.5902668701399683,1.024822887090638,-0.5654439830493303,4.264700335282858,6.7628487936750075,0,0,1,0,2,1,0,0,1,0,0,1
4018355,3b097e66-e1f7-4906-848b-c5dd16ab8427,1,35,35,Sweden Women's,Johanna Rytting-Kaneryd,Ingrid Filippa Angeldal,32.8,73.5,48.9,65.3,18.067928,17.946331492121118,0.14166840883626225,0.2533005831522229,0.11163217431596067,0.4633370098183209,0.66367624834748,0.20033923852915908,1.024822887090638,1.2738852224231596,0.24906233533252164,6.7628487936750075,6.382547721030057,0,0,0,0,1,2,0,0,1,0,0,1
4018355,9d2bd360-3c67-4baf-bc39-eabde1aa5fee,1,35,45,England Women's,Jessica Carter,Hannah Hampton,2.4,21.1,4.1,37.2,16.189503,3.1752503379367596,0.3034920719041618,0.05967204713208438,-0.2438200247720774,0.48923982605426186,0.1954030611248201,-0.2938367649294418,0.6452467935932302,0.41757222347699124,-0.22767457011623898,3.5772101057848062,8.487227089254079,0,0,1,0,1,0,0,0,1,0,0,1
4018355,dd5ca933-bd3f-413c-98b4-26ab263ba392,1,35,50,England Women's,Hannah Hampton,Leah Williamson,4.3,40,12,16.5,24.729334,5.172854013142995,0.04565773299030886,0.001116891896767375,-0.044540841093541485,0.17846677540658437,0.023887054156296866,-0.15457972125028752,0.4389052813458518,0.13933298241513545,-0.29957229893071635,9.370748494699335,22.176610083628493,0,0,0,0,0,0,0,0,1,0,0,1
4018355,54baa8b1-4c07-4af1-a9f4-277e21aef094,1,35,56,England Women's,Leah Williamson,Ella Toone,28.7,19.2,57,16.7,28.41021,26.46875769243462,0.026324449122953203,0.13785217926540358,0.11152773014245038,0.18011690713591968,0.44598175548337754,0.2658648483474578,0.5862958759290133,0.9609346513018734,0.37463877537286006,11.87997754926561,6.900538691816956,0,0,0,0,0,1,0,0,1,0,0,1
4018355,ad2f082e-1e2e-485a-8552-fd02f4268068,1,36,4,England Women's,Lauren James,Ella Toone,67.5,43.2,78,29.4,17.340416,9.28046212752703,1.438732910441052,0.49177527553767864,-0.9469576349033734,2.1530507913001795,1.3686896071999155,-0.784361184100264,3.139990036377878,2.576126573618046,-0.5638634627598322,0.8544989965183788,5.662146145361333,2,0,2,0,3,4,0,0,1,0,0,1
4018355,e186caff-f4cb-4fe4-acd1-5cd352802d21,1,36,8,England Women's,Ella Toone,Lauren Hemp,86.3,25.4,94.9,9.7,17.901117,-2.619208656949894,0.8957640412007625,0.0875542863905909,-0.8082097548101715,1.7690169226033572,0.3608891466704002,-1.408127775932957,2.870411076463078,0.9271114501235104,-1.9432996263395674,2.8893828060582543,8.301264715885985,1,0,2,0,3,0,0,0,0,0,0,0
4018355,291b6ab5-c9ce-4bfa-9c70-39063f302393,1,38,48,England Women's,Keira Walsh,Ella Toone,94.9,5.9,101.1,10.5,7.7201037,7.3065799772437,0.48483157744149924,0.8361902452747677,0.35135866783326847,0.9383511167190186,1.5414432239286064,0.6030921072095878,1.6680535200319369,2.469816101740329,0.801762581708392,2.7126061271243542,2.063262985602705,1,1,1,1,1,3,1,0,1,0,0,1
4018355,da7dea79-5b07-4f20-b06a-5d2541b830d9,1,38,49,England Women's,Ella Toone,Keira Walsh,100.7,11,93.7,15,8.062258,-1.4510399170697426,1.0230064328233275,1.1479160058201208,0.12490957299679328,1.6873360007153093,1.723134361530924,0.035798360815614716,2.5720872012846523,2.6236805230488347,0.05159332176418241,1.1999000721198818,0.4212874708079417,1,1,2,1,3,2,0,1,1,0,0,1
4018355,fbca8dbe-5317-4b03-a43b-c4f3366a7861,1,38,51,England Women's,Keira Walsh,Ella Toone,93.5,16,105.4,17.8,12.035364,9.181961770276672,0.8251755214079299,0.7804282256539358,-0.044747295753994165,1.608756461813401,1.5942894232601401,-0.014467038553260814,2.728838747695862,2.6692085154520733,-0.05963023224378894,2.5205598157821187,2.8127517573812746,1,1,2,2,2,3,0,0,1,0,0,1
4018355,abc2a55c-d25c-4eff-a4de-0f1a1c2b52db,1,38,53,England Women's,Ella Toone,Lauren Hemp,105.4,17.8,117.2,23,12.89496,9.341615267747425,0.959281253210143,0.8927422501662963,-0.06653900304384675,1.7575591170364908,1.6938412356649233,-0.06371788137156753,2.7522829529654973,2.8128486527065126,0.06056569974101533,3.04838181298012,3.011172302703367,0,0,2,2,3,3,0,0,0,0,0,0
4018355,76c4e71c-d5a0-454e-9e47-10f8eee8a602,1,40,12,Sweden Women's,Fridolina Rolfö,Jonna Ann-Charlotte Andersson,22.2,2.2,14.3,1.4,7.940403,-7.676801111405524,0.631826330801227,0.5913335654744225,-0.04049276532680446,1.0197039146992941,1.019473707135596,-0.00023020756369818152,1.591250511376892,1.571855771603661,-0.01939473977323103,1.7429137482898986,2.2687979928163493,1,1,1,1,1,2,1,1,1,0,0,1
4018355,5958e87e-ab7c-4e54-8d37-1dc386e774e2,1,40,14,Sweden Women's,Jonna Ann-Charlotte Andersson,Emma Stina Blackstenius,14.3,1.2,45.4,2,31.110289,28.87558809974921,0.5913335617859684,0.7049793929694126,0.11364583118344418,1.0194737014953337,1.0690379601346753,0.04956425863934166,1.5718557650273526,1.5939713373247115,0.022115572297358943,2.2687979990453786,1.4368105241617333,1,1,1,1,2,1,1,1,0,0,0,0
4018355,704d4c45-90d6-4c45-97f8-ea3c7d8435c4,1,40,27,England Women's,Leah Williamson,Alex Greenwood,60.7,69.8,55.2,45.7,24.719627,1.3164218071255362,0.06830257954974346,0.01907306955391951,-0.049229509995823956,0.28397177739154866,0.13855025538952065,-0.14542152200202801,0.7753613127018498,0.496460545973024,-0.2789007667288258,8.569840570094696,12.858042775568283,0,0,0,0,0,0,0,0,0,0,0,0
4018355,b7cd69fd-95fa-4f09-aed4-1e714648e840,1,40,42,England Women's,Lauren James,Lucy Bronze,81.8,78.7,78.9,78.7,2.9,-2.074974159352884,1.4927011478806884,0.7865589738286107,-0.7061421740520777,2.0562030920693286,1.3738894113149343,-0.6823136807543944,2.836238666233858,2.210688796768675,-0.6255498694651833,0.9397242867494425,2.0424559300309912,2,1,2,2,3,2,0,0,0,0,0,0
4018355,1ebd96bb-1bf1-4a52-a760-39eb58e8ab72,1,41,18,England Women's,Lauren Hemp,Georgia Stanway,77,21.1,79.1,30.9,10.022474,5.0701904396012125,0.9405182900607647,0.6243943567112638,-0.31612393334950095,1.5850124600357829,1.3877767355354376,-0.19723572450034532,2.3849060246361242,2.468049836918064,0.08314381228193968,2.0075029876315154,3.3478975580919763,1,0,2,1,3,3,0,0,1,0,0,1
4018355,d9a326c5-2751-4cd6-9b40-de229b3a5e74,1,41,20,England Women's,Georgia Stanway,Ella Toone,81.2,33.8,78.7,43.2,9.726768,-2.1315470185262697,1.102248348519502,0.6839913675482584,-0.41825698097124364,1.954380744146775,1.2760469453713668,-0.6783337987754083,3.038793642274099,2.1516925510452554,-0.8871010912288435,2.0852409995518166,2.181880430644741,1,1,3,1,3,2,0,0,1,0,0,1
4018355,56f4cf2b-67c5-45d2-8239-273845fe1461,1,41,23,England Women's,Ella Toone,Alex Greenwood,75.7,33.8,73.8,19,14.921461,-6.01703703145958,0.98853054754011,0.02378116864287548,-0.9647493788972346,1.8781255577081577,0.1752221669708886,-1.702903390737269,2.960685572102063,0.6230889286393343,-2.3375966434627284,3.3918959702910976,13.588743015304985,0,0,3,0,4,0,0,0,1,0,0,1
4018355,e12b1ba2-b0ff-4bab-9629-c9da2e023177,1,41,28,England Women's,Alex Greenwood,Leah Williamson,77.2,14.6,69.1,20.5,10.020978,-4.737962133582826,0.4292812698055858,0.02755406519805152,-0.40172720460753425,0.662312447869702,0.20284396189065654,-0.45946848597904544,1.0392551901147769,0.7303829148223145,-0.3088722752924623,2.576070845435958,12.32067766179989,1,0,1,0,1,0,0,0,0,0,0,0
4018355,8fd62c45-53e9-4b51-b48d-99f917d78df1,1,41,39,Sweden Women's,Fridolina Rolfö,Magdalena Lilly Eriksson,27.6,5.8,15,19,18.248287,-8.55327112164008,0.24087065839116542,0.1581022521059236,-0.08276840628524182,0.5664481460065113,0.4558836172982568,-0.11056452870825445,1.0211863141112023,0.9782530965394514,-0.04293321757175095,4.770350946201531,6.012039447812443,0,0,1,0,1,1,0,0,0,0,0,0
4018355,1832c88f-6f29-4204-87e8-939ccefeeb52,1,42,33,England Women's,Lucy Bronze,Leah Williamson,36.7,67.7,27.8,60.1,11.703419,-6.580662138920317,1.0037307930623875,0.24576603162935912,-0.7579647614330285,1.7454551316952458,0.7049284463729762,-1.0405266853222694,2.6541271327362748,1.3871884196803024,-1.2669387130559724,2.2355308202720705,6.56110773904056,2,0,2,0,2,2,0,0,1,0,0,1
4018355,d46fbbaf-a5c8-406b-b1bf-e1b25b99dd34,1,42,34,England Women's,Leah Williamson,Alex Greenwood,27.8,56.5,23.6,25.6,31.18413,-3.804810404267343,0.354163469445939,0.24454817572667004,-0.10961529371926898,0.8075654229943209,0.4742935080950852,-0.3332719148992357,1.4539309945294114,0.8147081151788691,-0.6392228793505423,4.055698744641808,4.265234677968231,0,0,1,1,1,1,0,0,0,0,0,0
4018355,a778a04f-735c-4652-ba95-0abce541a691,1,42,38,England Women's,Alex Greenwood,Lauren Hemp,25.1,23.7,42.3,11.2,21.262407,13.423932374535568,0.3021697133728324,0.23442043840350268,-0.0677492749693297,0.5313698498263674,0.5014557573582146,-0.029914092468152798,0.8775308976405514,0.9084611679505333,0.030930270309981966,3.617526661051394,4.50320129540396,0,0,1,1,1,1,0,0,0,0,0,0
4018355,a332d01d-ac0e-49f8-a310-cd878b4a870e,1,42,44,Sweden Women's,Ingrid Filippa Angeldal,Kosovare Asllani,70,68.1,85.9,58.8,18.420097,18.416066883955523,0.0684569429573184,0.24042851150314024,0.17197156854582185,0.27258532038726824,0.6369734403294589,0.36438811994219067,0.6921828185717712,1.3048508307382967,0.6126680121665254,8.752320635768742,5.323169382375796,0,0,0,0,0,1,0,0,1,0,0,1
4018355,229eee67-eaa2-4af7-af82-deaa984948b0,1,42,46,Sweden Women's,Kosovare Asllani,Johanna Rytting-Kaneryd,91,63.2,109.6,69.1,19.513329,6.235531688798925,0.39908087909255524,0.20643620149901207,-0.19264467759354317,0.8572948748730042,0.46730701599664937,-0.3899878588763548,1.5577312474085436,0.9418356122410413,-0.6158956351675023,4.20806595110711,4.855305316916186,0,0,1,1,2,1,0,0,1,0,0,1
4018355,9a258f17-3894-4bf0-b0af-334a74cab621,1,42,55,England Women's,Georgia Stanway,Ella Toone,15.8,27.9,29.1,33.8,14.549914,13.78899485817739,0.6730497701012006,0.4167696058775406,-0.25628016422366,1.1866950765872453,0.9668126749522943,-0.21988240163495099,1.9356034582731418,1.7792260662185377,-0.1563773920546041,1.7985908609726593,3.7212095416062074,1,0,1,1,1,2,0,0,0,0,0,0
4018355,c22ff0f2-ea6c-4243-a029-56f93745bb53,1,42,56,England Women's,Ella Toone,Alessia Russo,29.1,33.8,40.3,21.8,16.414627,9.359559730163127,0.4167696058775406,0.5706011346963635,0.15383152881882295,0.9668126749522943,1.3655727912795037,0.3987601163272094,1.7792260662185377,2.451678433782879,0.6724523675643415,3.7212095416062074,4.0868055920575594,0,0,1,1,2,3,0,0,0,0,0,0
4018355,aea842e5-51ce-4c83-b4d2-7b56fed48621,1,43,26,Sweden Women's,Gun Nathalie Björn,Magdalena Lilly Eriksson,24.5,53.3,24.7,28.1,25.200794,0.3815822671143252,0.04806052264951353,0.027727549067233452,-0.020332973582280076,0.21695252008238414,0.16666777540915553,-0.050284744673228604,0.5457321260572001,0.48667502254932005,-0.05905710350788007,10.19151576493733,12.041720184783358,0,0,0,0,0,0,0,0,1,0,0,1
4018355,25f097d3-65a6-4bb2-8dbd-a136eee8e3f2,1,43,30,Sweden Women's,Magdalena Lilly Eriksson,Gun Nathalie Björn,27,28.7,25.2,53.3,24.665766,-2.0444278388751798,0.11364643082367612,0.007380018656918501,-0.10626641216675761,0.3420393352764604,0.06842073930330836,-0.2736185959731521,0.7133537586725784,0.2675722908099276,-0.4457814678626508,6.896717778437465,15.148049559060565,0,0,0,0,1,0,0,0,1,0,0,1
4018355,8b93c726-24b3-4bda-b673-53089390ccec,1,43,33,Sweden Women's,Gun Nathalie Björn,Magdalena Lilly Eriksson,27,51.4,27.2,24,27.40073,-0.4731048970594003,0.17965847637374519,0.012526253252854561,-0.16713222312089063,0.38433398849475964,0.1079662456708298,-0.27636774282392984,0.6697356790119543,0.37718329149576585,-0.29255238751618845,5.18483311955241,14.85174369116868,0,0,0,0,1,0,0,0,1,0,0,1
4018355,65cb350a-020b-414f-87cc-551093051551,1,43,39,Sweden Women's,Magdalena Lilly Eriksson,Jonna Ann-Charlotte Andersson,38.3,15.4,46.7,1.6,16.155495,2.5738887959225707,0.7807419493336483,0.016730475982563175,-0.7640114733510851,1.0825149466161166,0.13511729233705025,-0.9473976542790663,1.564862915294253,0.48082302622806605,-1.084039889066187,0.9943500533129696,14.18998519982659,1,0,1,0,1,0,1,0,0,0,0,0
4018355,ae850b4c-2986-4f9c-aad9-739f7f4dc2d5,1,43,46,England Women's,Alex Greenwood,Georgia Stanway,41.2,33.6,45.8,41.6,9.228217,4.842222616836025,0.12116475630227855,0.5188184392407338,0.39765368293845527,0.4708327272824956,1.0930063202832743,0.6221735930007787,1.0456355367790318,1.7748196692450136,0.7291841324659818,8.330345077583711,4.721314324815802,0,0,0,2,0,3,0,0,1,0,0,1
4018355,06ef24b6-47cc-45f2-9f45-2730282ffb79,1,43,47,England Women's,Georgia Stanway,Leah Williamson,45.8,41.6,34.2,39.1,11.866339,-11.58747148085881,0.5188184392407338,0.020933495607387248,-0.49788494363334657,1.0930063202832743,0.16684922221164086,-0.9261570980716334,1.7748196692450136,0.5688925228098632,-1.2059271464351502,4.721314324815802,13.605773012107273,0,0,2,0,3,0,0,0,1,0,0,1
4018355,28f74bba-163b-4137-90d8-909ea566e47b,1,43,49,England Women's,Leah Williamson,Keira Walsh,34.2,39.1,45.6,63.5,26.931767,7.78158255596307,0.029757468293685085,0.08246868453752658,0.052711216243841494,0.20236324377384798,0.3356544475504776,0.1332912037766296,0.6376032487131463,0.8865314189965795,0.24892817028343317,12.298231820968878,8.059541346485323,0,0,0,0,0,0,0,0,0,0,0,0
4018355,4288b164-7597-4199-b222-8a92810d363e,1,43,53,England Women's,Keira Walsh,Lauren James,49.5,66.9,64,75.6,16.909761,9.099852326178322,0.5208656705418502,0.3140243041074204,-0.2068413664344298,0.8265548018310575,0.8514545963809983,0.024899794549940846,1.363070022888799,1.674932755559589,0.3118627326707899,2.068044423311185,6.090432159714451,1,0,1,0,1,2,0,0,1,0,0,1
4018355,410575ec-d247-49b0-a272-c203b29f6a73,1,44,4,England Women's,Lauren James,Alessia Russo,57.1,42.3,73.8,41.7,16.710775,16.710770351273517,0.8382756695820829,0.4622817406655262,-0.3759939289165567,1.337128535186782,1.254753439188954,-0.082375095997828,2.0680891679334255,2.402375017381692,0.33428584944826634,1.3399228675362707,4.777461014013362,1,0,1,1,2,3,1,0,1,0,0,1
4018355,66560d27-e4a9-4cd9-ba5b-946d56dcf45c,1,44,6,England Women's,Alessia Russo,Leah Williamson,73.4,38.1,57.7,26.4,19.580091,-17.128436733535665,1.3529172285103654,0.041015419391901176,-1.3119018091184642,2.165177871615291,0.2618541817004181,-1.9033236899148729,3.1912796766680676,0.8039054811229555,-2.387374195545112,0.904561925415707,12.48389118596091,1,0,3,0,3,0,0,0,1,0,0,1
4018355,d6ee0d94-8132-4800-a469-00997cae95e8,1,44,8,England Women's,Leah Williamson,Alex Greenwood,57.7,26.4,68.1,7.8,21.310091,2.689744655434694,0.04252082548183332,0.009120785861345916,-0.033400039620487404,0.25994908145854956,0.07882031395103807,-0.1811287675075115,0.7901566803138476,0.3247954705830919,-0.4653612097307557,11.447125452122005,14.409222275967416,0,0,0,0,0,0,0,0,1,0,0,1
4018355,1443f4d8-0ad9-4d36-8159-ed648dedb90a,1,44,28,Sweden Women's,Ingrid Filippa Angeldal,Fridolina Rolfö,27.4,41.6,41,40.1,13.68247,13.613758571500114,0.4342689503658483,0.47419989104628485,0.039930940680436566,1.0394577769128988,1.1189438307431212,0.07948605383022245,1.8657801488682029,2.091907727406323,0.22612757853812027,4.718684039307344,3.5266262221233795,0,0,1,1,3,1,0,0,1,0,0,1
4018355,49784427-dcb5-4de5-92a5-0a97699144ba,1,44,52,England Women's,Jessica Carter,Keira Walsh,61.2,61.6,70.4,60.5,9.265528,8.97238777995019,0.034978827698397205,0.23326124394686462,0.19828241624846743,0.2039753709971403,0.6967504045464725,0.4927750335493322,0.6599709233058281,1.4754986148253608,0.8155276915195327,10.827353604461873,5.794725123432864,0,0,0,0,0,1,0,0,1,0,0,1
4018355,de4dddc2-5eb9-44e8-b2a0-fb4e2ffc15d4,1,44,57,England Women's,Keira Walsh,Lucy Bronze,72.6,62,71.3,69,7.119691,-4.4239221122592625,0.8542127893162297,0.3554565508788842,-0.49875623843734546,1.39641713056657,0.8196763339732844,-0.5767407965932856,2.180417031657947,1.5251640799463815,-0.6552529517115657,1.4430215910446964,4.404235031950866,1,0,1,1,2,2,0,0,1,0,0,1
4018355,ff82d9fc-91a5-42fd-a1f4-906127cc2241,1,44,57,England Women's,Lucy Bronze,Jessica Carter,71.4,72.1,59.6,67.3,12.738916,-8.039049445658073,0.3466937545094031,0.032403478667619334,-0.31429027584178376,0.8082351861468804,0.1927606928654293,-0.6154744932814511,1.5148787611773877,0.6278674387656374,-0.8870113224117503,4.470455338309416,11.251940693736916,0,0,1,0,2,0,0,0,1,0,0,1
4018355,b4675a8c-fc65-4d5e-8c12-9b88a0428389,1,44,59,England Women's,Jessica Carter,Leah Williamson,60.2,65.8,60.2,37.2,28.6,5.2626653539191395,0.05738690751288404,0.008871577379335631,-0.04851533013354841,0.2607611737849492,0.09915268901432991,-0.16160848477061926,0.7320038086677898,0.43597221942304654,-0.29603158924474327,9.256471967643412,15.877032531322776,0,0,0,0,0,0,0,0,1,0,0,1
4018355,c494c86f-3b6b-4301-8b5d-1597d84f1484,1,45,4,England Women's,Leah Williamson,Georgia Stanway,59.2,35.9,67,44.4,11.536464,7.755755438656038,0.4361798181845583,0.33815786498962086,-0.09802195319493745,0.6959316298844186,0.8387588622411705,0.14282723235675188,1.1301279457946682,1.6012806646803306,0.47115271888566235,2.5625285492612897,5.21582075824943,1,0,1,0,1,2,0,0,1,0,0,1
4018355,4e6b6a2f-df5c-433a-87c4-2e2261a406aa,1,45,6,England Women's,Georgia Stanway,Ella Toone,68.1,44.2,73.4,36.8,9.102198,5.359922848579494,0.46192034526089526,0.2654371113540941,-0.19648323390680117,0.9908851448001376,0.7961130934826168,-0.19477205131752073,1.7975256568282363,1.640717427123223,-0.1568082297050133,3.5613117048442207,6.887476618886315,0,0,1,0,2,3,0,0,1,0,0,1
4018355,d4591157-e2d1-4656-9e08-971df9f479cd,1,45,7,England Women's,Ella Toone,Alex Greenwood,74.9,31.5,98,7.6,33.238834,6.730760245769574,0.4994125726417587,0.1080853386777534,-0.3913272339640053,1.1323486892333205,0.3279005387686561,-0.8044481504646644,2.0555127878746573,0.7796998265867796,-1.2758129612878777,4.174943892290896,6.832331472111494,0,0,1,0,3,1,0,0,1,0,0,1
4018355,37562052-9ff9-4a9c-87be-f2017a854810,1,45,13,England Women's,Lauren Hemp,Alex Greenwood,103.4,16.9,102.6,12.2,4.767599,-4.350427668822157,0.8059933659861664,0.18265237240796312,-0.6233409935782033,1.4773076489633687,0.5809319464320528,-0.8963757025313159,2.339129231559211,1.2269750273601816,-1.1121542041990296,2.6790840666471385,7.354012141923698,1,0,2,0,3,1,0,0,0,0,0,0
4018355,bed260e6-b9ff-4bec-bb21-d736e1a3f092,1,45,16,England Women's,Alex Greenwood,Ella Toone,102.6,12.2,113.2,21.8,14.301049,13.36749672345833,0.18265237240796312,0.41058456981202207,0.22793219740405896,0.5809319464320528,1.1227338644739695,0.5418019180419167,1.2269750273601816,2.191802466299413,0.9648274389392313,7.354012141923698,4.782520814492928,0,0,0,1,1,2,0,0,0,0,0,0
4018355,2b7e00a8-a5f2-409c-a9ae-b8bf692dd7a9,1,45,31,Sweden Women's,Johanna Rytting-Kaneryd,Fridolina Rolfö,56.7,58.6,66.2,53.3,10.878419,10.556550670902674,0.9870422475003772,0.40844479894771235,-0.5785974485526648,1.6118124042664075,1.1748732339727848,-0.4369391702936227,2.442817937774202,2.193475258167472,-0.24934267960672996,1.1313593233275416,6.239506560266923,1,0,1,0,3,2,1,0,1,0,1,1
4018355,3e28451b-b6aa-4f1a-895e-b804f5a705b2,2,45,4,England Women's,Hannah Hampton,Alessia Russo,33.1,43.6,92.2,49.5,59.393772,57.59614308249169,0.01938401201714651,1.771903141863796,1.7525191298466496,0.09492769535056599,2.6162632191667394,2.5213355238161737,0.24921734901998155,3.6860646166278856,3.436847267607904,11.830984209872573,0.35625645337959533,0,2,0,2,0,4,0,0,0,0,0,0
4018355,2e503031-ac31-461d-9fe4-31dfbc15ca29,2,45,49,Sweden Women's,Johanna Rytting-Kaneryd,Hanna Lundkvist,72.1,74.6,44.1,66.3,29.20428,-21.237946458319016,0.9097229629204666,0.2005153252281389,-0.7092076376923278,1.2132925784863817,0.48427438136370576,-0.7290181971226759,1.685607988000248,0.9492041710387499,-0.736403816961498,0.645550978595531,5.196989912512928,1,0,1,0,2,1,0,0,0,0,0,0
4018355,0e8d6415-337f-4a15-9a74-e56b90659d47,2,45,52,Sweden Women's,Hanna Lundkvist,Jennifer Miley Falk,43.7,65.2,13.5,49.8,33.899853,-26.596161314356607,0.20051524027991344,0.024540763267899016,-0.1759744770120144,0.4842741916590448,0.11601887858691062,-0.36825531307213416,0.9492038659322762,0.32052170914669387,-0.6286821567855824,5.196990543740781,11.148390931970697,0,0,0,0,1,0,0,1,0,0,0,0
4018355,93e28d82-d478-41a7-bfff-4ad8093fdc77,2,46,10,England Women's,Hannah Hampton,Leah Williamson,15.5,30.9,28.9,17,19.307253,10.936917087230725,0.12478227516881595,0.008260306934389887,-0.11652196823442607,0.3026017056606552,0.08553419350122567,-0.21706751215942954,0.5675252729417487,0.3314180474296709,-0.2361072255120778,6.259204061569638,16.53209834286965,0,0,0,0,1,0,0,0,1,0,0,1
4018355,fb576b63-2264-4456-a2a2-497b907bb748,2,46,14,England Women's,Leah Williamson,Georgia Stanway,34.7,19.8,51.4,22.2,16.871574,16.78745442323641,0.26242365947355134,0.34990264886597855,0.08747898939242721,0.543950710202029,0.911210790203091,0.36726008000106203,1.0189358155458592,1.710372680091727,0.6914368645458677,4.136107556452361,4.563844914448228,0,0,1,1,1,1,0,0,1,0,0,1
4018355,9c77cff4-d408-403b-bd1f-b763057045c7,2,46,16,England Women's,Georgia Stanway,Hannah Hampton,47.6,22.9,20.9,31.7,28.112808,-25.054968535176386,1.2302098108049466,0.06087657075221746,-1.1693332400527292,1.8466685160694871,0.21229765444552004,-1.6343708616239672,2.566893685336386,0.5111079779140745,-2.0557857074223116,0.8865246844082865,8.468168340448232,1,0,2,0,3,0,1,0,1,0,0,1
4018355,392939ef-c26b-4668-9e37-93c2315e6e37,2,46,20,England Women's,Hannah Hampton,Leah Williamson,21.1,31.7,30.2,16.7,17.544516,6.474128511055426,0.17857056770051496,0.2099407459847435,0.03137017828422853,0.387308157014615,0.44414062011876976,0.05683246310415474,0.7006818828041931,0.8267839326952904,0.1261020498910973,5.202663385090288,4.741273427095889,0,0,0,1,1,1,0,0,1,0,0,1
4018355,28ba949d-3b21-4fa0-8420-8d48e0887cac,2,46,22,England Women's,Leah Williamson,Alex Greenwood,30.2,15.2,40.4,2.8,16.056152,5.298049517931659,0.5230229231149973,0.07807482680221967,-0.44494809631277765,0.7382563715374402,0.311010368276034,-0.42724600326140616,1.0757895687508239,0.7463409991474595,-0.3294485696033643,1.9732622365886785,8.907727017300903,1,0,1,0,1,0,0,0,1,0,0,1
4018355,d90dcde0-4fdf-4f09-99cb-6d134a6d2715,2,46,25,England Women's,Alex Greenwood,Leah Williamson,38.2,3.1,22.9,15.7,19.820444,-10.356782142699615,0.5125009500709058,0.07129476723643793,-0.4412061828344679,0.8887433466294611,0.2866708674159654,-0.6020724792134957,1.4238740794121627,0.7164727835316699,-0.7074012958804928,2.4635561424630548,8.564886129933864,1,0,1,0,1,0,0,0,1,0,0,1
4018355,58f0a520-a32b-48f7-9140-8ae1c98b5f66,2,46,27,England Women's,Leah Williamson,Jessica Carter,22.3,17,28.1,60.2,43.587612,6.276926532755255,0.3122279146930075,0.5419950224441015,0.229767107751094,0.5818753965030569,0.749583817917081,0.1677084214140241,0.9878805610751438,1.0493808500837565,0.06150028900861271,3.610034393313837,1.877479016751976,0,1,1,1,1,1,0,0,1,0,0,1
4018355,d1fc4620-a536-48fb-9ac2-5a8c0b39f889,2,46,31,England Women's,Jessica Carter,Lucy Bronze,28.1,60.5,36.2,73.9,15.657906,3.761516668312524,0.5419950495819709,0.06595227094425841,-0.47604277863771244,0.7495838318631128,0.223286164991496,-0.5262976668716168,1.04938084735292,0.52936677149058,-0.52001407586234,1.8774788546033332,8.23699377790369,1,0,1,0,1,0,0,0,1,0,0,1
4018355,952c573a-153c-4ac9-8a1c-90f0e060598f,2,46,39,England Women's,Lucy Bronze,Georgia Stanway,72.8,58.8,76.6,42.1,17.126879,7.355522074147089,0.7214581882033999,0.4836143773045196,-0.2378438108988803,1.510660528911004,1.0627302197253559,-0.44793030918564813,2.505726519812423,1.9027271593994186,-0.6029993604130044,3.1401864631218688,3.930346682624489,0,0,1,1,3,2,0,0,1,0,0,1
4018355,bc8d0038-98d7-49b2-86d8-a716b9b03de1,2,47,36,England Women's,Georgia Stanway,Alessia Russo,38,6.5,54.7,8.7,16.844286,16.165111798569143,0.5114988178774765,1.459295825878312,0.9477970080008354,1.1453421357563096,2.0741052474350856,0.928763111678776,1.9742003978778293,2.79382612858311,0.8196257307052808,3.5522430557864375,1.083062727398731,0,2,1,2,2,4,0,1,0,0,0,0
4018355,2741ff67-b3d4-4546-85d9-60cbb091a8cd,2,50,3,England Women's,Lauren James,Alessia Russo,63,46.6,82.1,57.8,22.14159,15.509004798736434,0.7945777017253084,0.4676668383414393,-0.3269108633838691,1.5008790241822978,0.8492868031930769,-0.6515922209892209,2.459330749329541,1.4870931578923274,-0.9722375914372137,2.1630922212842862,2.626333705060912,1,1,1,1,3,1,1,0,1,0,1,1
4018355,a89e48db-147f-4bae-9a47-9642fed66873,2,50,7,England Women's,Alessia Russo,Lauren James,79.8,59.6,111.2,63.7,31.666544,19.44257501305383,0.05867287378733781,0.3653438687881468,0.30667099500080897,0.3217825179172218,0.6829859296791946,0.3612034117619728,0.9476996606808331,1.2407883035634308,0.2930886428825977,9.866644013594632,3.2298860867349766,0,0,0,1,0,1,0,0,0,1,1,1
4018355,b6030de8-a430-4f21-9575-cd933d037624,2,50,10,England Women's,Lauren James,Lauren Hemp,111.2,64.1,114.1,32.3,31.93196,15.955867771112768,0.3653436211776786,0.878052998922163,0.5127093777444844,0.6829856687841204,1.4037339636654331,0.7207482948813128,1.2407880241769718,2.131748840506286,0.8909608163293141,3.2298881923849874,1.3220927388870536,0,1,1,1,1,3,0,0,0,1,1,1
4018355,8ea768ea-fb97-431b-9436-9c9dfc9ea002,2,50,45,Sweden Women's,Fridolina Rolfö,Emma Stina Blackstenius,57.1,14.3,64.3,8.1,9.501579,3.75976895215355,1.5650993018160007,0.9292892058689798,-0.6358100959470209,2.416398591009626,1.5357129536918748,-0.8806856373177514,3.5002440914267936,2.5246337828272236,-0.97561030859957,0.8095075140005572,0.8081422818584508,2,1,2,1,4,1,1,0,0,0,0,0
4018355,74353249-33f6-4730-96d1-fecef5333a1c,2,51,30,England Women's,Hannah Hampton,Leah Williamson,15.3,31,21.3,21.2,11.490866,4.611583415721441,0.016268139824937095,0.03003553634608571,0.013767396521148615,0.13426119050449212,0.18017786889639684,0.04591667839190472,0.46646149411948223,0.5393137240425063,0.07285222992302409,14.659005670573258,11.75947925663769,0,0,0,0,0,0,0,0,1,0,0,1
4018355,f407c5e4-b5b1-4d12-99f8-8177683a4a9d,2,51,37,England Women's,Leah Williamson,Georgia Stanway,26.9,22.2,44,19.8,17.2676,16.14767134453207,0.040200528526382694,0.48058891240991586,0.4403883838835332,0.21633448574875416,1.0230895156709443,0.8067550299221902,0.6369708309835631,1.706953717053208,1.069982886069645,10.525270774752117,3.8611640003482783,0,0,0,1,0,3,0,0,1,0,0,1
4018355,60b5290d-073f-4c6b-8327-750fcb9d8f9d,2,51,38,England Women's,Georgia Stanway,Leah Williamson,43.8,19.8,29.3,21.5,14.599315,-13.735515684394755,0.48058890927910475,0.03478381673207608,-0.44580509254702866,1.0230895289672093,0.1963727649903614,-0.8267167639768479,1.7069537402425574,0.5994533986543559,-1.1075003415882017,3.8611644382176706,10.820129809537892,0,0,1,0,3,0,0,0,1,0,0,1
4018355,67e4bcc7-afd3-42cf-acef-adc664d3679a,2,51,41,England Women's,Leah Williamson,Jessica Carter,28.8,22.2,28.3,58.6,36.403435,-0.6465289046779361,0.06225023194994077,0.011881958725631738,-0.05036827322430903,0.24666466827796743,0.08726580037403038,-0.15939886790393704,0.6450304057046768,0.3079409118482465,-0.33708949385643033,8.640429781908251,13.547098283880585,0,0,0,0,0,0,0,0,1,0,0,1
4018355,8284fde3-b4b8-4509-8dbc-181519ef60da,2,51,58,England Women's,Lucy Bronze,Ella Toone,28.5,68.6,40.8,69,12.306502,11.523185574639172,0.4388420123016574,0.7081282765528782,0.2692862642512208,0.8686756326393197,1.2589945863089658,0.3903189536696461,1.463628982915813,1.9873145101877459,0.523685527271933,3.606393140416458,1.992285990249971,0,1,1,1,2,3,0,0,1,0,0,1
4018355,25ee4f25-5bf6-4936-a21c-603ece13c290,2,51,59,England Women's,Ella Toone,Keira Walsh,41,69,36.9,76.6,8.635392,-6.648298855423775,0.7081282036956568,0.47381206789784175,-0.23431613579781502,1.2589945563496696,0.9207579776133333,-0.3382365787363363,1.9873145051438132,1.4937344922045008,-0.4935800129393124,1.9922866457143151,3.125547927836331,1,0,1,1,3,2,0,0,1,0,0,1
4018355,c8646f5a-1eb9-46cb-8c31-bc272e2e3119,2,52,0,England Women's,Keira Walsh,Ella Toone,36.6,75.9,49.4,64.1,17.409193,16.198446179587762,0.7491612855865821,0.7525934250788177,0.003432139492235531,1.1460928195781892,1.4340239500742311,0.2879311304960419,1.6669279746101824,2.245435138286461,0.5785071636762786,1.4025995247000835,3.1477467600734403,1,0,1,2,2,3,0,0,1,0,0,1
4018355,27156b94-2363-4ed5-963b-041b798b2750,2,52,2,England Women's,Ella Toone,Lauren James,47.6,63.4,57.3,50,16.54237,12.595140620536334,0.7525936902178141,0.7971658709889589,0.044572180771144776,1.4340241349827743,1.3913391661659833,-0.04268496881679096,2.245435205421716,2.157615477203886,-0.08781972821783013,3.1477437830036377,1.9258673568122413,0,1,2,1,3,3,0,0,0,0,0,0
4018355,3d60225f-ab4f-4621-9e8c-7ea4654397ad,2,52,35,England Women's,Keira Walsh,Alessia Russo,54.4,13.8,73.2,19.4,19.61632,19.50535691013583,0.8857493679449461,0.6296744375879402,-0.2560749303570059,1.5460949776578878,1.406817127588694,-0.1392778500691938,2.5350593627043088,2.501140549754249,-0.03391881295005961,1.2248162935051998,3.908256998439398,1,0,1,2,2,3,0,0,1,0,0,1
4018355,9a2f6f75-93f7-497a-b8e0-9322bc614c84,2,52,36,England Women's,Alessia Russo,Georgia Stanway,73.4,20.1,70.7,22,3.3015149,-1.812040445478992,0.6318775803253726,0.9595424961442742,0.32766491581890167,1.4249266712672772,1.8739667770125752,0.44904010574529796,2.536204016102311,3.0254418681247666,0.4892378520224554,3.9639291617624828,2.8867799124588176,0,1,2,2,3,3,0,1,1,0,0,1
4018355,59244e57-a406-49ae-9a85-b92ed1296e89,2,52,40,England Women's,Georgia Stanway,Alex Greenwood,68.7,18.7,57.3,3.5,19,-17.004061452460213,1.343455473541965,0.10296903276810415,-1.240486440773861,2.021545236629334,0.3507608356262968,-1.6707844010030373,2.9576168809663623,0.8979108639567656,-2.0597060170095967,0.6364132084494106,7.1156135440625325,1,0,3,0,3,1,0,0,1,0,0,1
4018355,4b4352fe-ff36-4763-b2d7-08b8d3a6b78b,2,52,42,England Women's,Alex Greenwood,Leah Williamson,57.3,4.8,45,9.1,13.029965,-9.211021229487272,0.2572204298147535,0.027098721115180958,-0.23012170869957255,0.5442725383824538,0.17496990173937838,-0.36930263664307544,1.0685210608740938,0.5960047763314338,-0.47251628454266004,4.21091755908229,11.700626247578384,0,0,1,0,1,0,0,0,1,0,0,1
4018355,e58cf488-dff1-4983-b8e3-157bfcf7b738,2,52,47,England Women's,Leah Williamson,Alex Greenwood,50.1,11.5,55.4,4.4,8.860023,1.7269393476003359,0.2231915992674925,0.2198345942979943,-0.0033570049694982007,0.5501326869660684,0.5362582799166344,-0.01387440704943399,1.1244267709733107,1.0650395315873837,-0.05938723938592694,4.892065998048932,5.1418723295938635,0,0,1,0,1,1,0,0,1,0,0,1
4018355,3a1d917b-9735-4630-8abb-0f2cdc30bdda,2,52,49,England Women's,Alex Greenwood,Leah Williamson,55.4,5.8,47.8,13.9,11.107204,-3.678257073533402,0.39744020279848635,0.0900709256351419,-0.30736927716334445,0.744701509792661,0.35558743288422456,-0.38911407690843647,1.2841012219702026,0.8859377237323459,-0.3981634982378567,3.2135063367100303,8.424905652180046,0,0,1,0,1,0,0,0,1,0,0,1
4018355,a75c79c9-86f0-4342-8f96-41532f5f0d63,2,52,52,England Women's,Leah Williamson,Jessica Carter,44.5,18,43.6,52.8,34.811638,1.1751718134127884,0.5359800428601897,0.1329062231430774,-0.4030738197171123,0.794661141893215,0.3255493864902358,-0.4691117554029792,1.202949031128523,0.6380792013435497,-0.5648698297849732,1.9560753479458917,6.0941404979080405,1,0,1,0,1,1,0,0,1,0,0,1
4018355,4d399225-187d-4c28-9c6b-924370762019,2,52,54,England Women's,Jessica Carter,Lucy Bronze,42.8,52.6,55.3,74.5,25.216265,4.897950778056128,0.5630768979061824,0.25820375935056794,-0.3048731385556145,0.7451202840867388,0.4806259652753966,-0.2644943188113422,1.0306844323056807,0.8346325345402501,-0.19605189776543064,1.735227325970204,4.084528741493414,1,0,1,1,1,1,1,0,0,0,0,0
4018355,6a999e63-3fc5-45cb-bb87-b32949f633d8,2,53,0,England Women's,Lucy Bronze,Lauren James,69.6,76.7,78.4,72.1,9.929753,9.80127763854027,0.8595145600875406,0.8592355151982232,-0.00027904488931740357,1.3417781122378851,1.5878127713128405,0.24603465907495536,1.921756544241918,2.3731072702851903,0.4513507260432723,2.323897909312905,3.4206304967695296,2,0,2,2,2,4,0,0,0,0,0,0
4018355,cb405faa-f203-49a3-ab71-afa1bcfc66e7,2,53,46,Sweden Women's,Julia Zigiotti-Olme,Jonna Ann-Charlotte Andersson,56,9.7,54.3,2.5,7.3979726,-4.838554404996003,0.4572967169902441,0.13748898580897773,-0.3198077311812664,0.9422717929178118,0.4663672832755526,-0.4759045096422592,1.685529156260838,1.0554579863974858,-0.6300711698633523,2.964976093291088,6.981269510760059,1,0,1,0,1,1,0,0,1,0,0,1
4018355,aae3b127-2c11-42a9-ab30-f74824563761,2,53,58,England Women's,Alex Greenwood,Jessica Carter,35.2,35.7,34.4,51.9,16.219742,-1.5142516669090043,0.08026652228321969,0.04475943413523661,-0.03550708814798308,0.3419691677992915,0.24415315872708354,-0.09781600907220794,0.8695454955336768,0.7157943963347221,-0.1537510991989547,9.533571753155416,10.557861669000795,0,0,0,0,0,0,0,0,1,0,0,1
4018355,09b09a49-5652-412b-a947-6ec593736c5b,2,54,1,England Women's,Jessica Carter,Leah Williamson,34,51.8,34.1,36.6,15.200329,0.838498967236319,0.05511176643956128,0.04973267173139264,-0.005379094708168643,0.26442436970533023,0.25198590109681485,-0.012438468608515385,0.7367667799357828,0.7041988857631047,-0.032567894172678025,9.539169920888465,10.253785797333466,0,0,0,0,0,0,0,0,1,0,0,1
4018355,63158a63-256d-44ee-9e85-f2feb9acd2fb,2,54,5,England Women's,Leah Williamson,Jessica Carter,35.9,37.3,35.4,55.6,18.30683,-1.8829449578256288,0.03343951799323373,0.042635078740981554,0.00919556074774782,0.21696377284648366,0.20438213586196782,-0.012581636984515837,0.6836129568299326,0.5807643210069996,-0.10284863582293302,12.607294869282835,9.88119227840985,0,0,0,0,0,0,0,0,1,0,0,1
4018355,760feee5-4b27-48a1-95dc-cd4c3cc9df08,2,54,7,England Women's,Jessica Carter,Leah Williamson,35.9,56.2,36.2,36.1,20.10224,1.7553713459790146,0.1069815752773109,0.02555827329241791,-0.081423301984893,0.33236442387070686,0.17245993819178537,-0.1599044856789215,0.7525246484025709,0.5701607638862911,-0.18236388451627983,6.954442214178108,12.84650414271509,0,0,0,0,1,0,0,0,1,0,0,1
4018355,4f55348a-b49a-4efd-9dc1-e55b6b2827a7,2,54,10,England Women's,Leah Williamson,Ella Toone,36.2,36.1,56.3,32,20.513897,19.690313296062612,0.027774421379305234,0.604586131197592,0.5768117098182868,0.1821110048261666,1.2245963542118636,1.042485349385697,0.5951027694881443,2.047616523211519,1.4525137537233748,12.110492644678997,2.7344238533681104,0,1,0,1,0,2,0,0,0,0,0,0
4018355,66dd5d8d-8a48-4439-bac8-e5399b2a7d8f,2,54,12,England Women's,Ella Toone,Georgia Stanway,57.3,26.1,62.7,3.4,23.333452,-3.769273311188769,1.0714456501742096,0.5689510349593506,-0.5024946152148589,1.7185251928550398,0.9948218672778343,-0.7237033255772055,2.5378330951342716,1.6619340517642636,-0.875899043370008,1.9072793569636697,2.1092753019668833,2,1,2,1,2,1,0,0,0,0,0,0
4018355,0a1e407b-ddeb-476d-b8cb-a0745b311285,2,54,18,Sweden Women's,Jonna Ann-Charlotte Andersson,Kosovare Asllani,37.1,30.1,56.1,45.8,24.647312,19.326357337955656,0.36099142757077446,0.22230153526486618,-0.13868989230590828,0.8534685313101905,0.6995533080606197,-0.15391522324957085,1.511134058172871,1.5658509627976636,0.05471690462479262,4.542782332809587,5.438681327717431,0,0,1,0,2,1,0,0,1,0,1,1
4018355,ac4706e4-c61d-4735-bf2d-8c175424c6bc,2,54,23,Sweden Women's,Kosovare Asllani,Emma Stina Blackstenius,75.9,38.7,100.4,41.5,24.659481,24.461842676528406,0.8546695967405312,1.3702527476334303,0.5155831508928991,1.68226528770363,1.916992064278549,0.23472677657491903,2.6116919602071196,2.6639042554181405,0.05221229521102089,2.4691204541110547,1.1345133588829805,1,2,1,2,4,2,0,0,0,1,1,1
4018355,82472875-f5cd-45d8-859c-8af857ad90d2,2,54,50,England Women's,Leah Williamson,Alessia Russo,44,20.6,91.5,15.6,47.762432,40.91885212276563,0.14363459685813498,0.5741457049897187,0.4305111081315838,0.4413276557422332,0.9236336935842351,0.4823060378420019,1.0085760216420465,1.4173144410169902,0.4087384193749437,6.266356098246695,2.024607678179515,0,1,0,1,1,1,0,0,1,0,0,1
4018355,5978452d-0507-4573-9b59-ad983a479a86,2,54,55,Sweden Women's,Hanna Lundkvist,Ingrid Filippa Angeldal,28.5,72.5,37.3,72,8.814193,8.42526961309045,0.4705743171911744,0.7227963883597347,0.2522220711685603,0.7065342275776072,1.1050050852194657,0.3984708576418585,0.99624741003978,1.5964868913946315,0.6002394813548515,2.3465881575217384,1.4708281302851343,1,1,1,1,1,2,1,1,1,0,0,1
4018355,b56ff6b2-4a1b-4450-b959-5847b85bc9d3,2,55,12,England Women's,Keira Walsh,Leah Williamson,42.8,19.8,35.5,23.6,8.229824,-6.277770574566659,0.34979993025386485,0.056216025129767686,-0.29358390512409716,0.6638214212771467,0.24150234209832466,-0.42231907917882205,1.1740775686190643,0.6620011059589956,-0.5120764626600687,3.317545264213723,9.022289377954403,0,0,1,0,1,0,0,0,1,0,0,1
4018355,8f0cfdcb-ce7b-43f8-acb8-60a823ba2bc4,2,55,14,England Women's,Leah Williamson,Keira Walsh,35.5,23.6,43.1,17.4,9.80816,5.924600280963716,0.056216025129767686,0.33937910721973613,0.28316308208996843,0.24150234209832466,0.626410308965843,0.3849079668675184,0.6620011059589956,1.0774535593948333,0.4154524534358377,9.022289377954403,3.3767932472347844,0,0,0,1,0,1,0,0,1,0,0,1
4018355,e3c6010c-1161-47fc-9327-21ae9921a728,2,55,15,England Women's,Keira Walsh,Leah Williamson,43.1,18.7,35.4,26.4,10.889444,-5.890808305968562,0.3393790315828903,0.041819476528362605,-0.2975595550545277,0.6264102358327475,0.22864542007301034,-0.3977648157597371,1.0774534889697738,0.6799519167959852,-0.39750157217378856,3.376793954544111,10.682566851207937,0,0,1,0,1,0,0,0,1,0,0,1
4018355,96e986dc-d765-4306-a7e7-db951fb77a13,2,55,18,England Women's,Leah Williamson,Lauren Hemp,39.7,29.9,71,73.7,53.834282,21.462611571783356,0.05941025992545254,0.2569575776715809,0.19754731774612835,0.27730693022464653,0.4878129438619428,0.21050601363729626,0.7250881461878641,0.8420632497955031,0.11697510360763896,10.318552468698297,4.124001801993264,0,0,0,1,0,1,0,0,1,0,0,1
4018355,9a6ff414-1e9b-4f90-8ff2-6bf4b8bbb8e5,2,55,24,England Women's,Lauren Hemp,Jessica Carter,65.5,74.9,42.4,63.8,25.6285,-16.450960043297968,0.9776164007055698,0.23676574588308172,-0.740850654822488,1.30004599765739,0.45422576961443906,-0.8458202280429509,1.7506503310084702,0.7834343853402291,-0.9672159456682411,0.7774357506819202,4.344520435240638,1,0,2,1,2,1,0,0,1,0,0,1
4018355,a4dba346-948e-4656-adc0-606007c14e6d,2,55,26,England Women's,Jessica Carter,Hannah Hampton,42.5,63.7,26.5,47,23.12769,-12.718837757209528,0.4833495399440667,0.0020265453819591746,-0.48132299456210753,0.6799804337160731,0.029706696984437182,-0.6502737367316359,0.9656692190267577,0.15144498581837756,-0.8142242332083802,2.191728017707154,18.923689835922854,1,0,1,0,1,0,1,0,1,0,0,1
4018355,0992d756-1ae8-4094-bd11-0a7f46dbbc29,2,55,34,England Women's,Alex Greenwood,Leah Williamson,42.5,2.7,28.9,16,19.022356,-8.199379942419554,0.8360927477011033,0.24095891765356445,-0.5951338300475388,0.9463806523967737,0.47179805812826253,-0.4745825942685112,1.1761703587588659,0.8196139859332219,-0.356556372825644,0.5500658698367077,4.3236091757423205,1,0,1,1,1,1,0,0,1,0,0,1
4018355,b3ab0368-c1f6-4594-910f-fcbae3f801eb,2,55,37,England Women's,Leah Williamson,Hannah Hampton,27.1,17.4,15.6,36.3,22.123743,-8.856078500415066,0.7262481984554969,0.011538659351330334,-0.7147095391041666,0.8759977584559085,0.09172176264400486,-0.7842759958119037,1.1354462004943935,0.30664778768152484,-0.8287984128128687,0.978144945330985,14.772977846719145,1,0,1,0,1,0,0,0,1,0,0,1
4018355,62dade7e-7013-46e5-b5ab-9f4f2044938a,2,55,40,England Women's,Hannah Hampton,Keira Walsh,15.6,36.3,29.2,35.7,13.613229,13.563784399983689,0.022147567068107017,0.40867733755693153,0.38652977048882453,0.131060938961459,0.6864646168569117,0.5554036778954528,0.38658074032777406,1.0393700881671162,0.6527893478393421,12.145515838538032,2.8806870151921165,0,1,0,1,0,1,0,0,1,0,0,1
4018355,133effc9-0dd0-4aa6-8798-475b987f62ad,2,55,44,England Women's,Keira Walsh,Lauren James,42.8,26.7,51.5,20.2,10.860019,7.033076138849324,0.792883784550313,0.8356944228093153,0.04281063825900222,1.1600190965590724,1.454259768409621,0.2942406718505486,1.7497059321383786,2.185875240182294,0.4361693080439153,1.0991557110387715,2.303074646798432,1,1,1,2,2,3,0,0,0,0,0,0
4018355,ee6d4dd9-9f98-4503-a914-8f9b8d600269,2,56,48,England Women's,Ella Toone,Alex Greenwood,91.9,17.8,85.4,2.5,16.623478,-15.212310918123492,0.21149705247582018,0.01990876613414533,-0.19158828634167485,0.5164436068827476,0.12961780124385017,-0.38682580563889746,1.0838694822838497,0.4174879174235751,-0.6663815648602747,4.95459114786317,13.116604603120113,0,0,1,0,1,0,0,0,0,0,0,0
4018355,9a7b64a8-7329-4672-a804-70467ab7f945,2,57,31,England Women's,Hannah Hampton,Leah Williamson,20.5,47.7,27.9,38.2,12.042009,7.6799070613320595,0.015883841499174742,0.01974584947254301,0.0038620079733682686,0.10529847284763534,0.13828582298318953,0.03298735013555419,0.3486187654872937,0.4402299792515298,0.09161121376423609,12.766478803512127,13.721006145208685,0,0,0,0,0,0,0,0,1,0,0,1
4018355,797f7ada-41ac-437f-8b51-ea7595d120f6,2,57,36,England Women's,Leah Williamson,Lucy Bronze,29.9,38.6,43.1,74.3,38.062187,5.908144599969475,0.2751350688295032,0.026795384354771475,-0.24833968447473176,0.544733211461785,0.1553301846033842,-0.3894030268584008,0.9324501467608827,0.4793211429539451,-0.45312900380693755,4.05503908762212,11.435379955474913,0,0,1,0,1,0,0,0,0,0,0,0
4018355,8e5a13a3-621d-4834-b7f5-fcc1ddf63572,2,57,40,England Women's,Lucy Bronze,Keira Walsh,43.2,72.9,57.5,76.3,14.698639,11.273455331658937,0.23009389918021497,0.7651638366282442,0.5350699374480292,0.5584958150991371,1.1806900384987378,0.6221942233996006,1.0490121255449578,1.8048212709861255,0.7558091454411677,5.039903278452948,1.3294721795900406,0,1,0,1,1,2,0,0,0,0,0,0
4018355,79f1b095-82f8-47ef-ba4f-395ab8722bf7,2,58,9,Sweden Women's,Jonna Ann-Charlotte Andersson,Emma Stina Blackstenius,20.2,4.8,48.7,3.5,28.529634,25.726142716879565,0.26921904866777807,1.1637107132981075,0.8944916646303294,0.6642244588172593,1.5396050876283376,0.8753806288110783,1.2760116571409506,2.051388079499947,0.7753764223589963,4.648899623793348,0.6703898522630813,0,1,1,2,1,2,0,1,0,0,0,0
4018355,a2297749-edee-4ae2-9685-10f61b506457,2,58,16,England Women's,Alessia Russo,Lauren James,93,56,93.3,39.3,16.702694,4.67553519921637,1.3103756562222126,0.669894923194009,-0.6404807330282036,2.106723505498288,1.515201453328144,-0.5915220521701439,3.167230495698256,2.6350001642496235,-0.5322303314486327,1.2580600445732042,4.880246588914591,2,0,3,1,3,4,1,0,0,1,1,1
4018355,c5cf26ec-ca98-4ed9-9748-07eb153cc939,2,59,35,England Women's,Ella Toone,Alex Greenwood,86.7,5.1,76.6,2.5,10.429286,-9.118913462131012,0.6016336274404984,0.3341455455603245,-0.2674880818801739,1.20388657681247,0.8063570927193987,-0.3975294840930713,2.0872163815057307,1.5216852353000097,-0.5655311462057211,2.878077820159076,5.398633067633468,1,0,1,0,2,2,0,0,1,0,0,1
4018355,3ba543e4-72f6-46d9-a1b4-b3cf346a76ec,2,59,38,England Women's,Alex Greenwood,Leah Williamson,73,2.8,62.1,2.5,10.904128,-9.042737758042882,0.34806088723520956,0.12556969840885274,-0.22249118882635682,0.7743462220924155,0.391962917767303,-0.3823833043251125,1.4129985976863333,0.8869023784797888,-0.5260962192065445,4.258986833354952,6.621400548719345,0,0,1,0,2,1,0,0,1,0,0,1
4018355,14c6c890-442f-46d2-844d-a14579feacb2,2,59,42,England Women's,Leah Williamson,Lauren James,57.9,3.1,82.2,2,24.324884,18.636983083630355,0.28257504369150904,0.3556038044988808,0.07302876080737175,0.6504256992762525,0.8260295248089092,0.17560382553265674,1.2200042813561194,1.5894850853146951,0.36948080395857574,4.366834863599088,3.77076593091909,0,0,1,1,1,1,0,0,1,0,0,1
4018355,b95b9cda-2df8-410f-9960-a2455d4e8180,2,59,46,England Women's,Lauren James,Lauren Hemp,77.2,8.3,88.5,24.8,19.9985,18.28539841559872,1.1609164058538708,0.8582061639468515,-0.30271024190701934,1.8941232384717002,1.5106851472510257,-0.3834380912206745,2.855076288306055,2.488968427684213,-0.3661078606218422,0.8236383955305352,1.4799041731874414,1,1,2,1,3,2,1,1,1,0,0,1
4018355,34de254a-cd46-4d37-8ff4-1755e7a992db,2,59,49,England Women's,Lauren Hemp,Ella Toone,84,19.2,95.9,4.1,19.225504,-1.6621860007943283,0.5538208509783263,0.12306393499807267,-0.4307569159802537,1.4858031726495733,0.4001405559125553,-1.085662616737018,2.7489358717585572,0.9370040134099417,-1.8119318583486157,5.268732970207719,6.9304429409111465,0,0,0,0,2,1,0,0,0,0,0,0
4018355,211f88ae-122c-4ba7-8424-0e8333a0e13a,2,59,51,England Women's,Ella Toone,Lauren Hemp,95.9,4.4,108.7,12.9,15.36522,13.62880828470906,0.3258307776765682,0.9498149117587572,0.623984134082189,0.6747713148183005,1.2379411438430932,0.5631698290247926,1.2121886506578785,1.7832418641761048,0.5710532135182262,3.857312924338258,0.40747019229738,0,1,1,1,1,1,0,1,0,0,0,0
4018355,fe208418-127e-4d81-9f51-626f11e0d463,2,61,53,Sweden Women's,Gun Nathalie Björn,Fridolina Rolfö,32.8,22.4,44.3,11.2,16.052725,7.965022459692165,0.5383694586890938,0.07999757615494593,-0.45837188253414785,1.1221408689220778,0.4257544383158406,-0.6963864306062372,1.8551671059566845,1.147034596374903,-0.7081325095817816,3.447831510100531,10.408315644423032,0,0,1,0,3,0,1,0,1,0,0,1
4018355,efcc33a7-274a-41f8-83ff-e190d0a9c8a6,2,61,55,Sweden Women's,Fridolina Rolfö,Johanna Rytting-Kaneryd,44.3,11.2,54.7,27.5,19.335201,14.507757245648577,0.3322479734066827,0.36187698082325914,0.029629007416576425,0.8874457138948489,1.024933729491927,0.13748801559707802,1.733284753746446,1.9866586871893568,0.2533739334429108,4.577494617997095,5.798014201535679,0,0,1,0,1,2,0,0,1,0,0,1
4018355,20c3f89e-3e35-4be5-a251-51626c1744ba,2,61,59,Sweden Women's,Johanna Rytting-Kaneryd,Emma Stina Blackstenius,73.9,28.9,79.1,48.7,20.471443,5.602438261226446,1.3505977927087125,0.4360264645327652,-0.9145713281759473,2.2405528821007525,1.1454273659256458,-1.0951255161751068,3.2253139386998697,2.111022976473829,-1.1142909622260406,1.9648004936217571,5.8737896096863205,2,0,3,0,4,3,0,0,0,0,0,0
4018355,798abfca-5bb5-46e8-9872-06733a249d32,2,62,36,England Women's,Leah Williamson,Lauren James,35.5,22.4,56.4,2.1,29.13589,12.277165543800734,0.047760667571187326,0.03405670585609101,-0.013703961715096316,0.24721578180849582,0.1919571049002918,-0.05525867690820402,0.7090823467861904,0.5658427657166085,-0.1432395810695819,10.051879267488532,11.716396479944692,0,0,0,0,0,0,0,0,1,0,0,1
4018355,645313e4-57dc-46ac-a168-15d8898bb5ab,2,62,42,England Women's,Lauren James,Georgia Stanway,70,20.2,78.6,25.8,10.262553,10.010122640352499,1.0856858398942075,1.0948085320322025,0.009122692137994992,1.8638541536242885,1.9957233989123493,0.13186924528806077,2.867194937878508,3.1801480430788254,0.31295310520031716,1.511054650403018,1.094564577815156,1,1,2,1,3,3,0,1,1,0,0,1
4018355,8e6c60c7-1ed2-421c-b118-c8887fbd94e8,2,62,58,England Women's,Keira Walsh,Lauren James,88.8,28.1,99.2,23.4,11.412712,6.780337040604188,1.507441479112692,0.803794511216777,-0.703646967895915,2.292757673115566,1.6318991351027026,-0.6608585380128633,3.3502746244708326,2.784797249996341,-0.5654773744744914,0.6940039287415768,2.43134296476471,2,1,3,2,3,3,1,0,1,0,0,1
4018355,74dd37ec-3888-497c-9342-6a5926819410,2,63,1,England Women's,Lauren James,Alex Greenwood,97.9,19.8,111.8,4.5,20.671236,-6.493961299980988,1.1731953901097847,0.1158332580051098,-1.057362132104675,1.9213265628857803,0.38727336262649503,-1.5340532002592853,2.8796583053597287,0.9412077353219594,-1.9384505700377692,1.7168645473773814,7.095931589808583,1,0,3,0,3,1,0,0,1,0,0,1
4018355,187fe311-465e-4707-a8fe-6efb4785612e,2,63,13,England Women's,Leah Williamson,Alessia Russo,77.4,10.4,93.3,19.6,18.369812,18.27273904604126,0.13130513738305888,1.0803612452263234,0.9490561078432644,0.4733031082313477,1.7336647034706592,1.2603615952393115,1.138588696424586,2.6298353363359963,1.4912466399114104,7.433535157285592,1.1063912748215634,0,1,0,2,1,3,0,1,1,0,0,1
4018355,0f16d288-eaf7-465c-8bef-95548af8cec5,2,63,16,England Women's,Alessia Russo,Alex Greenwood,91.3,19.6,89.2,2.7,17.029974,-13.161319146403684,1.1536446143628212,0.084868791417213,-1.0687758229456081,2.09219521009884,0.34829518571190826,-1.7439000243869316,3.2254952256016423,0.9317613488752242,-2.293733876726418,2.153577436979147,8.137627277342457,1,0,2,0,4,0,0,0,1,0,0,1
4018355,9c3d6cbb-12c4-4f50-bc09-7f9386f5cfa8,2,63,19,England Women's,Alex Greenwood,Leah Williamson,90.2,3.5,76.2,6.3,14.277255,-8.144230389079631,0.48743313872753435,0.02802083661000452,-0.4594123021175298,0.8958100029315798,0.21667463615060625,-0.6791353667809735,1.5054594240826156,0.7622294341193737,-0.7432299899632419,2.7268051943850082,12.524971626712878,1,0,1,0,1,0,0,0,1,0,0,1
4018355,cba5df9e-44d0-467b-bac6-9dfcf05bbd97,2,63,22,England Women's,Leah Williamson,Lucy Bronze,76.3,8.1,105.9,56.8,56.98991,32.17167638939759,0.07441613639126048,0.6282397898532426,0.5538236534619821,0.3761978213659523,0.900469264172,0.5242714428060478,1.06168233952807,1.3688123023525811,0.3071299628245112,9.927808175114107,1.4941848453715232,0,1,0,1,0,1,0,0,0,0,0,0
4018355,98912cd1-b015-4ff2-9e6d-80772744b947,2,64,4,England Women's,Lauren Hemp,Lucy Bronze,90.9,76.7,71,76.7,19.9,-14.383061843189672,0.9180829705811951,0.04904038773191963,-0.8690425828492755,1.4272380136231144,0.3091500076087779,-1.1180880060143366,2.187924780585713,0.9686621427590995,-1.2192626378266138,1.3035647935215158,11.054801406322682,1,0,2,0,2,0,0,0,1,0,0,1
4018355,638cc86b-5e3e-4fca-a28c-4cbd74a1ba5b,2,64,7,England Women's,Lucy Bronze,Lauren Hemp,75.2,75.8,97.3,76.7,22.118319,14.194030197326825,0.15580784648809806,0.1581274929764901,0.00231964648839203,0.49004091781238346,0.523336888946783,0.03329597113439953,1.1661832827454748,1.2145168060478004,0.048333523302325654,6.0605001628948525,6.332835565989555,0,0,0,0,1,1,0,0,1,0,0,1
4018355,8a4e21e6-d1a7-4616-83eb-1840d1d9a939,2,64,11,England Women's,Lauren Hemp,Ella Toone,93,67.2,108.4,50.9,22.424316,22.40784814277766,0.4934879306716729,0.649269453814758,0.15578152314308508,1.1975209301677159,1.417793080498899,0.22027215033118308,2.1872302960126904,2.5409082475743223,0.35367795156163195,4.872350768553595,3.3789657346752078,0,0,1,2,3,2,0,0,0,0,0,0
4018355,cc3be893-86e0-48be-bf9d-2183cf6a7fec,2,64,15,Sweden Women's,Ingrid Filippa Angeldal,Julia Zigiotti-Olme,10.7,39,23,21.7,21.22687,10.593430215355639,0.9704792510401422,0.46373963977665983,-0.5067396112634823,1.2662235670746007,1.1068333454880326,-0.15939022158656813,1.68422931448781,2.0431354122948315,0.35890609780702154,0.4928122930118576,3.9633969205319195,1,0,1,1,2,2,1,0,1,0,0,1
4018355,3d7205ac-bc07-42bc-b10b-1c6c9749ea0c,2,64,29,Sweden Women's,Emma Stina Blackstenius,Fridolina Rolfö,104.1,10,84.9,5.2,19.790907,-15.474163394674292,0.6959491579232612,0.01010999205765874,-0.6858391658656025,0.9764970443522767,0.09330554242935449,-0.8831915019229222,1.3541561552685688,0.3584848767983627,-0.9956712784702061,1.3703709973370861,15.235297697343016,1,0,1,0,1,0,1,0,1,0,0,1
4018355,d6efac11-0754-46d3-9ed0-b520dcd6a55e,2,64,41,Sweden Women's,Fridolina Rolfö,Ingrid Filippa Angeldal,90.4,22.9,93.6,54.4,31.662123,4.112439339107279,0.8862996820904526,0.449435792669941,-0.43686388942051163,1.64913584489637,1.0552853061285894,-0.5938505387677806,2.714330118554083,1.9744606230763686,-0.7398694954777143,1.6867146935523758,4.121619638797924,1,0,1,1,3,2,1,0,1,1,1,1
4018355,1b7e1dd9-0929-4a69-866f-9293281476e2,2,65,10,England Women's,Alex Greenwood,Leah Williamson,34.9,3.9,29.3,20.1,17.140594,-0.4170584308265859,0.0206083608178956,0.007014042106388202,-0.0135943187115074,0.1205122795262653,0.08803589520545115,-0.03247638432081415,0.4161433854149708,0.40378959848609397,-0.012353786928876842,11.784399562291991,17.499113234384836,0,0,0,0,0,0,0,0,1,0,0,1
4018355,1613fbdb-c4f4-4142-8dce-73128871128c,2,65,25,Sweden Women's,Jennifer Miley Falk,Gun Nathalie Björn,15.7,28.2,19.8,41.9,14.300349,4.747362890388715,0.5346688869814342,0.03922399522701135,-0.49544489175442286,0.702800615942804,0.15091554782112204,-0.5518850681216819,0.8896841571246477,0.35813372121753184,-0.5315504359071158,1.8821729063343344,9.734131197836103,1,0,1,0,1,0,0,0,1,0,0,1
4018355,a48505b2-bcb8-420e-baf5-bca40ad56181,2,65,28,Sweden Women's,Gun Nathalie Björn,Jennifer Miley Falk,22,47.8,10.5,37,15.776248,-11.231170065429538,0.588995885721925,0.061351474999049166,-0.5276444107228758,0.747935683823204,0.19532970302676783,-0.5526059807964361,0.9634866628749164,0.41996352129312015,-0.5435231415817963,1.591632648306736,8.383614287540137,1,0,1,0,1,0,0,0,1,0,0,1
4018355,7e72bef0-0337-4212-b0c9-418c059b91e2,2,65,32,Sweden Women's,Jennifer Miley Falk,Jonna Ann-Charlotte Andersson,10.3,33.1,36.5,3.2,39.754875,18.667183968174513,0.27479942278630143,0.048215598511228135,-0.2265838242750733,0.5011339592707563,0.196246826322766,-0.3048871329479903,0.7904475647610899,0.5192996764457544,-0.27114788831533554,3.9213667981111917,9.254686337447591,0,0,1,0,1,0,1,0,0,0,0,0
4018355,0e17f6a3-7c03-46a2-80a7-efe2b0b63f23,2,65,44,England Women's,Hannah Hampton,Leah Williamson,28.8,54.6,40.6,29.6,27.644892,12.283035516532806,0.004223650630312129,0.027137209801640597,0.02291355917132847,0.04734058872105369,0.1408143786451308,0.09347378992407711,0.20515600580449977,0.41308620893131115,0.20793020312681137,16.689316373443692,11.01198955841205,0,0,0,0,0,0,0,0,1,0,0,1
4018355,e5ed2acc-3399-43e5-af91-2d7c2f40b82d,2,65,49,England Women's,Leah Williamson,Lauren Hemp,41.8,30.9,85.3,60.6,52.672005,38.373637217621166,0.2259774078084243,0.9871829823143209,0.7612055745058965,0.474562055053644,1.2498338142522087,0.7752717591985647,0.8448519061743275,1.6725750083868227,0.8277231022124952,4.560718276218488,0.2968923038521246,0,1,1,1,1,1,0,0,0,0,0,0
4018355,1f7039ea-cece-4e3b-995c-cd1b02edb479,2,66,11,England Women's,Lauren Hemp,Georgia Stanway,93.4,63,84.9,64.1,8.570881,-7.412468876029557,1.2536159708727015,0.3624441648775074,-0.8911718059951941,2.031763439706555,1.013027107690703,-1.018736332015852,3.0116255871395854,1.9651213593738206,-1.0465042277657648,1.4722867158514885,6.270400522193197,2,0,2,0,3,3,0,0,1,0,0,1
4018355,aad833e6-7465-4678-8928-75cf1449878b,2,66,13,England Women's,Georgia Stanway,Alex Greenwood,86.3,63.8,76.2,47.7,19.005789,-3.21479816504025,0.30973283932778645,0.10187309185799197,-0.20785974746979446,0.9308242536369109,0.44005081956643816,-0.49077343407047275,1.874040621827878,1.1715348243222607,-0.7025057975056173,6.383689909960126,9.30442132069434,0,0,0,0,2,0,0,0,1,0,0,1
4018355,8c44011c-176b-4562-ac19-0be2a3c9590a,2,66,15,England Women's,Alex Greenwood,Lauren James,76.2,47.7,83.2,34.9,14.589037,7.31996040294667,0.15455929048951106,0.5479111573828347,0.39335186689332363,0.5767400690883797,1.094444178903456,0.5177041098150763,1.4118770790587343,1.9886596254928135,0.5767825464340792,7.578168876627629,2.630605712395904,0,1,0,1,1,2,0,0,1,0,0,1
4018355,649a855c-e552-4b2e-911f-52be21712b5e,2,66,20,England Women's,Lauren James,Lucy Bronze,76.3,43.4,100.6,74.8,39.704533,3.989877192986448,1.1489425602251642,0.05353197256248509,-1.0954105876626792,1.8884063837095055,0.2228925818754823,-1.6655138018340232,2.894847654288895,0.6275611342314071,-2.267286520057488,1.038980941268377,9.000300976039686,1,0,2,0,3,0,1,0,1,0,1,1
4018355,7251c623-5b14-4b76-b8e9-be96d3665c13,2,66,26,England Women's,Lucy Bronze,Lauren James,99.7,69.7,106.9,44.3,26.400757,22.187037685277623,0.8538237686355433,1.108127321914967,0.25430355327942367,1.3400381074210048,2.282134167691962,0.9420960602709574,2.115628071215437,3.7075785397189454,1.5919504685035082,1.0881308527295634,3.011284883514051,1,0,1,2,2,4,0,0,1,1,1,1
4018355,03661dce-80b8-4c8a-a758-e42f39b776cb,2,66,38,England Women's,Leah Williamson,Keira Walsh,72.4,14.8,77.7,19.8,7.2862883,6.983388711042473,0.016600010449935542,0.0961904501894279,0.07959043973949236,0.12832845761575803,0.4441336768170074,0.3158052192012494,0.4745117226235877,1.106480259911743,0.6319685372881552,12.963188913025732,10.437561801985668,0,0,0,0,0,0,0,0,1,0,0,1
4018355,1a152aa6-ec86-415e-b94a-88aba33948eb,2,66,41,England Women's,Keira Walsh,Leah Williamson,77.7,19.8,76.6,6.7,13.146102,-7.827603915804218,0.5601894596227128,0.043233833262650304,-0.5169556263600625,0.937502085733156,0.23270444380820407,-0.7047976419249519,1.518900574413034,0.6842917253295105,-0.8346088490835234,2.0549451221248893,10.46340756225948,1,0,1,0,1,0,0,0,1,0,0,1
4018355,8d314dec-54f5-46e8-a749-9ffe3e88d55b,2,66,46,England Women's,Leah Williamson,Lauren James,77,11.8,101.6,43.1,39.810173,32.76286017717773,0.10566551963316982,0.9923397476699635,0.8866742280367936,0.36430094485034753,1.778710273309523,1.4144093284591754,0.8770875424014513,2.7708429896708138,1.8937554472693625,7.163326321655501,1.5277392612681666,0,1,0,2,1,3,0,1,1,0,0,1
4018355,1d8b3314-d416-4564-b5a8-7a2ebbf33a98,2,66,47,England Women's,Lauren James,Alessia Russo,100.7,42.5,100.3,35.5,7.0114193,-0.7461808413484405,0.9923402748684481,1.246675501553596,0.25433522668514785,1.7787106728274873,2.1280442388295584,0.3493335660020711,2.7708432751399887,3.1650888841208182,0.3942456089808295,1.527737134930978,1.4512657214900406,1,1,2,2,3,5,1,1,1,0,0,1
4018355,6b09faeb-bf5d-4024-a0e1-89ea9b20e566,2,66,50,England Women's,Alessia Russo,Ella Toone,96.4,38.2,89.5,41.1,7.484651,-6.851285093007331,0.7590278861820174,0.278998286038294,-0.4800296001437234,1.6148826748588154,0.8038596434015705,-0.811023031457245,2.7083584823181672,1.6718623447136547,-1.0364961376045125,3.4792918499921375,5.103937895142396,0,0,2,0,2,1,0,0,0,0,0,0
4018355,69b012da-5434-4ef2-9921-583b8bc59717,2,66,52,England Women's,Ella Toone,Lucy Bronze,89.5,42.4,99.9,56.4,17.440184,4.652615183039256,0.6140367679430757,0.12471962528227962,-0.48931714266079607,1.1737655055153693,0.43219148384084727,-0.741574021674522,2.0643702852690295,1.1013310241965848,-0.9630392610724448,2.183006606582591,6.7289239394585785,1,0,1,0,2,1,0,0,0,0,0,0
4018355,ae85ee95-dd9f-484b-90bf-6c3359a57fdf,2,67,40,Sweden Women's,Fridolina Rolfö,Jonna Ann-Charlotte Andersson,101,11.5,97.1,3.4,8.989994,-8.920981740749014,0.5675649450422844,0.13409857574531056,-0.4334663692969738,1.3194833884600197,0.48919109106310404,-0.8302922973969156,2.3317517764392117,1.16236794200246,-1.1693838344367518,4.54040864456376,7.171560375315097,0,0,2,0,2,1,0,0,1,0,0,1
4018355,4a516d5c-93d3-4f12-a0b0-4a0ee2197023,2,67,42,Sweden Women's,Jonna Ann-Charlotte Andersson,Fridolina Rolfö,98.1,3.4,93,8.6,7.283543,1.239653622444898,0.5673336670246527,0.5457583747057682,-0.021575292318884554,1.0206138899087565,1.2247303751210894,0.20411648521233294,1.715865870803711,2.1260351995443845,0.4101693287406736,2.18493981406005,4.433521102337902,1,0,1,1,1,3,0,0,1,0,0,1
4018355,0cd6169f-fc5e-4df7-93c3-9fd590bcc14b,2,68,32,England Women's,Georgia Stanway,Alessia Russo,43.2,49.4,60.5,56.4,18.662529,15.654324163337101,0.5795133856067927,0.8391556875739128,0.2596423019671201,1.31447309408907,1.5257659464285505,0.21129285233948036,2.3145980277334264,2.476374886676542,0.16177685894311544,3.2895392718783687,2.0904979115356075,0,1,1,1,2,3,0,0,1,0,0,1
4018355,6e598a7b-abd2-4c99-b51b-e91da092ed6f,2,70,13,Sweden Women's,Gun Nathalie Björn,Johanna Rytting-Kaneryd,41.1,67.3,69.9,74.2,29.61503,22.8294016062086,0.2298775312984528,0.6636041632949907,0.43372663199653794,0.6050550550105978,0.944990645061894,0.33993559005129625,1.1788852238768541,1.4035541914828835,0.2246689676060294,5.393499001382693,1.4050046777738419,0,1,0,1,1,1,0,1,1,0,0,1
4018355,68825caf-0589-467a-806e-50b752e8b1b8,2,70,15,Sweden Women's,Johanna Rytting-Kaneryd,Ingrid Filippa Angeldal,69.9,74.8,63.3,72.9,6.868042,-4.55338486859285,0.6636034686047534,0.7546174378353899,0.09101396923063654,0.9449902400300962,1.1372485427240084,0.1922583026939122,1.4035540618516904,1.6877346456444677,0.28418058379277733,1.4050081941354233,1.3611129827677884,1,1,1,1,1,2,1,0,1,0,0,1
4018355,54fb77bd-e2b8-4b32-b9ee-0f3537874609,2,70,15,Sweden Women's,Ingrid Filippa Angeldal,Kosovare Asllani,62.8,73.8,79.7,71.1,17.11432,15.535235031777034,0.7546176422789391,0.2572438087870029,-0.4973738334919362,1.1372486841204703,0.72374529836348,-0.4135033857569903,1.687734758034741,1.3892879247706027,-0.29844683326413834,1.3611119153063787,5.782877775668009,1,0,1,0,2,1,1,0,0,0,0,0
4018355,c6c500bf-9325-43ee-a305-6cef4da6c57f,2,70,20,Sweden Women's,Kosovare Asllani,Emma Stina Blackstenius,98.8,71.4,103.8,57.9,14.39618,13.744386565805822,0.5380568045207513,0.5826337483365748,0.044576943815823444,0.9531654650714314,1.1427922019804453,0.18962673690901388,1.4424696925545124,1.8285801671950597,0.38611047464054726,3.185460232967318,2.699477992221401,0,1,1,1,2,2,0,0,0,0,0,0
4018355,e88f9501-c063-47e5-8834-afece6a95e65,2,70,26,England Women's,Keira Walsh,Esme Beth Morgan,27.2,27.6,17,27.5,10.20049,-10.130939689929107,0.41780764046652574,0.06804911214657226,-0.34975852831995347,1.0044354169330763,0.31191026652673154,-0.6925251504063448,1.7955799905056027,0.8310786086509225,-0.9645013818546802,5.207048505161404,9.090303036870159,0,0,0,0,2,0,0,0,1,0,0,1
4018355,0c4fb567-c805-4baa-975a-66d328e64279,2,70,27,England Women's,Esme Beth Morgan,Leah Williamson,17,27.5,15.6,35.5,8.121576,-0.7412150204388865,0.06804911214657226,0.04187794892359382,-0.026171163222978445,0.31191026652673154,0.23254115947643617,-0.07936910705029537,0.8310786086509225,0.686022791958871,-0.1450558166920516,9.090303036870159,10.97312321643962,0,0,0,0,0,0,0,0,1,0,0,1
4018355,d3ceb09e-012c-4dde-90d7-07cb04720634,2,70,30,England Women's,Leah Williamson,Alex Greenwood,17,36.1,21.3,20.1,16.56774,2.3876624881235244,0.10350811695935633,0.027186970221279083,-0.07632114673807724,0.3374029883711442,0.19685343337734373,-0.14054955499380045,0.785237620685824,0.620742614598365,-0.16449500608745904,7.196559107570819,13.793229780256977,0,0,0,0,1,0,0,0,1,0,0,1
4018355,7d2e9d8f-bc32-4446-8d33-2b9b189f4437,2,70,33,England Women's,Alex Greenwood,Esme Beth Morgan,27.1,20.8,20.5,38.7,19.077997,-4.645169366632558,0.0876399819750796,0.06020003741115027,-0.027439944563929335,0.3548620549334103,0.25868212364866644,-0.09617993128474384,0.8625838833077727,0.6798391013489877,-0.18274478195878496,8.34873234370153,8.933801107637315,0,0,0,0,0,0,0,0,0,0,0,0
4018355,2a403a26-5aaa-4667-adc1-efafa3ff0349,2,70,36,England Women's,Esme Beth Morgan,Keira Walsh,20.6,39.7,47,50.4,28.485962,25.663352148455843,0.0771372716517247,0.8342770072795502,0.7571397356278255,0.2953294639344904,1.4228748114635863,1.127545347529096,0.7347211347451994,2.1052446153815283,1.370523480636329,8.087791307376863,2.183267870459983,0,1,0,2,0,3,0,1,0,0,0,0
4018355,2237e940-f278-4d91-b7fc-30ba56cfc9f0,2,70,41,Sweden Women's,Jonna Ann-Charlotte Andersson,Ingrid Filippa Angeldal,50.5,27.6,54.2,39,11.985408,4.789922857463267,0.3757018767314618,0.27391166941357104,-0.10179020731789079,0.7449006013936212,0.8108133679806635,0.06591276658704226,1.3094054155456787,1.622197801409752,0.3127923858640733,3.41572858198584,5.82522963680852,0,0,1,0,1,1,0,0,0,0,0,0
4018355,6eca15d6-47f8-4205-b1eb-11220f41de55,2,70,42,Sweden Women's,Ingrid Filippa Angeldal,Jonna Ann-Charlotte Andersson,52.9,38.7,48.5,19.2,19.990248,-7.351426193363736,0.7691848111194081,0.05379637867607733,-0.7153884324433307,1.2917261480130606,0.31182901885388886,-0.9798971291591718,2.0364115098408635,0.9221493972860537,-1.1142621125548098,1.4404782487298775,10.301088047133234,1,0,1,0,2,0,1,0,0,0,0,0
4018355,6764c806-97e8-47dc-8176-7c3788e6e0bb,2,70,54,England Women's,Esme Beth Morgan,Leah Williamson,33.7,41,35.9,67.2,26.292204,-2.0834026240932957,0.03445832023095084,0.010322817770929152,-0.02413550246002169,0.18942809451125278,0.09685793135573689,-0.09257016315551589,0.5700831733249663,0.36647015486299184,-0.20361301846197444,10.690220271530043,15.24626898444074,0,0,0,0,0,0,0,0,0,0,0,0
4018355,8243436d-9d45-4971-9474-adf119da47dd,2,71,10,England Women's,Bethany Mead,Lauren James,94.3,67.2,92,48.8,18.543192,8.070685293847138,0.5283661585621433,0.3277031513771379,-0.2006630071850054,1.169306178361624,1.0255819048703814,-0.14372427349124273,2.088777669478955,2.168113128516148,0.07933545903719308,4.359622922674981,5.511053506365075,0,0,2,0,2,2,0,0,1,0,0,1
4018355,333bdd6c-607b-44af-bc79-97b0a01f7053,2,71,27,England Women's,Leah Williamson,Esme Beth Morgan,78.3,74.3,58.7,53.3,28.7256,-8.731971603799764,0.668218203205978,0.0269337808041235,-0.6412844224018546,1.0852490331324756,0.15129733446275634,-0.9339516986697192,1.7931863032590656,0.48782054440609707,-1.3053657588529686,1.564223491865927,11.100789599613366,1,0,1,0,1,0,0,0,1,0,0,1
4018355,8419696b-1330-40e7-b969-778c603ca0fe,2,71,30,England Women's,Esme Beth Morgan,Hannah Hampton,57.7,53.6,40,41.1,21.66887,-16.240407587911008,0.3312988028220511,0.002192002834496332,-0.32910679998755477,0.5703241016406463,0.027686293260793814,-0.5426378083798524,0.9680786766104034,0.13042018040828618,-0.8376584962021172,3.344726592974108,18.412933015376005,0,0,1,0,1,0,0,0,1,0,0,1
4018355,56be4fb3-0411-47ab-ac32-b74f21259681,2,71,38,England Women's,Lucy Bronze,Lauren James,89.2,75.3,88.7,60.9,14.408678,9.21152699280698,0.12170063304892649,0.7206316547292732,0.5989310216803466,0.37719962161006615,1.2150533369144438,0.8378537153043777,0.8308844898467677,1.8771480795637558,1.0462635897169883,6.737128994115957,1.8063822912108085,0,1,0,1,1,2,0,1,0,0,0,0
4018355,53939085-19f7-4cde-ade9-769c05006dbd,2,73,16,England Women's,Keira Walsh,Lauren Hemp,58.1,31.9,72.4,4.1,31.262278,2.8075035100648194,0.13951105223846447,0.0835176882512498,-0.05599336398721466,0.5815215500878578,0.2704174457295162,-0.31110410435834157,1.413491606141156,0.6671314902125585,-0.7463601159285975,8.710036454196977,7.554106101668226,0,0,0,0,0,1,0,0,1,0,0,1
4018355,e4b8d7aa-adc7-493f-82b4-ca2d436d5183,2,74,2,England Women's,Esme Beth Morgan,Leah Williamson,27.9,53.9,26.7,69.3,15.446683,-4.64952717655342,0.788091050393872,0.1194702315658659,-0.6686208188280061,0.9058651296236966,0.4171942855016577,-0.48867084412203887,1.083333735761341,0.8613146723250129,-0.22201906343632816,0.7283856759005131,8.105474607170716,1,0,1,0,1,0,0,0,0,0,0,0
4018355,3dbb8e51-32a2-4bf5-8d42-d0d4de600d8c,2,74,22,England Women's,Lauren Hemp,Lauren James,54.7,11.4,85.9,12.8,31.231394,27.6691219426838,0.21888870262391058,0.333536523291807,0.11464782066789642,0.5263978272770375,0.6427004858707626,0.11630265859372502,1.0033803900865623,1.1606563989679766,0.15727600888141424,4.981407310793848,3.4771499998505147,0,0,1,1,1,1,0,0,1,0,0,1
4018355,27362254-4d17-4db5-8896-022f1c08c658,2,74,28,England Women's,Lauren James,Michelle Agyemang,105.9,12.2,109.6,33.3,21.421951,18.799963061271107,0.780085264373585,0.5593356436074223,-0.22074962076616278,1.035546613926569,1.3657462216820482,0.3301996077554792,1.5021988184733757,2.431946526910274,0.9297477084368984,0.8815068481219184,5.267108478630657,1,0,1,0,1,3,0,0,1,0,0,1
4018355,869cabf0-6514-4039-b1d6-4f55c0c22393,2,75,12,England Women's,Michelle Agyemang,Alex Greenwood,58.1,16.7,49.8,5.5,13.940229,-12.079495823905049,0.7847556376680972,0.15363175213290803,-0.6311238855351892,1.6075520283779376,0.5902725914356766,-1.017279436942261,2.6612302295298376,1.3623962657203914,-1.2988339638094462,2.883332862192247,8.12522040116655,1,0,2,0,3,0,0,0,1,0,0,1
4018355,ede82009-344d-40af-bf46-aa286a46e2ba,2,75,14,England Women's,Alex Greenwood,Alessia Russo,49.8,7.6,118.8,4.4,69.074165,41.696014764263204,0.21163064014682104,0.816941096860015,0.605310456713194,0.6388421985505979,0.8960559338687754,0.2572137353181775,1.3786930352348459,1.0096646061348307,-0.3690284291000152,5.472354529304201,0.6076169107719788,0,1,0,1,1,1,0,0,1,0,0,1
4018355,9a986c47-f253-422d-be29-e40fa759098b,2,75,23,England Women's,Alessia Russo,Lauren Hemp,105.8,4.1,90.6,2.3,15.306208,-9.202125424054323,0.4323197964455901,0.1297697745469133,-0.3025500218986768,0.7509230104828075,0.37412025982558533,-0.3768027506572222,1.2226677862120816,0.8074385224673584,-0.41522926374472324,2.7506342435771116,6.505719342315972,1,0,1,0,1,1,0,0,1,0,1,1
4018355,ecdcf667-f392-470d-94d2-c1e4915304bc,2,75,25,England Women's,Lauren Hemp,Lauren James,91.3,2.8,89.6,12.5,9.847842,5.991554852999059,0.23812089179713247,0.5888534074132543,0.35073251561612184,0.5330936059201595,1.2444511033788639,0.7113574974587044,0.9916136514598686,2.109502138793867,1.1178884873339985,4.6714200741692045,3.2887160346683966,0,0,1,1,1,3,0,0,1,1,1,1
4018355,8dc376a8-f1ff-4193-b76f-05af926c6a25,2,75,27,England Women's,Lauren James,Lauren Hemp,90.9,8.3,110.6,4.4,20.08233,6.211280691307358,0.6480634759842989,0.3376717585147223,-0.3103917174695766,1.3286921770738318,0.6658267917308965,-0.6628653853429353,2.1628375847639965,1.2172507643614439,-0.9455868204025526,3.900464953064983,3.477622543424191,0,0,2,1,3,1,0,0,0,1,1,1
4018355,329edbc9-cf17-4caf-9679-1d604c967376,2,75,29,England Women's,Lauren Hemp,Michelle Agyemang,110.8,4.4,109.9,31.5,27.11494,23.56879506768109,0.33767219796397396,1.4764369967553344,1.1387647987913603,0.6658272671850157,2.302388260595774,1.6365609934107583,1.2172512239945228,3.400648394018272,2.183397170023749,3.4776185340091694,0.4572484022746534,0,1,1,2,1,4,0,0,0,1,1,1
4018355,50a4d681-c108-4e1c-8edd-38b0b84e0133,2,77,53,England Women's,Alex Greenwood,Michelle Agyemang,42.5,22.9,79.8,27.2,37.54704,37.17547361736915,0.27965003256056514,0.8313165796368505,0.5516665470762854,0.6089772471903601,1.2763034178446024,0.6673261706542424,1.1320193523767896,2.0013380721759875,0.8693187197991978,4.139511009809764,1.0186631085110782,0,1,1,1,1,1,0,1,1,0,0,1
4018355,bfdecda5-e4eb-488f-911b-6b29f303143c,2,77,56,England Women's,Michelle Agyemang,Bethany Mead,83,34.5,99.7,56,27.223886,11.559113218263764,1.5820379899686547,0.18989772750936115,-1.3921402624592936,2.23849097170019,0.5826275577358601,-1.65586341396433,3.0350051795445294,1.3058398707234307,-1.7291653088210988,0.9297088556335981,5.817860240128016,2,0,2,0,3,1,0,0,1,0,0,1
4018355,7c4c9894-6fd1-40c7-ad56-016d0f33c62e,2,78,4,England Women's,Bethany Mead,Lucy Bronze,111.4,62.7,91.9,66.5,19.866806,-14.350131369959318,0.49836019906375395,0.20049272791909523,-0.2978674711446587,0.8547368135589813,0.5056247079099679,-0.3491121056490134,1.4484902621949778,1.0868079706038358,-0.36168229159114196,2.3388110705018104,5.07687711652363,1,0,1,0,1,1,0,0,1,0,0,1
4018355,ce73c861-4ef9-45c0-b46f-dda21225f84f,2,78,21,England Women's,Alex Greenwood,Alessia Russo,77.6,2.3,104.9,19.2,32.10763,31.03355979187088,0.15541425123863403,0.891869342882225,0.7364550916435909,0.45167187371203193,1.4931597120410927,1.0414878383290607,1.0060677279070946,2.345064675025004,1.3389969471179095,6.1519249565208485,2.4837019909941915,0,2,0,2,1,2,0,0,1,0,1,1
4018355,f226fdea-95a3-4265-9fee-945740570798,2,78,26,England Women's,Alessia Russo,Chloe Kelly,118,4.5,105.8,3.1,12.280066,-3.9816630518163834,0.6595242641797943,0.10938048660940182,-0.5501437775703925,0.9078012211137759,0.42129569569531133,-0.4865055254184646,1.3606544089883135,1.023351628814153,-0.3373027801741604,1.3480263541209492,8.42911161506084,1,0,1,0,1,0,0,0,0,1,1,1
4018355,c9512da5-2964-434c-ab9b-04d860ed0b17,2,78,29,England Women's,Chloe Kelly,Lucy Bronze,104.4,4.4,118.1,45.1,42.943916,33.425555751909535,0.31553929325845065,1.0693287088257601,0.7537894155673095,0.7554324797445251,1.7684615409729862,1.0130290612284611,1.4203955382194997,2.6834196064885587,1.263024068269059,5.41355968277148,1.3694097158455003,0,1,0,2,2,3,0,0,0,1,1,1
4018355,c2f14f3f-1635-4c88-bc65-c26d32646841,2,79,29,England Women's,Chloe Kelly,Alex Greenwood,49.2,3.5,40.6,4.4,8.646965,-7.360812971923949,0.9254516134308512,0.13878432575493957,-0.7866672876759117,1.174439266027834,0.49348883518662,-0.680950430841214,1.5900725722135318,1.1246561209423334,-0.46541645127119846,0.473380821672413,7.941458728202914,1,0,1,0,1,1,1,0,1,0,0,1
4018355,7fc37914-716e-4fb6-860d-487cac0c9a26,2,79,30,England Women's,Alex Greenwood,Esme Beth Morgan,40.8,4.4,28.8,15.2,16.144348,-7.6786248209338055,0.13878430380844037,0.046424490194580253,-0.09235981361386011,0.4934887878318304,0.22709365263357006,-0.26639513519826036,1.124656053422686,0.6618794612989931,-0.4627765921236928,7.941459466204192,9.78099225567193,0,0,0,0,1,0,0,0,1,0,0,1
4018355,4103b405-9227-4f9b-b12d-d0f95bed91f0,2,79,33,England Women's,Esme Beth Morgan,Keira Walsh,28.3,16.4,36.2,24,10.962208,9.374398639842255,0.05041817104813264,0.4316514948542095,0.3812333238060769,0.2287013988412692,0.8528040659904685,0.6241026671491994,0.6400895914234139,1.4654888564697335,0.8253992650463196,9.32013832846893,3.0686111290978806,0,0,0,1,0,1,0,0,1,0,0,1
4018355,8794aa92-ff87-4168-95cc-7aa6af4d1856,2,79,34,England Women's,Keira Walsh,Esme Beth Morgan,36.2,24,29.9,16.6,9.718539,-7.775269593931952,0.4316514948542095,0.048786638172582955,-0.38286485668162656,0.8528040659904685,0.2545351993420714,-0.5982688666483971,1.4654888564697335,0.7266043860072534,-0.7388844704624801,3.0686111290978806,9.940353806121035,0,0,1,0,1,0,0,0,1,0,0,1
4018355,fb147426-e9a2-4fa8-a5ea-c0bdfcbd55a8,2,79,37,England Women's,Esme Beth Morgan,Michelle Agyemang,34,16.6,56.4,24.4,23.71919,23.641385939067476,0.43098897062261216,0.8456288177931922,0.41463984717058006,0.7794151492360882,1.4792450429528345,0.6998298937167463,1.31892267726539,2.3230395885326893,1.0041169112672994,2.7577700103586946,2.5735384026187007,1,1,1,2,1,3,0,0,1,0,0,1
4018355,2920e072-b7b0-4012-8482-b4c3f1e667f6,2,79,40,England Women's,Michelle Agyemang,Alex Greenwood,54.9,20.8,37.6,5.1,23.361935,-21.613837602467697,1.195961681337916,0.010370492159809357,-1.1855911891781066,2.00154110069851,0.10984710806069826,-1.8916939926378118,2.9645154147132358,0.465195614871429,-2.499319799841807,1.2437349327084326,16.273503762853426,1,0,2,0,4,0,1,0,1,0,0,1
4018355,66cbdc60-1d86-4a34-90bd-b99bd8b2da47,2,79,48,England Women's,Lauren James,Chloe Kelly,70.7,4.4,79.8,3.5,9.144397,6.511791495612108,0.5740362917324785,0.7571614263636225,0.183125134631144,1.077020008189311,1.3953683219393833,0.3183483137500722,1.8579858353315766,2.3233878296403794,0.4654019943088028,2.341434230102662,2.139122426868926,1,1,1,2,2,2,0,0,0,0,0,0
4018355,b6c03aeb-a1bd-42fe-b7a4-dd7eb10204f7,2,80,2,England Women's,Esme Beth Morgan,Lauren James,67.8,3.9,72.5,7.3,5.800862,5.7994253406070015,0.04655615318322603,0.34659045487836926,0.3000343016951432,0.22840891541065425,0.7823825180403756,0.5539736026297214,0.6314515707593994,1.4194798050692563,0.7880282343098569,9.917717905177955,3.967415990725085,0,0,0,1,0,1,0,0,1,0,1,1
4018355,a44840e7-174f-4918-b18a-98d64b6d9cb1,2,80,4,England Women's,Lauren James,Esme Beth Morgan,72.4,7.7,68.3,3.9,5.59017,-5.531981355260271,0.499472665547874,0.03463736144845501,-0.464835304099419,0.909113479820035,0.2009231517288498,-0.7081903280911852,1.5153132456456917,0.6266278750902663,-0.8886853705554254,2.500019664614513,10.748726258113921,1,0,1,0,1,0,0,0,1,0,1,1
4018355,b2c21394-e169-4789-af02-281c67a4406f,2,80,5,England Women's,Esme Beth Morgan,Alex Greenwood,67.9,3.9,76,2.1,8.29759,5.312243724899979,0.034637373046291026,0.129079053535941,0.09444168048964999,0.20092318935995804,0.42914272007388693,0.2282195307139289,0.6266279466471986,1.0145505908698604,0.38792264422266187,10.748725170088523,6.743199300396861,0,0,0,0,0,1,0,0,1,0,1,1
4018355,717b14c7-5cba-4970-93ad-88b65921399c,2,80,7,England Women's,Alex Greenwood,Chloe Kelly,76.9,2.3,112.4,12.2,36.85458,28.44154817866071,0.48056588624451274,0.7129638870301686,0.2323980007856558,0.8278055264218561,1.059524615547984,0.23171908912612793,1.4327291710662202,1.6640791544770386,0.23134998341081836,2.4082230092536876,1.2497686251367546,1,1,1,1,1,1,0,1,0,1,1,1
4018355,a48c062d-f141-4334-a260-c7714f9d4ec1,2,80,11,England Women's,Chloe Kelly,Bethany Mead,112.2,12.5,114.2,37.3,24.880514,22.187130342582915,0.7353913559427147,2.0398157895593125,1.3044244336165978,1.255382957582934,2.8826371886358286,1.6272542310528946,2.0119693740631943,3.815652253090335,1.8036828790271406,1.920244976637162,0.34430934731581103,1,2,1,3,2,6,0,0,0,1,1,1
4018355,884c9a8b-b8b8-477f-ae3d-3b42c630c3ea,2,81,6,Sweden Women's,Julia Zigiotti-Olme,Ingrid Filippa Angeldal,83.2,29.3,86.1,47,17.935997,3.7088432749669167,0.6895195203696919,0.7945292157592134,0.10500969538952154,1.2983444011615644,1.3578373679265252,0.05949296676496085,2.0919776260816407,2.1722538073399944,0.08027618125835367,3.029433053634644,1.5128761332195053,0,1,2,1,3,2,0,1,1,0,0,1
4018355,3d6d8bc6-586f-4a78-be14-004902491da3,2,83,12,Sweden Women's,Gun Nathalie Björn,Madelen Fatimma Maria Janogy,52.6,37.3,71,19.2,25.810268,14.222113143765931,0.7845901960304321,0.014683362464818776,-0.7699068335656133,1.3554455939998111,0.12589651831368057,-1.2295490756861305,1.9942986569441512,0.47473185692708963,-1.5195668000170617,2.536719477830635,14.36532794376635,1,0,2,0,2,0,0,0,1,0,0,1
4018355,5b4a8694-9909-4f9a-b4a5-31aed320794b,2,83,17,Sweden Women's,Madelen Fatimma Maria Janogy,Emma Stina Blackstenius,87.1,21.7,90.8,33.4,12.271104,7.7104453634525925,0.6463246011020889,0.7180992939450297,0.0717746928429408,1.1128999573658915,1.4423781613563293,0.3294782039904378,1.6590711331763865,2.362850157807742,0.7037790246313553,2.825248221152348,3.4783363388422863,1,0,2,1,2,3,0,0,1,0,0,1
4018355,ee75c648-de5b-4650-982f-0eeb0bbd9d33,2,83,20,Sweden Women's,Emma Stina Blackstenius,Lina Mona Andréa Hurtig,92.3,34.5,101.7,43.8,13.223085,9.550378845328819,1.9138499310878117,0.8560292348137537,-1.057820696274058,2.6492904161180046,1.5651808104337166,-1.084109605684288,3.503500230420766,2.569725497625325,-0.9337747327954409,0.619828392524626,1.5822214093840035,2,1,3,1,4,2,1,0,0,0,0,0
4018355,73b9c8aa-03e2-47e5-89e2-fe7f72c55caa,2,83,23,Sweden Women's,Lina Mona Andréa Hurtig,Ingrid Filippa Angeldal,98.5,52.5,91.3,50.1,7.5894666,-5.555658173358328,0.832022692901317,0.2972589196223088,-0.5347637732790083,1.5605237463848425,0.8425716504792169,-0.7179520959056256,2.5347077891397602,1.7360532762297984,-0.7986545129099618,1.993968065457346,4.9578391841676295,1,0,1,1,3,1,0,0,0,0,0,0
4018355,cb7bcafd-f079-4161-8918-0fb7b61da5ea,2,83,27,England Women's,Chloe Kelly,Bethany Mead,35.9,26.1,36.2,51.6,25.501764,0.641898230850714,0.7354981796288258,0.24625990637233758,-0.4892382732564882,1.3514835047917884,0.6553887928162703,-0.6960947119755181,2.1535951480037157,1.3816402272927002,-0.7719549207110155,3.183563839426704,4.753655978170737,0,0,2,1,3,1,0,0,1,0,0,1
4018355,0a2d80a1-a50a-4e39-be5f-6252d71ee7aa,2,83,29,England Women's,Bethany Mead,Keira Walsh,36.2,51.6,34.8,38.3,13.373481,-0.6179040379389278,0.31622255244276504,0.3088322540401551,-0.007390298402609963,0.7870176371023678,0.9617854210143514,0.17476778391198355,1.5724683083170907,1.9755807895232185,0.40311248120612775,4.163367153376789,5.961937843424743,0,0,1,0,1,1,0,0,1,0,0,1
4018355,cac3eb47-de1e-40ca-94c1-f5ea5264f3d3,2,83,31,England Women's,Keira Walsh,Chloe Kelly,35.2,37.5,48.4,21.8,20.511703,10.959918732518986,0.34328956523295917,0.19550822591112246,-0.1477813393218367,1.0281125275594962,0.7158293131489073,-0.3122832144105889,2.085644589689486,1.5914727534197555,-0.4941718362697305,6.409699003793629,8.00413606649467,0,0,0,0,3,0,0,0,1,0,0,1
4018355,7ff1882f-601d-47cc-9416-c6dbb4a746c1,2,83,33,England Women's,Chloe Kelly,Alex Greenwood,42.8,16,33,15,9.850888,-9.6761736828839,0.8464247332184003,0.013856809722419757,-0.8325679234959805,1.2005137384936941,0.115284937905844,-1.08522880058785,1.7903974680199315,0.435671978251342,-1.3547254897685894,0.8382983179260975,13.539785095740541,1,0,1,0,1,0,0,0,1,0,0,1
4018355,0e087d8a-e297-4299-9cfe-53e1b3ff5733,2,83,39,England Women's,Alex Greenwood,Esme Beth Morgan,40.6,17.4,35.9,27.6,11.230762,-2.45549471970736,0.030310437395814075,0.024158282967506165,-0.00615215442830791,0.20125427431590512,0.1605992402597307,-0.040655034056174405,0.6516892220436415,0.5353136977388678,-0.11637552430477371,12.098405620331537,13.238912564135331,0,0,0,0,0,0,0,0,1,0,0,1
4018355,8df92672-823f-4ca9-910e-e50f4c822347,2,83,41,England Women's,Esme Beth Morgan,Alex Greenwood,37.2,28.2,43.2,17.1,12.617845,3.4951573898301262,0.03484659578871583,0.026347010213201176,-0.008499585575514654,0.19814291561043398,0.17166981700063347,-0.026473098609800516,0.6051410318093802,0.5705967807440321,-0.034544251065348086,11.926445028003014,11.729342623651007,0,0,0,0,0,0,0,0,1,0,0,1
4018355,b2811078-febc-4da9-a749-79a3205b4662,2,83,46,England Women's,Alex Greenwood,Esme Beth Morgan,43.2,17.8,35.9,24,9.577578,-5.664238646138841,0.0785246188113342,0.043514402560853385,-0.03501021625048081,0.28590550004186244,0.20751337246872023,-0.0783921275731422,0.7077623882672036,0.5515427359996714,-0.1562196522675322,7.9771859893367445,11.015624622847698,0,0,0,0,1,0,0,0,1,0,0,1
4018355,cccbf286-f56d-4908-a27e-3603f05d770d,2,83,50,England Women's,Esme Beth Morgan,Alex Greenwood,42.4,24.3,43.8,13.6,10.7912,-1.4713801284877377,0.0926706906593996,0.03855431033667242,-0.054116380322727184,0.35245378952991635,0.18583957090963746,-0.1666142186202789,0.847632753191292,0.5588335076832064,-0.28879924550808567,8.78348708296669,9.987251655479731,0,0,0,0,0,0,0,0,1,0,0,1
4018355,366d6cdf-a4c4-459b-b1a1-c700de20f0b1,2,83,53,England Women's,Alex Greenwood,Lucy Bronze,47.4,15.7,65.4,69.5,56.731297,14.499071637408093,0.12334382802991443,0.2981269071565571,0.17478307912664265,0.368190665241996,0.5789843758462687,0.2107937106042727,0.8378550515071302,1.039175187084186,0.20132013557705586,6.528340412555755,3.773347868246966,0,0,0,1,1,1,0,0,1,0,0,1
4018355,145ee8d5-308c-435d-a211-a9e1ad60921e,2,84,54,Sweden Women's,Jennifer Miley Falk,Lina Mona Andréa Hurtig,15.2,49.1,64.3,63.4,51.140003,44.778700284916056,0.05340283058093738,0.5215644285929707,0.46816159801203333,0.1890758074559529,0.9969465484574274,0.8078707410014745,0.45379732911848,1.808547063096126,1.354749733977646,8.834820406357993,2.3517593947240423,0,1,0,1,0,1,0,0,1,0,0,1
4018355,f3b9022c-57ad-44e4-862a-0a157a40cde9,2,85,35,England Women's,Alessia Russo,Lauren James,61.7,3.9,63.3,7.6,4.031129,3.267572356471419,0.7048625317085734,1.0446393672069245,0.33977683549835114,1.4459006328942292,1.9256591800736746,0.47975854717944544,2.4327248366019214,2.895664462138804,0.4629396255368827,2.9124851632753743,2.5223114532625868,1,1,1,1,2,4,0,0,0,0,0,0
4018355,91603335-9847-4491-b33c-e0eedb4dbcd0,2,85,48,England Women's,Alex Greenwood,Lucy Bronze,62.1,4.9,63.3,72.7,67.810616,2.254697407087747,0.034891977546810844,0.0003392414542569732,-0.03455273609255387,0.2158701394641407,0.013402123089738456,-0.20246801637440223,0.6805746687945005,0.12228422739917406,-0.5582904413953264,12.175898875358904,25.491371793801452,0,0,0,0,0,0,0,0,1,0,0,1
4018355,241a24d5-d275-4035-9f8a-d6945158e20d,2,85,58,England Women's,Esme Beth Morgan,Alex Greenwood,48,36.9,63.1,9.3,31.46061,7.413012354579607,0.03865191600829715,0.014927570581294297,-0.02372434542700285,0.2027611391604348,0.14315732240753032,-0.05960381675290449,0.6245249160218542,0.5722066753479047,-0.05231824067394952,10.52258302089758,15.617830122737617,0,0,0,0,0,0,0,0,1,0,0,1
4018355,f90c36b7-0ff9-4240-bdfa-010f52934a8d,2,86,1,England Women's,Alex Greenwood,Bethany Mead,69.3,12.8,105.8,42.5,47.056774,43.11707628866313,0.1482206220486855,1.2320338786502067,1.0838132566015213,0.5042856277841731,1.8287070726196775,1.3244214448355045,1.2022897816362883,2.566961074611532,1.3646712929752438,6.706116871022621,0.9110900400200197,0,1,0,2,1,3,0,0,0,0,0,0
4018355,19359057-50e3-4918-a727-876af69ce830,2,87,14,England Women's,Lauren James,Esme Beth Morgan,27.5,2.1,16,22.2,23.157288,-5.548980904433634,1.1683627797677465,0.13025383407131222,-1.0381089456964343,1.8103998497139846,0.41391090481775983,-1.3964889448962248,2.6238269393641724,0.9742564144258374,-1.649570524938335,0.5928751326802763,6.4678748941971325,1,0,1,0,3,1,1,0,1,0,1,1
4018355,c324c458-7dba-4ab6-97c6-299654dcf5c1,2,89,27,England Women's,Lucy Bronze,Esme Beth Morgan,89.9,18.1,69.7,28.6,22.765984,-14.351755517165955,0.6229085799532903,0.05645139576495197,-0.5664571841883383,0.8896617256181609,0.21007370719995672,-0.6795880184182042,1.467548244453406,0.49953220365937984,-0.9680160407940261,1.48281541009937,8.82201929270808,1,0,1,0,1,0,0,0,1,0,0,1
4018355,f7023f6e-a86b-46f4-853a-50db0362c237,2,89,41,England Women's,Lauren James,Chloe Kelly,100.7,71.3,90.1,69,10.846659,-4.881451020005699,0.6786539820275113,0.46984376720087456,-0.2088102148266367,1.0735765364748433,0.8123692880799557,-0.2612072483948876,1.5883145669535708,1.3549454367606233,-0.23336913019294747,2.434475437723904,2.5982315104381684,1,1,2,1,2,1,0,0,0,0,0,0
4018355,25b3cd6e-4b02-4540-bac6-90b3ebd2408f,2,90,23,Sweden Women's,Jonna Ann-Charlotte Andersson,Julia Zigiotti-Olme,55.2,3.2,56.6,20.5,17.356554,8.189269183061668,0.196235662961682,0.1064097639072678,-0.0898258990544142,0.4260415683581746,0.39286902528862,-0.03317254306955458,0.7381396938188585,0.8841648833162215,0.14602518949736298,5.012535819992242,8.771001766042046,0,0,0,0,1,0,0,0,0,0,0,0
4018355,70f457ed-2f6c-4f53-83ce-6573b84586a8,2,91,57,England Women's,Lauren James,Michelle Agyemang,27.5,70.4,93.4,66.2,66.03371,60.031087602228276,0.44618515676486575,0.05201243671658077,-0.39417272004828496,0.9210036679017094,0.20234245490084818,-0.7186612130008612,1.5751225353534433,0.5117615029856069,-1.0633610323678364,3.682248955137976,9.032235591583404,0,0,1,0,2,0,0,0,0,1,1,1
4018355,da77bf8f-e5b4-4747-bd81-370a7fb84a52,3,90,11,England Women's,Leah Williamson,Bethany Mead,15.3,64.2,22.1,69.7,8.745856,5.154450978717804,0.7537078260232493,1.064546582863773,0.31083875684052376,1.1178425308353641,1.7095552473591347,0.5917127165237706,1.6995349614829194,2.477882401495922,0.7783474400130026,1.1483601351584267,1.3080083823721886,1,1,1,2,1,3,1,0,0,0,0,0
4018355,d7780dc4-fc9a-4861-b341-71e3d01e59ea,3,90,39,England Women's,Esme Beth Morgan,Hannah Hampton,36.9,34.6,26.4,45.7,15.279398,-10.49813064432935,0.2004645659966315,0.010307605163451564,-0.19015696083317996,0.4262206541926915,0.08393749807147917,-0.34228315612121235,0.7935269835837707,0.306728594851166,-0.4867983887326047,4.885392297744652,14.507781805732451,0,0,1,0,1,0,0,0,1,0,0,1
4018355,6d477e83-6638-43bf-babe-4029627919a5,3,90,42,England Women's,Hannah Hampton,Esme Beth Morgan,27.1,45.5,37.3,31.5,17.321663,9.92699481104161,0.007432396908919038,0.016302351853584866,0.008869954944665828,0.07203721478691352,0.1017130116976319,0.02967579691071838,0.28571596084595324,0.34297172589880365,0.057255765052850405,16.110031789681116,12.476069998239858,0,0,0,0,0,0,0,0,1,0,0,1
4018355,7f19544b-ab8a-4ac6-8fb5-b09d5737dd97,3,90,47,England Women's,Esme Beth Morgan,Lauren James,55.4,23,64,26.7,9.362158,9.24169102504009,0.20286266931358857,0.3997259956697823,0.19686332635619372,0.5090254338235284,1.007107493158461,0.49808205933493255,1.0991437680888447,1.9571969708228643,0.8580532027340195,5.024046252190748,4.695019931087462,0,0,0,1,1,2,0,0,1,0,0,1
4018355,511e7bc2-79f2-4a1e-8f37-261a756b33d5,3,90,50,England Women's,Lauren James,Keira Walsh,60.2,26.6,56.9,29.6,4.4598207,-2.66835928285537,0.7066925059508172,0.42093326529951364,-0.2857592406513036,1.2603883114435666,0.9923543659508616,-0.268033945492705,2.1155559513317486,1.8611441269781643,-0.2544118243535842,2.028791429842236,4.818335344970607,1,0,1,1,2,2,0,0,1,0,0,1
4018355,20de6354-2675-43b0-b170-0494b3cfc965,3,90,51,England Women's,Keira Walsh,Lauren James,56.9,29.3,55.2,24.5,5.0921507,-2.6272158730968727,0.42093324441042246,0.4205446772671906,-0.00038856714323187713,0.9923543379526647,0.9314486001838184,-0.060905737768846335,1.8611440959570962,1.6898529357980006,-0.17129116015909562,4.818336359305528,4.799401100814721,0,0,1,1,2,2,0,0,1,0,0,1
4018355,2fefed34-890a-40c9-89cc-f4df4e1374b7,3,90,52,England Women's,Lauren James,Keira Walsh,55.2,24.5,62.8,26.4,7.8339005,7.833439547070313,0.7801287749743001,0.4737499006697993,-0.30637887430450084,1.2682648616823204,1.1184653318202764,-0.14979952986204403,1.9481423430060951,2.1115656029742977,0.16342325996820262,2.846190123117783,3.936345748291557,2,0,2,1,2,2,0,0,1,0,0,1
4018355,18e35205-2e8e-4174-9d74-28dda94229f1,3,91,51,Sweden Women's,Jennifer Miley Falk,Lina Mona Andréa Hurtig,25.7,32.3,72.1,21.8,47.573208,43.372749979102004,0.004311962478763404,0.9496973128395331,0.9453853503607696,0.041006794204279495,1.815869317491754,1.7748625232874744,0.16457922778744571,2.947598434406548,2.783019206619102,16.36898443418983,1.8893911910512062,0,1,0,2,0,3,1,0,1,0,0,1
4018355,ff0475e8-9e57-4c17-af7a-4cb2465a95ed,3,91,55,Sweden Women's,Lina Mona Andréa Hurtig,Emma Stina Blackstenius,72.1,21.8,80.1,18.4,8.692526,5.869629983047304,0.9496973128395331,1.237092505063554,0.2873951922240209,1.815869317491754,1.9871873668180908,0.17131804932633687,2.947598434406548,2.9987119889004594,0.05111355449391164,1.8893911910512062,0.8323486072878341,1,1,2,2,3,3,0,1,1,0,0,1
4018355,d620a750-f1d6-483b-8575-9032dbdc2ac5,3,91,57,Sweden Women's,Emma Stina Blackstenius,Jonna Ann-Charlotte Andersson,79.8,12.5,70,1.4,14.807093,-14.459970390113718,1.3560109150789703,0.04172146748262862,-1.3142894475963416,2.086363484115338,0.2462713951662769,-1.840092088949061,3.003395144551549,0.7661282400512567,-2.2372669045002924,1.451896504238379,10.954233201045849,2,0,2,0,4,0,0,0,0,0,0,0
4018355,35ed8a45-5353-4563-8ea8-f495682165b2,3,91,59,Sweden Women's,Jonna Ann-Charlotte Andersson,Madelen Fatimma Maria Janogy,75.6,1.6,91.6,5.6,16.492422,14.093439715748403,0.2604185683319806,0.9396437854990584,0.6792252171670777,0.5492922041911711,1.3274447646110534,0.7781525604198823,1.0507466978815925,2.0242445211609796,0.9734978232793872,4.192161906001164,0.5231871604420586,0,1,1,1,1,1,0,1,0,0,0,0
4018355,15a4425f-3d94-4f1a-ab49-fca3a0676157,3,92,1,England Women's,Lucy Bronze,Keira Walsh,29.8,73.7,31,68.4,5.434151,2.868412108422234,0.7551741914426183,0.6287437707028293,-0.12643042073978905,1.11026886827392,1.2474781480841681,0.13720927981024822,1.6930819969281612,2.0737213444417306,0.3806393475135694,1.1303633899363814,2.8616195033446177,1,1,1,1,1,2,0,0,0,0,0,0
4018355,a9f16d25-c74e-4de9-acec-244ec270db43,3,92,34,Sweden Women's,Julia Zigiotti-Olme,Lina Mona Andréa Hurtig,73.3,20.5,80.7,17.4,8.023091,5.272841752760243,1.1135050104586879,1.0039383870163654,-0.10956662344232249,1.964627495598302,2.044325400515579,0.07969790491727702,3.0783323591702954,3.3056526007359066,0.22732024156561126,1.5688270951634071,3.370699337513896,1,0,1,3,4,3,1,0,0,0,0,0
4018355,7e606567-3209-484e-99b8-93338a1707b3,3,93,58,England Women's,Esme Beth Morgan,Alex Greenwood,43.2,25.4,44.9,12.4,13.1106825,-1.8356180204750814,0.012634011787862928,0.010748937237214642,-0.0018850745506482861,0.10996395637624859,0.09612201506116522,-0.013841941315083373,0.42518777756052406,0.36826811971005796,-0.0569196578504661,13.998307982060153,15.282279152324765,0,0,0,0,0,0,0,0,1,0,0,1
4018355,dd17661a-5499-4056-946f-b2206969bf80,3,94,2,England Women's,Alex Greenwood,Chloe Kelly,51.7,8.2,68.2,5.4,16.73589,13.047238833366777,0.19141104694803096,0.7283774826980243,0.5369664357499933,0.44923264929829454,1.0208032895224013,0.5715706402241068,0.8928922988320026,1.5310077199545689,0.6381154211225663,5.133152296925524,1.1293419650379883,0,1,0,1,1,1,0,0,1,0,0,1
4018355,cbb7d975-b01c-43d3-9289-974849483dbb,3,94,6,England Women's,Chloe Kelly,Lauren James,68,14.1,70.3,24.5,10.651291,6.032189063910565,1.0352900733604904,0.4611617252506634,-0.5741283481098269,1.57450564982043,1.1836953131727475,-0.3908103366476825,2.329483258284741,2.250687010082713,-0.07879624820202791,0.760946854271782,5.001902540873019,1,0,1,0,3,3,0,0,1,0,0,1
4018355,28d2639a-da81-4ffa-9099-89a883d2fd62,3,94,30,England Women's,Alex Greenwood,Leah Williamson,58.3,18.8,43.3,36.1,22.897379,-11.558533664307404,0.14612503257290524,0.023826067362257487,-0.12229896521064776,0.4602940018756221,0.15033301292128148,-0.3099609889543406,0.9274133552619284,0.4736562881065318,-0.45375706715539654,7.537572052549131,12.31573268859522,0,0,0,0,1,0,0,0,1,0,0,1
4018355,d08b9792-67bd-4e93-bbe6-fc83bf040dac,3,94,34,England Women's,Leah Williamson,Esme Beth Morgan,45.4,40.1,44.2,25.6,14.54957,-2.5556197397427667,0.07597347504292609,0.014092070874926269,-0.06188140416799982,0.2958044025458496,0.11618473834077424,-0.17961966420507536,0.7560417047975796,0.4394029547670581,-0.3166387500305215,8.389918874214217,13.554325144245915,0,0,0,0,0,0,0,0,1,0,0,1
4018355,985613d2-c7f5-4f73-8743-d449dc799cdb,3,94,36,England Women's,Esme Beth Morgan,Alex Greenwood,44.3,22.5,50.4,11.5,12.5781555,2.487352174923359,0.010430557795363064,0.011013053946955589,0.000582496151592525,0.10425344789627551,0.10358485481783387,-0.0006685930784416372,0.4220663210591469,0.4131161271006874,-0.008950193958459474,15.101366700819032,14.454824374080856,0,0,0,0,0,0,0,0,1,0,0,1
4018355,42163137-dd64-48a0-bd62-9aed477b3674,3,95,0,Sweden Women's,Jennifer Miley Falk,Emma Stina Blackstenius,15.8,29.1,84.8,5.6,72.892044,55.55067151376751,0.013606540744383246,0.6186347817911895,0.6050282410468062,0.0769584547942464,1.2301319635732555,1.1531735087790091,0.216496165075661,2.026632659588681,1.8101364945130203,12.893674170427863,3.2716887746730263,0,0,0,2,0,2,0,0,1,0,1,1
4018355,f90a3525-d65a-4e24-ab71-a15cbec2614d,3,95,10,Sweden Women's,Julia Zigiotti-Olme,Ingrid Filippa Angeldal,74.1,20.9,79,31.2,11.406138,7.781632686760354,0.7623404425928975,0.35120911394661497,-0.4111313286462825,1.3988442225877713,1.1367338001580847,-0.26211042242968663,2.3947164751156556,2.385414833844787,-0.009301641270868632,2.2273112380569318,6.546373091387566,1,0,2,0,2,2,1,0,0,1,1,1
4018355,4fdb1499-290b-4bc7-aae0-f4f5b41c91b9,3,98,17,Sweden Women's,Johanna Rytting-Kaneryd,Ingrid Filippa Angeldal,57.8,11.5,53.6,17.6,7.406079,-1.6580379419604299,0.8827902682988745,0.4714538301500085,-0.411336438148866,1.2924599659384097,1.0944780642675258,-0.19798190167088392,2.0830696490192744,2.1116443829224054,0.028574733903131033,0.6609686054030864,3.4977144613922,1,0,1,1,1,2,1,0,1,0,0,1
4018355,a46d63eb-db2f-4d64-849a-04cff787dee0,3,98,18,Sweden Women's,Ingrid Filippa Angeldal,Lina Mona Andréa Hurtig,53.6,17.6,65.3,22,12.5,12.491027946886824,0.4714538301500085,0.3451950712362773,-0.12625875891373123,1.0944780642675258,1.0310202510366644,-0.06345781323086142,2.1116443829224054,2.1028383371995374,-0.008806045722868028,3.4977144613922,5.576994516636223,0,0,1,0,2,2,0,0,1,0,0,1
4018355,e30248a9-3e1d-4ccb-98a7-a3ea0c00d901,3,98,22,Sweden Women's,Lina Mona Andréa Hurtig,Emma Stina Blackstenius,84.6,39.7,100.4,54.7,21.786234,10.901271163617853,1.312695408333231,0.4941223595813304,-0.8185730487519005,2.1907895625240306,1.0779629999833804,-1.1128265625406502,3.196086904369928,1.959269040316325,-1.236817864053603,1.1995519615598353,3.146858034426295,1,0,3,1,5,1,1,0,1,0,0,1
4018355,bd930fea-f346-4c8e-ab17-5f77d3853f73,3,98,58,Sweden Women's,Jonna Ann-Charlotte Andersson,Emma Stina Blackstenius,16,3.3,48.1,7.3,32.348263,31.298785410492485,0.6857640915527713,0.6535185279580861,-0.03224556359468522,0.8650137866732224,0.9794735701451174,0.114459783471895,1.1164023911197682,1.4307543349181469,0.3143519437983786,1.1720253271396646,1.5824125265668068,1,1,1,1,1,1,0,1,0,0,0,0
4018355,c711d331-aac1-42ca-8d9b-a5c5070f1389,3,99,0,Sweden Women's,Emma Stina Blackstenius,Ingrid Filippa Angeldal,46.3,7.5,38,12.1,9.489468,-6.0687035889544205,0.6535183768137723,0.3655442404471458,-0.28797413636662655,0.979473466113611,0.8040260210557997,-0.1754474450578113,1.4307542739137298,1.5029543734843993,0.07220009957066953,1.5824133105294682,3.6081198977459357,1,0,1,1,1,1,1,0,0,0,0,0
4018355,f646bf98-0d76-41e0-90bf-c3fab8e0750e,3,99,9,England Women's,Lauren James,Bethany Mead,77.1,45.3,84,74.1,29.61503,-6.360239768468581,0.9738470730366189,0.028742487224258352,-0.9451045858123606,1.603743400761776,0.2226712221306672,-1.3810721786311086,2.5577615821697517,0.7913685770196999,-1.7663930051500518,1.9713000007863222,13.282487189940376,2,0,2,0,2,0,0,0,0,0,0,0
4018355,5aaef676-d013-455c-a7d1-4dbbe67f8c76,3,99,55,England Women's,Alessia Russo,Lucy Bronze,112.9,32.1,110,26.2,6.574192,-6.420624363597179,2.276392598070049,0.42560482815826084,-1.850787769911788,3.840228419274807,1.1476166480467749,-2.692611771228032,5.4638805390911696,2.3819482993522048,-3.081932239738965,0.8626144567253602,3.894560391606051,2,0,3,1,9,2,1,0,0,1,1,1
4018355,44c9eef9-1b24-4557-9458-01b71c8866f0,3,102,56,England Women's,Chloe Kelly,Lauren James,69.6,49.4,69.3,56.2,6.8066144,-1.9561819463475345,0.7108532259576473,1.1942701999219996,0.48341697396435224,1.368186306146734,2.088701423700311,0.7205151175535771,2.369040090187259,3.1838317543764307,0.8147916641891717,1.8530496208345575,1.8688799994501817,1,1,1,2,2,4,0,1,1,0,0,1
4018355,4d4cd3bb-6880-4b7a-8af4-283cdf8fc48b,3,103,0,England Women's,Keira Walsh,Chloe Kelly,65.9,56,74.3,43.2,15.310127,10.604500307436574,0.6940606957788397,0.4098487820308588,-0.2842119137479809,1.4495835328124247,1.1039133472141338,-0.3456701855982909,2.551293236202909,2.1905792928018406,-0.36071394340106844,2.4035722587793837,4.738007338530245,1,0,1,1,2,3,0,0,0,0,0,0
4018355,a87e0d70-fa87-4ccd-b521-ab3051fcec4f,3,103,14,Sweden Women's,Julia Zigiotti-Olme,Lina Mona Andréa Hurtig,55.7,34.4,63.9,35.2,8.238932,8.238423116622933,0.8617665032090481,1.6293827629360733,0.7676162597270252,1.637292202979037,2.510316363422192,0.8730241604431548,2.781808451281566,3.6734118188384444,0.8916033675568782,1.5706705533510026,0.4250413336892517,1,2,1,3,2,4,1,0,0,0,0,0
4018355,16725e20-8f1b-4167-9637-ca66ce0534d3,3,103,15,Sweden Women's,Lina Mona Andréa Hurtig,Emma Stina Blackstenius,63.4,35.4,70.9,34.8,7.5239615,7.412029536072076,1.6293826034479677,1.4988917034450608,-0.13049090000290686,2.510316259076742,2.5599084958068192,0.0495922367300774,3.6734117452194908,3.842745357723468,0.16933361250397727,0.425041860304082,0.6812520743162377,2,1,3,2,4,6,1,1,0,0,0,0
4018355,2c0ca50a-69d4-4529-8eb5-39eb6817f33a,3,104,8,Sweden Women's,Lina Mona Andréa Hurtig,Emma Stina Blackstenius,116,55.5,108.9,38.4,18.5154,4.793088127109762,1.1247127524561145,2.0144236536415088,0.8897109011853943,2.0987938718881645,3.624999085797619,1.5262052139094546,3.4793653079303453,5.32138708176085,1.842021773830505,1.1695863827712059,1.1619761175962555,1,1,1,3,3,9,0,1,0,1,1,1
4018355,c66eb7f7-b5b5-44b8-b81b-aae524a50959,3,104,22,Sweden Women's,Smilla Holmberg,Magdalena Lilly Eriksson,52.9,35,58.9,22,14.3178215,3.589799012115101,0.012381356008617303,0.029176432268663947,0.016795076260046643,0.09615431204510116,0.19199050962129563,0.09583619757619447,0.38088796511976897,0.661048229450178,0.2801602643304091,13.466310279242597,11.520382578691924,0,0,0,0,0,0,0,0,1,0,0,1
4018355,e591070d-3e72-4650-b796-e7f634d7c2b8,3,104,26,Sweden Women's,Magdalena Lilly Eriksson,Madelen Fatimma Maria Janogy,59.1,22.2,95.5,23.9,36.439674,34.13146198516637,0.12608283537387519,1.0287816425362653,0.90269880716239,0.3603554295479107,1.5455386434713805,1.1851832139234697,0.8090966376000653,2.3030112157763734,1.493914578176308,6.3613923997573725,0.7577799182192203,0,1,0,1,1,2,0,0,1,0,0,1
4018355,3f55e864-f479-4833-9a6f-e6e56faa3985,3,104,32,Sweden Women's,Emma Stina Blackstenius,Smilla Holmberg,97.2,23.9,88.6,65.4,42.381718,-12.475659484357926,0.8854313659590634,0.022757392012358286,-0.8626739739467051,1.6282540221648538,0.16484830244823084,-1.463405719716623,2.62183055565988,0.6240551516311396,-1.9977754040287405,1.7904250918592897,12.093383035465608,1,0,1,0,2,0,0,0,1,0,0,1
4018355,b1c074ee-19d8-42d6-9af5-d2834b447c87,3,104,38,Sweden Women's,Smilla Holmberg,Madelen Fatimma Maria Janogy,96.8,64.4,103.3,1.6,63.13549,-8.205239592148608,0.46281741244548846,0.026824876505572175,-0.43599253593991627,0.8302620173623766,0.1233308530119229,-0.7069311643504537,1.4848155350091397,0.3638282818621234,-1.1209872531470162,2.5957248400352912,10.872817593381667,1,0,1,0,1,0,1,0,1,0,0,1
4018355,a624b543-7adf-4f98-9651-7705430159d2,3,106,45,Sweden Women's,Gun Nathalie Björn,Johanna Rytting-Kaneryd,73.7,46.6,96.2,68.6,31.468239,9.560518525493762,0.36467557601460765,0.029374078857716913,-0.3353014971568907,0.6999946582456225,0.1893391591452854,-0.510655499100337,1.2562913410680927,0.6496108389861114,-0.6066805020819813,3.296318847973273,11.377795514008978,0,0,1,0,1,0,0,0,1,0,0,1
4018355,2e54fd80-204a-4a0f-8e3e-92302e83933c,3,106,55,Sweden Women's,Jonna Ann-Charlotte Andersson,Julia Zigiotti-Olme,92.4,6.5,85.9,14,9.924717,0.523836095612694,0.12571153112502131,0.07792033756705255,-0.047791193557968764,0.3752416672448785,0.34298443116392463,-0.03225723608095388,0.8896220976589466,0.9436177810590849,0.05399568340013827,6.4602952524171355,8.700936252523205,0,0,0,0,1,0,0,0,0,0,0,0
4018355,099f2090-e232-4fd6-a682-1c45619d1479,3,107,14,Sweden Women's,Magdalena Lilly Eriksson,Gun Nathalie Björn,71.4,16.1,65.9,37.2,21.805046,-0.013661812779247384,0.03112158064548754,0.0029142413023746216,-0.028207339343112918,0.15016311711776767,0.04341941058606212,-0.10674370653170555,0.4642170086054867,0.2368056347203385,-0.2274113738851482,10.513503548607616,18.084202533021294,0,0,0,0,0,0,0,0,1,0,0,1
4018355,8635fb22-81a7-47ae-8fb4-36df11a1e27e,3,107,51,Sweden Women's,Madelen Fatimma Maria Janogy,Jonna Ann-Charlotte Andersson,110.6,8.5,101.4,1.8,11.3811245,-9.615012268428892,1.3274113654909308,0.42135267594870307,-0.9060586895422277,1.978018883155936,0.8613092417158273,-1.1167096414401088,2.800989625631553,1.5247483580228316,-1.2762412676087216,1.3169943011747887,3.3902802828393184,2,0,3,1,3,2,1,1,0,0,0,0
4018355,ece41be7-7126-4b6e-b2c4-e76015420c24,4,105,45,Sweden Women's,Madelen Fatimma Maria Janogy,Emma Stina Blackstenius,89.2,13,94.6,20.3,9.080198,8.814797573246985,1.88504401229344,1.3859485142499204,-0.4990954980435196,2.660608126232708,2.175905097867998,-0.48470302836471024,3.63001769288462,3.2002138643874365,-0.42980382849718346,0.45671528019043933,0.4416463965302733,2,1,2,2,4,4,1,0,1,0,0,1
4018355,e36b5bab-97ba-4811-9eca-7b815c6ec80b,4,105,59,Sweden Women's,Jennifer Miley Falk,Gun Nathalie Björn,21.8,31.1,30.6,48.8,19.766891,8.770419211161695,0.004090851578430962,0.016854771982907645,0.012763920404476683,0.0408545672747495,0.1062743442162318,0.0654197769414823,0.17355136956629066,0.3503905347879958,0.17683916522170515,16.55126943509455,12.45592438392333,0,0,0,0,0,0,0,0,1,0,0,1
4018355,87cbd37e-643e-423a-a65e-ea9369109fc2,4,106,5,Sweden Women's,Gun Nathalie Björn,Smilla Holmberg,41.5,52.6,56.4,76.7,28.334078,6.075562112472227,0.7235432765726397,0.07445062953151846,-0.6490926470411212,0.9970354037078923,0.2748891241814007,-0.7221462795264917,1.4312958357519219,0.736327766633606,-0.6949680691183159,1.1563174013201694,7.99147494462684,1,0,1,0,1,1,1,0,1,0,0,1
4018355,322f6a9d-b3e1-40ff-ae74-7149c160cbee,4,106,10,Sweden Women's,Ingrid Filippa Angeldal,Eva Sofia Jakobsson,79.5,74.8,87.1,78,8.246211,3.134065678380331,0.9414393370235801,0.3442009839035347,-0.5972383531200454,1.2435688771288496,0.7148912725362717,-0.5286776045925778,1.8023771837090463,1.2402126437181062,-0.5621645399909401,0.5026609407961704,4.141240232646346,1,0,1,1,2,2,1,0,0,0,0,0
4018355,dc7c68a9-8e06-4fc5-ad74-3bf7d242e2f5,4,106,24,Sweden Women's,Ingrid Filippa Angeldal,Smilla Holmberg,107.9,72.8,107.9,78.8,6,-5.68226535672035,0.8894950869113678,0.20209322825868944,-0.6874018586526783,1.4323585392180758,0.5608899074372741,-0.8714686317808017,2.1783489231698487,1.1580698646312277,-1.020279058538621,1.1572363475078231,5.620798183700947,1,0,1,0,3,1,1,0,0,0,0,0
4018355,f148112a-4cd1-4b12-8150-f86c9386f128,4,106,47,England Women's,Michelle Agyemang,Alessia Russo,45.2,2,43.2,6.3,4.7423625,0.03045881678310991,0.8142308635024174,1.1591079673183926,0.34487710381597525,1.5324755689149059,2.1202652542658758,0.5877896853509699,2.4458457559696742,3.2305025404349355,0.7846567844652612,2.77992627538322,1.5850559227757088,1,1,2,1,3,5,1,1,1,0,0,1
4018355,8b6b1c36-4f36-4902-b82f-8173a586e282,4,107,34,England Women's,Chloe Kelly,Lucy Bronze,73.2,3.4,67.5,35.5,32.602146,6.719615764890442,0.33702806832401855,0.652042619087502,0.3150145507634835,0.7876715317395641,1.0457072115123132,0.2580356797727491,1.5645240320429081,1.8042294207242922,0.23970538868138402,3.982489977040243,1.5153951625156814,0,1,1,1,1,1,0,1,1,0,0,1
4018355,c0c3af7a-4530-4515-a53b-0de9dae562d2,4,107,37,England Women's,Lucy Bronze,Niamh Charles,73,32,76.3,3.1,29.0878,-9.519289761258442,0.9520536285983874,0.35183741407301206,-0.6002162145253753,1.8044025075124053,0.688505553248381,-1.1158969542640242,2.955175850354799,1.274728639171403,-1.6804472111833961,2.5500672992683624,3.365272822608628,1,0,3,1,3,1,1,0,1,0,0,1
4018355,564d2c73-1c90-4ab8-984c-5f9897d2e624,4,107,39,England Women's,Niamh Charles,Alex Greenwood,76.3,3.1,61.3,9.7,16.3878,-8.863633574853772,0.35183741407301206,0.005847131183093281,-0.3459902828899188,0.688505553248381,0.08973978584141266,-0.5987657674069684,1.274728639171403,0.4536960176818202,-0.8210326214895828,3.365272822608628,18.40246356965997,0,0,1,0,1,0,0,0,1,0,0,1
4018355,6140d8e0-667d-4714-aedf-911cfaad4730,4,107,43,England Women's,Alex Greenwood,Lauren James,64.5,14.8,85.9,72.1,61.16576,14.121351967435444,0.06900935474274834,0.051719487178801725,-0.01728986756394662,0.295025302515557,0.19280354536977365,-0.10222175714578333,0.8479033235746634,0.4951577107395965,-0.35274561283506684,8.430038356048648,8.952177954436701,0,0,0,0,0,0,0,0,0,0,0,0
4018355,6968ef3e-eb75-4076-b5c5-051c6ad961b0,4,107,47,England Women's,Lauren James,Bethany Mead,86.3,72.9,87.1,57.2,15.720369,9.971919452844169,0.29195516709013747,0.6614523699783237,0.3694972028881862,0.5148120604494296,1.136104566383385,0.6212925059339555,0.8381764626988268,1.8255260167551663,0.9873495540563395,3.7204271676998286,2.040357786724072,0,1,1,1,1,2,0,0,0,0,0,0
4018355,abf441f2-de5b-40d2-8d92-81a494ec0039,4,108,22,Sweden Women's,Gun Nathalie Björn,Ingrid Filippa Angeldal,61.2,26.8,72.8,33.9,13.600368,12.670880309095075,0.5875382737203838,0.6361863930443686,0.04864811932398483,1.0702284997960945,1.384267480402191,0.3140389806060966,1.8499945472953354,2.4043183476639256,0.5543238003685902,2.1298718707343705,3.7436846523081915,1,0,1,2,1,2,1,0,1,0,0,1
4018355,cce111bf-05e7-4c02-baeb-335e7ea37081,4,108,27,England Women's,Niamh Charles,Hannah Hampton,22.3,33.8,3.4,37.5,19.258764,-18.73027094286421,0.14526218907333122,0.06529953757996532,-0.0799626514933659,0.4118993880623916,0.21652789497515432,-0.1953714930872373,0.849778688572282,0.4982163870957332,-0.3515623014765488,6.123759596850238,8.237361079770102,0,0,0,0,1,0,0,0,0,0,0,0
4018355,4f32e31b-8fe5-4a75-af32-607521db4f35,4,108,47,Sweden Women's,Gun Nathalie Björn,Magdalena Lilly Eriksson,49,72,48.1,47.2,24.816326,5.618508451602139,0.06044620614772961,0.012649156253150586,-0.04779704989457902,0.19750663166654872,0.0920808049118097,-0.10542582675473902,0.4498070938788965,0.33536471391903844,-0.11444237995985806,8.434601287707638,13.331812488488112,0,0,0,0,0,0,0,0,1,0,0,1
4018355,68df3c1b-0466-4728-a72e-a645054f7bf3,4,108,57,England Women's,Esme Beth Morgan,Alessia Russo,47.8,48.6,62.3,42.8,15.616978,14.942486743266493,0.20800307070696844,0.38757739714117584,0.1795743264342074,0.6942970844812197,0.9760426607813231,0.28174557630010333,1.6052252368258324,1.9080181813062358,0.3027929444804034,5.705163105629277,4.436834941034681,0,0,0,1,1,2,0,0,0,0,0,0
4018355,e47d57e5-c190-4e49-9eb9-4731f1f7447e,4,110,26,Sweden Women's,Amanda Nildén,Ingrid Filippa Angeldal,98.2,30.6,105.1,12.5,19.370596,-7.53688704643892,0.38750125022431176,0.02687211433744452,-0.36062913588686724,1.1192898789697254,0.16582786451445464,-0.9534620144552708,2.3545777976363023,0.6028127640477872,-1.751765033588515,5.158260898605446,11.272491908090641,0,0,0,0,2,0,0,0,1,0,0,1
4018355,395030d3-a01d-48c4-a2eb-c1fd5a8795e2,4,110,36,Sweden Women's,Eva Sofia Jakobsson,Amanda Nildén,109.3,25.1,99.2,18.1,12.288612,-11.859540293233763,1.0467114693489865,0.22937258746934924,-0.8173388818796372,2.1111156287198125,0.7228880905896581,-1.3882275381301543,3.5095428744224644,1.6442028426490045,-1.8653400317734599,2.3537434490204143,5.541030362591543,1,0,3,0,4,1,1,0,0,1,1,1
4018355,27e8c765-f446-4288-b941-47e7b9ccb979,4,110,37,Sweden Women's,Amanda Nildén,Gun Nathalie Björn,99.3,17.7,109.8,42.7,27.115494,19.875329833346143,0.22937243477158986,2.6170655455376357,2.3876931107660457,0.7228877094805157,3.6059123336098073,2.8830246241292916,1.64420222942773,4.7379849587882426,3.0937827293605125,5.541031334913195,0.7042980019108303,0,3,0,4,1,5,0,0,0,1,1,1
4018355,328f772e-5087-40be-80d0-6bbeac9a9a53,4,111,23,Sweden Women's,Madelen Fatimma Maria Janogy,Emma Stina Blackstenius,64.8,3.4,90.4,9.2,26.24881,23.51373464731722,0.5855064203551356,0.5266448464090832,-0.0588615739460524,0.8695722697771958,0.9903945691660555,0.12082229938885969,1.3183466275114346,1.614399822237971,0.29605319472653635,1.7662036731979178,3.7147229810198783,1,0,1,2,1,2,0,0,1,0,0,1
4018355,0317cbdb-a3ab-4923-babe-85f15482b1e0,4,111,27,Sweden Women's,Emma Stina Blackstenius,Amanda Nildén,89.8,3.5,69.6,4.9,20.248457,-14.04405612314293,1.1554907456110708,0.013347367782693976,-1.1421433778283767,1.581264613214907,0.11055360135881898,-1.4707110118560882,2.190059299513347,0.43190024552286993,-1.7581590539904772,0.26568294792839164,13.579623985629107,1,0,1,0,2,0,1,0,1,0,0,1
4018355,8579a9ad-604c-49ce-a739-f0920168d777,4,111,30,Sweden Women's,Amanda Nildén,Magdalena Lilly Eriksson,70.3,5.2,56,27.3,26.322994,-4.575595257254868,0.07316516605354438,0.01740776491928351,-0.05575740113426087,0.2968625181633216,0.10832983733318946,-0.18853268083013214,0.7851211505890544,0.3749585331763845,-0.4101626174126699,8.662930673786425,12.301681267708506,0,0,0,0,0,0,0,0,1,0,0,1
4018355,3df05385-79d2-4b00-8a11-0ff95b50c3fb,4,111,33,Sweden Women's,Magdalena Lilly Eriksson,Gun Nathalie Björn,55.6,27.3,56.8,45.4,18.139736,2.2100310561079084,0.0429262724284654,0.013821010797014014,-0.029105261631451385,0.1815732518877482,0.11348040695258145,-0.06809284493516675,0.5172868632534959,0.40624656523067937,-0.11104029802281656,9.549758494015677,14.951374996017622,0,0,0,0,0,0,0,0,0,0,0,0
4018355,09287c1a-3f7b-4e89-906d-f7e2c739af9e,4,111,59,England Women's,Hannah Hampton,Chloe Kelly,26.1,27.8,82.6,3.9,61.347046,42.70875142768763,0.0024046782977385907,0.7501623558043373,0.7477576775065987,0.026830835111803758,1.2866018277380542,1.2597709926262504,0.1042068742015671,2.054710502634773,1.9505036284332058,18.09101744491699,1.6532755884002752,0,1,0,1,0,2,0,0,0,0,0,0
4018355,a8471da3-378c-4cff-b334-71ce3b46de65,4,112,17,Sweden Women's,Jennifer Miley Falk,Magdalena Lilly Eriksson,6.9,48.4,16.7,32,19.104973,9.802193099537746,0.004272843752285333,0.008396658685508152,0.004123814933222818,0.039993077574337774,0.06352175497055543,0.023528677396217654,0.16084936175645378,0.22519446965864956,0.06434510790219578,16.381936344970704,14.408835493968866,0,0,0,0,0,0,0,0,1,0,0,1
4018355,8bf722a2-da1e-44d8-8a22-a9c1800c766d,4,112,21,Sweden Women's,Magdalena Lilly Eriksson,Jennifer Miley Falk,21.8,29.6,8.7,46,20.98976,-12.712430528302349,0.1515047410265498,0.002044074864209971,-0.14946066616233983,0.3351363949187759,0.029119195550279035,-0.30601719936849686,0.5950458386350198,0.14597571287850475,-0.44907012575651506,5.669076471635346,18.825898792107683,0,0,0,0,1,0,0,0,1,0,0,1
4018355,95c83961-86ce-4f32-bc2e-363ec9b929a0,4,112,23,Sweden Women's,Jennifer Miley Falk,Gun Nathalie Björn,9.1,46.3,20.9,61.4,19.163769,9.694531861045888,0.0020407958095430413,0.005569411882560509,0.0035286160730174676,0.03006542752583089,0.06336781475964036,0.03330238723380947,0.15360896715143704,0.26100728850668875,0.10739832135525171,18.90278091716848,17.300240710170357,0,0,0,0,0,0,0,0,1,0,0,1
4018355,031ad1e5-168c-4925-800f-e8490a871d4b,4,114,43,Sweden Women's,Ingrid Filippa Angeldal,Eva Sofia Jakobsson,62.8,46.8,100,72.9,45.44282,19.10069984479528,0.43587164104428133,0.2217626658483929,-0.21410897519588842,1.059249598263267,0.4320858671710004,-0.6271637310922666,1.9316086005856417,0.7647556834179308,-1.166852917167711,4.602431974562834,4.534088657931452,0,0,1,1,2,1,0,0,0,0,0,0
4018355,bed4ae84-ee41-4183-bb59-2d7ea40e2991,4,122,45,England Women's,Esme Beth Morgan,Alex Greenwood,118.2,75.3,112.9,77.2,5.6302752,-2.5256306785600415,0.571049660186799,0.10608311993511245,-0.4649665402516866,0.8346995772442242,0.4098017258792651,-0.42489785136495906,1.368978143104997,1.0782109576670402,-0.29076718543795677,1.742403175943664,7.484938490593317,1,0,1,0,1,1,0,0,1,1,1,1
4018354,58824597-a8de-4f79-8361-dfadac8a6575,1,0,3,Italy Women's,Elena Linari,Manuela Giugliano,41.5,41.3,59.3,41.7,17.804493,17.786962658227168,0.08344208911709981,0.08272713776316017,-0.0007149513539396468,0.263618161293566,0.39715483944110974,0.13353667814754372,0.6169604321259026,1.0685204606527177,0.4515600285268151,7.548917203031098,9.130983877473176,0,0,0,0,1,0,0,0,1,0,0,1
4018354,8aba761a-d7aa-4191-ab51-d1b95f681bd8,1,0,6,Italy Women's,Manuela Giugliano,Sofia Cantore,61.4,48,78.3,64.1,23.34138,10.980290162192482,0.2085364744879771,0.36802077109418907,0.15948429660621197,0.6488202589148976,0.8408931753556881,0.1920729164407905,1.3788095558183515,1.586952595939212,0.20814304012086038,6.58676723302943,3.724906816925116,0,0,0,1,1,1,0,0,0,0,0,0
4018354,93af8b3b-5db4-4433-84ca-c27fa571b9a4,1,0,22,Italy Women's,Cecilia Salvai,Arianna Caruso,36.7,56.6,49,57,12.306502,11.93106951144766,0.9162524650587732,0.8989188968303548,-0.017333568228418472,1.471360525314017,1.3209574609624344,-0.15040306435158257,2.10424167141719,1.9738217034124101,-0.13041996800477973,1.8665073359379458,0.7210912953677828,1,1,2,1,3,1,0,0,1,0,0,1
4018354,389acbc8-d852-452b-b2b9-c1daa53d52a5,1,0,23,Italy Women's,Arianna Caruso,Cristiana Girelli,49,57,58.6,60.7,10.288342,8.211401622837897,0.8989188968303548,0.9677910297592963,0.06887213292894157,1.3209574609624344,1.5720361154262177,0.2510786544637833,1.9738217034124101,2.3959358605137004,0.4221141571012903,0.7210912953677828,1.1260392519402465,1,1,1,1,1,3,1,1,0,0,0,0
4018354,d4e47c9e-097f-43af-bcbf-55ec34aea481,1,0,25,Italy Women's,Cristiana Girelli,Elisabetta Oliviero,56.4,64.7,53,77.6,13.34054,-8.601494614257263,1.03753846727869,0.62778691736423,-0.40975154991446006,1.8791562358733094,0.9481929122230058,-0.9309633236503035,2.975181374029574,1.5866135842634084,-1.3885677897661657,1.5029299116224366,1.5118216431113964,1,1,2,1,3,1,1,1,0,0,0,0
4018354,b33446fe-6917-44dd-8cfc-3826845d6b6d,1,0,27,Italy Women's,Elisabetta Oliviero,Sofia Cantore,53,77.9,62.7,79.8,9.884331,7.210432195059198,0.6277874158011506,0.14402342755945427,-0.4837639882416963,0.9481933598484167,0.530934253646657,-0.41725910620175966,1.5866140533879853,1.276064893584934,-0.3105491598030514,1.511819251299842,7.749076703017329,1,0,1,0,1,1,1,0,0,0,0,0
4018354,45b72f01-4ef7-423b-834b-592d21219081,1,1,43,Norway Women's,Frida Maanum,Ingrid Syrstad Engen,35,75.4,25.2,71.1,10.701869,-7.694063404798129,0.5191877718076844,0.11949182379782945,-0.3996959480098549,0.8367056361485394,0.40869028365016136,-0.4280153524983781,1.2912450942731604,0.9101271718585398,-0.3811179224146206,2.232238620311679,8.054956186006594,1,0,1,0,1,0,1,0,1,0,0,1
4018354,65a26fcc-b757-4293-814d-64a58c6de308,1,1,45,Norway Women's,Ingrid Syrstad Engen,Lisa Fjeldstad Naalsund,27,71.6,32.9,68.3,6.7601776,6.6397899524049535,0.21383142175650202,0.4399824097440266,0.22615098798752456,0.5535304203770284,0.9368067277823711,0.3832763074053427,1.037663283178036,1.5435004409256399,0.505837157747604,5.8843398939603695,3.8411942250360895,0,0,0,1,2,2,0,0,1,0,0,1
4018354,2ec89da7-571b-47b3-88f3-efaac24b1ce3,1,1,46,Norway Women's,Lisa Fjeldstad Naalsund,Frida Maanum,32.9,68.3,39.4,76.7,10.621205,3.020078423959987,0.4399824097440266,0.13109109063479304,-0.3088913191092335,0.9368067277823711,0.4056623302430676,-0.5311443975393035,1.5435004409256399,0.877481178961919,-0.6660192619637209,3.8411942250360895,6.551314887808434,0,0,1,0,2,1,0,0,1,0,0,1
4018354,94dbeae4-4fa5-411c-a2d5-f52954f2b0d4,1,1,48,Norway Women's,Frida Maanum,Ada Stolsmo Hegerberg,43.6,76,54.6,56.4,22.475765,17.031931680803595,0.41799492851521003,0.3431068018041646,-0.07488812671104544,0.7680451299586458,1.0140339856125447,0.24598885565389883,1.2652733700197494,2.023277382466518,0.7580040124467684,2.9451362855921395,6.234175304185846,1,0,1,0,1,3,1,0,1,0,0,1
4018354,4572d3c6-1b94-4f86-83d2-3e6a52244b3b,1,1,54,Norway Women's,Tuva Hansen,Signe Gaupset,43.6,16.1,63.9,1.8,24.83103,12.180213008839885,0.010121227170785561,0.018294543731706595,0.008173316560921033,0.09144091674160533,0.12444571725905039,0.03300480051744506,0.39312444610006536,0.42784790005242723,0.03472345395236187,14.220697486148536,12.910590232886403,0,0,0,0,0,0,0,0,1,0,0,1
4018354,1c1f4045-9c1e-4cdd-ab07-208fae56d16f,1,2,2,Norway Women's,Tuva Hansen,Ingrid Syrstad Engen,43.5,22.9,52.8,29.4,11.346365,10.357006373020866,0.010906928438417982,0.14777053313205873,0.13686360469364076,0.10126135007285665,0.525569362375483,0.4243080123026264,0.3772175863365803,1.0988850616969406,0.7216674753603602,15.298002954050073,8.632264816186463,0,0,0,0,0,0,0,0,1,0,0,1
4018354,32cbb4b0-1e55-4f3b-afd2-84003790cf53,1,2,5,Norway Women's,Ingrid Syrstad Engen,Lisa Fjeldstad Naalsund,52.6,29.2,56,44.6,15.770859,4.09469828355715,0.3336759050124111,0.5721815194938865,0.2385056144814754,0.797351765880462,1.0264585304029357,0.2291067645224737,1.4602192462574073,1.5684671545776792,0.10824790832027187,4.118953068008037,3.3047029602459417,0,0,1,2,1,2,0,0,1,0,0,1
4018354,1e790b22-a70f-4936-921b-965e728c6c52,1,2,48,Norway Women's,Caroline Graham Hansen,Guro Reiten,114.5,75.2,106.3,67.5,11.248555,4.90348987041714,0.254996935507957,0.37496654047982225,0.11996960497186526,0.4529533489153706,0.7756229489633005,0.32266960004792994,0.7429078939220576,1.4577390765598541,0.7148311826377965,4.101948996026391,3.6949623635692705,0,0,1,1,1,2,0,0,1,0,0,1
4018354,d379ac1e-5a48-4a1e-b1a0-4522381d2da2,1,3,34,Italy Women's,Lucia Di Guglielmo,Emma Severini,41.7,9.2,45.1,20.3,11.609048,6.692541446406963,0.6945199225897645,0.30967338567489683,-0.38484653691486764,1.196924115934105,0.8397351218763659,-0.3571889940577392,1.7660389370826486,1.5989336847397189,-0.16710525234292972,2.289587715380474,5.672479453082451,1,0,1,0,3,2,0,0,1,0,0,1
4018354,882e2450-2ae1-4734-826c-8e8c1a4db7a3,1,3,38,Italy Women's,Emma Severini,Cecilia Salvai,46.2,29.8,41.5,44.4,15.337862,-4.1216717928809885,0.45098974270722886,0.05329928704303021,-0.39769045566419864,0.9914529441421365,0.2855731553837937,-0.7058797887583428,1.7963347847803954,0.8389850793126241,-0.9573497054677713,4.324002272288201,10.304362084117868,0,0,1,0,2,0,0,0,1,0,0,1
4018354,0bec195e-baf3-46fd-a1e6-d1940611d5f6,1,3,40,Italy Women's,Cecilia Salvai,Emma Severini,43,43.7,45.1,32.4,11.493477,1.8042514706094295,0.14935272033849864,0.08046295721168273,-0.06888976312681591,0.504779760955781,0.37523204977811375,-0.12954771117766728,1.1555528099615175,0.9968799497522876,-0.15867286020923,7.327859115006474,8.76948209468536,0,0,0,0,1,0,0,0,0,0,0,0
4018354,7096a888-2370-4464-b1fe-60921b36b871,1,3,46,Norway Women's,Lisa Fjeldstad Naalsund,Thea Bjelde,50.1,56.8,38.3,58.9,11.985408,-11.967075625890885,0.597362466448883,0.19570490731944878,-0.40165755912943424,1.0331688083038988,0.5078215780169419,-0.5253472302869568,1.7159391164275377,1.0728058925135624,-0.6431332239139753,1.9350671205283685,5.2304754389042145,1,0,1,0,1,1,0,0,1,0,0,1
4018354,5cae56aa-52e3-42b8-9730-4789082c7050,1,3,48,Norway Women's,Thea Bjelde,Cecilie Fiskerstrand,35.7,53,5.5,42.3,32.039505,-29.226615178223696,0.3895702373506715,0.0000418861883895872,-0.3895283511622819,0.7265843358058469,0.003895045278700489,-0.7226892905271465,1.2942701885552779,0.05340723467973795,-1.24086295387554,3.040566337600709,32.043189695182285,0,0,1,0,1,0,1,0,1,0,0,1
4018354,dcaf054b-29d0-4da1-8f08-a3285ac71147,1,3,55,Norway Women's,Cecilie Fiskerstrand,Tuva Hansen,9.4,41,17.8,32.9,11.66919,8.158193292278469,0.0005823323920408982,0.006668366332181601,0.0060860339401407025,0.015004320458512516,0.07704695577129117,0.062042635312778656,0.10769557613258027,0.3326875176806201,0.22499194154803984,22.65367457576495,16.22916748530037,0,0,0,0,0,0,0,0,1,0,0,1
4018354,293ce73f-4653-4442-85ca-49d76482ea44,1,3,59,Norway Women's,Tuva Hansen,Guro Reiten,19.3,32.6,25.2,17.9,15.839823,3.629607504116734,0.026644411724388396,0.03440840033100147,0.007763988606613072,0.17330363747328228,0.1766668685047436,0.003363231031461328,0.5438447155527314,0.5070780007830736,-0.03676671476965776,11.809047367737048,10.504558851766815,0,0,0,0,0,0,0,0,1,0,0,1
4018354,b0702596-e48d-4daa-ad47-e7a386c733b9,1,4,1,Norway Women's,Guro Reiten,Signe Gaupset,26.6,16,44.9,1.3,23.472963,11.949316394017842,0.3375872192094559,0.05864284213140802,-0.27894437707804787,0.586304860144993,0.2486245306510912,-0.33768032949390175,0.9439610602169111,0.6606586840535948,-0.2833023761633162,3.3145490376989883,8.893440200895041,0,0,1,0,1,0,1,0,0,0,0,0
4018354,02ca07d9-72bd-44d3-a09d-eae70b645d78,1,4,5,Norway Women's,Signe Gaupset,Tuva Hansen,44.5,5.9,21.9,14.1,24.04163,-18.617833678660958,0.7382725331991885,0.0657478818814355,-0.672524651317753,1.2631976305254413,0.2880855736651339,-0.9751120568603074,1.9249220900278288,0.7356869434887243,-1.1892351465391044,2.2676997334785773,9.137842406022942,1,0,2,0,2,0,1,0,0,0,0,0
4018354,d9b6c1d9-7a6d-48a9-9a74-dbd261f7b6a9,1,4,16,Italy Women's,Laura Giuliani,Elena Linari,26.7,45.2,36.3,32.1,16.240997,9.372803579432698,0.0007724524246983948,0.005754212814840098,0.004981760390141704,0.017674449245943233,0.06330692958898856,0.04563248034304533,0.1194486021112019,0.26202187104344926,0.14257326893224737,21.7696736578012,17.290285170609025,0,0,0,0,0,0,0,0,1,0,0,1
4018354,baf61433-2551-440e-97f0-a04e9c733024,1,4,19,Italy Women's,Elena Linari,Manuela Giugliano,38.1,29.2,46.2,30.5,8.203658,8.200081242880032,0.022685487658402,0.46978342681263663,0.4470979391542346,0.15238457761793697,0.8255086533695026,0.6731240757515656,0.4901827881711811,1.3674056885539851,0.877222900382804,12.998454289413173,2.559895160798858,0,1,0,1,0,1,0,1,1,0,0,1
4018354,e0bd8ecf-e216-4c3f-8fc3-7773da77c589,1,4,20,Italy Women's,Manuela Giugliano,Cecilia Salvai,46.2,30.8,35.5,46.9,19.331322,-10.41001692971085,0.5069622617449862,0.03528494933964391,-0.4716773124053422,0.8506994450824887,0.18333120493897262,-0.6673682401435161,1.3791655006029044,0.5410501213988084,-0.8381153792040961,2.291240679386843,10.686107433788944,1,0,1,0,1,0,1,0,1,0,0,1
4018354,c9a9cc8e-4c2e-4ab2-ae72-865588ec2c63,1,4,23,Italy Women's,Cecilia Salvai,Elena Linari,35.3,47.3,36.5,29.6,17.740631,0.8688266743901778,0.2120217396272569,0.12630907428443175,-0.08571266534282515,0.4765015916162862,0.355426548937928,-0.12107504267835817,0.9003714761812287,0.7910620250672397,-0.10930945111398904,4.856797677707504,6.344658708715347,0,0,1,0,1,1,0,0,1,0,0,1
4018354,b4c081cc-e6a7-467c-a762-b24592193617,1,4,25,Italy Women's,Elena Linari,Laura Giuliani,34.2,32.1,17.5,37.5,17.551353,-16.367556209419973,0.3204816358975889,0.0031047824634947894,-0.3173768534340941,0.5778442979507639,0.046528422660680864,-0.531315875290083,0.9986923047623175,0.2371501312460553,-0.7615421735162622,3.473604976007758,18.259230332217697,0,0,1,0,1,0,1,0,1,0,0,1
4018354,7139050f-4218-4ca8-8d62-bb5dc62763bf,1,4,31,Italy Women's,Laura Giuliani,Lucia Di Guglielmo,21.8,36.6,48.5,14,34.98071,22.178292421654973,0.027856373889691977,0.8115675257138456,0.7837111518241536,0.16678404179563527,1.1711420942352817,1.0043580524396465,0.5284671213551834,1.7933050937083383,1.2648379723531549,11.27778669798891,0.9370273229658101,0,1,0,1,0,1,0,1,1,0,0,1
4018354,515d8635-1f14-49c0-9369-50b36b78022f,1,4,33,Italy Women's,Lucia Di Guglielmo,Emma Severini,49,14.7,68.6,8.3,20.618439,14.98385112247967,0.8115675268742357,0.10199189030640361,-0.7095756365678321,1.1711421026432962,0.4470530922056706,-0.7240890104376256,1.793305109101064,1.0789657925398368,-0.7143393165612273,0.9370273366425627,9.925208186895071,1,0,1,0,1,0,1,0,1,0,0,1
4018354,d9ad1fe2-3890-4254-b63f-ea0bbfd27c33,1,4,45,Norway Women's,Caroline Graham Hansen,Thea Bjelde,34.5,70.6,21.1,61.5,16.19784,-10.399132375398693,0.34376669894634504,0.24979872933264463,-0.09396796961370041,0.820624004899847,0.6776628993367216,-0.14296110556312536,1.5132871129619723,1.385531964327739,-0.1277551486342332,4.470984725021984,5.998724066945094,0,0,1,0,2,2,0,0,1,0,0,1
4018354,764e1d0a-a752-426e-b42f-80319d322089,1,4,47,Norway Women's,Thea Bjelde,Caroline Graham Hansen,23.6,64.5,25.9,75,10.748954,-0.933640132705321,0.3580921496609406,0.3790893437873371,0.0209971941263965,0.8375899990055364,0.8291622351440546,-0.008427763861481807,1.5449155468859477,1.4579118408092921,-0.08700370607665553,5.337884645333431,4.603751862590735,0,0,0,1,2,2,0,0,1,0,0,1
4018354,341ec22c-7397-4ab2-abfc-65182ef1d17f,1,4,51,Norway Women's,Caroline Graham Hansen,Cecilie Fiskerstrand,20.7,67.7,1,40.8,33.342167,-15.91156430601552,0.596104879354259,0.01377159735972833,-0.5823332819945307,1.0886845400397989,0.09003647606591757,-0.9986480639738813,1.7221828096801468,0.31339317429684843,-1.4087896353832985,2.344707454371622,12.950453358786254,1,0,1,0,2,0,1,0,1,0,0,1
4018354,9e807249-d124-4569-839f-2224ea662e8d,1,5,5,Norway Women's,Frida Maanum,Signe Gaupset,39.1,10.8,39.4,19,8.205486,2.717613999174688,0.8976246797531138,0.7091857956979427,-0.18843888405517106,1.3445726244664502,1.356454607486392,0.0118819830199417,1.9094835210094052,2.198081610187319,0.28859808917791385,1.4918584663721364,3.4591560344406553,1,0,2,2,2,2,1,0,0,0,0,0
4018354,c22eb725-469a-4be6-bcf8-523a86f2b1bb,1,5,5,Norway Women's,Signe Gaupset,Ada Stolsmo Hegerberg,39.4,18.6,47.4,16.3,8.324061,7.022087026316683,0.7091857802920738,1.032643906768525,0.3234581264764511,1.3564545892628266,1.6612527866723958,0.30479819740956926,2.1980815901053563,2.3664089625067164,0.1683273724013601,3.4591561590867466,2.6356873479864205,0,1,2,3,2,3,0,0,0,0,0,0
4018354,a2c5f1c3-b375-4767-b912-f0ffee7ebcfa,1,5,6,Norway Women's,Ada Stolsmo Hegerberg,Signe Gaupset,47.4,16.3,42,22.2,7.9981246,-3.634771238175489,1.032643906768525,0.7691796382381493,-0.26346426853037563,1.6612527866723958,1.4428300173985422,-0.21842276927385362,2.3664089625067164,2.300358809317903,-0.06605015318881335,2.6356873479864205,2.1909862948442087,1,1,3,1,3,3,0,0,0,0,0,0
4018354,bee672c2-1473-4d0c-96ec-5f83bc955c99,1,5,14,Italy Women's,Lucia Di Guglielmo,Cecilia Salvai,49.3,39.3,48,49.3,10.084146,-1.8946752104412354,0.03168425027452855,0.03175948060376627,0.00007523032923772294,0.2009055949493659,0.19016094183529803,-0.010744653114067887,0.6606582718104551,0.6106623897139283,-0.049995882096526834,11.104063177627172,10.994418636988705,0,0,0,0,0,0,0,0,1,0,0,1
4018354,d4543a0f-7464-43ee-b583-3867eee07eea,1,5,17,Italy Women's,Cecilia Salvai,Arianna Caruso,50.1,51.8,63.8,80,31.351715,1.9075509548964789,0.04350388107144789,0.00427496777791284,-0.03922891329353505,0.22399268866528546,0.06341910761812103,-0.16057358104716443,0.6703948658073794,0.3279227442949844,-0.342472121512395,9.924182122609693,17.864571624952113,0,0,0,0,0,0,0,0,1,0,0,1
4018354,c7779852-b67d-408a-9e7f-20cb70f5aed0,1,5,23,Italy Women's,Elisabetta Oliviero,Cecilia Salvai,53.2,72.7,43.2,52,22.98891,-3.3575904565651626,0.014031485260184244,0.010057996314674656,-0.003973488945509588,0.1206009749783369,0.0791041155210495,-0.0414968594572874,0.4586757180055741,0.3181652354817956,-0.1405104825237785,13.924419124752513,13.932969493497453,0,0,0,0,0,0,0,0,1,0,0,1
4018354,4296789c-214c-4c07-b640-b88ff2e3256c,1,5,31,Italy Women's,Cecilia Salvai,Elena Linari,51.6,46.8,48.2,25.3,21.767178,-4.552177403925398,0.16049388907795475,0.05416357875418495,-0.1063303103237698,0.41171358123092766,0.2360571486017321,-0.17565643262919556,0.8967727706126761,0.6239802288606222,-0.2727925417520539,5.6031747944723795,9.42960972298862,0,0,0,0,1,0,0,0,1,0,0,1
4018354,256032ba-b9d8-45cd-a3d4-dc2a2728a165,1,5,34,Italy Women's,Elena Linari,Lucia Di Guglielmo,50,24.1,62.1,8.1,20.06016,5.676949203612551,0.14574838156427872,0.02448105308884083,-0.12126732847543789,0.4004234956835743,0.15366445577824994,-0.24675903990532438,0.8326775636414717,0.5080753148899204,-0.3246022487515513,6.1000664836637934,11.836090236709262,0,0,0,0,1,0,0,0,1,0,0,1
4018354,b7f39485-2aab-4a53-9ebd-b83c2a42098e,1,5,37,Italy Women's,Lucia Di Guglielmo,Emma Severini,70,6.9,85.9,4.3,16.111176,10.594386881981116,0.18837117156512756,0.4532952406770506,0.26492406911192307,0.49072549080644107,0.771682110064328,0.2809566192578869,1.0433144507906027,1.306037868462524,0.2627234176719213,5.345857368466727,2.5430906382748986,0,1,0,1,1,1,0,1,0,0,0,0
4018354,393e5c8c-b37e-48d9-b52f-eda4ee7b5797,1,5,57,Italy Women's,Manuela Giugliano,Emma Severini,82.7,3.2,91.3,10.8,11.4769335,11.454796126264505,0.7932422822089327,1.4532450744173044,0.6600027922083718,1.1784385513637237,2.2986776558153053,1.1202391044515816,1.7989094900441476,3.283727131505096,1.4848176414609484,1.178080782196374,1.2661770079958852,1,1,1,3,2,4,0,0,0,0,0,0
4018354,719b6f1b-8c2b-401d-8dd4-a476718b12a0,1,6,53,Norway Women's,Caroline Graham Hansen,Signe Gaupset,61.9,62.7,66.4,57.8,6.652819,5.898764701225247,1.1899633696405785,0.782059829692414,-0.4079035399481644,1.829063409689752,1.5727699347458186,-0.2562934749439334,2.815653308420423,2.548444430645823,-0.26720887777460023,0.46262785566182435,2.693011354603071,1,1,2,1,2,3,1,0,0,0,0,0
4018354,68f28b50-666e-4290-a9ee-25ac56b29bc3,1,6,59,Italy Women's,Lucia Di Guglielmo,Cecilia Salvai,43,9.9,45.5,18.3,8.764132,5.078114235912423,0.3360269880089958,0.6652877337865979,0.3292607457776021,0.839414100503612,1.5160870421746488,0.6766729416710369,1.6213060602575926,2.601630502833096,0.9803244425755036,4.233569370648216,4.059267298809012,0,0,1,1,1,4,0,0,1,0,0,1
4018354,40f7e9d4-60e9-4676-85aa-97df41c4bef3,1,7,0,Italy Women's,Cecilia Salvai,Elena Linari,45.5,18.3,32.6,20.8,13.140016,-11.888071744012208,0.6753322653711097,0.03760411018789589,-0.6377281551832138,1.518250240448695,0.24869609388781094,-1.2695541465608842,2.5958749166940907,0.7692058384365287,-1.826669078257562,3.8079403498866067,12.121563394291597,0,0,1,0,3,0,0,0,1,0,0,1
4018354,25683f0b-8fef-423c-81df-893dd0479be4,1,7,2,Italy Women's,Elena Linari,Elisabetta Oliviero,31,23.5,24.5,51.1,28.35507,-5.626341387372136,0.04861256847305694,0.0057101271632591395,-0.042902441309797805,0.2564851429615578,0.06436888468566543,-0.19211625827589235,0.7448547756563684,0.2837823096848775,-0.4610724659714909,10.037998043975735,16.47801841635791,0,0,0,0,0,0,0,0,1,0,0,1
4018354,e4ab0ac4-856b-4a08-b07c-0829edd03faa,1,7,6,Italy Women's,Elisabetta Oliviero,Cecilia Salvai,24.9,54.8,28.7,42,13.352154,4.922836938303547,0.008366933385148264,0.020262482295454517,0.011895548910306253,0.08407893078788387,0.13641169734985675,0.05233276656197289,0.34341801037865266,0.4667228703495073,0.12330485997085466,16.441628910823212,12.431068827546948,0,0,0,0,0,0,0,0,1,0,0,1
4018354,27a24d8d-b8ec-4aba-9303-e13de9f113be,1,7,10,Italy Women's,Cecilia Salvai,Manuela Giugliano,32.8,41.6,45.6,41.7,12.80039,12.795258155176725,0.15829707386311656,0.14003600632364416,-0.018261067539472403,0.3954171255964072,0.5600758736201183,0.16465874802371117,0.8370550304477814,1.2994563471241036,0.4624013166763222,5.613689043570073,7.890621551870367,0,0,0,0,1,1,0,0,1,0,0,1
4018354,dafc8645-fa2a-4ee7-8bbb-0bcb76e837c5,1,7,14,Italy Women's,Manuela Giugliano,Barbara Bonansea,56.6,36.1,116.9,12.7,64.681145,36.04439583895539,0.19515107932756043,0.037423921601096186,-0.15772715772646423,0.7025527837799761,0.15383302993104062,-0.5487197538489355,1.608345372635115,0.40864978512555483,-1.19969558750956,7.664167879899584,9.89508590189287,0,0,0,0,2,0,0,0,1,0,0,1
4018354,8ff4258b-8ee8-4e2f-8619-bac0e4e194a9,1,8,21,Norway Women's,Ada Stolsmo Hegerberg,Caroline Graham Hansen,56,20.2,56.2,33.3,13.101526,2.8419975633317165,1.2259540978086574,0.9708966008203928,-0.25505749698826463,2.1475525457652167,1.6787454424036041,-0.4688071033616126,3.3233776424059793,2.726589135969746,-0.5967885064362335,1.1527116123993812,1.0444122684564916,1,1,2,1,3,3,1,1,0,0,0,0
4018354,e32e22f6-754a-4897-8a71-17bd1d458693,1,8,23,Norway Women's,Caroline Graham Hansen,Ada Stolsmo Hegerberg,56.3,33.9,58.9,29.5,5.110773,1.995760664610458,0.9708969418797958,0.9925477576626511,0.021650815782855326,1.678745733403693,1.8580701120368128,0.17932437863311979,2.726589428412986,3.0420430705532064,0.3154536421402203,1.04441080136635,1.4006841295845338,1,1,1,1,3,3,1,1,0,0,0,0
4018354,0bd837fa-5ed9-4c32-81a7-a1e1f6540e9d,1,8,24,Norway Women's,Ada Stolsmo Hegerberg,Frida Maanum,59.2,29.5,63.9,36.7,8.598256,5.503024992442867,0.9925475663980509,0.8825472399401688,-0.11000032645788205,1.8580699474317854,1.8335736634666429,-0.024496283965142585,3.0420429313116104,3.043788403491939,0.001745472180328722,1.4006848905846279,3.1836873361749967,1,0,1,2,3,4,1,0,0,0,0,0
4018354,6651688b-1b5c-43da-a944-dc0536bc4d7f,1,8,31,Italy Women's,Laura Giuliani,Elena Linari,13.9,25.1,21.8,13.8,13.787676,5.506088560661951,0.15124543764765078,0.20585445006986708,0.0546090124222163,0.334037742545221,0.4002212522612686,0.06618350971604758,0.5672404891212428,0.6458061711466253,0.0785656820253825,5.67916994872741,4.748362564232168,0,0,0,1,1,1,0,1,1,0,0,1
4018354,0989df33-9df3-409a-b86b-2b4c4f0dd061,1,8,32,Italy Women's,Elena Linari,Laura Giuliani,20.9,12.4,10,25.1,16.736189,-8.132930435325946,0.31307765527513626,0.011126106679923807,-0.30195154859521245,0.5103625895006564,0.074148535542223,-0.4362140539584334,0.7368059248662608,0.25190705789222795,-0.4848988669740329,3.4878065555010584,13.54014362475463,0,0,1,0,1,0,1,0,1,0,0,1
4018354,d8ea8ceb-1b6d-4088-802e-08c75e9d0619,1,8,35,Italy Women's,Laura Giuliani,Manuela Giugliano,11.1,25.5,24.9,31.4,15.008331,14.373032033261595,0.02718606294174347,0.03692037587691407,0.009734312935170599,0.13381080275999555,0.2348257362919226,0.10101493353192706,0.4027976880478451,0.7039285237819315,0.3011308357340864,10.88630285480083,11.613375677050017,0,0,0,0,0,0,0,0,1,0,0,1
4018354,ea7861a0-80e6-4439-a75a-632c84a61f92,1,8,38,Italy Women's,Manuela Giugliano,Emma Severini,29.4,29.2,51.2,18.6,24.240461,19.19006739152009,0.20519474627343956,0.19868026561775073,-0.006514480655688826,0.49752010126538254,0.5470861933416071,0.04956609207622459,0.982120691383136,1.091128460842287,0.10900776945915114,4.995182577530914,5.8948756940281495,0,0,1,0,1,1,0,0,1,0,0,1
4018354,d635a253-b98a-487d-9edc-f99460d22cd5,1,8,55,Norway Women's,Maren Nævdal Mjelde,Cecilie Fiskerstrand,7.7,67.2,2.8,45.1,22.636696,-1.763821715756876,0.15151657878327182,0.09614271829024931,-0.05537386049302251,0.3461086010686548,0.30133008770916564,-0.04477851335948918,0.6369961439199461,0.6579020032386701,0.020905859318724018,5.686590272661415,7.274358894113074,0,0,0,0,1,1,0,1,0,0,0,0
4018354,fc41af00-a512-49d3-a690-9872a4afb9fe,1,9,4,Italy Women's,Cecilia Salvai,Elena Linari,48.7,27.2,54.1,16.5,11.985408,2.4751317185995845,0.011028850418541007,0.019605325940362198,0.00857647552182119,0.10887890379492599,0.16273037691429745,0.05385147311937147,0.4435146718716958,0.5775931946926048,0.13407852282090904,14.97356073676745,14.085738910133168,0,0,0,0,0,0,0,0,1,0,0,1
4018354,c28ecb1e-0f76-4e60-aadb-252c8a3d68db,1,9,7,Italy Women's,Elena Linari,Manuela Giugliano,54.2,14.9,58.7,22.1,8.490583,6.564779437923548,0.020525870046370156,0.21357831990302575,0.1930524498566556,0.1582297759309504,0.5638958365928132,0.4056660606618628,0.557927939644528,1.180688821817274,0.6227608821727459,13.937886039559514,5.097370571268628,0,0,0,0,0,1,0,0,1,0,0,1
4018354,2016494c-777c-4c70-83d8-02966acfe49b,1,9,11,Italy Women's,Manuela Giugliano,Cecilia Salvai,60.2,19.9,47.8,36.9,21.041862,-9.178883144812403,0.3979804032532127,0.0033354735361407007,-0.394644929717072,0.747007601418319,0.05808966465390247,-0.6889179367644165,1.356862359308576,0.3223873033394306,-1.0344750559691454,2.972898493415998,19.10802216923325,1,0,1,0,1,0,0,0,1,0,0,1
4018354,ed04230f-6c82-4bf0-8f39-df8c16b9cdc4,1,9,16,Italy Women's,Cecilia Salvai,Emma Severini,53.9,37.6,64.1,38.9,10.28251,10.232734147027415,0.14426759263311884,0.3296644410218207,0.18539684838870185,0.43449791529475495,0.8954489276731399,0.46095101237838493,1.0143185282796396,1.7653555999142467,0.7510370716346071,6.1186362966519425,4.834873232589702,0,0,0,1,1,1,0,0,1,0,0,1
4018354,1bcc5cfe-01d2-47b4-a8d0-403d5973fb22,1,9,17,Italy Women's,Emma Severini,Cecilia Salvai,64.1,38.9,53.7,45.5,12.317468,-10.616916725210146,0.3296644410218207,0.03261463946089174,-0.29704980156092897,0.8954489276731399,0.2178816325789964,-0.6775672950941435,1.7653555999142467,0.7355582604684169,-1.02979733944583,4.834873232589702,11.709291229244709,0,0,1,0,1,0,0,0,1,0,0,1
4018354,96304b7c-2b68-477b-9c5b-b0a133258f36,1,9,24,Italy Women's,Cecilia Salvai,Lucia Di Guglielmo,56.9,49.5,76.1,15.5,39.04664,13.537277494811441,0.25373729963684805,0.12847332644032147,-0.12526397319652657,0.6907811903814923,0.4534669000817282,-0.23731429029976414,1.3846895634320096,1.0716527091175878,-0.31303685431442174,5.452126772875686,8.079602152667162,0,0,0,0,1,0,0,0,1,0,0,1
4018354,88e8217d-c265-4843-bde7-fb5896f6ca7b,1,9,27,Italy Women's,Lucia Di Guglielmo,Cristiana Girelli,77.2,18.1,88.6,25.5,13.591173,13.491272582773902,0.6231532421365182,1.043688081511459,0.42053483937494085,1.1371085642805259,1.6139282888729491,0.4768197245924233,1.9053359109014019,2.462894942929942,0.5575590320285402,2.4690971431336655,0.5508984298183173,1,1,1,1,2,3,1,0,1,0,0,1
4018354,fc29dab7-921e-4407-a7b0-f7256a0c8531,1,9,51,Norway Women's,Caroline Graham Hansen,Ada Stolsmo Hegerberg,109,73.6,104.5,61.8,12.628935,8.606128543890847,0.7700273216650461,0.28939041102807883,-0.48063691063696723,1.3919933071822612,0.9344163852533821,-0.4575769219288791,2.121383312369047,2.012933712527805,-0.1084495998412418,2.3817850611232587,5.887300749056052,1,0,1,0,3,1,0,0,1,0,0,1
4018354,ea220b46-a0d1-43d8-88bf-a7b69401a699,1,10,4,Norway Women's,Maren Nævdal Mjelde,Ingrid Syrstad Engen,63.3,55.7,71.6,51.4,9.347727,9.1090531913555,0.00037901628492922846,0.007399171995722287,0.007020155710793058,0.01478676648232755,0.08620128512748176,0.07141451864515422,0.12760798199986823,0.38123859169774976,0.25363060969788154,25.778180297133503,16.60403709468085,0,0,0,0,0,0,0,0,1,0,0,1
4018354,2a159bc2-0d39-4536-bedb-9147175a6257,1,10,8,Norway Women's,Ingrid Syrstad Engen,Thea Bjelde,75,51.4,80.7,69.7,19.16716,-2.8387821448140187,0.2090792758286435,0.09886390040233024,-0.11021537542631325,0.6289359830461094,0.3256367421366929,-0.3032992409094165,1.440353294269729,0.820520907360047,-0.619832386909682,5.485535325200105,7.150832349363171,0,0,0,0,1,1,0,0,1,0,0,1
4018354,d768e239-21fb-4a86-b3e3-dccbc6f82d8f,1,10,13,Norway Women's,Thea Bjelde,Maren Nævdal Mjelde,71.9,73.1,57,62.2,18.461311,-8.40847965077431,0.20940639480146356,0.021944361528006693,-0.18746203327345687,0.4351596293713782,0.14432968949249989,-0.2908299398788783,0.7913296202749809,0.4770822182031585,-0.3142474020718224,4.741013332693639,12.201570076787748,0,0,1,0,1,0,0,0,1,0,0,1
4018354,2673539c-1a65-4867-b0eb-953032a60583,1,10,24,Norway Women's,Signe Gaupset,Frida Maanum,74.8,1.1,73.4,8.8,7.826238,3.554002638143011,0.1774605487270233,0.4632674504364616,0.28580690170943834,0.44322474696791747,1.0011382247168592,0.5579134777489417,0.9006902017997341,1.7318995600372746,0.8312093582375405,5.400693690006036,4.07140507658307,0,0,0,1,1,2,0,0,1,0,0,1
4018354,b56541e6-06b9-4177-add3-8212bd69f24c,1,10,38,Norway Women's,Tuva Hansen,Maren Nævdal Mjelde,46.2,27.5,45.9,36.9,9.404786,0.6863024397902393,0.055136131736740576,0.014383022612161957,-0.04075310912457862,0.2899877352545185,0.13791946114648046,-0.15206827410803803,0.8041176788737548,0.5274460979881073,-0.2766715808856476,9.987775049427,15.338514265723564,0,0,0,0,0,0,0,0,1,0,0,1
4018354,073a1b66-42f4-4183-a9d6-b539d87bd183,1,10,42,Norway Women's,Maren Nævdal Mjelde,Tuva Hansen,43.6,37.4,42.1,29,8.532878,-2.2285753970831905,0.031322433492776164,0.029644930322180237,-0.0016775031705959266,0.21114924190427997,0.18938646513146717,-0.021762776772812797,0.6831699447396397,0.6117394087080638,-0.0714305360315759,11.766338895312927,11.432257139424502,0,0,0,0,0,0,0,0,1,0,0,1
4018354,d185ee3e-22c8-4af0-afb2-dd2cb7be0416,1,10,44,Norway Women's,Tuva Hansen,Maren Nævdal Mjelde,42.1,29,42.9,43.1,14.122677,1.5105069404297922,0.037769153558406134,0.02514638868811694,-0.012622764870289193,0.22379305109848097,0.17932924973182207,-0.044463801366658895,0.6963110637056511,0.638184783002837,-0.058126280702814115,10.83224523989041,11.90190429437822,0,0,0,0,0,0,0,0,1,0,0,1
4018354,fa058c09-4ffd-49c6-aef8-ae28db9aa923,1,10,47,Norway Women's,Maren Nævdal Mjelde,Tuva Hansen,44.5,43.6,41.6,30.8,13.124405,-3.352171229670489,0.03428405651927567,0.020510769605559843,-0.013773286913715828,0.21053048073969577,0.1632851167858933,-0.047245363953802466,0.6918148388601462,0.598285427904384,-0.09352941095576217,10.976420003987222,12.864404258979125,0,0,0,0,0,0,0,0,1,0,0,1
4018354,75b1c303-2c65-418c-913d-3ebfd0afd069,1,10,49,Norway Women's,Tuva Hansen,Guro Reiten,41.6,30.8,45.9,19.1,12.465152,1.9469118758735249,0.01607642066599597,0.019408880623204155,0.0033324599572081837,0.14343370140105066,0.14126964552990254,-0.002164055871148124,0.5526772669013484,0.5202534779222586,-0.03242378897908982,13.77037546607498,12.431669168876201,0,0,0,0,0,0,0,0,0,0,0,0
4018354,ef7c1539-e9f6-423f-b81a-3d753eda50c6,1,10,51,Norway Women's,Guro Reiten,Signe Gaupset,48.1,17.3,62.6,2.2,20.93466,6.669824674007941,0.19647233147291304,0.07067072784041335,-0.1258016036324997,0.44520104317744275,0.2819768323064711,-0.16322421087097166,0.906215738057283,0.7345131556118252,-0.17170258244545777,4.957177628630327,8.548746013080066,0,0,1,0,1,0,0,0,0,0,0,0
4018354,8429706c-e5c7-4bc9-b7c1-44f9b88b6b43,1,11,10,Norway Women's,Ingrid Syrstad Engen,Signe Gaupset,49.1,1.5,57,1.5,7.9,6.846164768071816,0.5869651512655768,0.4704438721118027,-0.11652127915377408,0.9981348578638519,0.9507003420514615,-0.04743451581239044,1.5437959751165968,1.5883207775585104,0.04452480244191359,2.3562707882588225,3.4858864024895313,1,0,1,1,2,2,1,0,1,0,0,1
4018354,ec62beaa-dd80-49a0-b47d-f0e15e5a8bb0,1,11,11,Norway Women's,Signe Gaupset,Guro Reiten,57,1.5,54.6,5.2,4.4102154,-0.24980568657679214,0.4704438721118027,1.0126455069794902,0.5422016348676875,0.9507003420514615,1.5347283493896193,0.5840280073381579,1.5883207775585104,2.2094912595949485,0.6211704820364381,3.4858864024895313,0.8156806919452173,0,1,1,1,2,3,0,1,0,0,0,0
4018354,7d577fed-df52-40b3-a6cb-e109313e1a91,1,11,54,Italy Women's,Elena Linari,Cecilia Salvai,29.1,29.6,28.9,49.3,19.701015,-0.08046257603047025,0.02834304702129778,0.017366613377804627,-0.010976433643493152,0.1614517909048779,0.1271212218560691,-0.034330569048808796,0.5063002339754575,0.4615499758890434,-0.04475025808641414,11.306778968492416,12.647361375136308,0,0,0,0,0,0,0,0,1,0,0,1
4018354,c557175c-9716-433e-8f96-9c88bb8d07ab,1,12,0,Italy Women's,Cecilia Salvai,Emma Severini,35,47.3,47.8,34.2,18.315294,12.8803053373571,0.06964814042190756,0.6706696256990743,0.6010214852771667,0.303190263595353,1.2372099436408093,0.9340196800454563,0.8171576689747487,1.9523870430225445,1.1352293740477957,8.558526709224227,2.427256166402671,0,1,0,1,0,3,0,1,1,0,0,1
4018354,ce72d477-61d1-4588-8bad-0d1a35b542d2,1,12,1,Italy Women's,Emma Severini,Arianna Caruso,48.1,34.2,63.9,60.4,30.595425,12.439587140135082,0.6706697174238957,0.17355453399329193,-0.4971151834306038,1.2372100126246866,0.6835026382774485,-0.553707374347238,1.9523870938639898,1.5774376112243749,-0.3749494826396149,2.427255420120685,8.463240203336984,1,0,1,0,3,0,1,0,1,0,0,1
4018354,3f439e0b-1c90-4ec3-8dbf-2a58c3c520d6,1,12,35,Norway Women's,Ada Stolsmo Hegerberg,Frida Maanum,24.6,57.2,29.1,46.6,11.515641,5.798835591870301,0.5903959081832513,0.6866024972599032,0.09620658907665192,1.2842524407176095,1.2290591118048377,-0.05519332891277173,2.296845976770151,2.103372223256318,-0.19347375351383267,2.6627751685112306,1.6411799722477312,1,1,1,1,2,1,0,0,1,0,0,1
4018354,31b4fc13-7a7f-42ee-be57-bfee0187fbf9,1,12,36,Norway Women's,Frida Maanum,Signe Gaupset,29.4,43.5,40.8,21.7,24.600813,9.380864870574896,0.5096792637898042,0.11500808896388517,-0.39467117482591907,1.1596423790072958,0.40769089831377847,-0.7519514806935174,2.1271560034524266,0.990236614002732,-1.1369193894496945,3.106636514864584,7.266578550873237,0,0,1,0,1,1,0,0,1,0,0,1
4018354,a8091106-3d11-46ab-9ff4-e59a6859ccbd,1,12,44,Norway Women's,Guro Reiten,Ingrid Syrstad Engen,28.3,5.9,33,21.6,16.38841,8.910602962295286,0.010817319560946271,0.08598303947058421,0.07516571990963794,0.08920051582722746,0.37194389629336166,0.28274338046613423,0.3399119535591001,0.9178342988940952,0.5779223453349951,14.024590773729292,9.209064389095067,0,0,0,0,0,0,0,0,0,0,0,0
4018354,7cbf27c0-5e75-43fb-aca2-358c08ed5cf6,1,12,56,Italy Women's,Laura Giuliani,Elena Linari,4.3,51,14.5,28.6,24.613005,10.107591080604323,0.1137779361765455,0.007597298171045297,-0.1061806380055002,0.2843598021013986,0.07923098663513464,-0.20512881546626396,0.531894260096727,0.3255012234688209,-0.20639303662790615,6.535596263949449,16.38584228296074,0,0,0,0,1,0,1,0,1,0,0,1
4018354,ac7c3f97-c5a0-41b0-822d-5bc9f92d27ba,1,13,0,Italy Women's,Elena Linari,Manuela Giugliano,20.7,26.9,32.3,33.9,13.548431,12.248483699246208,0.02093725674608219,0.2752630975138853,0.25432584076780307,0.15067699730565626,0.7020918298562292,0.551414832550573,0.5001951314914971,1.3412343488518326,0.8410392173603355,12.659852778903346,5.227346932279499,0,0,0,0,0,2,0,0,1,0,0,1
4018354,a004e92b-3fbe-42d7-b9de-fb7196892b77,1,13,1,Italy Women's,Manuela Giugliano,Elena Linari,32.3,33.9,26.8,24.9,10.547511,-6.503418256723805,0.3892213475914099,0.04088538779190451,-0.3483359597995054,0.8522677836276428,0.24011227561377874,-0.6121555080138641,1.5022177769455838,0.7054003494629616,-0.7968174274826222,4.046247893908273,11.9959326464408,0,0,1,0,2,0,0,0,1,0,0,1
4018354,e3ab79aa-3c28-4bbd-9ed2-40445a2f70be,1,13,5,Italy Women's,Elena Linari,Emma Severini,29.6,23.2,52,14.1,24.177883,19.182366188575983,0.04231934199168399,0.11746115059167853,0.07514180859999453,0.25849148632950536,0.5000565934458012,0.24156510711629586,0.7603335778976892,1.2598121627031835,0.49947858480549434,12.008077052392142,8.879504870226471,0,0,0,0,0,0,0,0,1,0,0,1
4018354,ef6589a5-43fb-414d-a2cb-05d160201515,1,13,9,Italy Women's,Emma Severini,Barbara Bonansea,66.2,8.7,89.3,3.6,23.656288,14.624760797697228,0.047137509082591254,0.058009934521359816,0.010872425438768561,0.2259637958447507,0.21218281761421706,-0.013780978230533647,0.6296923053239032,0.532227644770759,-0.09746466055314418,9.798340721919717,8.655154881280673,0,0,0,0,0,0,0,0,1,0,0,1
4018354,bc549c29-8ed5-4847-aadd-2620793e3dae,1,13,44,Italy Women's,Cecilia Salvai,Elena Linari,75.3,34.6,77.9,20.8,14.042791,-1.2464884383756072,0.2033636246153876,0.1603419992958935,-0.043021625319494106,0.532835463884079,0.4385352899425787,-0.09430017394150031,1.1126455778578799,0.968339836441962,-0.1443057414159179,5.45384091831581,5.756864066811664,0,0,0,0,1,1,0,0,1,0,0,1
4018354,62f9362e-ccb7-4c3b-b531-37ec9b244e37,1,13,47,Italy Women's,Elena Linari,Cecilia Salvai,77.9,22.2,68.3,30.5,12.690548,-6.85726374846854,0.3087092160816437,0.02192355444304037,-0.2867856616386033,0.7160776738045294,0.16511323982520498,-0.5509644339793244,1.4905103286802162,0.6199931682209257,-0.8705171604592905,3.8539518155465453,12.370125366495447,0,0,1,0,1,0,0,0,1,0,0,1
4018354,b8903462-1a8c-42cc-8fe8-70c21008ece6,1,13,50,Italy Women's,Cecilia Salvai,Emma Severini,70.2,34.2,106.8,28.4,37.056713,32.56390725868613,0.058582158649056276,1.1181398679814942,1.059557709332438,0.32323588929054115,1.6597150774882508,1.3364791881977096,0.9753255290370887,2.4585854859561462,1.4832599569190577,9.982490948111463,0.6963575404049688,0,1,0,2,0,2,0,1,0,0,0,0
4018354,05b750f2-17bf-42f8-a710-dfc9e7d68cee,1,13,58,Norway Women's,Frida Maanum,Signe Gaupset,31.8,20.3,46.8,2.9,22.973028,8.308368118923156,0.2035452734513709,0.028397762124009567,-0.17514751132736134,0.4838371076196005,0.16324257609291948,-0.32059453152668105,0.9733110399796959,0.509088444938984,-0.46422259504071195,4.975456372837061,11.430621324672984,0,0,1,0,1,0,0,0,1,0,0,1
4018354,9ec5076d-a63f-45a6-9082-70271e08b109,1,14,4,Norway Women's,Guro Reiten,Tuva Hansen,36,4.3,22.6,18.9,19.817163,-8.387751502855409,0.1582412202973675,0.00514910091803185,-0.15309211937933564,0.3803090113921884,0.06610111881557391,-0.3142078925766145,0.7697940475286734,0.3074024856552395,-0.46239156187343394,5.594944456084787,17.28618624152802,0,0,0,0,1,0,0,0,1,0,0,1
4018354,b5ed358b-3a7f-4ac9-a30b-549d308292bd,1,14,11,Norway Women's,Tuva Hansen,Maren Nævdal Mjelde,23.4,30.4,20.3,48.3,18.166452,-2.969043288968848,0.020741226053785547,0.09287100212816683,0.07212977607438129,0.143720079448635,0.2652585845339635,0.12153850508532851,0.47567643908943524,0.557677001001885,0.08200056191244975,12.36018212600696,7.190170719697379,0,0,0,0,0,1,0,0,1,0,0,1
4018354,106f2e0f-3eb3-46c1-9d8c-1b49608e2e4b,1,14,13,Norway Women's,Maren Nævdal Mjelde,Tuva Hansen,20.3,48.3,19.4,35.5,12.831601,-0.6557059029594967,0.09287100212816683,0.07610765450298404,-0.016763347625182792,0.2652585845339635,0.25075746879411626,-0.014501115739847248,0.557677001001885,0.583151587147245,0.025474586145360023,7.190170719697379,7.841593867499409,0,0,0,0,1,1,0,0,1,0,0,1
4018354,e2ce2e11-0c6e-41bb-aeb4-04d642e980f6,1,14,17,Norway Women's,Guro Reiten,Frida Maanum,21.7,18,48.2,3.5,30.207615,20.186816153888415,0.023491380962796446,0.19794747359166365,0.1744560926288672,0.15515927547540584,0.42864665222355663,0.2734873767481508,0.48609733403166194,0.7716278572117197,0.2855305231800577,12.850239742619035,4.940076131838144,0,0,0,1,0,1,0,0,1,0,0,1
4018354,aecf813b-a032-432a-81aa-2a417f03d847,1,14,20,Norway Women's,Frida Maanum,Guro Reiten,48.2,3.5,32.4,3.5,15.8,-14.355043609174388,0.3131803886792699,0.0034840219922803077,-0.3096963666869896,0.5490351874704078,0.05142419863802658,-0.4976109888323812,0.875873270013103,0.2617451729359278,-0.6141280970771752,3.532013656966442,17.935561874460426,0,0,1,0,1,0,0,0,1,0,0,1
4018354,16ba4448-d517-449d-b4bb-6381b955dd3e,1,14,27,Norway Women's,Guro Reiten,Ada Stolsmo Hegerberg,41.2,7,86.9,41.6,57.32059,52.29225962416607,0.0071313566310771855,0.5920354377392211,0.5849040811081438,0.07798982260470173,1.086763362760838,1.0087735401561362,0.3368148052333486,1.7175512673708442,1.3807364621374956,15.772269796329812,3.557503400080659,0,0,0,2,0,2,0,0,1,0,0,1
4018354,7da3c58e-21dc-4c20-a5cb-0cd14cee8e5a,1,14,30,Norway Women's,Ada Stolsmo Hegerberg,Caroline Graham Hansen,86.9,41.6,114.7,59,32.79634,13.41328374981872,0.5920354377392211,1.1610130627847532,0.5689776250455322,1.086763362760838,1.4589781969845856,0.3722148342237477,1.7175512673708442,1.828100761497855,0.11054949412701087,3.557503400080659,0.5091784049333613,0,1,2,2,2,2,0,1,1,0,0,1
4018354,919875b5-4f28-44f5-89e4-fe8fb8196080,1,14,36,Norway Women's,Caroline Graham Hansen,Thea Bjelde,114.7,65.3,103,65.4,11.700427,-4.714853211101143,0.9313366549998648,0.1982539229002028,-0.733082732099662,1.2671669187371817,0.5097166863179486,-0.757450232419233,1.6297059681677954,1.017617637070423,-0.6120883310973724,1.3781366285527303,5.529812205496646,1,0,2,0,2,1,1,0,0,0,0,0
4018354,7630c2bb-8716-4c2c-8f95-353b708bbbad,1,15,9,Norway Women's,Cecilie Fiskerstrand,Tuva Hansen,7.8,38.4,20.2,35.5,12.734598,12.310006228152588,0.044028269391493166,0.2153576545140829,0.17132938512258972,0.15499084916039824,0.4626245606613463,0.30763371150094804,0.32705059881547915,0.8223788919521284,0.4953282931366493,9.370087638020793,4.737853583966317,0,0,0,1,0,1,1,0,1,0,0,1
4018354,ddaececa-0479-41a5-8196-d7c8c69b90f5,1,15,10,Norway Women's,Tuva Hansen,Maren Nævdal Mjelde,20.2,35.5,17,46.2,11.168259,-3.285031825203106,0.2153576545140829,0.03962913612605172,-0.17572851838803116,0.4626245606613463,0.20295837810821385,-0.25966618255313245,0.8223788919521284,0.5922055887148744,-0.23017330323725405,4.737853583966317,10.173852325068472,0,0,1,0,1,0,0,0,1,0,0,1
4018354,e718ff23-c658-49fe-9f3a-58a8fa2296bc,1,15,19,Norway Women's,Maren Nævdal Mjelde,Ingrid Syrstad Engen,21.7,48.8,27.7,41.5,9.449339,6.380922484141138,0.04164423689456869,0.48066170073483244,0.43901746384026374,0.23395660903713636,0.9475981064871539,0.7136414974500176,0.6594060505099895,1.5230265037415922,0.8636204532316027,11.88450650191222,3.349988714074532,0,0,0,1,0,2,0,0,0,0,0,0
4018354,c99e2a59-e947-417a-81f7-ca781c735752,1,15,25,Italy Women's,Cristiana Girelli,Sofia Cantore,91.1,49.1,86,51,5.4424257,-5.43629190794168,1.0721017246003461,0.6402966651132871,-0.43180505948705905,1.705984979066142,1.3871660624778064,-0.3188189165883357,2.414151338624727,2.3027130995118616,-0.11143823911286521,1.817193082554824,3.6926444081360588,2,0,2,1,3,3,1,0,0,0,0,0
4018354,68faeb8d-f3ed-4495-ae57-29e35a3cbc78,1,15,25,Italy Women's,Sofia Cantore,Arianna Caruso,86,51,100.9,42.6,17.104677,16.458985702316795,0.6402966651132871,0.7808016617646365,0.1405049966513494,1.3871660624778064,1.4224318356467394,0.03526577316893298,2.3027130995118616,2.21370662912075,-0.08900647039111176,3.6926444081360588,1.9520311992640458,0,1,1,1,3,2,0,0,0,0,0,0
4018354,99dc5e19-fe8c-491d-a899-6081026b2ac4,1,15,44,Norway Women's,Frida Maanum,Signe Gaupset,54.6,8.6,68.6,4.5,14.588009,10.0796922000644,0.4370809756631981,0.594378613911168,0.15729763824796988,0.7604123605345462,1.0037601538359051,0.24334779330135892,1.2423692293347723,1.5491110165219684,0.306741787187196,2.683627473132776,2.4051146540278583,1,1,1,1,1,2,1,0,1,0,0,1
4018354,0591c198-7b86-4f92-8045-93ae0531c42b,1,15,49,Norway Women's,Signe Gaupset,Guro Reiten,70.1,6.8,57.2,3.5,13.315405,-12.701316842717588,0.32608609229776425,0.011556186932905216,-0.31452990536485903,0.8215012424058183,0.11227940348018933,-0.7092218389256291,1.5166888730862653,0.46522812817852527,-1.05146074490774,4.980961654764944,14.544723678121652,0,0,1,0,2,0,0,0,1,0,0,1
4018354,22645662-5428-488a-a008-377e052cd974,1,15,54,Norway Women's,Guro Reiten,Frida Maanum,57.2,5.3,77.1,3.1,20.021238,15.16268252472802,0.04666991632604593,0.03484096448524698,-0.011828951840798956,0.2219935282708695,0.2177561865096798,-0.0042373417611897,0.6514266401958464,0.7040649809136434,0.05263834071779705,9.526598461222013,11.444887841866985,0,0,0,0,0,0,0,0,1,0,0,1
4018354,08fc2251-d694-4886-9cb2-ee78200498e9,1,15,58,Norway Women's,Frida Maanum,Signe Gaupset,78.5,3.1,91.9,5.2,13.563554,10.803886818586228,0.31816985431527833,0.24321519697275915,-0.07495465734251919,0.776412762529046,0.6908183945039758,-0.08559436802507026,1.4902116428907068,1.4286093588347226,-0.061602284055984224,4.561266032500309,5.793392693216083,0,0,1,0,2,2,0,0,1,0,0,1
4018354,2cfe7b10-9a3f-4507-bfab-0f7dbd9e60ee,1,16,40,Italy Women's,Lucia Di Guglielmo,Emma Severini,77,5,64.8,6.3,12.269067,-9.230363688026678,0.46713343405998137,0.06891871202488255,-0.39821472203509883,0.9087687847119875,0.3190480896166129,-0.5897206950953746,1.5558464389222493,0.8633871277256725,-0.6924593111965768,3.0844682885448513,10.033555338474619,0,0,1,0,2,0,0,0,1,0,0,1
4018354,4a29fdb6-41d6-4e27-aff6-c517189cde8f,1,16,43,Italy Women's,Emma Severini,Elena Linari,64.1,12,53.3,26.9,18.402445,-5.453783188490185,0.3376128171913231,0.027209679515632516,-0.31040313767569055,0.6817933294360112,0.18797167342330912,-0.4938216560127021,1.2378262167906002,0.6459288196735846,-0.5918973971170156,3.5522423428824776,12.856818659542986,0,0,1,0,1,0,0,0,1,0,0,1
4018354,fa876096-741e-4083-8364-1935ac5bec6a,1,16,46,Italy Women's,Elena Linari,Cecilia Salvai,54.7,29.6,53.4,43,13.462912,-0.5445418648208431,0.028972358928214034,0.012741554934384959,-0.016230803993829077,0.20140126594304372,0.13395787568322498,-0.06744339025981874,0.691679270832422,0.5673640232948636,-0.1243152475375584,12.829171919179664,15.05263097051606,0,0,0,0,0,0,0,0,1,0,0,1
4018354,a790e140-fad4-4ea0-bfaa-9e3d345978ee,1,16,51,Italy Women's,Cecilia Salvai,Manuela Giugliano,56.4,44.6,64.9,46.3,8.668333,8.307141352650731,0.04469562041908276,0.4470429875992154,0.40234736718013264,0.25713038490346546,0.9396163800357124,0.6824859951322468,0.8033736122079641,1.7428789954639874,0.9395053832560233,10.241789335355168,2.989793815205942,0,1,0,1,0,1,0,0,1,0,0,1
4018354,c2c5b4c6-aa42-4ddf-8c03-d4b068153261,1,16,52,Italy Women's,Manuela Giugliano,Cecilia Salvai,64.9,46.3,56.7,43.4,8.6977005,-7.932251592020435,0.4312605696663502,0.03889154052370972,-0.3923690291426405,0.9343401349909841,0.23113620162065435,-0.7032039333703297,1.7465082128193865,0.7373861180315843,-1.0091220947878021,3.171675573317483,10.652458334397194,0,0,1,0,1,0,0,0,1,0,0,1
4018354,7d97d6a6-2ffb-4af2-b2af-f7510b8f5830,1,16,57,Italy Women's,Cecilia Salvai,Elena Linari,58.5,44.6,54.7,31.9,13.256319,-4.128663345719758,0.18924725787372543,0.05666728153700262,-0.1325799763367228,0.601411428071899,0.2508687503921297,-0.35054267767976927,1.3093820136312782,0.7013574355639697,-0.6080245780673085,6.565345009632014,9.067788572358097,0,0,0,0,1,0,0,0,1,0,0,1
4018354,9f279886-9cad-48f2-a94a-fd32458fa78e,1,17,1,Italy Women's,Elena Linari,Emma Severini,54.7,31.9,69.6,27.2,15.6237,13.800455925472136,0.1906028512545721,0.4609405210003834,0.2703376697458113,0.46671494318326767,0.9504326712271216,0.48371772804385393,0.9667319564056355,1.721543771915452,0.7548118155098166,5.1639610422036855,3.06604101546205,0,0,0,1,1,1,0,0,0,0,0,0
4018354,9f3dd03e-56e2-40cc-84f9-2e71e5475212,1,17,38,Italy Women's,Barbara Bonansea,Cecilia Salvai,39.9,8.6,27.1,25.5,21.200235,-7.990081665907965,0.7599566617265932,0.0454315133462932,-0.7145251483802999,1.344941886760688,0.2668116618060758,-1.078130224954612,2.126254161088565,0.8141878839671945,-1.3120662771213705,1.7052502663615725,10.676971577839197,1,0,1,0,2,0,0,0,1,0,0,1
4018354,0f276500-2357-45d0-9233-2f369265924e,1,17,40,Italy Women's,Cecilia Salvai,Arianna Caruso,30,29.5,46.7,44.4,22.380795,17.178488584250786,0.06903862527417592,0.6282990177479,0.559260392473724,0.3539204115240728,1.0823572729156006,0.7284368613915277,0.9778283904597184,1.799178289375315,0.8213498989155966,10.12214991417046,1.8528497657202931,0,1,0,1,0,1,0,0,1,0,0,1
4018354,77000e16-95a4-44d3-a60f-d12e03948c6a,1,17,44,Italy Women's,Arianna Caruso,Cecilia Salvai,44,45.4,34.6,40.5,10.6004715,-9.20986310074963,0.3528279504655578,0.03134647254335916,-0.32148147792219867,0.8832391466009458,0.21221226361537024,-0.6710268829855756,1.682172034194976,0.6996484091082207,-0.9825236250867553,4.488183730544539,12.107655473560957,0,0,1,0,1,0,0,0,1,0,0,1
4018354,d3913844-d4a9-4df9-8b94-8b9520f4c307,1,17,45,Italy Women's,Cecilia Salvai,Arianna Caruso,34.6,40.5,36.6,42.7,2.9732137,1.9577700973422623,0.02568820436410294,0.05541004089838726,0.02972183653428432,0.1888195986862968,0.3160228269517918,0.127203228265495,0.6544131977762465,0.9173202426051955,0.262907044828949,12.281441952222375,10.776980343866736,0,0,0,0,0,0,0,0,1,0,0,1
4018354,730afacb-795d-429c-b67f-7cb0bee0c3f5,1,17,50,Italy Women's,Arianna Caruso,Elena Linari,43.1,40.9,43.4,22.2,18.702406,-1.7356898509015224,0.17417345186606248,0.011137767188529362,-0.16303568467753313,0.5158335396935073,0.11653903072214147,-0.39929450897136587,1.130151598341303,0.47370431159672755,-0.6564472867445755,5.945664751900947,16.327847017187274,0,0,0,0,1,0,0,0,1,0,0,1
4018354,49cd193c-af03-4cc4-a78a-8e8c9f2aacbe,1,17,55,Italy Women's,Elena Linari,Manuela Giugliano,62.1,19.7,69.9,30.1,13,10.286744194986198,0.37758297439853183,1.4262848904360599,1.048701916037528,0.7949654054106127,2.0212776436073594,1.2263122381967468,1.526536716771404,2.9418796943971266,1.4153429776257227,3.318989971493147,1.0898332085703024,0,2,1,2,1,2,0,1,1,0,0,1
4018354,e6836036-788b-4ff8-abd9-5a721d877ec5,1,17,57,Italy Women's,Manuela Giugliano,Elena Linari,70.5,30.5,61.8,18.8,14.580124,-11.537566708848118,1.4262848560187733,0.176002514207526,-1.2502823418112472,2.0212776346053616,0.5241371527068716,-1.49714048189849,2.9418797259340628,1.214352666218545,-1.7275270597155177,1.0898319784254327,5.6960120482665575,2,0,2,0,2,1,1,0,1,0,0,1
4018354,de4872a5-64ed-4f50-9ed2-d06558bda361,1,17,58,Italy Women's,Elena Linari,Lucia Di Guglielmo,61.8,18.8,76.5,6.9,18.912958,7.279618735027206,0.22428162408360525,0.04148605087257299,-0.18279557321103226,0.5749333668011803,0.25233400877603707,-0.3225993580251433,1.2505167874786005,0.779656985820928,-0.4708598016576725,4.822234353142125,12.401402496333299,0,0,1,0,1,0,0,0,1,0,0,1
4018354,1d0e45e4-5fbd-4eec-81c0-893f2e7405ad,1,18,1,Italy Women's,Lucia Di Guglielmo,Barbara Bonansea,84.1,7.9,92.4,4.3,9.047099,3.0334538307337695,0.19736007647370948,0.20362392509681088,0.006263848623101392,0.5372007936569658,0.5400920111214538,0.0028912174644879496,1.1382930428653861,1.0653644300861977,-0.07292861277918838,5.53329253004127,6.818682838582877,0,0,0,0,1,2,0,0,1,0,0,1
4018354,dd3794ba-a650-4447-ad66-1d78df0459c7,1,18,3,Italy Women's,Barbara Bonansea,Emma Severini,92.5,3.2,89.6,9,6.484597,2.5216403891755874,1.0607239806635844,0.2447376404118538,-0.8159863402517307,1.388950978635514,0.7630760451543895,-0.6258749334811246,1.85282565803902,1.5630231637889938,-0.28980249425002635,0.6655603424428452,7.071604391171209,1,0,2,0,2,1,0,0,1,0,0,1
4018354,6fa95c32-0fc2-4bdd-9b74-5f7e4bdbd4d7,1,18,6,Italy Women's,Emma Severini,Lucia Di Guglielmo,100.4,13.3,116,18.8,16.54116,11.547686626847174,1.3368879144054457,0.7521801206350562,-0.5847077937703895,1.9705268342836773,1.3761082325740854,-0.5944186017095918,2.799543529956185,2.2551872389416667,-0.5443562910145183,1.028699056029774,1.969538932883328,2,1,2,1,3,2,0,0,1,0,0,1
4018354,c6ed9400-55d1-431e-8da2-d88034ed0fa8,1,18,10,Italy Women's,Lucia Di Guglielmo,Barbara Bonansea,113,15.1,104.6,6.4,12.093387,-11.095832967642448,0.8950529432295579,0.1396599043136237,-0.7553930389159341,1.467344057215131,0.5135354540443381,-0.953808603170793,2.2965085147988438,1.2041784062014422,-1.0923301085974015,1.5596527810148797,7.849136026182806,1,0,2,0,3,1,0,0,0,0,0,0
4018354,89f199d3-d623-4a04-a241-2aa27a7425ce,1,18,26,Italy Women's,Cecilia Salvai,Elena Linari,53.7,62.7,56.4,34.3,28.528057,6.223471013038811,0.024415779051882597,0.015934455677171826,-0.008481323374710772,0.15585635952604407,0.13074579623206034,-0.02511056329398373,0.487930676661324,0.474869252438196,-0.013061424223128004,11.962497321966653,14.720971952540795,0,0,0,0,0,0,0,0,1,0,0,1
4018354,ab3d0773-c3f7-4895-8dae-c64786dfdf8c,1,18,31,Italy Women's,Elena Linari,Cecilia Salvai,56.4,34.8,52.8,45.9,11.66919,-3.6462812304797936,0.06901893158584645,0.015599741223395835,-0.05341919036245061,0.30296625834050267,0.1388253125283973,-0.16414094581210537,0.7953638532134453,0.5347622069100343,-0.260601646303411,9.575390194403617,13.735394608496081,0,0,0,0,0,0,0,0,1,0,0,1
4018354,af8d8721-46b9-41b6-81d9-d0dbc0eb71b2,1,18,36,Italy Women's,Cecilia Salvai,Lucia Di Guglielmo,56.5,44.2,77.2,5,44.32979,8.350049203612933,0.11867340344725931,0.5325512472021234,0.41387784375486414,0.41229695025862456,0.7403922814491243,0.3280953311904997,0.9972383604922592,1.0928271558987495,0.09558879540649023,6.926740718537587,1.911915304991365,0,1,0,1,1,1,0,1,1,0,1,1
4018354,ae57d0e2-b922-4e0b-916c-2d4fa246df10,1,18,38,Italy Women's,Lucia Di Guglielmo,Barbara Bonansea,77.5,5,100.9,6.7,23.46167,16.667988413731827,0.5325507321025807,0.02924959275018791,-0.5033011393523928,0.740391883478866,0.17539411943889952,-0.5649977640399665,1.092826867096489,0.5473523794978975,-0.5454744875985914,1.911918229603017,11.417795163461127,1,0,1,0,1,0,1,0,0,1,1,1
4018354,e63a3ea1-74cd-450e-89c3-7e4eb594087d,1,19,26,Italy Women's,Arianna Caruso,Sofia Cantore,79.7,58,82.6,62.8,5.60803,0.33534609603701426,0.595483178712588,0.8048736245222373,0.20939044580964927,1.387211063169082,1.5687329408293684,0.1815218776602865,2.524779580933841,2.6142727417502862,0.0894931608164451,3.2307722200016014,2.143643854566238,0,1,1,1,2,2,0,1,0,0,0,0
4018354,9056090f-d2f8-4297-98f0-5c3082f4d651,1,20,34,Italy Women's,Sofia Cantore,Arianna Caruso,27.3,76.3,31,70.1,7.220111,5.601736314509424,0.858961772735396,0.9128315863853754,0.05386981364997945,1.2777722821054005,1.5579925021817365,0.28022022007633596,1.876497510827409,2.3490689640256885,0.47257145319827965,0.922789337760433,1.4697373621073957,1,1,1,1,2,3,1,1,0,0,0,0
4018354,571a696b-a77d-4961-aac7-147a7f7ba9f9,1,20,52,Italy Women's,Lucia Di Guglielmo,Barbara Bonansea,70.8,14.3,79.9,4,13.74409,1.6190602369217828,0.7245110185003921,0.12892356058313303,-0.5955874579172591,1.2477925769271763,0.4487338270387963,-0.79905874988838,1.9615978769252402,1.0132411218276052,-0.9483567550976351,2.7108232198298268,8.231001967917488,1,0,2,0,2,0,1,0,1,0,1,1
4018354,f2763127-0cd2-4ce1-8f06-051613f9c038,1,20,54,Italy Women's,Barbara Bonansea,Manuela Giugliano,78.6,3.6,72.8,14.3,12.170867,1.3832145944240395,0.10725930925400459,0.05436196518678466,-0.05289734406721993,0.39269821041813974,0.3054435988253046,-0.08725461159283515,0.9408541215069844,0.9152957627689625,-0.025558358738021925,7.664411427378306,10.407698453037707,0,0,0,0,1,0,0,0,1,0,1,1
4018354,356a2733-e6fd-40ec-acb0-400d2d001c6a,1,20,58,Italy Women's,Manuela Giugliano,Arianna Caruso,74.7,18.9,83.8,35.4,18.843037,13.481897901985583,0.21451858988924807,0.7137795952819044,0.4992610053926563,0.6343753432748138,1.6052712203857753,0.9708958771109615,1.4109349422477564,2.866174779750053,1.4552398375022966,5.422053865942277,3.3915023930707755,0,0,0,2,1,2,0,0,0,1,1,1
4018354,0e0c92c6-1b0d-4171-b863-3cf4c0a8282f,1,20,59,Italy Women's,Arianna Caruso,Emma Severini,83.8,35.4,111.4,29,28.332314,22.52828706350951,0.7137281787161102,0.47519390720092114,-0.23853427151518902,1.60260029448516,1.131755675222169,-0.47084461926299115,2.841533477844635,2.141537158372078,-0.6999963194725569,3.3915023930707755,3.870651361897713,0,0,2,1,2,2,0,0,0,1,1,1
4018354,9d7955b3-7f2a-469c-ac36-33dbfcf860c3,1,22,28,Norway Women's,Ada Stolsmo Hegerberg,Lisa Fjeldstad Naalsund,77.9,68.5,76.3,62.5,6.20967,1.6873389676024786,1.0614238733522654,1.005054714786329,-0.056369158565936495,1.743570610036977,1.8828059735446916,0.1392353635077146,2.6729558237666944,3.000140763163905,0.3271849393972106,1.1842551765128622,1.9106128408922227,1,1,2,2,3,4,0,0,0,0,0,0
4018354,7beb5fb3-8d19-48d2-b2ee-25449f5bf90f,1,22,34,Italy Women's,Elena Linari,Laura Giuliani,20.2,8.4,2.7,31.7,29.140007,-12.909950114465673,0.2293254779721833,0.00041061619088523355,-0.22891486178129808,0.48618909631681406,0.015515574246549627,-0.4706735220702644,0.8756705483827116,0.12624948883816176,-0.7494210595445499,4.567476544926667,26.07681132426704,0,0,1,0,1,0,0,0,0,0,0,0
4018354,c372c615-2f89-4bc4-a8ac-42e31043d898,1,22,39,Italy Women's,Laura Giuliani,Cecilia Salvai,7.3,36,15.7,36.5,8.414867,8.4122542652227,0.0009461605523070028,0.010229824199973293,0.00928366364766629,0.025412464007332054,0.09787864339290858,0.07246617938557653,0.16599782962074502,0.3750006670216726,0.2090028374009276,23.652928100306283,14.776571327923055,0,0,0,0,0,0,0,0,1,0,0,1
4018354,e72890f1-5fbc-4e80-a8ba-6a3710e72323,1,22,48,Italy Women's,Cecilia Salvai,Manuela Giugliano,23.7,36.2,35.5,30.8,12.976903,11.37559193805403,0.2624534323103238,0.47874556872402174,0.21629213641369793,0.5167739524732862,0.9318191630901211,0.41504521061683497,0.9245610063492724,1.4963731946794994,0.571812188330227,4.081660481195795,3.1701021563482064,0,0,1,1,1,2,0,0,1,0,0,1
4018354,99d81212-1927-446c-bb97-937beed5a598,1,22,49,Italy Women's,Manuela Giugliano,Lucia Di Guglielmo,35.5,30.8,42.9,9.8,22.265669,2.1956694457674786,0.47874556872402174,0.023131714315159393,-0.4556138544088624,0.9318191630901211,0.14501885500743147,-0.7868003080826896,1.4963731946794994,0.4581401797556218,-1.0382330149238777,3.1701021563482064,12.322759270958592,0,0,1,0,2,0,0,0,0,0,0,0
4018354,5c70bf53-d12b-4c0b-a3f5-845e7434dbe9,1,23,22,Italy Women's,Manuela Giugliano,Cecilia Salvai,76.5,21.8,62.3,42.4,25.019993,-10.59599479903661,0.4714165669239641,0.005670497147284565,-0.46574606977667954,0.9177455049462595,0.07962030197471982,-0.8381252029715397,1.5946949740145617,0.3982845297466007,-1.196410444267961,3.299812085039367,18.249187848815524,0,0,1,0,2,0,0,0,1,0,0,1
4018354,34bf28e9-5153-4c96-bc0f-779d6a0ff4ff,1,24,29,Norway Women's,Signe Gaupset,Thea Bjelde,111.7,59.1,103,58.2,8.746428,-4.079152864776802,0.9231680004305088,0.3697302745831284,-0.5534377258473804,1.3468862595426074,0.8806078401210794,-0.46627841942152803,2.13302354689815,1.8001130493671715,-0.33291049753097846,0.6827774663202555,3.8601476218048973,1,0,1,1,2,1,1,0,1,0,0,1
4018354,7cfd9b37-03b7-488c-9562-4a9840eba51e,1,24,37,Norway Women's,Tuva Hansen,Frida Maanum,71.9,25.8,95.7,4.8,31.740196,7.379262638313456,0.08997075467428961,0.019621972738149418,-0.07034878193614019,0.3525740444596761,0.14209927137633843,-0.21047477308333767,0.8599964825203605,0.5334825216677875,-0.326513960852573,9.225605263168655,12.468587917617198,0,0,0,0,0,0,0,0,1,0,0,1
4018354,fcf3e665-9ae4-44c1-8365-b72f88f5ff55,1,25,34,Italy Women's,Cecilia Salvai,Laura Giuliani,5.9,47.3,3.1,39.9,7.9120164,-2.56675802913378,0.06162011656824173,0.0680669666834064,0.0064468501151646665,0.22105053621147305,0.245615354582101,0.024564818370627933,0.5140159368050345,0.5613012196806605,0.047285282875625945,8.498987770949132,8.352387197848897,0,0,0,0,0,0,0,1,0,0,0,0
4018354,026600c4-1f76-4b26-ae89-233895dfc2a9,1,25,36,Italy Women's,Laura Giuliani,Elena Linari,3.8,41.3,5,24.1,17.24181,0.1133011590560784,0.29174744781354994,0.11524448179354196,-0.17650296602000798,0.5417048182518186,0.3707960973253826,-0.170908720926436,0.8743886339213003,0.7664707376106462,-0.10791789631065407,3.789112440775317,7.571036020244228,0,0,1,0,1,1,0,0,0,0,0,0
4018354,5a6e7225-e7d2-4b9e-a54b-272877b8c018,1,25,38,Italy Women's,Elena Linari,Lucia Di Guglielmo,5.6,23.5,16.9,2.9,23.495745,6.011793668030435,0.6528237654615423,0.5167888295822631,-0.13603493587927917,0.8754865746067079,0.7176825767990529,-0.15780399780765497,1.1951011059325372,0.9845426273961819,-0.21055847853635523,1.3598106036593245,2.0024403826095605,1,1,1,1,1,1,0,1,0,0,0,0
4018354,1b64f028-06dd-4a0c-9c00-e10a9af6db86,1,26,27,Italy Women's,Manuela Giugliano,Elena Linari,62.5,17.5,57,9.5,9.708244,-8.24919747599212,0.2637801541562794,0.13896165968651164,-0.12481849446976778,0.6205581024194465,0.4047176889641753,-0.21584041345527122,1.1845067330934256,0.8447868916585682,-0.33971984143485734,4.730253415029546,6.679666667094688,0,0,1,0,1,1,0,0,1,0,0,1
4018354,f031f6ef-cc60-4576-be23-2120b4d5f43b,1,26,29,Italy Women's,Elena Linari,Laura Giuliani,55.5,10,25.7,31.2,36.571575,-23.574280182592844,0.5632641049184475,0.0001964987799758056,-0.5630676061384716,0.8387255044051434,0.009038824468389457,-0.8296866799367539,1.2404876624280954,0.08314413922521115,-1.1573435232028841,1.9160124439057789,26.816226529735587,1,0,1,0,1,0,1,0,1,0,0,1
4018354,4a3a2952-74fe-42e6-84a1-0e9b61d4c4f2,1,26,34,Italy Women's,Laura Giuliani,Cecilia Salvai,25.3,33.5,32.2,32.2,7.0213957,6.77702241821558,0.00043423784365849124,0.0037857540506685728,0.0033515162070100815,0.014953242347205877,0.05522770491145653,0.04027446256425066,0.11582457198943205,0.2633220752264772,0.14749750323704516,24.826375861220086,18.19852457595582,0,0,0,0,0,0,0,0,1,0,0,1
4018354,e246e9a5-1267-42ff-baa3-3ef1cabe2677,1,26,41,Italy Women's,Cecilia Salvai,Cristiana Girelli,40.6,33.1,75.8,33.1,35.2,34.96391438148075,0.1626429035313929,0.7490272349490606,0.5863843314176678,0.4269321077077792,1.4467065940876247,1.0197744863798455,0.9080701507625049,2.529077533086535,1.62100738232403,5.641027675885699,1.7553098525915434,0,1,0,1,1,2,0,1,0,0,0,0
4018354,19a4b149-f3b9-40aa-8286-115cedbfc7f9,1,26,44,Italy Women's,Cristiana Girelli,Arianna Caruso,75.8,33.5,79.4,42.7,9.8792715,3.9857054402279175,0.7490272297134307,1.1591579597417125,0.4101307300282818,1.446706615123434,1.8819217716104581,0.43521515648702414,2.529077557313438,2.843286328427372,0.31420877111393386,1.7553100614331445,0.7991476977521337,1,1,1,2,2,2,1,1,1,0,0,1
4018354,9282b018-7725-456f-a2d0-7e5dbedfec33,1,26,45,Italy Women's,Arianna Caruso,Sofia Cantore,79.4,42.9,113.3,58.7,37.401203,20.83940180069832,1.1591579357414572,0.7900876577584071,-0.36907027798305014,1.8819217579304086,1.131478568964159,-0.7504431889662495,2.84328632864592,1.7730020329681961,-1.0702842956777237,0.7991476899808176,0.9151178151635864,1,1,2,1,2,1,1,1,1,0,0,1
4018354,702575fb-7cc3-42c1-b850-eb214d58574a,1,27,43,Italy Women's,Elena Linari,Arianna Caruso,97.7,17.8,88.1,24.2,11.537765,-4.132123809753939,0.22199692405204594,0.1796844570333048,-0.04231246701874114,0.5987009312139873,0.5361733056662181,-0.06252762554776914,1.3397228888923824,1.3002118469997073,-0.03951104189267518,5.049623188319161,5.565320007127861,0,0,0,0,1,1,0,0,1,0,0,1
4018354,093d5ace-7b70-428d-a993-8c00239835ba,1,27,44,Italy Women's,Arianna Caruso,Elena Linari,88.1,24.2,89.7,10.3,13.991783,-6.830073115850922,0.3441043305023549,0.07990629477829954,-0.26419803572405537,0.722338639950485,0.296191825196734,-0.426146814753751,1.4768198270907782,0.8081134894408376,-0.6687063376499406,3.4300862037530324,7.873772493472669,0,0,1,0,1,1,0,0,1,0,0,1
4018354,58f026bc-4010-4b3f-9d9d-5b417779714b,1,27,46,Italy Women's,Elena Linari,Elisabetta Oliviero,84.3,13.2,73.2,26.4,17.246738,-4.096019157265204,0.10454821078813013,0.01019049151512747,-0.09435771927300267,0.3268832161000962,0.0898246020584616,-0.23705861404163459,0.8170433208902949,0.41563039477577157,-0.4014129261145233,6.964734386675449,13.983779847179061,0,0,0,0,1,0,0,0,1,0,0,1
4018354,e1818eb1-a66c-454e-bd90-2e4676936984,1,27,50,Italy Women's,Elisabetta Oliviero,Cristiana Girelli,73.2,30.6,111.9,59.3,48.180702,26.80384491482965,0.11953923577977235,0.3358126034843925,0.21627336770462016,0.34702636764182376,0.7927631358378245,0.4457367681960008,0.8296951878102129,1.6131596463072166,0.7834644584970037,6.5175857270476225,3.7493166862901384,0,0,0,1,1,1,0,0,1,0,0,1
4018354,7cc1402e-2760-43b2-ba7f-b9044542453b,1,28,2,Italy Women's,Arianna Caruso,Sofia Cantore,89,11.4,93.4,8.6,5.215362,1.0253195495656868,0.43506385852595264,1.1109813848761105,0.6759175263501579,0.8560500728895749,1.4490672948440586,0.5930172219544837,1.551503461327236,2.0078778089647398,0.45637434763750373,3.0568091195870815,0.4193955871659488,0,1,1,2,1,2,0,1,1,0,1,1
4018354,8595c311-b3d7-4f8d-91f2-a829c3067a79,1,28,5,Italy Women's,Sofia Cantore,Barbara Bonansea,89.5,4.9,89.1,10.3,5.4147944,3.641036141576869,0.7948879788215226,1.004257137653826,0.20936915883230345,1.336933813100623,1.727051098577678,0.39011728547705493,2.112668244636883,2.7016748139380633,0.5890065693011803,1.6033763506602856,1.3353157056428415,1,1,1,1,2,3,1,1,1,0,1,1
4018354,93f302ac-e9a1-431b-91d1-4da486eb9990,1,28,6,Italy Women's,Barbara Bonansea,Arianna Caruso,88.1,10.3,98.2,2.7,12.640016,0.38219171245123107,1.0860676904309705,0.3409289072066561,-0.7451387832243144,1.7771475905098524,0.7676511736498687,-1.0094964168599838,2.733396235689493,1.4520486163395743,-1.281347619349919,0.9338757786073049,3.9750639104574503,1,0,1,1,3,1,0,0,1,0,1,1
4018354,9bf4789b-c177-4d90-af66-18346e44007e,1,28,10,Italy Women's,Arianna Caruso,Cristiana Girelli,96.4,7.9,113.6,50.9,46.312416,27.201796385004997,0.2546503224278383,1.01176917770301,0.7571188552751718,0.7896225745377313,1.4424948885571582,0.6528723140194269,1.643396461334705,2.1147305115048916,0.4713340501701866,6.305848333899111,0.4894077505491665,0,1,0,1,1,2,0,0,0,1,1,1
4018354,4f73956f-a7ff-473d-8c36-bddbd715fb1b,1,29,23,Norway Women's,Frida Maanum,Guro Reiten,62.8,14.3,55.1,3.6,13.182564,-11.702526193325468,0.8209680627223197,0.15723454934719208,-0.6637335133751276,1.4975170863712213,0.5089790502174383,-0.988538036153783,2.540590885428662,1.2031485408762501,-1.3374423445524117,1.7913990777323987,6.243424402788508,1,0,2,0,2,1,1,0,0,0,0,0
4018354,5cefde72-5718-4743-9e4a-08596b7e43f3,1,29,24,Norway Women's,Guro Reiten,Signe Gaupset,55.1,3.6,85.7,4.8,30.62352,25.262777435786155,0.15723454934719208,0.5387477392557737,0.38151318990858163,0.5089790502174383,1.0279863227914772,0.5190072725740389,1.2031485408762501,1.679867732371001,0.47671919149475084,6.243424402788508,3.3292457177218657,0,0,0,1,1,2,0,1,0,0,0,0
4018354,c133160d-2b86-41b7-9e15-6a9b1d52dcea,1,29,46,Norway Women's,Signe Gaupset,Frida Maanum,71.9,3.3,72.2,9.3,6.0074954,3.6924718202993034,0.6115540657041012,0.5767987414879966,-0.03475532421610461,1.1236485052330234,1.2097826181790934,0.08613411294606999,1.7224723798663204,2.014152095210279,0.29167971534395853,3.0958464636775482,3.3635926158414393,0,0,2,1,2,3,0,1,0,0,0,0
4018354,7fb242eb-2cb6-4fb3-9dd8-80651de8babd,1,29,50,Italy Women's,Sofia Cantore,Elisabetta Oliviero,47,77,33,77.4,14.005713,-12.85694777728591,0.6917399624772866,0.07946624695576354,-0.6122737155215231,1.331678696882439,0.3521236416035876,-0.9795550552788514,2.2721295717900265,0.9172176695502037,-1.3549119022398228,2.699045366214934,9.487748102857621,1,0,2,0,2,0,0,0,1,0,0,1
4018354,3a615596-e4f3-4872-8247-eee2f659a3b1,1,29,52,Italy Women's,Elisabetta Oliviero,Laura Giuliani,32.2,75.4,12.5,42.2,38.604794,-12.854668903003997,0.20184351523325,0.0010660874725679187,-0.20077742776068208,0.6013963875595318,0.024250743386274518,-0.5771456441732573,1.2286272312010875,0.1518003086296132,-1.0768269225714744,6.693583408473658,21.99579259087039,0,0,0,0,2,0,0,0,1,0,0,1
4018354,44d783d4-e5d2-484c-83f0-10e485455be2,1,29,57,Italy Women's,Laura Giuliani,Cecilia Salvai,17.5,39.7,19.8,30.5,9.483143,1.8510972471622011,0.007904114992254272,0.014136299654514925,0.0062321846622606526,0.08203833490205419,0.10032279660459968,0.018284461702545496,0.3375045313990851,0.35318044516513925,0.01567591376605415,15.56119478812041,13.1722747164131,0,0,0,0,0,0,0,0,1,0,0,1
4018354,5b63676e-4e34-4579-9e08-0edce8b6b802,1,30,0,Italy Women's,Cecilia Salvai,Manuela Giugliano,21.7,32.4,37.2,28.9,15.890248,15.052648134615353,0.23303956525426006,0.17665158767123318,-0.05638797758302688,0.4667038464667952,0.5043485605698377,0.03764471410304249,0.8098537434570695,1.0852630650684165,0.275409321611347,4.443610604929566,5.671092041568372,0,0,1,0,1,1,0,0,1,0,0,1
4018354,d7f7cbbd-ad00-4ce2-b6c7-522d8c09368c,1,30,37,Italy Women's,Emma Severini,Cecilia Salvai,49.3,24.4,36.7,19.8,13.413426,-13.313612979500832,0.4069473582462375,0.1264148919382176,-0.2805324663080199,0.9477703950893112,0.3792401166262661,-0.568530278463045,1.6585370537931756,0.8624942991110514,-0.7960427546821243,4.621778755069453,6.539929625541185,0,0,1,0,3,1,0,0,1,0,0,1
4018354,6e27a4a9-18d3-44c6-adb2-c0c958b58b52,1,30,39,Italy Women's,Emma Severini,Elena Linari,49,23.2,34.2,37.4,20.510485,-12.878847621216238,0.6057463502396493,0.14089643314500835,-0.46484991709464096,1.1187086744251686,0.4027747257030322,-0.7159339487221364,1.873959557147227,0.912296329860046,-0.9616632272871809,2.229082232270276,6.099969753694391,1,0,1,0,2,1,1,0,1,0,0,1
4018354,8a4efa6c-40c4-4d84-a410-8ac9fe2e2c6c,1,30,42,Italy Women's,Elena Linari,Laura Giuliani,34.6,32.9,13.6,45,24.236542,-20.822784145645016,0.6494716568013007,0.002662865155482028,-0.6468087916458187,1.011367422418757,0.03762046737318581,-0.9737469550455712,1.589627630038906,0.19292235411702288,-1.3967052759218832,1.5437303013181134,18.089644852889997,1,0,1,0,1,0,0,0,1,0,0,1
4018354,9617c5a6-89d7-4995-9e91-e3f315c9232c,1,30,44,Italy Women's,Laura Giuliani,Elisabetta Oliviero,13.6,45,27.3,66,25.073692,10.240264401903943,0.0023476258791077643,0.03744196714655382,0.03509434126744605,0.03483124159422123,0.15330442236896197,0.11847318077474074,0.1837685796530185,0.3920292228524195,0.208260643199401,18.461532524274098,9.900099097127162,0,0,0,0,0,0,0,0,1,0,0,1
4018354,5ae80c3c-022a-4e22-a857-d6e954a930ae,1,31,2,Norway Women's,Maren Nævdal Mjelde,Thea Bjelde,21.5,63.5,19.6,75.6,12.248265,-5.260233776901231,0.5851403601582564,0.16635748356612218,-0.41878287659213426,1.044022997261481,0.49774033751242275,-0.5462826597490582,1.6661762621734235,1.021314592015821,-0.6448616701576024,2.262888251215807,6.464414083805907,1,0,1,0,1,1,1,0,1,0,0,1
4018354,bc4dd0f2-0759-4a03-aaa4-792b0a6debc1,1,31,14,Italy Women's,Lucia Di Guglielmo,Barbara Bonansea,111.6,7.2,110.1,18.4,11.3,10.09784739769582,0.8568663267360981,0.829073639081088,-0.027792687655010084,1.3399251049362897,1.582253677388286,0.24232857245199635,1.950167277098657,2.563358833629163,0.6131915565305062,2.5772429471128393,2.401047157077638,2,1,2,2,2,4,0,1,0,1,1,1
4018354,dd7ee743-51ec-4e57-88b5-81381cbedf8b,1,32,13,Norway Women's,Signe Gaupset,Ada Stolsmo Hegerberg,76.7,3.4,70.2,6.1,7.038466,-3.547137087385117,1.0597713543279217,0.8484443199727363,-0.2113270343551854,1.719709062288303,1.682763980087264,-0.03694508220103887,2.580108412710748,2.713642037689337,0.13353362497858923,1.6590550709897685,3.191498217034262,1,0,2,2,3,4,1,0,1,0,0,1
4018354,519a9a3a-a3ce-4934-bb23-a5305c45169a,1,32,13,Norway Women's,Ada Stolsmo Hegerberg,Guro Reiten,70.6,5.4,66,0.9,6.43506,-6.357552062779497,1.02858699207089,0.21215942200027055,-0.8164275700706196,1.840127394371803,0.7093470409707213,-1.1307803534010819,2.8312392782773337,1.5540650638416738,-1.27717421443566,2.140584785843874,6.473104497220792,1,0,2,0,4,1,0,0,1,0,0,1
4018354,8b20b92e-103e-4178-ad6d-289159e624ca,1,32,15,Norway Women's,Guro Reiten,Tuva Hansen,62.6,2,47.7,2.9,14.927156,-12.424500848221783,0.4800071752819022,0.03215720789498957,-0.44784996738691263,1.0581182895558305,0.21128671039742783,-0.8468315791584027,1.8969523091379565,0.6705692598235546,-1.226383049314402,3.2450025330955543,12.608229947963897,0,0,1,0,2,0,0,0,1,0,0,1
4018354,862e3cc2-4658-4c83-9ab3-4b2ea6ddfd0a,1,32,22,Norway Women's,Tuva Hansen,Ingrid Syrstad Engen,38.1,10.7,44.3,14.5,7.2718635,7.103797436508756,0.3980702547121169,0.9162108300439532,0.5181405753318363,0.7503466527894113,1.433882537867552,0.6835358850781407,1.2321455674424404,2.0004513638857775,0.7683057964433371,3.101240609118795,1.2799819420836798,0,1,1,1,1,3,0,1,1,0,0,1
4018354,d9bd8ebf-6cab-45ec-84ba-5ae6b709a255,1,32,22,Norway Women's,Ingrid Syrstad Engen,Maren Nævdal Mjelde,44.3,14.6,21,41,35.211502,-19.157382908733666,0.9162108249302335,0.008591641672644701,-0.9076191832575888,1.433882540086071,0.07856490594727876,-1.3553176341387922,2.000451366226372,0.31367528411689416,-1.6867760821094777,1.279982030273335,14.751431437500946,1,0,1,0,3,0,1,0,1,0,0,1
4018354,f72eaf05-b8aa-4ab1-9650-c2fe7220187e,1,32,26,Norway Women's,Maren Nævdal Mjelde,Cecilie Fiskerstrand,19,40.8,7.5,32.6,14.124093,-11.73994682198736,0.06168623892109782,0.11931070835232022,0.057624469431222396,0.23102275336251743,0.3274747241635463,0.09645197080102885,0.5726715002739909,0.6468113563038661,0.07413985602987516,8.56141528014632,6.572673500729271,0,0,0,0,0,1,0,1,1,0,0,1
4018354,37535ef7-4f85-4db1-891e-e981afb3a6f4,1,32,42,Italy Women's,Manuela Giugliano,Cecilia Salvai,75.1,32,65.5,44.9,16.080112,-9.112705235000568,0.5300939333140532,0.036399782690599694,-0.4936941506234535,1.1097125788658322,0.23835019473186,-0.8713623841339722,2.067401326247348,0.7751535447395399,-1.2922477815078082,2.662930890745846,11.835539923463848,1,0,1,0,1,0,1,0,1,0,0,1
4018354,e5dd9d0a-9024-40f7-a8b4-55d038abfc8e,1,32,57,Norway Women's,Lisa Fjeldstad Naalsund,Caroline Graham Hansen,53.5,58.7,70.8,69.2,20.237095,11.866643846207808,0.7786517119330951,0.36518897087952545,-0.41346274105356967,1.2882115585566365,0.8725503814683538,-0.41566117708828265,2.0478245237384063,1.611183613681973,-0.43664091005643324,1.3840794573348647,4.3127771386045,1,0,1,1,2,2,1,0,1,0,0,1
4018354,c70e3e82-341a-40cb-83cd-c3a6b5fd01ac,1,33,0,Norway Women's,Caroline Graham Hansen,Signe Gaupset,75.8,71.3,91.6,19.9,53.773598,19.366978786906408,0.971249125341784,0.15621922632313762,-0.8150298990186464,1.594622150030018,0.4186046054738875,-1.1760175445561305,2.3191806420271113,0.8596252076745101,-1.4595554343526012,2.2383766913089467,5.851973160541295,2,0,2,0,2,1,1,0,1,0,0,1
4018354,118064d4-2d9c-491a-9e3b-c1abb770cec5,1,33,3,Norway Women's,Signe Gaupset,Frida Maanum,91.3,20.3,98.9,28,10.818965,10.536982297132614,0.1562191525724337,0.6654181239771001,0.5091989714046664,0.4186045101281082,1.251162135292525,0.8325576251644169,0.8596251213743851,1.9214311554216343,1.0618060340472493,5.8519747262571284,3.31221968666762,0,0,0,2,1,3,0,0,1,0,0,1
4018354,56f72b84-1a69-4930-9208-ff82057920b4,1,33,4,Norway Women's,Frida Maanum,Signe Gaupset,98.9,28,97.8,21.4,6.6910386,-4.688395863667587,0.6654181239771001,0.27455224674949913,-0.39086587722760097,1.251162135292525,0.673810851409443,-0.5773512838830821,1.9214311554216343,1.2974677687461853,-0.623963386675449,3.31221968666762,4.917610517044524,0,0,2,1,3,2,0,0,1,0,0,1
4018354,e3b6b477-b234-4258-80de-b2c2cef585b0,1,33,7,Norway Women's,Signe Gaupset,Ingrid Syrstad Engen,97.5,28,88.8,35.8,11.684606,-5.981423093627779,1.1262751161264193,0.2507250729792839,-0.8755500431471354,1.7328224498076807,0.7498054426415716,-0.9830170071661092,2.5887794797727968,1.688930418610558,-0.8998490611622387,1.4219388585964383,4.949057230343964,2,0,2,1,2,1,0,0,1,0,0,1
4018354,64ee46c8-ceb5-4c5f-99d1-10506f0233b1,1,33,10,Norway Women's,Ingrid Syrstad Engen,Thea Bjelde,86.3,39.5,76.8,69.8,31.75437,-18.777525746863574,0.2916211408272148,0.03465155421021769,-0.2569695866169971,0.801870607919034,0.2210088350254658,-0.5808617728935681,1.715346592996884,0.7191336657596201,-0.996212927237264,4.707416632183468,11.960071529671946,0,0,1,0,1,0,0,0,0,0,0,0
4018354,33d248eb-c8e7-4e1b-9791-1345788ed6ef,1,33,13,Norway Women's,Thea Bjelde,Caroline Graham Hansen,79.3,71.3,93,75.6,14.35897,6.663098954113799,0.16494010878194237,0.16424759067494135,-0.0006925181070010222,0.5270469633000114,0.5185928178980018,-0.008454145402009616,1.1713561740672318,1.1325065153956653,-0.038849658671566534,7.441018010171502,6.939449826781198,0,0,0,0,2,1,0,0,0,0,0,0
4018354,6a01258e-d289-494a-9e92-88b1289b1038,1,33,39,Norway Women's,Caroline Graham Hansen,Ingrid Syrstad Engen,90.5,72.8,85.5,60.7,13.092364,3.8809420101189716,0.8165259260065388,0.318610549347987,-0.49791537665855184,1.4388089441005554,0.9662096816755422,-0.47259926242501316,2.259498163020735,1.990161882498106,-0.2693362805226289,2.8709283107676824,5.779737385234767,1,0,2,0,2,2,0,0,1,0,0,1
4018354,b946c3e2-ec3c-43e9-8683-9ef2f282369b,1,33,40,Norway Women's,Ingrid Syrstad Engen,Signe Gaupset,85.5,60.7,94.4,58.7,9.121951,8.531044515573733,0.318610549347987,0.4688689337526431,0.1502583844046561,0.9662096816755422,1.1868829814385238,0.22067329976298156,1.990161882498106,2.2848174607182563,0.2946555782201503,5.779737385234767,4.943104506002085,0,0,0,1,2,2,0,0,1,0,0,1
4018354,9a85b4ae-2ff5-4e50-87de-be313230a69f,1,33,42,Norway Women's,Signe Gaupset,Frida Maanum,98.7,58.5,100.7,50.6,8.149233,6.193098909868034,0.69412936147592,0.7470742663291925,0.05294490485327252,1.5114117551885489,1.605679870082461,0.09426811489391218,2.6159094458893324,2.7282993858927957,0.11238994000346336,3.5782255494551105,3.4350179659445335,0,0,1,2,4,4,0,0,1,0,0,1
4018354,8f6e5ebb-1eaa-4da1-b785-2dc4465a3a9f,1,33,43,Norway Women's,Frida Maanum,Ingrid Syrstad Engen,100.5,49.8,93.2,52.7,7.8549347,-7.832801760554389,1.148940058851626,0.2989239839803902,-0.8500160748712359,2.118886482344216,1.0005711942538136,-1.1183152880904024,3.251577525206606,2.163541047997803,-1.088036477208803,2.4864902030951392,6.163279048037933,1,0,4,0,4,1,0,0,1,0,0,1
4018354,eeef3c84-072b-436d-8721-7a5d28482bd2,1,33,44,Norway Women's,Ingrid Syrstad Engen,Signe Gaupset,93.2,52.7,108.3,25.3,31.2853,10.869109067747932,0.2989239839803902,0.2234100274323035,-0.07551395654808671,1.0005711942538136,0.655917702600746,-0.3446534916530676,2.163541047997803,1.4653745419672717,-0.6981665060305313,6.163279048037933,5.242708087146834,0,0,0,0,1,1,0,0,1,0,0,1
4018354,4e8c8bc3-7b2c-4cde-bb86-089409aa18d0,1,33,50,Norway Women's,Signe Gaupset,Guro Reiten,108.8,24.7,92.8,22.6,16.137224,-13.328040790475512,0.8159471084940462,0.10925952681332388,-0.7066875816807223,1.5251755935047684,0.4638585059662166,-1.0613170875385518,2.5257822393530818,1.2137527600799554,-1.3120294792731264,2.3746720286018044,8.326704635070904,1,0,2,0,2,0,0,0,0,0,0,0
4018354,d5186d4a-3711-4460-8a02-d6dc8898d079,1,34,35,Norway Women's,Ingrid Syrstad Engen,Lisa Fjeldstad Naalsund,39.7,56.9,44.5,63.5,8.160882,2.9863737141130997,0.5659602501981728,0.7708219389409078,0.20486168874273503,1.2411833054098764,1.3897176363997652,0.14853433098988877,2.198684349620472,2.1687720829466763,-0.029912266673795873,3.43968845628387,2.334095615284805,0,1,1,2,3,2,1,1,0,0,0,0
4018354,6551cb50-d1ea-4b98-8793-0207ce276aec,1,34,53,Italy Women's,Manuela Giugliano,Elena Linari,65.7,10,51.5,6.8,14.556098,-14.085348430884238,0.8380343880298158,0.01130356149498426,-0.8267308265348315,1.3827061572683768,0.10762956179986724,-1.2750765954685095,2.1603675171062116,0.4305473232054547,-1.729820193900757,2.4051284619160995,15.286793605857348,1,0,2,0,2,0,0,0,1,0,0,1
4018354,f5b0cec4-32c8-4f4f-b116-22471c839d1f,1,34,55,Italy Women's,Elena Linari,Manuela Giugliano,51.8,7,57.2,11.4,6.96563,6.75857471603409,0.015690874369905218,0.13549446640827045,0.11980359203836524,0.13183146394429904,0.47133262431952755,0.3395011603752285,0.48719548269906865,1.0646156048021909,0.5774201221031222,14.774318432261023,7.523166319289656,0,0,0,0,0,1,0,0,1,0,0,1
4018354,d6f50b3f-f2b1-48b5-ae23-9fa3b43b8168,1,35,1,Italy Women's,Manuela Giugliano,Cecilia Salvai,56.1,17,44.5,28.7,16.47574,-8.427692270102995,0.4645768285362409,0.04360298944875618,-0.4209738390874847,0.8398000457343252,0.2094730573246161,-0.6303269884097091,1.4457048743754362,0.6038738518569831,-0.8418310225184531,2.595702056543947,10.058555843767207,1,0,1,0,1,0,0,0,1,0,0,1
4018354,eefae938-ec37-4d39-ba86-c09aef9e7a82,1,35,3,Italy Women's,Cecilia Salvai,Elena Linari,44.5,28.7,49.9,14.1,15.566631,1.6092924961979094,0.16307141350990292,0.1535213259701413,-0.009550087539761637,0.4423028379288771,0.43356202525699467,-0.008740812671882425,0.9258019739231744,0.9355705663470274,0.009768592423852973,5.9403220630942775,5.996974417229792,0,0,0,0,1,1,0,0,1,0,0,1
4018354,c9a05d6b-cd40-447f-8d9e-558452487b35,1,35,5,Italy Women's,Elena Linari,Laura Giuliani,47.2,15.1,21.9,35.3,32.374836,-21.271963185109698,0.41246725616182733,0.0005938038235451323,-0.4118734523382822,0.7162668043677709,0.018105617317506748,-0.6981611870502642,1.2402993080225473,0.13541436417696545,-1.104884943845582,2.776517308219599,23.713096164562714,1,0,1,0,1,0,0,0,1,0,0,1
4018354,683a6d02-077e-43a4-94e1-7af10bda0d05,1,35,20,Italy Women's,Cecilia Salvai,Manuela Giugliano,61.4,30.5,71,47.2,19.26266,9.838902355837526,0.7348539952395349,0.15299130905925315,-0.5818626861802817,1.5604833013208121,0.617868909611071,-0.9426143917097412,2.7116831330614746,1.5196469981619658,-1.1920361348995088,2.966233357699517,7.249854209822526,1,0,2,0,3,1,0,0,0,0,0,0
4018354,fe1b9674-5f95-4aa2-b607-0c8110bed349,1,35,36,Norway Women's,Caroline Graham Hansen,Lisa Fjeldstad Naalsund,73.4,55.5,65.6,58.5,8.357033,-8.34945576430551,0.8223949820313842,0.29581276135465506,-0.5265822206767291,1.4131215720053414,0.7793180042156252,-0.6338035677897161,2.3419997832366892,1.6013295082557972,-0.740670274980892,1.5072150080540616,4.734997121170966,1,0,1,1,2,1,1,0,1,0,0,1
4018354,f535e0eb-6794-41c7-a92d-3b37c89b303b,1,35,38,Norway Women's,Lisa Fjeldstad Naalsund,Maren Nævdal Mjelde,67.1,58.3,55.8,51.4,13.24009,-9.22840667107642,0.43224722569213825,0.08065105446976097,-0.3515961712223773,0.9767006312408741,0.31526544246827815,-0.661435188772596,1.8232395201002658,0.809014793365208,-1.014224726735058,3.754223711845279,8.121646165421547,0,0,1,0,2,0,0,0,1,0,0,1
4018354,d8c7ec9f-5b83-4fe4-a76e-5860b95753ef,1,35,40,Norway Women's,Maren Nævdal Mjelde,Tuva Hansen,55,50.9,51,29.2,22.065584,-3.932516276013857,0.17565629434728405,0.04139399679049455,-0.1342622975567895,0.43914841596644105,0.20383971121279507,-0.235308704753646,0.9059602579033557,0.5949981676624406,-0.31096209024091503,5.394293902670236,10.184833084365891,0,0,0,0,1,0,0,0,1,0,0,1
4018354,58c75e13-5bcb-47b4-af11-c7c66034b1aa,1,35,42,Norway Women's,Tuva Hansen,Guro Reiten,52.3,26.2,58.5,12.1,15.402922,1.5595260308720214,0.0654477481959914,0.02845383991990268,-0.03699390827608873,0.2665703055433912,0.19522093069283858,-0.0713493748505526,0.7116845822857815,0.6608596020705034,-0.05082498021527804,8.736783350365624,13.041966031823256,0,0,0,0,0,0,0,0,1,0,0,1
4018354,4bb2cb05-1207-4d37-9dde-cd61dc2f8887,1,35,46,Norway Women's,Guro Reiten,Ingrid Syrstad Engen,58.2,16.8,58.9,28.5,11.7209215,3.8383875239506438,0.11076707941085598,0.2349854668284353,0.12421838741757932,0.4103363768430672,0.7197420804379225,0.30940570359485536,0.9945969107841605,1.4919243164356533,0.4973274056514928,7.537338814716225,6.036190216886197,0,0,0,0,1,1,0,0,1,0,0,1
4018354,3f3cb792-121e-4de8-a3f1-4209ac4ee298,1,35,49,Norway Women's,Ingrid Syrstad Engen,Lisa Fjeldstad Naalsund,62.3,31,64.8,52.3,21.44621,1.8439085958780694,0.5693055757478598,0.1535900526140864,-0.41571552313377336,1.1109279277331798,0.4780296423030452,-0.6328982854301346,1.8995560440752888,1.1268632588806284,-0.7726927851946603,2.40334919273592,6.056380940667606,1,0,1,0,1,1,0,0,1,0,1,1
4018354,de0c0d2b-6851-4fa6-9c87-d253a529c8d3,1,35,52,Norway Women's,Lisa Fjeldstad Naalsund,Thea Bjelde,63.5,59.4,116.5,58,53.018486,41.40072313082733,0.6835349304126977,0.030730903400204606,-0.6528040270124932,0.953988753765803,0.2129926728499245,-0.7409960809158785,1.4870407349623473,0.6814964165217196,-0.8055443184406278,1.2319071759027307,12.826682021008313,1,0,1,0,1,0,1,0,1,1,1,1
4018354,a1b6b39d-f09d-441e-a4d5-d32f7821cf55,1,37,7,Norway Women's,Caroline Graham Hansen,Thea Bjelde,65.3,66.2,70.6,73.8,9.265528,0.7943911732556757,0.6500501868929318,0.6335796963657353,-0.016470490527196513,1.3128731506429825,1.1880391266113988,-0.12483402403158372,2.1930435211958876,1.8558666774645145,-0.33717684373137313,2.7977385811215725,2.8375926197469794,1,1,1,1,3,2,0,0,0,0,0,0
4018354,24aab72d-36db-499b-8695-41044aaafc59,1,37,56,Italy Women's,Emma Severini,Manuela Giugliano,45.2,9.8,39.5,10.3,5.7218876,-5.137605328141731,0.35177026127277977,0.2099231784012908,-0.14184708287148898,0.9902737011619173,0.6669452959292895,-0.32332840523262774,1.90179632789669,1.4452097217280238,-0.4565866061686663,6.10221988797863,5.801922074826819,0,0,0,0,2,1,0,0,1,0,0,1
4018354,6779cc26-fa58-4613-a5c4-0a630a821d66,1,38,5,Italy Women's,Manuela Giugliano,Emma Severini,52,26.6,44.3,36.7,12.700394,-6.464174897850256,1.0465564829456535,0.1960870425500501,-0.8504694403956035,1.5666107133153078,0.6714227097657871,-0.8951880035495207,2.4694336174513416,1.482821483439752,-0.9866121340115896,0.497100726388443,7.465992566019315,1,0,1,0,2,1,0,0,1,0,0,1
4018354,30db89e9-b04a-47fc-a848-6f3cde19939b,1,38,6,Italy Women's,Emma Severini,Cecilia Salvai,43.4,38.1,39.9,45.9,8.549269,-3.69343661044617,0.12473817430180029,0.029570665706193613,-0.09516750859560667,0.5116930530117448,0.21986130874777887,-0.29183174426396596,1.2460755402473098,0.7370947042083864,-0.5089808360389234,9.144077174531168,13.989970304662112,0,0,0,0,0,0,0,0,1,0,0,1
4018354,0b520006-0f3a-431d-8c5c-4ba5b58ab95b,1,38,10,Italy Women's,Cecilia Salvai,Manuela Giugliano,42.2,45.2,54.7,40.6,13.319534,12.670828820665918,0.03404263674960663,0.4183660381191448,0.3843234013695382,0.23844581711052112,0.908119439719098,0.6696736226085769,0.7662600533580693,1.6683564936912714,0.902096440333202,12.586836192624533,3.200792919390584,0,0,0,1,0,1,0,0,1,0,0,1
4018354,a56dbef0-bacd-4611-87dd-061bd6d60733,1,38,14,Italy Women's,Manuela Giugliano,Cecilia Salvai,51.1,55.5,42.2,49.7,10.623088,-7.780408396737727,0.7026039938866054,0.042100565916206284,-0.6605034279703992,1.0452633443176662,0.19467857965563726,-0.8505847646620289,1.6028212702609277,0.5724537672694083,-1.0303675029915194,1.3012615778102157,9.714211790824555,1,0,1,0,1,0,0,0,0,0,0,0
4018354,662c8097-1d58-4ecb-82a4-67f688607cea,1,38,16,Italy Women's,Cecilia Salvai,Arianna Caruso,43.6,46.4,63.4,42.9,20.106964,19.993349605939272,0.31326117614567905,0.5267238300069756,0.2134626538612966,0.574169493098954,1.0392350414479932,0.4650655483490391,1.0079094191258837,1.7164147839759258,0.7085053648500421,3.5447028060225034,3.349249277013777,0,0,1,1,1,2,0,0,0,0,0,0
4018354,3c06851f-470b-4052-9390-1b87f16c2bc0,1,38,33,Norway Women's,Frida Maanum,Guro Reiten,107.6,4.7,72.9,5.7,34.714405,-20.851201042646927,0.3976160281504753,0.09162684627305698,-0.3059891818774183,0.7136982178979681,0.266613453197607,-0.44708476470036107,1.2363343887508793,0.5983108098199753,-0.638023578930904,2.949237783837636,7.211936006803451,1,0,1,0,1,1,0,0,1,0,0,1
4018354,a85255ac-f7c3-4f2b-97bd-95dcacebb6e8,1,38,36,Norway Women's,Guro Reiten,Tuva Hansen,72.9,5.7,57.6,22.4,22.649061,-6.568788288557144,0.10660336441872774,0.004317000761311972,-0.10228636365741577,0.2882683605316721,0.05554830828714206,-0.23272005224453005,0.6172916104566037,0.2517896539543574,-0.3655019565022464,6.749411024253268,17.651632440875552,0,0,0,0,1,0,0,0,1,0,0,1
4018354,8ef34860-5eeb-4f1b-94c9-1c95d50cd6d8,1,38,41,Norway Women's,Tuva Hansen,Guro Reiten,58.2,26.4,63.3,10.4,16.793154,-0.6825680268878642,0.02288790192382912,0.14470055922190003,0.12181265729807092,0.16525969688956726,0.39017912426600637,0.2249194273764391,0.5441340139235122,0.814944489135505,0.27081047521199275,12.815746441059751,6.005527788986647,0,0,0,0,0,1,0,0,1,0,0,1
4018354,655dda18-d21a-4d8d-8f8d-cc2cf67324ea,1,38,42,Norway Women's,Guro Reiten,Tuva Hansen,63.3,10.4,53.9,23.5,16.123585,-4.166944955590317,0.14470055922190003,0.16602784971224097,0.021327290490340933,0.39017912426600637,0.495114902347868,0.10493577808186161,0.814944489135505,1.0153249342527024,0.20038044511719744,6.005527788986647,6.2629689362577174,0,0,0,0,1,1,0,0,1,0,0,1
4018354,0d2d4f08-ce74-4e79-8998-a5ae1232cb1d,1,38,44,Norway Women's,Tuva Hansen,Guro Reiten,54.1,21.7,51.8,12,9.968952,-5.330367029567185,0.1660279211288362,0.30082168607379867,0.13479376494496248,0.4951150667382666,0.6590852291139315,0.16397016237566492,1.0153251784953208,1.1091592186487003,0.09383404015337948,6.262968206715698,4.402114013816142,0,0,0,1,1,1,0,0,1,0,0,1
4018354,43914878-81d9-4d55-9abf-eb1e24f3db3c,1,38,46,Norway Women's,Guro Reiten,Cecilie Fiskerstrand,51.8,12,24.9,37.4,36.99689,-21.41145470533415,0.30082168607379867,0.0003750530844374532,-0.3004466329893612,0.6590852291139315,0.009894117705995891,-0.6491911114079356,1.1091592186487003,0.06694219442176999,-1.0422170242269302,4.402114013816142,23.795197195594554,0,0,1,0,1,0,0,0,1,0,0,1
4018354,d1d76908-3cb8-44ad-bcd7-821a983d93b4,1,38,49,Norway Women's,Cecilie Fiskerstrand,Maren Nævdal Mjelde,26.3,38.6,37,49.6,15.345683,10.157122068823156,0.0004458250405654891,0.002795523316079052,0.002349698275513563,0.010833158998816945,0.036817437853061824,0.02598427885424488,0.07016452601251474,0.16147024716092695,0.0913057211484122,23.24851050468833,18.29513161223961,0,0,0,0,0,0,0,0,1,0,0,1
4018354,26e331ab-ce5c-443a-8922-8456fbb2b393,1,38,55,Norway Women's,Tuva Hansen,Guro Reiten,44.3,26.9,45.7,18.3,8.713208,-0.5788789661657887,0.02644254820891003,0.0274057276090381,0.0009631794001280676,0.193744524899802,0.18057732052724657,-0.013167204372555447,0.6266949182794529,0.5972093728925522,-0.029485545386900736,12.986876085458643,11.66703929846442,0,0,0,0,0,0,0,0,1,0,0,1
4018354,c2bb8776-ba38-406e-b66e-31d0c8dcd93f,1,38,56,Norway Women's,Guro Reiten,Frida Maanum,50.7,15.9,66.7,5.6,19.028662,9.933998588914271,0.02832765057546113,0.09587002032399038,0.06754236974852924,0.1873017549097107,0.3432962802146269,0.15599452530491617,0.6142502752450184,0.8347372809332244,0.220487005688206,11.697000171730709,7.661329034453051,0,0,0,0,0,1,0,0,1,0,0,1
4018354,6cdca49c-49a6-4d17-9c3e-f591a9fc24a0,1,39,16,Italy Women's,Sofia Cantore,Arianna Caruso,44.3,77.7,32.4,75.1,12.180722,-9.80218997239885,0.4285318109762085,0.02726470829971875,-0.4012671026764898,0.7442466717280515,0.15271392202094064,-0.5915327497071108,1.24735102206722,0.4660874450747212,-0.7812635769924987,2.708843127688396,11.32730141010793,1,0,1,0,1,0,0,0,1,0,0,1
4018354,991728a5-417d-4b92-a695-409bc0fa6e59,1,39,19,Italy Women's,Arianna Caruso,Elisabetta Oliviero,32.4,74.5,33,70.1,4.4407206,2.089053964776184,0.021448674890871815,0.03493836532265143,0.013489690431779618,0.14436581729821718,0.21831748131777517,0.073951664019558,0.4919607839154058,0.6744367883408238,0.18247600442541795,12.125365845876974,11.53528676565874,0,0,0,0,0,0,0,0,1,0,0,1
4018354,9767fea6-3bf1-4a19-a7cc-fe8fad44beb2,1,39,20,Italy Women's,Elisabetta Oliviero,Arianna Caruso,33,70.1,31.3,72.9,3.275668,-2.545150646930324,0.03493836532265143,0.028299670079113003,-0.006638695243538429,0.21831748131777517,0.1761143102516011,-0.04220317106617408,0.6744367883408238,0.5637771549949454,-0.11065963334587836,11.53528676565874,11.478455741901714,0,0,0,0,0,0,0,0,1,0,0,1
4018354,50050a9c-846d-45d3-a9b2-33a0381bf580,1,39,21,Italy Women's,Arianna Caruso,Cecilia Salvai,31.3,72.9,30.3,63.5,9.453042,1.87773375422465,0.028847918592998293,0.02296871815355046,-0.005879200439447833,0.17688612641600016,0.15437902915170743,-0.02250709726429273,0.5602240863110453,0.5224165805503254,-0.037807505760719895,11.444562158449088,12.07137490105369,0,0,0,0,0,0,0,0,1,0,0,1
4018354,6bb19a8e-95f4-4376-aa9d-8c57210d6fa8,1,39,25,Italy Women's,Cecilia Salvai,Arianna Caruso,29.6,61.2,32.6,65,4.8414874,1.9473459436760123,0.018695645144793622,0.020907709434010033,0.002212064289216411,0.13585294499474912,0.1553416412033752,0.01948869620862609,0.48009778649511087,0.5302564989807458,0.050158712485634915,12.67950319873923,13.415858409626939,0,0,0,0,0,0,0,0,1,0,0,1
4018354,f62d56a4-c4c3-469b-8f7c-280c8816993f,1,39,31,Italy Women's,Arianna Caruso,Elena Linari,40.4,57.1,35.5,34,23.61398,-3.296719563275758,0.2027755333666572,0.009640929697482392,-0.19313460366917481,0.45887613035979996,0.09058821878553658,-0.3682879115742634,0.9030757313309296,0.36105386363665404,-0.5420218676942755,4.8974195981654995,15.134080002195565,0,0,1,0,1,0,0,0,1,0,0,1
4018354,cbce6630-9236-419a-b487-ab36c63030c8,1,39,35,Italy Women's,Elena Linari,Manuela Giugliano,38.8,32,50.4,33.1,11.652039,11.651947385329962,0.010511685103914785,0.1827552801028648,0.17224359499895,0.10044684333377375,0.5593771106273313,0.45893026729355757,0.3984799626564336,1.1949970540467918,0.7965170913903582,15.688481101311979,5.993870300242303,0,0,0,0,0,1,0,0,1,0,0,1
4018354,5699dbce-664a-4a9b-be55-c0c274366179,1,39,37,Italy Women's,Manuela Giugliano,Lucia Di Guglielmo,51.1,27.6,61.6,6.4,23.657768,2.6309681240924903,0.10336850282816844,0.020585241020760137,-0.0827832618074083,0.4056529668191342,0.12010133837606216,-0.285551628443072,0.9715906526504653,0.38761532751177435,-0.583975325138691,8.281904891371461,11.891489750153701,0,0,0,0,0,0,0,0,1,0,0,1
4018354,cb309118-e9d0-4369-b95e-18c26f7ca778,1,39,43,Italy Women's,Manuela Giugliano,Cecilia Salvai,66,22.8,56.3,40.2,19.921095,-7.027216296675377,0.4000769658859639,0.009650091027275848,-0.3904268748586881,0.7673564165482443,0.10491284558281327,-0.662443570965431,1.3841730533472472,0.4561387372405213,-0.9280343161067259,3.03942632233984,16.343168485955257,0,0,1,0,1,0,0,0,1,0,0,1
4018354,c86aebac-5b65-4352-a95d-ac56d97716a0,1,39,47,Italy Women's,Cecilia Salvai,Elisabetta Oliviero,62.3,40.4,77.4,78.6,41.07615,0.21469235250692975,0.0342905863117521,0.0023355962759072212,-0.03195499003584488,0.21818194184778508,0.04329447024492708,-0.174887471602858,0.7248045219599412,0.25133042790871213,-0.47347409405122903,12.191809864144913,20.248832275358943,0,0,0,0,0,0,0,0,1,0,0,1
4018354,155838bb-d717-47ab-a99c-ecc7c5eadd16,1,40,8,Italy Women's,Elena Linari,Emma Severini,34.9,34.2,51.3,23,19.859507,14.525321806390934,0.006016677239632607,0.023272677054598533,0.017255999814965926,0.05681317787128499,0.15270252507975218,0.0958893472084672,0.23606526535684508,0.48985214544526645,0.2537868800884214,15.504059510073926,12.720427084474952,0,0,0,0,0,0,0,0,1,0,0,1
4018354,ecfd878c-b3de-4ef3-9cbd-5f52b9cf662f,1,40,11,Italy Women's,Emma Severini,Barbara Bonansea,51.5,20.8,64.6,3.4,21.780037,4.741739780889006,0.02022439531596383,0.18724206769497542,0.1670176723790116,0.14564582851178623,0.39343665135219674,0.2477908228404105,0.4988890674905032,0.7135430385030975,0.2146539710125943,13.658671971073282,5.052152187078918,0,0,0,0,0,1,0,0,1,0,0,1
4018354,5b1209f8-172f-401d-be31-3089f86228b7,1,40,13,Italy Women's,Barbara Bonansea,Emma Severini,64.8,3.8,57.5,12.8,11.588356,-2.1510217756318326,0.4991964927637332,0.2030441842562414,-0.29615230850749175,0.7031503400491329,0.4953791217069274,-0.20777121834220552,1.0038204717241461,1.0172209541615367,0.01340048243739056,2.1081922479541446,5.059301311337499,1,0,1,0,1,1,0,0,1,0,0,1
4018354,ce218bdf-5bd9-440b-9d34-cc6f37428a8f,1,40,14,Italy Women's,Emma Severini,Barbara Bonansea,57.2,12,59.1,5,7.253275,-1.4817945621719133,0.38959915302418113,0.4356941389406071,0.04609498591642597,0.8240445843864218,0.872733967629192,0.04868938324277017,1.4858023098765094,1.4601560465565009,-0.025646263320008522,3.547856557982879,3.970964430989553,0,0,1,1,1,2,0,0,1,0,0,1
4018354,f2ef90d3-756c-4d2e-8751-9dd8cfe9a4c1,1,40,15,Italy Women's,Barbara Bonansea,Lucia Di Guglielmo,59.3,4.9,39.5,14.1,21.833002,-14.446182212464066,0.3869063596653691,0.010544032667974396,-0.37636232699739475,0.8172455511986852,0.09026613080879198,-0.7269794203898933,1.4062133428778958,0.3606282243343324,-1.0455851185435634,4.171406796824594,14.068119441805763,0,0,1,0,2,0,0,0,1,0,0,1
4018354,3fc5e543-5965-4ec4-80d9-84813b2ad7ef,1,40,18,Italy Women's,Lucia Di Guglielmo,Elena Linari,40.6,16.2,44.3,34.9,19.062529,7.018686871047038,0.008867735917668203,0.014118379759887405,0.005250643842219202,0.08417070788495676,0.12881006726986863,0.04463935938491187,0.3559760273867825,0.5222943338000802,0.16631830641329765,14.647422656233907,13.772642789097208,0,0,0,0,0,0,0,0,1,0,0,1
4018354,fe5d9adf-cadc-422f-8796-015960590f97,1,40,24,Italy Women's,Elena Linari,Cecilia Salvai,47.2,34.3,46.8,46.1,11.806778,-0.4309222734575826,0.028481610760746887,0.033744105583987785,0.005262494823240899,0.18362997300013775,0.19867600177069544,0.01504602877055769,0.6330833400352935,0.6307664522054266,-0.0023168878298669426,11.2401816600808,11.319621319966526,0,0,0,0,0,0,0,0,1,0,0,1
4018354,14a6c6e6-9fbf-4d8f-8722-c1872ccfe7ef,1,40,27,Italy Women's,Cecilia Salvai,Sofia Cantore,49.5,44.7,71.5,69,32.779415,14.14764411377218,0.19786515739773952,0.40946948486397095,0.21160432746623142,0.508902310847925,0.793271156789505,0.28436884594157996,1.070615951560108,1.4216843390622296,0.35106838750212166,5.256664561032261,3.0393981905374576,0,0,0,1,1,1,0,0,1,0,0,1
4018354,0c98ef25-9307-455a-8b32-b4c25e5630a5,1,43,8,Italy Women's,Cecilia Salvai,Sofia Cantore,54.7,50.9,117.2,67.4,64.64132,38.66078009796438,0.2938277314321661,0.7032815731656427,0.40945384173347654,0.5642661577469756,0.9512555079661911,0.38698935021921543,1.026480422114545,1.3563528882247369,0.32987246611019194,3.7582387227638843,1.196222191095194,0,1,1,1,1,1,0,1,0,0,0,0
4018354,a52d1fc1-5fea-4fc8-8ffb-2b6001445e0a,1,44,9,Norway Women's,Ingrid Syrstad Engen,Signe Gaupset,34.2,72.9,48.7,71.3,14.588009,14.023803795265835,0.9071691957674097,0.4458540349220447,-0.46131516084536506,1.3387846980564262,0.9705192176951623,-0.36826548036126394,1.868992350736107,1.6565110824310976,-0.21248126830500946,2.1266426262846734,4.242859946912151,2,0,2,1,2,3,0,0,1,1,1,1
4018354,4b2e1aee-dcab-4b35-8334-0f7ea7321613,1,44,54,Norway Women's,Thea Bjelde,Maren Nævdal Mjelde,57.8,58.9,65.3,61.9,8.077747,6.086942691560822,0.3441063685213588,0.29893300390811106,-0.045173364613247724,0.7215531373662653,0.8019659301275077,0.08041279276124247,1.2109324877149106,1.4932952222558296,0.282362734540919,4.23477816609378,5.749283827766824,0,0,1,0,2,2,1,0,1,0,0,1
4018354,d289f830-e343-48eb-ab6f-e4f672f9912f,1,44,56,Norway Women's,Maren Nævdal Mjelde,Caroline Graham Hansen,66.5,61.9,76.5,71,13.520725,4.393001229850107,0.9150292477142,0.34462264326821934,-0.5704066044459807,1.4699430564716665,0.796692689220766,-0.6732503672509005,2.151022349413932,1.5143552981134631,-0.6366670513004691,2.511591791765499,4.114457595090683,2,0,2,1,2,1,0,0,1,0,0,1
4018354,4d456b56-6be6-4896-bce9-94991381e94a,1,45,0,Norway Women's,Caroline Graham Hansen,Ingrid Syrstad Engen,73.3,65.8,69.9,53,13.243867,1.5937280542773067,0.9139659153511596,0.42852746380183454,-0.485438451549325,1.4355764489741134,1.1277616189230817,-0.3078148300510317,2.156088329295357,2.1879963270555822,0.031907997760225015,1.0987580612315473,4.118805578032936,1,0,1,1,2,1,1,0,0,0,0,0
4018354,6c541d33-7d6e-4035-996e-0b9558d1dfc3,1,45,5,Italy Women's,Emma Severini,Cristiana Girelli,43.3,19.9,43.1,13.4,6.503076,-2.080597930613038,0.21319982590494113,0.21081419602721924,-0.0023856298777218954,0.6480362272292909,0.5938829947228482,-0.05415323250644266,1.3619879018446726,1.2696894568826924,-0.09229844496198014,6.424427848042777,5.311391860227817,0,0,0,0,2,1,0,0,1,0,0,1
4018354,b74aa730-57fb-4c54-8836-9b4f73557116,1,45,8,Italy Women's,Cristiana Girelli,Lucia Di Guglielmo,40.9,12,33.8,9.1,7.66942,-7.661476077481211,0.47615576899291506,0.06286031367465962,-0.41329545531825546,0.8153953091357035,0.25498904222323243,-0.560406266912471,1.4004717909537967,0.6834632846318598,-0.7170085063219369,2.4022500379305374,8.60037679717471,1,0,1,0,1,0,0,0,1,0,0,1
4018354,54778e6e-c68f-469e-8c09-bac31e64cc67,1,45,9,Italy Women's,Lucia Di Guglielmo,Emma Severini,34.4,10.2,39.5,20.1,11.136427,7.715626273537282,0.057006532663683974,0.1851831819041779,0.12817664924049393,0.25209940408775483,0.6312568348465937,0.37915743075883884,0.7017197297227211,1.3707894745531608,0.6690697448304397,8.999041116578784,7.655247573422533,0,0,0,0,0,2,0,0,1,0,0,1
4018354,3c1f0931-9f0c-45ce-8724-cba25cb58518,1,45,14,Italy Women's,Emma Severini,Manuela Giugliano,33.3,24.7,35.8,36.7,12.25765,3.7750075138549164,0.03053524702928857,0.011981004163116767,-0.018554242866171803,0.22520219428474036,0.11395568280370871,-0.11124651148103165,0.7419898471277092,0.4623602448379341,-0.2796296022897751,13.506367666831206,14.329124205120214,0,0,0,0,0,0,0,0,1,0,0,1
4018354,0e169fd1-5c69-4023-98cc-6ae16c746191,1,45,15,Italy Women's,Manuela Giugliano,Emma Severini,36,36.7,33.5,28.5,8.572631,-3.1963060084426047,0.011875764572021549,0.05252168142800581,0.04064591685598426,0.11322931357879175,0.2801829480318256,0.16695363445303385,0.45960974423231077,0.8241127253282565,0.36450298109594576,14.380168397271825,9.877300734321869,0,0,0,0,0,0,0,0,1,0,0,1
4018354,a849062e-dbe0-425b-b83f-2ede7f11c070,1,45,17,Italy Women's,Emma Severini,Arianna Caruso,35.8,27.8,48.1,9.3,22.21576,6.89933647068986,0.1114646419878186,0.08875226794155176,-0.02271237404626683,0.3709622704348871,0.3390410536903076,-0.031921216744579484,0.9021714389795243,0.8608144633482094,-0.04135697563131491,6.943495059895477,7.780086774845917,0,0,0,0,1,1,0,0,1,0,0,1
4018354,15079a0d-5f5a-474e-86ec-445968dae328,1,45,20,Italy Women's,Arianna Caruso,Emma Severini,49.3,11.1,43.6,18.9,9.660746,-2.881479365294055,0.21168289846168983,0.07514218334775849,-0.13654071511393134,0.5227916203224308,0.32664994729736213,-0.19614167302506863,1.0666720076308054,0.8240258304844902,-0.2426461771463152,4.920623703831913,9.322992455637166,0,0,1,0,1,0,0,0,1,0,0,1
4018354,c3cb5123-aec4-4627-9ae1-9758c3035104,1,45,21,Italy Women's,Emma Severini,Arianna Caruso,43.6,18.9,43.8,12.6,6.303174,-1.7163985055020419,0.07514218334775849,0.061619192072618935,-0.013522991275139555,0.32664994729736213,0.26520675055903015,-0.061443196738331984,0.8240258304844902,0.6866084003477261,-0.1374174301367641,9.322992455637166,9.004723124198824,0,0,0,0,0,0,0,0,1,0,0,1
4018354,644f000c-6ebf-42ca-bec2-051a9802f91b,1,45,25,Italy Women's,Arianna Caruso,Sofia Cantore,45.6,17.3,85.9,36.7,44.72639,43.52661887127574,0.061375680940078926,0.5119098838019333,0.4505342028618543,0.3035705754886216,1.1290727462385108,0.8255021707498893,0.817318906347498,1.96383599676822,1.1465170904207218,10.899500930111222,3.5480302287906116,0,0,0,1,0,3,0,0,1,0,0,1
4018354,9dba3933-c1e1-464a-ba25-12db7841a8ee,1,45,28,Italy Women's,Sofia Cantore,Cristiana Girelli,85.9,36.7,81.7,29,8.770975,-5.589032175729784,0.529247612716778,0.5390482654861727,0.00980065276939468,1.1618861982519646,1.2069277359153572,0.04504153766339258,2.02205293519021,2.1315350554358314,0.10948212024562132,3.3621960063426086,3.5188519682454955,0,0,1,1,3,2,0,0,1,0,0,1
4018354,7a2de0a8-3e2d-44d9-964b-c2e610475821,1,45,46,Italy Women's,Cecilia Salvai,Elena Linari,65.5,19.9,67.4,10.5,9.590099,-2.219247103551531,0.0465505276129935,0.028848549872618954,-0.017701977740374544,0.19941280676445583,0.18381525617683814,-0.015597550587617692,0.5702793575552487,0.5964290706683184,0.026149713113069684,9.369830021141473,12.100824505628957,0,0,0,0,0,0,0,0,1,0,0,1
4018354,8f8ceafc-72b7-4578-9f1f-bbc3333b2855,1,45,48,Italy Women's,Elena Linari,Cecilia Salvai,67.6,11.2,57.3,27.4,19.197136,-4.16052255536394,0.06506612956343612,0.011106950861374308,-0.05395917870206181,0.2817025157335959,0.10551575936692138,-0.17618675636667452,0.7632446884839664,0.45062434881247226,-0.31262033967149416,8.903667807317857,14.156099160662004,0,0,0,0,0,0,0,0,1,0,0,1
4018354,256ed726-caf0-40b1-b2fb-639ead4d6f67,1,46,0,Norway Women's,Lisa Fjeldstad Naalsund,Frida Maanum,64.6,44.5,62.9,34.9,9.749359,-1.7448446221936251,1.1874604243552125,0.27827388531740477,-0.9091865390378078,1.784111213731644,0.7966848328672361,-0.9874263808644078,2.5224035917118326,1.50988299490809,-1.0125205968037425,0.5562044397975704,5.824183584832244,1,0,1,0,3,1,1,0,1,0,0,1
4018354,e6e8a14c-cd3e-440f-897e-cbf85715f10c,1,46,1,Norway Women's,Frida Maanum,Signe Gaupset,66,33.1,82.9,19.9,21.444113,12.244025082198867,0.28781366731545016,0.1992958425682577,-0.08851782474719247,0.7104880342376434,0.5062528082214485,-0.20423522601619493,1.3309826938750513,0.996174038157048,-0.33480865571800333,4.4815961762991865,5.246230170085368,0,0,1,0,1,1,0,0,0,0,0,0
4018354,8583a618-905c-4048-9e64-400bbb6b2883,2,45,2,Norway Women's,Ingrid Syrstad Engen,Tuva Hansen,48,42.5,28.8,41.3,19.237463,-19.165875176568434,0.2853885658723915,0.020872698761151397,-0.2645158671112401,0.7688199467179955,0.1493618236488663,-0.6194581230691292,1.5638048406874576,0.5205077480397571,-1.0432970926477005,4.828544514675139,12.446896283057013,0,0,1,0,1,0,0,0,1,0,0,1
4018354,2fa5003f-2815-45b1-b097-ba68b2576e43,2,45,5,Norway Women's,Tuva Hansen,Cecilie Fiskerstrand,25.3,41.1,6.8,40.2,18.52188,-18.493788298219698,0.08898462849342109,0.02122146330133039,-0.0677631651920907,0.29697716691621795,0.10916912046638169,-0.18780804644983626,0.7038904020248126,0.3236837040395068,-0.38020669798530576,7.4650755891718426,11.594321386743973,0,0,0,0,1,0,0,0,1,0,0,1
4018354,8813d332-0f41-4640-9e2a-354aa611b87a,2,45,7,Norway Women's,Cecilie Fiskerstrand,Tuva Hansen,6.8,40.2,16,31.9,12.390722,8.88522089535168,0.02122146330133039,0.23777728712726107,0.21655582382593067,0.10916912046638169,0.5206135645714423,0.41144444410506054,0.3236837040395068,0.9481697274210094,0.6244860233815026,11.594321386743973,4.491338686584129,0,0,0,1,0,1,0,0,0,0,0,0
4018354,e57f00e7-000e-45ab-bbe9-63c85f272068,2,46,33,Norway Women's,Tuva Hansen,Guro Reiten,57,20.8,65.3,7,16.103725,1.9773527916249876,0.05325857648913923,0.07600930427012675,0.022750727780987523,0.2332303661732655,0.3372624355329015,0.10403206935963596,0.6578203691675387,0.9076410910202536,0.24982072185271487,9.189531331843355,8.906241401542935,0,0,0,0,0,0,0,0,1,0,0,1
4018354,c901f84d-edbf-4bf7-8b55-a8b131d1efd9,2,46,37,Norway Women's,Frida Maanum,Caroline Graham Hansen,91,10.3,82,11,9.027182,-6.291554362665877,0.8481669377640405,0.5724158529243782,-0.27575108483966226,1.2552379463140866,1.2291866271746994,-0.026051319139387186,1.903006152769862,2.074711010133311,0.17170485736344876,0.9409168134012852,4.29803734468316,1,0,1,2,1,3,0,0,1,0,0,1
4018354,7cf09721-8183-40f8-856e-d66d380e245c,2,46,39,Norway Women's,Caroline Graham Hansen,Ingrid Syrstad Engen,83,14.4,78.2,14.6,4.804165,-3.9192778487727296,1.0469745181919778,0.27221035463722665,-0.7747641635547512,1.7159883466604882,0.7596901197428144,-0.9562982269176737,2.549011337616087,1.5534233232185028,-0.9955880143975839,1.5287118853029125,5.265894100003319,1,0,2,0,3,1,0,0,1,0,0,1
4018354,2056991d-f382-4e2a-8058-7d3fb40b908f,2,46,40,Norway Women's,Ingrid Syrstad Engen,Guro Reiten,78.2,14.6,72.1,5.9,10.625442,-9.885963046233137,0.27221035463722665,0.08042339081547431,-0.19178696382175234,0.7596901197428144,0.2846971421151678,-0.47499297762764664,1.5534233232185028,0.7264562135340562,-0.8269671096844466,5.265894100003319,7.7942719254261075,0,0,0,0,1,1,0,0,1,0,0,1
4018354,7e84f98b-5e5d-41cd-baea-63c5da2119c8,2,46,43,Norway Women's,Guro Reiten,Ingrid Syrstad Engen,72.6,5.2,74.2,14.1,9.042677,6.186998958437336,0.44503503091523594,0.1628987125872226,-0.28213631832801334,0.7202657674892714,0.6288812543731863,-0.09138451311608509,1.212181101555832,1.482648566527256,0.27046746497142404,2.5012551497778963,8.225551536186066,1,0,1,0,1,0,0,0,1,0,0,1
4018354,fe82e2f2-c594-44dc-85d1-9d32e77e71e6,2,46,45,Norway Women's,Ingrid Syrstad Engen,Lisa Fjeldstad Naalsund,73.5,18.8,65.7,40.1,22.683254,-3.195395623582506,0.3185790270246729,0.13738207274736244,-0.18119695427731045,0.8503114439614979,0.4803600092691828,-0.3699514346923151,1.7118197660660055,1.1652720402537404,-0.5465477258122651,4.800021840816685,6.9371052982641,0,0,1,0,2,1,0,0,1,0,0,1
4018354,9d616afa-ebc8-45f4-bf3c-b8982ab5d0dc,2,46,48,Norway Women's,Lisa Fjeldstad Naalsund,Signe Gaupset,66,46.8,85.8,77.7,36.699455,3.52528538290683,0.3421521879438185,0.22017501571467646,-0.12197717222914206,0.676216507964621,0.4550271549541847,-0.22118935301043624,1.2513333005638558,0.8264979575747959,-0.4248353429890599,3.468810654602625,4.614150004414299,0,0,1,1,1,1,0,0,1,0,0,1
4018354,594300a5-af80-4fa5-91c8-7a4c30d1b2a5,2,46,56,Norway Women's,Lisa Fjeldstad Naalsund,Guro Reiten,83.7,62.1,75,24,39.080685,-5.261580487559577,0.18122647835041583,0.1539957060631708,-0.02723077228724502,0.587536486647155,0.4367945715258101,-0.15074191512134488,1.3210200824436316,1.0240541109654624,-0.29696597147816917,6.295193586991458,5.84722591029966,0,0,0,0,1,1,0,0,1,0,0,1
4018354,3887cb9a-66c3-4491-b9a4-ab36b5f05bc8,2,46,59,Norway Women's,Guro Reiten,Maren Nævdal Mjelde,73.5,27.8,60.5,52.2,27.64706,-12.664082012461506,0.728319616959551,0.03450844120515968,-0.6938111757543913,1.2168146824274413,0.20323860130054097,-1.0135760811269003,1.9600021616995116,0.6448336218863577,-1.3151685398131538,1.6376906937321805,10.984294848415114,1,0,1,0,2,0,0,0,1,0,0,1
4018354,210a8b22-212a-48ec-b91e-e1c027a926b0,2,47,2,Norway Women's,Maren Nævdal Mjelde,Thea Bjelde,61.2,55,97.4,78,42.888695,16.470443456390285,0.113266250478698,0.05214245512022243,-0.06112379535847556,0.39037413121447084,0.226965382578729,-0.16340874863574184,0.9270423308311269,0.6089500937584372,-0.31809223707268963,7.134556986094921,9.549730160994008,0,0,0,0,1,0,0,0,1,0,0,1
4018354,7f706f4d-a706-4a35-81f2-3aecec441dca,2,47,30,Norway Women's,Tuva Hansen,Guro Reiten,41.1,50.5,40.7,33.3,17.20465,0.01306712100939933,0.04773425202210195,0.013308854910790147,-0.0344253971113118,0.1825854561166353,0.11120423120769449,-0.0713812249089408,0.44215730380741325,0.37597332650422693,-0.06618397730318631,9.20705189057257,14.672640657174691,0,0,0,0,0,0,0,0,1,0,0,1
4018354,3271303e-61eb-4cf8-95e5-757eb9c48c2a,2,47,33,Norway Women's,Guro Reiten,Tuva Hansen,40.9,30.2,34.7,42.3,13.595955,-5.626234835393106,0.09533025604238393,0.07405106439151364,-0.02127919165087029,0.353953452708995,0.29848279677653766,-0.05547065593245731,0.791520022198875,0.7101236185727497,-0.08139640362612521,8.046099306017833,8.614536720365626,0,0,0,0,0,0,0,0,1,0,0,1
4018354,307ccfea-e8c9-4693-acae-a362a7326ba0,2,47,35,Norway Women's,Tuva Hansen,Maren Nævdal Mjelde,34.8,41.5,38.3,71.8,30.501476,-2.4573733898290726,0.1351628324603169,0.031229755921861873,-0.10393307653845503,0.4135687690325369,0.18323239037762018,-0.23033637865491674,0.8892487303732689,0.5258220058477543,-0.3634267245255146,6.5166235812451765,12.410251918097547,0,0,0,0,1,0,0,0,1,0,0,1
4018354,5d1a31a7-6508-4d69-9577-692b2215bd1f,2,47,40,Norway Women's,Thea Bjelde,Lisa Fjeldstad Naalsund,56.7,78.9,62.2,75.4,6.519202,6.518322647034353,0.3739582512317234,0.8556584829102939,0.4817002316785705,0.6957453070693467,1.2809456362757246,0.5852003292063779,1.1938353445995542,1.9207393481192583,0.7269040035197041,3.1652815735353594,1.097290249775691,0,1,1,1,1,2,0,0,1,0,0,1
4018354,d30b3437-4345-45c9-b734-2ff34923e919,2,47,41,Norway Women's,Lisa Fjeldstad Naalsund,Signe Gaupset,63.3,75.4,70.4,79.1,8.0062475,3.685180676912637,0.8556587598330403,0.4491842316024017,-0.4064745282306386,1.2809457982314008,0.8982202625128469,-0.38272553571855383,1.9207394459173968,1.5212780817431943,-0.3994613641742024,1.0972888337836664,3.6752009050690733,1,0,1,1,2,2,0,0,1,0,0,1
4018354,add5fd38-a157-4037-8620-11a3d84074ff,2,47,42,Norway Women's,Signe Gaupset,Lisa Fjeldstad Naalsund,70.4,79.1,63.8,79.7,6.627217,-5.649627855148495,0.44857609057725717,1.0390436840591262,0.5904675934818691,0.8864603908804761,1.3851093714901321,0.498648980609656,1.4590478220702552,1.8339976411994319,0.3749498191291767,3.6752009050690733,0.6049612805675898,0,1,1,2,2,2,0,1,1,0,0,1
4018354,d7b90ee7-9ab0-4e1e-b5f8-6dfedfaad8a9,2,49,1,Italy Women's,Elisabetta Oliviero,Laura Giuliani,35.5,65.8,10.2,50.8,29.412413,-21.97892109993134,0.44785770320131085,0.013575913142222241,-0.4342817900590886,0.7540922323619825,0.08490963973207649,-0.669182592629906,1.1120208006319872,0.26100264021825853,-0.8510181604137286,2.7313737949916566,13.012263558267597,1,0,1,0,1,0,1,0,1,0,0,1
4018354,5f9cb730-ee13-4334-b5bd-410dcbb5ee84,2,49,4,Italy Women's,Laura Giuliani,Elena Linari,10.2,50.8,21.7,29.5,24.206198,11.47067623459752,0.05811965221655343,0.013745490165274788,-0.04437416205127864,0.1923390289976807,0.09757933020974072,-0.09475969878794,0.41335268221000965,0.3095718780495232,-0.10378080416048646,8.566400254926446,13.61260663329649,0,0,0,0,0,0,0,0,1,0,0,1
4018354,42aaca54-a1bf-4915-8e83-480fd1ef2fd4,2,49,17,Italy Women's,Lucia Di Guglielmo,Manuela Giugliano,71,2.4,70,7.6,5.295281,2.183881040104076,0.20104301794083568,0.1928895014516659,-0.008153516489169788,0.5708589912093673,0.6412575449908721,0.07039855378150472,1.225051252538874,1.3933931723139048,0.16834191977503088,5.788466958479036,7.81028266511846,0,0,0,0,1,1,0,0,1,0,0,1
4018354,824fc20e-b651-46da-8763-de9080225232,2,49,23,Italy Women's,Cristiana Girelli,Arianna Caruso,80.9,27.6,77.1,45.1,17.90782,-2.1829414100681817,0.6840194250397345,0.07091340587002197,-0.6131060191697125,1.4109356661301404,0.3616330505475483,-1.0493026155825922,2.370371449397013,1.019708665687651,-1.3506627837093619,3.178224483402558,9.323952676703074,0,0,1,0,3,0,0,0,1,1,1,1
4018354,20b51dc4-9106-41c3-a26a-318ea16224d3,2,49,26,Italy Women's,Arianna Caruso,Sofia Cantore,77.6,48,104.1,59.1,28.73082,18.2961552993234,0.23736981535766677,0.08216517023870518,-0.1552046451189616,0.6162657267480839,0.3145818291205208,-0.3016838976275631,1.240688789782579,0.808325427142775,-0.4323633626398039,4.846540977596713,8.015484497180237,0,0,1,0,1,0,0,0,0,1,1,1
4018354,4095c20a-77dd-481a-a11d-a2980ddf1a3c,2,51,10,Italy Women's,Elena Linari,Lucia Di Guglielmo,13.2,21.7,30,1,26.65952,10.269798614292924,0.7028409960708554,0.21605884530652567,-0.48678215076432974,0.8617576490464172,0.44513777245533115,-0.416619876591086,1.1291848983726678,0.8150615922069551,-0.3141233061657127,1.0763409566231785,4.639700490510432,1,0,1,1,1,1,1,1,1,0,0,1
4018354,efd71288-547e-4d41-ba3a-ca07fea511b8,2,51,12,Italy Women's,Lucia Di Guglielmo,Barbara Bonansea,29.3,1.2,46.1,1.6,16.804762,15.369274450670673,0.350543080947426,0.8102510532296547,0.45970797228222876,0.592528636749694,1.247446209951111,0.654917573201417,0.9745787179307157,1.8924287706727316,0.9178500527420159,3.181503862795613,1.4910460645827222,0,1,1,1,1,2,1,1,1,0,0,1
4018354,b833f79d-ad6a-41d3-94ae-f8ceef6dd04a,2,51,14,Italy Women's,Barbara Bonansea,Lucia Di Guglielmo,42.3,1.2,36,4,6.8942003,-4.540385510022617,0.798863164648412,0.3217106512309369,-0.4771525134174751,1.2833520077524077,0.8131665925746732,-0.4701854151777345,1.9437851461456155,1.5628345950716698,-0.3809505510739457,2.0742470870674605,4.689339622396004,1,0,2,1,2,2,1,0,1,0,0,1
4018354,17144ad8-930e-44fe-b33f-29fd60374097,2,51,22,Italy Women's,Arianna Caruso,Cristiana Girelli,56.1,33.8,64.8,32.6,8.782369,8.506272121865443,0.8992987068514672,0.9261344010488529,0.02683569419738574,1.771317206462275,1.9798792365816769,0.20856203011940178,2.9103266921415156,3.26095995113048,0.35063325898896425,2.2138248228576782,3.2893445967410493,1,0,1,2,4,4,1,0,1,0,0,1
4018354,5d380cbf-3be0-4501-99d8-871756dcf4ec,2,51,24,Italy Women's,Cristiana Girelli,Barbara Bonansea,64.8,28.1,67.2,3.1,25.114935,-7.948092058365724,1.2362703818792085,0.017202228822069315,-1.2190681530571392,2.33834999880812,0.15302787387876776,-2.185322124929352,3.592532530223774,0.6028146406971719,-2.9897178895266023,2.6596388808938856,13.82025933391051,1,0,2,0,5,0,1,0,1,0,0,1
4018354,c2a873e1-aa3b-4680-b2ed-25efea3119e7,2,51,33,Italy Women's,Barbara Bonansea,Manuela Giugliano,105,14.9,91.5,19.8,14.361754,-5.692095454081773,1.2815085791405672,0.21528289594267214,-1.066225683197895,1.8446881035297202,0.6656688305212836,-1.1790192730084366,2.630211480698598,1.5030696581703522,-1.1271418225282457,1.339986674511392,5.4758602966412875,2,0,2,0,3,1,1,0,0,1,1,1
4018354,57c592bc-6f12-44e5-a2ca-fdb1a00f30d4,2,51,35,Italy Women's,Manuela Giugliano,Cristiana Girelli,91.5,19.8,107.8,40,25.95631,22.73264948440069,0.5428892795444038,1.2378493557362948,0.694960076191891,1.2512769678292273,2.0483251006008123,0.797048132771585,2.243564623167982,3.0963413780358144,0.8527767548678322,3.967940260750738,1.1641122725335717,0,1,1,2,3,3,0,0,0,1,1,1
4018354,a8cb5801-581a-451e-8510-0b2345545283,2,52,25,Italy Women's,Cristiana Girelli,Sofia Cantore,90.4,44.2,110.5,57.7,24.212807,9.808183032638489,0.615170203461965,0.20179473052020602,-0.413375472941759,1.2781621849170506,0.5557843466551715,-0.7223778382618791,2.160592479812437,1.22800280973301,-0.9325896700794272,2.7056392060670986,5.213336751345839,1,0,1,0,2,1,1,0,1,1,1,1
4018354,41b30247-7e9b-4362-86e4-72705e887852,2,54,21,Italy Women's,Cecilia Salvai,Arianna Caruso,56.5,56.7,73,59.1,16.673632,14.926540951221035,0.05359618870838017,0.39755672246731666,0.3439605337589365,0.28147179793492,0.9412797032694367,0.6598079053345167,0.8053809131224225,1.7501296927671288,0.9447487796447063,10.344796290504553,4.825448313251721,0,0,0,1,0,2,0,0,1,0,0,1
4018354,cf39750e-b445-467e-88fc-e061d93d76c6,2,54,23,Italy Women's,Arianna Caruso,Cristiana Girelli,73,59.1,84.2,56.7,11.454257,11.229186907255617,0.8720184170136549,0.992252760973069,0.12023434395941413,1.4881572513791925,1.609703016339062,0.12154576495986946,2.374315131145577,2.5353633375027513,0.16104820635717454,2.160160340007147,0.8774292326748373,1,1,2,1,2,3,1,1,1,0,0,1
4018354,c057d41b-71b7-457f-9a9f-c238c14daf25,2,54,28,Norway Women's,Signe Gaupset,Ingrid Syrstad Engen,36.9,7.6,38.3,17.6,10.097525,4.477770069175676,1.253206542258001,0.7442991634160896,-0.5089073788419114,1.8376883995007154,1.4754711021280145,-0.3622172973727009,2.4823039098511526,2.3312918928299977,-0.15101201702115485,0.8722481114468973,3.3390802040317156,1,0,2,2,3,2,0,0,1,0,1,1
4018354,807926be-6fc7-4a93-94e9-a0db6165f5f6,2,54,30,Italy Women's,Manuela Giugliano,Barbara Bonansea,73.5,58,90.3,6.8,53.885807,5.316491307813806,0.17798547326413322,0.023285793262787555,-0.15469968000134565,0.6885099501652834,0.12870990915091593,-0.5598000410143674,1.624931565074533,0.430946171373585,-1.1939853937009481,8.985767608037301,11.411928483551806,0,0,0,0,0,0,0,0,0,1,1,1
4018354,4c58d513-1c08-4840-8ddb-bd4083fa780d,2,54,50,Norway Women's,Tuva Hansen,Cecilie Fiskerstrand,13.2,35.6,3.5,46.8,14.816545,-9.807687914427717,0.19986504628788343,0.029375526314105355,-0.17048951997377806,0.4755458885557829,0.14865937430257606,-0.3268865142532068,0.9109502748467814,0.426160833001764,-0.4847894418450174,5.0173879569954005,10.832289192638168,0,0,0,0,1,0,0,0,0,0,0,0
4018354,d451dc63-0cc5-4e75-b135-3eb14dd17da3,2,54,52,Norway Women's,Cecilie Fiskerstrand,Thea Bjelde,3.7,49.9,29,79.2,38.7115,17.63660181463827,0.27531291569069954,0.021212753789712685,-0.25410016190098683,0.522594563272993,0.13238188823197172,-0.3902126750410213,0.8675623138459579,0.431619488341089,-0.43594282550486896,3.95786144256413,11.931020578010717,0,0,1,0,1,0,1,0,0,0,0,0
4018354,7b418abc-5d7c-4714-a38a-6237df6bb1ac,2,54,58,Italy Women's,Barbara Bonansea,Lucia Di Guglielmo,84.6,2.4,76.9,2.4,7.7,-5.553660680206875,0.8129487010235416,0.7420911318905488,-0.07085756913299279,1.2150400203627532,1.1361989110060502,-0.07884110935670297,1.7746762226905615,1.6956435944582144,-0.07903262823234702,1.2484884387291844,1.4082682700059994,1,1,1,1,2,2,1,1,1,0,0,1
4018354,787dd12c-03df-441a-91ae-8eb0dfd03b5e,2,55,1,Italy Women's,Lucia Di Guglielmo,Elena Linari,64.1,7.5,48.9,8.1,15.211838,-13.267183778940236,0.8232042221494227,0.09945595805601787,-0.7237482640934048,1.262545914473093,0.3187615597302103,-0.9437843547428828,1.8560613882609767,0.7132744865254746,-1.142786901735502,1.6245496907394714,7.339697508922034,1,0,2,0,2,1,1,0,1,0,0,1
4018354,b4e33638-e0a0-4d0e-bf4e-91af021cfdc5,2,55,4,Italy Women's,Elena Linari,Laura Giuliani,47,9.5,26.7,38.6,35.48098,-14.195081149012921,0.2898619844343286,0.0005534916385508021,-0.2893084927957778,0.5620292324896424,0.016247666310818185,-0.5457815661788242,0.9493057680023801,0.11744846401681631,-0.8318573039855638,3.8828997286688276,23.52613551190963,0,0,1,0,1,0,1,0,1,0,0,1
4018354,78497fad-d858-43fc-ae02-630eee4f1f2d,2,55,12,Italy Women's,Laura Giuliani,Sofia Cantore,28.3,41.9,66.2,66,44.91347,31.966522726908813,0.48428639026984427,0.9521433432238737,0.46785695295402946,0.6772641438516539,1.2260180693706109,0.548753925518957,0.9282875333275706,1.7831486670647918,0.8548611337372212,2.1860052927419713,0.31298274312267266,1,1,1,1,1,1,1,1,0,0,0,0
4018354,8a354651-c2f9-4ad9-b037-8f6e113a5228,2,55,39,Norway Women's,Cecilie Fiskerstrand,Tuva Hansen,4.7,40.4,7.5,24.7,15.947727,1.76506066703692,0.01553489773155763,0.003431427295473868,-0.012103470436083761,0.10273753095284663,0.048641085881431165,-0.054096445071415464,0.3444407515401475,0.22359287530128172,-0.12084787623886581,12.738892686084013,18.224561856810016,0,0,0,0,0,0,0,0,1,0,0,1
4018354,f7c2c8cd-f24f-4734-81f5-50d8492c14bd,2,56,1,Norway Women's,Frida Maanum,Maren Nævdal Mjelde,76.6,12.7,56,43.5,37.054016,-12.82331946018153,0.6512800329634224,0.0291992489795455,-0.6220807839838769,0.9644200723601188,0.16397927868003906,-0.8004407936800798,1.454027161069607,0.5390447787287631,-0.9149823823408438,1.572057939506394,10.959927001745493,1,0,1,0,1,0,1,0,0,0,0,0
4018354,13f92247-3f38-40e3-a414-f9f905621149,2,56,5,Norway Women's,Maren Nævdal Mjelde,Thea Bjelde,56.5,48,63.8,63.6,17.22353,3.047872017718632,0.017245965528186708,0.034090306930753295,0.016844341402566586,0.1316949433436499,0.17990539899217975,0.048210455648529854,0.508183438317254,0.573833818190714,0.06565037987346001,12.813081918483578,10.51997895256233,0,0,0,0,0,0,0,0,1,0,0,1
4018354,cb2977c7-7edf-4488-86fb-65bc363a9ed6,2,56,7,Norway Women's,Thea Bjelde,Caroline Graham Hansen,63.1,70.2,76.8,78.9,16.228987,6.284739970751232,0.1357070522224332,0.09435026253162268,-0.041356789690810525,0.37725496139768167,0.3221108981890528,-0.05514406320862886,0.8376605289273613,0.740992180528496,-0.09666834839886529,6.219374495495255,7.817656897161928,0,0,0,0,1,1,0,0,1,0,0,1
4018354,5346da8e-f73f-4236-8e54-de69fb802194,2,57,7,Norway Women's,Lisa Fjeldstad Naalsund,Tuva Hansen,102.1,18.8,77.8,21.7,24.472433,-18.25089421677449,0.808692024530848,0.021865273969167473,-0.7868267505616805,1.2390000784858908,0.14099279394549913,-1.0980072845403916,1.9275192235280338,0.5165647361302008,-1.410954487397833,1.3995281907197992,11.844867046712574,1,0,1,0,2,0,0,0,0,0,0,0
4018354,c88a20e8-a429-4636-86e8-f4549b1a5776,2,57,10,Norway Women's,Tuva Hansen,Lisa Fjeldstad Naalsund,77.8,21.7,86.1,14.4,11.053506,3.5168344275942474,0.13019674405241213,0.029758761088768498,-0.10043798296364363,0.349847427310812,0.19823974627485363,-0.15160768103595834,0.7954784240787046,0.6506793949343869,-0.14479902914431775,6.209814046560396,13.151293649983833,0,0,0,0,1,0,0,0,0,0,0,0
4018354,b7d12769-8bff-4a7e-8dd3-74646a8a57b7,2,60,39,Norway Women's,Ada Stolsmo Hegerberg,Guro Reiten,78.2,25.5,66,16.3,15.280052,-14.728411880619845,1.256600707633983,0.7907430501407787,-0.4658576574932042,2.052924070656566,1.3356613441369416,-0.7172627265196243,3.110402336565016,2.103474641911717,-1.006927694653299,1.7001305174612193,1.5390397945346603,2,1,3,1,3,2,0,1,1,0,0,1
4018354,11740f1b-08cd-4597-9068-dd1834d534fc,2,60,42,Norway Women's,Guro Reiten,Cecilie Fiskerstrand,61.7,15.1,24.6,35,42.10012,-32.136142658263694,0.7409477800883343,0.0008934948517434716,-0.7400542852365908,1.1995482938171398,0.022537256729003346,-1.1770110370881364,1.8644438030592756,0.15659446515022873,-1.707849337909047,1.501209751134112,21.792828327808976,1,0,1,0,2,0,0,0,1,0,0,1
4018354,69282575-14b7-456d-a2be-03a0445ce0dd,2,60,48,Norway Women's,Cecilie Fiskerstrand,Maren Nævdal Mjelde,24.6,35,27.7,56,21.227577,1.8544195285901424,0.0026953429747952587,0.010560347397270202,0.007865004422474944,0.04112476252218711,0.08453772502468042,0.04341296250249331,0.22477702235247168,0.32812368571002837,0.10334666335755668,18.22988402116825,13.97479702841831,0,0,0,0,0,0,0,0,1,0,0,1
4018354,6faf2880-115c-42b0-8131-722fac29e953,2,60,51,Norway Women's,Maren Nævdal Mjelde,Tuva Hansen,27.6,56.3,29.2,33.8,22.556818,2.8152741024504735,0.018471136383195582,0.05484916390457496,0.03637802752137938,0.11579286208029942,0.23957513220919865,0.12378227012889924,0.39536598379730054,0.6531265024615754,0.2577605186642749,12.21971331089837,9.069172361018847,0,0,0,0,0,0,0,0,1,0,0,1
4018354,ff6dddb6-8c4f-4906-ad69-57c92d6596e8,2,60,55,Norway Women's,Guro Reiten,Frida Maanum,35.8,22.7,48.9,12,16.914492,9.544161808805598,0.3751753427064303,0.883509198973112,0.5083338562666817,0.7026652152805185,1.0399996176554283,0.33733440237490975,1.1996826209526938,1.3320570808369117,0.1323744598842178,3.1498062918633996,0.4487928201804984,0,1,1,1,1,1,0,1,1,0,0,1
4018354,761b02e4-0dfa-4f05-9c15-3cef48198481,2,61,23,Italy Women's,Arianna Caruso,Sofia Cantore,35.5,68.4,27.9,70.9,8.000625,-8.000472935831695,0.8732795349357452,0.35882512589668714,-0.514454409039058,1.3224044514762512,0.9151284332503649,-0.4072760182258863,1.984931424009699,1.691856837067816,-0.29307458694188293,1.018379281888605,5.231659518621198,1,0,1,0,2,3,1,0,0,0,0,0
4018354,b3b7be4e-cc46-4cea-984c-a8a63fb0f487,2,61,26,Italy Women's,Sofia Cantore,Cristiana Girelli,35.2,77.8,53.7,75.4,18.655025,17.6844770432442,0.7506655927826463,0.9022318257732782,0.15156623299063188,1.2442694754404267,1.1511925310724582,-0.09307694436796843,1.8425349084307832,1.625890471901724,-0.21664443652905918,1.960375301958548,0.49149314917149206,1,1,1,1,2,1,1,1,0,0,0,0
4018354,18bda53d-7847-46bb-ab43-3f53486ae4e1,2,61,36,Norway Women's,Cecilie Fiskerstrand,Thea Bjelde,16.5,47,28.4,70.7,26.519804,7.128732990147739,0.1314408618774253,0.015106101373517224,-0.11633476050390806,0.30391968075837456,0.11451720768769276,-0.1894024730706818,0.5357292703192279,0.3899015011061266,-0.1458277692131013,6.092223035966922,13.428978515294338,0,0,0,0,1,0,0,0,1,0,0,1
4018354,d63bcca2-a2e2-4048-9988-731c013a1900,2,61,39,Norway Women's,Thea Bjelde,Caroline Graham Hansen,28.4,72.3,70.5,72.6,42.10107,37.85735790912512,0.08357199084909539,0.5480254885729828,0.46445349772388744,0.28342634367055,0.7779108148847694,0.49448447121421946,0.6548983156504753,1.1024561288031367,0.4475578131526614,7.702101489289352,1.8759218029457678,0,1,0,1,1,1,0,0,0,0,0,0
4018354,3b076b33-eb3d-46ee-af9d-4746b8848feb,2,61,46,Italy Women's,Laura Giuliani,Cristiana Girelli,9.5,26.9,47.7,3,45.060516,30.056259076501973,0.02955068888475044,0.4007040247169429,0.37115333583219245,0.1312024345239016,0.7809330576185145,0.6497306230946129,0.34328356228499685,1.2934353934896108,0.950151831204614,10.613646757039318,3.339231725715558,0,0,0,1,0,1,1,0,0,0,0,0
4018354,0c2fa5da-fa4c-4b9d-81c3-7b24f463c714,2,61,51,Italy Women's,Cristiana Girelli,Lucia Di Guglielmo,39.3,2.4,35.7,1.9,3.6345563,-3.480509963059461,1.0033230229068855,0.8056666157878514,-0.1976564071190341,1.3617094799495906,1.1893368286450723,-0.1723726513045183,1.7882150441503195,1.6357933784445848,-0.15242166570573468,1.1767929840496496,2.0512832774034138,1,1,2,2,2,2,1,0,0,0,0,0
4018354,8b6ccd3c-a928-47b4-a9fe-347190c3454d,2,61,53,Norway Women's,Caroline Graham Hansen,Thea Bjelde,86.1,78.9,84.7,78.9,1.4,-0.9303961946218706,0.8335326805188059,0.24027168368417345,-0.5932609968346325,1.2359674276241859,0.6619335905736339,-0.574033837050552,1.7159063305385456,1.3032767529320757,-0.4126295776064699,2.176021914653869,5.673719899500041,1,0,2,0,2,1,0,0,1,0,1,1
4018354,440b9f1b-23de-4798-8745-b087c96c23b0,2,61,55,Norway Women's,Thea Bjelde,Frida Maanum,84.7,78.9,92,58.1,22.04382,19.1882237607904,0.30660038157682706,0.43306531427596123,0.12646493269913417,0.7859725856581931,1.0294353986329283,0.24346281297473527,1.4767278800017816,1.9098191839071594,0.43309130390537787,5.119716289173373,4.478888348231175,0,0,0,1,1,2,0,0,1,0,1,1
4018354,c2d5ae83-408c-41c0-8abe-98c64e47a18c,2,61,57,Norway Women's,Frida Maanum,Signe Gaupset,96,57.9,98.3,30,27.994642,6.046802378766046,1.0112218756303364,0.171637806366731,-0.8395840692636054,1.6632983838697155,0.4352500310013423,-1.2280483528683732,2.5140696670258627,0.9154438881722899,-1.5986257788535727,2.2547394050300693,5.447435129448531,2,0,2,0,3,1,0,0,0,1,1,1
4018354,4ac3c9de-15a2-4509-9c4a-0821cf9750fc,2,62,5,Italy Women's,Cecilia Salvai,Sofia Cantore,6.1,48.7,24.6,57.4,20.44358,17.257971019711036,0.6042793367575571,0.4009970822568611,-0.20328225450069598,1.078138874170715,0.7457610806030532,-0.33237779356766173,1.6541735038294854,1.225504337055876,-0.42866916677360933,2.526795067635426,3.0846490715576476,1,0,1,1,2,1,1,0,0,0,0,0
4018354,582875e6-ec55-4616-9416-de94cb4e6aa6,2,62,6,Italy Women's,Sofia Cantore,Elisabetta Oliviero,24.6,57.4,21.5,71.2,14.143904,-6.3494197913584,0.4009970822568611,0.3652714531524487,-0.035725629104412404,0.7457610806030532,0.6569546798326796,-0.0888064007703736,1.225504337055876,1.07070165740094,-0.154802679654936,3.0846490715576476,3.1946032892208356,0,0,1,1,1,1,0,1,0,0,0,0
4018354,054c012a-723d-4d41-b476-64aa86622f04,2,62,45,Norway Women's,Tuva Hansen,Cecilie Fiskerstrand,14.1,23.8,6.8,32.8,11.588356,-6.2968161384267916,0.0006009792385453217,0.0002488499419906973,-0.0003521292965546244,0.016249969142697655,0.007622700706875332,-0.008627268435822323,0.10829834813310132,0.056255205367026655,-0.05204314276607467,24.147725934060894,24.99451717983079,0,0,0,0,0,0,0,0,1,0,0,1
4018354,737090ea-ccf3-4d8e-b67d-786b30ff94e6,2,62,49,Norway Women's,Cecilie Fiskerstrand,Maren Nævdal Mjelde,7.8,35.6,11.1,47.3,12.15648,3.141841600823284,0.0007905417903201844,0.0011321004081693664,0.000341558617849182,0.020359358582688617,0.022217720401267238,0.001858361818578621,0.12982597736559778,0.12946014298620562,-0.0003658343793921659,23.208398558221976,20.82142296495899,0,0,0,0,0,0,0,0,1,0,0,1
4018354,5f6bf753-c4a9-4712-9bb2-231c29e6e782,2,62,55,Norway Women's,Maren Nævdal Mjelde,Tuva Hansen,20.1,53.8,19.4,36.6,17.21424,0.19121010393290305,0.006366551936205124,0.049256816843481634,0.04289026490727651,0.06381055902630607,0.1933683549378789,0.12955779591157285,0.26182738850457066,0.49469094519902856,0.2328635566944579,15.724824065256056,9.135027857235755,0,0,0,0,0,0,0,0,1,0,0,1
4018354,0591fbc7-8d12-4e89-bd7f-61df0562890e,2,62,57,Norway Women's,Tuva Hansen,Guro Reiten,19.6,36.6,23.6,25.2,12.08139,2.928070503337537,0.14032127786729084,0.06621367640039365,-0.0741076014668972,0.3600014008860643,0.2686939673637124,-0.09130743352235188,0.7227391990788589,0.6531473426215446,-0.06959185645731425,5.991300510350177,8.788997584101981,0,0,0,0,1,0,0,0,1,0,0,1
4018354,3492b09f-8d1c-4584-821e-a0243ad024d0,2,63,0,Norway Women's,Guro Reiten,Signe Gaupset,24.8,20.7,43,3.7,24.904617,12.00916369333747,0.5115452542893677,0.16940895330279712,-0.34213630098657055,0.7397025450057593,0.378316102062384,-0.3613864429433753,1.0583229833002545,0.6602756725109491,-0.39804731078930544,2.059246717906024,5.400671879091363,1,0,1,0,1,1,1,0,1,0,0,1
4018354,66a7cfd1-6b13-47c6-96e5-7e2c6a55cd85,2,63,10,Norway Women's,Ingrid Syrstad Engen,Maren Nævdal Mjelde,59.1,29.9,53.6,53.9,24.622145,-6.107455962516134,0.46342788021164927,0.004752402674097437,-0.45867547753755183,0.8018762890562687,0.06263140366760567,-0.7392448853886631,1.4358740862361035,0.32236736214852096,-1.1135067240875824,2.4809981889356223,16.87693551389766,1,0,1,0,1,0,0,0,1,0,0,1
4018354,c290b6e7-266f-462b-9873-fa35ce7f3cef,2,63,17,Norway Women's,Maren Nævdal Mjelde,Caroline Graham Hansen,74,72.5,86.1,78,13.29135,5.3991605764573265,0.1386052774531578,0.1325702488887218,-0.006035028564435996,0.4006779203413781,0.3854966595632923,-0.015181260778085792,0.9218032644725564,0.8430935570966577,-0.07870970737589877,6.167802449384791,6.430604732222457,0,0,0,0,1,1,0,0,1,0,0,1
4018354,604c1e37-98a6-45d0-a2cf-1166b5e53805,2,64,3,Norway Women's,Caroline Graham Hansen,Thea Bjelde,118,78.7,103.6,79.1,14.405555,-3.648472797995801,0.3508959909544956,0.14938397526271824,-0.20151201569177735,0.6565492339248785,0.46734032865405517,-0.18920890527082335,1.064279252674125,1.0416672167577568,-0.02261203591636818,3.5319456764282564,6.447677068248478,0,0,1,0,1,1,0,0,1,0,0,1
4018354,3d3591b6-23e0-4086-afef-a8b1709ef784,2,64,5,Norway Women's,Thea Bjelde,Lisa Fjeldstad Naalsund,103.1,78.9,95.1,67.8,13.68247,5.091592488361293,0.3842093938462081,0.5665777031920692,0.18236830934586112,0.8077223337135929,1.131729076552059,0.324006742838466,1.4285656055540705,1.9432975245203565,0.514731918966286,3.6530893861026734,2.759333800586394,0,1,1,1,2,2,0,0,1,0,0,1
4018354,8688f1a3-a479-410d-99aa-4a252e3f63e7,2,64,9,Norway Women's,Lisa Fjeldstad Naalsund,Ingrid Syrstad Engen,96.4,62.4,89.9,57.7,8.021222,-2.3804986739679492,1.3478483615188057,0.44218573093932273,-0.905662630579483,1.9868914283463304,1.1344629590408228,-0.8524284693055075,2.9799224199447254,2.219578704296478,-0.7603437156482475,0.45317000993391077,4.417562350907492,2,0,2,1,2,3,0,0,1,0,0,1
4018354,9cc77367-c68f-42e1-945d-91d15e7bddb2,2,64,54,Norway Women's,Ingrid Syrstad Engen,Tuva Hansen,59.1,48.4,46.5,51.7,13.024976,-12.948817983553887,0.477613513976585,0.016294717725793547,-0.4613187962507915,1.0480547907889433,0.13285371109145705,-0.9152010796974862,1.798230274472878,0.4829856997869994,-1.3152445746858785,4.419526623947381,13.192337076437974,0,0,2,0,2,0,0,0,1,0,1,1
4018354,ffd421c5-e2f7-4a00-94bb-fe6c46d3be42,2,64,57,Norway Women's,Tuva Hansen,Maren Nævdal Mjelde,46.5,51.7,43.3,61,9.835141,-5.097490896093689,0.08066103616889038,0.09694422253956753,0.016283186370677147,0.279326270546682,0.2900769621181507,0.010750691571468685,0.6838397770959963,0.6471475672229724,-0.03669220987302391,7.728389735602677,7.109374820830482,0,0,0,0,1,1,0,0,1,0,1,1
4018354,a218337e-5a2c-4182-ac3e-406af3e2cdaa,2,65,0,Norway Women's,Maren Nævdal Mjelde,Ada Stolsmo Hegerberg,47.3,66.8,110.8,51,65.43615,63.14229620951089,0.2602860561793109,1.2110251128687974,0.9507390566894866,0.5822930301539523,1.861121439107548,1.2788284089535957,1.0837300515600894,2.50903702382396,1.4253069722638705,4.402370031488635,2.2304813393326564,0,2,1,3,1,3,0,1,0,1,1,1
4018354,40b82fcf-35b2-4df0-adf2-a0613e7fde4d,2,66,21,Italy Women's,Manuela Giugliano,Emma Severini,56.8,32.8,68.8,23.7,15.060212,9.876784173391911,0.5739499237946615,0.710117193189558,0.13616726939489654,1.0201897950229446,1.2607112536442477,0.24052145862130314,1.6876189978404328,2.088120261002123,0.4005012631616902,2.157932718226536,1.9250595145911022,1,1,1,1,1,2,1,1,1,0,0,1
4018354,d68a16de-01cb-4e4a-bec2-9868ff428326,2,66,28,Italy Women's,Elena Linari,Manuela Giugliano,47.7,8.8,51.8,19.6,11.552056,7.559041392520285,0.06754814520224844,0.21081508524404405,0.1432669400417956,0.26841538019193767,0.6667308618807812,0.39831548168884356,0.678644305184091,1.385921454500274,0.707277149316183,8.44382161854963,6.432699797526074,0,0,0,0,0,1,0,0,1,0,0,1
4018354,a6f0b28b-0d76-4731-9210-221233f61718,2,66,31,Italy Women's,Manuela Giugliano,Arianna Caruso,50.6,19.6,60.5,36.9,19.932386,12.755458125425285,0.18246711538159985,0.777104046765198,0.5946369313835981,0.6112211438869148,1.290886718589838,0.6796655747029232,1.3257581533048475,1.9846312272643776,0.6588730739595301,6.970319255703092,1.5181076466896972,0,1,0,1,1,2,0,1,0,0,0,0
4018354,dba9501d-b5da-4b92-a9ff-6d410973bb11,2,66,48,Italy Women's,Manuela Giugliano,Cecilia Salvai,70.9,59.8,59.1,57.4,12.0415945,-10.395006695976718,0.7932679296394695,0.14344854913526986,-0.6498193805041996,1.1867090565936058,0.4739058679893911,-0.7128031886042148,1.774753188873292,1.0469183479037638,-0.7278348409695281,1.1097595347387619,6.995108314737097,1,0,1,0,2,1,1,0,1,0,0,1
4018354,b610e24e-1c58-41de-abb7-3a81db0b4579,2,66,52,Italy Women's,Cecilia Salvai,Cristiana Girelli,71,55.3,84.2,49.7,14.338758,14.24229325787563,1.0525838348736793,0.9740931051545385,-0.07849072971914084,1.7439606549588462,1.7470605042023128,0.0030998492434666236,2.7271220825579503,2.837061475927314,0.10993939336936354,1.07104529303914,1.2394411057423846,1,1,2,1,3,3,1,1,1,0,0,1
4018354,2a3bac01-0f03-49fd-9cc6-5e871c8b2338,2,66,56,Italy Women's,Cecilia Salvai,Sofia Cantore,85.4,65.3,111.4,75.7,28.002857,6.141907084789679,0.4184342675574876,0.01677317129814826,-0.4016610962593393,1.1103070365658751,0.1184433130438272,-0.991863723522048,2.118169379862467,0.441405020094265,-1.6767643597682018,4.943305711333853,12.597694060270443,0,0,1,0,3,0,0,0,1,0,0,1
4018354,4c97c75e-3a63-4a66-9779-d0a99336ee13,2,67,2,Italy Women's,Sofia Cantore,Arianna Caruso,110.5,62.9,103.6,55.6,10.044899,2.157850564665143,0.781491006582444,0.8159607978504746,0.034469791268030625,1.402525499188712,1.6882964160334475,0.28577091684473555,2.26757844042895,2.896150011120019,0.6285715706910691,2.3416566780242767,2.279080677776691,1,1,2,1,3,3,1,1,1,0,0,1
4018354,c5a9543a-9229-419b-84b1-db1f8a865c09,2,67,6,Italy Women's,Arianna Caruso,Sofia Cantore,105.9,56.1,100.7,56.7,5.234501,-4.120745421843797,1.619462000198027,0.8094347683554911,-0.810027231842536,2.4665255725238064,1.7461418287047101,-0.7203837438190963,3.5115112184129598,2.932382118373489,-0.5791291000394709,0.9703958298118849,3.7904340221251727,2,0,3,2,4,5,1,0,1,0,0,1
4018354,61fb46a5-848b-4edb-be1b-553776c92699,2,67,8,Italy Women's,Sofia Cantore,Cecilia Salvai,100,57.4,111.2,69.7,16.635204,-4.46666035365946,1.2363461918463476,0.058584310490004995,-1.1777618813563426,2.0787011740168313,0.31041453435019334,-1.768286639666638,3.1495769175018906,0.9295390214903815,-2.220037896011509,1.1011244014355308,9.992402258354664,1,0,2,0,5,0,1,0,1,0,0,1
4018354,39ec4ea0-6026-499d-9916-222820c775a3,2,67,11,Italy Women's,Cecilia Salvai,Emma Severini,113.5,66.9,113.3,35.7,31.200642,19.713019992816033,0.08045440303350569,0.6490420445870602,0.5685876415535545,0.37688141536088715,1.3816356603003737,1.0047542449394866,1.0534312273743576,2.403405966181937,1.3499747388075793,9.896998517849052,2.97167968615272,0,1,0,1,0,3,0,0,1,0,0,1
4018354,3de90fc1-ee99-4e0e-a98e-9578be276811,2,67,22,Italy Women's,Elena Linari,Elisabetta Oliviero,63.1,32.1,56.5,46.1,15.477726,-6.346518744113446,0.16109448473455124,0.020933554526426264,-0.14016093020812498,0.5044131373547182,0.1496175727161817,-0.35479556463853645,1.0974845096758354,0.5182980075418325,-0.5791865021340029,7.3605193889594895,12.532068540139699,0,0,0,0,1,0,0,0,1,0,0,1
4018354,d05da2af-6e95-4905-a571-2404276e7bac,2,67,24,Italy Women's,Elisabetta Oliviero,Manuela Giugliano,56.5,46.1,68.3,52,13.192801,10.71793751940794,0.025757888688861284,0.31951527123346,0.2937573825445987,0.1720684703673778,0.7997098889117673,0.6276414185443895,0.5742159853173641,1.4858266597001635,0.9116106743827994,11.868809636819353,5.041185734694043,0,0,0,0,0,2,0,0,1,0,0,1
4018354,dd1071ac-d13b-4e91-8346-4583d9ad3ecf,2,67,25,Italy Women's,Manuela Giugliano,Elisabetta Oliviero,68.3,52,56.5,49.9,11.985408,-11.192717124567835,0.31951527123346,0.06667640707486035,-0.2528388641585997,0.7997098889117673,0.280003481350026,-0.5197064075617412,1.4858266597001635,0.7376380898828078,-0.7481885698173557,5.041185734694043,8.684805934451736,0,0,0,0,2,0,0,0,1,0,0,1
4018354,7c96c9a2-a529-4722-ac58-e56f3458beb8,2,67,27,Italy Women's,Elisabetta Oliviero,Elena Linari,56.5,49.9,57,31.4,18.506756,0.6828241065298783,0.10440062515672961,0.043558493050410034,-0.06084213210631958,0.36225798915790675,0.25715475898637297,-0.10510323017153378,0.8596282239236328,0.8267373501252534,-0.032890873798379405,7.286119951558337,10.464117866976496,0,0,0,0,1,0,0,0,1,0,0,1
4018354,7760be6c-2d58-49ca-b87a-fc9dd3a4b54c,2,67,32,Italy Women's,Elena Linari,Lucia Di Guglielmo,66.4,28.2,77.6,1,29.415642,-2.7251668944612106,0.4180139201886468,0.17014867432390102,-0.2478652458647458,0.8293184062353474,0.44872476778760517,-0.3805936384477422,1.5829968368030614,0.9611895544699263,-0.6218072823331351,2.901662161894288,5.621024029035143,1,0,1,0,1,1,1,0,0,0,0,0
4018354,6bd3f823-d00b-4d1d-9955-68b4bd4fab2f,2,68,8,Norway Women's,Guro Reiten,Signe Gaupset,35.5,21.9,55.8,4.2,26.93288,12.90977430903817,0.36312952896886613,0.003346866511302264,-0.35978266245756385,0.6483039656259323,0.04880663126899696,-0.5994973343569353,1.028766033264756,0.25361932434008816,-0.7751467089246677,3.2668474784831756,18.252642373280143,0,0,1,0,1,0,0,0,1,0,0,1
4018354,c650742b-d54a-4962-afb8-791da21711ca,2,68,18,Norway Women's,Elisabeth Terland,Ada Stolsmo Hegerberg,114.7,21,106.7,35.6,16.648123,5.716438655810316,0.7409977199359358,1.2494025149217993,0.5084047949858636,1.080235114902803,2.2661611227903227,1.1859260078875196,1.6481023616724828,3.5165354696039755,1.8684331079314926,1.137910536875158,1.2076002444456155,1,1,1,1,1,6,0,1,0,1,1,1
4018354,dfc2f1f6-c068-4ab7-a932-15aadb6b436b,2,68,47,Italy Women's,Elena Linari,Cecilia Salvai,5,30.7,4.3,47.7,17.014406,-0.5805092481408565,0.07484438323315828,0.1806829648058044,0.10583858157264611,0.23280403805045172,0.46801345635420977,0.23520941830375805,0.5195447014855259,0.8040043530038399,0.284459651518314,7.814999635363007,6.464015952969666,0,0,0,0,1,1,0,0,1,0,0,1
4018354,e7183489-da5c-40e3-8514-7312ed7b7595,2,68,50,Italy Women's,Cecilia Salvai,Arianna Caruso,4.5,48.2,31.4,56.5,28.151377,25.667411958561075,0.5906096577493694,0.3497827010272176,-0.24082695672215176,0.9200238564410759,0.5764279447636379,-0.34359591167743797,1.290725328041266,0.8840591397308348,-0.4066661883104312,2.0128679359680675,3.1892578874939774,1,0,1,1,2,1,1,0,1,0,0,1
4018354,85ea2b30-3648-426f-9dc1-69ec873dc139,2,68,52,Italy Women's,Arianna Caruso,Elisabetta Oliviero,31.2,59.1,32.9,76.9,17.880995,-3.7630876209160533,0.5638975595449655,0.020475664741244372,-0.543421894803721,0.7588407692556659,0.10999028349042667,-0.6488504857652393,1.0245241042937256,0.3349952096400962,-0.6895288946536294,1.749118066462104,11.751156065899838,1,0,1,0,1,0,1,0,1,0,0,1
4018354,8af779c1-76be-4785-9bf5-ff0fbc39ddad,2,68,54,Italy Women's,Elisabetta Oliviero,Sofia Cantore,32.6,76.9,56,72.1,23.887236,23.271327349928995,0.020475672278823714,0.8533040941915534,0.8328284219127297,0.10999030233834602,1.0898088033600928,0.9798185010217467,0.33499522866154763,1.4384624399916996,1.103467211330152,11.751154894977907,0.7260028244288942,0,1,0,1,0,1,0,1,1,0,0,1
4018354,dac31297-fae2-44ec-be9e-3e5aea33fde5,2,68,56,Italy Women's,Sofia Cantore,Elisabetta Oliviero,56,72.1,52.9,76.2,5.140039,-4.643096259452378,1.1009483880619362,0.3151136708458917,-0.7858347172160445,1.4194734560956703,0.6415628716945211,-0.7779105844011492,1.8802630606362698,1.165997205912998,-0.7142658547232719,0.4612848219210187,3.699237287332887,1,0,2,1,2,1,1,1,1,0,0,1
4018354,0a99a763-f880-473e-9c1e-c82b576b00c3,2,68,58,Italy Women's,Elisabetta Oliviero,Cecilia Salvai,51.8,74.2,36.2,54.2,25.364542,-8.699896242407675,0.7281157889696748,0.35806847837703276,-0.370047310592642,1.1618481908018283,0.8198562923851899,-0.34199189841663846,1.737389123054468,1.5029859031811659,-0.23440321987330215,1.5028003830721361,4.885461703542696,1,0,1,1,2,2,1,0,1,0,0,1
4018354,a2c9ed41-73a6-44e1-8d58-c935e13f022e,2,69,0,Italy Women's,Cecilia Salvai,Cristiana Girelli,36.2,54.1,66.2,50.2,30.252438,30.219559959056532,0.35806844210413696,0.29913364961372685,-0.058934792490410115,0.8198562751764283,0.9509944154762309,0.13113814029980253,1.5029859081544972,2.0510737523785396,0.5480878442240424,4.885463975317284,5.936349060959416,0,0,1,0,2,2,0,0,0,0,0,0
4018354,76418046-a141-4e3f-b7ed-9bcd7675d340,2,69,2,Italy Women's,Cristiana Girelli,Sofia Cantore,66.2,50.2,78.3,60.5,15.890248,8.29183124787319,0.29913364961372685,0.49363364147106564,0.1944999918573388,0.9509944154762309,1.074067846260357,0.12307343078412614,2.0510737523785396,1.8765653009752852,-0.17450845140325444,5.936349060959416,3.887648765001021,0,0,0,1,2,2,0,0,0,0,0,0
4018354,ba1210a9-4b27-4336-9142-b3c6ecfcd29a,2,69,8,Norway Women's,Ingrid Syrstad Engen,Guro Reiten,32.8,28.3,39.2,25.5,6.9856997,5.890676018359798,0.5813440215445098,0.6416013394022768,0.060257317857767,1.0744281102987774,1.1840464624183025,0.10961835211952509,1.8048473863970644,1.9414746781735044,0.13662729177643995,2.2924363167749235,3.0883600130951634,1,0,1,2,2,2,0,1,1,0,0,1
4018354,434d1a3f-3a72-420c-a4aa-22c7be0d319c,2,69,9,Norway Women's,Guro Reiten,Ingrid Syrstad Engen,39.2,25.5,33.8,30.4,7.291776,-4.642180916882978,0.6416013394022768,0.5049209683165954,-0.13668037108568143,1.1840464624183025,1.1234716325823433,-0.06057482983595919,1.9414746781735044,1.9603465303353635,0.01887185216185916,3.0883600130951634,3.4912117916022494,0,0,2,1,2,2,1,0,1,0,0,1
4018354,fc2004dc-5491-431a-847e-6acca66bd128,2,69,10,Norway Women's,Ingrid Syrstad Engen,Caroline Graham Hansen,35,30.7,49.2,53.8,27.115494,13.374872849061205,0.8984180438324045,0.24217540246571614,-0.6562426413666884,1.5881490030331005,0.5334996964217174,-1.0546493066113831,2.3919345628991606,1.052141334604014,-1.3397932282951466,2.0110716746629853,4.398421091230904,1,0,1,1,3,1,0,0,1,0,0,1
4018354,bef33294-602f-4d8d-8251-78458687cdc0,2,69,14,Norway Women's,Caroline Graham Hansen,Signe Gaupset,48.2,50.5,77.8,4,55.121773,17.09442538503506,0.9889591938194074,0.015066611105441673,-0.9738925827139657,1.7470635973902524,0.08943378986884494,-1.6576298075214075,2.7078482439390887,0.2924232543757128,-2.415424989563376,2.5383535805196926,12.631962109549693,1,0,3,0,3,0,0,0,1,0,1,1
4018354,6dab82a3-a625-4f0f-8972-321beeb86ad5,2,71,0,Norway Women's,Guro Reiten,Thea Bjelde,99.3,52.2,70.5,51,28.82499,-26.679802158165742,0.7464873534045,0.0008202388832393564,-0.7456671145212607,1.4689935967936771,0.027255483160973305,-1.4417381136327039,2.704479977891856,0.20215753751977092,-2.502322440372085,1.5575292650717343,23.995054717794535,1,0,1,0,1,0,0,0,1,0,0,1
4018354,d15a9abc-dab1-4a92-b512-acdd8478340c,2,71,4,Norway Women's,Thea Bjelde,Maren Nævdal Mjelde,73,52.7,108.1,24.9,44.77555,29.460120266986348,0.003875144939908155,0.3040085820309369,0.30013343709102874,0.07334345348969323,0.8324361557300223,0.7590927022403291,0.41864735082148435,1.7277266693681739,1.3090793185466896,19.548040443679632,4.8165984569975,0,0,0,1,0,1,0,0,1,0,0,1
4018354,15d74c82-14ba-4a34-8690-7734f9ef8fac,2,71,6,Norway Women's,Maren Nævdal Mjelde,Ingrid Syrstad Engen,107.2,25.3,107.6,34.9,9.60833,6.083959613622236,0.3040085793942626,1.6001062398667145,1.296097660472452,0.8324361402998133,2.8448045856689506,2.0123684453691375,1.727726657013261,4.163102848315486,2.4353761913022245,4.816598117810972,2.4897893707072227,0,2,1,5,1,5,0,0,1,0,0,1
4018354,a6e1230c-366c-41dc-80c7-06e6d80e56ae,2,71,51,Norway Women's,Cecilie Fiskerstrand,Maren Nævdal Mjelde,10.6,36.1,18,49.1,14.95861,7.064366642574768,0.0007072666989029523,0.002123338535406106,0.0014160718365031537,0.017213092151410182,0.03501686772914745,0.01780377557773727,0.11936029770348343,0.1866894663789022,0.06732916867541879,22.095351201193235,19.325727485933292,0,0,0,0,0,0,0,0,1,0,0,1
4018354,25b2cc32-45ed-4f2c-97dc-ca92b9e5863e,2,72,0,Norway Women's,Maren Nævdal Mjelde,Thea Bjelde,24,53.3,28.4,76.3,23.417088,-1.6135289586967616,0.29788838840926196,0.03761272941097118,-0.2602756589982908,0.585320012638595,0.19319979184811575,-0.39212022079047926,1.0374628915921187,0.5637701203647627,-0.473692771227356,3.817256134299517,10.521170639571977,0,0,1,0,1,0,0,0,0,0,0,0
4018354,c8cb1066-0b9d-4890-9da1-123d25bae405,2,72,29,Italy Women's,Cristiana Girelli,Barbara Bonansea,82.6,3.2,81.9,9.1,5.9413805,3.413763543661517,0.8832906377560122,1.7465295757007206,0.8632389379447084,1.4849908789548993,2.561738221258563,1.0767473423036638,2.3698103752484445,3.512421381506285,1.1426110062578405,1.3743790974389887,1.6898872896761834,1,3,1,3,2,4,1,1,0,0,0,0
4018354,d57c19f4-dfb5-4d87-8300-77e280c08ab1,2,72,48,Norway Women's,Ada Stolsmo Hegerberg,Caroline Graham Hansen,77.7,71.4,81.7,78.4,8.062258,-1.5544946067947834,1.0865393681345632,0.3706104881325722,-0.715928880001991,1.69278598915843,0.8324380890818702,-0.8603479000765598,2.5795111569958706,1.516935896588378,-1.0625752604074927,0.6240419483608005,4.061927651998153,1,0,1,1,3,2,0,0,1,0,0,1
4018354,13c4e612-d496-4216-bce9-9cc07de4a2d3,2,73,0,Norway Women's,Lisa Fjeldstad Naalsund,Thea Bjelde,83,59.9,79,75.6,16.201544,-12.286780844476915,0.6690733789083387,0.05134722262905976,-0.617726156279279,1.0177017102436048,0.24840873455183943,-0.7692929756917654,1.6568489612511985,0.7362275761695874,-0.9206213850816111,1.4319207689092848,9.454180551130095,1,0,1,0,1,0,0,0,1,0,0,1
4018354,bfe2c375-124b-4301-abba-eb5ef2c78490,2,73,3,Norway Women's,Thea Bjelde,Caroline Graham Hansen,79,75.6,85.8,68.8,9.6166525,9.58773047925088,0.23036587431913316,0.4914554551942895,0.2610895808751563,0.526945842730981,1.0974499206693176,0.5705040779383366,1.0580770695818513,1.993636115695704,0.9355590461138528,4.577374730755056,3.393874801879395,0,0,1,1,1,2,0,0,1,0,0,1
4018354,4e86264f-afd8-43cc-849f-c4dc4deda9bb,2,73,9,Norway Women's,Caroline Graham Hansen,Lisa Fjeldstad Naalsund,84.3,75.9,69.8,51.9,28.04015,-0.9621383685502991,0.7604051628364057,0.035342295364383214,-0.7250628674720225,1.3907598404415948,0.23521799787043315,-1.1555418425711617,2.171399087684212,0.8006112331684914,-1.3707878545157206,3.198608258788568,11.26506660920309,0,0,2,0,3,0,0,0,1,0,0,1
4018354,93bdacb3-ea8a-47e1-8b45-9dbb674d9ef1,2,73,14,Norway Women's,Lisa Fjeldstad Naalsund,Guro Reiten,79.4,38.3,77.5,22.5,15.913831,-5.326365230567873,0.6955258610180964,0.17653216323499296,-0.5189936977831034,1.2868666262807278,0.460020850701642,-0.8268457755790858,2.18930467246593,0.9878304152692804,-1.2014742571966495,2.4589220928283995,5.4457110689650845,1,0,2,0,2,1,0,0,1,0,0,1
4018354,3f4c1e4e-8c45-429a-8b43-12463bdbcc1c,2,73,17,Norway Women's,Guro Reiten,Elisabeth Terland,77.5,22.1,97.6,10.4,23.257257,8.995379173536442,0.1765321503414081,0.22088913588760617,0.044356985546198074,0.4600208306516559,0.5421772017992617,0.08215637114760577,0.9878303882385182,1.0930307357198856,0.10520034748136742,5.4457112876674065,4.876198248081102,0,0,0,1,1,1,0,0,1,0,0,1
4018354,902eb7fa-a09f-49e4-ae19-06c1f3455275,2,73,18,Norway Women's,Elisabeth Terland,Signe Gaupset,97.6,10.4,93.6,17.2,7.889233,2.2376843769878647,0.31060426445829703,0.5668929789425902,0.25628871448429313,0.6654123757871384,1.2394740791097354,0.574061703322597,1.2348297242081205,2.090368201252254,0.8555384770441337,3.865761741078006,3.969456680762919,0,0,1,1,1,3,0,0,0,0,0,0
4018354,323d3206-2c30-46e2-95ec-493baf4ac2ce,2,73,30,Italy Women's,Sofia Cantore,Cecilia Salvai,11.2,71.8,7.6,55.9,16.302454,-0.16701117418621436,0.4496345526608167,0.0684680975383422,-0.3811664551224745,0.7304427049868781,0.2983540597848273,-0.4320886452020508,1.1388640741508629,0.752916191500791,-0.38594788265007185,2.5249047238071354,9.183449138981178,1,0,1,0,1,0,0,0,1,0,0,1
4018354,41cdf5a7-d105-47a1-a1cd-0578096a424e,2,73,47,Norway Women's,Guro Reiten,Tuva Hansen,49.9,23.8,40.9,30.8,11.401754,-7.685671370031429,0.05384042725617217,0.04032186111952135,-0.013518566136650818,0.28658724667302204,0.1793806792891986,-0.10720656738382345,0.7893659984611626,0.5094735803533464,-0.2798924181078162,11.098266011392022,9.786685676325451,0,0,0,0,0,0,0,0,1,0,0,1
4018354,fc611573-a34f-456a-b694-f3d8310e0665,2,73,49,Norway Women's,Tuva Hansen,Guro Reiten,40.9,30.8,44.1,22.1,9.269844,1.651044259535098,0.056864323525978276,0.029048645561184857,-0.02781567796479342,0.2274870686707439,0.1949825366439767,-0.0325045320267672,0.6020253896933564,0.612242489400743,0.010217099707386601,8.814354580529514,12.39358584501155,0,0,0,0,0,0,0,0,1,0,0,1
4018354,0b93a795-3be2-4c74-b16e-f66d5ea0a887,2,73,52,Norway Women's,Guro Reiten,Elisabeth Terland,44.3,22.1,63.9,23.6,19.657314,19.33952004771787,0.14362080751176134,0.9383930348523564,0.794772227340595,0.4284477022629318,1.3702900385989314,0.9418423363359996,0.9260497940256747,1.9430659564790775,1.0170161624534029,6.2807815860475475,1.5014794226222996,0,1,0,2,1,2,0,1,1,0,0,1
4018354,8fdb604f-ca91-488a-90a5-ff1726ec9d0b,2,73,56,Norway Women's,Elisabeth Terland,Signe Gaupset,56.7,18.7,63.5,8.3,12.425779,2.002235847126528,0.9941162633180278,0.27539453473397696,-0.7187217285840508,1.550091357026283,0.6899171485113328,-0.8601742085149503,2.211174022117074,1.278539573944094,-0.9326344481729802,1.3636447152494668,5.072165132874115,1,0,2,0,3,1,1,0,1,0,0,1
4018354,20bc17a3-4eb3-41f9-a9b9-e0147464b192,2,73,58,Norway Women's,Signe Gaupset,Lisa Fjeldstad Naalsund,63.4,8.7,56.9,14.7,8.845903,-3.305037305296622,0.5886480623742831,0.7380236953890917,0.1493756330148086,1.0648252167878531,1.2000972252575668,0.13527200846971366,1.6724580087661554,1.8774245969930543,0.20496658822689895,2.4073885674850817,1.4880282433376286,1,1,1,1,2,2,0,0,1,0,0,1
4018354,62ffca34-e118-48e1-af61-a42cea39e48d,2,73,59,Norway Women's,Lisa Fjeldstad Naalsund,Guro Reiten,56.9,14.5,42.4,12.4,14.651279,-14.304357640266275,0.7380236664897565,0.06291599853264714,-0.6751076679571093,1.2000972101065819,0.2695049254537134,-0.9305922846528685,1.8774245893144639,0.6946241188685985,-1.1828004704458652,1.4880284167354465,8.960898945662525,1,0,1,0,2,0,0,0,1,0,0,1
4018354,4a444b4b-dcf2-4d41-bc00-c82d8e0f1e0d,2,74,2,Norway Women's,Guro Reiten,Cecilie Fiskerstrand,40.5,16.6,8.5,37,37.94944,-28.668100357242906,0.24256552454609157,0.00017236791907853467,-0.24239315662701302,0.5370292129285993,0.007298749495563071,-0.5297304634330362,0.9770597654582027,0.06822393580258497,-0.9088358296556177,4.483257808162311,26.387164395365883,0,0,1,0,1,0,0,0,1,0,0,1
4018354,193be7c4-0261-4669-9cc4-8471abcc7f1e,2,74,7,Norway Women's,Cecilie Fiskerstrand,Tuva Hansen,13.1,40.4,20.3,35.1,8.940358,7.080409751413782,0.001048524269937409,0.012090125764509504,0.011041601494572095,0.021798468026741853,0.09551247388635817,0.07371400585961632,0.1349145379436219,0.3499883623423632,0.2150738243987413,21.158970787080214,13.614287484559185,0,0,0,0,0,0,0,0,1,0,0,1
4018354,e8f648d9-a58d-4982-a796-9f80a5a618bc,2,74,10,Norway Women's,Tuva Hansen,Guro Reiten,21.8,32.7,28,23.8,10.846659,5.055543899633108,0.061398020509979855,0.06709053171110223,0.005692511201122373,0.24226995362011655,0.28321493361333794,0.040944979993221386,0.6107076552596185,0.7018964792279754,0.09118882396835692,8.626161272331613,8.818231033844505,0,0,0,0,0,0,0,0,1,0,0,1
4018354,45aa597a-a69f-4dcd-a29f-a7690c521958,2,74,14,Norway Women's,Guro Reiten,Maren Nævdal Mjelde,29.3,27.6,29,58,30.40148,-1.219433822107888,0.6869847923519397,0.02936646461027883,-0.6576183277416608,1.0778677833567103,0.1581477644718302,-0.9197200188848801,1.61306077985021,0.48929362070305266,-1.1237671591471572,1.5223184136471328,10.890438201393316,1,0,1,0,1,0,1,0,1,0,0,1
4018354,f767a9c8-4aa1-4bb1-a4ad-74fd256f08d7,2,74,17,Norway Women's,Maren Nævdal Mjelde,Caroline Graham Hansen,33.9,59.7,48.8,60.3,14.912076,14.287612721074481,0.2789437200022098,0.4737753337286871,0.19483161372647728,0.5265628762693376,0.970869526627864,0.44430665035852634,0.9364594354781473,1.6905567003443247,0.7540972648661775,3.8830343720687184,3.13518859232244,0,0,1,1,1,2,0,0,1,0,0,1
4018354,ee9f7807-0829-47e0-af88-e1c51590a43e,2,74,19,Norway Women's,Caroline Graham Hansen,Thea Bjelde,48.4,61.2,46.7,76.9,15.79177,-7.391380604712779,0.5626472425749481,0.029708008909780873,-0.5329392336651673,1.1047796487830277,0.192263911575672,-0.9125157372073557,1.8989114184488511,0.6200593292281126,-1.2788520892207385,2.6374370653691956,12.063705097051335,1,0,1,0,2,0,0,0,1,0,0,1
4018354,1efb8e5d-fec3-4ef2-8560-9627d2400211,2,74,22,Norway Women's,Thea Bjelde,Maren Nævdal Mjelde,46,77.6,33.9,70.3,14.131525,-8.271377025761126,0.08084364520181758,0.04192604654492328,-0.0389175986568943,0.3195463635877762,0.22988702011647008,-0.08965934347130614,0.8033085570673327,0.6761256622907575,-0.12718289477657518,8.272988527955963,11.370285362960109,0,0,0,0,0,0,0,0,1,0,0,1
4018354,b0198416-e1d2-4a5a-865a-30f4025eb843,2,74,24,Norway Women's,Maren Nævdal Mjelde,Tuva Hansen,33.7,70.3,25.2,47.6,24.239223,-3.639515456349912,0.14562205380712395,0.07407330130675731,-0.07154875250036664,0.46475758659685695,0.25351179450972466,-0.2112457920871323,1.0057006375470916,0.6071493331883512,-0.3985513043587404,7.512671331016932,7.940375906572372,0,0,0,0,1,1,0,0,1,0,0,1
4018354,e2c094f5-1327-4c19-8048-4f269b0c7ce5,2,74,28,Norway Women's,Tuva Hansen,Guro Reiten,24.6,34.4,27.1,24.9,9.8234415,1.4450394785579164,0.15173806320843222,0.06314978508484846,-0.08858827812358376,0.4028488823390174,0.2730319332050377,-0.12981694913397968,0.8093473023378228,0.6644269932358869,-0.14492030910193587,5.896714046482527,9.971431078756938,0,0,0,0,1,0,0,0,1,0,0,1
4018354,b00474db-404c-492d-b649-91c2cd69ef4e,2,74,30,Norway Women's,Guro Reiten,Signe Gaupset,28.2,24,48.8,8.5,25.780031,15.3270483577991,0.24891259469583102,0.06681507744616286,-0.18209751724966816,0.5644181397876242,0.25292723419236735,-0.3114909055952569,1.0004449923888936,0.6166042441478918,-0.3838407482410018,4.614328601392401,8.446781470306469,0,0,1,0,1,0,0,0,1,0,0,1
4018354,a2c567f9-7bd6-4579-9d57-14bba5abae92,2,74,44,Norway Women's,Maren Nævdal Mjelde,Caroline Graham Hansen,65.2,61.6,77.5,66.5,13.24009,8.818382730490619,0.11209856133466985,0.2623033989238884,0.15020483758921854,0.3189703674579867,0.6623896821690354,0.3434193147110487,0.7488495245362449,1.2912340139665395,0.5423844894302946,6.637086311091539,5.172308365355063,0,0,0,0,1,2,0,0,1,0,0,1
4018354,619ef7bc-c79b-48ef-b6d1-f15ac0ff7bd0,2,76,40,Italy Women's,Giada Greggi,Sofia Cantore,32.7,25.1,42.8,12.3,16.304907,6.543324229360323,0.5752734365731353,0.45714908862385356,-0.11812434794928178,0.9700786208252544,0.8260624071658076,-0.14401621365944683,1.4796349916665794,1.3026944446675306,-0.17694054699904882,2.4303862525439976,2.9465645586770965,1,1,1,1,2,2,1,1,1,0,0,1
4018354,35856a92-2379-46c7-9430-4043dbc1f845,2,76,42,Italy Women's,Sofia Cantore,Lucia Di Guglielmo,41.8,12.5,30.5,14,11.399123,-10.305602687811032,0.578948929398579,0.20700964177068176,-0.37193928762789724,0.9896072825190052,0.5539247223936482,-0.435682560125357,1.53545597502002,1.1399410998183233,-0.3955148752016968,2.2489276046140394,5.294907782509545,1,0,1,0,2,1,1,0,1,0,0,1
4018354,2cbdc9e5-5f48-4eec-a71f-843009d24400,2,76,45,Italy Women's,Lucia Di Guglielmo,Laura Giuliani,25.8,9.8,7.8,26.8,24.758837,-14.051206269778632,0.29313016404984593,0.1049302338052907,-0.18819993024455522,0.6049830808363831,0.2716234152405108,-0.33335966559587227,1.0830429106531545,0.5229716768589489,-0.5600712337942056,3.966724310219162,6.777389533111729,0,0,1,0,1,1,1,1,1,0,0,1
4018354,e3fcbc34-e28f-4294-837a-a8f03c4bf17b,2,76,58,Norway Women's,Ingrid Syrstad Engen,Guro Reiten,75.3,34.2,59.6,18.9,21.922134,-18.904734075076775,0.505737347118371,0.17245237681290954,-0.3332849703054615,1.0294128289202673,0.43222289732500974,-0.5971899315952576,1.8656215280042272,0.8760974093746752,-0.989524118629552,2.6657215153942695,5.476230904394507,1,0,1,0,1,1,1,0,1,0,0,1
4018354,f04265ca-6fe9-4f4e-bde3-926f11be8681,2,77,1,Norway Women's,Guro Reiten,Cecilie Fiskerstrand,57.1,19.4,17,42.1,46.07928,-36.8340200376372,0.6022414810397162,0.0021658402507013343,-0.6000756407890149,0.8710825097230132,0.027288634063720642,-0.8437938756592925,1.2778967142473827,0.1284909216537471,-1.1494057925936356,1.6466642161600211,18.43968525894216,1,0,1,0,1,0,1,0,1,0,0,1
4018354,809e69b3-9cda-40dc-86bc-70fe202a6c71,2,77,7,Norway Women's,Cecilie Fiskerstrand,Tuva Hansen,17.2,42.3,28,30.6,15.922626,10.346755770386892,0.012626259793894881,0.04530816778750058,0.0326819079936057,0.081466504690838,0.19711901376105917,0.11565250907022118,0.2756279143534316,0.5240782779868985,0.24845036363346695,13.166468600214356,9.517567224261096,0,0,0,0,0,0,0,0,1,0,0,1
4018354,79f4c21f-2501-4e3c-88af-564737c3e5c1,2,77,9,Norway Women's,Tuva Hansen,Cecilie Fiskerstrand,28.4,29.6,10.4,43.3,22.620565,-17.461166865224783,0.12697344586392217,0.04615939682424113,-0.08081404903968104,0.3428617211031109,0.16569143910766873,-0.17717028199544219,0.7081722758347073,0.387816732419527,-0.3203555434151803,6.306206835461884,9.238041734978069,0,0,0,0,1,0,0,0,1,0,0,1
4018354,7e21c41d-9802-42aa-8f1f-77efe5f676d6,2,77,11,Norway Women's,Cecilie Fiskerstrand,Tuva Hansen,10.4,43.3,23.1,16.2,29.928247,9.869661384507893,0.03770843267208322,0.06052358593457018,0.02281515326248696,0.14673325940104678,0.2702867466211562,0.12355348722010942,0.3591916629074633,0.690324361095699,0.33113269818823565,9.84470718227068,9.916730044603717,0,0,0,0,0,0,0,0,1,0,0,1
4018354,45dae003-1cb6-4062-b968-33b187a06b2e,2,77,20,Norway Women's,Tuva Hansen,Guro Reiten,46.9,16.8,64.1,6.6,19.997,11.57509660198788,0.2906457890053485,0.18098201836464783,-0.10966377064070065,0.6982316495451014,0.48576453464744007,-0.21246711489766135,1.388891288291799,1.0443466131797658,-0.3445446751120331,4.315998777298515,5.514765981514179,0,0,1,0,1,1,1,0,1,0,0,1
4018354,e41660a4-3028-474d-850d-82f06df10fa4,2,77,22,Norway Women's,Guro Reiten,Ada Stolsmo Hegerberg,69.8,4.5,93,28.5,33.380234,32.137001794042895,0.5704746815794651,0.4720560626047801,-0.09841861897468501,0.8523063464301073,0.9042124329033062,0.05190608647319894,1.2505508349976386,1.4444484684521486,0.19389763345450994,1.8952399511719988,4.006425498833103,1,0,1,2,1,2,0,0,1,0,0,1
4018354,5b7e5754-199b-4991-8d47-a2996c235ac9,2,77,34,Italy Women's,Lucia Di Guglielmo,Sofia Cantore,3.6,3,22.2,3.2,18.601076,17.64469926437252,0.5856725418443651,0.8400451360264836,0.25437259418211844,0.7377092609190473,1.2012586959798899,0.46354943506084256,0.9191475210929796,1.661833789886867,0.7426862687938873,1.6068176791371653,0.9959640013983958,1,1,1,1,1,2,1,1,1,0,0,1
4018354,8ce8823a-f7e3-48f6-b661-793e0b12b692,2,77,38,Italy Women's,Sofia Cantore,Elena Linari,21.4,2.5,6.3,10,16.860012,-12.100867339734677,1.227866275241641,0.013886933683101626,-1.2139793415585394,1.6731471798983977,0.12529620800361016,-1.5478509718947875,2.1350451743747634,0.4743755348951804,-1.660669639479583,0.6350001272603223,14.377813734051282,1,0,2,0,3,0,1,0,1,0,0,1
4018354,ef48975e-d9b3-4236-a0bb-0ce42d17936c,2,77,44,Italy Women's,Elena Linari,Manuela Giugliano,10.4,14.5,21,21.7,12.8140545,11.850217157264424,0.026536065939979512,0.25791237723362226,0.23137631129364275,0.16750906995393813,0.6702237964179942,0.5027147264640561,0.5611021138668175,1.3415881854270177,0.7804860715602002,11.39236346032308,4.674453575500111,0,0,0,1,0,1,0,0,1,0,0,1
4018354,059e268d-194d-468a-8a47-d592a47df96d,2,77,45,Italy Women's,Manuela Giugliano,Elena Linari,21,21.7,12.9,14.5,10.837435,-9.416711749083959,0.25791237723362226,0.030144939105901457,-0.2277674381277208,0.6702237964179942,0.18709777778744305,-0.48312601863055116,1.3415881854270177,0.5941159972352594,-0.7474721881917583,4.674453575500111,11.994894939646812,0,0,1,0,1,0,0,0,1,0,0,1
4018354,bb0b4934-91d8-4c9f-9884-f74cde30bd24,2,77,48,Italy Women's,Elena Linari,Elisabetta Oliviero,11.2,19.6,42.4,69.7,59.02076,27.606570379320374,0.017280196490205013,0.04680365673123027,0.029523460241025257,0.14125947685686163,0.17147592738556522,0.030216450528703587,0.49433744884092423,0.4071252316477775,-0.08721221719314676,14.422135883497205,9.22265410724683,0,0,0,0,0,0,0,0,1,0,0,1
4018354,fdc90885-5bb3-4d6c-b7c1-1a445d3ff258,2,78,0,Italy Women's,Cecilia Salvai,Laura Giuliani,28.2,56.7,13.5,41,21.507673,-13.198049738398922,0.19548691743543326,0.002028975314813648,-0.19345794212061962,0.43907486040814314,0.03381247690570946,-0.4052623835024337,0.7997304625163637,0.18048494050902078,-0.619245522007343,5.017385197422526,19.457388212820373,0,0,0,0,1,0,0,0,1,0,0,1
4018354,2cb00c17-f997-49df-923b-287833520224,2,78,9,Italy Women's,Laura Giuliani,Michela Cambiaghi,18.4,41.2,63.9,54,47.266163,43.78658827164565,0.04848391447365078,0.6712809417328184,0.6227970272591676,0.1922558003593691,1.1307793525736758,0.9385235522143067,0.48353362627891083,1.8987812731227929,1.415247646843882,9.226730866833318,1.5833437689919367,0,1,0,1,0,1,0,0,1,0,0,1
4018354,dd6f8fdb-ba67-4f55-8cc5-a70aff3af097,2,78,21,Italy Women's,Elisabetta Oliviero,Laura Giuliani,21.2,71.4,7.4,41.4,33.021812,-8.939035343401997,0.035078698451248606,0.017897156647666567,-0.01718154180358204,0.15558376044002237,0.0913059323137568,-0.06427782812626556,0.38252701465008077,0.2411588215197632,-0.14136819313031757,10.271365425153446,12.074345989171086,0,0,0,0,0,0,0,0,1,0,0,1
4018354,8d859cff-cd0a-4995-894a-5b1e93d7df45,2,78,25,Italy Women's,Laura Giuliani,Cristiana Girelli,8.4,44.6,48.2,71.1,47.815166,33.448676470500104,0.09451386540012084,0.6594182927102967,0.5649044273101759,0.24537246319940137,1.0779615997167082,0.8325891365173068,0.437144971023473,1.5753687500564528,1.1382237790329799,7.078609267445157,2.227784004087276,0,1,0,1,1,2,1,0,1,0,0,1
4018354,edaa9ac0-371c-45c3-9719-6cc5fb7e009f,2,78,28,Italy Women's,Cristiana Girelli,Michela Cambiaghi,48.2,71.1,55.8,70.7,7.610519,7.083385259765407,0.6594184089853437,0.20489767427873215,-0.4545207347066115,1.0780306701076532,0.6158776593530059,-0.4621530107546473,1.577878078135617,1.2600435378652748,-0.3178345402703422,2.227784004087276,6.6896504019498195,1,0,1,0,2,1,0,0,0,0,0,0
4018354,e25a8c7f-6bc0-418f-91bb-2a459ab9c6b3,2,78,44,Italy Women's,Laura Giuliani,Cristiana Girelli,4.8,54.2,56.4,62,52.186207,48.77432603828419,0.09686428350748738,1.1678643137355036,1.0710000302280163,0.2625887580829418,1.5910082546558775,1.3284194965729357,0.4960376766269247,2.1784233885630613,1.6823857119361365,7.042079044069652,0.4472102091960198,0,1,0,2,1,2,1,0,1,0,0,1
4018354,6da16c2f-1514-4fb0-8499-59805080d2c1,2,78,58,Italy Women's,Manuela Giugliano,Cristiana Girelli,37.3,35,43.1,52.5,18.436106,4.941704609125239,0.503644692005075,0.25914576159523806,-0.24449893040983695,1.014658851278176,0.6773631567497694,-0.3372956945284066,1.7575084779603365,1.3369770605176734,-0.4205314174426631,2.819938659983053,4.905125680352203,1,0,1,1,1,1,1,0,1,0,0,1
4018354,dc0dc7e4-7ec6-4bf3-96cf-ca534d7975b3,2,79,0,Italy Women's,Cristiana Girelli,Arianna Caruso,44.1,53.9,56,63.9,15.543809,8.845314709074572,0.43148214255472905,0.08600814267816852,-0.3454739998765605,0.9165305065382874,0.32830795403017216,-0.5882225525081153,1.5875124862979204,0.8428251910364635,-0.7446872952614569,4.669390415278086,7.966339257855087,0,0,2,0,2,1,0,0,1,0,0,1
4018354,0a5e6e12-bcbf-4189-8dcc-e32efcb632aa,2,79,6,Italy Women's,Elisabetta Oliviero,Manuela Giugliano,47.1,68,55,58,12.744019,10.64604224805717,0.040093317915614525,0.16522349350159293,0.12513017558597841,0.20289676909356805,0.5946099043429958,0.39171313524942775,0.5919701883144791,1.298628439078192,0.7066582507637128,10.114413582510958,8.010879466632003,0,0,0,0,0,0,0,0,1,0,1,1
4018354,842433bc-83e2-45f2-9f90-fb01735f00d1,2,79,9,Italy Women's,Manuela Giugliano,Sofia Cantore,56.4,56.5,83.2,8.9,54.626,17.524051266324292,0.23439305436227117,0.01412192882899168,-0.2202711255332795,0.7557069829921423,0.12106217378198994,-0.6346448092101524,1.5950954138630404,0.47388581125945,-1.1212096026035905,6.965638613846619,13.768790912494552,0,0,0,0,1,0,0,0,0,1,1,1
4018354,e1954f0b-7006-47c6-a1ba-9752b281c09b,2,80,1,Italy Women's,Elisabetta Oliviero,Laura Giuliani,36.1,73.3,11.6,54.8,30.700163,-19.138840443047556,0.20923950411979045,0.0005181393306370526,-0.2087213647891534,0.49952757512410095,0.014505874504556369,-0.4850217006195446,0.8920345309384142,0.10000605966889778,-0.7920284712695165,5.133867104925359,23.73637283099651,0,0,0,0,1,0,0,0,1,0,0,1
4018354,732bdde0-af45-4ceb-b22e-272d05903251,2,80,13,Italy Women's,Elena Linari,Lucia Di Guglielmo,19.7,36.7,31.8,9.6,29.678612,7.062257791502049,0.21688214588488017,0.22207723022743228,0.005195084342552114,0.5196445106641893,0.4740811519021448,-0.04556335876204448,0.9436224920652457,0.8834162225501139,-0.06020626951513186,5.036323245269832,4.601240444795685,0,0,0,1,1,1,0,0,0,0,0,0
4018354,ff9ca737-5092-4007-8a2a-3d1f2523adc9,2,80,26,Norway Women's,Maren Nævdal Mjelde,Tuva Hansen,53.3,71.8,46.5,61,12.7624445,-2.5484613705986305,0.008548808378617247,0.05163588982144978,0.043087081442832534,0.0946441278970044,0.21475737339201803,0.12011324549501363,0.38801861369863966,0.5787612280213341,0.19074261432269446,15.969463239094061,9.094616666278064,0,0,0,0,0,0,0,0,1,0,0,1
4018354,5cc28c6a-0419-4c90-8805-ae368f207c0b,2,80,29,Norway Women's,Tuva Hansen,Maren Nævdal Mjelde,46.5,61,46.3,72.5,11.501739,-4.106595975941659,0.08282768690708067,0.01958773334248463,-0.06323995356459604,0.298904341823928,0.15281920390827947,-0.14608513791564853,0.7340895037221624,0.5145414888344716,-0.21954801488769082,7.772500533640555,13.889167431368042,0,0,0,0,1,0,0,0,1,0,0,1
4018354,60675bd5-118c-42d5-9e8e-7d024f9797da,2,80,33,Norway Women's,Maren Nævdal Mjelde,Thea Bjelde,46.3,72.4,69.2,78.4,23.672981,16.82700081142822,0.03628315224932455,0.05483047175304077,0.018547319503716214,0.21166925434318215,0.2750162897268907,0.06334703538370853,0.6259746268927516,0.7620110456907901,0.13603641879803852,11.211697844128281,10.206867703147179,0,0,0,0,0,0,0,0,1,0,0,1
4018354,85cf1ab1-e127-42fd-9a3e-7312b12bcfe6,2,80,48,Norway Women's,Lisa Fjeldstad Naalsund,Maren Nævdal Mjelde,78.7,72.9,63.5,74.6,15.29477,-13.45016052579107,0.24762749107116006,0.03353562363751194,-0.2140918674336481,0.706363667059075,0.18246676024510414,-0.5238969068139709,1.465423135485699,0.5487537202523054,-0.9166694152333936,5.328645001729257,10.765813981407991,0,0,0,0,1,0,0,0,1,0,0,1
4018354,6651e62b-3f45-400a-a5cd-fb32dc7dab4e,2,80,55,Norway Women's,Maren Nævdal Mjelde,Thea Bjelde,62.8,74.8,71.7,77.8,9.392018,5.621368941836401,0.11272199949155343,0.2788948764358066,0.1661728769442532,0.4103764647469957,0.7120922371327143,0.3017157723857186,0.9970909723002563,1.3953488116031714,0.39825783930291503,7.404305239976003,5.9579816326472255,0,0,0,0,1,2,0,0,0,0,0,0
4018354,0103ee32-67a5-45e7-8f68-0774468fbfc0,2,80,56,Norway Women's,Thea Bjelde,Maren Nævdal Mjelde,71.7,77.8,63.4,76.5,8.401191,-6.0154785623733105,0.2788948764358066,0.5662905491256411,0.2873956726898345,0.7120922371327143,1.0016295352057125,0.2895372980729982,1.3953488116031714,1.6473400887295293,0.25199127712635794,5.9579816326472255,2.2628517817165776,0,1,0,1,2,2,0,1,0,0,0,0
4018354,3604f67f-3912-4631-91b3-737aaa3fa866,2,84,12,Italy Women's,Cecilia Salvai,Elena Linari,55.4,69.2,53.3,37.2,32.068832,4.134132188607438,0.0097453367728943,0.01100026816372549,0.0012549313908311911,0.08112333665230267,0.09149622799806705,0.01037289134576437,0.2951647984690287,0.3733663464875196,0.07820154801849089,14.468230027482713,13.845491222285334,0,0,0,0,0,0,0,0,1,0,0,1
4018354,ba320d30-f029-409a-acb4-215fcc39e29e,2,84,17,Italy Women's,Elena Linari,Giada Greggi,55.4,35.1,66.2,24.9,14.855302,8.906682491428157,0.07887648849488832,0.39673821667322234,0.317861728178334,0.28339618689669743,0.8775931863605834,0.5941969994638859,0.7401951793172808,1.5996768082765394,0.8594816289592585,7.835521274350304,3.7653548837851814,0,0,0,1,1,1,0,0,1,0,0,1
4018354,67adfb19-e63a-422e-8be6-b31873339ca5,2,84,19,Italy Women's,Giada Greggi,Cecilia Salvai,63.2,26.1,34.4,74.8,56.57853,-33.92739965956454,0.7494544759884411,0.003892793432459749,-0.7455616825559813,1.198547301272193,0.03892692078707987,-1.159620380485113,1.8120852491285007,0.1593737236613375,-1.6527115254671632,1.9466453011005407,16.69377405629926,1,0,2,0,2,0,1,0,1,0,0,1
4018354,3c10d3a3-65e9-4ce5-8bda-7024e8040ef2,2,84,28,Italy Women's,Arianna Caruso,Elisabetta Oliviero,59.4,67.3,62.8,75.4,8.784646,-0.8027157003775756,0.5313345475251978,0.06626457705576443,-0.4650699704694334,0.7964247854556321,0.27423491689861995,-0.5221898685570121,1.1854490417719759,0.6732163645856427,-0.5122326771863331,2.0015360851250548,9.417708558228494,1,0,1,0,1,0,1,0,1,0,0,1
4018354,2ee5f202-1679-4845-b53f-f9392a92c168,2,85,20,Norway Women's,Signe Gaupset,Guro Reiten,87.9,16.8,71.7,7.7,18.580904,-18.498718743106394,1.3795973603564373,0.05968977645388003,-1.3199075839025574,2.0754530296429303,0.3055716296341107,-1.7698814000088197,2.938021733699953,0.8549116478400003,-2.0831100858599525,1.2590489590106133,10.791035902290089,2,0,2,0,3,0,1,0,0,0,0,0
4018354,414810fa-09b7-42bd-8ff6-c5d6f7591024,2,87,1,Italy Women's,Cecilia Salvai,Manuela Giugliano,42.4,52,48.8,61,11.0435505,4.2900155385440115,0.03167754721622346,0.07823388436908024,0.04655633715285678,0.1589309742952323,0.29544049432184716,0.13650952002661484,0.48344268622255804,0.7175191802584379,0.23407649403587982,10.569222323826347,8.279995443335226,0,0,0,0,0,0,0,0,0,0,0,0
4018354,0f49d617-7e49-4149-8db5-7c6f56593677,2,87,9,Norway Women's,Guro Reiten,Ada Stolsmo Hegerberg,75.8,8.1,82.1,29.3,22.116283,15.127705817097691,0.6466460128671845,0.5043804114993953,-0.1422656013677892,1.0614896422290627,1.1440162384566355,0.08252659622757275,1.6041624456206498,2.030988167132027,0.4268257215113773,1.863883695531388,3.5392006398640286,1,0,1,1,1,2,0,0,1,0,0,1
4018354,5d7a8965-1a32-4b36-b55e-00047f3677a7,2,87,12,Norway Women's,Ada Stolsmo Hegerberg,Lisa Fjeldstad Naalsund,79.6,27.6,74.3,42.1,15.438264,-3.4880772986613238,0.9179017998889137,0.20046440025146559,-0.7174373996374481,1.599174395697861,0.6064965422321322,-0.9926778534657288,2.393155788245081,1.3450507676251482,-1.0481050206199327,2.6935182284855976,5.670913372029397,1,0,3,0,3,1,1,0,1,0,0,1
4018354,2ce58bec-1e00-40b2-831c-631db57e0702,2,87,15,Norway Women's,Lisa Fjeldstad Naalsund,Emilie Marie Woldvik,70.7,47,62.6,56.9,12.791404,-10.041715455268637,0.610931812582732,0.03629499527520726,-0.5746368173075247,1.1038130061998217,0.2177213546160814,-0.8860916515837403,1.881195217502444,0.6950069259603987,-1.1861882915420452,2.215138649881457,11.043776063986586,1,0,1,0,2,0,1,0,1,0,0,1
4018354,4729669e-3f4a-4e40-836c-3654a70fe66e,2,87,17,Norway Women's,Emilie Marie Woldvik,Maren Nævdal Mjelde,62.6,56.9,50.3,49.7,14.252368,-10.535534216644123,0.09751884656432612,0.0510953543215726,-0.04642349224275352,0.4019279487688501,0.20959208062607873,-0.19233586814277134,1.0323545932785112,0.5832645164460739,-0.4490900768324373,8.197786138425787,9.076197943755849,0,0,0,0,0,0,0,0,1,0,0,1
4018354,46bb9377-3c80-4288-9838-d6c7245cb824,2,87,20,Norway Women's,Maren Nævdal Mjelde,Tuva Hansen,50.3,49.7,48.4,33.6,16.211723,-1.5137371782523985,0.15059757881185198,0.06611299194793564,-0.08448458686391634,0.3831154571205862,0.26210448208807563,-0.12101097503251057,0.7847233942967125,0.6579343761085372,-0.12678901818817523,5.797720347399244,8.606396505485153,0,0,0,0,1,0,0,0,1,0,0,1
4018354,e22a92be-1265-4c24-956e-de8745ad548c,2,87,22,Norway Women's,Tuva Hansen,Guro Reiten,48.4,30,55.8,18.5,13.67516,4.590520244721063,0.10841972554210862,0.22583147634678188,0.11741175080467327,0.36100868605106506,0.48203623740262125,0.12102755135155618,0.8090521253469091,0.892565092072898,0.08351296672598896,7.240927042051151,4.573598705291051,0,0,0,1,1,1,0,0,1,0,0,1
4018354,3a949a41-e830-442c-bfca-7eeb0119e84a,2,87,26,Norway Women's,Signe Gaupset,Elisabeth Terland,74.9,7.7,91.9,10,17.154882,14.368551165173088,0.3894822546993173,0.8543762792825025,0.4648940245831852,0.7290044026762439,1.1037009964165456,0.37469659374030173,1.2767508048645508,1.4814355603574614,0.20468475549291054,3.06113147880346,0.6594495460615559,0,1,1,1,1,1,0,0,1,0,0,1
4018354,507da8ed-63e9-4d38-b2f0-aea1b4e63db9,2,87,33,Norway Women's,Elisabeth Terland,Tuva Hansen,80.4,13.8,61.3,18.9,19.769169,-14.894450721269543,0.9181342702398424,0.5763754238905162,-0.3417588463493262,1.4327049954621878,0.8573140269257825,-0.5753909685364053,2.1373267077068725,1.3105965570068534,-0.8267301507000191,1.172751685210455,1.7691073519085194,1,1,1,1,3,1,0,0,1,0,0,1
4018354,01023e90-3424-4fb3-a2ab-9605eaec2859,2,87,35,Norway Women's,Tuva Hansen,Ingrid Syrstad Engen,61.1,19.8,65.6,21.9,4.9658837,4.93546510221654,0.5763755867081284,0.9808986694237873,0.40452308271565895,0.8573141685596347,1.5380746712762867,0.680760502716652,1.3105966874745798,2.2058822057549263,0.8952855182803465,1.7691064994385977,1.0390927514552364,1,1,1,1,1,3,0,0,0,0,0,0
4018354,a03b8cce-69c9-48d2-9242-687281a005c4,2,87,36,Norway Women's,Ingrid Syrstad Engen,Lisa Fjeldstad Naalsund,65.4,21.5,57.9,37.4,17.580103,-4.50538023384042,0.98089801701963,0.1606824884639959,-0.8202155285556341,1.5380742045982847,0.5326372810566776,-1.0054369235416072,2.205881841248686,1.1744704050426256,-1.0314114362060605,1.039095755455666,6.627507418114104,1,0,1,0,3,1,0,0,0,0,0,0
4018354,e9e2eaac-1568-47fd-a75c-25805381bc4f,2,88,36,Norway Women's,Guro Reiten,Signe Gaupset,54.1,10.4,77.3,5.1,23.79769,17.09445631338223,0.07637964662628488,0.37008829272929866,0.2937086461030138,0.23825775522924278,0.6014129892612188,0.363155234031976,0.5319437592189744,0.9585059348881065,0.4265621756691321,7.782525281852681,3.0161286237929836,0,0,0,1,1,1,0,0,1,0,0,1
4018354,e6b6c533-6418-4c6c-8100-a2f946928d79,2,88,41,Norway Women's,Signe Gaupset,Guro Reiten,76.6,3.9,64.5,6.8,12.442669,-8.220689710740253,0.43784369419350083,0.48419184690148975,0.04634815270798892,0.6815912374607335,0.8058729642607345,0.12428172680000105,1.0660574986830054,1.296164709882271,0.2301072111992657,2.5279097545479314,2.4006713786009666,1,1,1,1,1,1,0,1,1,0,0,1
4018354,5969272a-524e-431a-b2c5-74db371bceb9,2,88,45,Norway Women's,Guro Reiten,Tuva Hansen,54.3,9.2,42.8,16.8,13.784411,-8.049453733450363,0.12749249272749352,0.005951918516492072,-0.12154057421100145,0.3806349628886573,0.06191250188721182,-0.31872246100144547,0.8074312576564042,0.25769152211484964,-0.5497397355415545,6.628552458136003,16.037071430188334,0,0,0,0,1,0,0,0,1,0,0,1
4018354,f8e50824-4174-40cb-bb26-1869b958ecd4,2,88,48,Norway Women's,Tuva Hansen,Maren Nævdal Mjelde,41.8,18.5,41.2,54.8,36.30496,0.9239238311158573,0.009586565708786991,0.032894449639980596,0.023307883931193603,0.09035507159956026,0.14345144217881875,0.05309637057925849,0.36248890231460107,0.3841805552278485,0.021691652913247428,14.786414113034429,10.310439065538233,0,0,0,0,0,0,0,0,1,0,0,1
4018354,93198a97-ecff-44ff-bfd3-d0cef85a52ec,2,88,58,Italy Women's,Cecilia Salvai,Manuela Giugliano,46.5,55.6,56,58,9.79847,8.654193817267284,0.5751229394812866,0.5693727534202377,-0.005750186061048823,1.0125088784328777,1.2173764807542604,0.20486760232138268,1.539318087239544,1.999154855875224,0.4598367686356799,3.088406531581137,4.469378335986418,0,0,2,2,2,3,1,0,1,0,0,1
4018354,7cb1eadc-8828-47d8-a594-e42df6444520,2,89,0,Italy Women's,Manuela Giugliano,Cristiana Girelli,61.7,57.4,70.2,58,8.521151,7.887999834754808,1.3437396878827075,0.43354083134917765,-0.9101988565335298,2.004229385142474,1.176206615811082,-0.828022769331392,2.922425028039645,2.255624224102126,-0.6668008039375191,0.7796483568675806,5.567975364078824,2,0,2,0,3,3,1,0,1,0,0,1
4018354,45dcca75-d701-4dc2-84c6-db5d57faa836,2,89,2,Italy Women's,Cristiana Girelli,Manuela Giugliano,69.6,59.3,67.3,53.3,6.4257298,-0.38339628604222753,0.7125295529531905,0.39496188692752243,-0.3175676660256681,1.3939207289069586,1.0643868411099608,-0.32953388779699777,2.3757597401377724,2.0363269746585435,-0.33943276547922885,2.474369705758655,5.001094409289912,1,0,2,0,2,2,1,0,1,0,0,1
4018354,87aa2655-49bf-4a17-9d85-6d0a922ce471,2,89,7,Italy Women's,Manuela Giugliano,Giada Greggi,72.6,46.1,78.7,30.2,17.029974,5.344108494904461,0.24742303069319246,0.4346672096689469,0.18724417897575443,0.7922408297063341,0.9160848356430755,0.12384400593674139,1.7119458219937354,1.7682947169457124,0.056348894951977035,6.142273602193052,2.9009615079392606,0,1,0,1,1,1,0,1,1,0,1,1
4018354,1721edaa-0ef3-4c86-9398-0ff3b0ea8198,2,89,8,Italy Women's,Giada Greggi,Sofia Cantore,81.9,29.3,90.6,4.7,26.093103,-6.365652952772571,0.7795927857085644,0.030236035411747696,-0.7493567502968167,1.2291035918495354,0.1591289458046754,-1.06997464604486,2.0483340485395005,0.49954407623026076,-1.5487899723092398,1.0373346836242183,10.749088708300105,1,0,1,0,1,0,1,0,1,0,1,1
4018354,1d514553-c39b-46f5-9197-dac43aa4217d,2,89,14,Italy Women's,Sofia Cantore,Cristiana Girelli,97.6,13,115.3,45.8,37.271034,27.616936370995987,0.7147336377796478,0.617686330418617,-0.09704730736103084,1.2597628853974596,1.2590351445372308,-0.0007277408602288649,1.9189150236522212,2.076884133394792,0.1579691097425706,3.3311555757615916,2.8163035135731707,0,1,2,1,3,2,1,1,0,1,1,1
4018354,b36190cd-58ed-4a9e-afda-3ffb580cd9d9,2,90,52,Italy Women's,Giada Greggi,Cristiana Girelli,25.8,31.2,50.1,25.5,24.959568,23.222053201831542,0.32342014961409044,0.4237196078437283,0.10029945822963787,0.9111726171537753,1.0703246744502806,0.15915205729650528,1.764506363363301,1.929547478261114,0.16504111489781303,5.935606490022198,5.399595817709415,0,0,0,0,2,3,1,0,1,0,0,1
4018354,62b6de59-5e2a-4d59-87c5-054ed2eae82a,2,91,2,Italy Women's,Cristiana Girelli,Sofia Cantore,63.4,2.1,78.1,0.9,14.7488985,10.807465720081858,0.9777719331106942,0.7577684893490374,-0.22000344376165681,1.3280816861376101,1.0830432264060963,-0.24503845973151384,1.8732013803703365,1.6445811714372136,-0.22862020893312285,0.6670533090951793,1.0392529243736472,1,1,1,1,2,1,1,1,0,0,0,0
4018354,111151ab-e327-4cd1-81f4-a2fb87b1f8c5,2,93,12,Italy Women's,Elena Linari,Cecilia Salvai,71.9,15.9,47.1,38,33.21822,-19.127615555768983,0.3079548549779567,0.03207793610377621,-0.27587691887418053,0.7302244645520264,0.17967764524694602,-0.5505468193050804,1.3236613786565654,0.5179599550597572,-0.8057014235968082,4.999325721154559,11.085740786431323,0,0,1,0,2,0,1,0,1,0,0,1
4018354,d5ddaf5f-6390-4a3f-93c8-d5c47f06c6ed,2,93,17,Italy Women's,Cecilia Salvai,Elisabetta Oliviero,35.6,48.6,49.8,69.4,25.184916,8.729201963079959,0.059741583014632206,0.035142498790348815,-0.02459908422428339,0.24372083384741858,0.15430340378084606,-0.08941743006657252,0.5721554075653803,0.4314167923313499,-0.14073861523403042,9.303038891897366,10.117707979180802,0,0,0,0,0,0,0,0,1,0,0,1
3998858,06b86af5-19bf-40ee-bc78-1371bacd556a,1,0,51,England Women's,Ella Toone,Leah Williamson,37.2,59.5,25,63.2,12.748726,-12.726609418672751,0.7015899850505886,0.18577159622223663,-0.515818388828352,1.503282334411289,0.4981984824923804,-1.0050838519189085,2.421135147740997,1.0146765710949734,-1.4064585766460234,3.836357812273176,5.518311057999915,0,0,1,0,3,1,0,0,1,0,0,1
3998858,6dace58b-3e5c-44cf-995e-f262f8080e6a,1,0,53,England Women's,Leah Williamson,Hannah Hampton,25,63.2,4.8,43.7,28.076502,-17.467583388336777,0.3215391169963354,0.0037703604929488935,-0.31776875650338654,0.6364323352972939,0.042910095234799314,-0.5935222400624947,1.1184808057955904,0.19456023510304102,-0.9239205706925494,3.6375147657196365,16.973130556283287,0,0,1,0,1,0,0,0,1,0,0,1
3998858,b379b84f-936e-4c1f-8a92-6828b1ac4d37,1,0,57,England Women's,Hannah Hampton,Jessica Carter,9.6,41.8,16.1,29.7,13.735355,6.005382163638302,0.0009127447171262804,0.00035137067164365523,-0.0005613740454826252,0.01647634434739154,0.008647473098999117,-0.007828871248392422,0.09503104755521374,0.055428086471461434,-0.03960296108375231,21.047421602884874,23.86662179297769,0,0,0,0,0,0,0,0,1,0,0,1
3998858,6c17542e-2aca-420d-8ec5-fb549228fd8e,1,1,0,England Women's,Jessica Carter,Alex Greenwood,25.1,24.3,38.9,7.8,21.510231,8.9313923725052,0.0006747792712487636,0.0021267971397355154,0.0014520178684867518,0.014454379178068766,0.03148605862476159,0.017031679446692823,0.0863408049390705,0.15661786553648427,0.07027706059741377,22.105918857147238,18.989549016303254,0,0,0,0,0,0,0,0,1,0,0,1
3998858,c38a0c56-314d-4487-a182-395bec0fcaa2,1,1,10,England Women's,Jessica Carter,Keira Walsh,51.5,39.9,56.2,40.3,4.7169905,4.699367667407017,0.06198015081374276,0.4119092193771778,0.34992906856343503,0.2673590974968874,0.8245580750260154,0.557198977529128,0.66205450847961,1.3217432792910906,0.6596887708114806,9.622421832610344,4.009816909711797,0,0,0,1,0,2,0,0,1,0,0,1
3998858,1c3e60af-1922-4479-9b88-b27fce20524a,1,1,11,England Women's,Keira Walsh,Jessica Carter,56.2,40.3,51,38.8,5.4120235,-5.2097286684536925,0.4119092193771778,0.04096510139917011,-0.3709441179780077,0.8245580750260154,0.20042475508602156,-0.6241333199399939,1.3217432792910906,0.5459607418228763,-0.7757825374682142,4.009816909711797,10.268750483665642,0,0,1,0,2,0,0,0,1,0,0,1
3998858,860031bb-9a81-4403-bacb-e18c90080ac8,1,1,12,England Women's,Jessica Carter,Alex Greenwood,51,38.8,50,23.7,15.133077,-2.8623007532036837,0.041642417455634136,0.053913557322466055,0.012271139866831919,0.2019245855453239,0.23714953122827695,0.03522494568295306,0.5491512303015924,0.6192347954691269,0.07008356516753445,10.171375136522816,9.212511157805139,0,0,0,0,0,0,0,0,1,0,0,1
3998858,6c1479db-f474-4bde-82cc-33492494c2d7,1,1,16,England Women's,Alex Greenwood,Jessica Carter,51.5,23.4,51.8,39.6,16.202778,2.281519900656747,0.08878285571241497,0.052759219750345095,-0.03602363596206987,0.324402015406435,0.2513327883317311,-0.07306922707470387,0.8078022482292212,0.6771695250914475,-0.13063272313777374,7.631784018884503,10.48284328415058,0,0,0,0,1,0,0,0,1,0,0,1
3998858,e86f3046-8f0e-4404-9b8e-8eb0c2b089a0,1,1,18,England Women's,Jessica Carter,Leah Williamson,53.2,40.2,63.2,70.3,31.71766,2.423828543543493,0.07346535579236593,0.01489675461863638,-0.058568601173729556,0.3051018761149163,0.10432619060483721,-0.20077568551007907,0.7662923270497075,0.37186079481890205,-0.39443153223080546,9.13362706890664,12.958095810635061,0,0,0,0,0,0,0,0,1,0,0,1
3998858,6f379ac3-a6db-4715-bcdf-c3bffdec62b2,1,2,3,England Women's,Georgia Stanway,Lucy Bronze,23.5,52.7,8.5,59.9,16.63851,-15.929797001650229,1.2447188915909668,0.16730700324861394,-1.077411888342353,1.9035347859579879,0.5421303416480318,-1.3614044443099562,2.662103306632841,1.131611121253401,-1.53049218537944,1.7535551829117713,7.862156510446684,2,0,3,0,3,1,0,0,0,0,0,0
3998858,29754eb4-e2a4-43ee-8fc2-99fd5013c803,1,2,25,England Women's,Alex Greenwood,Hannah Hampton,13.7,11.9,19.1,36.4,25.088045,8.987151302754526,0.00014144622514321737,0.0005065310039499806,0.0003650847788067632,0.006837332864363503,0.016103530663130555,0.009266197798767053,0.06544826334646767,0.11938454610205632,0.05393628275558865,27.58325379775075,24.63339169302264,0,0,0,0,0,0,0,0,1,0,0,1
3998858,91cd3d74-2fb0-4788-ba50-6219aae5f3f8,1,2,28,England Women's,Hannah Hampton,Leah Williamson,24,35.4,35,55.3,22.737854,9.744121734089404,0.0006037102899316541,0.0028856446991802676,0.0022819344092486135,0.017621712160014912,0.0354566067372668,0.017834894577251886,0.12534599924246348,0.15891525133683698,0.0335692520943735,24.28325470453801,17.800403093293703,0,0,0,0,0,0,0,0,1,0,0,1
3998858,8e2f1819-c3da-4b22-b27a-844ade4432c8,1,2,32,England Women's,Leah Williamson,Jessica Carter,40.8,58.3,42.4,31.6,26.747896,3.2333996695192297,0.006186152988606129,0.007077680327011985,0.0008915273384058559,0.06532858717434174,0.07811752789108363,0.012788940716741887,0.2691004816886383,0.3475638507146043,0.07846336902596601,15.921582060497828,15.797159691899047,0,0,0,0,0,0,0,0,1,0,0,1
3998858,42455d6d-4fe9-4f0d-84b9-032fca5b0bd3,1,2,37,England Women's,Alex Greenwood,Lauren Hemp,56.4,7.2,75.1,2.9,19.188017,13.315280514148924,0.018668063312400455,0.13363253478597859,0.11496447147357813,0.1365587771776066,0.348612397717281,0.2120536205396744,0.4871485261228529,0.7567579263015337,0.2696094001786808,13.479609203842617,6.112369507519222,0,0,0,0,0,1,0,0,1,0,0,1
3998858,32c7825b-8eb3-44be-a10b-0eb22c44a68d,1,2,40,England Women's,Lauren Hemp,Georgia Stanway,73.7,2.3,82.4,4,8.864536,7.652098319078291,0.571218180585656,0.4597959349086723,-0.11142224567698367,0.780613588398711,0.9383861723468258,0.15777258394811478,1.1448201403039644,1.6755875760846524,0.530767435780688,1.7072533806210448,3.002964956234062,1,0,1,1,1,1,1,0,1,0,0,1
3998858,32cf406a-b207-45ef-a818-45828837809f,1,2,42,England Women's,Georgia Stanway,Lauren Hemp,79.4,3,73.2,2.6,6.2128897,-4.97776165786636,1.0771198784178007,0.3812992221792504,-0.6958206562385503,1.651472114821283,0.8925024716652452,-0.7589696431560378,2.3549952316388962,1.5958960478408695,-0.7590991837980268,1.141063740932568,4.368937618702955,1,0,2,1,2,2,1,0,1,0,0,1
3998858,f7b7e5d4-1000-42f1-a8bc-3138642cbea7,1,2,44,England Women's,Lauren Hemp,Jessica Carter,74.5,2.6,56.2,24.5,28.539446,-6.757542949360989,0.6017311227228084,0.025816917119738724,-0.5759142056030696,1.1462747013940615,0.19288184669760605,-0.9533928546964554,1.846209393090255,0.6599216126774106,-1.1862877804128444,3.630701751342172,12.883632096317939,0,0,2,0,2,0,0,0,1,0,0,1
3998858,9b49ee78-b1e4-4558-bc77-0a7cc7daef91,1,3,57,England Women's,Jessica Carter,Keira Walsh,47.7,65.4,54,62.6,6.8942003,6.869745014996255,0.3422189363764828,0.6131345803297067,0.2709156439532239,0.6599285413841698,1.090827327388099,0.4308987860039293,1.1616322117925422,1.7261812461583084,0.5645490343657662,3.4051908003416806,2.335471361960602,0,1,1,1,1,2,0,0,1,0,0,1
3998858,98575fd5-cef5-4f0b-bd7e-caa1dd27d516,1,4,1,England Women's,Jessica Carter,Leah Williamson,42.1,62.1,42.7,71.9,9.81835,-2.6493678532452947,0.06975711077537189,0.006653262093262119,-0.06310384868210978,0.3219407169932558,0.06658065227340754,-0.2553600647198483,0.8279262154986727,0.2717755879116941,-0.5561506275869786,9.79085750978829,15.65833143321503,0,0,0,0,0,0,0,0,1,0,0,1
3998858,4391cd5f-2686-4492-b1f3-56b7aa36000f,1,4,47,England Women's,Georgia Stanway,Ella Toone,64.6,8.6,71,15.4,9.338094,8.851364357204282,0.15094199591701948,0.2939000731811507,0.1429580772641312,0.557690075081441,0.8499154682265813,0.2922253931451403,1.275421430257868,1.6899027904693886,0.4144813602115207,7.8127717463089486,6.100408491319969,0,0,0,0,1,2,0,0,1,0,0,1
3998858,ca57072e-cb36-4f80-b8f6-fdbaa4987161,1,4,48,England Women's,Ella Toone,Georgia Stanway,70.4,15.3,67.7,9.4,6.4884515,-5.184304959178952,0.3710777881496978,0.2879686568711457,-0.08310913127855207,0.9580236684787623,0.8436033858365943,-0.11442028264216797,1.8064275819435645,1.6564495565713189,-0.14997802537224558,4.903901609888845,6.0125191065935635,0,0,1,0,2,1,0,0,1,0,0,1
3998858,daed13a5-e125-4559-a1c8-4cbcf1c7e7ac,1,4,50,England Women's,Georgia Stanway,Lucy Bronze,68,10.2,65.4,61.8,51.665462,1.1424741610302362,0.613815029847971,0.01216656480710107,-0.6016484650408699,1.2961336705699347,0.10675400104689714,-1.1893796695230376,2.157738321387577,0.41508615098475354,-1.7426521704028235,3.448782434398908,14.44274865330377,0,0,1,0,3,0,0,0,1,0,0,1
3998858,173c540e-04ed-4b09-ba53-df8cce9bf4c7,1,4,54,England Women's,Lucy Bronze,Lauren James,66.2,62.6,77,56.9,12.21188,12.15225175443058,0.022123320857017566,0.5926602971074548,0.5705369762504373,0.1538100602482915,1.2086118865604216,1.0548018263121302,0.5238181863738268,1.9642389735214365,1.4404207871476098,12.614129372551124,3.8119641329817147,0,0,0,2,0,3,0,0,1,0,0,1
3998858,44adc3f9-93d9-44e6-811c-1d074ad2cac1,1,4,55,England Women's,Lauren James,Lucy Bronze,77,56.9,67.3,65.1,12.701574,-12.17024257799315,0.5926602971074548,0.04588706187006726,-0.5467732352373875,1.2086118865604216,0.253653166057623,-0.9549587205027986,1.9642389735214365,0.7324796648102218,-1.2317593087112146,3.8119641329817147,11.39128176008842,0,0,2,0,3,0,0,0,1,0,0,1
3998858,802240df-d390-46c3-b302-62bdb970d4a5,1,4,57,England Women's,Lucy Bronze,Lauren James,67.3,65.1,76.2,59.1,10.733592,10.58871706185161,0.07075848718116193,0.5486106344823766,0.4778521473012146,0.32194896446642945,1.2276851190090796,0.9057361545426501,0.8523576730888248,2.103830812077993,1.2514731389891685,10.136645456792444,4.735818191343796,0,0,0,1,0,3,0,0,1,0,0,1
3998858,ec35178e-9273-44eb-b5c4-c0cf7d725d8d,1,5,1,England Women's,Lauren James,Ella Toone,79.4,56.1,80,39.9,16.211107,3.6756119716535025,1.2312303865143377,0.5570975969941021,-0.6741327895202356,2.0759471587001377,1.4646628866450038,-0.6112842720551339,3.147004677023195,2.6660602500515447,-0.4809444269716505,1.0885550491656928,6.278895286679537,1,0,1,0,4,4,1,0,1,0,0,1
3998858,7f5ee34a-c3c7-4a8d-8574-6eaf135c8bc6,1,5,2,England Women's,Ella Toone,Alessia Russo,80,39.9,92.9,42.6,13.179529,12.77568744822247,0.62111834995685,1.108591705863156,0.487473355906306,1.5509159572724083,1.9332416211384764,0.38232566386606814,2.756096999129477,3.0542177756793305,0.2981207765498537,5.141945314877987,1.0619379260374475,0,1,0,1,4,3,0,1,1,0,0,1
3998858,60f5c092-bebe-40e9-b005-2dd700f78b2a,1,5,3,England Women's,Alessia Russo,Lauren James,92.9,42.6,88.8,37.2,6.780118,-4.100951512242677,1.108591705863156,1.7109607364347594,0.6023690305716034,1.9332416211384764,2.865348988993492,0.9321073678550156,3.0542177756793305,4.194951710687804,1.1407339350084738,1.0619379260374475,1.3158876675575741,1,1,1,4,3,4,1,1,1,0,0,1
3998858,f6148722-438b-4176-be16-e3570a8325bd,1,5,15,England Women's,Leah Williamson,Jessica Carter,50.4,70.7,48.5,37.3,33.454,4.519072661673803,0.00825549281059243,0.02309982406667964,0.01484433125608721,0.0703011951724058,0.13287922261413265,0.06257802744172686,0.2765801630344498,0.42759206344165673,0.1510119004072069,14.654096006690173,11.520243358153795,0,0,0,0,0,0,0,0,1,0,0,1
3998858,cf3949eb-b49f-4bb7-ab7e-e86b14788d8b,1,5,19,England Women's,Jessica Carter,Keira Walsh,51.5,35.7,63.2,36.5,11.727319,11.727098468400719,0.06156830065324477,0.6603031322651244,0.5987348316118796,0.26566485842751913,1.1032307393137337,0.8375658808862145,0.6921184217226498,1.6581827181405908,0.966064296417941,9.329764173585604,2.9417084042538404,0,1,0,2,0,2,0,0,1,0,0,1
3998858,0b076ff2-2eea-4216-b2dd-6d676b9a648a,1,5,20,England Women's,Keira Walsh,Jessica Carter,63.2,36.5,54.8,36.9,8.409518,-8.365922376838107,0.6603031322651244,0.06213930572776784,-0.5981638265373566,1.1032307393137337,0.25440099397240484,-0.8488297453413289,1.6581827181405908,0.6634932303739681,-0.9946894877666227,2.9417084042538404,8.929790524262229,1,0,2,0,2,0,0,0,1,0,0,1
3998858,cb7039c1-9518-4542-96ba-1c1b0c2a61ce,1,5,22,England Women's,Jessica Carter,Alex Greenwood,54.8,36.9,59.4,6.1,31.141611,-4.163871161457237,0.05133183388935034,0.009824465970942947,-0.04150736791840739,0.23048601145431266,0.09111439557172778,-0.1393716158825849,0.646188844998981,0.3850670245745143,-0.2611218204244667,9.487643247572306,14.415220803529957,0,0,0,0,0,0,0,0,1,0,0,1
3998858,876aa25a-33dd-4234-ba76-8fdf55ae9751,1,5,45,England Women's,Lauren Hemp,Alex Greenwood,100.4,2.1,94,2.1,6.4,-3.292823700305121,0.6256906601685368,0.232399462584538,-0.3932911975839988,1.026765710381607,0.6139832304011973,-0.41278247998040973,1.6082395313693305,1.2061065716797303,-0.40213295968960017,1.9384228828622296,5.907127295632213,1,0,1,0,2,2,0,0,1,0,0,1
3998858,b22d4be3-f791-4a9b-91e4-edc675f34e96,1,5,47,England Women's,Alex Greenwood,Lauren Hemp,94,2.1,98.5,1.1,4.609772,1.5148145061649672,0.4756355739766379,0.9473419038463925,0.4717063298697546,0.8978225620020309,1.378930027564887,0.4811074655628561,1.483098329190587,1.8970194426995366,0.41392111350894956,3.070139630551573,1.8597164122450305,0,2,1,2,2,2,0,0,1,0,0,1
3998858,353162ea-a314-4fdc-be6c-2c44ea033793,1,5,51,England Women's,Alex Greenwood,Jessica Carter,85.8,3.7,69.6,4.5,16.219742,-11.77432641609905,0.32295920454123334,0.010520693299878113,-0.31243851124135524,0.7533993683717236,0.09761320211657411,-0.6557861662551495,1.4453562523173002,0.37934712016314365,-1.0660091321541567,3.9353906708021817,15.2938591152812,0,0,1,0,1,0,0,0,1,0,0,1
3998858,ca683919-8ee2-44d0-aca8-269fa0e4a2a7,1,5,53,England Women's,Jessica Carter,Leah Williamson,69.6,4.5,67.3,39.1,34.67636,8.939781029891968,0.017613665963580855,0.07632626580333642,0.05871259983975556,0.14263834877897524,0.25256969503973714,0.1099313462607619,0.49751506122918815,0.5756945948718419,0.07817953364265379,14.31101339951185,7.896118484309116,0,0,0,0,0,1,0,0,1,0,0,1
3998858,7a7255fd-bf2d-4678-894a-79d63e7a9468,1,5,57,England Women's,Leah Williamson,Jessica Carter,67.7,39.1,65.8,19.6,19.592346,-5.604258997605079,0.29014346966322785,0.037810511835150294,-0.2523329578280776,0.5479463729132688,0.23606704862475064,-0.3118793242885181,0.9010854818466295,0.7195156738630687,-0.18156980798356082,3.851626072684881,11.542906299053113,0,0,1,0,1,0,0,0,1,0,0,1
3998858,a9ebc9fd-d207-4b04-b39c-c74e29a00d8b,1,6,1,England Women's,Jessica Carter,Alex Greenwood,65.3,20.3,71,4.8,16.514841,-2.19342857040845,0.06063185913727954,0.01599821470744613,-0.044633644429833405,0.26443687987696524,0.12501438234824308,-0.13942249752872216,0.7157541567492129,0.4647212484750777,-0.25103290827413527,8.909452264333158,13.319756997539722,0,0,0,0,0,0,0,0,0,0,0,0
3998858,c8398f25-3f2e-441a-8bba-f064707dacdb,1,6,59,England Women's,Leah Williamson,Georgia Stanway,72.9,47.8,104.6,25.1,38.989487,26.313239009941423,0.16261855608708892,1.2369305879601364,1.0743120318730475,0.38527233159127156,1.8065055778595251,1.4212332462682535,0.8263890920850391,2.686177703645228,1.8597886115601892,5.492897782181497,0.5361920044503043,0,1,0,2,1,2,0,0,0,0,0,0
3998858,1ffd7f29-4057-4e8e-a15f-cfccdec20864,1,8,28,England Women's,Alex Greenwood,Lauren Hemp,69.3,1.5,81.9,1.5,12.6,9.496016213493057,0.20309580813213485,0.5384082684876883,0.33531246035555345,0.4405219999773592,0.9426833689533644,0.5021613689760052,0.8419129766297911,1.452496254902123,0.6105832782723318,4.864721659466089,3.0948066906533795,0,0,1,1,1,2,0,0,1,0,0,1
3998858,88d46b2e-cca4-4c7f-aa33-142743bc2748,1,8,30,England Women's,Lauren Hemp,Alex Greenwood,82.3,2.1,71.8,4,10.67052,-6.702659958070299,0.8264088671115265,0.03617594087527689,-0.7902329262362496,1.2286651486165818,0.20543203593814235,-1.0232331126784395,1.698249874102258,0.6337633836241356,-1.0644864904781224,2.2970150187348475,10.931677710692526,1,0,2,0,2,0,1,0,1,0,0,1
3998858,98d747b7-a3db-4985-ae15-18ff691e9523,1,8,32,England Women's,Alex Greenwood,Jessica Carter,71.8,4,62.7,21,19.282375,-0.20783539478796342,0.03608276553435833,0.03364094884356322,-0.002441816690795108,0.19742408715726595,0.1777240395982215,-0.019700047559044448,0.6101929360149801,0.5295303129488831,-0.08066262306609706,10.559129315235472,10.587164506583907,0,0,0,0,0,0,0,0,1,0,0,1
3998858,663200d3-b98b-4246-b22a-902848c08641,1,8,35,England Women's,Jessica Carter,Leah Williamson,63.9,26.4,63.1,53.8,27.411676,-0.824600385938048,0.05649455477272593,0.00568635100812805,-0.050808203764597874,0.23898640967269816,0.05919663398030546,-0.17978977569239268,0.6275368945269373,0.25878913465153597,-0.3687477598754013,9.04354664104975,15.920182130468781,0,0,0,0,0,0,0,0,1,0,0,1
3998858,4a722618-bef2-489d-a715-bceae1614212,1,8,37,England Women's,Leah Williamson,Lucy Bronze,63.2,54.2,78.9,71.6,23.436083,6.704392454614066,0.024004111247194253,0.013362514035709797,-0.010641597211484456,0.12382679367717143,0.10618018613656122,-0.017646607540610218,0.3788644794412711,0.4142883053079844,0.03542382586671328,11.28813502030617,13.599642540864954,0,0,0,0,0,0,0,0,1,0,0,1
3998858,557fe316-ce42-4747-b276-d5a503ac0340,1,8,40,England Women's,Lucy Bronze,Lauren James,78.6,71.5,105.6,70.3,27.026653,18.473518464083263,0.0588138641101345,0.07983757690766219,0.02102371279752769,0.2331303529101641,0.330786686152411,0.09765633324224693,0.6351110245091348,0.8414711329442671,0.2063601084351323,8.744786838934687,9.525497614073016,0,0,0,0,0,0,0,0,1,0,0,1
3998858,f3f29100-dd43-47d1-9ead-a76bf18227e4,1,14,13,England Women's,Leah Williamson,Alex Greenwood,51.2,48.1,56.2,4,44.38254,-3.980813587172335,0.2970978347766467,0.001107862488782303,-0.2959899722878644,0.5672300329860371,0.024309447263045084,-0.5429205857229921,0.9786801349508654,0.16086134982716638,-0.817818785123699,3.781037308842865,21.229542636811757,0,0,1,0,1,0,0,0,1,0,0,1
3998858,fc066607-16fe-4924-84c6-35699d4a8984,1,14,22,England Women's,Alex Greenwood,Lauren Hemp,69.3,2.9,85.3,1.5,16.061132,10.99444419105511,0.12030993763177368,0.722534566796513,0.6022246291647393,0.41411010224517875,1.2301949730250632,0.8160848707798845,0.9739995190026094,1.9467955886297985,0.9727960696271891,7.720360282398391,1.9828318391978381,0,1,0,1,1,2,0,0,1,0,0,1
3998858,242dd2d0-649b-4a53-b898-0abf4519d356,1,14,26,England Women's,Lauren Hemp,Alessia Russo,85,9.1,94.3,15.7,11.403947,11.319239762047808,1.2403758004566376,1.1350687187453994,-0.10530708171123826,2.216972357606535,2.1001150763625813,-0.11685728124395389,3.341480696414409,3.304001450148497,-0.037479246265911925,2.4475326849831367,2.4104775298549304,1,2,3,2,5,5,1,1,1,0,0,1
3998858,ff674df8-16b9-46e6-9044-eb57d471860f,1,14,36,England Women's,Lauren James,Lucy Bronze,63.9,50.8,54,54.6,10.604244,-10.465447333815789,0.6309783760008293,0.31363891187403903,-0.31733946412679026,1.1688264109695468,0.7144093473954753,-0.4544170635740714,1.92110630479358,1.3308309986261166,-0.5902753061674633,3.2093651626556308,4.127197219996586,0,0,2,1,2,1,0,0,1,0,0,1
3998858,e88d95f6-a3aa-4b1d-8583-03721f0ab215,1,14,37,England Women's,Lucy Bronze,Keira Walsh,54,54.6,55.9,50,4.976947,2.7202199815450854,0.31363891187403903,0.36589515406945644,0.05225624219541741,0.7144093473954753,0.9056296208140501,0.19122027341857473,1.3308309986261166,1.6551705406354644,0.3243395420093478,4.127197219996586,4.989428311060209,0,0,1,1,1,2,0,0,1,0,0,1
3998858,d93bd3c5-7925-43ea-8d2b-a3f13b182748,1,14,38,England Women's,Keira Walsh,Ella Toone,55.6,49.7,67.7,54.2,12.909686,10.932965742944454,0.39596610045589886,0.3281188722395531,-0.06784722821634576,0.9709391223617823,0.818899833164716,-0.15203928919706622,1.7529409264958227,1.566571113986969,-0.18636981250885376,5.1678304469596315,4.578077687973557,0,0,0,1,3,2,0,0,0,0,0,0
3998858,279e77a3-36b6-4ea5-abe2-b6130c63eba9,1,17,28,England Women's,Alex Greenwood,Georgia Stanway,64.2,19.1,76.7,20.7,12.601984,12.179113002251285,0.0768721581155406,0.9503901978355941,0.8735180397200535,0.30576436921940714,1.5480813992532256,1.2423170300338184,0.7734992436540599,2.3038584440580454,1.5303592004039857,8.368583929835248,1.5479932598163884,0,1,0,1,0,3,0,1,1,0,0,1
3998858,5051945b-988e-46f4-9103-d14b6017d8fb,1,17,29,England Women's,Georgia Stanway,Leah Williamson,76.7,20.7,70.4,51.1,31.045933,-3.4203233429245543,0.9503901978355941,0.20838343233719742,-0.7420067654983966,1.5480813992532256,0.4619268388246299,-1.0861545604285956,2.3038584440580454,0.8996506467825617,-1.4042077972754838,1.5479932598163884,4.800661564399365,1,0,1,1,3,1,1,0,1,0,0,1
3998858,1e6e1150-32f5-44de-9921-db39b091ff85,1,17,36,England Women's,Leah Williamson,Lauren James,70.4,51.1,91.3,74.6,31.449324,5.872997736364972,0.2668261249983908,0.06034490231215306,-0.20648122268623775,0.6275390351357232,0.22305640991627904,-0.4044826252194441,1.1800033000761665,0.5780842457237796,-0.6019190543523869,4.863075241932713,8.560314064123794,0,0,1,0,1,0,0,0,0,0,0,0
3998858,2113775a-a155-4f3a-994e-33f2bd411a0e,1,17,55,England Women's,Georgia Stanway,Lauren James,89.9,73,99.7,76.8,10.510946,2.637805869794427,0.6080275704713974,0.6333208369251677,0.02529326645377028,1.1534449456028646,1.110800632287051,-0.04264431331581364,1.9717128964817021,1.8477445843112426,-0.12396831217045956,2.8691357208686044,2.0508116310972007,1,1,2,1,2,2,0,0,0,0,0,0
3998858,825dbbfa-1680-46d1-a717-7d526b6258c9,1,18,17,England Women's,Keira Walsh,Ella Toone,70.7,65.6,80,65.6,9.3,8.059796886210329,0.871483702590107,0.6080744771594839,-0.26340922543062306,1.457911025291934,1.318241308710139,-0.13966971658179506,2.2450673755255544,2.2987644754665593,0.05369709994100491,1.65407690592916,4.120365912589632,1,0,2,2,2,2,0,0,1,0,0,1
3998858,e6998e6d-12f5-4ece-bd58-7c89ba37a1bd,1,18,18,England Women's,Ella Toone,Lauren James,80,65.6,79.3,74.5,8.927485,-5.86421917152294,0.6080744771594839,0.13453221127461276,-0.47354226588487114,1.318241308710139,0.4712587042753565,-0.8469826044347826,2.2987644754665593,1.138439247075306,-1.1603252283912533,4.120365912589632,6.865748075887806,0,0,2,0,2,1,0,0,1,0,0,1
3998858,9a77650e-03f1-45c7-b02a-fe62309150e0,1,18,19,England Women's,Lauren James,Lucy Bronze,79.3,74.5,71.3,74.6,8.000625,-6.385002868408513,0.13453221127461276,0.06434030207664891,-0.07019190919796385,0.4712587042753565,0.33182057468984855,-0.13943812958550794,1.138439247075306,0.9382242879055709,-0.20021495916973508,6.865748075887806,9.890260227512497,0,0,0,0,1,0,0,0,1,0,0,1
3998858,f144f948-2413-43f4-baf1-3fbfa8660757,1,18,21,England Women's,Lucy Bronze,Ella Toone,71.3,74.6,78.1,68.9,8.8729925,8.839754463097776,0.10147439042977607,0.47849978732280635,0.3770253968930303,0.4299927998496729,1.14899899999359,0.719006200143917,1.1324078345219666,2.142360355639862,1.0099525211178955,8.088635610414375,4.362752515284444,0,0,0,1,0,3,0,0,1,0,0,1
3998858,43a00684-b6f3-48d4-bdf1-4889cdecf63e,1,18,22,England Women's,Ella Toone,Lucy Bronze,78.1,68.9,74.3,72.7,5.3740115,-5.2940295753615345,0.47849978732280635,0.18668485049806743,-0.2918149368247389,1.14899899999359,0.6390147849595273,-0.5099842150340625,2.142360355639862,1.4567583944244928,-0.6856019612153692,4.362752515284444,7.572042274273232,0,0,1,0,3,2,0,0,1,0,0,1
3998858,2c9851d5-9ffd-4303-ae5e-ad3f7b49c65c,1,18,24,England Women's,Lucy Bronze,Lauren James,78.3,71.9,87.2,76.4,9.972963,3.5044217572211593,0.5523778408029677,0.2529675472233632,-0.2994102935796045,1.1727436755210578,0.6214360716651874,-0.5513076038558704,2.0738241888547018,1.2480518949283395,-0.8257722939263623,3.7012010639974378,4.593801031213997,0,0,1,1,2,1,0,0,1,0,0,1
3998858,f5db349c-78fa-442a-b14e-e16278c72d06,1,18,28,England Women's,Lauren James,Leah Williamson,82.7,72.2,66.9,74.2,15.926079,-13.884450718611511,0.7018411595821326,0.01817068865279133,-0.6836704709293412,1.2299114767233807,0.1337879860101564,-1.0961234907132242,2.062437569586699,0.45494526834271287,-1.6074923012439863,1.773058695684928,13.599149306564348,1,0,1,0,2,0,1,0,1,0,0,1
3998858,3cbaf70e-fc20-4d92-83a0-189d97381eb0,1,18,32,England Women's,Leah Williamson,Jessica Carter,66.9,73.7,54.8,57.6,20.14001,-4.64251944190994,0.1682622729447286,0.03179936487852433,-0.13646290806620426,0.4398729079568433,0.18302704022577002,-0.2568458677310733,0.9518630729178331,0.5411107732470196,-0.4107522996708135,5.57891615878986,12.076430668116343,0,0,0,0,1,0,0,0,1,0,0,1
3998858,0180a182-4e2d-41fc-8693-c02b7d6b1d94,1,18,36,England Women's,Jessica Carter,Leah Williamson,61.6,49.2,64.2,70.7,21.65664,-4.567537416511641,0.06005044168500308,0.039150001705974734,-0.020900439979028344,0.2837427366348407,0.1629963072684059,-0.12074642936643479,0.7694925373581986,0.4475772345495562,-0.32191530280864233,10.485433245664252,9.787003201396507,0,0,0,0,0,0,0,0,1,0,0,1
3998858,88da78ce-5fc8-4f41-b35a-2f9901521a5b,1,19,15,England Women's,Ella Toone,Georgia Stanway,44,57.2,54,43.4,17.042301,11.834494562173788,1.1859670704702285,0.5341109921186754,-0.6518560783515531,1.688487165186459,1.2951594221918574,-0.3933277429946016,2.442139156194381,2.3319646317777316,-0.11017452441664943,0.9103539462135571,4.354785105255834,2,0,2,1,2,3,0,0,1,0,0,1
3998858,2e7ed281-d54e-4d30-88d4-e7b90dc9ff87,1,19,53,England Women's,Leah Williamson,Alex Greenwood,38.3,42.4,45.1,7.5,35.556293,0.08807557623204332,0.015516432965045644,0.004684626368518975,-0.01083180659652667,0.1365384861050786,0.06136823590967268,-0.07517025019540592,0.5190081239237413,0.29682047753821866,-0.22218764638552263,13.769133109272932,18.2562588982771,0,0,0,0,0,0,0,0,1,0,0,1
3998858,d344dd55-185c-447f-b3ae-76c6b07c5ac3,1,20,2,England Women's,Alex Greenwood,Lauren Hemp,63.5,4.2,80,3,16.54358,12.398612853926252,0.19952867401149052,0.22287110707297159,0.023342433061481066,0.5060427589884345,0.5666995357237776,0.06065677673534309,1.0741463692586843,1.177236026566085,0.10308965730740072,5.166800784035315,4.896104365091074,0,0,0,1,1,1,0,0,1,0,0,1
3998858,9c2d878e-924b-4d76-af04-3dc3294e1039,1,20,5,England Women's,Lauren Hemp,Alex Greenwood,78.1,4,61.3,5.1,16.835974,-13.049908459768453,0.6670305543703019,0.13389484588998848,-0.5331357084803134,0.9441573698097424,0.34213758420338425,-0.6020197856063582,1.4779459240251422,0.7040620980717178,-0.7738838259534244,1.3183309126692146,6.121879710279306,1,0,1,0,1,1,0,0,1,0,0,1
3998858,dcca810d-80ce-4e03-9810-edb1e47cc967,1,20,7,England Women's,Alex Greenwood,Jessica Carter,60.8,5.1,54.2,21.5,17.678236,0.3703142637453851,0.13047669872737686,0.12301910930855052,-0.007457589418826335,0.3384259456309023,0.3732478395383339,0.03482189390743162,0.7030284019922142,0.8206371551603113,0.11760875316809716,6.205978989531015,6.7223470792205005,0,0,0,0,1,1,0,0,1,0,0,1
3998858,5f6bb0bd-cde6-459f-8ca3-96aebfe2c75f,1,20,9,England Women's,Jessica Carter,Lucy Bronze,56.7,26.4,70.2,44.8,22.821262,14.713707316284335,0.12210699303413114,0.2561831099543762,0.13407611692024507,0.3978241364488916,0.669829746249383,0.2720056098004914,0.8872378791124289,1.3965294825316525,0.5092916034192236,7.231848359324018,4.646717494855605,0,0,0,1,1,1,0,0,1,0,0,1
3998858,eaf7802f-c995-4aa3-98c5-2307ebe534aa,1,20,11,England Women's,Lucy Bronze,Leah Williamson,70.2,45.1,56.4,53,15.9012575,-14.854557932378931,0.25618305317960816,0.01735374399505682,-0.23882930918455134,0.6698296738747009,0.12675925909917374,-0.5430704147755272,1.3965294025211001,0.46979542169352545,-0.9267339808275747,4.6467182557112485,12.713469302703093,0,0,1,0,1,0,0,0,1,0,0,1
3998858,cf01290d-4778-49df-891e-63d72e815b53,1,20,23,England Women's,Alessia Russo,Ella Toone,115.1,31.6,114.9,39.4,7.8025637,4.589537962027765,1.9595049267033433,1.1299175206686183,-0.829587406034725,2.8818623362724365,2.2426232190752633,-0.6392391171971732,3.896137563537782,3.46532946367195,-0.43080809986583235,1.0883551179531135,3.8229512469796894,2,0,4,3,4,5,1,0,0,1,1,1
3998858,b14da0a3-c972-43da-a6e5-e99079b8f2d2,1,22,20,England Women's,Leah Williamson,Lucy Bronze,53.7,38.8,57.2,64.3,25.739075,-1.0265750292820286,0.03489840729347725,0.02433521382373512,-0.010563193469742129,0.17157331957148034,0.11914885958400964,-0.052424459987470695,0.4422320626228857,0.31965857522554264,-0.12257348739734308,10.867210564892805,11.238927614664357,0,0,0,0,0,0,0,0,1,0,0,1
3998858,198bd23b-0953-442e-9eee-4c9871f8ac05,1,22,23,England Women's,Lucy Bronze,Leah Williamson,57.2,64.3,51,48.4,17.066048,-2.1719899529822015,0.11893098026196319,0.0452326297083489,-0.07369835055361429,0.30330365808738213,0.19330493708345792,-0.10999872100392422,0.5622790263415745,0.46687920080738904,-0.09539982553418541,6.4515628164267245,9.78350498581765,0,0,0,0,1,0,0,0,1,0,0,1
3998858,e0de8c97-36dd-432b-80b9-ecac11b3ac49,1,22,25,England Women's,Leah Williamson,Jessica Carter,53.2,43.4,58.3,18.3,25.612886,1.48173108941657,0.058967769198390016,0.05016050000017229,-0.008807269198217726,0.22674105841403136,0.21036219648288842,-0.016378861931142935,0.515812310850394,0.5230615658506086,0.007249255000214561,8.991772744867479,9.286223050520531,0,0,0,0,0,0,0,0,1,0,0,1
3998858,a4ebcca0-eb62-4696-9d6a-5eaacca5bd15,1,22,28,England Women's,Jessica Carter,Alex Greenwood,63.1,15.3,77,2.3,19.031815,4.843382088997998,0.32866421758011877,0.09453768581304686,-0.2341265317670719,0.6008935824643604,0.3058551115605868,-0.2950384709037736,1.0405131967221004,0.7203370596848273,-0.3201761370372731,3.4199779387108302,7.277369637264971,0,0,1,0,1,1,1,0,1,0,0,1
3998858,bad938fb-b98f-4c89-84f6-72a52ade5a41,1,22,30,England Women's,Alex Greenwood,Georgia Stanway,77.3,2.3,90.5,4.8,13.434657,11.034207569614182,0.2613729098103955,0.426378475379404,0.16500556556900847,0.5032203429970148,0.9135113366262548,0.41029099362924004,0.8614315155041968,1.5076447292901105,0.6462132137859137,4.096064714030023,4.257901876216538,0,0,1,1,1,2,0,0,1,0,0,1
3998858,2a75c549-7746-49b0-800f-7f13c52e66b3,1,22,32,England Women's,Georgia Stanway,Alex Greenwood,87.7,2.9,75.6,3,12.100413,-8.605401374824908,0.9609483510050355,0.11043224315625114,-0.8505161078487844,1.4109519256767595,0.3823667097302494,-1.02858521594651,1.9127349385586427,0.8934558391805084,-1.0192790993781342,1.3659084473228704,7.2542593146305885,1,0,2,0,2,1,0,0,1,0,0,1
3998858,53bc8fa1-a2d4-4fa4-8ce1-59094ea8caff,1,22,35,England Women's,Keira Walsh,Georgia Stanway,78.1,8.6,86.1,2.3,10.182829,1.6599052004760964,0.9589895687755642,0.4346132210225892,-0.524376347752975,1.429740822135874,0.9648586584015765,-0.4648821637342976,2.0711819327175087,1.6940809167194313,-0.37710101599807744,2.1198565338321216,3.826921967149888,2,0,2,1,2,2,0,0,1,0,0,1
3998858,5813e79e-40b0-4e66-a5b0-43b7df08afab,1,22,36,England Women's,Georgia Stanway,Lauren Hemp,86.1,2.3,94,13.8,13.952061,13.788853720151565,1.0013541285430954,1.0153317555347376,0.013977626991642289,1.6083039995369122,1.6658474452546288,0.057543445717716635,2.330262972588229,2.5740552663438954,0.24379229375566647,2.203647435292173,0.9685063074480742,2,1,2,1,2,3,1,1,1,0,0,1
3998858,4dee3423-469e-402e-9ad5-9e8668fb6812,1,22,41,England Women's,Lauren Hemp,Keira Walsh,83.5,18,79.4,11.3,7.8549347,-7.102229725103264,0.7945243696592427,0.7455584127310227,-0.04896595692821992,1.6247763517488591,1.2874314155934674,-0.33734493615539174,2.692151069817747,2.095306332936388,-0.596844736881359,2.5141298807289583,1.652127259502372,1,1,1,1,3,2,0,0,1,0,0,1
3998858,7b557cd4-cf76-452e-86e0-8494dc7cebc0,1,22,43,England Women's,Keira Walsh,Jessica Carter,77.3,11.1,64.6,13.8,12.983836,-9.722306414636378,1.2220717090503022,0.07988909195769486,-1.1421826170926073,1.692452828792997,0.36648736851790625,-1.3259654602750908,2.3523306922761473,0.9673735611018646,-1.3849571311742828,0.6615354408859285,9.08020355577141,2,0,2,0,2,0,1,0,1,0,0,1
3998858,08177044-6a85-433d-bb79-3c8f0d352f1d,1,22,48,England Women's,Leah Williamson,Keira Walsh,59.4,39.6,65.8,15,25.41889,0.9134654066465089,0.30767647589118735,0.06867920505129457,-0.23899727083989278,0.5708984692711345,0.29932805884581554,-0.271570410425319,0.9510181359992176,0.7628686437624058,-0.18814949223681177,3.6550563683652593,9.121488196914687,0,0,1,0,1,0,0,0,1,0,0,1
3998858,65fc562a-a60c-484d-8a69-8082096b3b0d,1,22,53,England Women's,Keira Walsh,Georgia Stanway,73.7,11.6,93.2,2.9,21.35275,8.548857405525474,0.18662450284705798,0.22635113218791672,0.03972662934085874,0.5896907084651092,0.5127607258907574,-0.0769299825743518,1.300549196243173,0.9938233739622131,-0.3067258222809599,6.535676061067013,4.67726352366087,0,0,0,1,1,1,0,0,1,0,0,1
3998858,6da410d2-4066-4432-b110-ed9e1cb531d6,1,23,1,England Women's,Jessica Carter,Lauren James,80.4,17.6,110.7,55.6,48.601337,27.334600440651805,0.05634612529996136,0.32800446921079845,0.2716583439108371,0.3602995391397237,0.6898769366322627,0.329577397492539,1.090790899108995,1.2943050359842574,0.20351413687526243,12.148243568338458,3.6063195699486004,0,0,0,1,0,1,0,0,1,0,0,1
3998858,d53138f4-b9ce-4882-96bc-86963308a791,1,23,13,England Women's,Alex Greenwood,Keira Walsh,95.9,22.9,93.2,34.2,11.61809,2.1298657673689476,0.8077150913693044,0.38671900516477103,-0.4209960862045334,1.370428610280004,1.1479957506442127,-0.2224328596357914,2.2203481083776517,2.3110200246914947,0.09067191631384297,1.963128078406043,5.992800585735709,1,0,2,0,2,2,1,0,0,1,1,1
3998858,be4d5878-7cda-4452-a3a0-39a626827a64,1,24,7,England Women's,Jessica Carter,Hannah Hampton,42.7,66.7,14.2,45.9,35.282997,-24.183087103280286,0.6319026377668022,0.0015999702881746437,-0.6303026674786276,0.9169163668712386,0.029215050265659976,-0.8877013166055786,1.339525165260259,0.1614287939427743,-1.1780963713174848,1.5087291457427403,20.990335962719133,1,0,1,0,1,0,1,0,1,0,0,1
3998858,024621eb-701f-4ea0-b4a6-3c4ed63442e0,1,24,10,England Women's,Hannah Hampton,Leah Williamson,14.5,45.6,29.9,60.7,21.5678,13.201238774933856,0.0019452808767253633,0.0016107565856496647,-0.0003345242910756986,0.03122621879062379,0.0293273050312802,-0.00189891375934359,0.1566441099758893,0.1564513831205938,-0.0001927268552954775,19.768628855929773,21.251810878192256,0,0,0,0,0,0,0,0,1,0,0,1
3998858,ca52c6c9-203b-43a5-8e8b-41b0f1272be7,1,24,14,England Women's,Leah Williamson,Keira Walsh,38.9,62.1,42.7,53.4,9.493682,5.60439031736675,0.006663062606079536,0.08910875097435861,0.08244568836827908,0.07719762079834197,0.33713120874507174,0.25993358794672977,0.3182886961494682,0.7671041255420255,0.44881542939255725,17.084485855332336,9.244504727811112,0,0,0,0,0,0,0,0,1,0,0,1
3998858,d9f6afad-0713-4f52-82bd-75b6349178d0,1,24,32,England Women's,Lucy Bronze,Georgia Stanway,81.9,68.6,80.5,58.8,9.899495,3.8942615481529543,0.17110176958256607,0.4339423793061437,0.26284060972357765,0.5332686585485502,1.0637019088838136,0.5304332503352633,1.250795674475139,1.984973256297524,0.734177581822385,5.931921732073657,4.635347374165593,0,0,0,1,1,2,0,0,0,0,0,0
3998858,9f21c893-1b54-4860-bad3-1856dae3cea6,1,24,35,England Women's,Lauren James,Ella Toone,106.4,61.6,98.9,50,13.813399,2.1751574811571714,1.0874427990098539,1.0699414789049237,-0.017501320104930107,1.5524031191934204,2.0298891307450555,0.47748601155163506,2.264808982424267,3.2767424963903613,1.011933513966094,0.9431186320681858,1.8181291949695213,1,1,2,2,2,3,1,1,0,0,0,0
3998858,1dce867d-a27c-454c-8026-615a3d3c54eb,1,24,50,England Women's,Leah Williamson,Lucy Bronze,72.6,74.9,83.4,75.3,10.8074045,8.01300981707741,0.05802390345825704,0.09770680974064215,0.03968290628238511,0.2405282833999624,0.370663475051641,0.13013519165167858,0.6887660822882496,0.912367683119445,0.2236016008311954,8.784308619694215,8.257362776253602,0,0,0,0,0,0,0,0,1,0,0,1
3998858,426a5beb-c376-4665-977f-b5b9c13c1a3e,1,24,51,England Women's,Lucy Bronze,Leah Williamson,83.4,75.3,69.1,72.7,14.534442,-9.649473203897337,0.09770680974064215,0.024911547883080924,-0.07279526185756123,0.370663475051641,0.16705863809182392,-0.20360483695981707,0.912367683119445,0.5826344714642007,-0.3297332116552444,8.257362776253602,11.977329321962731,0,0,0,0,0,0,0,0,1,0,0,1
3998858,ced8ec9b-e61a-4ef2-bd56-a25a046295f4,1,24,55,England Women's,Leah Williamson,Lucy Bronze,69.1,72.7,77.8,74.2,8.828363,6.18043928344207,0.24028100159849378,0.2770411666749098,0.036760165076416024,0.5250839968792772,0.5972051840457768,0.07212118716649962,1.0010685398982804,1.0841468763101327,0.08307833641185236,4.481133479290733,4.293242418314732,0,0,1,1,1,1,0,0,1,0,0,1
3998858,4b13b749-0929-4adc-a4b2-c1eae8730032,1,24,58,England Women's,Lucy Bronze,Leah Williamson,77.8,74.2,65,74.2,12.8,-10.447719449756505,0.6012047005991553,0.03040453152053068,-0.5708001690786246,0.9110132913123961,0.18388046504906086,-0.7271328262633352,1.3659544419634824,0.5714755963161827,-0.7944788456472996,1.8116182619599899,12.070613694575297,1,0,1,0,1,0,0,0,1,0,0,1
3998858,b218d488-671a-406c-b2b3-a3c2f8182c4b,1,25,1,England Women's,Leah Williamson,Georgia Stanway,65,74.2,68.3,58.6,15.945219,9.82197802062823,0.09478605980244374,0.7543398763271354,0.6595538165246917,0.3464608790925882,1.3302072281260642,0.9837463490334759,0.8274520917999074,2.13834675888522,1.3108946670853125,8.03429058549494,2.09912752060151,0,1,0,2,0,2,0,1,1,0,0,1
3998858,9cb60718-e377-43e0-a396-2d54ebf75f52,1,25,2,England Women's,Georgia Stanway,Leah Williamson,68,58.6,55.9,71.5,17.686718,-16.19526244252299,0.7543395634861372,0.03991782818379444,-0.7144217353023428,1.3302070891182871,0.23572448012644034,-1.0944826089918467,2.1383467777150615,0.7059132968900297,-1.4324334808250319,2.099130484030933,11.14507375697437,1,0,2,0,2,0,1,0,1,0,0,1
3998858,c887e02e-31cc-4c58-8605-f9744ea40d08,1,25,3,England Women's,Leah Williamson,Jessica Carter,55.9,71.5,49.6,49.2,23.172829,0.4231138489622026,0.03991782818379444,0.03209123471013965,-0.007826593473654789,0.23572448012644034,0.180373313181535,-0.055351166944905356,0.7059132968900297,0.53912968583932,-0.1667836110507097,11.14507375697437,10.863280772575513,0,0,0,0,0,0,0,0,1,0,0,1
3998858,e1bad753-b4e0-45fb-89e7-e50b8e4bc3dd,1,25,6,England Women's,Jessica Carter,Alex Greenwood,54.2,41.3,52.3,21.3,20.090048,-4.422335679582133,0.12944817234810185,0.010588877127891387,-0.11885929522021046,0.4024814368625764,0.10212298578783437,-0.30035845107474207,0.9339476807609871,0.41886503458459273,-0.5150826461763944,6.4613240824623,15.792651059308898,0,0,0,0,1,0,0,0,1,0,0,1
3998858,0ea38663-e226-4464-914c-2e3e643b8019,1,25,9,England Women's,Alex Greenwood,Lauren Hemp,53.2,20.7,70.4,3.7,24.183466,8.068005513536733,0.011715501454959703,0.2821900927519352,0.2704745912969755,0.10985869633850986,0.5426943095883473,0.43283561324983744,0.44486937003232824,0.9238811331769418,0.4790117631446135,15.54628499392145,3.9403379841415775,0,0,0,1,0,1,0,0,1,0,0,1
3998858,978bc93f-65af-4044-9650-bd65db5a245a,1,25,11,England Women's,Lauren Hemp,Alex Greenwood,69.1,4.2,53.2,9.4,16.728718,-11.24615334624577,0.5788699499147723,0.007194416976904216,-0.571675532937868,0.8977391413387025,0.08494552437951639,-0.8127936169591861,1.3183663376700887,0.37195148915563375,-0.946414848514455,2.0494466995674285,16.343865507998437,1,0,1,0,2,0,1,0,1,0,0,1
3998858,1e2aae18-3790-4be7-a4ac-a4642849dc3f,1,25,14,England Women's,Alex Greenwood,Jessica Carter,53.2,9.4,47,33.8,25.175385,0.21235129381068418,0.00629239199016073,0.009173991850292166,0.002881599860131436,0.07532566866787051,0.08314025482973086,0.007814586161860357,0.3314210053597382,0.3195522698652532,-0.011868735494484972,16.60790218381167,14.794845447592172,0,0,0,0,0,0,0,0,1,0,0,1
3998858,c34a4100-11d2-4b58-ab15-1487a08d56d7,1,25,25,England Women's,Lucy Bronze,Keira Walsh,76.4,74.5,91.3,68.6,16.025604,15.081370798668495,0.3586043803027983,0.6718491549254135,0.31324477462261524,0.6432879615083915,1.0659897601554578,0.42270179864706625,1.1013215152943026,1.7038774139485173,0.6025558986542148,3.2311851661208504,1.628761031462194,0,1,1,1,1,2,1,1,0,0,0,0
3998858,1bfb88e5-e941-4a1a-af7d-75d260409d05,1,25,56,England Women's,Alex Greenwood,Lauren James,100.8,3.7,104.8,44.1,40.597538,25.321696034226804,0.6523781474349355,1.220145271787686,0.5677671243527505,0.8035389322131401,1.880136047990555,1.0765971157774148,1.008016190063407,2.684422023274583,1.6764058332111758,1.2912053305218287,1.166974318564921,1,2,1,2,1,2,0,1,0,1,1,1
3998858,34b56170-9b8e-4f08-8b65-1eeeefc6ebd6,1,27,15,England Women's,Lauren James,Alessia Russo,114.6,57.2,112,44.3,13.159408,8.94535581359232,0.8723991594729728,1.4890165133870403,0.6166173539140676,1.6045126381522086,2.5955514450646895,0.9910388069124809,2.579093557213896,3.935700568693121,1.3566070114792246,2.4459897532343615,1.1067160118594945,1,1,2,2,3,5,0,0,0,1,1,1
3998858,5dab485e-293b-41da-bbf1-0a34d07142f4,1,28,3,England Women's,Leah Williamson,Jessica Carter,44.7,54.5,42.7,22.6,31.962635,-2.550771688387343,0.05000102949888951,0.014023167067784373,-0.03597786243110514,0.2563340989626752,0.11073370563959728,-0.14560039332307795,0.7237707448543751,0.41510990370906486,-0.3086608411453102,10.95567597306447,13.360041499462142,0,0,0,0,0,0,0,0,1,0,0,1
3998858,0867ac2a-ccfb-448c-9687-5a4ee80ca533,1,28,11,England Women's,Alex Greenwood,Georgia Stanway,51.2,9.1,75.9,1.5,25.842794,16.879391256902395,0.030958777688234976,0.26430285449045887,0.2333440768022239,0.17737083611514562,0.5336266392018475,0.3562558030867019,0.5580936683830819,0.9780207167428884,0.41992704835980643,11.072057766512605,4.123029915755518,0,0,0,1,0,1,0,1,0,0,0,0
3998858,de1d6ccc-e473-4331-9342-e151385aebff,1,28,26,England Women's,Georgia Stanway,Alex Greenwood,64.6,6.4,55.9,2.9,9.377633,-9.269370250998165,0.21382346807880623,0.07059892683666177,-0.14322454124214445,0.6214753792721716,0.31088771889426753,-0.31058766037790403,1.301804163692469,0.8292882021404906,-0.4725159615519785,5.566816927445588,8.695706030635305,0,0,0,0,1,0,0,0,1,0,0,1
3998858,9e1799a0-9380-4e58-9f51-f930e0a9293f,1,28,28,England Women's,Alex Greenwood,Jessica Carter,55.9,2.6,42.7,4.5,13.336041,-10.848973153436944,0.06108091115413398,0.008458580999915349,-0.05262233015421863,0.30768440525160295,0.09223564200768243,-0.21544876324392054,0.8485191559486683,0.3796299165099308,-0.46888923943873756,10.027905460749544,15.704794546180988,0,0,0,0,0,0,0,0,1,0,0,1
3998858,4e05cf27-91b3-4d43-a44c-49c6470b952b,1,28,31,England Women's,Jessica Carter,Hannah Hampton,43.2,7.8,35.9,48.9,41.743263,-1.2924885810880653,0.015302629316536847,0.000566454316070256,-0.014736175000466591,0.13345023070856535,0.014827651720066665,-0.11862257898849868,0.47960482918421143,0.1025912672588896,-0.3770135619253218,14.342426771009945,23.14019406824199,0,0,0,0,0,0,0,0,1,0,0,1
3998858,59c9ec1d-9629-4c5c-b638-48b4d4378430,1,28,35,England Women's,Hannah Hampton,Lucy Bronze,35.9,48.9,64.6,73,37.476658,20.085819879030566,0.0011497104093583354,0.03335131380363868,0.03220160339428034,0.022059361738609465,0.14396810408098967,0.12190874234238021,0.1228367630220428,0.4018817710594035,0.27904500803736065,21.047925309831577,10.243021788491493,0,0,0,0,0,0,0,0,1,0,0,1
3998858,86a51b34-645a-4afb-b9d0-6a1859c51358,1,28,38,England Women's,Lucy Bronze,Lauren James,64.6,73,73.7,65.1,12.050726,11.817868149427227,0.15055737504558755,0.6356348284134997,0.4850774533679122,0.3644148313310768,1.13850275809857,0.7740879267674932,0.7512651236336806,1.9299696353704652,1.1787045117367847,5.733925660007312,1.9847994575862793,0,1,0,1,1,1,0,1,1,0,0,1
3998858,68cdacb5-14e4-47d1-9ede-d2a5c7d7c657,1,28,39,England Women's,Lauren James,Lucy Bronze,73.7,65.1,63.1,69.2,11.365298,-11.289134083630039,0.6356348284134997,0.017913430302831445,-0.6177213981106683,1.13850275809857,0.13048586488234995,-1.0080168932162201,1.9299696353704652,0.4345005481332813,-1.4954690872371839,1.9847994575862793,14.118615898095735,1,0,1,0,1,0,1,0,1,0,0,1
3998858,8bc6bb05-c2f3-48de-a189-60cf7a7f19cf,1,28,41,England Women's,Lucy Bronze,Leah Williamson,63.1,69.2,52.1,61,13.720058,-7.1182097022546245,0.017913430302831445,0.019238111853299954,0.0013246815504685087,0.13048586488234995,0.14326877776485986,0.012782912882509906,0.4345005481332813,0.48572669287226256,0.05122614473898124,14.118615898095735,12.984265700064167,0,0,0,0,0,0,0,0,1,0,0,1
3998858,60b9145e-bd7b-43fb-9919-bfdebe1979fe,1,28,47,England Women's,Leah Williamson,Lucy Bronze,53.4,60.2,61.2,70.8,13.160547,3.2176671848937133,0.21852051274219883,0.10091808522219023,-0.1176024275200086,0.509506220755108,0.33739952830533826,-0.17210669244976973,1.0045660347711132,0.7430970134670346,-0.26146902130407856,4.7609162447314874,7.79812169677007,0,0,1,0,1,1,0,0,1,0,0,1
3998858,3ed31770-a1eb-47bd-8c1e-dbf2f3085f47,1,28,52,England Women's,Lauren James,Keira Walsh,78.6,74.9,78.9,63.2,11.703846,6.951799999948442,0.553208944608643,0.6357304318693426,0.08252148726069963,1.1434185526779852,1.3488872286925253,0.2054686760145401,1.8717228034468116,2.338718960448704,0.46699615700189256,4.011340599160581,2.637842649753834,0,1,1,1,3,2,0,0,0,0,0,0
3998858,c3032d32-8358-42b4-8821-825f3dff3098,1,28,53,England Women's,Keira Walsh,Ella Toone,78.9,63.2,109.6,67.3,30.972569,17.98200189272831,0.6920379768002476,0.2797211525548887,-0.41231682424535887,1.4118912957249403,0.5963406470235778,-0.8155506487013625,2.4064019119955256,1.1201656279666912,-1.2862362840288344,2.309755947573635,4.167355245211906,1,0,1,1,1,1,1,1,0,0,0,0
3998858,fa17eead-80dd-4b20-88ff-7afab6c6cedb,1,29,4,England Women's,Lauren James,Lucy Bronze,111,72.7,105.3,74.9,6.109828,-3.9535873410108806,0.45469769720268016,0.12557300038564814,-0.32912469681703205,0.7248656701639423,0.36329605514760815,-0.36156961501633417,1.1692658211299882,0.812703199514435,-0.3565626216155532,2.4526318696120444,6.436045018943457,1,0,1,0,1,1,0,0,1,0,0,1
3998858,a7505bd1-6dcc-4656-b8bc-47ade3e1a687,1,29,7,England Women's,Lucy Bronze,Ella Toone,105.3,74.9,106.1,69.5,5.4589376,5.258778374818419,0.1673762454510744,0.4777933684297673,0.31041712297869284,0.4534296604502432,1.0092760345770608,0.5558463741268176,0.964464845163916,1.7786781287159585,0.8142132835520426,5.707172984842511,3.526040015192046,0,0,0,1,1,3,0,0,1,0,0,1
3998858,869e9237-1090-46ef-9105-8ebdc1499abc,1,29,7,England Women's,Ella Toone,Lucy Bronze,106.1,69.5,104.5,75.3,6.0166435,-5.942345862962931,0.4777933684297673,0.15850522505976597,-0.31928814337000133,1.0092760345770608,0.4673813398899502,-0.5418946946871106,1.7786781287159585,1.0236725966191182,-0.7550055320968403,3.526040015192046,6.099443030361842,0,0,1,0,3,1,0,0,1,0,0,1
3998858,a9f591bf-be18-417e-b387-5b83df61384e,1,29,9,England Women's,Lucy Bronze,Ella Toone,104.5,74.6,104.5,70.7,3.9,3.5222031254137534,0.2009435343097926,0.8333307251529339,0.6323871908431413,0.541169369059522,1.373612551416001,0.832443182356479,1.1084751083570796,2.0699437389166624,0.9614686305595828,5.45145512417747,2.1293684126860106,0,1,0,2,1,3,0,0,1,0,1,1
3998858,ee985e57-d9e1-45de-b416-b3c94eca79e9,1,29,10,England Women's,Ella Toone,Lauren James,104.5,70.7,109.9,73.8,6.226556,-0.8857756986245633,0.7382333479976033,0.3344322240574164,-0.4038011239401869,1.2768722895220512,0.7010295774846228,-0.5758427120374284,1.9788547663112084,1.238657372062108,-0.7401973942491005,2.4028956554514433,3.9246382431848885,1,0,2,1,3,1,0,0,1,0,1,1
3998858,1cb8aa31-152b-46ab-8a16-fb46a0e9885c,1,29,15,England Women's,Lauren James,Ella Toone,109.6,73.8,112.9,69.5,5.420332,5.021443719259818,0.4329198945645362,0.24077902073965224,-0.19214087382488398,0.827564498101108,0.6637286089936134,-0.16383588910749458,1.4438878365278733,1.3656109880807177,-0.07827684844715566,3.034273279608305,5.699336062151634,0,0,1,0,1,2,0,0,0,1,1,1
3998858,5ad7f658-fd2e-4b03-a50f-1a0f338859ee,1,29,17,England Women's,Ella Toone,Lauren Hemp,114.8,69.5,116.9,34.5,35.062943,23.641321634518413,0.3404168863535506,1.3866202410097084,1.0462033546561578,0.8567811634685988,2.0954533549143886,1.2386721914457897,1.638458151644365,2.94320265206221,1.3047445004178448,5.063328225489124,0.7100365631461312,0,1,0,2,2,4,0,0,0,1,1,1
3998858,1d8b3f9e-0f15-4a77-8c27-bbbc1c933a9d,1,30,41,England Women's,Hannah Hampton,Alex Greenwood,13.7,33.8,21.3,33,7.641989,7.532739928153859,0.0008272329758447258,0.0034750946806430703,0.0026478617047983443,0.014144145100271005,0.04071095608848722,0.026566810988216213,0.06984099843837663,0.16963158233317863,0.099790583894802,21.29227257176671,17.417263312236447,0,0,0,0,0,0,0,0,1,0,0,1
3998858,85b44330-587b-49ec-82d9-2e1808eeea13,1,30,49,England Women's,Alex Greenwood,Keira Walsh,50.4,51.9,57,42.9,11.1606455,7.5432744178300055,0.08304315088297154,0.4390007014734928,0.35595755059052125,0.3529907954429456,0.9408793646936165,0.587888569250671,0.9066582920673147,1.65683749449421,0.7501792024268952,8.519426767170359,3.661253141976143,0,0,0,1,0,2,0,0,1,0,0,1
3998858,ee531b6e-6a3a-4313-9bcf-02879a2b18b4,1,30,50,England Women's,Keira Walsh,Alex Greenwood,57,42.9,50.7,51.9,10.9859,-7.24758370979356,0.49872990520711774,0.0709209441336028,-0.42780896107351496,0.9890924367194389,0.28952690990955704,-0.6995655268098819,1.6774565274008912,0.7531047593284699,-0.9243517680724214,3.1557461004269647,8.562090066494815,0,0,1,0,2,0,0,0,1,0,0,1
3998858,6787628f-43bb-4033-9ed7-c643be74ab40,1,30,52,England Women's,Alex Greenwood,Lucy Bronze,51.5,51.6,85.8,74.6,41.297577,20.825478634833587,0.09625404185490799,0.16334768081292805,0.06709363895802006,0.34357967327153666,0.40677582417907737,0.06319615090754072,0.8329742199678147,0.7940749553998233,-0.03889926456799142,7.556517442832949,5.6284806241785645,0,0,0,0,1,1,0,0,1,0,0,1
3998858,93b93109-f791-4296-a0b8-2af8cd594c52,1,30,55,England Women's,Lucy Bronze,Ella Toone,85.8,74.6,78.9,73.7,6.958448,-4.500019578605901,0.4476780667075073,0.3266107109782909,-0.1210673557292164,0.7423060634733354,0.7276600530578178,-0.014646010415517607,1.1425043371889008,1.2800834358475135,0.13757909865861273,2.6152365807227245,4.639572203728705,1,0,1,1,1,2,0,0,1,0,0,1
3998858,d041ddd1-ed42-4be0-b982-9626024180f4,1,31,9,England Women's,Lauren Hemp,Keira Walsh,105,28.3,101.2,34.4,7.1867933,-0.5929131013975315,0.5108629273074887,0.7506851543681543,0.23982222706066558,1.2245452399015428,1.6324858162949079,0.407940576393365,2.3165847246177025,2.8171677317091772,0.5005830070914747,3.6108600927263432,3.656505692111938,0,0,1,2,2,4,0,1,0,1,1,1
3998858,ed431996-efb7-42aa-bcb8-1a16ee2b245e,1,31,25,England Women's,Keira Walsh,Alessia Russo,87.5,6.1,107.5,21.3,25.12051,24.46921526954042,0.471523520316666,0.7465421311949413,0.2750186108782753,0.9051060534900899,1.4298280053655783,0.5247219518754884,1.5465853092072768,2.3436665209731466,0.7970812117658699,2.860799915591073,2.542133458816192,1,1,1,2,1,2,0,0,1,0,0,1
3998858,04a6e459-905b-4c10-8edd-10919d6f87ef,1,31,27,England Women's,Alessia Russo,Lauren James,108.6,19.2,111.8,72.6,53.495792,-9.896282085262381,1.0812316560432433,0.3715047025408754,-0.7097269535023679,1.7139057722340039,0.5751933275996198,-1.138712444634384,2.619237831425906,0.8325029140948166,-1.7867349173310894,1.9968172984294408,2.9794113104080355,2,1,2,1,2,1,0,0,1,0,0,1
3998858,2ac9481e-1bdb-4ac5-9cd8-4cb93ec4cf58,1,31,35,England Women's,Lauren James,Ella Toone,107.5,74.2,109.6,65.4,9.047099,8.96609691156402,0.3156456020880683,0.8518938519984364,0.536248249910368,0.5697550695187862,1.4440846770473543,0.8743296075285681,0.9476311499837251,2.2186025072539866,1.2709713572702614,3.568686501765472,2.3113148214769588,0,1,1,2,1,3,0,0,0,0,0,0
3998858,fd0ba5e9-2751-472b-8034-38abce56b6f8,1,34,39,England Women's,Leah Williamson,Keira Walsh,32.6,55.6,44.3,45.9,15.198027,12.851731706759253,0.0412426201029772,0.28225792914213416,0.24101530903915697,0.1862034751830592,0.6440373778975748,0.4578339027145155,0.4891283694292104,1.102968382962126,0.6138400135329156,9.965720293476382,5.364141297748323,0,0,0,0,0,2,0,0,1,0,0,1
3998858,ec6f3a5b-6a62-4f3f-8273-e42a602b96d1,1,34,49,England Women's,Jessica Carter,Alex Greenwood,52.3,19.1,64.6,5.1,18.63572,5.376179700610251,0.04894583141430149,0.042436019617384,-0.006509811796917488,0.23796711528782288,0.20177287922099613,-0.03619423606682676,0.728644919532586,0.6109654466597025,-0.1176794728728835,9.51348651039898,9.76089296555182,0,0,0,0,0,0,0,0,0,0,0,0
3998858,a8daad48-822a-43b0-8b63-04df55ff9043,1,34,52,England Women's,Alex Greenwood,Georgia Stanway,65.3,5.1,85.3,6.7,20.063898,16.791832687797566,0.2694321351292343,0.5559650078303887,0.2865328727011544,0.5390045625873057,0.9768329607267786,0.43782839813947294,0.9999989927171178,1.6369596592520765,0.6369606665349588,4.0301948208726275,2.282649586125079,0,1,1,1,1,2,0,0,0,0,0,0
3998858,a2873d2f-0547-46c7-a69a-8c57a528f1e2,1,35,2,England Women's,Georgia Stanway,Alex Greenwood,94,3.7,85.4,1.1,8.984431,-7.410458097049371,0.6767783342224233,0.07533485556454986,-0.6014434786578734,1.030189864284604,0.2638259709663501,-0.7663638933182538,1.5894533785907206,0.6625723483657919,-0.9268810302249286,1.4589024606316052,7.925211055984621,1,0,1,0,1,1,0,0,1,0,0,1
3998858,d6dd6e9c-0f8e-4d01-bddd-0e0a81ca8ef9,1,35,4,England Women's,Alex Greenwood,Georgia Stanway,85.4,1.1,84.6,5.6,4.570558,2.7000956679541943,0.1956365074632594,0.30450784327030345,0.10887133580704406,0.4541970230185753,0.6779927001193015,0.22379567710072618,0.9073464928184388,1.299325496829975,0.3919790040115362,5.018286258430112,3.94574756749126,0,0,0,1,1,1,0,0,1,0,0,1
3998858,0efaac8a-5f00-4298-86a0-9cdbb2ba6a3d,1,35,9,England Women's,Jessica Carter,Leah Williamson,73.4,13.8,64.6,33.4,21.484879,-2.3314900448648217,0.040733732831666425,0.05213102974732353,0.011397296915657107,0.24236661196448955,0.20937183593727718,-0.032994776027212375,0.7083119422013395,0.5397240004700357,-0.16858794173130387,11.433603970334461,9.08034583355143,0,0,0,0,0,0,0,0,1,0,0,1
3998858,f7ec610d-39a0-46b8-ab8d-1d7799ee0262,1,35,11,England Women's,Leah Williamson,Georgia Stanway,68,29.2,75.1,4.5,25.700195,-4.128925527601027,0.30873156464570595,0.06784438930894988,-0.24088717533675608,0.5926720206797128,0.24664330951049984,-0.34602871116921297,1.0360703659259833,0.6317053993256088,-0.4043649666003746,3.682806695387056,8.206946964254472,0,0,1,0,1,0,1,0,1,0,0,1
3998858,c091b187-f5d8-4430-b252-ca6bc5c46e22,1,35,13,England Women's,Georgia Stanway,Alex Greenwood,75.1,4.5,87.5,2.3,12.593649,7.463730054166994,0.07566057663134286,0.38197301175544,0.30631243512409717,0.26333304427243254,0.7207664529304472,0.45743340865801463,0.6545941432687343,1.1918614927339606,0.5372673494652263,7.8891447391311065,3.269909196598216,0,0,0,1,1,1,0,0,1,0,0,1
3998858,531f45bd-6b0f-4cb5-8000-7f1f87956bf7,1,35,15,England Women's,Alex Greenwood,Lauren Hemp,85.3,2.9,85.3,8.1,5.2,3.663709278025877,0.9753997365393668,1.7715810941070989,0.796181357567732,1.3759885614903131,2.2872051905760347,0.9112166290857215,1.8715313586664746,2.8484888144597456,0.976957455793271,0.8223851504033407,1.2820456126076905,1,3,1,3,2,3,1,1,1,0,0,1
3998858,5cd3038a-5167-4cb7-a6e3-3d245b8de6b9,1,35,17,England Women's,Lauren Hemp,Georgia Stanway,79.7,5.9,72.3,7.2,7.5133214,-5.0978476697379165,1.1840028016748392,0.11563385340895213,-1.0683689482658871,1.7445491450435717,0.4246870146001369,-1.3198621304434348,2.36577231568742,1.0071778619033593,-1.3585944537840606,1.543423582874435,7.6065110697053315,2,0,2,0,3,1,1,0,1,0,0,1
3998858,b6ae7996-d718-4c23-bae2-5979aa31cc9b,1,35,20,England Women's,Keira Walsh,Alex Greenwood,83.5,15.3,93.5,18.4,10.46948,9.884123223842835,1.3340224386386037,0.884895031973411,-0.4491274066651927,1.966888566114778,1.5965385364252138,-0.3703500296895641,2.7717519794811594,2.548504698463081,-0.22324728101807834,1.559260108197324,1.5439638194401195,2,1,2,1,3,2,0,1,1,0,0,1
3998858,62d886e7-d2e8-4c9f-a969-9dfb54b08714,1,35,25,England Women's,Lucy Bronze,Lauren Hemp,92.1,21.5,107.7,17.3,16.155495,7.658049617750226,0.9127719684038692,0.38982156152985015,-0.5229504068740191,1.9625204005201475,0.8740148411310968,-1.0885055593890507,3.2503255299022618,1.7006861787173098,-1.549639351184952,3.5816250905406717,3.551033128086314,0,0,2,1,5,1,0,0,1,0,0,1
3998858,21d225d0-9402-46e8-9aaf-ff726a01238c,1,36,8,England Women's,Leah Williamson,Hannah Hampton,45,18.8,25.8,29.7,22.07827,-16.82274344828967,0.47009248423775896,0.002012870118674869,-0.4680796141190841,0.8106338916316357,0.027427769642851346,-0.7832061219887844,1.259978875061575,0.12760832057704985,-1.1323705544845253,2.583253518688539,18.782982175608744,1,0,1,0,1,0,0,0,1,0,0,1
3998858,15f8a6a5-a967-4f1b-abd0-06b20d07607c,1,36,10,England Women's,Hannah Hampton,Jessica Carter,25.8,29.7,37.8,17.2,17.327723,9.457978992347037,0.0065592357708241684,0.033693022872199996,0.027133787101375827,0.05262946097093625,0.16815194056233834,0.11552247959140209,0.18317313823853978,0.44428594138897054,0.26111280315043073,15.129343351706389,10.8447888823853,0,0,0,0,0,0,0,0,1,0,0,1
3998858,e0fb2238-1e82-4ee7-b36f-7ae31cc142c5,1,36,14,England Women's,Jessica Carter,Leah Williamson,37.8,17.2,37.8,54.2,37,1.885954153775458,0.04314032975017,0.008109262353836157,-0.03503106739633384,0.23102434145901393,0.0785989216491969,-0.15242541980981703,0.6719470624859535,0.30303088942602674,-0.36891617305992674,11.197267389700999,15.490957373987323,0,0,0,0,0,0,0,0,1,0,0,1
3998858,f8ad0da5-ec06-4a92-9ab6-ca3716111a1a,1,36,21,England Women's,Leah Williamson,Jessica Carter,48.8,52.7,48.1,25.6,27.10904,-1.0040396985062756,0.08979782157313954,0.08304598790540756,-0.00675183366773198,0.29630672198607305,0.2770822217563198,-0.01922450022975325,0.715247089915235,0.6809385469686493,-0.034308542946585696,7.400995270947571,7.624826554601568,0,0,0,0,1,1,0,0,1,0,0,1
3998858,37328c8e-09ca-4a13-88b0-0140e28fbaca,1,36,25,England Women's,Jessica Carter,Alex Greenwood,56.2,17.3,53.2,5.1,12.563439,-7.649415003510995,0.8458241404904426,0.24855390651270046,-0.5972702339777421,1.15286695993447,0.591400672577874,-0.5614662873565961,1.6030526311724067,1.0714053726099595,-0.5316472585624472,0.9309138336383456,5.422485889246041,1,0,1,0,2,2,1,0,1,0,0,1
3998858,b7528d22-b6fa-49b7-8f41-ac3596fd7320,1,36,27,England Women's,Alex Greenwood,Hannah Hampton,52.9,5.6,32,31.6,33.358807,-12.995955015662474,0.7837253054735797,0.0006756577566660674,-0.7830496477169135,1.145078408841465,0.0182345789857027,-1.1268438298557621,1.5825345264789885,0.12011687869033205,-1.4624176477886563,1.6584978927920466,23.723011892806227,1,0,2,0,2,0,1,0,1,0,0,1
3998858,e88d8c61-d4fd-4a63-9083-dc522d8ad881,1,36,32,England Women's,Hannah Hampton,Leah Williamson,32,31.6,39.1,56.5,25.89247,5.83451084139331,0.0009447056328020694,0.00924406663048883,0.00829936099768676,0.02144033505096702,0.07026713785536752,0.0488268028044005,0.1304467251165254,0.24268248698836956,0.11223576187184414,22.05554933292807,14.249734112845085,0,0,0,0,0,0,0,0,1,0,0,1
3998858,70f44175-39d2-428e-827f-4390161abfb4,1,36,33,England Women's,Leah Williamson,Jessica Carter,42,54.6,45.8,21,33.814198,2.760652454230268,0.010361777329668134,0.013621054466747313,0.0032592771370791793,0.07700847908481907,0.10982606129548049,0.03281758221066142,0.2609606116449085,0.3701776003993467,0.1092169887544382,13.982503060737079,13.949641177788449,0,0,0,0,0,0,0,0,1,0,0,1
3998858,4be5f2f3-7305-416b-9f04-7a436f3cae14,1,36,36,England Women's,Jessica Carter,Keira Walsh,45.8,21,51,18.3,5.859181,4.262189643286916,0.01609028999211419,0.048755091794074744,0.032664801801960554,0.11707998900472026,0.2205906764988287,0.10351068749410845,0.3798380625116742,0.5846236865738302,0.20478562406215606,13.141354372231257,9.525957009841582,0,0,0,0,0,0,0,0,1,0,0,1
3998858,5510e4be-329c-458d-84dd-125b7a51ffce,1,36,39,England Women's,Keira Walsh,Jessica Carter,50.7,18.3,49.1,30.8,12.601984,1.123636459819835,0.11596329766131842,0.04184011072057572,-0.07412318694074271,0.32803898481480276,0.21093658688852962,-0.11710239792627314,0.6975994411302405,0.5890976165501565,-0.10850182458008406,6.583971046278523,10.640888218943934,0,0,0,0,1,0,0,0,1,0,0,1
3998858,98e3969c-34c4-447a-88da-bf302d1b6bd3,1,36,46,England Women's,Lucy Bronze,Ella Toone,85.3,71.5,82.3,63.7,8.357033,2.3344620340018167,0.13354377236855688,0.6351232840385881,0.5015795116700312,0.3787808729312492,1.0943631985451485,0.7155823256138993,0.846156217639912,1.7694889500887232,0.9233327324488112,6.245675776026977,2.0796444158670617,0,1,0,1,1,2,0,1,1,0,0,1
3998858,981a64e7-901a-40a2-a3f3-23cd20f5724f,1,36,47,England Women's,Ella Toone,Lucy Bronze,82.3,63.7,76.2,73.4,11.458621,-10.551093823051453,0.6351232840385881,0.9115084574810837,0.2763851734424956,1.0943631985451485,1.41257367487854,0.3182104763333915,1.7694889500887232,2.0095765476749667,0.24008759758624354,2.0796444158670617,2.4399816927683884,1,2,1,2,2,2,1,1,1,0,0,1
3998858,49fbad25-80b6-4467-ba27-941b9cb84281,1,36,49,England Women's,Lucy Bronze,Leah Williamson,76.4,73,55.9,72.2,20.515604,-17.052659484976353,0.9115081603116646,0.04939388386821578,-0.8621142764434488,1.41257329774439,0.22674237868935537,-1.1858309190550347,2.0095761112876036,0.6137429734755973,-1.3958331378120064,2.4399795765272696,9.720400418698262,2,0,2,0,2,0,1,0,1,0,0,1
3998858,6395bd56-286b-4386-a552-b76f22bae104,1,37,8,England Women's,Lucy Bronze,Ella Toone,85.8,74.5,98.1,76.4,12.445883,6.098468339516394,0.4707788157609412,0.2672034935570292,-0.203575322203912,0.7915686375797005,0.682166256025563,-0.1094023815541375,1.3197724400073843,1.3188999149884262,-0.0008725250189580702,2.4361871821774135,5.526984425579584,1,0,1,0,1,2,0,0,1,0,0,1
3998858,1398a4ca-f4fd-4744-9f03-33a84274d730,1,37,10,England Women's,Ella Toone,Keira Walsh,98.5,75.6,108.8,69.7,11.870131,9.846967097807998,0.5476234147015234,0.988411703038376,0.4407882883368526,1.0521771121969137,1.7074189798339128,0.6552418676369991,1.6939594743757356,2.4973761456189165,0.803416671243181,3.059171209945674,3.1905515942769083,0,0,1,3,2,3,0,0,1,0,0,1
3998858,f2e9fda1-8527-4b69-afe1-085af23e70a4,1,37,12,England Women's,Keira Walsh,Lauren James,108.8,69.7,107.5,76.1,6.530697,-6.461266407124889,0.940880736461938,0.16934207440585008,-0.771538662056088,1.6099561171532213,0.5830907554371314,-1.0268653617160899,2.355745285882962,1.2391735304058589,-1.116571755477103,2.4727064109244647,8.366115022948353,1,0,2,0,4,0,1,0,1,0,0,1
3998858,3bb9651e-b567-4c06-bc4b-d4c93e1c15b2,1,37,14,England Women's,Lauren James,Lucy Bronze,107.5,75.7,90.5,67.3,18.962067,-2.368656687651381,0.3026659066074989,0.18887160778561343,-0.11379429882188549,0.757233972257052,0.5608180717675622,-0.19641590048948987,1.4104773441906868,1.2923909385554684,-0.11808640563521844,4.658980951937825,5.495037698267544,0,0,1,0,1,1,0,0,1,0,0,1
3998858,b6222656-463d-45ab-ba47-87d4b4952405,1,37,16,England Women's,Lucy Bronze,Keira Walsh,91,67,97,65.1,6.293648,5.578989583162432,0.3404638598004877,0.7184914903512379,0.3780276305507502,0.7749216511577188,1.563148608833351,0.7882269576756322,1.5631364136298038,2.66408612004216,1.1009497064123561,3.6332323089750833,3.364967800753892,0,0,1,1,1,4,0,0,1,0,0,1
3998858,86f511c7-0061-428b-b39d-887f5f229a25,1,37,17,England Women's,Keira Walsh,Lucy Bronze,97,65.1,89.9,64.8,7.106335,-4.956405091217519,0.7590679455294327,0.2628707308380344,-0.49619721469139827,1.629194263485009,0.836537788967497,-0.792656474517512,2.753534903887954,1.8210533414984624,-0.9324815623894915,3.286767752714005,5.441376130299786,0,0,1,0,5,1,0,0,1,0,0,1
3998858,c84b42db-8bd6-4f0d-b4c9-8e0bdf5e76db,1,37,20,England Women's,Lucy Bronze,Georgia Stanway,89.6,54.9,99.2,48.6,11.482595,11.347356116388891,1.5202685691785478,1.3844002838161504,-0.13586828536239737,2.524518988597098,2.4625319272803736,-0.06198706131672438,3.7827692606529975,3.7902791194332246,0.007509858780227141,1.1481574742255878,0.8889004894420278,2,1,2,1,5,5,1,1,1,0,0,1
3998858,45f00856-01fe-4007-bdde-b10ca9835954,1,37,26,England Women's,Leah Williamson,Lauren James,73.4,60.2,102.6,72.2,31.569605,14.189216304010237,0.12142656548098234,0.005584921594562799,-0.11584164388641954,0.411671042880965,0.07060517479380406,-0.34106586808716094,1.000397820650283,0.32802750761711785,-0.6723703130331652,6.867279538504159,17.696149001937165,0,0,0,0,1,0,0,0,1,0,0,1
3998858,cbddd804-77a7-4412-ad71-62e1edcf760a,1,37,43,England Women's,Leah Williamson,Lucy Bronze,68.3,72.2,82.3,74.2,14.142136,10.006374129537832,0.22607049628443193,0.08034196418889589,-0.14572853209553605,0.43871347984909365,0.3550333922045656,-0.08368008764452806,0.7784157104788377,0.9406531889173583,0.16223747843852054,4.47759947450415,9.521314276100158,0,0,1,0,1,0,0,0,1,0,0,1
3998858,1b22cdce-0d24-4462-a18e-2ffd1656ecef,1,37,46,England Women's,Lucy Bronze,Georgia Stanway,82.3,74.2,80.5,62.6,11.738825,5.392827886267632,0.17523873304890109,0.4445682597300716,0.2693295266811705,0.5449959124897313,1.0208820311044058,0.47588611861467445,1.182743386091026,1.9335025399116086,0.7507591538205827,6.511176071239033,3.718525096216719,0,0,0,1,1,2,0,0,0,0,0,0
3998858,48159343-1f1c-48a3-83a1-a98bad8c7892,1,37,47,England Women's,Georgia Stanway,Ella Toone,80.5,62.6,92.1,62.4,11.601724,9.728887498665209,0.6167938618465127,0.4910592666334219,-0.12573459521309083,1.2114020206228584,1.2477652106437582,0.03636319002089983,2.126178562683678,2.3758671136277925,0.24968855094411424,2.5942150630353398,4.159934722530395,1,0,1,1,2,2,0,0,0,0,0,0
3998858,944031d8-1621-4b04-8b29-fbacf892efc3,1,38,3,England Women's,Leah Williamson,Hannah Hampton,19.1,55.3,9.7,44.3,14.469277,-8.330367655890441,0.12367232267680121,0.032976153853521824,-0.09069616882327938,0.3065057841725448,0.17036517839355647,-0.13614060577898834,0.5860961564287877,0.4432084233412121,-0.14288773308757557,6.299707432673977,11.595414283355547,0,0,0,0,1,0,0,0,1,0,0,1
3998858,06262d20-5ffc-41e9-afb3-35bac1b6b445,1,38,5,England Women's,Hannah Hampton,Leah Williamson,10.7,43.7,9.6,60.5,16.835974,-2.924568602341637,0.3340576122885493,0.0808838149130889,-0.2531737973754604,0.6873161374850353,0.280177628198373,-0.4071385092866623,1.0586604185157464,0.6179538578447273,-0.4407065606710191,5.0026004061749525,7.9605413942846655,0,0,0,0,2,1,1,0,1,0,0,1
3998858,227aa7c1-1cbe-4e32-ad48-366399f4a33f,1,38,7,England Women's,Leah Williamson,Alex Greenwood,10.1,58.6,25.9,18.4,43.19352,14.915621448766103,0.23469901360669565,0.004156448895822288,-0.23054256471087337,0.498406655902169,0.04893795430393493,-0.44946870159823404,0.85884877892534,0.20079877360845796,-0.658050005316882,4.517203017335261,17.808100045869708,0,0,1,0,1,0,0,0,1,0,0,1
3998858,295e3d25-e16a-4f4e-be10-d2639fac1a13,1,38,17,England Women's,Lauren Hemp,Jessica Carter,55.9,4.5,49.1,15.4,12.847178,-1.772582450307624,0.2571064567965147,0.01801387266905206,-0.23909258412746268,0.5900235657796056,0.14783096208726498,-0.4421926036923406,1.1044022186404705,0.5464831218117041,-0.5579190968287664,4.523124753982708,13.244801580885868,0,0,1,0,1,0,0,0,1,0,0,1
3998858,7528e67b-034e-41d9-a4dd-cc899a56a5e4,1,38,23,England Women's,Keira Walsh,Leah Williamson,54,35.3,53.7,58.3,23.001957,-2.612075117601478,0.30955099777787515,0.03309834355275459,-0.27645265422512055,0.6647455395294303,0.19543581926863732,-0.469309720260793,1.1968293682192486,0.5967070859994791,-0.6001222822197695,4.148257606676699,11.110821733378984,0,0,1,0,1,0,0,0,1,0,0,1
3998858,8d027e31-37fe-479c-95d3-2f5da612bcc6,1,38,25,England Women's,Leah Williamson,Jessica Carter,53.4,58.3,52.9,32.4,25.904825,1.539413520147363,0.04728638581254126,0.022622919334484973,-0.024663466478056284,0.2304629614293414,0.15411006178229103,-0.07635289964705036,0.6466901597053568,0.5326423759919093,-0.11404778371344748,9.807896336275897,12.142646733060356,0,0,0,0,0,0,0,0,1,0,0,1
3998858,5d975d2e-c7cf-4fb3-8039-fdb1ec36176c,1,38,28,England Women's,Jessica Carter,Georgia Stanway,55.6,33.8,63.1,17.2,18.215652,3.399716465258429,0.0632663033216198,0.05896348692592299,-0.00430281639569681,0.27449257920012743,0.2917424850998561,0.01724990589972869,0.7380399801520378,0.8090976704312101,0.0710576902791723,9.013359210523447,9.70196949147233,0,0,0,0,0,0,0,0,1,0,0,1
3998858,3b152894-c434-4784-b6a3-5221e3dd6e7f,1,38,32,England Women's,Georgia Stanway,Alex Greenwood,72.3,14.3,72.9,6.1,8.221922,-3.848359894130091,0.4446223402188247,0.10489104013312274,-0.33973130008570196,0.9257168025926888,0.3986725145476605,-0.5270442880450283,1.6274432944315573,0.9699440865983995,-0.6574992078331579,3.3437350300557944,8.888440802401757,0,0,1,0,2,0,0,0,1,0,0,1
3998858,56428fa0-2a0c-4f41-95fe-3ef27605d791,1,38,38,England Women's,Ella Toone,Lucy Bronze,70.2,46.7,91.5,72.6,33.533566,6.947295915622021,0.20687928722783386,0.017175817984191065,-0.18970346924364279,0.6078098967392775,0.10962387701905202,-0.4981860197202255,1.2356352958542332,0.3836446310675728,-0.8519906647866604,5.975636707907795,12.397498166357046,0,0,0,0,1,0,0,0,1,0,1,1
3998858,70f11273-785f-4985-bc84-5cbc977186c8,1,38,57,England Women's,Lauren Hemp,Georgia Stanway,106.1,30.5,105.8,24.5,6.0074954,-4.184909424785911,0.6959866559123556,1.0411495609976271,0.3451629050852715,1.4366069443241078,1.8685951053903709,0.43198816106626303,2.5983683425983095,3.107583854539063,0.5092155119407535,2.3355600182720004,1.0558731595698545,1,1,1,1,2,3,0,1,1,0,0,1
3998858,d8a7ef1a-8ff4-4e41-8b09-86eaee9b146c,1,38,58,England Women's,Georgia Stanway,Lauren Hemp,105.6,25.3,105.3,30.8,5.508176,3.2363322110649513,0.774326010363322,1.0845403578116783,0.3102143474483563,1.664964455139228,2.1858580567450954,0.5208936016058674,2.942930851413643,3.6656021239938115,0.7226712725801683,2.7136924524533774,1.7676472027451966,1,1,2,2,3,4,0,0,1,0,0,1
3998858,82e4a5c0-f718-4c02-9ed0-f551ba9874ff,1,39,12,England Women's,Georgia Stanway,Leah Williamson,69.9,28.9,57,39.6,16.76007,-11.68635971454949,0.649752264136511,0.02564090361727834,-0.6241113605192327,1.3112511894218761,0.19093189041821884,-1.1203192990036572,2.174868464287742,0.631723828201536,-1.543144636086206,3.385627574151902,13.565092746792711,0,0,2,0,3,0,0,0,1,0,0,1
3998858,a895b455-0721-42a8-8df6-dc0ec1ce4da5,1,39,14,England Women's,Leah Williamson,Lucy Bronze,57.2,39.4,65.3,40.3,8.149847,8.102043513714442,0.03169018535237102,0.1129601725395386,0.08126998718716759,0.20372267501545577,0.4752703868754684,0.27154771186001264,0.6485848617163837,1.1904165712300674,0.5418317095136836,11.462456761351909,7.727168992012312,0,0,0,0,0,1,0,0,1,0,0,1
3998858,81fe0feb-2f49-4f4f-a633-4fdc04de6941,1,39,16,England Women's,Lucy Bronze,Leah Williamson,65.3,40.3,57.5,39.4,7.8517513,-7.8020572707298825,0.1194880960953915,0.03129233165034951,-0.08819576444504199,0.4699404828579023,0.18552785094718938,-0.2844126319107129,1.1624849063521396,0.5895925844070994,-0.5728923219450403,7.286388237377284,10.98059386272006,0,0,0,0,1,0,0,0,1,0,0,1
3998858,caf9be3d-753f-4720-8392-88dbab86e1fa,1,39,17,England Women's,Leah Williamson,Keira Walsh,57.5,39.4,64.2,32.7,9.475231,6.22739681710766,0.045755482414728516,0.1543189635134671,0.10856348109873859,0.23221930539476118,0.5419671215234464,0.3097478161286852,0.6716951333257116,1.1896965744833996,0.518001441157688,9.901627136997227,8.109155737886878,0,0,0,0,0,0,0,0,1,0,0,1
3998858,397ef637-ea99-4f5a-be61-3db64d0111fd,1,39,20,England Women's,Keira Walsh,Ella Toone,69.6,29.2,74.8,37.3,9.625487,6.263586043393971,0.38023255860239685,0.9701221217073872,0.5898895631049903,0.8996121544787611,1.705285185831112,0.8056730313523509,1.633861918109207,2.4921053411396956,0.8582434230304887,4.0881978205995875,2.483254403346137,0,1,1,3,2,3,0,0,1,0,0,1
3998858,e8d9f86b-a483-4d8a-bee5-567e84f66b75,1,39,21,England Women's,Ella Toone,Keira Walsh,74.8,37.3,67.3,35.3,7.7620873,-7.628597663216347,0.9701221217073872,0.38623391416521585,-0.5838882075421714,1.705285185831112,0.9373893886064654,-0.7678957972246466,2.4921053411396956,1.6692711378629528,-0.8228342032767428,2.483254403346137,4.753241462043705,1,0,3,1,3,3,0,0,1,0,0,1
3998858,cc1ee8c9-67e9-404d-82b2-15a7a5a7598f,1,39,23,England Women's,Keira Walsh,Ella Toone,67.3,34.9,72.6,27,9.513149,3.795817624382522,0.280410295561414,0.28145381523021845,0.001043519668804449,0.7496850255537857,0.7917576603296248,0.04207263477583911,1.448030151862887,1.5517664605602222,0.10373630869733508,4.969104702146982,5.635331070881993,0,0,1,0,1,2,0,0,1,0,0,1
3998858,b29d3c75-fc89-4b1a-81f9-13b19ca278d8,1,39,26,England Women's,Ella Toone,Lauren Hemp,75.1,22.6,89.1,4.2,23.120554,0.8624887060681132,0.7670713715536855,0.1660139680124971,-0.6010574035411884,1.3580160016151888,0.40290736431436874,-0.95510863730082,2.195440223857289,0.8378418948712528,-1.3575983289860365,2.352961846993339,5.481412122662582,1,0,2,0,2,1,0,0,1,0,0,1
3998858,70b7a1f0-601f-4653-b4a9-79aa25c1411d,1,39,45,England Women's,Alex Greenwood,Georgia Stanway,71.5,6.4,97.8,19.1,29.205822,28.51161728629844,0.03152491313221015,0.30233477008567444,0.27080985695346427,0.1793982794353838,0.927469862263177,0.7480715828277932,0.5651640124441007,1.9208047014556033,1.3556406890115027,10.890348432255056,6.189570404383118,0,0,0,0,0,2,0,0,0,0,0,0
3998858,206a782d-b564-4205-87ad-ad8c42e01c95,1,40,5,England Women's,Jessica Carter,Alex Greenwood,42.7,3.4,51,3,8.309633,7.232579830051293,0.01586169718608764,0.008945738931430318,-0.006915958254657321,0.08588481249189224,0.07225946401990034,-0.0136253484719919,0.23677946892484084,0.25957379461588204,0.0227943256910412,12.442390082651514,14.436745738569822,0,0,0,0,0,0,0,0,1,0,0,1
3998858,f280e9d3-12fd-41ff-a409-b175b96b25d6,1,40,7,England Women's,Alex Greenwood,Hannah Hampton,51.2,3,38.6,49.7,48.36993,-3.857795399201578,0.01695280651793534,0.002068330258870843,-0.014884476259064498,0.12600012814160655,0.03221205904839937,-0.09378806909320718,0.4225568784088308,0.15127695717209705,-0.2712799212367338,13.277612233556948,20.11833154030726,0,0,0,0,0,0,0,0,1,0,0,1
3998858,194fbe9e-ddaf-48cd-9205-5d6af8836710,1,40,11,England Women's,Hannah Hampton,Lucy Bronze,41,51.5,62.7,67.8,27.140007,16.14488351116536,0.003111791626866954,0.0380786646740928,0.034966873047225844,0.03999348990879426,0.16352666723458906,0.1235331773257948,0.17132777663186335,0.45353367006518747,0.28220589343332414,18.18325338661469,9.909491528882512,0,0,0,0,0,0,0,0,1,0,0,1
3998858,7c45df01-4c0e-4265-a380-1960f7b97e66,1,40,14,England Women's,Lucy Bronze,Leah Williamson,63.2,67.8,51,62.1,13.465883,-9.214532683264196,0.2679173604805005,0.16145675284025668,-0.10646060764024384,0.5414971832005888,0.4134974635624387,-0.1279997196381501,0.9618279572005975,0.8491050581804048,-0.11272289902019272,4.137906844122428,5.645544037699717,0,0,1,0,1,1,0,0,1,0,0,1
3998858,8d581e1b-c791-42dc-ae61-210833472592,1,40,22,England Women's,Jessica Carter,Keira Walsh,49.3,19.2,55.9,34.9,17.030855,9.393634670962527,0.05526151835675329,0.18713218772739523,0.13187066937064196,0.21265984468968166,0.46263593017628274,0.24997608548660108,0.5351803808070333,0.8670227769112896,0.33184239610425625,8.830396141988961,5.447886227667158,0,0,0,0,0,1,0,0,1,0,1,1
3998858,91afc024-18c4-4990-b35e-0201738bba80,1,40,24,England Women's,Keira Walsh,Lucy Bronze,56.2,34.9,91,75.7,53.625366,18.0090593407703,0.3160441768798552,0.011213408654112975,-0.30483076822574223,0.6144809921407725,0.08330887191071266,-0.5311721202300598,1.0509012476491866,0.27469290628998305,-0.7762083413592036,3.7004819825760293,13.941818356380558,0,0,1,0,1,0,0,0,1,0,1,1
3998858,8c7b9c7f-9ce6-4983-93ae-a542a8b487b7,1,40,31,England Women's,Lauren James,Alessia Russo,111.3,73.7,111.7,46.5,27.202942,24.262588949494134,0.35304629698564044,1.1178447924165609,0.7647984954309204,0.6653572499213056,1.6092367554664884,0.9438795055451827,1.0748179890326197,2.3264743169447684,1.2516563279121486,3.52666474892368,0.40271455967455716,0,1,1,1,1,3,0,1,1,1,1,1
3998858,f7bcca30-7613-4b52-bf09-0076f525257d,1,40,39,England Women's,Keira Walsh,Georgia Stanway,94.5,61,118.5,52.2,25.562473,20.74220608831574,0.6609355479145997,0.6386502642348288,-0.022285283679770895,1.2270220294206413,1.3995613614958402,0.1725393320751989,2.083653401112652,2.472441836401789,0.3887884352891371,2.236033570254083,3.087033089834678,1,0,1,1,2,3,0,0,0,0,0,0
3998858,01743b46-4512-42e4-890a-c6e73058269f,1,41,42,England Women's,Jessica Carter,Keira Walsh,37.2,48.6,39.4,56.4,8.10432,0.9938549598034285,0.5372332618656497,0.566748834539797,0.029515572674147283,1.069342363533578,1.1437147396721126,0.07437237613853465,1.7313001121602956,1.8807881998242757,0.14948808766398014,3.0025772186538564,3.361999542416198,0,0,1,1,2,2,1,0,1,0,0,1
3998858,857d0f63-66a2-4efa-92c7-02434a82fa83,1,41,43,England Women's,Keira Walsh,Ella Toone,39.4,56.4,47,55.7,7.632169,7.5823615087072795,0.566748834539797,0.44254553679751724,-0.12420329774227973,1.1437147396721126,1.0494919150254305,-0.09422282464668208,1.8807881998242757,1.8260814260307647,-0.054706773793510965,3.361999542416198,4.888955325504018,0,0,1,1,2,2,0,0,1,0,0,1
3998858,785f1583-eab0-4e53-91a0-16ef716d28ac,1,41,49,England Women's,Lauren James,Lauren Hemp,56.4,33,54.5,13.8,19.293781,-6.561598458361821,0.6208563706398715,0.05918836762148312,-0.5616680030183884,1.2923363187051773,0.25762919298730547,-1.0347071257178717,2.2582388263229127,0.7207349396111845,-1.537503886711728,2.5222103731215384,9.02400930378196,1,0,1,0,2,0,0,0,1,0,0,1
3998858,7eeb17fb-e2c3-4e71-8ea6-87a54eba12d9,1,41,52,England Women's,Lauren Hemp,Alex Greenwood,54.5,13.5,46.9,12.7,7.641989,-7.373778726811821,0.08393577208916596,0.008023205291028448,-0.07591256679813752,0.30506127141232225,0.09162167381938757,-0.21343959759293468,0.7849439725975917,0.42050135953520906,-0.3644426130623827,7.774649011421602,15.553516370961043,0,0,0,0,1,0,0,0,1,0,0,1
3998858,56ae3a49-1aaa-4a7f-9782-0b5c61345682,1,41,53,England Women's,Alex Greenwood,Georgia Stanway,46.9,12.7,55.9,24.8,15.080119,12.153866032793331,0.008531720944428405,0.14211708436990778,0.13358536342547936,0.09722863510924544,0.5236104880724788,0.42638185296323333,0.4391380503110792,1.2554069084063577,0.8162688580952785,15.58492384515755,7.182620506698418,0,0,0,0,0,1,0,0,1,0,0,1
3998858,2d45cec2-7304-4c02-bbb7-f54e57089ce4,1,41,54,England Women's,Georgia Stanway,Alex Greenwood,55.9,24.8,49.9,16.5,10.241582,-8.056621997420308,0.14211708436990778,0.023352584842872955,-0.11876449952703483,0.5236104880724788,0.17004719788760703,-0.35356329018487176,1.2554069084063577,0.602303119135621,-0.6531037892707368,7.182620506698418,12.585732445390493,0,0,0,0,1,0,0,0,1,0,0,1
3998858,7cdb0457-cec9-4e72-9152-b9a5c541de43,1,41,56,England Women's,Alex Greenwood,Keira Walsh,49.9,16.5,55.6,36.4,20.700241,9.433617265820445,0.05031535338124883,0.20103799475956083,0.15072264137831198,0.2615119814399027,0.6614508056565152,0.3999388242166125,0.7857479077930508,1.4577663686296594,0.6720184608366085,9.796990015605067,7.112316126716692,0,0,0,0,0,2,0,0,1,0,0,1
3998858,601a7119-edac-4057-8c87-1c9b09ee5e59,1,42,1,England Women's,Keira Walsh,Lauren James,55.6,36.4,64.2,34.9,8.729834,8.467962824839958,0.2907519596255225,1.0739499369635988,0.7831979773380762,0.8357599998379092,1.8136504867561296,0.9778904869182204,1.6849456873268083,2.7308185104302627,1.0458728231034544,5.7605400627770935,1.5282314434880506,0,1,0,2,2,3,0,0,1,0,0,1
3998858,c29e7549-9d20-4d65-8918-87a70b3e16d7,1,42,2,England Women's,Lauren James,Keira Walsh,63.9,34.9,55.3,36.9,8.829496,-8.442882080555599,1.0739493562381235,0.27058409072507034,-0.8033652655130532,1.8136498422180507,0.7757975870698826,-1.0378522551481681,2.73081784856844,1.615697359758532,-1.115120488809908,1.528232414368322,5.570979630213892,1,0,2,0,3,2,0,0,1,0,0,1
3998858,c639be6f-d6d7-442e-b195-0e2feb03da96,1,42,3,England Women's,Keira Walsh,Lauren James,55.3,36.9,63.2,34.2,8.348653,7.678864437566617,0.28759215938867744,0.8199694456130149,0.5323772862243374,0.7718149963638244,1.4904645649863102,0.7186495686224857,1.5540681929849396,2.3660912576574304,0.8120230646724909,5.154583652073642,2.746901582888225,0,1,0,2,2,2,0,0,1,0,0,1
3998858,0eb6e696-f755-4a21-9416-57e9a9c07b92,1,42,4,England Women's,Lauren James,Keira Walsh,63.2,34.2,55.9,36.4,7.6243033,-7.1056536224318165,0.8199694456130149,0.6095956485877496,-0.21037379702526526,1.4904645649863102,1.1086942851859733,-0.38177027980033684,2.3660912576574304,1.8402797826997366,-0.5258114749576939,2.746901582888225,2.4464298107427394,1,1,2,1,2,2,0,1,1,0,0,1
3998858,3be30a55-d776-456d-a7c7-acf2f6a2ab01,1,42,5,England Women's,Keira Walsh,Alex Greenwood,54.8,37.3,56.4,15.7,21.659178,-2.8282581610894937,0.7953089085957623,0.1670001922017817,-0.6283087163939807,1.2537032168598736,0.5645144872449159,-0.6891887296149577,1.952737800158176,1.2632239824907152,-0.6895138176674609,1.3602025434932603,7.692283706034288,1,0,1,0,2,2,1,0,1,0,0,1
3998858,b9ebf34e-12b3-4cca-ba60-b83e0ccb5f8f,1,42,8,England Women's,Alex Greenwood,Lauren Hemp,56.4,15.7,71.8,2.3,20.413721,6.8915742142803325,0.09675427536767027,0.04520179607312135,-0.05155247929454892,0.41083081147229855,0.21109984583166463,-0.19973096564063392,1.0463393230564573,0.6088368632545686,-0.4375024598018886,9.346804128841162,9.75952708897806,0,0,0,0,0,0,0,0,1,0,0,1
3998858,fbea31ab-216b-455f-aab4-a6f5ca4b9a1e,1,42,20,England Women's,Jessica Carter,Leah Williamson,55.1,33.8,51.5,48.1,14.746186,-3.7817673208042635,0.08257334607243542,0.015271959778341417,-0.067301386294094,0.37337970099695994,0.10410926755345137,-0.26927043344350854,0.9625260544842663,0.34701206043734306,-0.6155139940469232,9.345820110226253,12.949692889256093,0,0,0,0,0,0,0,0,1,0,0,1
3998858,f7f71e70-d302-4a39-ae5c-aaf999c3be47,1,42,25,England Women's,Leah Williamson,Jessica Carter,51.5,55.3,47,34.3,21.476732,-3.0343053948639493,0.05254078622374734,0.011412447760097727,-0.04112833846364961,0.19755182029744295,0.10052485679937802,-0.09702696349806493,0.47400005297175013,0.3794066377581101,-0.09459341521364001,8.99572462922304,15.138270701870868,0,0,0,0,0,0,0,0,1,0,0,1
3998858,51eab69e-e39b-4229-b060-a29e3c981e54,1,42,30,England Women's,Jessica Carter,Leah Williamson,53.7,37.2,52.1,60.7,23.554405,-4.626110878484312,0.11236155408226685,0.03512898377692273,-0.07723257030534411,0.3362804757986863,0.1686477097625577,-0.16763276603612862,0.71903992083448,0.44982389651107646,-0.2692160243234035,6.8292249941849725,10.52963459059661,0,0,0,0,1,0,0,0,1,0,0,1
3998858,df561401-018f-4cda-8c6b-eee8f159e683,1,42,32,England Women's,Leah Williamson,Jessica Carter,52.9,61.3,53.2,33.5,27.801619,3.2840763971560847,0.040974748167522404,0.008315698532030036,-0.03265904963549237,0.18453993559999665,0.09341572253887213,-0.09112421306112452,0.47767846957765664,0.3811178281177686,-0.09656064145988802,10.051946145029625,16.856625545482924,0,0,0,0,0,0,0,0,1,0,0,1
3998858,9374014d-c217-4e9e-a8ae-c3beadd3ab7f,1,42,35,England Women's,Jessica Carter,Keira Walsh,54,34.2,61.2,30.8,7.962412,6.73898218272236,0.045174246846533324,0.2744388518087604,0.22926460496222706,0.2536420793189902,0.7219656238039414,0.46832354448495117,0.726255227617434,1.4296357329332283,0.7033805053157943,11.307697011023807,4.929074270961324,0,0,0,1,0,1,0,0,1,0,0,1
3998858,ab434657-f053-46f5-b7c6-c44a58aec644,1,42,36,England Women's,Keira Walsh,Jessica Carter,61.2,30.8,53.4,35.7,9.211406,-7.223293285843177,0.2744388518087604,0.06888648657138778,-0.20555236523737258,0.7219656238039414,0.29785880785319807,-0.4241068159507433,1.4296357329332283,0.7965653958146408,-0.6330703371185875,4.929074270961324,8.974279654061164,0,0,1,0,1,0,0,0,1,0,0,1
3998858,a493f40e-6c26-4715-9d15-eb37f8da7438,1,42,38,England Women's,Jessica Carter,Alex Greenwood,53.4,35.7,57.8,13.2,22.926186,-0.9893159028489151,0.08289723541530196,0.023071224207877623,-0.05982601120742434,0.3250658006307463,0.16790402266228485,-0.15716177796846145,0.8349212559264262,0.5852335486175277,-0.24968770730889844,8.133841461148904,12.844246506131018,0,0,0,0,0,0,0,0,1,0,0,1
3998858,63190549-9525-455b-a126-c4a90adc1b49,1,42,45,England Women's,Keira Walsh,Jessica Carter,67.3,13.5,53.7,36.5,26.72003,-7.404693011814487,0.9046448120424767,0.027685248376573407,-0.8769595636659033,1.334650515021795,0.1720803253611629,-1.1625701896606322,1.920987013892949,0.5292098623942534,-1.3917771514986956,1.3838634357812314,11.642725941437337,1,0,2,0,2,0,0,0,0,0,0,0
3998858,ecfa01f0-bb94-4c8f-afeb-e7c4c722b8b7,1,43,11,England Women's,Jessica Carter,Alex Greenwood,66.6,38.4,69.9,30.3,8.746428,2.393581553528577,0.006082658057409006,0.017792863192106927,0.01171020513469792,0.08604569392473362,0.15244045898581213,0.06639476506107851,0.4318220971531385,0.5857037668412366,0.15388166968809808,18.152896661960252,13.787878843350313,0,0,0,0,0,0,0,0,1,0,0,1
3998858,8194896c-ebf7-4fa2-b3d7-050a0d58e28b,1,43,14,England Women's,Alex Greenwood,Ella Toone,72.3,29.7,105.6,71.6,53.521023,14.073026377328404,0.12144827970424596,0.16124336421858523,0.039795084514339274,0.46618225777650685,0.4444775077018964,-0.021704750074610424,1.1336142308233317,0.8814104690961987,-0.252203761727133,8.383934484222475,6.184376555655529,0,0,0,0,0,1,0,0,1,0,0,1
3998858,ffa83745-7d7b-4039-85d3-889becdbeb57,1,43,16,England Women's,Ella Toone,Lucy Bronze,105.8,71.6,84.3,71.5,21.500233,-12.966390222317258,0.16124338022448612,0.0962777456359208,-0.06496563458856532,0.4444775549936225,0.35884807738197577,-0.08562947761164674,0.8814105394098334,0.8732956717947916,-0.008114867615041765,6.1843767163907435,7.960984883023942,0,0,0,0,1,1,0,0,1,0,0,1
3998858,cabcc92b-1e83-4c8a-8d7b-3916a2a0a9a8,1,43,20,England Women's,Lucy Bronze,Lauren James,85.3,70.8,97,64.8,13.148765,12.57386112772486,0.35757467089216,0.653571349498465,0.29599667860630496,0.7503531316408435,1.2947831455152259,0.5444300138743824,1.344315319315634,2.2115249078741877,0.8672095885585536,3.655481225343657,2.8446963138591443,0,1,1,2,1,2,0,0,1,0,1,1
3998858,69fddcee-b637-42fd-a1d9-cc12d0c6035b,1,43,20,England Women's,Lauren James,Ella Toone,97,64.8,102.7,71.5,8.79659,-2.1143418126017295,0.653571349498465,0.09589477166251754,-0.5576765778359474,1.2947831455152259,0.36954532493905473,-0.9252378205761711,2.2115249078741877,0.9191376660764098,-1.292387241797778,2.8446963138591443,8.146183415364586,1,0,2,0,2,0,0,0,1,0,1,1
3998858,243c049f-e422-424f-8d5c-1f7979f89a57,1,43,22,England Women's,Ella Toone,Lauren James,103.5,71.1,98.6,62.1,10.247438,4.442838124346569,0.2542953045074098,0.63981418545914,0.38551888095173026,0.6322905259760878,1.3366518492084503,0.7043613232323624,1.2184634323169032,2.2683884216021437,1.0499249892852405,5.233034764657234,2.9720893264691965,0,1,0,1,2,2,0,0,1,0,1,1
3998858,9be1430a-8706-4f7c-9096-4bf3f60180c4,1,43,24,England Women's,Lauren James,Ella Toone,99.2,63.2,117,54.2,19.945927,16.645505305419327,1.0086826432866507,0.17488432942414386,-0.8337983138625068,1.6753100655089492,0.6643681033099215,-1.0109419621990279,2.5290633619358016,1.6277661780332313,-0.9012971839025703,1.5599581047929454,6.628338255916822,1,0,2,0,2,1,0,0,0,1,1,1
3998858,c33471d0-5db5-4096-b940-24fd08513442,1,43,27,England Women's,Ella Toone,Alessia Russo,117.7,53.8,112.9,37.6,16.896152,6.495689050665212,0.20591483963256946,1.1521445271713258,0.9462296875387564,0.779256111692648,2.2567523998388506,1.4774962881462026,1.82206607459849,3.4958423570858357,1.6737762824873457,7.620341246809623,3.4476049496730172,0,0,0,3,1,6,0,0,0,1,1,1
3998858,6ee50e35-929f-46c3-8bde-17e1dda7dbb5,1,44,36,England Women's,Lauren James,Ella Toone,75.1,60.2,72.1,51.5,9.202717,-0.026498596352027448,0.3635589546695021,1.285240721199633,0.9216817665301309,0.7472547399070626,1.7813655849320502,1.0341108450249876,1.2987641617444456,2.3870422706709893,1.0882781089265436,3.5323655247495607,1.2849258008815947,0,2,1,2,1,2,0,1,0,0,0,0
3998858,8282c5c2-1fda-47eb-9265-0686f6697400,1,45,16,England Women's,Lucy Bronze,Lauren James,66.9,74.2,81.6,70.7,15.110923,13.997007091225228,0.2617647565511105,0.18110661922640175,-0.08065813732470872,0.5555198137907644,0.5770400502405157,0.021520236449751318,1.0424309480027856,1.2886004476171036,0.246169499614318,4.216512677851015,6.379675057668415,0,0,1,0,1,1,0,0,1,0,0,1
3998858,7e9f683f-ce48-4e26-bed9-96885bfa4820,1,45,22,England Women's,Lauren James,Ella Toone,77.5,66.2,84.2,67.3,6.789698,4.905407148357611,0.7693632612687573,0.5224962866338625,-0.24686697463489482,1.3968502012109403,1.1729868478089085,-0.22386335340203178,2.3587223381906264,2.090815497838669,-0.26790684035195733,1.7490330607958116,4.843127209455222,1,0,1,1,2,3,0,0,1,0,0,1
3998858,739937e6-087a-45ea-838b-9ac479a7d7df,1,45,24,England Women's,Ella Toone,Lucy Bronze,84.2,67.3,83.5,74.9,7.632169,-5.478659672528181,1.0114972732380414,0.1280052166796213,-0.8834920565584201,1.640608286565658,0.45629622007166,-1.184312066493998,2.4756633864479034,1.0648804872106206,-1.4107828992372828,1.6241419224307203,8.488860773280681,1,0,2,0,3,0,0,0,1,0,0,1
3998858,dca7ba2b-43a3-4222-8a12-0feb584e9a38,1,45,25,England Women's,Lucy Bronze,Lauren James,83.5,74.9,78.1,69.5,7.636753,-0.7430468733285807,0.1280052166796213,0.13787470340357086,0.00986948672394955,0.45629622007166,0.5783639356798589,0.1220677156081989,1.0648804872106206,1.4165458087729836,0.3516653215623631,8.488860773280681,9.222149321134316,0,0,0,0,0,0,0,0,1,0,0,1
3998858,f7352c91-2d90-4b05-b25b-0970c719d517,1,45,28,England Women's,Lauren James,Lauren Hemp,79.7,70.7,98.1,8.3,65.05628,12.13221546886129,0.7336976438902325,0.09207322896350818,-0.6416244149267243,1.3946514711719789,0.30120303822369615,-1.0934484329482828,2.335352447583632,0.7318605034257336,-1.603491944157898,2.217078710589115,7.365677910014587,1,0,1,0,3,1,1,0,1,0,1,1
3998858,0678784f-6d7c-4d15-bb71-de161c6b6a9d,1,46,14,England Women's,Alessia Russo,Lucy Bronze,107.7,65.6,101.2,67.6,6.8007355,-4.993025880743968,0.5159116010884504,0.1319883064608405,-0.3839232946276099,0.8762295308143723,0.5065185711648096,-0.3697109596495627,1.4499032848016185,1.1938764663880985,-0.25602681841351993,2.2371689444588148,7.90999231908884,1,0,1,0,1,1,0,0,1,0,0,1
3998858,105ed226-fb2a-4f26-89a2-57b23604baff,1,46,17,England Women's,Lucy Bronze,Alessia Russo,101.5,67.6,106.5,68.4,5.063596,1.7812965159676892,0.6779265110885461,0.2744240793822736,-0.4035024317062725,1.3882410910354528,0.7713145818589475,-0.6169265091765053,2.3126922557080727,1.5455526295738866,-0.7671396261341861,3.8518819347640028,5.9416780009526065,0,0,2,0,3,1,0,0,1,0,0,1
3998858,1fbe4b91-8a74-42e6-8561-d7687317e6f4,1,46,19,England Women's,Alessia Russo,Lauren James,106.1,68.4,103.5,66.7,3.1064448,0.23219981408358237,0.5666164704285724,1.0828193718947268,0.5162029014661543,1.1332021178701923,1.764953778886504,0.6317516610163116,1.9110491259882363,2.5881122399764855,0.6770631139882493,3.0804052834848745,2.3153485007222363,0,1,1,3,3,3,0,0,1,0,0,1
3998858,291c4eeb-2dab-4055-8a2b-578d1b82e394,1,46,19,England Women's,Lauren James,Alessia Russo,103.5,66.7,106.9,71.9,6.2128897,-3.0981292737690005,1.0828193718947268,0.48180251767060117,-0.6010168542241257,1.764953778886504,0.9951556527852564,-0.7697981261012475,2.5881122399764855,1.7127544893063797,-0.8753577506701058,2.3153485007222363,3.4567790153577134,1,0,3,1,3,2,0,0,1,0,0,1
3998858,85f820e3-4ed4-4649-8644-ffab30d7ebcf,1,46,20,England Women's,Alessia Russo,Lauren James,106.9,71.9,102.6,69.5,4.924429,0.2358356648634654,0.48180251767060117,0.9945194506681265,0.5127169329975254,0.9951556527852564,1.6029466868945912,0.6077910341093348,1.7127544893063797,2.3481805048560247,0.635426015549645,3.4567790153577134,1.9772839504547326,0,1,1,2,2,3,0,0,1,0,0,1
3998858,e3fa9c08-e7c5-42cb-9320-e604670334f4,1,46,21,England Women's,Lauren James,Lucy Bronze,102.6,69.5,94.3,73.8,9.347727,-8.211689643752223,1.2832896727947372,0.15690051365144758,-1.1263891591432895,1.853942974638631,0.5555060397669256,-1.2984369348717053,2.5470630945581614,1.306674697077743,-1.2403883974804184,1.6239701325430742,7.188996447954885,2,0,3,0,3,1,0,0,0,0,0,0
3998858,3a11d810-77d9-4a47-94c8-ccd50a2af6e9,1,46,48,England Women's,Georgia Stanway,Keira Walsh,74,55.3,68.8,49.6,7.7155685,-3.6144990631217624,0.7250788086988923,0.5498525080907051,-0.17522630060818722,1.339117784714435,1.1533316858830058,-0.18578609883142927,2.1394961505466674,2.010861178060266,-0.12863497248640154,2.799905568638905,2.9791877450187663,1,1,2,1,2,3,0,0,0,0,0,0
3998858,2b314f72-a2ea-4302-8e1c-1280556c5dd1,1,48,57,England Women's,Georgia Stanway,Jessica Carter,62.7,2.9,52.6,5.1,10.336827,-7.637741212050756,0.4046096944593077,0.03519475681082026,-0.3694149376484875,0.7278691207532949,0.18995874415018318,-0.5379103766031117,1.1729745728659873,0.5535001214213959,-0.6194744514445913,3.003154127411164,10.74680582558842,0,0,1,0,1,0,0,0,1,0,0,1
3998858,dfb4adad-93eb-439a-b117-cab2ca45ef4b,1,49,0,England Women's,Jessica Carter,Hannah Hampton,51.8,9.4,42.4,43.2,35.08276,-2.9157005200908515,0.03180524458822086,0.001263307356607827,-0.03054193723161303,0.1986404285338888,0.021808409545267374,-0.17683201898862144,0.602787759049295,0.11386612674996294,-0.4889216322993321,12.638228861632038,20.36164063848256,0,0,0,0,0,0,0,0,1,0,0,1
3998858,bd0b2add-b5c6-47c6-ba2e-759089bd347a,1,49,4,England Women's,Hannah Hampton,Lucy Bronze,43.5,44,92.1,74.6,57.431004,32.15711915907675,0.0018914487455429256,0.02796914134405307,0.026077692598510144,0.0283973640744227,0.13643546755543629,0.10803810348101359,0.13574276812868236,0.3971566168589377,0.26141384873025536,19.271487662680777,10.838304966915834,0,0,0,0,0,0,0,0,1,0,0,1
3998858,73db2f24-4594-4946-a4cc-d5ec2f0fb10a,1,49,9,England Women's,Lucy Bronze,Lauren James,92.1,74.5,101.9,72.2,10.06628,7.431121837140644,0.4727936623059158,0.6276402950644945,0.15484663275857868,0.8585720207009252,1.0534719412182643,0.19489992051733906,1.3797325587924913,1.6521107959415973,0.2723782371491059,2.9479906234569717,1.9933328416445657,1,1,1,1,2,2,0,0,0,0,0,0
3998858,2494d3a1-5b13-4539-98c5-74d8d1d2fb02,1,49,49,England Women's,Jessica Carter,Hannah Hampton,12.8,9.1,4,24,17.304625,-5.533694043239024,0.6144413087590729,0.07013978241414688,-0.544301526344926,0.7868913103867017,0.2692078036310943,-0.5176835067556074,1.0076326929056099,0.6378154488788265,-0.3698172440267834,1.4824757208314137,8.599293401698693,1,0,1,0,1,0,1,0,1,0,1,1
3998858,037f0e3e-094d-4060-8780-c09e6c1e05fd,1,49,51,England Women's,Hannah Hampton,Alex Greenwood,4,24,21,19.1,17.69209,15.916185718537562,0.07013978241414688,0.1694807113240978,0.09934092890995093,0.2692078036310943,0.5408397582663149,0.2716319546352206,0.6378154488788265,1.0643799901371331,0.4265645412583067,8.599293401698693,8.250409210853205,0,0,0,0,0,0,0,0,1,0,1,1
3998858,5e4256fb-dada-47a4-94fe-a4c2b4367fa9,1,49,53,England Women's,Alex Greenwood,Jessica Carter,20.5,18.8,8.1,19.2,12.40645,-12.083312494929743,0.9200793653673416,0.30153819248495717,-0.6185411728823844,1.4885891493649286,0.7307644488002005,-0.7578247005647281,2.038997118757864,1.2762538773143433,-0.7627432414435209,2.628129965577227,5.485588692289475,1,0,3,0,3,2,0,0,1,0,1,1
3998858,f426dad3-dd08-4496-b39f-c6747cf26547,1,49,55,England Women's,Jessica Carter,Hannah Hampton,8.1,19.2,5.8,34.2,15.175309,-0.5304519447324196,0.6060465334822708,0.1734610482763714,-0.43258548520589934,1.0804220255360237,0.5140092457034332,-0.5664127798325905,1.6041946757472332,1.0171469154309538,-0.5870477603162794,3.6043236193222796,7.273153986930295,0,0,2,0,2,2,0,0,0,1,1,1
3998858,c67b86bd-f801-4310-8984-72b1841d5e8a,2,45,9,England Women's,Lauren James,Jessica Carter,46.1,11.8,33.8,31.8,23.479565,-7.491420449434671,0.7279990769991709,0.06988680505824837,-0.6581122719409225,1.1790949993806321,0.2729443539895469,-0.9061506453910853,1.7704468336079937,0.7231103145411025,-1.0473365190668913,1.7134660335468068,8.257646636517789,1,0,1,0,2,0,0,0,1,0,0,1
3998858,07586887-751a-4752-ada1-2074f36da73b,2,45,11,England Women's,Jessica Carter,Leah Williamson,33.8,31.8,37.7,60.3,28.765604,1.822524027113218,0.07016088966934081,0.008581826186272824,-0.061579063483067985,0.26394566056811974,0.09562241754041052,-0.16832324302770924,0.6930457591113716,0.4173175700203121,-0.27572818909105945,8.176129397940468,16.17357960988055,0,0,0,0,0,0,0,0,0,0,0,0
3998858,ab881380-8bd9-4f65-8024-077fb26c7e2e,2,45,15,England Women's,Leah Williamson,Lucy Bronze,48,67.4,64.5,77.7,19.450964,9.943876692295476,0.016613748287918836,0.03829742314099646,0.021683674853077626,0.13967837906012465,0.18704812369728308,0.04736974463715843,0.5330177838931737,0.5595922530260683,0.02657446913289463,13.50658037827861,10.07744804513991,0,0,0,0,0,0,0,0,0,0,0,0
3998858,c9015daf-0154-416b-b66d-1890ba9bbec3,2,45,43,England Women's,Bethany Mead,Jessica Park,39.9,76.8,45.5,73.6,6.449806,6.4225876365704835,1.1696054600701504,0.4471572610661976,-0.7224481990039529,1.6064036558556969,1.0959302614130257,-0.5104733944426711,2.1935345669918194,1.9416834100551108,-0.25185115693670856,0.9716580952076941,5.11941141580629,2,0,2,0,2,3,1,0,0,0,0,0
3998858,76cec704-5f8f-40a5-b4a2-156d82581145,2,46,9,Wales W,Angharad James,Esther Morgan,66.9,7.7,63.7,3.3,5.440588,-5.053273264921955,0.37887132122565453,0.7350635556103267,0.3561922343846721,0.9512247881862531,1.3127222918189272,0.3614975036326741,1.800098753551768,2.0140180942290016,0.2139193406772335,5.533933071177983,3.0949759307664255,0,0,0,2,2,3,1,0,1,0,0,1
3998858,d496e597-c80a-463f-aee3-7be2fd7ae1d8,2,46,10,Wales W,Esther Morgan,Gemma Evans,63.7,3.1,47.2,14.9,20.285215,-9.690587803878032,0.804243561698502,0.05440164541044685,-0.7498419162880551,1.370600434018144,0.26249868544715477,-1.1081017485709892,2.0501119470207985,0.7291827135499558,-1.3209292334708427,2.9872186044615088,9.577374209602928,1,0,2,0,3,0,0,0,1,0,0,1
3998858,6fa5bd55-3843-4ea3-9b99-1b30e2eda7e5,2,46,13,Wales W,Gemma Evans,Rhiannon Roberts,43.5,16.2,36.9,35,19.924858,-3.1335579427488653,0.23981718298747035,0.02482470707009793,-0.21499247591737242,0.5027135526474329,0.14627178292844667,-0.3564417697189862,0.9230066776191009,0.4314483959861519,-0.491558281632949,4.392078767287353,12.039735089207793,0,0,1,0,1,0,0,0,0,0,0,0
3998858,4ac67d5a-2e7e-4e1d-b2a3-fe4b525da09e,2,47,29,England Women's,Jessica Carter,Alex Greenwood,4.7,13.4,6.4,5.2,8.374366,-0.4822059430676262,0.48679168140780593,0.4709391219205739,-0.01585255948723202,0.7119516364305657,0.883059130916335,0.17110749448576934,1.067375321287056,1.4235708166841197,0.35619549539706363,2.1902744463867414,3.313711718643442,1,0,1,1,1,2,0,1,1,0,0,1
3998858,f6640d9a-97d9-44c9-856e-dc5dde288fe6,2,47,48,England Women's,Jessica Carter,Keira Walsh,25.3,29.2,34.8,19.3,13.720787,7.635289327070922,0.001236196550164968,0.004552667823156327,0.0033164712729913588,0.025137077642586863,0.054239218660344576,0.029102141017757713,0.14527249424280125,0.2318996160720456,0.08662712182924434,20.850072429119766,17.663012045249697,0,0,0,0,0,0,0,0,1,0,0,1
3998858,34abfaf2-38e3-41f0-83c8-14f7504584d8,2,47,52,England Women's,Keira Walsh,Jessica Carter,41,19.7,41,39.2,19.5,2.5624254276601732,0.01181712977885751,0.005188546727939866,-0.006628583050917645,0.09771122593751783,0.06460772510036734,-0.03310350083715048,0.37576197520888016,0.3131234714030156,-0.06263850380586455,13.862967848295858,16.883592422748823,0,0,0,0,0,0,0,0,1,0,0,1
3998858,f6501e13-f7dc-4d56-b66f-740aa29c518f,2,47,55,England Women's,Jessica Carter,Leah Williamson,45.6,42.9,53,66.9,25.114935,2.258090181265203,0.006921135542177157,0.025541418346383318,0.018620282804206162,0.07737913169682085,0.15925127802628744,0.08187214632946659,0.3508669634828369,0.5299630035006888,0.1790960400178519,16.15556368521604,11.572170625522636,0,0,0,0,0,0,0,0,1,0,0,1
3998858,4104ddd8-0a77-48cc-b3bb-bdbe4a055a96,2,48,0,England Women's,Jessica Carter,Alex Greenwood,53.8,43,53.9,17.7,25.300198,-3.4923629314643705,0.05304862651954232,0.015140980987722942,-0.03790764553181938,0.2570803456458209,0.123535651273395,-0.1335446943724259,0.7362095165866265,0.4486679725488553,-0.28754154403777116,9.670483447773572,14.663155367905425,0,0,0,0,0,0,0,0,1,0,0,1
3998858,2ab2ad2f-f6a2-4985-9b87-d6e9c9f57c77,2,48,5,England Women's,Lauren James,Alex Greenwood,75.6,7.3,56.8,15.1,20.353868,-12.786181804432658,0.7365969023923384,0.016920857965824286,-0.7196760444265141,0.9480574267859814,0.13954497509816904,-0.8085124516878124,1.3027046698058116,0.49972659016338844,-0.8029780796424231,1.025519853460364,14.780066759904946,1,0,1,0,1,0,0,0,1,0,0,1
3998858,6c44a24c-1a15-46f3-8b93-085f01b9d268,2,48,7,England Women's,Alex Greenwood,Jessica Carter,57.3,15.4,55.9,38.4,23.04257,3.2332079552793545,0.02870934573238323,0.024587511705030343,-0.004121834027352889,0.17514240752655247,0.1692794854814525,-0.005862922045099972,0.5621973046101679,0.6005534241319126,0.03835611952174467,11.835642666575312,12.182442330708051,0,0,0,0,0,0,0,0,1,0,0,1
3998858,e409ceeb-fa76-4d2a-8861-ed03626b6839,2,48,11,England Women's,Jessica Carter,Leah Williamson,57.6,44,60.2,63.2,19.375242,-1.6145798204848418,0.049233721531054174,0.08964331584175661,0.040409594310702436,0.2509640602600661,0.28472579869692377,0.03376173843685765,0.743442548319292,0.6965401066251374,-0.046902441694154584,11.059859244050134,7.351125984260586,0,0,0,0,0,1,0,0,1,0,0,1
3998858,347b8cbe-e20c-49e1-acf6-205e08125dc2,2,49,42,England Women's,Jessica Park,Lucy Bronze,42.6,72.3,35.2,76.1,8.318654,-8.29501207548195,0.6844872208994431,0.38129758917601736,-0.3031896317234258,1.2270463324260212,0.8378644864120133,-0.38918184601400796,2.0079199666189416,1.4806798698184072,-0.5272400968005344,1.8600819373701034,4.775200563683882,1,0,1,1,2,2,0,1,1,0,0,1
3998858,24066339-a834-4fec-b8c4-d832454b6b6c,2,49,47,England Women's,Leah Williamson,Hannah Hampton,14.2,74.1,8.9,53.7,21.077238,-0.7819325922159237,0.12101834498304354,0.009942169806891268,-0.11107617517615227,0.338392927839757,0.0788399420057327,-0.2595529858340243,0.6997156206578252,0.2906509389961605,-0.4090646816616647,6.537373161019078,14.127395037541618,0,0,0,0,1,0,0,0,1,0,0,1
3998858,ca35a88e-2ac7-4eec-b015-0c9a56202f3a,2,49,50,England Women's,Hannah Hampton,Jessica Carter,10.5,48.2,16.7,36.6,13.152946,6.450664328175733,0.017828304585489684,0.008001327861133981,-0.009826976724355703,0.1119138157747757,0.08458477529719209,-0.02732904047758361,0.361476602644996,0.3315006638784674,-0.029975938766528598,12.379703450246623,16.391743723325227,0,0,0,0,0,0,0,0,1,0,0,1
3998858,3759fa6b-42d4-420b-a5d9-e0b646085a47,2,49,54,England Women's,Jessica Carter,Keira Walsh,23.7,35.4,34.4,40.9,12.030794,10.805071228523602,0.016235281898479833,0.2790543069821365,0.2628190250836567,0.11805286439531418,0.6125317457444655,0.4944788813491513,0.39018716020079564,1.0284813131283441,0.6382941529275485,13.483931675469837,4.7745424333937265,0,0,0,1,0,2,0,0,1,0,0,1
3998858,368049e2-96e4-4320-a595-34fb04069a5a,2,49,56,England Women's,Keira Walsh,Lucy Bronze,34.9,40.9,67.7,79.1,50.34958,19.804682404233517,0.21155045710378317,0.17109585067683966,-0.04045460642694351,0.48474587239565753,0.4812846155633345,-0.003461256832323012,0.8904447065708694,0.9421124471338386,0.05166774056296919,4.9646072741025655,7.376563438299765,0,0,1,0,1,2,0,0,1,0,0,1
3998858,51335669-f6ed-44db-8034-94856d5020fc,2,50,4,England Women's,Bethany Mead,Lucy Bronze,93.4,74.9,81.4,76.4,12.093387,-9.17450245290162,0.8902276695099067,0.04923134860204894,-0.8409963209078578,1.1938271955093758,0.23352204212301045,-0.9603051533863654,1.5653629215089013,0.6016591788221126,-0.9637037426867887,0.9210230080771142,10.18414787128491,1,0,1,0,2,0,1,0,1,0,0,1
3998858,38d36db1-f7ba-40c3-9bd9-ad9c883f9145,2,50,6,England Women's,Lucy Bronze,Keira Walsh,81,76.4,80.7,65,11.403947,6.769755370420718,0.16104487032607262,0.1396778604938975,-0.021367009832175127,0.4317706812664476,0.5424245670590406,0.11065388579259305,0.8492248505216465,1.2454307221388492,0.39620587161720267,5.859427199536641,8.290914441562725,0,0,0,0,1,0,0,0,1,0,0,1
3998858,b47d9071-4e8b-4003-8708-c7563752161b,2,50,8,England Women's,Keira Walsh,Bethany Mead,80.7,65,104.8,60.7,24.480604,20.89646823850706,0.1396778604938975,0.2795445476523073,0.1398666871584098,0.5424245670590406,0.7976240558552822,0.25519948879624155,1.2454307221388492,1.6713877416531437,0.42595701951429454,8.290914441562725,5.115215758760488,0,0,0,0,0,1,0,0,1,0,0,1
3998858,adc09ec4-f27b-4e1d-9b71-9807c3b948f0,2,51,9,England Women's,Jessica Carter,Keira Walsh,78.8,24.2,89.6,13.6,15.132746,3.8625949528096655,0.039797030538024,0.0449434167269947,0.005146386188970703,0.17881547791181454,0.22099119585674493,0.042175717944930385,0.5701316005973387,0.6614765310707642,0.09134493047342551,9.765927101146023,10.020555556103847,0,0,0,0,0,0,0,0,1,1,1,1
3998858,09b96d6a-b315-4371-a8a6-e18f3e39c66d,2,51,12,England Women's,Keira Walsh,Jessica Park,88.7,17.5,112.8,47,38.09278,28.50598012147475,0.14166253015145072,0.8744931229088733,0.7328305927574226,0.45782868265908755,1.5948893151397354,1.1370606324806478,1.0452949237978144,2.521013129228661,1.4757182054308466,7.391088873197055,1.9588687157407618,0,1,0,1,1,4,0,0,1,1,1,1
3998858,78e94203-89d4-4009-8350-a8547dc7c550,2,52,11,Wales W,Angharad James,Rhiannon Roberts,37.3,51.3,24.6,63.4,17.54138,-14.75946112900266,0.4735908820817771,0.021930724521194628,-0.4516601575605824,0.7675082477166779,0.12820929444276735,-0.6392989532739106,1.2058427848571895,0.3538963638498572,-0.8519464210073324,2.368614065471223,12.239926913279012,1,0,1,0,1,0,0,0,1,0,0,1
3998858,5dcdbf66-0c19-4d6b-b97d-d33a6dbef677,2,52,17,Wales W,Rhiannon Roberts,Carrie Jones,36.9,73.7,52.1,66.3,16.90562,16.857775589931677,0.7614668058539814,0.5052752565934207,-0.25619154926056076,1.1162077229172778,0.8615861195675706,-0.2546216033497072,1.4945055596883634,1.3584834218835686,-0.13602213780479477,1.7126268001657194,2.3341631248852104,1,1,2,1,2,1,1,0,1,0,0,1
3998858,143a935a-a216-4e73-b658-53e88f6c88c2,2,52,34,England Women's,Jessica Carter,Hannah Hampton,16.7,14,4.6,24.1,15.761345,-9.968432371171104,0.720590949349782,0.8657048763325729,0.1451139269827909,1.0680574838561347,1.1286004735602821,0.0605429897041474,1.5410413839157304,1.4798811911034613,-0.06116019281226914,1.4938942873578385,0.7767346094752221,1,1,1,1,2,2,0,0,0,0,0,0
3998858,87d2f247-1be5-48a5-8339-0d394b146551,2,53,32,England Women's,Keira Walsh,Leah Williamson,42.7,20.2,31.5,25.9,12.56702,-9.820630320094608,0.4708311567189087,0.5209642167593791,0.05013306004047041,1.0907643852089755,0.906774650557327,-0.18398973465164847,1.9651222239002286,1.5187168623187837,-0.44640536158144495,4.245255362013099,2.2812310364852357,0,1,1,1,2,1,0,0,1,0,0,1
3998858,8fe5b713-6967-4a72-ada6-b879c4f5cbbc,2,53,33,England Women's,Leah Williamson,Jessica Park,32.5,24.8,43,34.3,14.159802,11.59973026682556,0.520964258375369,0.5286936134158755,0.007729355040506536,0.906774678477797,1.150292754864325,0.2435180763865279,1.5187168747744466,2.008953988332961,0.4902371135585142,2.2812307545820585,3.1094391054959765,1,0,1,1,1,2,0,0,1,0,0,1
3998858,3191c0c6-0e51-4e1a-83ef-f76b1a8c4816,2,53,34,England Women's,Jessica Park,Lucy Bronze,42.2,33.9,32.1,49.9,18.921152,-10.416979235446846,0.5286938821466084,0.06383612368981258,-0.46485775845679583,1.1502930459107221,0.28515879791926013,-0.865134247991462,2.0089542835825096,0.7505706743521697,-1.2583836092303398,3.109436884086134,9.802815333258785,0,0,1,0,2,0,0,0,1,0,0,1
3998858,3df391db-cd55-4fcd-ae58-21cbb36cd550,2,53,37,England Women's,Lucy Bronze,Leah Williamson,32.1,49.9,29.2,34.5,15.670673,-2.510670726421523,0.1304848886309648,0.008466986370831911,-0.12201790226013288,0.4000204905485819,0.0915748492285877,-0.3084456413199942,0.8707052897224928,0.3971274499112577,-0.47357783981123514,6.757142468577233,15.213412579528221,0,0,0,0,1,0,0,0,1,0,0,1
3998858,7a5220aa-6b60-45e2-b4f4-c7910d2fbe1d,2,53,39,England Women's,Leah Williamson,Keira Walsh,29.2,34.5,36.6,39.2,8.766413,7.562585534412918,0.008629983154702838,0.04603115944821824,0.0374011762935154,0.09197795155668728,0.24941798199916035,0.15744003044247307,0.39772216873190114,0.705530784823278,0.3078086160913769,15.138786661815312,11.448584517910373,0,0,0,0,0,0,0,0,1,0,0,1
3998858,dd8043d9-33fe-4edf-a15a-696affa0602d,2,53,44,England Women's,Keira Walsh,Jessica Carter,44.4,44.4,43,23.5,20.946838,-3.020081768183843,0.04704074981925647,0.016103945116931338,-0.03093680470232513,0.24344378450250964,0.12065361543227861,-0.12279016907023103,0.6988622546452739,0.4341323274615998,-0.26472992718367405,10.651779970201932,13.02190064981235,0,0,0,0,0,0,0,0,1,0,0,1
3998858,d6f37086-fc23-4079-a346-a47cb81c3747,2,53,47,England Women's,Jessica Carter,Leah Williamson,49.4,23.5,46.9,41.5,18.172781,-0.6129055410812896,0.06832601959256532,0.018302693671491118,-0.050023325921074197,0.2571853882445665,0.13213286429952215,-0.12505252394504435,0.6755530222456577,0.4684086315836538,-0.2071443906620039,8.252206790484145,13.142107158882334,0,0,0,0,0,0,0,0,1,0,0,1
3998858,1a88ec5e-6620-42bc-9f91-b0bfdddd0ae5,2,53,52,England Women's,Leah Williamson,Jessica Carter,56.3,42.6,65.4,18.8,25.480385,5.18171510152542,0.11846573050580707,0.030936175852569713,-0.08752955465323736,0.4036856521356302,0.20222289582462866,-0.20146275631100152,0.9666906057700205,0.6728046123167787,-0.29388599345324184,7.236450606924285,11.872401248481397,0,0,0,0,1,0,0,0,1,0,0,1
3998858,a364e6d6-fc2c-49ee-8d89-59bf085b1c2c,2,53,55,England Women's,Jessica Carter,Lauren James,70.2,18.8,90.8,4.9,24.850956,8.466703358418641,0.16741473806901752,0.30611891165172667,0.13870417358270914,0.5193430661990195,0.6074778334858743,0.08813476728685476,1.2143753680968172,1.070660368643086,-0.14371499945373123,6.027632957962722,3.820568880934726,0,0,0,1,1,1,0,0,1,0,0,1
3998858,102aaba3-b549-4929-b80f-900283a36bcd,2,53,58,England Women's,Lauren James,Georgia Stanway,91.2,6.4,93.4,13.4,7.3375745,6.635732635881531,0.5099126991912045,0.5788202638177881,0.06890756462658354,0.9140812132309518,1.1878419814398375,0.27376076820888573,1.4405983703440786,1.9585152128809686,0.5179168425368901,3.0841116243700277,3.982912506687698,0,0,1,1,2,3,0,0,1,0,0,1
3998858,a6610777-af17-4e0a-bd97-5506afad2895,2,53,59,England Women's,Georgia Stanway,Lauren James,92.9,15.1,87.4,12.3,6.1717095,-5.976638103238038,0.5788202702175818,0.922921124444839,0.3441008542272572,1.187841996620806,1.5146148344090233,0.3267728377882173,1.958515217088054,2.234838138919841,0.27632292183178686,3.982913213374525,2.287639721889335,0,1,1,2,3,3,0,0,1,0,0,1
3998858,a91ce753-22ac-45d3-8236-6025f664d5ff,2,54,0,England Women's,Lauren James,Alex Greenwood,86.5,12.1,79.6,6.9,8.640023,-8.631498096314758,1.1859743903236275,0.09014627064986426,-1.0958281196737631,1.6964528683580258,0.3757600084275233,-1.3206928599305026,2.3942374031144746,0.9577194191260943,-1.4365179839883804,1.1942986229141765,8.798890396813517,2,0,2,0,2,0,0,0,1,0,0,1
3998858,03cbd741-73fc-417c-a095-b2b0e23ebe36,2,54,2,England Women's,Alex Greenwood,Lauren James,79.3,6.8,91.3,6.4,12.006665,8.334814251218596,0.19727062785153593,0.24471177679068945,0.04744114893915352,0.5466304799929591,0.6473662833091314,0.10073580331617227,1.1566437027790843,1.3009442049071334,0.144300502128049,5.546524197408159,5.570678014650183,0,0,0,0,1,2,0,0,1,0,0,1
3998858,4da29b3c-afe1-4389-af5f-7c42928ed43d,2,54,22,England Women's,Leah Williamson,Hannah Hampton,29.5,22.3,36.1,53.7,32.086136,7.20346518407581,0.002147884237777912,0.0013168401870061412,-0.0008310440507717709,0.026450814292642955,0.02704553512303487,0.0005947208303919149,0.11684906578652589,0.1570393168706731,0.04019025108414721,18.457970411251193,21.49012137275317,0,0,0,0,0,0,0,0,1,0,0,1
3998858,92cbcdab-1488-4eab-a7b1-87110eb99001,2,54,27,England Women's,Hannah Hampton,Alex Greenwood,39,60.4,34.9,52.1,9.257429,-2.426522912034457,0.012653552850650255,0.008509285702272445,-0.00414426714837781,0.0973711136165926,0.07311225964333554,-0.02425885397325707,0.340673479900214,0.2796718571019048,-0.06100162279830923,13.936318641872603,14.600710751921556,0,0,0,0,0,0,0,0,1,0,0,1
3998858,674b839e-d518-4d00-9c29-2082d26af502,2,54,29,England Women's,Alex Greenwood,Leah Williamson,36.5,50.8,37.3,24.2,26.612028,-0.0002375419210380869,0.008737594804283298,0.005794476451726456,-0.002943118352556841,0.07652317106049193,0.05461764957570522,-0.021905521484786715,0.29251833197850624,0.20928973209686086,-0.08322859988164538,14.673118539536652,15.769781199190042,0,0,0,0,0,0,0,0,1,0,0,1
3998858,054caaed-26ab-45e2-aeda-68f6b665040e,2,54,37,England Women's,Leah Williamson,Jessica Carter,50.3,24.6,70.9,5.2,28.296997,11.19921200379249,0.14821290570237258,0.064655525392653,-0.08355738030971958,0.3706953375289054,0.21728444822412246,-0.15341088930478292,0.7403321086160134,0.523349986531705,-0.21698212208430845,5.833993281860228,8.278619421372149,0,0,0,0,1,0,0,0,0,0,0,0
3998858,07b2ace4-9947-4b60-a9b1-11652779adee,2,55,6,Wales W,Josie Green,Rhiannon Roberts,70.7,75.6,42.9,64.4,29.97132,-20.058894589685487,0.10129841506909912,0.0746383873448703,-0.02666002772422882,0.3848940772719029,0.22271461742626403,-0.16217945984563886,0.925266470672583,0.4621496917146971,-0.46311677895788594,7.9262539919161545,7.807380271248243,0,0,0,0,1,1,0,0,1,0,0,1
3998858,75b82842-5e3e-462f-86a3-a02916f44afd,2,55,14,Wales W,Gemma Evans,Olivia Clarke,35.8,26.8,22.2,40.6,19.375242,-12.573441450618915,0.10449813946514208,0.07939472294194501,-0.025103416523197072,0.2743423147820599,0.21968202993753064,-0.054660284844529256,0.5467011697375224,0.4036120619266066,-0.14308910781091577,6.792113124412798,7.600211854211853,0,0,0,0,1,1,0,0,1,0,0,1
3998858,476a2d6c-39b5-4a38-9190-a54a7786eeb4,2,55,15,Wales W,Olivia Clarke,Gemma Evans,22.2,40.6,31.7,26.8,16.753805,8.520655445502072,0.07939472294194501,0.07403704258252411,-0.005357680359420899,0.21968202993753064,0.22104542755465736,0.001363397617126727,0.4036120619266066,0.4557541732775063,0.05214211135089969,7.600211854211853,7.8277705820433585,0,0,0,0,1,1,0,0,1,0,0,1
3998858,6dcbe16d-870c-4130-82d4-8f74dc201fd0,2,55,18,Wales W,Gemma Evans,Olivia Clarke,36.9,27.2,24.6,42.7,19.787369,-11.358178491021846,0.13037238024745085,0.0071527278841316605,-0.1232196523633192,0.34271788040713363,0.0563381991636793,-0.28637968124345436,0.699868171819329,0.20340236601479467,-0.49646580580453437,6.202067359897178,14.866287876546206,0,0,0,0,1,0,0,0,1,0,0,1
3998858,ad0ee1a7-1f99-40d6-b715-c2e6e5f15ecb,2,55,21,Wales W,Olivia Clarke,Rhiannon Roberts,27.6,43.9,36.7,62.4,20.616983,6.223066163164248,0.02132629561218463,0.031640214837627745,0.010313919225443113,0.10502283522687282,0.14191273720403028,0.036889901977157455,0.284855905923555,0.36032852511493857,0.0754726191913836,11.56733106024284,10.48888223305131,0,0,0,0,0,0,0,0,0,0,0,0
3998858,847d7dee-3849-416c-b31d-2cf38b82f7c8,2,55,24,Wales W,Rhiannon Roberts,Carrie Jones,37.5,62.4,62.8,64.4,25.37893,23.300084258299826,0.13380236574609597,0.5838425067477554,0.45004014100165946,0.32606881672942056,1.0019110111448455,0.6758421944154249,0.5908062056830861,1.5445431240687326,0.9537369183856466,6.099562070178776,2.2970066100555395,0,1,0,1,1,2,0,0,0,0,0,0
3998858,b06e0954-af4c-4e96-b010-9dd2dec12d55,2,55,28,England Women's,Alex Greenwood,Georgia Stanway,53.8,6.9,67.6,19.2,18.48594,17.636549658718195,0.5918427731263062,0.7883595655772084,0.19651679245090226,0.9219990036482956,1.2195200707710934,0.2975210671227978,1.3711799411456804,1.8344541930628473,0.46327425191716687,1.867356314352735,1.315799003243055,1,1,1,1,1,2,0,1,0,0,0,0
3998858,a43d9daf-c018-4cf9-b529-a9aa99babedc,2,55,29,England Women's,Georgia Stanway,Lauren James,68.1,19.7,61.7,18.8,6.4629717,-6.306101895571793,0.7883595655772084,0.33505420665840513,-0.4533053589188033,1.2195200707710934,0.8475093195066848,-0.3720107512644085,1.8344541930628473,1.5593550552919295,-0.27509913777091777,1.315799003243055,5.762609829549737,1,0,1,0,2,2,1,0,0,0,0,0
3998858,706465e6-d74f-474a-9cf4-506e9a976035,2,55,30,England Women's,Lauren James,Alessia Russo,62.1,15.9,78,21.9,16.994411,16.98126593303609,0.7775159993069144,0.919558007560489,0.1420420082535746,1.3370427380766348,1.4050124239487132,0.06796968587207841,2.0099389595867048,2.148537052227394,0.13859809264068934,2.9444916392047458,0.7354359377421509,1,1,2,1,2,1,1,0,0,0,0,0
3998858,d8084eac-734b-4b57-92c6-cc06a4c7f5ea,2,56,54,England Women's,Jessica Park,Jessica Carter,87.9,76.6,73.3,66.4,17.81011,-4.963258618227378,0.31257742448053605,0.004405073991703955,-0.30817235048883207,0.5880332857078572,0.05642265153717245,-0.5316106341706848,0.9975837630220896,0.2736737115476357,-0.7239100514744539,3.6300994628368426,16.815941080477142,0,0,1,0,1,0,0,0,1,0,0,1
3998858,e3e34775-5447-4928-a54a-dc58107412dd,2,56,58,England Women's,Jessica Carter,Keira Walsh,73.1,66.4,76.6,59.8,7.470609,6.116542533303807,0.042239542986925165,0.14618943229426418,0.103949889307339,0.20373349221612255,0.5790732327410979,0.3753397405249753,0.5838409042896712,1.3957129843534852,0.8118720800638141,9.863483053913397,7.970389295893998,0,0,0,0,0,1,0,0,1,0,0,1
3998858,1c7b0233-eed9-4308-b4b9-6bb968cbeca5,2,56,59,England Women's,Keira Walsh,Georgia Stanway,77.1,59.8,80.4,66.2,7.2006946,-0.2338188935837806,0.2986292386658387,0.3357614702512918,0.037132231585453146,0.8459478066277011,0.8912323313287727,0.04528452470107158,1.7164608317279977,1.7529128640080383,0.03645203228004057,5.447164083618865,5.307608502827746,0,0,0,0,2,2,0,0,1,0,0,1
3998858,9289bc21-6e11-4a08-a82e-c2d1464429d6,2,57,1,England Women's,Georgia Stanway,Leah Williamson,81.4,66.2,98.2,75.1,19.011839,5.333020544116714,0.3625006150779544,0.07384143871750176,-0.28865917636045263,0.8881840820702565,0.2757036122123265,-0.61248046985793,1.7200281288358794,0.7139570821206198,-1.0060710467152596,4.057258779724182,8.125090640686757,0,0,1,0,1,0,0,0,1,0,0,1
3998858,4cc0163e-4a33-4d13-858d-e484ebd0efac,2,57,4,England Women's,Leah Williamson,Jessica Park,97.9,75.9,91.3,76.8,6.661081,-4.511210404643506,0.13480014684800476,0.07050966911955964,-0.06429047772844512,0.40354652958347,0.3519813293284446,-0.05156520025502537,0.9098363184840096,0.931278891610402,0.021442573126392417,6.337666317498919,10.659591578556444,0,0,0,0,1,0,0,0,1,0,0,1
3998858,31c0990f-9b98-4f0a-9299-90ac18cdbb87,2,57,6,England Women's,Jessica Park,Keira Walsh,91.3,76.8,105,60.4,21.369371,21.34716017533753,0.4755025559057776,0.5072371422386146,0.03173458633283699,1.0024501865927526,1.1545477381251097,0.15209755153235704,1.7034938910008335,2.1269245721476335,0.42343068114680005,3.356191563625201,3.3440881374488276,0,0,1,1,2,2,0,0,0,0,0,0
3998858,ed42459a-84a8-493e-8d06-2f594ea739e4,2,57,7,England Women's,Keira Walsh,Bethany Mead,105.6,59.8,102,56.3,5.020956,0.19911340019109858,0.5072369415575847,1.12527379705951,0.6180368555019252,1.154547547916742,1.9691291755165587,0.8145816275998168,2.1269243866043728,3.0926926325695345,0.9657682459651618,3.34409017121903,1.750521520418718,0,1,1,2,2,3,0,0,0,0,0,0
3998858,4e7d7aee-046f-4c93-8538-63a7345eca43,2,57,37,England Women's,Bethany Mead,Lucy Bronze,114.9,71.6,109.1,78,8.637129,-7.523486770980234,0.5060140038014573,0.3932609183462787,-0.11275308545517865,0.9188829103466581,0.6997029460035316,-0.2191799643431266,1.6482620841115858,1.2492439094431458,-0.39901817466844003,2.3505269346505004,2.9187480976345066,1,1,1,1,1,1,1,1,1,0,0,1
3998858,14441bd4-e269-4e7e-b81d-94c58ac694e4,2,57,45,England Women's,Georgia Stanway,Keira Walsh,90.5,77.2,90.1,70.2,7.0114193,4.979610719875581,0.34636292975216926,0.4655182524838778,0.11915532273170854,0.7872471434582491,1.0644630149341998,0.2772158714759507,1.4558578460561797,1.9232030457134064,0.46734519965722665,4.164259789750703,4.585025713088169,0,0,1,2,2,2,0,0,1,0,0,1
3998858,bad7693d-4046-4681-b325-7846f147a546,2,57,47,England Women's,Jessica Park,Keira Walsh,94,70.2,89.9,70.7,4.1303754,-3.1439660806159964,0.7552714943331043,0.6363465422312421,-0.11892495210186216,1.5994381947598642,1.3741332434431703,-0.2253049513166938,2.647952165126032,2.3383572941862845,-0.3095948709397476,2.8058836279279964,3.878387401603762,1,0,1,2,3,2,0,0,1,0,0,1
3998858,ef163461-d1f9-48a2-99d7-4e9d66f9c938,2,57,47,England Women's,Keira Walsh,Georgia Stanway,90,70.7,88.7,78.5,7.9075913,-6.6937047253693365,0.8036007748067011,0.3594961906557866,-0.4441045841509145,1.5409788705636027,0.7843962288285546,-0.7565826417350481,2.5045536686593004,1.4037780534717588,-1.1007756151875416,2.089231037898287,4.0895599630769395,1,0,1,1,2,2,0,0,1,0,0,1
3998858,0829ebdb-b1f1-4e88-a3a2-c1d5e286677f,2,57,48,England Women's,Georgia Stanway,Leah Williamson,88.2,77.4,72,69.8,17.894133,-7.406390727821531,0.6942196757804256,0.10717798233430903,-0.5870416934461167,1.2253513256029502,0.3419528411763648,-0.8833984844265854,1.9565519068982533,0.807808204199856,-1.1487437026983973,2.0044044486648844,6.9829461791979766,1,0,1,0,2,1,0,0,1,0,0,1
3998858,77288b6c-ef47-4d5a-9206-f7ff223a0041,2,57,50,England Women's,Leah Williamson,Jessica Carter,70.6,69.4,69.2,55.2,14.268847,4.461417121376492,0.1071780371152193,0.049847477632644986,-0.05733055948257431,0.34195294475660837,0.24209466420550066,-0.09985828055110771,0.8078083483574878,0.7095395906915303,-0.09826875766595755,6.982944664706664,9.569658974283325,0,0,0,0,1,0,0,0,1,0,0,1
3998858,25b235c0-a459-4991-a258-87a0699a338f,2,57,54,England Women's,Jessica Carter,Leah Williamson,66.4,48.7,66.4,67.3,18.6,-5.8504177993279995,0.36680139889491564,0.02790489809022939,-0.33889650080468625,0.7407669567607152,0.19104481409057947,-0.5497221426701357,1.3360755689597872,0.6334835579362076,-0.7025920110235796,3.458414699097249,12.55792005204749,0,0,1,0,1,0,0,0,1,0,0,1
3998858,93bfdb5d-d639-4eb6-836a-2cf0863c6442,2,57,58,England Women's,Leah Williamson,Jessica Carter,66.2,67.3,63.4,44,23.467638,3.5890081578674824,0.05968036589580129,0.030246375156128862,-0.02943399073967243,0.27150194542631184,0.19129138475359325,-0.08021056067271859,0.7578211099148732,0.630118997259385,-0.12770211265548814,9.116297512639123,11.188364497524983,0,0,0,0,0,0,0,0,1,0,0,1
3998858,2eb59439-ec44-42b3-b3e7-a32abaf2bcba,2,58,0,England Women's,Jessica Carter,Alex Greenwood,64.6,44.4,66.7,20.2,24.290945,-1.2844057841294614,0.04234165703440114,0.009995367627321027,-0.03234628940708011,0.21925132733595168,0.09970074354453394,-0.11955058379141774,0.6641063581038588,0.41908251497848026,-0.2450238431253785,9.952884685637963,15.450268989130313,0,0,0,0,0,0,0,0,1,0,0,1
3998858,373cb739-4407-479a-8f70-c686b13fc078,2,58,2,England Women's,Alex Greenwood,Jessica Park,66.8,20.2,75,23.7,8.915716,8.903976791582238,0.026232756027421505,0.550299766787152,0.5240670107597305,0.17027885535708256,0.9943284019023537,0.8240495465452712,0.5769193167551566,1.6794927462242097,1.1025734294690532,11.817572240323177,2.352346016094535,0,1,0,1,0,1,0,0,1,0,0,1
3998858,fe2050d0-db9f-4987-9734-b67c5d76fa86,2,58,5,England Women's,Jessica Park,Chloe Kelly,77.2,15.9,81.7,6,10.874742,-2.095424501653106,0.5567492299369549,0.25041627821938256,-0.3063329517175723,0.9755632106332451,0.5553396301587272,-0.4202235804745179,1.5924706059477525,1.0407903867077222,-0.5516802192400303,2.4121535058280603,4.521341802537418,1,0,1,1,2,1,1,0,1,0,0,1
3998858,d941345e-bbd8-494b-917d-eaad3ebc9c29,2,58,7,England Women's,Chloe Kelly,Alex Greenwood,81.7,6.5,65.5,8.6,16.335545,-12.014817514331199,0.5119608585275762,0.004450463293407445,-0.5075103952341687,0.821781763071857,0.04738886929350117,-0.7743928937783559,1.3204585944087697,0.2169856190332416,-1.1034729753755281,2.2074037853089723,16.40358397777134,1,0,1,0,1,0,0,0,1,0,0,1
3998858,5f57a469-ba45-43af-a1f4-575f16ce17b3,2,58,10,England Women's,Alex Greenwood,Jessica Carter,65.4,8.6,53.9,31.8,25.893822,-3.621603748750651,0.011437034496753548,0.010140983392819086,-0.001296051103934463,0.08744801715048614,0.09465099932360586,0.0072029821731197236,0.32809186423254605,0.38492749089606304,0.05683562666351699,13.672357628371254,15.59603058525055,0,0,0,0,0,0,0,0,1,0,0,1
3998858,d6775ccd-2333-44b1-9416-d781b32e0f5f,2,58,12,England Women's,Jessica Carter,Leah Williamson,59.3,35.4,69.2,60.7,27.167995,6.018512749683772,0.01690549737092026,0.03895502140139908,0.022049524030478822,0.13167711241107663,0.1897169147602494,0.058039802349172775,0.4959452321331338,0.6023586038006857,0.10641337166755194,14.154799059516478,9.943191710650648,0,0,0,0,0,0,0,0,0,0,0,0
3998858,d99538ee-cfa0-4d62-b7a1-75541859b853,2,58,30,Wales W,Olivia Clarke,Gemma Evans,17.4,37.2,22.8,24.5,13.800363,4.210103934042863,0.004208505203817669,0.012376326690539964,0.008167821486722295,0.04399635163628151,0.08824403739044677,0.04424768575416526,0.19577945528324475,0.30207498846926367,0.10629553318601892,16.505091609742976,13.477762173742054,0,0,0,0,0,0,0,0,1,0,0,1
3998858,5c99a7a9-866e-4312-87fe-9ccad6648dda,2,58,34,Wales W,Gemma Evans,Angharad James,25.7,24.5,36.5,33.9,14.3178215,11.842852417982584,0.05975540185364419,0.9634366112519227,0.9036812093982786,0.22461393512248412,1.2631675259545712,1.038553590832087,0.5665285544459062,1.7384651821596924,1.1719366277137861,8.608442992412016,0.3922633528605536,0,1,0,1,0,1,0,0,1,0,0,1
3998858,91bbfc5f-f279-42cb-9dff-dd896963c487,2,58,39,Wales W,Gemma Evans,Ceri Holland,23.9,15.1,43,11.2,19.494102,17.063728919234478,0.6430349672548505,0.9527342404546085,0.309699273199758,1.0078466474893115,1.3768526855549315,0.36900603806561993,1.4951806401038954,2.0502476351777275,0.5550669950738321,1.6850819901368852,0.5561414250620669,1,1,1,1,1,1,1,0,0,0,0,0
3998858,7772f731-9102-4196-989e-ee0ba3ac7b9f,2,58,43,England Women's,Jessica Park,Lucy Bronze,80.9,61.6,80.7,68.5,6.902898,-3.876702009167822,0.4291617117130321,0.30314430368764195,-0.12601740802539013,0.8807562190763538,0.8131560258196882,-0.06760019325666566,1.5375539637487332,1.503914131554755,-0.03363983219397815,3.1305055303633944,6.2663456101528325,0,0,1,0,1,3,0,0,1,0,1,1
3998858,36c0c365-6a8a-4502-bee7-f3d1a83c0bd3,2,58,44,England Women's,Lucy Bronze,Keira Walsh,80.7,68.5,77.1,65.8,4.5,-1.51419684994395,0.23030364227911884,0.08145479103035251,-0.14884885124876635,0.5926609848494786,0.35653177689359505,-0.23612920795588355,1.1011335606889276,0.928905236438822,-0.1722283242501057,5.950752312427074,9.323564639209652,0,0,0,0,2,0,0,0,1,1,1,1
3998858,dff2c3c3-7ace-4cd0-81ae-d81704ac21e2,2,58,45,England Women's,Keira Walsh,Agnes Beever-Jones,76.7,65.2,94.6,60.7,18.456978,17.3326027434479,0.4665275494337371,0.6366144020826427,0.17008685264890566,0.9643316590445383,1.2746168810529381,0.3102852220083998,1.7588384705817908,2.1427535881054665,0.3839151175236757,2.9448778250572354,3.370841509202175,1,0,1,2,1,3,1,0,1,1,1,1
3998858,1b320af7-1fc1-4524-b795-4c23eafbd705,2,58,47,England Women's,Agnes Beever-Jones,Georgia Stanway,101.2,57.4,113.2,48.5,14.940214,14.73108979260092,0.9500357393717197,1.2196750510448173,0.2696393116730976,1.6789686020594115,2.1267149590969483,0.44774635703753685,2.556595683856355,3.1491103682056014,0.5925146843492466,2.808584660280807,2.5545361678625698,2,1,2,3,3,4,0,0,1,1,1,1
3998858,ba727177-0f6b-4823-8db0-a9b1da4a40b7,2,58,53,England Women's,Agnes Beever-Jones,Bethany Mead,107.3,49,106.8,63.9,14.908387,-11.737262897305028,1.559061984653636,0.08240717073490476,-1.4766548139187312,2.511110140213564,0.3814037597386705,-2.1297063804748935,3.573352945361734,1.0146580242260719,-2.558694921135662,1.4992899043789538,8.926844241480602,2,0,3,0,4,0,0,0,1,0,0,1
3998858,a8c281f6-36eb-4f58-949d-44a0179c54dc,2,59,41,England Women's,Keira Walsh,Bethany Mead,78.3,5.9,53.9,21.5,28.960663,-14.772645894953719,0.36236619449744023,0.02983939712466652,-0.3325267973727737,0.7219796981561137,0.18048559874655562,-0.5414940994095581,1.1463867785061503,0.5605414733608742,-0.5858453051452761,4.530064312761265,11.799073270067671,0,0,1,0,2,0,0,0,1,0,0,1
3998858,28ed9364-6e77-428d-8a2f-82a3e0de7ff5,2,59,44,England Women's,Bethany Mead,Hannah Hampton,49,19.8,31.2,39.7,26.699251,-14.982893680923198,0.06770400306005299,0.00487893176731207,-0.06282507129274092,0.2635287722847758,0.05678743275784913,-0.20674133952692664,0.5865533598186567,0.23764002504455906,-0.3489133347740977,9.475590782245531,17.161507567869542,0,0,0,0,0,0,0,0,1,0,0,1
3998858,7e6c1e01-85a1-4255-9729-123851f03b6a,2,59,47,England Women's,Hannah Hampton,Leah Williamson,31.5,40.9,67.2,71.4,46.95466,27.07331375334398,0.006138491476323775,0.15383465160981125,0.14769616013348746,0.06740403506219475,0.4360740934185559,0.36867005835636113,0.2825441411801672,0.9375606168811216,0.6550164757009544,16.32010459205609,6.006709392194786,0,0,0,0,0,1,0,0,1,0,0,1
3998858,41fac27a-15c8-4a21-868f-9bbb760ba380,2,59,50,England Women's,Leah Williamson,Lucy Bronze,67.2,71.4,68.1,57.3,14.128695,6.723858878617769,0.21549446483460594,0.9682145167820198,0.7527200519474138,0.5328990914142644,1.5191789599303172,0.9862798685160528,1.0601219209645663,2.3092764586860324,1.2491545377214661,5.00404740889285,1.1829816139817406,0,1,0,2,1,2,0,1,1,0,0,1
3998858,e8894d0b-3dec-4f48-a24e-279d807bad3f,2,59,53,England Women's,Lucy Bronze,Jessica Park,65.9,59.5,52,72.7,19.168985,-17.94685015946404,0.6214407640024643,0.020728857637578084,-0.6007119063648863,1.2618791270880223,0.15974620303329684,-1.1021329240547255,2.1207657126846904,0.5651208554216882,-1.5556448572630022,2.8010896226152884,12.973350175751346,1,0,1,0,3,0,0,0,1,0,0,1
3998858,4f8409f1-ea47-4f1c-a35c-ad72fe0d2c21,2,59,56,England Women's,Jessica Park,Leah Williamson,52.4,72.7,57.3,76.6,6.2625875,2.492988417905451,0.01673982121657072,0.017696454014988153,0.0009566327984174318,0.14362883112716085,0.14401622950252488,0.00038739837536402866,0.534669778041856,0.5242552217117279,-0.01041455633012811,13.727943660334477,13.686757778158592,0,0,0,0,0,0,0,0,1,0,0,1
3998858,d570bd82-35d0-4f69-bc6c-be48f4e40cdf,2,59,59,England Women's,Leah Williamson,Jessica Park,57.3,76.6,53.2,74.5,4.6065173,-2.582423468934934,0.05965554936847322,0.030418145695512853,-0.029237403672960367,0.26684340904514775,0.18798106738238907,-0.07886234166275868,0.732985022442754,0.6006592757680019,-0.13232574667475205,9.055918873592775,11.546663208135906,0,0,0,0,0,0,0,0,1,0,0,1
3998858,94a8a980-c07e-41a8-8064-7817af3ee4d9,2,60,1,England Women's,Jessica Park,Leah Williamson,53.2,74.5,48.2,71.4,5.8830266,-3.182765569961333,0.022244547069956152,0.028643184395987488,0.006398637326031336,0.1561320155715327,0.17351899407319113,0.017386978501658434,0.5363588581080182,0.563161469721163,0.02680261161314479,12.373034455042712,11.331182062697595,0,0,0,0,0,0,0,0,1,0,0,1
3998858,74772eca-f091-4a91-85b6-9c56b2862cef,2,60,4,England Women's,Leah Williamson,Keira Walsh,48.6,68.5,56,55.2,15.220053,11.097649995423225,0.06804176419788266,0.34198364149396876,0.2739418772960861,0.27024243514198015,0.8184537058484341,0.5482112707064539,0.7163605388677647,1.5084460969481635,0.7920855580803987,8.389705666765002,4.412759064871987,0,0,0,1,0,2,0,0,1,0,0,1
3998858,b5b4b5b7-3cb7-47cd-91f4-bd2a2994c32d,2,60,21,England Women's,Leah Williamson,Georgia Stanway,48.1,48.7,71,22.9,34.4971,20.526370205615358,0.03182000172687141,0.5696349732138052,0.5378149714869338,0.18665297132225395,0.9765004403793972,0.7898474690571433,0.586637406247635,1.6423944067628782,1.0557570005152432,11.208857748750132,2.0623088633277806,0,1,0,1,0,1,0,0,1,0,0,1
3998858,4e71adaf-06f5-46ac-876e-6b5901cf936a,2,60,22,England Women's,Georgia Stanway,Jessica Carter,70.1,21.5,55.5,21.2,14.603082,-13.965019495558082,0.5696349809292328,0.012831204136393394,-0.5568037767928394,0.9765004454788068,0.11548736136514035,-0.8610130841136664,1.642394406298129,0.4436954330150058,-1.1986989732831232,2.0623088189777747,14.338679679499638,1,0,1,0,1,0,0,0,1,0,0,1
3998858,68103790-0d19-43f7-8277-1f823ae25a3e,2,60,26,England Women's,Jessica Carter,Georgia Stanway,55.1,21.4,62.1,14.7,9.689685,4.326506860852817,0.01729058016849338,0.03263341256208795,0.015342832393594574,0.13791030136809063,0.18068642896542453,0.0427761275973339,0.4945703837945882,0.5746296900126839,0.08005930621809576,13.597159721375965,10.758592566186872,0,0,0,0,0,0,0,0,1,0,0,1
3998858,400d4f04-290a-4638-a569-ec4299f3e94f,2,60,31,England Women's,Alex Greenwood,Georgia Stanway,82,9.3,71.6,11.5,10.630146,-7.3159809398667335,0.8644755949132518,0.09376644900824545,-0.7707091459050063,1.2763743303276678,0.39565263678803003,-0.8807216935396378,1.8283897516101115,1.0184076124849022,-0.8099821391252093,1.3846507831723653,8.735388185983135,1,0,2,0,2,0,0,0,1,0,0,1
3998858,21e7fd1a-0286-4533-bcea-1e75a745c29a,2,60,59,Wales W,Gemma Evans,Rhiannon Roberts,10.3,33.1,8.6,54.7,21.666796,-2.4489109057143423,0.012996978931624424,0.02425796394794809,0.011260985016323664,0.07417156199925615,0.10984332229392448,0.03567176029466833,0.20291586769596215,0.2719456639276947,0.06902979623173255,13.029487505956212,11.163102441589256,0,0,0,0,0,0,0,0,1,0,0,1
3998858,fdc197dd-24c8-4fa5-bea8-2015ab161959,2,61,4,Wales W,Rhiannon Roberts,Rachel Rowe,26.3,56.2,35,30.6,27.037937,9.57192995341893,0.864856070316507,0.13939785125350634,-0.7254582190630007,0.9806978145094669,0.45704893674300284,-0.5236488777664641,1.189455823182699,0.9657641790375527,-0.2236916441451463,0.46255947627138677,7.543165320640725,1,0,1,0,1,1,0,0,1,0,0,1
3998858,7c6cb2f1-9239-4735-989b-5ac567096a25,2,61,7,Wales W,Rachel Rowe,Gemma Evans,32.2,28.5,18.1,29.2,14.117365,-13.920798109046544,0.38066481309202754,0.014842921931706337,-0.3658218911603212,0.8111313578512752,0.12659559965886885,-0.6845357581924063,1.3465186287180342,0.45274564519946287,-0.8937729835185713,4.4739999265007455,14.059124951936914,0,0,1,0,2,0,0,0,1,0,0,1
3998858,c4fcd96c-795d-4115-816c-905000b3a83b,2,61,9,Wales W,Gemma Evans,Esther Morgan,20.7,27.4,41.2,5.2,30.217379,13.95399571908193,0.015587333575608459,0.07844379670243093,0.06285646312682247,0.13589518139431786,0.2467603893922687,0.11086520799795083,0.4834679972780449,0.5486370763974766,0.0651690791194317,14.301843335016493,7.744711885163009,0,0,0,0,0,1,0,0,0,0,0,0
3998858,e03544b8-183a-4bcc-b945-fda99e078fa1,2,61,41,Wales W,Rachel Rowe,Jessica Fishlock,51.3,7.8,66.6,10.3,15.502903,14.768199219189647,0.6502255415686679,1.1472652990984553,0.49703975752978746,1.063535845846314,1.8508676717057253,0.7873318258594113,1.796559064978553,2.8239158142957903,1.0273567493172373,1.5971899524597029,0.7944054605538268,1,1,1,1,1,3,1,0,1,0,0,1
3998858,67a46314-17fc-4dfa-a408-f4a0ec8f9ccb,2,61,42,Wales W,Jessica Fishlock,Ceri Holland,66.6,10.4,73.2,9.1,6.726812,4.974311761789458,1.1472651515857664,1.1161107901186025,-0.031154361467163882,1.8508675710956872,1.7998554711174353,-0.05101209997825196,2.8239157584017427,2.704638954311514,-0.11927680409022878,0.7944059581542785,1.3960590122313317,1,1,1,2,3,3,1,0,1,0,0,1
3998858,a67f2eaf-c1fd-4d49-9476-6050d20f6ced,2,61,59,Wales W,Angharad James,Josie Green,84,75.2,92.7,75.4,8.702298,5.645154063917957,0.375272861136691,0.9519794474659293,0.5767065863292383,0.7023522408453385,1.3122991543875722,0.6099469135422336,1.2042618626177728,1.818621478058791,0.6143596154410182,3.2702055402316628,0.7812093041139992,0,1,1,1,1,2,0,1,0,0,0,0
3998858,5fd49a9a-538e-4a72-a161-eebed33861cf,2,63,14,England Women's,Leah Williamson,Lucy Bronze,21.3,58.5,50.3,75.1,33.414967,22.379730169074733,0.0003113660471835973,0.0065435248177712745,0.006232158770587677,0.012088877150646998,0.07545015631120248,0.06336127916055549,0.11101911062632829,0.33697793360663036,0.22595882298030207,24.85270900285876,16.321587441386416,0,0,0,0,0,0,0,0,1,0,0,1
3998858,c12d4b81-1d8a-471d-bcc0-1a5cdd37e45c,2,63,18,England Women's,Lucy Bronze,Chloe Kelly,62.7,74.9,79.2,76.8,16.609034,12.147392785373924,0.15906025397581103,0.04301061313002865,-0.11604964084578237,0.44122692280652415,0.22625358011826766,-0.2149733426882565,0.9815199405827307,0.6595848680457466,-0.32193507253698417,5.819090151268132,10.790020685513097,0,0,0,0,1,0,0,0,0,0,0,0
3998858,9a63a737-59b0-4fab-9bae-d45742d565d9,2,63,30,Wales W,Olivia Clarke,Gemma Evans,9.8,38.8,13.3,26.8,12.5,2.693138867288596,0.03291160386401173,0.01751619261236172,-0.015395411251650008,0.14575417863628584,0.09306823489086143,-0.052685943745424416,0.38203594888571535,0.26576308641158247,-0.11627286247413288,10.326464397779263,12.151207033349841,0,0,0,0,0,0,0,0,1,0,0,1
3998858,fdf5a002-6eee-4fae-9d33-0479c6a1dbd9,2,63,34,Wales W,Gemma Evans,Olivia Clarke,13.7,26.3,8.5,41,15.592627,-4.325288472304109,0.01287378790477984,0.010221003065637708,-0.0026527848391421326,0.0950326113027359,0.0712714898995545,-0.0237611214031814,0.3475611031558214,0.24952083131857056,-0.09804027183725084,13.322002020650002,13.801610126219162,0,0,0,0,0,0,0,0,1,0,0,1
3998858,49e26ffa-8609-44c5-a6e6-5e2ed0995219,2,63,40,Wales W,Olivia Clarke,Rhiannon Roberts,13.2,41.8,18.5,54.9,14.131525,4.227351421606215,0.03453521157054222,0.05358516214548415,0.01904995057494193,0.14863695160915633,0.20437374984212434,0.05573679823296801,0.3755401080526394,0.48682161061723783,0.11128150256459846,10.198384445795476,8.96172293132177,0,0,0,0,0,0,0,0,0,0,0,0
3998858,f09acb8d-7f3f-4151-9c8c-32e23c3defc7,2,64,4,Wales W,Olivia Clarke,Rhiannon Roberts,10.2,39.6,13.2,49.1,9.962429,2.613742444660744,0.018385811581641587,0.021646917769158832,0.0032611061875172445,0.09677291926797989,0.10896389299377746,0.012190973725797569,0.27385443007441296,0.3040617934312613,0.030207363356848316,12.017570432100184,11.544059430082156,0,0,0,0,0,0,0,0,1,0,0,1
3998858,332f9c84-bb9a-41eb-8963-37eed3e2e9b1,2,64,5,Wales W,Rhiannon Roberts,Gemma Evans,13.6,49.1,18.1,23.2,26.28802,3.512833550810825,0.033697124140452325,0.11437697658643742,0.08067985244598509,0.14091520857408635,0.28151805492208887,0.14060284634800252,0.35267857037311784,0.5053985888276599,0.15272001845454203,10.209923979165568,6.515744417897818,0,0,0,0,0,1,0,0,0,0,0,0
3998858,03f23e72-7083-452c-9e90-e0c1aebbd966,2,64,8,Wales W,Gemma Evans,Olivia Clarke,21,22.8,7.3,37.5,20.094278,-12.244691678703362,0.39676436881158694,0.006370157756441756,-0.3903942110551452,0.6168174349747307,0.05046909210208071,-0.56634834287265,0.928025786015422,0.17712552100636425,-0.7509002650090577,2.794513085701944,15.188051362109253,1,0,1,0,1,0,1,0,1,0,0,1
3998858,e199520a-0a54-4ab0-a0fb-c191e490f3f6,2,64,11,Wales W,Olivia Clarke,Rhiannon Roberts,7.3,38.6,14.9,51.7,15.144966,6.959463641036464,0.006254167762452109,0.0037054475327619237,-0.0025487202296901853,0.05029045173830669,0.043569167397429664,-0.006721284340877029,0.17884990444611829,0.17933640398308529,0.000486499536967,15.24884178673839,17.443277600570248,0,0,0,0,0,0,0,0,1,0,0,1
3998858,06d13278-3199-4f65-a277-332c47119e3a,2,65,20,England Women's,Georgia Stanway,Leah Williamson,27.4,17.6,12.9,32.8,21.006903,-12.07097196364252,1.0916900477794305,0.020771484940709316,-1.0709185628387212,1.687323994007118,0.1568883627290989,-1.5304356312780192,2.514503429203909,0.5741424120577296,-1.9403610171461791,0.48025268327758414,12.396755503484558,1,0,1,0,2,0,0,0,1,0,0,1
3998858,405a2a6c-c133-4408-a260-ec774685d965,2,65,34,England Women's,Bethany Mead,Keira Walsh,58.5,4.5,63.4,13.2,9.984989,8.386286151662844,0.7318746372999827,0.4727484095008071,-0.2591262277991756,1.1472250531794126,1.1858655283672304,0.03864047518781777,1.6488706691866386,2.265328393443813,0.6164577242571743,2.412847175636443,4.287214249201099,1,0,2,1,2,2,1,0,0,0,0,0
3998858,a6efae5a-a94c-4f60-ad19-cfe3d7180c57,2,65,43,England Women's,Alex Greenwood,Leah Williamson,50.2,10.6,45.7,52.7,42.339817,0.36144273318871,0.024760124282025894,0.005354341031737949,-0.019405783250287946,0.17380700564138496,0.06912212267726847,-0.10468488296411649,0.5714724716376204,0.3241390191332576,-0.24733345250436278,13.322653270400654,17.369542107452457,0,0,0,0,0,0,0,0,1,0,0,1
3998858,a9625fcf-287b-4e3d-8edb-7da3f01a863b,2,65,47,England Women's,Leah Williamson,Lucy Bronze,55.2,64.6,78,77,25.953806,13.339128687653684,0.03267939473946378,0.21676482285963536,0.1840854281201716,0.19890713362190335,0.49669608192660136,0.29778894830469804,0.6494522089785586,0.9782280728962923,0.3287758639177337,11.009180212578228,4.767673772440306,0,0,0,1,0,1,0,0,1,0,0,1
3998858,2fdc9ca7-8316-4035-a981-fef09ca8d318,2,65,52,England Women's,Leah Williamson,Jessica Carter,58.5,73.2,50.9,50.9,23.5595,-0.06528724878171488,0.33406688411908764,0.020175772312784113,-0.3138911118063035,0.6188926066566742,0.14721265050378574,-0.4716799561528885,1.0774819404314637,0.506433757630308,-0.5710481828011558,3.4128318994791953,13.362747291331202,0,0,1,0,1,0,0,0,1,0,0,1
3998858,edadf8e3-178c-4165-b9e9-6778a365d766,2,65,55,England Women's,Jessica Carter,Alex Greenwood,52.8,45.7,53.2,27.6,18.10442,-0.49984318935139527,0.032663572051730476,0.0067797860689837956,-0.025883785982746682,0.19126644565655088,0.07634953351290168,-0.1149169121436492,0.590681323245486,0.3364193986475422,-0.2542619245979437,11.246030771392364,15.832572798399713,0,0,0,0,0,0,0,0,1,0,0,1
3998858,562871ef-e50d-4c46-8c17-ed10e88cbf21,2,65,59,England Women's,Alex Greenwood,Leah Williamson,54.7,28,64.2,70.3,43.35366,2.8975430921730307,0.08186559167638127,0.013584486090979174,-0.0682811055854021,0.2776949945867844,0.11933805614885663,-0.1583569384379278,0.6901718252504316,0.4609822265803858,-0.22918959867004585,7.654753181625385,14.666592612965006,0,0,0,0,1,0,0,0,1,0,0,1
3998858,b2c39536-c16e-4049-8e3a-5596900b9b71,2,66,9,England Women's,Jessica Park,Lucy Bronze,80,69.7,92.6,77.7,14.925146,3.215320863556798,0.7750227145758167,0.2286023020022625,-0.5464204125735542,1.485510091988837,0.5424858312484828,-0.9430242607403543,2.4494264996907895,1.0915548507069759,-1.3578716489838136,2.3329940391370405,4.727876645215405,1,0,1,1,3,1,0,0,1,0,0,1
3998858,fa306882-a064-4e04-a703-3f3a98e132e1,2,66,11,England Women's,Lucy Bronze,Jessica Park,91.9,77.6,86.2,75.1,6.2241464,-1.7882603442922758,0.5634393308640331,0.5684427050342981,0.005003374170264974,0.9248242473002029,1.0268485067379374,0.10202425943773452,1.4696601985345668,1.6941284656119844,0.22446826707741763,2.073681035329131,2.48109234051293,1,1,1,1,1,2,0,0,1,0,0,1
3998858,32bfb29a-d14f-4bc3-9e71-0001a64fa4cb,2,66,13,England Women's,Jessica Park,Leah Williamson,85.3,74.1,75.6,75.9,9.865597,-8.447101886009534,0.7519488488372733,0.05082412362024575,-0.7011247252170275,1.1059791385019127,0.2438629880396074,-0.8621161504623053,1.6887447597976493,0.6895769354296,-0.9991678243680493,1.1513267832641727,9.53158786814712,1,0,1,0,1,0,0,0,1,0,0,1
3998858,cf01ed79-85c2-4c8a-9a6b-dfed6c68f942,2,66,15,England Women's,Leah Williamson,Lucy Bronze,75.6,75.9,84.5,78.4,9.244458,4.802487496613743,0.03783239452113701,0.48077029726418424,0.44293790274304723,0.22443423846356783,0.9134212371046089,0.6889869986410411,0.6822826837231383,1.5378917528982192,0.855609069175081,10.946216870895125,2.8203352348703867,0,1,0,1,0,2,0,0,1,0,0,1
3998858,d1a7e254-1252-45ae-88c2-2dae86cff20d,2,66,18,England Women's,Leah Williamson,Jessica Carter,73.7,75.5,68.5,56.7,19.505896,4.2032906934895635,0.047029056704967105,0.04548576083075641,-0.001543295874210697,0.2686615376364767,0.2105533846855236,-0.05810815295095312,0.7909045566339119,0.640043607730242,-0.15086094890366986,11.824596449816712,9.509641494156018,0,0,0,0,0,0,0,0,1,0,0,1
3998858,1d999cc9-0273-45fb-bc4a-342556e101c1,2,66,21,England Women's,Jessica Carter,Alex Greenwood,67.7,54.2,66.2,36.6,17.663805,0.2861219009225735,0.1277915638778669,0.021291099755108706,-0.10650046412275818,0.3610613833471906,0.1361398419141544,-0.22492154143303622,0.8432589687180033,0.4909852994363843,-0.352273669281619,6.290016023227477,11.863023589718496,0,0,0,0,1,0,0,0,0,0,0,0
3998858,4e524c8b-8738-4a81-8709-6506c39d9422,2,66,49,England Women's,Agnes Beever-Jones,Chloe Kelly,104.4,22.7,103.5,36.2,13.529966,6.362926702675633,1.1900454667321392,0.7643962794427219,-0.42564918728941725,1.9198729245864685,1.5732124064500017,-0.3466605181364668,2.8703963256245086,2.6161499588936543,-0.2542463667308543,1.0515113568354637,3.291296936272702,1,0,2,2,3,3,1,0,0,1,1,1
3998858,8e2438df-29cd-4b4d-acad-47937ba009f4,2,67,44,England Women's,Agnes Beever-Jones,Lucy Bronze,79.3,76.4,70.5,77.6,8.881441,-7.558505894735319,0.8896315253191738,0.12524558208390327,-0.7643859432352705,1.4873964629273566,0.47323081556090635,-1.0141656473664502,2.3021832944696556,1.1298183731678948,-1.1723649213017608,1.977514103245161,8.427799981697891,1,0,2,0,2,0,1,0,1,0,0,1
3998858,3c808a19-c237-408c-90b8-46061e0e637a,2,67,47,England Women's,Lucy Bronze,Leah Williamson,70.5,77.6,52.8,77.2,17.70452,-14.648212920055585,0.0818233336997722,0.024045731169525936,-0.05777760253024626,0.4277783342284492,0.13539938069214966,-0.2923789535362995,1.1860708179467965,0.44485340932387024,-0.7412174086229262,10.264324731017084,11.351236063749795,0,0,0,0,0,0,0,0,1,0,0,1
3998858,baef0573-4513-4008-a5ed-a2a06544aadc,2,67,49,England Women's,Leah Williamson,Hannah Hampton,52.8,77.2,34.4,50.8,32.179497,-9.469244012626689,0.0332738834554742,0.0019517062040562982,-0.0313221772514179,0.1609525601374888,0.027128484615201554,-0.13382407552228723,0.48198430329985686,0.13408749067802256,-0.3478968126218343,10.360406275895459,18.84026376620544,0,0,0,0,0,0,0,0,1,0,0,1
3998858,6f422166-deed-4061-848f-9d37f4bb31aa,2,67,52,England Women's,Hannah Hampton,Jessica Carter,34.9,51.6,43.9,39.1,15.402922,9.781638834830432,0.0014230943074146354,0.007074577306684212,0.005651482999269577,0.02375042230550551,0.07178333682817715,0.048032914522671645,0.12780296001734548,0.2796114997138757,0.15180853969653024,19.95170989087712,15.711683920061658,0,0,0,0,0,0,0,0,1,0,0,1
3998858,d3bba25f-0ace-4e95-8405-b27ec7b79cdc,2,68,4,England Women's,Leah Williamson,Jessica Park,71,73.2,79.3,67.7,9.956907,9.956274267179595,0.19045722561376213,0.77300108569313,0.5825438600793679,0.5415197133875325,1.4151782711107368,0.8736585577232043,1.1201193645563967,2.2357295622469753,1.1156101976905786,6.02302586737733,2.0575117640034137,0,1,0,1,1,2,0,1,0,0,0,0
3998858,8f5fad6c-0e06-424c-9d0e-d29522d15063,2,68,6,England Women's,Jessica Park,Lucy Bronze,77.6,69.3,76.6,77.6,8.3600235,-5.883475001370137,0.8511193004958431,0.32661140893281104,-0.524507891563032,1.3911724715071176,0.7979646436003363,-0.5932078279067814,2.1278306863235343,1.4658575499779474,-0.661973136345587,1.3235112129181077,4.671613150778585,1,0,1,1,3,1,0,0,0,0,0,0
3998858,0aed6ea1-2108-40f4-adfb-cb6ba2678ca0,2,68,11,Wales W,Gemma Evans,Angharad James,33.1,20.3,24.6,21.6,8.598837,-8.053227225688673,1.2040226222821755,0.9290896966270544,-0.27493292565512106,1.832164520597644,1.4580697600985209,-0.37409476049912316,2.59914663206179,2.212327898813949,-0.386818733247841,0.9763640872886062,1.0263392897773584,1,1,2,1,3,2,1,1,1,0,0,1
3998858,60f96f63-4bae-4f77-9ac1-7bf2aed100ba,2,68,12,Wales W,Angharad James,Olivia Clarke,26.9,20.7,6,42.3,30.056114,-18.94375892427179,0.9977104302805291,0.0014775445980764166,-0.9962328856824527,1.424999900282691,0.034483362073748955,-1.390516538208942,2.1201264439476866,0.21386825617261151,-1.906258187775075,0.5101854172730935,21.837636895774384,1,0,1,0,2,0,0,0,1,0,0,1
3998858,37ba51c8-99dc-48eb-bc52-437d8a6fe855,2,68,19,Wales W,Olivia Clarke,Rhiannon Roberts,9,43.5,14,58.3,15.621779,3.4870950003976446,0.006916094384393457,0.0023257573565357123,-0.0045903370278577455,0.05535323890729138,0.033164710143354204,-0.022188528763937176,0.19229958644423334,0.1516368258201574,-0.04066276062407595,14.99807287819868,18.905854541298417,0,0,0,0,0,0,0,0,1,0,0,1
3998858,f231a994-fc7b-4217-af73-f230a2e1038c,2,68,22,Wales W,Rhiannon Roberts,Josie Green,18.5,54.6,31.7,65.1,16.86683,10.746525062266912,0.015440614284041249,0.11922578780066093,0.10378517351661967,0.10109183323856948,0.3045251315919711,0.20343329835340163,0.32589423590673994,0.5890941953752756,0.2631999594685357,12.749074804538598,6.420230980956188,0,0,0,0,0,1,0,0,1,0,0,1
3998858,4b7d5c7f-a6d7-4d79-95ce-9fa1c915f160,2,68,25,Wales W,Josie Green,Rhiannon Roberts,32.2,65.4,22.8,63.7,9.552486,-8.647419834674992,0.28189259756633167,0.22795954853289363,-0.05393304903343804,0.5327339407625326,0.5049398020792399,-0.027794138683292613,0.8716903226700294,0.888907917655178,0.01721759498514852,3.886297962672127,4.685293319023537,0,0,1,1,1,1,0,1,1,0,0,1
3998858,126196a7-329f-468d-8182-494b7116699f,2,68,26,Wales W,Rhiannon Roberts,Olivia Clarke,23.5,63.4,11.6,46.4,20.751144,-9.292189559895633,0.4661336792368227,0.005301405083276423,-0.4608322741535463,0.7385859320340554,0.05214993024923912,-0.6864360017848163,1.0911856863543894,0.2209505315828674,-0.870235154771522,2.422104593273416,15.889330432236683,1,0,1,0,1,0,0,0,1,0,0,1
3998858,983da384-90a7-4fa6-9767-bf096495dc84,2,68,30,Wales W,Olivia Clarke,Gemma Evans,11.2,45.4,14.7,27.6,18.140839,2.9063341781706526,0.022064693602818965,0.0029230710860515914,-0.019141622516767372,0.11800707306176146,0.048635925577671824,-0.06937114748408964,0.3541293437315441,0.25055133966988524,-0.10357800406165885,11.559336092199786,19.97175963824254,0,0,0,0,0,0,0,0,1,0,0,1
3998858,e94b3db4-cb97-4de6-ba84-6bf6a8729a93,2,68,33,Wales W,Gemma Evans,Esther Morgan,19.3,23.6,35.2,3.3,25.785654,9.625792279683694,0.003852913005586398,0.1747514794280913,0.1708985664225049,0.05741412020837927,0.3671064280687048,0.30969230786032553,0.27555161688337054,0.6224146575883212,0.3468630407049506,19.578313052686873,5.248029137135979,0,0,0,0,0,1,0,1,1,0,0,1
3998858,3036a837-3e76-42d6-8e2e-fbce567db8b7,2,68,35,Wales W,Esther Morgan,Gemma Evans,35.4,4.2,18.1,17.7,21.94402,-12.448611186567689,0.17475147636533567,0.010152208998643865,-0.1645992673666918,0.3671064245134564,0.09291533004743069,-0.2741910944660257,0.622414654973932,0.346249187758317,-0.276165467215615,5.248029190071936,15.700725954620504,0,0,0,0,1,0,1,0,1,0,0,1
3998858,85c1ce70-5e24-439f-8e1c-7c5a8986937e,2,68,39,Wales W,Gemma Evans,Olivia Clarke,19.8,24.5,11.1,38.8,16.738579,-7.514846417960754,0.012732215416818316,0.0032156818973521515,-0.009516533519466165,0.10675118018069882,0.0400959586872951,-0.06665522149340372,0.38909663634512365,0.19268039368203826,-0.19641624266308538,14.562377491926036,17.455883296125894,0,0,0,0,0,0,0,0,1,0,0,1
3998858,af8fc4ab-c055-4856-a0c4-05a8516d41c1,2,68,45,Wales W,Olivia Clarke,Rhiannon Roberts,15.5,42.6,24.2,54.2,14.5,7.685656535406437,0.01507119909982756,0.012484984506288469,-0.002586214593539091,0.09370552613090485,0.089023052854261,-0.004682473276643853,0.3069306182954581,0.3095832590199422,0.0026526407244841232,12.695229728110727,13.368018306017534,0,0,0,0,0,0,0,0,1,0,0,1
3998858,78abce5a-35c5-428b-875a-3b006f3312e3,2,68,50,Wales W,Rhiannon Roberts,Jessica Fishlock,35.2,67.1,70.6,65.7,35.427673,33.3397201592872,0.32250214274428435,0.17033393506127917,-0.15216820768300518,0.5769909239428028,0.5681696554534899,-0.008821268489312972,0.9398851395386618,1.2559072553718043,0.31602211583314244,3.4733543565932408,6.742504710694847,0,0,1,0,1,1,0,0,0,0,0,0
3998858,0aad4793-6c74-464a-8c0a-a8a9270366d4,2,68,53,Wales W,Jessica Fishlock,Carrie Jones,72.4,66.7,83.6,73.3,13,5.242944501939583,0.9181111748324863,0.7548608266405274,-0.16325034819195883,1.4494262344634483,1.068929446735963,-0.3804967877274854,2.1992824074948847,1.6037293062367037,-0.595553101258181,1.1310933437295483,1.0365276258581728,1,1,1,1,2,1,0,0,0,0,0,0
3998858,9d18f7e2-820f-4074-a672-f0232075b7c4,2,69,3,England Women's,Jessica Carter,Hannah Hampton,12.8,14.6,3.3,37.5,24.792337,-6.558721546224973,0.010660278424436913,0.029114804806136513,0.0184545263816996,0.09144861184547066,0.14548381685600684,0.05403520501053617,0.3277104969552423,0.4056603306887503,0.077949833733508,15.497727742517883,10.901813256248833,0,0,0,0,0,0,0,0,1,0,0,1
3998858,b5e61ce3-8047-4713-add7-b47ad162c8ed,2,69,6,England Women's,Hannah Hampton,Leah Williamson,3.7,39.6,15.3,56.5,20.498049,10.3085183520555,0.33315065636390584,0.16858594258558715,-0.1645647137783187,0.5770461991416613,0.3891835163899345,-0.18786268275172685,0.90279488321551,0.7067190076172957,-0.19607587559821438,3.3754850375259737,5.429282869856372,0,0,1,0,1,1,1,0,0,0,0,0
3998858,5d639f6a-83c3-41f6-9816-6d81fc8184d9,2,69,14,Wales W,Jessica Fishlock,Carrie Jones,83.5,34.8,93.9,48.1,16.883425,9.540542672165351,0.7041214911366411,0.9814582236829529,0.27733673254631175,1.3793914867646098,1.8657594339321553,0.4863679471675455,2.329469921344943,2.9326680740788813,0.6031981527339383,2.2855475002244967,2.63357699649684,1,1,1,2,3,3,0,1,0,0,0,0
3998858,8ed23b18-e87a-478c-8607-2a46ec3526c7,2,69,20,England Women's,Alex Greenwood,Georgia Stanway,20.2,25.4,36.1,22.5,16.162302,15.156623256080024,0.18738557941730402,0.22792988726724325,0.04054430784993923,0.5592705323415151,0.6772823877828893,0.11801185544137416,1.1662132696567649,1.364685133272165,0.19847186361540015,5.989196814803837,5.784152849513379,0,0,0,0,1,1,0,0,0,0,0,0
3998858,b8324a22-6463-4eb5-87b9-d64d87d53f4b,2,69,39,England Women's,Jessica Carter,Leah Williamson,35.3,41.7,40.1,67.3,26.046112,0.28187625415267803,0.007644491199646469,0.008957432499044557,0.0013129412993980877,0.0830464178284701,0.0897029011207427,0.0066564832922726,0.36115425628113396,0.37049567596720995,0.009341419686075991,15.935253589274406,15.027903331152354,0,0,0,0,0,0,0,0,1,0,0,1
3998858,9795cebb-3ec4-4302-81a1-1e3a4b4801e3,2,69,43,England Women's,Lucy Bronze,Leah Williamson,52.8,75.7,41.8,71.6,11.73925,-8.24912799981334,0.12519196823240145,0.011317049834306618,-0.11387491839809483,0.3774863555955006,0.09811756614754402,-0.27936878944795657,0.8401276941363911,0.38575785042815,-0.45436984370824113,6.5466048292717005,14.203971900267764,0,0,0,0,1,0,0,0,1,0,0,1
3998858,f43f5db8-d1b5-4bb9-8f48-d7e024111d1d,2,69,48,England Women's,Jessica Carter,Alex Greenwood,43.7,45.1,44,21.9,23.201939,-1.655348342279808,0.03046552833118185,0.007925933172764264,-0.022539595158417587,0.19421002594788506,0.09453004060860942,-0.09967998533927563,0.6170708972837174,0.39966928747285074,-0.2174016098108667,12.540640047673657,17.572110701704386,0,0,0,0,0,0,0,0,1,0,0,1
3998858,fdd349d2-1c69-42e1-8bc3-029349bd17df,2,69,57,England Women's,Leah Williamson,Keira Walsh,61.5,68.9,71.2,59.5,13.507405,12.697430569717646,0.1889200452329685,0.4704589902737067,0.2815389450407382,0.592858887555495,1.2323604612258152,0.6395015736703202,1.3382310716494774,2.3612982408675145,1.023067169218037,6.009655487369924,4.9597565931761896,0,0,0,1,1,3,0,0,1,0,0,1
3998858,bc31b465-3902-4948-b404-f28be82ecb32,2,70,0,England Women's,Keira Walsh,Lucy Bronze,77.6,63.5,78.4,76.2,12.725172,-6.668360999670746,0.6842491480469827,0.04414478678364452,-0.6401043612633381,1.4219882892913018,0.28482833466842766,-1.1371599546228741,2.437789712077176,0.8788906813143964,-1.5588990307627795,3.2933044360182175,12.60622551128372,0,0,1,0,3,0,0,0,1,0,0,1
3998858,35294a4b-5211-4865-9d8c-3884f3ed066d,2,70,1,England Women's,Lucy Bronze,Keira Walsh,78.4,76.2,78.4,69.7,6.5,4.031174638294438,0.06681027944215914,0.27140502163055846,0.20459474218839932,0.3478379260064953,0.7756945550822586,0.4278566290757633,0.9666663414179698,1.5727714486407416,0.6061051072227718,10.70253584174522,5.542795825595027,0,0,0,0,0,1,0,0,1,0,0,1
3998858,a9eabd87-5657-43e1-84c9-9ab327a6afb4,2,70,3,England Women's,Keira Walsh,Lucy Bronze,78.3,71.5,78,78.4,6.9065185,-4.6480373790214315,0.5785888619864599,0.23748703042141114,-0.3411018315650487,1.1964417372234752,0.6841778737977703,-0.512263863425705,2.014144074018027,1.3940147259309936,-0.6201293480870336,3.2466921400033466,5.841241560775924,0,0,1,0,3,1,1,0,1,0,0,1
3998858,b06442e5-9d0a-445d-a77c-2ba9dd435fa3,2,70,7,England Women's,Jessica Park,Leah Williamson,77.1,63.9,65.1,69.4,13.200378,-13.168312818894186,0.34165833737257423,0.058270479593317055,-0.2833878577792572,0.9396511291934027,0.28221504954996535,-0.6574360796434373,1.8712261217367114,0.8309421145486408,-1.0402840071880708,5.768621778906151,9.158725014974578,0,0,0,0,2,0,0,0,0,0,0,0
3998858,ca1cf41c-b4b0-4f7f-bc1b-8a1831f12a70,2,70,8,England Women's,Leah Williamson,Keira Walsh,65.1,69.4,70.9,72.7,6.6730804,3.2841882103702886,0.058270479593317055,0.09822819377295457,0.03995771417963751,0.28221504954996535,0.3905587540636668,0.10834370451370146,0.8309421145486408,1.0021827672204648,0.1712406526718241,9.158725014974578,7.964586891375591,0,0,0,0,0,1,0,0,0,0,0,0
3998858,94391a2c-27b1-4bfd-8223-252f06f4c798,2,70,17,Wales W,Hayley Ladd,Esther Morgan,21.1,19.8,21.1,5.4,14.4,-3.83590217346692,0.8911805335733064,0.1035335130525914,-0.787647020520715,1.59886831226872,0.4125715743474807,-1.1862967379212392,2.3472371457107983,1.0224585142808584,-1.32477863142994,2.7486991645729137,7.862316557229592,1,0,2,0,4,1,0,0,0,0,0,0
3998858,fcb9afd5-bd52-4d50-b67f-5021d0ccf9e9,2,70,21,England Women's,Chloe Kelly,Keira Walsh,85.7,75.7,75.8,68.9,12.010412,-3.3021903395874546,0.21798579955476322,0.17766738476161548,-0.04031841479314774,0.5777291080860087,0.6307847307077971,0.05305562262178831,1.1294236934846444,1.4499670078440108,0.32054331435936634,5.452409609758107,6.725275240673646,0,0,0,0,1,1,0,0,1,0,0,1
3998858,d00f4c65-71eb-4194-9bb8-dbb52d58d484,2,70,28,England Women's,Jessica Park,Chloe Kelly,77.5,77,82.4,77.2,4.90408,3.457013204245115,0.034061207680551986,0.1764013474791107,0.14234013979855872,0.19873355843842874,0.4749211179126428,0.27618755947421403,0.6481338029626227,1.0229238454821357,0.374790042519513,10.753396568829327,5.5466972623653,0,0,0,0,0,1,0,0,1,0,0,1
3998858,e5e409e4-7687-4841-afca-793c5ac7e16f,2,70,30,England Women's,Chloe Kelly,Leah Williamson,82.2,76.8,66.2,71.4,16.88668,-9.537951748112732,0.20577823709910356,0.012558106081787998,-0.19322013101731556,0.5555184486557473,0.11016764268503919,-0.4453508059707081,1.17272682677793,0.4437504405398093,-0.7289763862381208,5.291189124573476,13.74178797541002,0,0,0,0,1,0,0,0,1,0,0,1
3998858,f28e3b3d-504e-473c-8ed4-51a385cb7112,2,70,33,England Women's,Leah Williamson,Chloe Kelly,66.3,70.6,74.2,76.8,10.04241,3.0538509851051856,0.02326025566982632,0.06710590984517731,0.04384565417535099,0.1559417742360395,0.2899145122779531,0.13397273804191362,0.5461292271902407,0.7781808004394717,0.23205157324923098,11.817408586572167,8.732694898838398,0,0,0,0,0,0,0,0,0,0,0,0
3998858,6fb82f06-3969-44dc-a080-e1178a00ac5e,2,70,35,England Women's,Chloe Kelly,Jessica Park,76.6,77.4,90.1,78.4,13.536986,8.623578547454898,0.34143211457792816,0.6128746316153597,0.27144251703743155,0.6433037929325038,0.9262650075497276,0.2829612146172238,1.1620942176004192,1.4446990348854072,0.282604817284988,3.355452781473575,1.6581476721028385,0,1,1,1,1,1,0,1,0,0,0,0
3998858,f3968d92-713b-4207-9437-c660001eeb6a,2,70,55,England Women's,Leah Williamson,Jessica Carter,57.2,75.5,51.9,55.9,20.30394,2.207841033007213,0.008795856365649335,0.0163968593208357,0.007601002955186367,0.07408176431523648,0.11108548245142048,0.037003718136184,0.2696772866420169,0.33792556387039613,0.06824827722837923,14.606906714047424,13.473654774658248,0,0,0,0,0,0,0,0,1,0,0,1
3998858,16dc5e06-e473-4def-90a4-f271d554cb10,2,70,58,England Women's,Jessica Carter,Alex Greenwood,54.6,44.7,61.7,25.8,20.189602,5.564249793128283,0.049732066674435076,0.03768839070416157,-0.012043675970273504,0.21687122727580826,0.21405800798179186,-0.0028132192940164003,0.5315878931687006,0.6509847958211956,0.11939690265249503,9.991969112561991,10.884069941581052,0,0,0,0,0,0,0,0,1,0,0,1
3998858,696bb50e-4d48-4ede-81fe-d2a8b62b3147,2,71,1,England Women's,Alex Greenwood,Jessica Carter,63.4,26.3,53.5,39.6,16.580109,-8.266763014784921,0.4131453665263003,0.03227733600668355,-0.38086803051961676,0.7249412970225187,0.18352860525148995,-0.5414126917710288,1.2262324984444095,0.5473771827455126,-0.6788553156988969,2.8068109201967206,11.97970162313925,1,0,1,0,1,0,0,0,1,0,0,1
3998858,10c69775-1237-46ad-b287-b4db00f8009a,2,71,4,England Women's,Jessica Carter,Leah Williamson,54.2,41.2,63.6,68.9,29.251495,2.437681994635632,0.02744729188785301,0.03332515058542295,0.0058778586975699425,0.1719913213070007,0.19609547309918873,0.024104151792188028,0.5439902042846805,0.6268294857855856,0.08283928150090514,12.709680441505636,10.918098984824837,0,0,0,0,0,0,0,0,1,0,0,1
3998858,a82b31a0-fbb6-452f-a3cf-6678489c8e6b,2,71,6,England Women's,Leah Williamson,Jessica Carter,64.2,67.9,57.2,40.5,28.280027,-0.4156938420731464,0.12426148656553059,0.04262723983429294,-0.08163424673123765,0.35715859523027715,0.22867655996304495,-0.1284820352672322,0.8210943442083434,0.6877006260981379,-0.1333937181102055,6.396747921200402,10.235206340001897,0,0,0,0,1,0,0,0,1,0,0,1
3998858,7fdf8c5f-bf31-4892-a51d-8b93d9c092cc,2,71,8,England Women's,Jessica Carter,Alex Greenwood,59.4,38.8,63.4,25.4,13.984277,2.159164090159848,0.0680172255231643,0.03394320732678445,-0.034074018196379854,0.2978418535744248,0.19148958063438615,-0.10635227294003863,0.8047225635375088,0.5819939392578725,-0.22272862427963636,8.741957824529793,11.631708735892422,0,0,0,0,0,0,0,0,1,0,0,1
3998858,b8d4a6f0-0510-463f-82ee-1d1f0a9d5fce,2,71,14,England Women's,Alex Greenwood,Jessica Carter,63.8,24.6,54.2,32.2,12.244183,-7.988920204423401,0.47224621041641635,0.027404152097830543,-0.4448420583185858,0.7415305068930154,0.15614703028581373,-0.5853834766072017,1.2247166327584467,0.48219838765380135,-0.7425182451046453,2.3155483642564043,11.368938990641395,1,0,1,0,1,0,0,0,1,0,0,1
3998858,aeccea13-55ab-4c05-b73f-cc2334b12f83,2,71,16,England Women's,Jessica Carter,Alex Greenwood,53.4,32.8,56.8,19.3,13.921566,0.4844497127131717,0.028426650819275742,0.07482036059314714,0.0463937097738714,0.15921188238443787,0.299949567791446,0.14073768540700812,0.4822454062853643,0.7274651201334885,0.24521971384812424,11.185947586559667,9.606321379636565,0,0,0,0,0,0,0,0,1,0,0,1
3998858,f0a8bb46-bcc7-476a-85a6-84c7d80f7adc,2,71,18,England Women's,Alex Greenwood,Keira Walsh,56.8,18.8,61.7,9.7,10.335376,0.9572041210648337,0.1355697362553127,0.24472954232461117,0.10915980606929845,0.41696426495188205,0.5600112047148478,0.14304693976296573,0.8716079987418102,0.9931021387770832,0.12149414003527303,7.3453772361350484,4.926959229809279,0,0,0,1,1,1,0,0,1,0,0,1
3998858,0808a6f6-d5d6-4ae4-b676-1f3c3daa34a7,2,71,20,England Women's,Keira Walsh,Hannah Hampton,59.8,10.6,35.7,46.1,42.907574,-17.524889497433904,0.44255566858465184,0.10931704081718512,-0.3332386277674667,0.7708022247373204,0.27243850343865567,-0.49836372129866474,1.1833942696808275,0.5125682822088568,-0.6708259874719708,2.919829067776239,6.645190768777422,1,0,1,0,1,1,0,0,1,0,0,1
3998858,8efc16ad-1351-4867-87ff-fa9458657190,2,71,31,England Women's,Lucy Bronze,Agnes Beever-Jones,92.1,76.6,105.2,44.9,34.300144,30.431347125522265,0.38026078721965634,1.2385848740581233,0.858324086838467,0.6005072780035463,1.899680241542961,1.2991729635394147,0.9201650873250795,2.838222393584639,1.9180573062595596,2.9242210591413014,1.240409003920775,1,2,1,2,1,2,1,0,0,1,1,1
3998858,61bf8c07-d66d-4aed-b486-bfadd71c4282,2,71,34,England Women's,Agnes Beever-Jones,Bethany Mead,105.2,44.2,106.1,38.7,5.5731497,1.4237486806727375,1.1900701368371662,1.0671747694904328,-0.12289536734673345,1.9625561134340912,2.007099902776071,0.04454378934197978,2.999805514688601,3.15632166551423,0.1565161508256292,1.4952752885477274,2.5491243544937996,2,1,2,2,2,3,0,1,0,1,1,1
3998858,a803a363-0d70-49e5-9099-a75fda63789b,2,73,9,Wales W,Jessica Fishlock,Ffion Morgan,103.4,70.2,107.6,57,13.852076,13.41970976679335,1.18127820995737,1.0016378628109983,-0.17964034714637167,2.0107895534876303,1.9054796178300923,-0.10530993565753799,2.986925846144171,3.029164717487237,0.04223887134306592,1.5985753931468967,3.2216473384586,1,0,2,3,4,3,0,0,0,0,0,0
3998858,87b2cd7e-a5c0-4171-ad21-95ce9df33217,2,73,11,Wales W,Ffion Morgan,Jessica Fishlock,106.8,60.7,105.2,66.9,6.4031243,-6.152045677529017,1.4975299076374071,1.5614608667504677,0.06393095911306057,2.444274965157585,2.5173465057859583,0.07307154062837329,3.5252241011597105,3.606240645675156,0.0810165445154456,2.1394646525131895,1.658035383517043,2,2,3,2,4,4,1,0,0,0,0,0
3998858,dc706e2a-dc78-45c8-9352-2acfc6c588c4,2,73,13,England Women's,Bethany Mead,Leah Williamson,20.8,16.6,14,32.1,16.926016,-4.371459541254936,0.8821408123468765,0.1522163992644295,-0.7299244130824469,1.5799722862746897,0.6267806245440604,-0.9531916617306293,2.4173861622540884,1.4771606556160397,-0.9402255066380487,2.413325215174933,9.05781813379896,1,0,2,0,3,0,1,0,1,0,0,1
3998858,e68c425e-720a-4a96-ad9c-a5b906438ebc,2,73,24,England Women's,Hannah Hampton,Leah Williamson,9.9,48.3,26.3,47.8,16.40762,16.38831606578468,0.0010197039121924158,0.007534113608378423,0.006514409696186008,0.024186832716589984,0.08397446030274497,0.05978762758615498,0.15104823903569295,0.33460498880605066,0.1835567497703577,22.153561280872356,17.782077292842253,0,0,0,0,0,0,0,0,1,0,0,1
3998858,8286b538-c215-4677-9f42-152504763708,2,73,42,England Women's,Leah Williamson,Alex Greenwood,53.5,58,55.8,11.2,46.856483,-1.4708781750646551,0.09725103202652643,0.0026479987277487726,-0.09460303329877766,0.375596447931659,0.04501088369762671,-0.3305855642340323,0.9465255474917447,0.24598397741258488,-0.7005415700791597,7.715745332520697,20.171680451687116,0,0,0,0,1,0,0,0,1,0,1,1
3998858,a5ca9e5a-8917-4d4e-ab0a-17d7f52167ee,2,73,48,England Women's,Jessica Park,Chloe Kelly,101,42.5,99.5,49.7,7.3545904,-3.515297339731834,0.9774869454812659,0.5673904977852411,-0.4100964476960248,1.5576861101171555,1.2250184152122212,-0.3326676949049343,2.4042909657147695,2.1270044315940346,-0.2772865341207349,0.9666013069503351,3.3049105740210742,1,0,1,1,3,2,0,1,0,1,1,1
3998858,5017af25-bac6-47d2-a05a-e870bc128a18,2,74,11,Wales W,Gemma Evans,Rhiannon Roberts,13.4,27,13.9,53.8,26.804665,0.39606602311836525,0.06696430597183464,0.002422031275471544,-0.0645422746963631,0.24336989806357484,0.03586316317630893,-0.2075067348872659,0.5910896916066969,0.18753261539031696,-0.40355707621637993,8.312729840584103,18.4207155531545,0,0,0,0,0,0,0,0,1,0,0,1
3998858,248624dc-591d-495b-9a49-5416a3964631,2,74,43,Wales W,Jessica Fishlock,Josie Green,63.9,70.7,57.2,75.6,8.300602,-8.237879456097765,1.1968291816459136,0.726396094653481,-0.4704330869924326,1.7672061572169508,1.2761184240768235,-0.4910877331401273,2.4255990747032112,1.9427972973925565,-0.48280177731065477,1.2831854342076758,2.3336745110744492,1,1,3,1,3,3,0,1,0,0,0,0
3998858,b7d39f41-e9a5-4e54-a029-7c28f3b201be,2,74,52,England Women's,Jessica Carter,Leah Williamson,45.6,12.5,31.6,24,18.11767,-10.516625868615947,0.8487119660405081,0.21122023804568793,-0.6374917279948202,1.2365991808568286,0.5855913013492012,-0.6510078795076274,1.9241632711191323,1.209328303699522,-0.7148349674196104,0.7642353514515026,5.361900903813783,1,0,1,0,1,1,0,0,1,0,0,1
3998858,29589b8d-d2c6-4afd-8c68-ca7fb0a21926,2,75,8,Wales W,Angharad James,Rhiannon Roberts,65.4,72.6,55.9,73.4,9.533625,-8.68798016775095,0.8156271577478624,0.35781984923825993,-0.4578073085096025,1.2741449711169166,0.6722207465202257,-0.6019242245966909,1.9410380264417453,1.1085141263275635,-0.8325239001141818,1.1404214652415159,3.42194176490846,1,0,1,1,2,1,0,1,1,0,0,1
3998858,f6b24046-1168-4e6a-83b6-7d42135dc395,2,75,9,Wales W,Rhiannon Roberts,Olivia Clarke,55.9,73.8,28.9,52.2,34.57687,-19.44776530348497,0.6349356625305352,0.0015744456331326826,-0.6333612168974025,0.9038182598982051,0.026610630785733776,-0.8772076291124713,1.2911590674080098,0.15156682546521505,-1.1395922419427946,1.5473425628980793,19.62988992831257,1,0,1,0,1,0,1,0,0,0,0,0
3998858,e2ee5f9f-ebfe-4cb5-b2e0-444cb1630412,2,75,20,England Women's,Chloe Kelly,Lucy Bronze,74,79.4,63.7,78,10.394711,-7.357161164279404,0.6590186304587627,0.6657935187067912,0.00677488824802841,0.981562260102989,0.9485673627661695,-0.032994897336819484,1.4499543095986216,1.3246308319504614,-0.1253234776481602,1.4832705242814153,1.5170109481875098,1,1,1,1,1,1,0,0,1,0,0,1
3998858,ec8fe0e4-bd47-4d24-a530-85112913dc21,2,75,29,England Women's,Hannah Hampton,Alex Greenwood,28.3,54.2,45.6,19.9,38.415882,15.725633297750662,0.00010082325286155105,0.0015043739664250444,0.0014035507135634934,0.00400070402352594,0.02670966941540251,0.02270896539187657,0.03172015233718846,0.13474071560231066,0.1030205632651222,27.606424637339895,21.417371092563883,0,0,0,0,0,0,0,0,1,0,0,1
3998858,aa6c3c04-705d-4941-9c3d-a2dc172aa983,2,75,34,England Women's,Alex Greenwood,Leah Williamson,48.3,21.3,53.9,60.9,39.994,4.772983729893596,0.02179754072507908,0.0068971728110066325,-0.014900367914072447,0.1479657864796097,0.0862034228488792,-0.061762363630730496,0.5081021946648631,0.39577867278685186,-0.1123235218780112,12.111592377987794,16.44862379383341,0,0,0,0,0,0,0,0,1,0,0,1
3998858,b605a3a2-9253-4756-a0d6-40339303f7ed,2,75,50,Wales W,Jessica Fishlock,Hannah Cain,89.6,50.3,112.4,32.7,28.802778,21.55948131072369,0.8884017153023791,0.9843328667428071,0.09593115144042796,1.727133084702531,1.435575163854599,-0.291557920847932,2.722247564717184,2.1412935853469732,-0.5809539793702108,2.450019494943969,0.531434401371172,1,1,2,1,3,2,0,0,0,1,1,1
3998858,2e593afc-b82a-4cdd-826b-ce7011767b89,2,77,5,England Women's,Chloe Kelly,Leah Williamson,74,74.5,63.7,69,11.676472,-5.830008684667014,0.15636407514808368,0.07081351126803752,-0.08555056388004616,0.4908985625611692,0.31019177813741616,-0.18070678442375304,1.0852843565136712,0.825335622434945,-0.2599487340787262,7.099840559873932,9.188905086626479,0,0,0,0,1,0,0,0,1,0,0,1
3998858,b3f5d2be-8320-4583-bc52-852433af88c4,2,77,7,England Women's,Leah Williamson,Jessica Carter,63.7,69,50.8,50.4,22.635592,-6.6471304394783814,0.06565689791653838,0.03228752651635891,-0.03336937140017947,0.29235767419655084,0.16195907149887787,-0.13039860269767298,0.7911316140631709,0.48118828456785967,-0.3099433294953112,9.108742839302643,10.587152520871417,0,0,0,0,0,0,0,0,1,0,0,1
3998858,ff9ad6e1-208e-4ed2-b191-701de3b871b5,2,77,10,England Women's,Jessica Carter,Leah Williamson,54,48.2,63.4,65.1,19.338305,4.591613229530395,0.04878195075985,0.07882550337655315,0.030043552616703155,0.21904059013519003,0.2978614861501058,0.07882089601491579,0.5968584454409762,0.7681155069423083,0.17125706150133213,9.636657893101596,7.999680193620425,0,0,0,0,0,1,0,0,1,0,0,1
3998858,811e2728-38ed-4520-b40e-2a5bfd82a74d,2,77,12,England Women's,Leah Williamson,Lucy Bronze,63.4,65.1,71.6,74.2,12.24949,2.652013008581484,0.11743390906671207,0.028979779727331893,-0.08845412933938018,0.36636849387473513,0.19197181011984216,-0.17439668375489298,0.8802454423093404,0.6398819018462497,-0.24036354046309072,6.679131864442167,11.796972224286446,0,0,0,0,1,0,0,0,1,0,0,1
3998858,f7e326de-9e59-46f8-875c-f3396c9775aa,2,77,15,England Women's,Lucy Bronze,Keira Walsh,71.6,74.2,74.3,67.1,7.5960517,6.132846701597835,0.05754215783191596,0.34921435151166197,0.291672193679746,0.29237267588080107,0.8754393219995534,0.5830666461187524,0.8239616011996664,1.6466383479207907,0.8226767467211242,9.81336457348856,5.4964014785132935,0,0,0,0,0,2,0,0,1,0,0,1
3998858,89c87b06-0228-4547-8c03-961255592153,2,77,17,England Women's,Keira Walsh,Chloe Kelly,74.3,69.6,78.8,77.2,8.832327,-1.0606788890055583,0.5592813547118827,0.18997245764125387,-0.3693088970706288,1.095211125384026,0.5079718351062269,-0.5872392902777991,1.8800493124614563,1.0549371367934197,-0.8251121756680366,2.80039649813034,5.514916398655965,1,0,1,0,2,1,0,0,1,0,0,1
3998858,71de9907-c27c-47ae-b714-723ff17ae848,2,77,18,England Women's,Chloe Kelly,Lucy Bronze,78.8,77.2,70.5,75.9,8.401191,-5.638575097235702,0.3973643076413015,0.09216247482589028,-0.3052018328154112,0.7554620652481283,0.4007652640056376,-0.3546968012424907,1.3148427726729863,1.0123851749494186,-0.30245759772356773,3.1091626313638177,10.11175028368346,0,0,1,0,1,0,0,0,1,0,0,1
3998858,4aa24ac2-0374-4860-a79f-7474ade947af,2,77,40,England Women's,Leah Williamson,Jessica Carter,63.7,67.4,55.1,46.6,22.507776,-2.6212330664608743,0.17496376041989284,0.018672333798611156,-0.15629142662128168,0.5166176580000149,0.13827009123906495,-0.37834756676094994,1.1426798735089376,0.4944573939446139,-0.6482224795643237,6.085313435925246,13.295553996599969,0,0,0,0,1,0,0,0,1,0,0,1
3998858,56f7b7a6-f586-4c1b-8478-5e48d578003a,2,77,43,England Women's,Jessica Carter,Alex Greenwood,56.2,44.7,63.9,10.6,34.958546,0.635928844277629,0.023297256894901804,0.015574510907919652,-0.007722745986982152,0.15566351038643841,0.10981670210877385,-0.04584680827766456,0.5303246167765647,0.3952502360357446,-0.13507438074082012,12.147649093324631,12.991114203894144,0,0,0,0,0,0,0,0,1,0,0,1
3998858,febd4a20-2b5f-40ad-adb9-c53b0c9cfb26,2,77,46,England Women's,Alex Greenwood,Georgia Stanway,65.6,10.6,99.6,22.6,36.05551,35.02355176591596,0.23186611368836324,0.4976117671072889,0.26574565341892564,0.5268724849102081,0.9059635164405773,0.37909103153036916,1.0239426834207552,1.5361129005416472,0.512170217120892,4.702052198079711,2.5478049797092357,0,1,1,1,1,1,0,0,0,0,0,0
3998858,a277d20d-6092-4207-b0bc-a64090753683,2,79,20,England Women's,Georgia Stanway,Leah Williamson,87.5,5.5,78.5,26.3,22.663628,3.6943969863258914,0.21088435131934566,0.1427004032182562,-0.06818394810108946,0.5635413098580098,0.5124822921276938,-0.05105901773031596,1.2326378201856822,1.261726423962915,0.029088603777232658,5.07793903073346,7.137524868318688,0,0,0,0,1,1,0,0,1,0,0,1
3998858,a1a76efe-c364-4085-ba9a-cf510097ce45,2,79,24,England Women's,Jessica Park,Niamh Charles,83.4,52,77,71.2,20.238577,-14.609631921431479,1.0798001142979474,0.15251696186752145,-0.9272831524304259,1.730366749439084,0.4474377577184259,-1.282928991720658,2.626102544854342,0.9759493891010372,-1.650153155753305,1.257810704661156,6.104700042170077,1,0,2,0,3,1,1,0,1,0,0,1
3998858,7d359065-59c4-4f33-bd42-770c8e913fed,2,79,27,England Women's,Niamh Charles,Chloe Kelly,79.3,72,89.1,78,11.490866,2.7958008306321176,0.7301968545745691,0.3768044052554801,-0.353392449319089,0.9915013090257916,0.7537892329276076,-0.237712076098184,1.4728886473944673,1.2768620314992933,-0.196026615895174,1.048723047432527,3.7342444572655262,1,0,1,1,1,2,0,0,1,0,0,1
3998858,18802c09-1766-4fd8-83e2-6ba1c3bed404,2,79,29,England Women's,Chloe Kelly,Niamh Charles,88.3,79,78.1,77.5,10.309704,-5.9721856576496535,0.932213093271272,0.1628723460757524,-0.7693407471955196,1.3722368881669442,0.45029386469272004,-0.9219430234742242,1.9151513395641555,0.9837795578143361,-0.9313717817498194,1.9705259913666555,5.7540324867802095,2,0,2,0,2,1,0,0,1,0,0,1
3998858,ac1ee12c-b628-4cfe-b80e-2e0927397e94,2,79,32,England Women's,Keira Walsh,Niamh Charles,81.8,73.1,76.6,77.1,6.5604877,-6.550622945065406,0.48295784822098664,0.14650084147137635,-0.3364570067496103,0.8873429854307661,0.42015802504672767,-0.4671849603840384,1.532459236472966,0.940447765143167,-0.5920114713297989,2.6307374860509394,6.074769528470427,1,0,1,0,1,1,0,0,1,0,0,1
3998858,274fc19c-e219-4065-b96f-6aab97241391,2,79,33,England Women's,Niamh Charles,Leah Williamson,76.2,77.1,66.9,73.1,10.123734,-5.1709348844792515,0.1760951048942588,0.025885907465434933,-0.15020919742882388,0.47218606283650827,0.1820642034290122,-0.2901218594074961,0.9879791177956799,0.5874817151345679,-0.400497402661112,5.598640409819475,13.80524104072593,0,0,0,0,1,0,0,0,1,0,0,1
3998858,3f538720-c4e5-438f-a4d8-1aa5adea46c7,2,79,36,England Women's,Leah Williamson,Niamh Charles,67.2,73.1,75.1,77.5,9.042677,3.8172475922959848,0.04216045859807464,0.1454423310253426,0.10328187242726795,0.24103228316476485,0.41972347376542496,0.1786911906006601,0.7181484117474869,0.9224621459837625,0.20431373423627563,10.911830510729363,6.106761742061702,0,0,0,0,0,1,0,0,1,0,0,1
3998858,db4afdd0-e15f-4d39-83ed-00201109be16,2,79,38,England Women's,Niamh Charles,Chloe Kelly,75.1,77.5,80.4,77.8,5.3084836,3.7552226973390717,0.4137267406180229,0.47577980022753297,0.062053059609510075,0.7768312403073843,1.0049140074718235,0.2280827671644392,1.3324441204902342,1.6978101220773167,0.36536600158708255,2.955855554816708,4.095934085612828,1,0,1,1,1,2,0,0,1,0,0,1
3998858,958b9da3-edb3-4093-9222-18b061a65a69,2,79,54,England Women's,Alex Greenwood,Jessica Carter,66.7,24.8,57,38.3,16.623478,-7.597937972441038,0.055034768032498356,0.021012093058491887,-0.03402267497400647,0.25843176009844776,0.1464923082044759,-0.11193945189397186,0.7071424117652588,0.516292022061333,-0.19085038970392587,9.58405059708478,12.346126957604714,0,0,0,0,0,0,0,0,0,0,0,0
3998858,ab1ac8a0-ab3b-4192-aac7-0507d849225f,2,80,9,England Women's,Keira Walsh,Alex Greenwood,65.6,41.8,65.3,25.6,16.202778,-2.133909661533238,0.07973280032194557,0.03724091223972274,-0.04249188808222283,0.32802932321610545,0.20706275729095894,-0.12096656592514651,0.863798664109595,0.6286606564933196,-0.23513800761627546,8.454164572579616,10.749523683043135,0,0,0,0,0,0,0,0,1,0,0,1
3998858,b7ce4fd6-dc98-4aa8-aa8d-8d18006cb166,2,80,12,England Women's,Alex Greenwood,Keira Walsh,65.9,29.3,67.8,40.5,11.360018,2.945588156266801,0.10446782254045787,0.5070635141103972,0.4025956915699393,0.3792196370974294,0.9103357059119388,0.5311160688145093,0.9633973564379132,1.6023517172089359,0.6389543607710226,7.276522072578058,2.405422015750009,0,1,0,1,1,1,0,0,1,0,0,1
3998858,b8dff63b-effd-4d55-ae13-8d06013d2a79,2,80,13,England Women's,Keira Walsh,Alex Greenwood,67.8,40.5,67.8,28.6,11.9,-1.2279338850518755,0.5070635141103972,0.14184584649854867,-0.3652176676118485,0.9103357059119388,0.45055787249507256,-0.45977783341686623,1.6023517172089359,1.0680556193159052,-0.5342960978930307,2.405422015750009,6.32546711466537,1,0,1,0,1,1,0,0,1,0,0,1
3998858,3144984b-1f64-4873-a8d8-582339895496,2,80,13,England Women's,Alex Greenwood,Jessica Carter,67.8,28.6,62.9,40.7,13.054502,-3.6739620906962998,0.13421242960063062,0.019809021012998668,-0.11440340858763196,0.44475644144577653,0.14831748616325216,-0.2964389552825244,1.0731355040228343,0.5497671913367546,-0.5233683126860798,6.555836900601664,13.259153411196374,0,0,0,0,1,0,0,0,1,0,0,1
3998858,323d4318-2886-4b49-b30d-3ba99f6e3e0d,2,80,15,England Women's,Jessica Carter,Leah Williamson,63.4,40.7,66.9,67.4,26.928423,-3.148244709950049,0.021673020055000766,0.06956418296907961,0.04789116291407884,0.15696294587445203,0.2572851546728821,0.10032220879843007,0.5717732094904849,0.6948312421287891,0.12305803263830417,13.004050686350846,8.165596160324187,0,0,0,0,0,0,0,0,1,0,0,1
3998858,860c5759-0e4f-4c49-bf94-b3e9b96be277,2,80,18,England Women's,Leah Williamson,Jessica Carter,67.2,67.4,56.9,47.1,22.763567,-4.012056112721609,0.25946289411585893,0.02312173080071282,-0.23634116331514612,0.509996643482504,0.14504622472800388,-0.36495041875450007,0.9549290606663612,0.4826639324379677,-0.4722651282283935,4.1081650333428446,12.0341874014994,0,0,1,0,1,0,0,0,1,0,0,1
3998858,3c281448-2191-41ed-a533-15422c7de5d8,2,80,21,England Women's,Jessica Carter,Alex Greenwood,57.4,46.7,64.5,39.9,9.831073,7.4574352743109955,0.02647119285114943,0.09445846421397366,0.06798727136282423,0.17214979832512534,0.3313009115941504,0.1591511132690251,0.5673019748549929,0.8112775608523144,0.2439755859973215,12.29200763588137,7.439324588122989,0,0,0,0,0,1,0,0,1,0,0,1
3998858,cdd21350-7984-4eed-a799-47d05da7d8e9,2,80,23,England Women's,Alex Greenwood,Georgia Stanway,64.5,39.9,72,31.7,11.112605,6.787771319504735,0.23601259163802807,0.6520601739254759,0.4160475822874478,0.5597096852044205,1.2656262360125416,0.7059165508081211,1.1378686121439772,2.071133273582671,0.9332646614386937,4.588658855209733,3.0586018474615857,0,0,1,2,1,2,0,0,1,0,0,1
3998858,b5d3bace-c02c-414f-bf69-7b4e561dd73a,2,80,25,England Women's,Georgia Stanway,Jessica Carter,70.8,32,56.2,48.2,21.808256,-14.478637473030396,1.3524257665581378,0.0319281601283325,-1.3204976064298053,1.878085713529565,0.21579205306747876,-1.6622936604620862,2.5857841921848808,0.7174339780877932,-1.8683502140970876,0.5004629995139797,11.637142006404487,2,0,2,0,2,0,0,0,1,0,0,1
3998858,5c030a7b-fc7e-4281-a29c-f4016fcb5cf6,2,80,54,England Women's,Keira Walsh,Leah Williamson,83.4,77.2,71.3,77.2,12.1,-9.0961741228788,0.4511340292965306,0.04389164447487167,-0.407242384821659,0.9327283081406526,0.22630599010141983,-0.7064223180392327,1.6448013450868297,0.6456327657680976,-0.9991685793187322,3.6956285402436797,10.265266352666501,0,0,1,0,2,0,0,0,1,0,0,1
3998858,226973aa-112f-408b-8eb0-f03b6c6a3474,2,80,56,England Women's,Leah Williamson,Jessica Carter,71.3,77.2,63.1,59.1,19.870832,1.262215917948751,0.08055642893330417,0.021913601814546192,-0.05864282711875798,0.3055281333924196,0.16282211772730326,-0.14270601566511631,0.7319294027734717,0.5648227941795851,-0.1671066085938866,8.176248623064247,12.632075846949135,0,0,0,0,0,0,0,0,1,0,0,1
3998858,91e6ce92-1cc5-4057-acd8-540c30fc7776,2,81,1,England Women's,Jessica Carter,Keira Walsh,62.3,49,66.4,62.8,14.39618,0.14994157287691223,0.06164991529547426,0.13907956271036875,0.0774296474148945,0.2898885178272212,0.42430547121997475,0.13441695339275356,0.7839529860042941,0.9816932938095169,0.19774030780522278,10.16651159186228,6.247442064081784,0,0,0,0,0,1,0,0,1,0,0,1
3998858,8067d8ae-4b6a-4512-9a7b-e1bf72b7d987,2,81,5,England Women's,Keira Walsh,Chloe Kelly,69.1,63.9,77.4,66.6,8.728115,6.009137484351527,0.41847977294200056,0.24125469160533722,-0.17722508133666334,0.6884275933138255,0.7271288520519855,0.038701258738159994,1.1514253929684286,1.502202265126628,0.3507768721581994,2.6818528943591557,6.51168596928458,1,0,1,0,1,2,1,0,1,0,0,1
3998858,f1f74a46-7ff1-401e-8877-455c810dd7b6,2,81,6,England Women's,Chloe Kelly,Keira Walsh,77.4,66.3,70.2,59.8,9.7,-3.527331964989422,0.24125462642196377,0.37077978625989577,0.129525159837932,0.7271288110813315,0.9103258276088114,0.18319701652747988,1.502202315262638,1.7403529508346203,0.23815063557198224,6.5116875849997875,4.5974814167836024,0,0,0,1,2,2,0,0,1,0,0,1
3998858,e2cba147-84ed-4b3a-87f5-36d92d795c28,2,81,7,England Women's,Keira Walsh,Jessica Carter,70.2,59.8,62.6,45.2,16.459648,-4.0432683589496605,0.34680242185630755,0.044664256056292415,-0.3021381658000151,0.8912192077743452,0.22597751925565082,-0.6652416885186944,1.7320154401707677,0.6812208362902052,-1.0507946038805625,5.3502793150344905,9.846039494741953,0,0,0,0,2,0,0,0,1,0,0,1
3998858,a5ee1a11-83a8-48ae-b1cb-ce30f3dd66a4,2,81,9,England Women's,Jessica Carter,Alex Greenwood,62.6,45.2,67.5,29.3,16.637909,4.055771732357613,0.044664256056292415,0.0647014999491889,0.02003724389289649,0.22597751925565082,0.28178987137366324,0.055812352118012415,0.6812208362902052,0.7557604733241277,0.07453963703392241,9.846039494741953,8.957608301380665,0,0,0,0,0,0,0,0,1,0,0,1
3998858,75a7efb7-6896-41f3-85eb-09939a02a65c,2,81,12,England Women's,Alex Greenwood,Agnes Beever-Jones,69.7,28.5,95.4,38.8,27.687181,26.968617270888057,0.3363882069341008,0.9024225672517816,0.5660343603176807,0.6675971190619642,1.6396044003317578,0.9720072812697936,1.2010533698732277,2.664763304088058,1.4637099342148303,3.5189831288742934,2.002403345334432,0,1,1,2,1,3,0,0,1,0,0,1
3998858,10d1d270-8716-4322-b8aa-43b349ba85ec,2,81,17,England Women's,Keira Walsh,Leah Williamson,83.1,37.5,75.8,69.3,32.627136,-16.044928694656775,0.6860340167630898,0.007116390999904643,-0.6789176257631852,1.5345147475999312,0.08584760418582212,-1.4486671434141092,2.6618127266439076,0.3977267567563148,-2.2640859698875926,3.225409169305519,16.494661245746418,0,0,1,0,4,0,0,0,0,0,0,0
3998858,be5b9466-2679-4fd9-82d2-66546246a13e,2,81,24,Wales W,Elise Hughes,Hannah Cain,35.9,18.8,36.1,14.6,4.204759,-0.9296327627556593,0.16685638117303056,0.5116015577054891,0.3447451765324585,0.4966088478950729,0.9830908879550309,0.48648204005995793,1.0850343658382646,1.7354374551282163,0.6504030892899517,6.057624855382429,2.471873511277917,0,1,0,1,1,1,0,0,1,0,0,1
3998858,f63289a1-aa34-45c1-b6d6-4dcc974e96f2,2,81,33,Wales W,Hannah Cain,Carrie Jones,90.2,47,117.7,59.1,30.0443,11.37312583228935,0.37987838463377344,0.5239941156994405,0.1441157310656671,1.0204399482696624,0.8424378768657639,-0.17800207140389857,1.8847778514300273,1.3887423298172514,-0.49603552161277586,6.498584161984025,2.06296055235108,0,1,0,1,3,1,0,0,0,0,0,0
3998858,b19603b8-875b-4bc3-b833-ee4745b2e5eb,2,82,39,England Women's,Niamh Charles,Hannah Hampton,23.9,76.1,9.6,49.3,30.37647,-8.13421260579743,0.03620565646163766,0.0001392240389013823,-0.03606643242273628,0.1927625757767871,0.007917737145955282,-0.18484483863083181,0.5669004099458553,0.07975358648611396,-0.48714682345974136,10.503976767385993,28.38205701412934,0,0,0,0,0,0,0,0,1,0,0,1
3998858,a65b542c-2246-409f-8233-97d9ecc6143b,2,82,43,England Women's,Hannah Hampton,Alex Greenwood,9.6,49.3,28.6,10.9,42.843437,14.870375206911788,0.00021043635084739502,0.00232256804776052,0.002112131696913125,0.009231157980360172,0.026277319901429376,0.017046161921069204,0.07927826530569601,0.10285802181604822,0.023579756510352212,27.32355680519019,18.195245365040474,0,0,0,0,0,0,0,0,1,0,0,1
3998858,796dba1b-e19d-426d-946f-ffc7ca030b96,2,82,48,England Women's,Alex Greenwood,Jessica Carter,33.7,10.4,37.8,35.8,25.728777,8.92790644552879,0.00886120860065081,0.012510345589499193,0.003649136988848384,0.07556881367326918,0.11410564016118113,0.03853682648791196,0.28150778713758773,0.42732563036199883,0.1458178432244111,14.661489146801323,15.06201724251103,0,0,0,0,0,0,0,0,1,0,0,1
3998858,57801ca1-62db-4924-993c-5c5c862a5300,2,82,51,England Women's,Jessica Carter,Keira Walsh,40.7,39.9,49.1,38.3,8.5510235,8.379685162103158,0.027682798161316115,0.30653310697014013,0.278850308808824,0.1966621157787827,0.722320639630693,0.5256585238519104,0.6472899583597455,1.3913977288557746,0.7441077704960292,12.47757225798796,4.02783063490607,0,0,0,1,0,1,0,0,1,0,0,1
3998858,c9d7c4fb-276d-4cc7-867e-59c2e53c5b0a,2,82,53,England Women's,Keira Walsh,Georgia Stanway,54.3,35.8,55.5,22.6,13.254434,-0.9716535243769187,0.41202743134606173,0.14020737041409878,-0.271820060931963,0.8338734915359576,0.4739747220179087,-0.3598987695180489,1.4782523681027688,1.0395118156378143,-0.4387405524649546,3.0811473865928147,7.579532646031175,0,0,1,0,1,1,0,0,1,0,0,1
3998858,c4f0be7c-ecff-40f5-a17e-04d30433b6ff,2,82,57,England Women's,Georgia Stanway,Keira Walsh,55.5,22.6,63.9,25.5,8.886507,8.862169963407695,0.17104176316611042,0.5078497693587265,0.3368080061926161,0.5327055308351197,1.0687594348533216,0.5360539040182019,1.1768349182151272,1.8345946751214566,0.6577597569063294,6.099050662562425,3.4626271454329145,0,0,0,1,1,3,0,0,1,0,0,1
3998858,e76babf7-5028-4a7c-a4b3-d6218db2c627,2,82,57,England Women's,Keira Walsh,Georgia Stanway,63.9,25.5,56.2,25.2,7.705842,-7.550528612613277,0.5078497693587265,0.20447164841504284,-0.30337812094368366,1.0687594348533216,0.6016340701283089,-0.46712536472501265,1.8345946751214566,1.274462582358313,-0.5601320927631437,3.4626271454329145,5.650783993953059,0,0,1,0,3,1,0,0,1,0,0,1
3998858,ac9b5d38-34f5-4d18-933f-58d8d1b7105a,2,83,0,England Women's,Georgia Stanway,Jessica Park,57,27.1,68.3,48.2,23.93533,11.960902508206559,0.5455681300895238,0.6919173644681994,0.14634923437867564,0.9536172235978624,1.1250015650523442,0.17138434145448178,1.610109639439951,1.9103266361409579,0.3002169967010069,2.154666306764518,1.431529502963965,1,1,1,1,1,1,0,1,1,0,0,1
3998858,f9e5699b-24f8-436e-b04f-bde5735436ad,2,83,10,England Women's,Chloe Kelly,Leah Williamson,76.6,71.8,63.4,70.4,13.2740345,-10.443988954181101,0.467550369521428,0.06660715699430754,-0.40094321252712045,1.0234056727024783,0.28425533335324515,-0.7391503393492331,1.8255278104263186,0.7676627123058979,-1.0578650981204207,3.503579557300204,8.704282030205674,0,0,1,0,2,0,0,0,0,0,0,0
3998858,84f54b70-574b-4daf-9a0a-7093e44092f0,2,83,12,England Women's,Leah Williamson,Jessica Carter,63.4,70.4,55.1,52,20.18539,-1.752741182469947,0.04974630535884555,0.018625482853364184,-0.031120822505481364,0.24696109117762063,0.13765174961751203,-0.1093093415601086,0.7153344660992954,0.4882798794840297,-0.22705458661526573,9.765682953116816,13.051128306812018,0,0,0,0,0,0,0,0,1,0,0,1
3998858,83369ca4-560a-43ad-97b0-360af1b24fbd,2,83,14,England Women's,Jessica Carter,Alex Greenwood,56.6,50.1,63.1,24,26.897211,5.092687024341814,0.026245479296130466,0.006626718541493214,-0.01961876075463725,0.16469242008139126,0.07579626259730178,-0.08889615748408948,0.5234431040789016,0.3318605222434668,-0.1915825818354348,11.922994388644574,16.405397672449944,0,0,0,0,0,0,0,0,1,0,0,1
3998858,3197f812-b554-49ea-8237-e95166968575,2,83,22,England Women's,Alex Greenwood,Jessica Carter,67.5,21.8,58.5,28.6,11.280071,-6.982474883896948,0.031125194742028798,0.00978942715163851,-0.021335767590390287,0.2017853561059233,0.0846320282416793,-0.117153327864244,0.659664380873665,0.30609267737104023,-0.35357170350262473,12.711165759057899,15.275046478660196,0,0,0,0,0,0,0,0,1,0,0,1
3998858,b07fbfe3-1d15-4a94-a1ce-754b412d70cc,2,83,24,England Women's,Jessica Carter,Alex Greenwood,58.5,28.6,65.3,19.4,11.44028,4.097255498017724,0.01577350196661891,0.012993322049503195,-0.002780179917115714,0.11167036620159149,0.09368759035747742,-0.017982775844114063,0.384726992652962,0.34577357747950005,-0.03895341517346196,13.045605576977183,13.262304163166197,0,0,0,0,0,0,0,0,1,0,0,1
3998858,cf45fb5a-aec6-4bf0-af2d-3d441c255cf5,2,83,29,England Women's,Alex Greenwood,Agnes Beever-Jones,66.4,19.4,96.1,26.3,30.490982,29.874155638483426,0.3784651346120421,0.2823395606396026,-0.09612557397243954,0.7055648584063396,0.8756743541173203,0.17010949571098066,1.2748293836144737,1.8837139634661246,0.6088845798516509,3.0937695224291053,5.692019755231346,0,0,1,0,1,1,0,0,0,0,0,0
3998858,ca775b77-1dab-46ca-82a7-7c1bc365895f,2,84,14,Wales W,Gemma Evans,Olivia Clarke,22.9,22.3,13.9,44.3,23.769728,-7.487048369535145,0.024990638918823017,0.002770691297488651,-0.022219947621334366,0.119858016756928,0.03816257734743247,-0.08169543940949553,0.3437809511487547,0.19904130775560092,-0.14473964339315376,11.103440898040292,17.93923099019743,0,0,0,0,0,0,0,0,1,0,0,1
3998858,c747caa6-d0dd-45db-b708-d8210aade759,2,84,17,Wales W,Olivia Clarke,Rhiannon Roberts,15,44,20.5,54.2,11.588356,4.568003980627438,0.004312059171554245,0.0026305685214628996,-0.0016814906500913452,0.046261700045212927,0.03982358683270835,-0.006438113212504579,0.1978262238903293,0.1917708329818395,-0.006055390908489805,16.538531202687434,19.33222555666932,0,0,0,0,0,0,0,0,1,0,0,1
3998858,e369df19-6918-4e32-be40-97d7147d0f7b,2,84,22,Wales W,Rhiannon Roberts,Jessica Fishlock,35,56.5,51.5,59.4,16.75291,15.392490680651093,0.18885094134837024,0.9132977109410102,0.72444676959264,0.4997429847925206,1.2597512698782134,0.7600082850856928,0.9689689872614342,1.7310262333199788,0.7620572460585446,5.589291815868333,0.8349633770503326,0,1,0,1,1,2,0,1,1,0,0,1
3998858,c533c7de-2284-4c5d-b6c3-6d1955294b8c,2,84,23,Wales W,Jessica Fishlock,Josie Green,51.5,59.4,52.6,73.8,14.441953,-4.206094141803462,1.059442616875076,0.1105097804844656,-0.9489328363906103,1.4114475694486326,0.4119624559179249,-0.9994851135307077,1.8778750088961829,0.9252094430903546,-0.9526655658058283,0.5734469520280246,8.986082418672542,1,0,2,0,2,0,1,0,1,0,0,1
3998858,0315c6c2-939d-49d4-a32b-627dde7d2cec,2,84,35,Wales W,Gemma Evans,Rhiannon Roberts,53.4,39.1,51.8,56.1,17.075129,-3.468522299211145,0.0699573139451337,0.025268015899481407,-0.04468929804565229,0.31187403367002664,0.15873342127177556,-0.15314061239825108,0.8783277108608607,0.5433333523085486,-0.3349943585523121,8.600435297496375,11.484514508183517,0,0,0,0,0,0,0,0,1,0,0,1
3998858,72889adb-087e-4c3b-a123-718e24c1b0de,2,84,38,Wales W,Rhiannon Roberts,Angharad James,52.3,56.5,57,59.4,5.5226803,3.7623602590597898,0.043540119859938595,0.16459814362283803,0.12105802376289944,0.21413100563170992,0.5307997665110893,0.31666876087937934,0.6392556312692674,1.1584877237987727,0.5192320925295053,9.8022443172534,6.660402391453081,0,0,0,0,0,1,0,0,0,0,0,0
3998858,c9509efa-abe0-4000-8a84-4b39443b5c14,2,84,40,Wales W,Angharad James,Hayley Ladd,57.8,59.4,58.1,50.3,9.104943,2.4041037240910867,0.707022727509773,0.9993860331641757,0.2923633056544027,1.087182883306132,1.511191284625933,0.4240084013198009,1.6561657823178055,2.209088379905498,0.5529225975876926,1.4028376295500709,1.0074021721298965,1,1,1,2,1,2,0,0,0,0,0,0
3998858,a1574555-ab1e-49ea-95fc-a57e904a6e90,2,84,45,England Women's,Georgia Stanway,Hannah Hampton,34.8,15.8,8.8,39.4,35.11353,-22.63142054511907,0.8164507414867098,0.0018161785917791844,-0.8146345628949306,1.5329031211436146,0.03792097625012103,-1.4949821448934935,2.3225779515364624,0.22585362653943092,-2.0967243249970315,2.9025817953516375,20.562531897179376,1,0,2,0,3,0,0,0,1,0,0,1
3998858,1b729f4d-71f0-4c7a-9825-b55101f547c6,2,84,51,England Women's,Hannah Hampton,Leah Williamson,9.1,41.3,21.6,58.6,21.343384,10.76512074434413,0.0011823756114197521,0.002605055116931719,0.0014226795055119667,0.02931196043447626,0.04328601855097581,0.01397405811649955,0.18909367001405555,0.22721931648153837,0.038125646467482815,21.93812410289843,19.328324607758997,0,0,0,0,0,0,0,0,1,0,0,1
3998858,884be802-52ac-4782-98e8-9796ff898248,2,84,54,England Women's,Leah Williamson,Niamh Charles,31,63.6,49.7,74.8,21.797478,13.633948987924029,0.004482670437337176,0.08465544808952526,0.08017277765218808,0.06063029833174265,0.2481294955018096,0.18749919717006694,0.29134164279323677,0.5317380888206776,0.24039644602744087,17.802772313903066,7.4455037467451275,0,0,0,0,0,1,0,0,1,0,0,1
3998858,87ed8cd9-75b1-4087-94e3-8c5fe550e9eb,2,85,4,England Women's,Jessica Carter,Alex Greenwood,35.5,33.1,46.7,10.4,25.312645,5.730314978328082,0.005541998409154964,0.0048344466839889775,-0.0007075517251659861,0.054618497368947264,0.05330168943714857,-0.001316807931798697,0.22122324006263794,0.21987567267054003,-0.0013475673920979037,15.834371149691492,16.840571736957735,0,0,0,0,0,0,0,0,1,0,0,1
3998858,2980b559-9106-4421-bb7d-adaa1fe80695,2,85,16,England Women's,Jessica Carter,Alex Greenwood,55.5,38.6,56.9,24,14.666969,-0.5817357215600651,0.05406429493162035,0.030301475284758277,-0.023762819646862072,0.23578095869318502,0.16601086188026853,-0.06977009681291649,0.6367658866057123,0.5243290519714068,-0.11243683463430554,9.355803999694192,10.837543480957143,0,0,0,0,0,0,0,0,1,0,0,1
3998858,8356025d-712d-4290-b326-441bcbe1b9bd,2,85,17,England Women's,Alex Greenwood,Keira Walsh,57.7,24,70.2,24.4,12.506398,12.135564180518578,0.07099438462044631,0.731573107553321,0.6605787229328747,0.26542770213819883,1.2940193064242917,1.028591604286093,0.7057190953467841,2.0926086400019317,1.3868895446551477,8.151645306100605,2.842392919044265,0,1,0,2,0,2,0,0,1,0,0,1
3998858,ee635a7a-36d8-4231-ae15-9f8178752359,2,85,24,Wales W,Josie Green,Kayleigh Anne Marie Barton,34.2,69.5,45.1,73,11.448144,8.882283476132912,0.2759932681222601,0.031311700522503816,-0.2446815675997563,0.6782832495027669,0.2005402989327623,-0.4777429505700046,1.267413228551091,0.605491054053391,-0.6619221744977001,4.667171656500577,12.700981930758994,0,0,1,0,1,0,0,0,1,0,0,1
3998858,70733e40-1817-4e98-9ff3-d807733ec2c2,2,85,29,England Women's,Georgia Stanway,Alex Greenwood,74,9,74.3,4,5.0089917,-2.7056567798676383,0.40648916862617723,0.33336522260804735,-0.07312394601812988,0.8164049202747697,0.6027742824719344,-0.2136306378028353,1.4307736575567618,1.0309857118517918,-0.39978794570497,3.233562964890271,3.383982487270064,0,0,1,1,1,1,0,1,1,0,0,1
3998858,03b72b77-c06a-4d33-b421-fc87a1e01cde,2,85,30,England Women's,Alex Greenwood,Keira Walsh,74,4.8,69.4,14.7,10.916501,1.3501872883118367,0.3333653672379811,0.2393638841353074,-0.0940014831026737,0.6027744494714361,0.7242441346056704,0.12146968513423428,1.0309859052758552,1.5540202604992988,0.5230343552234435,3.383981205276845,5.688691966062036,0,0,1,0,1,1,1,0,1,0,0,1
3998858,b589b164-92ac-4a22-928d-b6711bf1487f,2,85,32,England Women's,Keira Walsh,Georgia Stanway,69.7,14.7,73.5,10.4,5.7384667,1.1825772371824783,0.4519037553855436,0.8912002524474635,0.43929649706191987,1.037820312141285,1.51377969606991,0.4759593839286249,1.9191974387533686,2.326208157800855,0.4070107190474863,3.797272252366319,1.7766524939950843,0,1,1,2,2,3,0,0,1,0,0,1
3998858,ba8c088a-a1eb-487c-83ab-401360063d25,2,85,32,England Women's,Georgia Stanway,Jessica Carter,73.5,10.4,52.4,12.8,21.236053,-17.745227851986485,0.8912002524474635,0.008893303925733068,-0.8823069485217304,1.51377969606991,0.08590616244631308,-1.4278735336235968,2.326208157800855,0.36027000885938026,-1.9659381489414747,1.7766524939950843,14.833061785185386,1,0,2,0,3,0,0,0,1,0,0,1
3998858,b63de246-6d82-4997-978a-c27f0f9bc313,2,85,35,England Women's,Jessica Carter,Leah Williamson,52.1,13.4,50.5,36.1,22.756317,3.3150744678994215,0.015949763269886952,0.007351444572435894,-0.008598318697451058,0.10810700769891221,0.0859620284209856,-0.022144979277926607,0.36689961973891994,0.37556345703338434,0.008663837294464405,12.820329395727612,16.525313045203585,0,0,0,0,0,0,0,0,1,0,0,1
3998858,2aa41cd3-e348-4c53-964e-0e66564ff74b,2,85,41,England Women's,Alex Greenwood,Jessica Carter,57,5.5,54,22.6,17.361164,3.5728096640422677,0.0037494470932595376,0.011364817101251054,0.007615370007991516,0.04754132439009388,0.09832821819014574,0.050786893800051865,0.23149918667953245,0.3979107806290123,0.16641159394947985,17.373235070119346,14.067454726309919,0,0,0,0,0,0,0,0,1,0,0,1
3998858,cd5cab14-4065-4bc5-8ea8-70b70ecd3c5c,2,85,42,England Women's,Jessica Carter,Alex Greenwood,54,22.6,56.6,20.2,3.5383613,1.8352331557398571,0.011216768081542183,0.03570685136417225,0.024490083282630068,0.09726116065531407,0.17706392151858918,0.07980276086327512,0.39502089568052895,0.5526901064552778,0.15766921077474888,14.078617752669365,10.223015651967845,0,0,0,0,0,0,0,0,1,0,0,1
3998858,4d7e7963-ddb8-4d2c-a0af-e5ebe995f13f,2,85,45,England Women's,Alex Greenwood,Keira Walsh,56.6,20.2,63.9,18,7.6243033,6.160354473964858,0.03749849136364592,0.0536872641063774,0.016188772742731478,0.18323144546913542,0.2413717379037591,0.05814029243462368,0.5618628522184027,0.6750867386981694,0.11322388647976667,10.113681888311973,9.366893546947104,0,0,0,0,0,0,0,0,1,0,0,1
3998858,517e7d2b-29e9-4c2b-8c49-1fb0c4849dea,2,85,47,England Women's,Keira Walsh,Georgia Stanway,63.9,18,75.1,22.5,12.070211,12.069689116525012,0.054571043033571916,0.408559720454077,0.3539886774205051,0.245441108440427,0.9637464673403939,0.7183053588999669,0.6843236117117051,1.7375258391290282,1.0532022274173232,9.322365568615,5.203294613373973,0,0,0,0,0,3,0,0,1,0,0,1
3998858,e57f8a2e-9f2c-4f93-8a67-45a2a51107a3,2,85,48,England Women's,Georgia Stanway,Keira Walsh,75.1,22.5,63.9,18.5,11.892855,-11.888948659541292,0.408559720454077,0.09191736808879211,-0.31664235236528493,0.9637464673403939,0.3511276478030053,-0.6126188195373886,1.7375258391290282,0.8657144928518284,-0.8718113462771998,5.203294613373973,8.015814619641562,0,0,0,0,3,0,0,0,1,0,0,1
3998858,9eb292ef-5652-4ec1-87af-06e964e70d46,2,85,50,England Women's,Keira Walsh,Georgia Stanway,63.9,18.3,72.1,21.8,8.915716,8.909547431689361,0.27074868328063534,0.5338110809631899,0.2630623976825545,0.602603676970463,1.098352796547364,0.49574911957690104,1.1301872541316191,1.8399234569629457,0.7097362028313265,4.29269247635651,4.387304110816067,0,0,1,2,1,3,0,0,1,0,0,1
3998858,96841d30-feaa-4b0d-ae66-a0ce9801fb04,2,85,51,England Women's,Georgia Stanway,Jessica Carter,72.1,21.8,54.8,33.9,21.111609,-14.243634257088054,0.6285829708839137,0.0304639906130866,-0.5981189802708271,1.1932982263944674,0.20444009528090779,-0.9888581311135596,1.923603734524911,0.6833294567473336,-1.2402742777775775,3.3942042581274205,12.226421970327868,0,0,2,0,3,0,0,0,1,0,0,1
3998858,ac98fb20-0d5b-4e4b-b4c8-1de57e83b42c,2,85,53,England Women's,Jessica Carter,Leah Williamson,55.1,40.2,64.5,59.9,21.827734,5.940491340996687,0.043690333164302785,0.1678483779709471,0.1241580448066443,0.2518106392037759,0.40542791009103896,0.15361727088726307,0.7833516583930348,0.8697347883641394,0.08638312997110464,11.645175889254343,5.43031439454189,0,0,0,0,0,1,0,0,1,0,0,1
3998858,8d7f6329-9d2d-4e93-b877-1c131f1cb1ca,2,85,56,England Women's,Leah Williamson,Bethany Mead,64.5,59.9,76.6,61,12.149898,10.74612582305835,0.3772661024257148,0.2427600024514062,-0.1345060999743086,0.6120115638189259,0.6948393890570097,0.08282782523808385,1.013740291038099,1.471537394642577,0.4577971036044779,2.9516623178609693,5.4409781387067,1,0,1,0,1,1,0,0,1,0,0,1
3998858,f80222f1-5aa6-4030-8467-65d9a278d54a,2,85,58,England Women's,Bethany Mead,Niamh Charles,74,62.1,81.8,77.2,16.995588,-2.2871197099904066,0.6383183850376226,0.06525061169520974,-0.5730677733424129,1.0930475653874792,0.22658630126385754,-0.8664612641236216,1.8224329967954769,0.5699562211141089,-1.252476775681368,1.9028567202496884,8.27647229194356,1,0,1,0,2,0,1,0,1,0,0,1
3998858,2f13cc91-9423-47a2-85c7-c19df6b71ce2,2,86,0,England Women's,Niamh Charles,Leah Williamson,81.8,78,73.5,76.7,8.401191,-5.356272245873377,0.2922858264425888,0.057921460310576864,-0.23436436613201195,0.5727212873645043,0.26833803158261665,-0.3043832557818877,1.0314369705990853,0.7377463966098632,-0.29369057398922216,3.8204596960829464,9.546609566788653,0,0,1,0,1,0,0,0,1,0,0,1
3998858,efdcd682-7ba9-4367-a2e3-38edafba30e2,2,86,3,England Women's,Leah Williamson,Jessica Park,73.5,76.7,80.4,70.4,9.343447,9.314853637470982,0.03891533040215475,0.71633703380044,0.6774217033982852,0.2398385585563611,1.4488422100554477,1.2090036514990865,0.755179615459288,2.405580083014512,1.6504004675552242,12.17475027731531,3.4863393678751198,0,0,0,2,0,3,0,0,1,0,0,1
3998858,890220e5-5fdf-450e-a996-069dfed3af06,2,86,4,England Women's,Jessica Park,Leah Williamson,80.4,70.4,73.1,74.8,8.523497,-8.477629616033134,0.71633703380044,0.04743548052045406,-0.6689015532799859,1.4488422100554477,0.27601505573203555,-1.1728271543234121,2.405580083014512,0.8412707349092966,-1.5643093481052155,3.4863393678751198,11.034283819940509,0,0,2,0,3,0,0,0,1,0,0,1
3998858,b86a2508-9e7c-460b-8e6b-516b90705b0a,2,86,7,England Women's,Leah Williamson,Jessica Park,73.1,74.8,78.1,77.5,5.682429,2.1703517288426823,0.09392092861500825,0.14841819567155917,0.05449726705655092,0.3643933810380895,0.48214760019281516,0.11775421915472567,0.9543692572262734,1.1047561253467908,0.15038686812051738,7.927925178190254,6.721071657917828,0,0,0,0,1,1,0,0,0,0,0,0
3998858,b59a006d-9185-4b33-bcae-edab24610898,2,86,9,England Women's,Jessica Park,Niamh Charles,78.5,77.5,92.1,78.3,13.623509,8.548398975355497,0.4651352044008293,0.689115078440796,0.22397987403996672,0.8472773426523307,1.1448627313609903,0.2975853887086596,1.4631859967650664,1.791894103060932,0.32870810629586567,2.6250186771512736,1.9666326946847357,1,1,1,1,1,2,0,1,0,0,0,0
3998858,7607aea4-3a1c-41e0-9ab9-920e982e28a2,2,86,35,England Women's,Leah Williamson,Alex Greenwood,56.6,77.2,53.5,38.3,39.023327,6.986096938593917,0.0402341566531307,0.0020289180778227346,-0.03820523857530797,0.19063252911499104,0.02796271428667818,-0.16266981482831286,0.5101552921627414,0.13845086279203314,-0.37170442937070824,10.193921930081467,18.719221068489922,0,0,0,0,0,0,0,0,1,0,0,1
3998858,0cc6a6c4-ba69-41ef-8f79-67ac540eae73,2,86,39,England Women's,Alex Greenwood,Bethany Mead,55.8,38.3,79.6,47.4,25.480385,23.150372173057164,0.011021431026770627,0.643009173783446,0.6319877427566754,0.09892126463380516,1.3675342667919728,1.2686130021581676,0.3949015699422074,2.422835411441263,2.0279338414990553,14.138664138801017,3.810320110659846,0,0,0,2,0,2,0,0,1,0,0,1
3998858,936b2cb9-34cd-4bb8-8afd-ee1a2452cacf,2,86,40,England Women's,Bethany Mead,Keira Walsh,79.6,47.4,76.6,55,8.170679,-4.846927552812026,1.0298268079485706,0.5808832925471888,-0.4489435154013818,1.734492994141117,1.3403990173681994,-0.39409397677291746,2.742990640372567,2.3732522939783642,-0.36973834639420255,1.9730943421480553,4.440484447336142,2,0,2,1,2,3,0,0,1,0,0,1
3998858,03f5bd89-b799-4698-aa1d-fa067b650b9e,2,86,41,England Women's,Keira Walsh,Jessica Park,76.6,55,81.8,62.1,8.800569,1.7868714239764287,0.5808832925471888,0.5000820556231386,-0.08080123692405028,1.3403990173681994,1.2150186223701325,-0.12538039499806697,2.3732522939783642,2.2172112090350793,-0.15604108494328495,4.440484447336142,4.607726855877149,0,0,1,1,3,3,0,0,1,0,0,1
3998858,0c46cfed-ec1f-42f5-b1f2-cb230ce728c3,2,86,46,England Women's,Jessica Park,Niamh Charles,81.5,72.3,92.7,74,11.328283,6.650966779738084,0.03972233726385728,0.9815377080064365,0.9418153707425791,0.20648945736867758,1.5659167338787447,1.3594272765100672,0.6271549229662243,2.3751141043434183,1.747959181377194,10.412895998308123,1.0223645451993715,0,1,0,1,0,3,0,0,0,0,0,0
3998858,803a2372-81ea-43e4-bba2-6fe948eaced9,2,87,10,Wales W,Olivia Clarke,Angharad James,6.7,38.8,19.7,43.4,13.789851,12.948744058643868,0.021682293039282055,0.37911507443274406,0.357432781393462,0.11739359211715247,0.7139488154180732,0.5965552233009207,0.3306212874273651,1.0706192695248447,0.7399979820974796,11.718837388165738,3.67763731499581,0,0,0,1,0,2,0,0,1,0,0,1
3998858,f9aa8543-7109-48d3-a837-a0b134e26f90,2,87,11,Wales W,Angharad James,Rhiannon Roberts,19.7,43.4,13.4,54.9,13.11259,-7.2786751298997245,0.37911507443274406,0.050175360192936995,-0.32893971423980706,0.7139488154180732,0.1920550768353953,-0.5218937385826778,1.0706192695248447,0.46094764704737984,-0.6096716224774648,3.67763731499581,9.107216193138777,0,0,1,0,2,0,0,0,1,0,0,1
3998858,ba6ada8c-5709-4931-874e-904cac76b7ba,2,87,14,Wales W,Rhiannon Roberts,Kayleigh Anne Marie Barton,22.4,58.8,51.8,63.7,29.805536,27.193541552657393,0.5202779955609198,0.47515773005137746,-0.045120265509542345,0.7258315690429799,0.9866506127177738,0.2608190436747939,0.984377416499296,1.5954268253911021,0.6110494088918061,1.99211307278951,4.080599929069553,1,0,1,1,1,3,1,0,1,0,0,1
3998858,96debb22-7a53-4f69-a6f4-e632a95e1d11,2,87,25,Wales W,Rhiannon Roberts,Olivia Clarke,52.6,68.9,29.6,51.5,28.84025,-17.793891669022756,0.26320913184791933,0.0024477424376492473,-0.2607613894102701,0.5400883079955308,0.027118110777105773,-0.512970197218425,1.001237513556253,0.10490281540824815,-0.8963346981480048,4.131288828363121,18.037767399737845,0,0,1,0,1,0,0,0,1,0,0,1
3998858,ee9f3967-8de5-48b9-8f26-a5b1c31cc54a,2,87,37,England Women's,Keira Walsh,Alex Greenwood,40.4,42.8,34.3,35,9.90202,-6.196502725125285,0.46004004926465053,0.5999839543051115,0.139943905040461,0.977848226261316,1.1243353354416699,0.1464871091803539,1.7883543644475106,1.9144860256420668,0.1261316611945562,2.9466134799930104,2.0952938076154397,1,1,1,1,1,1,0,0,1,0,0,1
3998858,458cf659-38a1-4e5e-8d0e-2f21a6dbf69f,2,87,52,England Women's,Alex Greenwood,Leah Williamson,30.7,29.3,43.9,62.1,35.356472,10.69470353583084,0.025899405597173405,0.017833389753643986,-0.00806601584352942,0.1116796072996838,0.14234791357640902,0.03066830627672522,0.2540877186235918,0.5072764141983275,0.25318869557473567,10.96060578136825,13.2069646641932,0,0,0,0,0,0,0,0,1,0,0,1
3998858,f1a135a7-afb9-452b-9b4b-5f1d491d365b,2,87,57,England Women's,Leah Williamson,Alex Greenwood,51.6,63.6,46.9,43.2,20.934422,-0.8131142722135962,0.047361107171632055,0.029034260348059733,-0.018326846823572322,0.25764176138166056,0.15522357345538595,-0.1024181879262746,0.7578662185666772,0.4812797622469984,-0.2765864563196788,10.16593017139588,10.920134892881757,0,0,0,0,0,0,0,0,1,0,0,1
3998858,a945447b-868a-4969-ad2c-12f12123cea4,2,88,1,England Women's,Alex Greenwood,Georgia Stanway,47.5,42.9,57.4,35.3,12.480785,9.781787064782122,0.037137275558808934,0.3351487829956267,0.2980115074368178,0.18571909616368917,0.6457558724090963,0.46003677624540706,0.5495711262580286,1.1539797402288385,0.6044086139708099,10.266710425876337,3.4449570951241872,0,0,0,1,0,1,0,0,1,0,0,1
3998858,18cbd2bf-3b41-4bac-b169-dceae61fb139,2,88,2,England Women's,Georgia Stanway,Alex Greenwood,57,35.3,52.9,42.5,8.285529,-3.9714819305011204,0.33514889102695333,0.04876966836033883,-0.28637922266661453,0.6457560009029228,0.22785437077251877,-0.41790163013040404,1.153979886068931,0.6502186616630383,-0.5037612244058927,3.4449561426903514,9.572445069465106,0,0,1,0,1,0,0,0,1,0,0,1
3998858,4b517ae8-1e88-4f49-8b54-d6df4e74cb3e,2,88,8,England Women's,Georgia Stanway,Alex Greenwood,63.9,26.6,56.2,37.2,13.101526,-6.183253671321403,0.24786847067743367,0.06057165076993236,-0.1872968199075013,0.6453693715877102,0.29038898417852205,-0.3549803874091882,1.3263807794187807,0.8406809340130272,-0.4856998454057535,4.832643049783075,9.120982564581912,0,0,1,0,1,0,0,0,1,0,0,1
3998858,fa22d6db-0239-4ab1-8e79-5c77a70f7eff,2,88,10,England Women's,Alex Greenwood,Georgia Stanway,57.4,32.6,64.5,26.7,9.231468,5.964503967038247,0.08270607844167571,0.10190982990191001,0.0192037514602343,0.3204866770126649,0.39008282581939696,0.06959614880673204,0.8217610116632392,0.957576265609473,0.13581525394623373,8.001894319965881,8.284375654753184,0,0,0,0,0,0,0,0,1,0,0,1
3998858,bd13640a-ddb2-44e6-91b2-3003feabb490,2,88,12,England Women's,Georgia Stanway,Keira Walsh,64.5,26.7,63.9,40.2,13.513327,0.9710023362601987,0.2585316231943331,0.5605581453285834,0.3020265221342503,0.6411907683405571,1.112921208390336,0.4717304400497788,1.2437899593455792,1.8894521733954583,0.6456622140498791,4.72650877607065,3.0303967892693193,0,0,1,1,1,2,0,1,1,0,0,1
3998858,98d5de26-86dc-48fb-aea0-4bfb495ca9c6,2,88,14,England Women's,Keira Walsh,Leah Williamson,63.9,40.2,57,57.2,18.346935,-9.205385968278264,0.5605581453285834,0.14729411008478613,-0.4132640352437973,1.112921208390336,0.4410635332463432,-0.6718576751439927,1.8894521733954583,1.0176685985591873,-0.871783574836271,3.0303967892693193,6.1063921008301865,0,0,1,0,2,1,1,0,1,0,0,1
3998858,a4853fd3-01ab-456b-9370-ced468125d38,2,88,16,England Women's,Leah Williamson,Alex Greenwood,57,57.5,54,43.6,14.220057,-0.7127129758750499,0.15144136765038466,0.016076151358268478,-0.13536521629211618,0.4401679072891587,0.12594772545471286,-0.3142201818344459,1.0016345544201215,0.47524892635850574,-0.5263856280616157,5.9883825166879445,13.330874638809853,0,0,0,0,1,0,0,0,1,0,1,1
3998858,3bbdc5db-dd14-4d49-805c-c42264cbce1b,2,88,19,England Women's,Alex Greenwood,Niamh Charles,54,43.6,99.9,67.4,51.70348,32.11620194820674,0.04284539591669173,0.6019682241794789,0.5591228282627871,0.22307814801473946,0.9139933038057773,0.6909151557910378,0.6761003402507427,1.411865543742722,0.7357652034919794,10.242803383919957,1.7105709065948393,0,1,0,1,0,1,0,0,1,1,1,1
3998858,7832b13d-7b3d-43fc-be3e-1b85351eaa7a,2,88,22,England Women's,Niamh Charles,Bethany Mead,99.9,67.4,114.3,59.8,16.282505,13.377781150179906,0.6019682241794789,0.44039473105726434,-0.16157349312221458,0.9139933038057773,1.1457448841642157,0.23175158035843846,1.411865543742722,2.1319865822011494,0.7201210384584273,1.7105709065948393,5.675212165973748,1,0,1,0,1,2,0,0,0,1,1,1
3998858,069831f7-fe9e-43b4-a051-737f9da3a1a2,2,88,25,England Women's,Bethany Mead,Agnes Beever-Jones,114.3,59.8,115.9,37.5,22.357325,15.802042919014145,0.7468417628884972,1.2182700078013844,0.47142824491288715,1.612605345304209,2.280261291205841,0.667655945901632,2.677998134251152,3.5600161437798072,0.8820180095286552,4.690385696026571,1.6198018162046062,0,1,2,2,4,4,0,0,0,1,1,1
3998858,1e5e5b81-5dc2-440a-84b8-e31df3126e7d,2,89,28,England Women's,Chloe Kelly,Jessica Carter,50.5,11.7,45,16.9,7.569016,-3.4358896926749196,0.4376794954323402,0.49279966749580806,0.055120172063467865,0.8410426370893418,0.9440625232804385,0.1030198861910967,1.3459106277033526,1.5089529946627391,0.16304236695938656,3.6493347110252374,3.943425699557388,0,0,1,2,2,2,0,0,1,0,0,1
3998858,43a43896-f9e3-4604-8757-535907f5ca4b,2,89,28,England Women's,Jessica Carter,Alex Greenwood,45.3,16.9,38.8,5.9,12.776933,-9.879421936348976,0.49279976105133255,0.2277024091489592,-0.2650973519023734,0.9440626249129024,0.49659732585613586,-0.4474652990567665,1.5089530898435461,0.8885967213383502,-0.6203563685051959,3.9434249368572236,4.693792022797222,0,0,2,1,2,1,0,0,1,0,0,1
3998858,1d19c994-f92c-4819-9048-1451c08e1b79,2,89,30,England Women's,Alex Greenwood,Chloe Kelly,38.8,5.9,51.3,6.7,12.525574,11.724437399331961,0.2277024091489592,0.14796024136195393,-0.07974216778700527,0.49659732585613586,0.5370406768842724,0.04044335102813651,0.8885967213383502,1.2022504678038286,0.3136537464654784,4.693792022797222,7.450576560297597,0,0,1,0,1,1,0,0,1,0,0,1
3998858,ed602d20-01b5-488a-8fe3-f9a02f3dc2fb,2,89,32,England Women's,Chloe Kelly,Jessica Carter,49.7,9.3,32.4,18.5,19.594131,-13.488817544683144,0.4947482021318224,0.03517754717201515,-0.45957065495980726,1.1070917259446031,0.21091521186655526,-0.8961765140780479,1.8943005180878207,0.6789829028901683,-1.2153176151976526,3.9142493982783626,10.761878286188189,0,0,1,0,3,0,0,0,1,0,0,1
3998858,1be3746d-c710-44af-b412-c40cf084bfeb,2,89,39,England Women's,Keira Walsh,Chloe Kelly,43.1,23.2,55.5,21.8,12.478782,11.695142289045961,0.10605198492847175,0.9680229922552539,0.8619710073267821,0.34856489871702123,1.5250289868349491,1.1764640881179278,0.8033470511145882,2.1203461281448566,1.3169990770302684,7.087351417119384,1.7848674289430855,0,1,0,2,1,3,0,1,1,0,0,1
3998858,c7b38f43-bfac-4fee-b641-da36cfcf4309,2,89,40,England Women's,Chloe Kelly,Keira Walsh,55.5,21.8,47.8,18,8.586617,-8.458834326722737,1.031728310831135,0.08538100898447847,-0.9463473018466566,1.5735219221590901,0.36158599437549704,-1.211935927783593,2.158244287484899,0.8533926064526748,-1.3048516810322242,1.4008849009080588,10.425261376565341,1,0,2,0,3,0,1,0,1,0,0,1
3998858,125e7a67-a1f4-4bc8-9ab9-84947546c1a8,2,89,42,England Women's,Keira Walsh,Leah Williamson,47.8,18,53.2,57.8,40.16466,6.346523494389984,0.11125326093126241,0.17950338453749695,0.06825012360623454,0.4150903129698533,0.458315887114623,0.043225574144769685,0.9252038716959549,0.9850527928785134,0.05984892118255858,8.80154865728946,5.3578938449115965,0,0,0,0,0,1,0,0,0,0,0,0
3998858,6b262531-f1d1-4a0a-9857-83588dbfa187,2,90,4,England Women's,Agnes Beever-Jones,Niamh Charles,94.2,69.9,90.8,79,9.714422,-9.227612087373132,0.6445265792911332,0.07167120494922428,-0.5728553743419089,1.2116049866755314,0.295313722207139,-0.9162912644683925,2.0571152827504045,0.7837392012978824,-1.273376081452522,2.0700744544071847,8.396137891713963,1,0,1,0,2,0,0,0,1,0,0,1
3998858,8e0edcf2-76cf-46b6-9b48-58bfb3ca1bb3,2,90,7,England Women's,Niamh Charles,Jessica Carter,88.1,77.5,55.8,41,48.739513,-14.975074987632816,0.6049206922311074,0.004691449374911633,-0.6002292428561958,1.1148224540497804,0.06020873957862847,-1.054613714471152,1.9381395151976868,0.3075501006671508,-1.630589414530536,2.1222141281980273,16.672859826931383,1,0,1,0,2,0,0,0,1,0,0,1
3998858,ff6bedb1-82d5-4c36-9adf-15efebdaf438,2,90,15,England Women's,Jessica Carter,Leah Williamson,55.8,43.6,65.3,70.4,28.433958,1.72090649435372,0.05857810302351039,0.013140400991588664,-0.045437702031921726,0.2534946680980715,0.11160838330400058,-0.1418862847940709,0.705202169808902,0.4590530518136084,-0.24614911799529365,8.923129649614236,13.48170410910317,0,0,0,0,0,0,0,0,1,0,0,1
3998858,0521d42f-dacc-4ac1-9afb-51f3842e2ad5,2,90,21,England Women's,Leah Williamson,Niamh Charles,67.5,70.1,81.8,67.8,14.483784,13.271715386345058,0.07599713154600289,0.6559749396872459,0.579977808141243,0.3084712460653019,1.347280817484866,1.0388095714195642,0.8478458589522964,2.3186427223060075,1.4707968633537112,8.106563607477689,2.727362786013287,0,1,0,1,0,2,0,0,1,0,0,1
3998858,d1c63464-7e69-463a-a465-4f7d63ae6d1c,2,90,22,England Women's,Niamh Charles,Leah Williamson,81.8,67.8,68.9,70.7,13.2219515,-12.368024159120125,0.6559749396872459,0.022714789771995456,-0.6332601499152504,1.347280817484866,0.16817715503036748,-1.1791036624544986,2.3186427223060075,0.6229963721079855,-1.6956463501980221,2.727362786013287,12.143679312414287,1,0,1,0,2,0,0,0,1,0,0,1
3998858,0710bca1-99ce-4f3f-87d7-172826a26eec,2,90,25,England Women's,Leah Williamson,Bethany Mead,68.9,70.7,78,77.2,11.1830225,3.507303370825227,0.02676591125532753,0.047310327805431845,0.020544416550104316,0.17431179319554585,0.2362872498746947,0.06197545667914886,0.6236444783935439,0.6981860637294015,0.07454158533585764,11.347700643710098,9.855624351838946,0,0,0,0,0,0,0,0,1,0,0,1
3998858,c2a6dc04-fd93-405d-8c5b-3ed2b86b5c23,2,90,27,England Women's,Bethany Mead,Keira Walsh,78,77.2,84.5,70.7,9.192389,9.172257684722815,0.14056502024926495,0.606851398373278,0.46628637812401297,0.4184464591073682,1.2381746679330092,0.819728208825641,0.9506581819789518,2.1513583207457896,1.200700138766838,6.280099647264275,2.5079086376872217,0,1,0,1,1,1,0,0,0,0,0,0
3998858,c4968e19-38c7-44ad-9f7f-b50a01993b42,2,90,28,England Women's,Keira Walsh,Niamh Charles,84.5,70.7,118.3,66.6,34.04776,20.27908905663931,1.0786691342855985,0.5883404306188985,-0.4903287036667,1.6334572179764602,0.8607401166918055,-0.7727171012846547,2.4640186055340147,1.360949340852795,-1.1030692646812197,0.5267145335311788,1.6782644826197164,1,1,1,1,2,1,1,1,0,0,0,0
3998858,41a4ff65-e4e1-4a35-ac68-344bb0e1a95b,2,91,40,England Women's,Bethany Mead,Keira Walsh,113.1,3.3,103.7,4,9.426028,-2.175218944612787,0.2707958670519369,0.39838527443619,0.12758940738425306,0.6448850978024236,0.8738154030032823,0.22893030520085866,1.1585436383891214,1.4546514448695584,0.296107806480437,4.664362367494357,4.061758699120464,0,0,1,1,1,2,0,0,1,0,0,1
3998858,6c81b89c-0bac-4336-969a-000f1d3002e8,2,91,49,England Women's,Keira Walsh,Alex Greenwood,110.4,6.4,105.6,4.4,5.2,-3.4575558082758775,0.7285648832670933,0.24274601199778745,-0.4858188712693059,1.2523883220213199,0.5741988044658979,-0.678189517555422,1.8654765169279564,1.0979406095610862,-0.7675359073668702,2.3592130994324507,4.721489231408769,1,0,2,1,2,1,0,0,1,0,0,1